GID_0,GID_1,GID_2,crop_type,LD_2020,LD_2021,LD_2022,LD_2023,LD_2024,LD_2025,production_2020,production_2021,production_2022,production_2023,production_2024,production_2025,EF_2020,EF_2021,EF_2022,EF_2023,EF_2024,EF_2025
AGO,AGO.17_1,AGO.17.7_1,PIGE,0.7499971733093909,0.646248620767217,0.5439925082641536,0.4424599945502543,0.34214718588466414,0.24315496382424942,0.0854225166986897,0.08704495219824272,0.08870601711445181,0.09039283497509823,0.0921182822524007,0.09078748811820711,8.78,7.424,6.133,4.895,3.714,2.678
AGO,AGO.18_1,AGO.18.1_1,PIGE,0.0385393164769633,0.03073991232449031,0.024308814509232283,0.018432896922632946,0.01317787927385542,0.0085372171800446,0.03423315539519773,0.03488334797581197,0.03554902133215514,0.0362250152056509,0.036916489854875584,0.03638317283079913,1.126,0.8812,0.6838,0.5088,0.357,0.2346
AGO,AGO.18_1,AGO.18.5_1,PIGE,0,0,0,0,0,0,0.0013420261084954189,0.0013675152989793536,0.001393611374951001,0.0014201120412477904,0.0014472195930322923,0.0014263122194012867,0,0,0,0,0,0
AGO,AGO.4_1,AGO.4.3_1,PIGE,0.5052477079594646,0.43485047067113847,0.366175141730855,0.29971621124981,0.23578818342410235,0.17379304889162367,0.029660563646707144,0.030223908690343727,0.030800666711209755,0.03138636671689542,0.03198547969981051,0.03152339890842921,17.03,14.39,11.89,9.549,7.372,5.513
BDI,BDI.10_1,BDI.10.2_1,PIGE,0.05621192146183118,0.04905894297245581,0.04198168456268937,0.03494655764824375,0.027917008780460176,0.020899703495154263,0.044342188555435605,0.040425891107430126,0.04353938917019205,0.04276921064578732,0.04224483030780317,0.04234653269184907,1.268,1.214,0.9642,0.8171,0.6608,0.4935
BDI,BDI.10_1,BDI.10.3_1,PIGE,0.006356998613160957,0.005491608992528874,0.004667083089456425,0.0038568263997392463,0.003048361332117857,0.0022517991159804835,0.3144437268354503,0.28667208982192155,0.3087508361861401,0.30328926982164534,0.2995707319432357,0.3002919339792484,0.02022,0.01916,0.01512,0.01272,0.01018,0.007499
BDI,BDI.10_1,BDI.10.4_1,PIGE,0.01600748945813895,0.013978472057741123,0.011949454657343286,0.009920437256945448,0.00789141985654762,0.005862402456149782,0.027149720729784006,0.02475186023908703,0.026658184794787113,0.02618662187624681,0.025865555636706988,0.025927825709843935,0.5896,0.5647,0.4482,0.3788,0.3051,0.2261
BDI,BDI.10_1,BDI.10.6_1,PIGE,0.0027677033938214436,0.0024071701055631382,0.002041163666099669,0.0016751572266362048,0.0013091507871727337,9.431443477092624e-4,0.02996417579623256,0.027317742928904265,0.029421685163897805,0.028901238035518133,0.028546888709440072,0.028615613962155943,0.09237,0.08812,0.06938,0.05796,0.04586,0.03296
BDI,BDI.10_1,BDI.10.7_1,PIGE,0.002795616225175913,0.002444860949582879,0.0021286268357115787,0.0017846315203747846,0.0014367466171910377,0.0010853095271005186,0.4112539908577876,0.3749320814674809,0.40380838517626294,0.3966653234070309,0.391801930016925,0.3927451741977199,0.006798,0.006521,0.005271,0.004499,0.003667,0.002763
BDI,BDI.11_1,BDI.11.1_1,PIGE,0.09499917697739854,0.08247345022026466,0.07264166264489247,0.061275293744324714,0.049898923121213974,0.03910836048254415,24.259921729250685,18.667081208230083,11.854973075297385,29.074581370039784,24.432581972188245,25.71547270757874,0.003916,0.004418,0.006128,0.002108,0.002042,0.001521
BDI,BDI.11_1,BDI.11.2_1,PIGE,0.03508992794712294,0.031886571162177156,0.02827446791509041,0.026587251772441898,0.023907651100343232,0.02030926208953301,17.526860578711293,13.167927407182644,7.460786872542747,21.528873333842682,17.77339891366161,18.813465835125655,0.002002,0.002422,0.00379,0.001235,0.001345,0.00108
BDI,BDI.11_1,BDI.11.3_1,PIGE,0,0,0,0,0,0,0.16335441118671154,0.1489269667034253,0.16039693828900903,0.15755963901575604,0.15562784800273013,0.1560025145134129,0,0,0,0,0,0
BDI,BDI.11_1,BDI.11.4_1,PIGE,0.016983778719324813,0.014605162345277103,0.012251516971041019,0.009931284992901582,0.007651041827873821,0.005389067571133698,2.602103160062568,2.3722856815576456,2.554993017661118,2.5097971435409128,2.4790252809198923,2.4849934142830183,0.006527,0.006157,0.004795,0.003957,0.003086,0.002169
BDI,BDI.11_1,BDI.11.5_1,PIGE,0.0011822132892351147,0.0010010511151288144,8.432019516193551e-4,7.367391866025183e-4,6.678114394737725e-4,5.741055943008811e-4,0.8018769338716649,0.7310552470753531,0.7873592402141142,0.7734314569042902,0.763948648064586,0.7657878174547978,0.001474,0.001369,0.001071,9.526e-4,8.742e-4,7.497e-4
BDI,BDI.11_1,BDI.11.6_1,PIGE,0.09976779611322482,0.08610381753183713,0.0724592834920504,0.05891180433221266,0.04539173468628181,0.031906330947035405,7.908650699859167,7.210159498544104,7.765467421658645,7.628102236842946,7.534576385681899,7.552715513608713,0.01262,0.01194,0.009331,0.007723,0.006024,0.004224
BDI,BDI.11_1,BDI.11.7_1,PIGE,0.018946797768468995,0.015784952048866683,0.012880127624356464,0.010207898553674518,0.0077176717606619195,0.0053588897568723655,1.398163748624005,1.2746780728147367,1.3728504965173367,1.3485658202784725,1.3320314632035153,1.3352382644723302,0.01355,0.01238,0.009382,0.007569,0.005794,0.004013
BDI,BDI.12_1,BDI.12.1_1,PIGE,0.024219081678616857,0.024584779061457243,0.02320149412859918,0.021640911434439344,0.020056280628443706,0.018334942559030107,1.5429821419399827,1.4067061208039702,1.515047004876493,1.4882469810622307,1.4700000355808982,1.47353898950915,0.0157,0.01748,0.01531,0.01454,0.01364,0.01244
BDI,BDI.12_1,BDI.12.2_1,PIGE,0.0010817311229865205,0.0012467435444370053,0.0012383251635654099,0.0011718023189732363,0.0011299173548012383,0.0010484455459983718,2.1212585908782624,1.9339092543512564,2.0828539665649926,2.046009871480218,2.020924364132156,2.0257896417131316,5.099e-4,6.447e-4,5.945e-4,5.727e-4,5.591e-4,5.175e-4
BDI,BDI.12_1,BDI.12.3_1,PIGE,2.1055300730806134e-4,2.1614902825204242e-4,2.225602528338778e-4,2.0556548451109067e-4,1.8886947000998312e-4,1.7149950396598513e-4,0.34692556658369317,0.31628513688634063,0.3406446039011573,0.3346188611569609,0.330516200648153,0.3313119024021141,6.069e-4,6.834e-4,6.534e-4,6.143e-4,5.714e-4,5.176e-4
BDI,BDI.12_1,BDI.12.4_1,PIGE,0.017232419259635638,0.017891127854433666,0.017445149548428726,0.01678682177043523,0.01597032295819596,0.014718722460451354,2.554347095515635,2.328747427628655,2.508101559497155,2.4637351594404175,2.4335280488554094,2.4393866498346974,0.006746,0.007683,0.006956,0.006814,0.006563,0.006034
BDI,BDI.12_1,BDI.12.5_1,PIGE,1.5751806492672068e-4,1.9957560833461392e-4,2.124683877821714e-4,2.826454240851338e-4,2.6432958190789676e-4,2.4326995049775063e-4,0.4425453957171352,0.40345983272768415,0.43453327039815315,0.4268467088873378,0.42161327067105836,0.42262828421141846,3.559e-4,4.947e-4,4.89e-4,6.622e-4,6.269e-4,5.756e-4
BDI,BDI.13_1,BDI.13.1_1,PIGE,0.01706270605296011,0.014614397046765955,0.012297575975500004,0.01008307498989042,0.007907030142007608,0.005819660605788447,3.459143328096179,3.1536321517325665,3.3965167815107935,3.336434995046715,3.295527976096692,3.3034618001745,0.004933,0.004634,0.003621,0.003022,0.002399,0.001762
BDI,BDI.13_1,BDI.13.2_1,PIGE,0.008761286256380119,0.007448467094102083,0.006272006735424903,0.00514587508221239,0.0040284463940305874,0.0029474490412088345,2.587926109670737,2.359360746771258,2.541072637670769,2.4961230044355287,2.465518796292519,2.4714544134477046,0.003385,0.003157,0.002468,0.002062,0.001634,0.001193
BDI,BDI.13_1,BDI.13.3_1,PIGE,0.0013287360415036404,0.0012602712369610294,0.0011639444642242563,0.001085119700278295,9.931780031557222e-4,8.780136137248307e-4,1.4447361069337132,1.3171371653173707,1.4185796790200225,1.3934860884860014,1.3764009776077983,1.3797145963347732,9.197e-4,9.568e-4,8.205e-4,7.787e-4,7.216e-4,6.364e-4
BDI,BDI.13_1,BDI.13.4_1,PIGE,0.0017466834146514904,0.0015665976810902162,0.0013571165613880443,0.0011662924880338145,0.0010037950556876355,8.491566063482937e-4,2.4796485310562844,2.260646232557063,2.434755385697359,2.391686423408686,2.3623626805543694,2.368049954354332,7.044e-4,6.93e-4,5.574e-4,4.876e-4,4.249e-4,3.586e-4
BDI,BDI.13_1,BDI.13.5_1,PIGE,0.013332884530139127,0.01154909167376838,0.00978572281903793,0.008036598066617152,0.006283045692685479,0.00453312056458454,4.668118785816616,4.252396645698273,4.571693337804245,4.508172927873261,4.448633721310906,4.460562046361193,0.002856,0.002716,0.002141,0.001783,0.001412,0.001016
BDI,BDI.13_1,BDI.13.6_1,PIGE,0.009886898973607226,0.008292068333172318,0.006976309624578131,0.0056813034087143605,0.004386382748109205,0.0031768450218855092,6.878347770073738,6.270852815584581,6.753817756080334,6.634347880810757,6.553006150825225,6.568782195925902,0.001437,0.001322,0.001033,8.563e-4,6.694e-4,4.836e-4
BDI,BDI.13_1,BDI.13.7_1,PIGE,0.004575378133518308,0.0039703856637892,0.003370142206741031,0.0027789500986804224,0.002208251383321665,0.0016421931615038798,0.35864101512948954,0.32696587824386225,0.3521479484620847,0.3459187203427256,0.3416775156828909,0.34250008776251906,0.01276,0.01214,0.00957,0.008034,0.006463,0.004795
BDI,BDI.14_1,BDI.14.1_1,PIGE,0.016646433745499938,0.017839371038977883,0.017034707874125008,0.01651459995910318,0.01552092552816807,0.014331997381466371,5.465289622178568,4.9825958152819965,5.3663425180369275,5.271416019508519,5.206784784275815,5.2193198666022536,0.003046,0.00358,0.003174,0.003133,0.002981,0.002746
BDI,BDI.14_1,BDI.14.2_1,PIGE,0.07304342170734575,0.07540774823310249,0.07433702538139027,0.07181537087554929,0.06861823318891609,0.06358083868913654,7.001614920333165,6.383233024046348,6.874853198892005,6.753242299126631,6.670442840688328,6.686501608935163,0.01043,0.01181,0.01081,0.01063,0.01029,0.009509
BDI,BDI.14_1,BDI.14.3_1,PIGE,0.0034030140722824767,0.003315403038810773,0.003108507729508119,0.0028933968511334358,0.0027983618149947237,0.002577093201120771,3.3821986671803006,3.0834832352081887,3.320965176023467,3.2622198397287554,3.2222227503201375,3.229980095615331,0.001006,0.001075,9.36e-4,8.869e-4,8.685e-4,7.979e-4
BDI,BDI.14_1,BDI.14.4_1,PIGE,0.016757255228589448,0.0171882230179495,0.01687141438317879,0.016292192571366645,0.015322556556494909,0.014122870480498794,6.839362507163567,6.2353107270106065,6.715538307342115,6.596745566270012,6.515864866874245,6.531551496131685,0.00245,0.002757,0.002512,0.00247,0.002352,0.002162
BDI,BDI.14_1,BDI.14.5_1,PIGE,0.004454132107059311,0.00483002477554422,0.004857577596819026,0.004599232732031228,0.004266401175875324,0.003924912634945609,17.074312714690382,15.566311204404244,16.76518842025748,16.46862504798764,16.26670822421646,16.30586953685348,2.609e-4,3.103e-4,2.897e-4,2.793e-4,2.623e-4,2.407e-4
BDI,BDI.14_1,BDI.14.6_1,PIGE,0.061255723956962126,0.062373793907309925,0.059908811853303934,0.05951497463222993,0.05724331707329469,0.05287839184910457,10.646354119018344,9.706069238520193,10.453605704466185,10.268689407530935,10.142788116839105,10.16720638825454,0.0057539999999999996,0.006426,0.005731,0.005796,0.005644,0.005201
BDI,BDI.15_1,BDI.15.2_1,PIGE,5.060881491759001e-4,6.031239734557443e-4,6.395402470301113e-4,6.147416859154564e-4,5.81769432226912e-4,5.410589604227925e-4,1.0983699078305074,1.001361992634239,1.0784843154521795,1.059406752020553,1.046417686702324,1.0489368866297473,4.608e-4,6.023e-4,5.93e-4,5.803e-4,5.56e-4,5.158e-4
BDI,BDI.15_1,BDI.15.3_1,PIGE,8.413932208626708e-4,7.240401431332802e-4,6.389598624183868e-4,5.609288013943715e-4,5.075691125771624e-4,4.6652813762021786e-4,1.2220061553252155,1.114078699702133,1.1998821731263563,1.1786571743569505,1.16420601572848,1.1670087853563245,6.885e-4,6.499e-4,5.325e-4,4.759e-4,4.36e-4,3.998e-4
BDI,BDI.15_1,BDI.15.4_1,PIGE,4.21098378492593e-4,3.5627417999434523e-4,3.2016180966907545e-4,2.833181848545455e-4,2.6256606172635427e-4,2.4135809233294305e-4,0.9570560878553481,0.8725289944354959,0.9397289313932053,0.9231058446775939,0.9117879235020985,0.913983008791559,4.4e-4,4.083e-4,3.407e-4,3.069e-4,2.88e-4,2.641e-4
BDI,BDI.15_1,BDI.15.5_1,PIGE,4.406052585324103e-6,2.4525425923946015e-6,1.2284498022687688e-6,5.961580273667122e-7,1.9871934245557079e-7,0,0.015555356500592867,0.01418150904401261,0.015273732362435856,0.015003551708153567,0.014819597704867345,0.014855275168978445,2.832e-4,1.729e-4,8.043e-5,3.973e-5,1.341e-5,0
BDI,BDI.15_1,BDI.15.6_1,PIGE,0.0014634915891641208,0.0016684246989404124,0.001680489503774072,0.0016700023985754342,0.0015674848303320204,0.0014460795819022595,1.8291824848312432,1.667629279392925,1.796065793432826,1.764294761985583,1.742663278270445,1.746858655756826,8.001e-4,0.001,9.357e-4,9.466e-4,8.995e-4,8.278e-4
BDI,BDI.15_1,BDI.15.7_1,PIGE,2.683048649215724e-5,2.5222277051858624e-5,2.3614067611560015e-5,2.20058581712614e-5,2.290653441061144e-5,2.116966416622828e-5,0.3205024159380664,0.29219567613769226,0.3146998349003153,0.30913303529441105,0.3053428487774729,0.3060779469053567,8.371e-5,8.632e-5,7.504e-5,7.119e-5,7.502e-5,6.916e-5
BDI,BDI.15_1,BDI.15.8_1,PIGE,0.0015268566131526906,0.00140064088403586,0.0012036524076840663,0.001030410859040294,9.048904192793635e-4,8.214037881814784e-4,1.0799826952321627,0.9845987367263678,1.0604299967287467,1.0416718003993823,1.0289001779514992,1.031377205324564,0.001414,0.001423,0.001135,9.892e-4,8.795e-4,7.964e-4
BDI,BDI.15_1,BDI.15.9_1,PIGE,0.0025062392198136624,0.0028779351503851434,0.0027967087625943477,0.002750490749506387,0.0026283155212128875,0.002436419200424613,5.006158799496989,4.5640153787619075,4.915524093867982,4.8285722287765225,4.769370567135472,4.780852595907792,5.006e-4,6.306e-4,5.69e-4,5.696e-4,5.511e-4,5.096e-4
BDI,BDI.16_1,BDI.16.1_1,PIGE,0.0038087465942766427,0.0032977660106805534,0.0027860242912985107,0.0022714508574310384,0.0017600476213922402,0.0012514314526155116,5.239479367667076,4.776729098793469,5.144620477017129,5.053616071968559,4.991655215926386,5.003672384230671,7.269e-4,6.904e-4,5.415e-4,4.495e-4,3.526e-4,2.501e-4
BDI,BDI.16_1,BDI.16.2_1,PIGE,0.2553716435843815,0.22111894332670295,0.18711222435817781,0.1534750704970341,0.12001683934189301,0.08696160159040571,93.42930902479506,84.58275032536577,89.67464835956694,91.09357130700953,89.23778142007228,89.66367386710456,0.002733,0.002614,0.002087,0.001685,0.001345,9.699e-4
BDI,BDI.16_1,BDI.16.3_1,PIGE,0.0011740865211595783,0.001006999694560619,8.445704438407236e-4,6.879223333126805e-4,5.353815961751048e-4,3.8681038464737734e-4,9.90084676787599,9.026405018532678,9.7215954959478,9.549627900245865,9.432542804908781,9.455251195116162,1.186e-4,1.116e-4,8.688e-5,7.204e-5,5.676e-5,4.091e-5
BDI,BDI.16_1,BDI.16.4_1,PIGE,0.008369461760051603,0.0072410517949186145,0.006127506863949988,0.005064873339818924,0.003996370525607372,0.002961894592578587,16.34749645964688,14.903687284866177,16.05153091226149,15.76759159597668,15.574269931034783,15.611764231999416,5.12e-4,4.859e-4,3.817e-4,3.212e-4,2.566e-4,1.897e-4
BDI,BDI.16_1,BDI.16.5_1,PIGE,0.00338413661220422,0.00331200285009486,0.00309831750282915,0.00298677732836538,0.00280527402262975,0.0025597369782852,5.962822511742741,5.4361866521605435,5.854867753470967,5.751299616827463,5.680784674152991,5.694460888269681,5.675e-4,6.093e-4,5.292e-4,5.193e-4,4.938e-4,4.495e-4
BDI,BDI.16_1,BDI.16.6_1,PIGE,0.00195747213800219,0.00172600885835822,0.00147183422303046,0.00124505353055856,9.907249460783616e-4,7.321005853138096e-4,10.808722382543603,9.85409715402032,10.613034348942689,10.42529788111182,10.297476461358277,10.322267137475235,1.811e-4,1.752e-4,1.387e-4,1.194e-4,9.621e-5,7.092e-5
BDI,BDI.17_1,BDI.17.1_1,PIGE,0.036457053967861,0.035100976189603644,0.034061152695593344,0.03306563729408885,0.03072854273891828,0.027540944563625967,59.7172123179222,54.44299438187465,58.63605365392545,57.598826670708725,56.892624902169615,57.029591142654446,6.105e-4,6.447e-4,5.809e-4,5.741e-4,5.401e-4,4.829e-4
BDI,BDI.17_1,BDI.17.2_1,PIGE,0.06284149897908646,0.059761767029958675,0.05685276568323755,0.05584532361603638,0.053112921216577236,0.0484815575683452,28.385180022658254,25.87820389663919,27.87127654124283,27.378254956674834,27.042578464852287,27.107682163472557,0.002214,0.002309,0.00204,0.00204,0.001964,0.001788
BDI,BDI.17_1,BDI.17.3_1,PIGE,0.03641236789424809,0.03298585629504232,0.02959912595844269,0.02654405053809669,0.023211821353063527,0.01916362611816281,15.390383686013607,14.031106611134723,15.111746321365995,14.84443107637086,14.662428002957194,14.697727088618963,0.002366,0.002351,0.001959,0.001788,0.001583,0.001304
BDI,BDI.17_1,BDI.17.4_1,PIGE,0.07149950120750544,0.06219841252947237,0.05279234986258683,0.04359457282618602,0.03559677449983288,0.026456224127902068,118.79883073251882,106.61808703699757,110.79229606243172,117.36192767160918,113.82576184302259,114.6988208015209,6.019e-4,5.834e-4,4.765e-4,3.715e-4,3.127e-4,2.307e-4
BDI,BDI.17_1,BDI.17.5_1,PIGE,0.08147461709958324,0.0717297908405974,0.06187799333909053,0.0522041114507166,0.042320484788877295,0.03235139439133502,75.80995335022558,66.48369209890771,65.31373952005532,77.44799580609404,73.2307770639034,74.34041312781561,0.001075,0.001079,9.474e-4,6.741e-4,5.779e-4,4.352e-4
BDI,BDI.17_1,BDI.17.6_1,PIGE,0.05188535635004748,0.04497512253727384,0.03813455486438342,0.03137507853635066,0.024657413403815595,0.018094773683729377,29.462185690672566,26.860088536879722,28.92878340876143,28.41705533578613,28.068642427142432,28.136216325083854,0.001761,0.001674,0.001318,0.001104,8.785e-4,6.431e-4
BDI,BDI.17_1,BDI.17.7_1,PIGE,0.11884292187130671,0.12061229593980272,0.12010528595447882,0.11759659006766782,0.11328977988387239,0.10892727765437321,51.514872744262405,46.96508458009767,50.582214489961515,49.68745376732664,49.078250945795276,49.196404459245855,0.002307,0.002568,0.002374,0.002367,0.002308,0.002214
BDI,BDI.1_1,BDI.1.1_1,PIGE,0.005954071584836128,0.005526428740307595,0.00483183326608012,0.0041084022769051105,0.0034419437224113138,0.0027519177371405834,1.417161651485896,1.2919980828860527,1.3915044491766033,1.366889798769354,1.3501307769440036,1.3533811514345262,0.004201,0.004277,0.003472,0.003006,0.002549,0.002033
BDI,BDI.1_1,BDI.1.2_1,PIGE,0.010468685472707214,0.009427096269755549,0.008379775215126901,0.0074752895074717204,0.006589553111051764,0.005716138236486997,21.22366028459311,19.36440057239098,20.847428580198187,20.484056479027156,20.2376099879336,20.283754709409298,4.933e-4,4.868e-4,4.02e-4,3.649e-4,3.256e-4,2.818e-4
BDI,BDI.1_1,BDI.1.3_1,PIGE,0.0024626474542734276,0.0022399986615044953,0.002017865730316192,0.001796421777735905,0.0015983935480171243,0.0013955495615732751,8.197645124701332,7.473629966058763,8.049229706316478,7.906844983518168,7.8099015519644706,7.828703511901609,3.004e-4,2.997e-4,2.507e-4,2.272e-4,2.047e-4,1.783e-4
BDI,BDI.1_1,BDI.1.4_1,PIGE,0.04604250073764527,0.04546901772148002,0.04288137837868921,0.03909373113052654,0.03576724425210429,0.03208430157228515,14.109047745477234,12.862938126636,13.853608507463967,13.608548759008329,13.441698464369434,13.474058702758173,0.003263,0.003535,0.003095,0.002873,0.002661,0.002381
BDI,BDI.1_1,BDI.1.5_1,PIGE,0.019080182915578673,0.018502829715886307,0.016725175289898385,0.015138687251210233,0.013725502425700028,0.012395868019052984,13.870915405828885,12.645837610279061,13.61978746822961,13.378863835286946,13.214829637931876,13.24664370060287,0.001376,0.001463,0.001228,0.001132,0.001039,9.358e-4
BDI,BDI.2_1,BDI.2.10_1,PIGE,0,0,0,0,0,0,0.09735932528584137,0.08876055987578954,0.09559666969680823,0.0939056376587313,0.0927542890771097,0.09297759053816165,0,0,0,0,0,0
BDI,BDI.2_1,BDI.2.1_1,PIGE,4.2461345589586794e-4,0.00040444260494435207,3.768089576386345e-4,3.491753103329168e-4,3.215416630271992e-4,2.939080157214816e-4,2.52202773481134,2.2992825094760434,2.4763673292013975,2.432562283429323,2.4027373740355884,2.408521847955713,1.684e-4,1.759e-4,1.522e-4,1.435e-4,1.338e-4,1.22e-4
BDI,BDI.2_1,BDI.2.7_1,PIGE,0.00808135345377004,0.00753150361787955,0.00698165378198905,0.0064318039460985604,0.00588195411020806,0.00533210427431757,1.1576798835043114,1.0554337174697426,1.1367205053350495,1.116612788204766,1.1029223370031862,1.105577569141022,0.006981,0.007136,0.006142,0.00576,0.005333,0.004823
BDI,BDI.2_1,BDI.2.8_1,PIGE,1.4408321269185546e-7,1.247514605485694e-7,1.0541970840528337e-7,8.608795626199733e-8,6.67562041187113e-8,4.7424451975425265e-8,0.39150735582789425,0.3569294671748046,0.3844192558757679,0.3776191729879294,0.3729892986795007,0.37388725236100245,3.68e-7,3.495e-7,2.742e-7,2.28e-7,1.79e-7,1.268e-7
BDI,BDI.3_1,BDI.3.10_1,PIGE,0.002238367811868248,0.0019815918746015947,0.0017505190142476645,0.001527575262939275,0.001346070396968264,0.0011790048689036732,4.922400900893441,4.487654968988694,4.833282601912344,4.74778552596989,4.689574365623643,4.700864288903471,4.547e-4,4.416e-4,3.622e-4,3.217e-4,2.87e-4,2.508e-4
BDI,BDI.3_1,BDI.3.11_1,PIGE,0.0016646087933771315,0.0015170342163442932,0.0013454468361414874,0.0012491942471359832,0.0010754408343673825,9.016874215987819e-4,16.849597777041826,15.361443066508063,16.54454186578252,16.251881562457356,16.05262216491598,16.091268075728372,9.879e-5,9.876e-5,8.132e-5,7.686e-5,6.699e-5,5.604e-5
BDI,BDI.3_1,BDI.3.12_1,PIGE,0.00536587946316308,0.00503396210699406,0.00490898589004082,0.00482722341924681,0.00453548259554825,0.00412172707752559,2.7081380283742966,2.468955561408111,2.659108162795705,2.6120705713162025,2.58004476517334,2.586256098054817,0.001981,0.002039,0.001846,0.001848,0.001758,0.001594
BDI,BDI.3_1,BDI.3.1_1,PIGE,0.02299018701262116,0.02312026418680791,0.02152186405762777,0.02074531485897652,0.0198356044351252,0.0181176374633864,2.391237541054943,2.180043691930858,2.347945044891154,2.306411691196433,2.2781334760061482,2.283617972073394,0.009614,0.01061,0.009166,0.008995,0.008707,0.007934
BDI,BDI.3_1,BDI.3.2_1,PIGE,0.01789669195360785,0.017238629388076385,0.016068845126984786,0.015128089484312556,0.014634016650604757,0.01324700396146705,15.72818008753502,14.33906886986073,15.443427040456896,15.170244616990232,14.984246842435955,15.020320691375678,0.001138,0.001202,0.00104,9.972e-4,9.766e-4,8.819e-4
BDI,BDI.3_1,BDI.3.3_1,PIGE,0.0016260805871616236,0.0014149417687706952,0.0012776264246586592,0.0011096821943936866,9.782990804330569e-4,8.626248703668105e-4,7.263082759813267,6.621608051334482,7.1315872571214785,7.005434928045769,6.919543412167245,6.936201877981853,2.239e-4,2.137e-4,1.792e-4,1.584e-4,1.414e-4,1.244e-4
BDI,BDI.3_1,BDI.3.4_1,PIGE,8.487408596458405e-4,7.808086515559288e-4,7.128764434660173e-4,6.449442353761057e-4,5.770120272861941e-4,5.090798191962826e-4,2.080971069976289,1.8971799230748951,2.043295836747825,2.0071514947517235,1.9825424181914815,1.987315293095537,4.079e-4,4.116e-4,3.489e-4,3.213e-4,2.91e-4,2.562e-4
BDI,BDI.3_1,BDI.3.5_1,PIGE,2.1876846265653617e-4,2.482931081220126e-4,2.2577440863378294e-4,2.0463895164799266e-4,1.848867371646419e-4,1.651345226812911e-4,0.9710912640824257,0.8853245853684985,0.9535100057995576,0.9366431424083133,0.9251592445254565,0.9273865206230234,2.253e-4,2.805e-4,2.368e-4,2.185e-4,1.998e-4,1.781e-4
BDI,BDI.3_1,BDI.3.6_1,PIGE,0.003369266826583779,0.0030324369073639265,0.0027501376036720743,0.0024559954561881444,0.0022366553155510655,0.002007109202509276,14.10485343611384,12.859114258236191,13.849490134563977,13.60450323697794,13.437702543259375,13.470053161661468,2.389e-4,2.358e-4,1.986e-4,1.805e-4,1.664e-4,1.49e-4
BDI,BDI.3_1,BDI.3.7_1,PIGE,0.005648322425115,0.00646658721579006,0.00628242068325596,0.00599164909204443,0.00568601557631361,0.00524917066524891,0.5225371633224934,0.4763867357979356,0.5130768158036116,0.5040008789925265,0.49782147686469125,0.4990199579724977,0.01081,0.01357,0.01224,0.01189,0.01142,0.01052
BDI,BDI.3_1,BDI.3.8_1,PIGE,0.047247414974482496,0.04401651736517744,0.040208164617817725,0.03701152496445457,0.03405529948898387,0.03022830022828795,15.167063588091333,13.82751012086632,14.892469353545437,14.62903295055362,14.449670808321795,14.484457691336287,0.003115,0.003183,0.0027,0.00253,0.002357,0.002087
BDI,BDI.3_1,BDI.3.9_1,PIGE,0.00166884096428579,0.00163483780637977,0.00152589413648852,0.00142546365627232,0.00135830901663152,0.00124676335731694,0.12142166748768078,0.11069771853509161,0.11922337184215816,0.11711440149714436,0.11567849729146472,0.11595698767411435,0.01374,0.01477,0.0128,0.01217,0.01174,0.01075
BDI,BDI.4_1,BDI.4.10_1,PIGE,0.05437448252760546,0.05207074887006193,0.049966991837872676,0.04711502695031464,0.04382808610184878,0.04018669928438341,21.380787775392648,19.492438838884127,20.993696297924203,20.62233385245365,20.36948966308733,20.418528223437555,0.002543,0.002671,0.00238,0.002285,0.002152,0.001968
BDI,BDI.4_1,BDI.4.1_1,PIGE,0.1103700054478664,0.10671335099159145,0.10318654691058238,0.09650640898023258,0.08882714303821038,0.07998481041361147,33.114924507786654,30.190217844320863,32.51539070254828,31.940218287201752,31.548608944690304,31.62456069357007,0.003333,0.003535,0.003173,0.003021,0.002816,0.002529
BDI,BDI.4_1,BDI.4.2_1,PIGE,5.80753171716441e-4,2.6011832292176045e-4,8.78736443214973e-5,2.516476747401374e-5,6.692782895737588e-6,0,0.0048817724428887104,0.004450614812138774,0.004793389707536115,0.00470859830641158,0.00465086760869549,0.004662064347331668,0.119,0.05845,0.01833,0.005344,0.001439,0
BDI,BDI.4_1,BDI.4.3_1,PIGE,0.01505683490594214,0.013548069836031611,0.012093693970290276,0.010797632257636778,0.009768173817330056,0.008686365489502194,13.722454266858769,12.510488543550252,13.474014164817016,13.235669150221089,13.073390619529455,13.104864174610201,0.001097,0.001083,8.976e-4,8.158e-4,7.472e-4,6.628e-4
BDI,BDI.4_1,BDI.4.4_1,PIGE,0,0,0,0,0,0,4.340867886020293,3.957482889068754,4.26227803324467,4.1868815917967845,4.135547504703403,4.145503635134012,0,0,0,0,0,0
BDI,BDI.4_1,BDI.4.5_1,PIGE,0.00422210650014026,0.00425443906064189,0.00401288427182567,0.0037744918281092396,0.00354304727360992,0.0032743608083229897,0.6414886249058434,0.5848324167553923,0.629874703931435,0.6187327017288433,0.6111466074718903,0.6126179133459719,0.006582,0.007275,0.006371,0.0061,0.005797,0.005345
BDI,BDI.4_1,BDI.4.6_1,PIGE,0.009612387770139914,0.01077876680543164,0.010407393306381659,0.00979528692281042,0.009184159415704678,0.008477129777127185,0.3638439112865667,0.3317092551573927,0.35725664805439,0.35093705094298444,0.3466343180515891,0.34746882339297896,0.02642,0.03249,0.02913,0.02791,0.0265,0.0244
BDI,BDI.4_1,BDI.4.7_1,PIGE,0.07702137196000969,0.07360582598581616,0.07066246025645372,0.07092692615701289,0.06504226247096392,0.05897006824428204,59.57888862118487,54.316887419542624,58.500234257997874,57.46540981611062,56.76084383121705,56.89749281515261,0.001293,0.001355,0.001208,0.001234,0.001146,0.001036
BDI,BDI.5_1,BDI.5.1_1,PIGE,0.0142010614747813,0.011168132651800547,0.008712843158100624,0.006834462892893683,0.005209481842834029,0.0037316889162115592,0.6696730395251709,0.610527586828091,0.6575488498548103,0.6459173131576461,0.637997916613516,0.6395338657145808,0.02121,0.01829,0.01325,0.01058,0.008165,0.005835
BDI,BDI.5_1,BDI.5.2_1,PIGE,0.005833376481299335,0.004999340362332397,0.004172326463596308,0.0033586221510502608,0.0025551662591386053,0.0017729125619181977,9.578295993729597,8.732341894969036,9.404884387628249,9.23851916942212,9.12524848400647,9.147217078011288,6.09e-4,5.725e-4,4.436e-4,3.635e-4,2.8e-4,1.938e-4
BDI,BDI.5_1,BDI.5.3_1,PIGE,0.052323004873268554,0.04908280477108374,0.04451609288884149,0.04013026696935474,0.03614357309306543,0.03165436581827933,24.69663449249969,18.338131699096696,9.762137457064012,30.69179609674692,25.12684290453528,26.66936397408861,0.002119,0.002677,0.00456,0.001308,0.001438,0.001187
BDI,BDI.5_1,BDI.5.4_1,PIGE,0.030653880561811373,0.02447210235185938,0.01923880211485321,0.015077077416791495,0.011536548835060315,0.00817181174028233,0.5644151043879072,0.5145438885354335,0.5541198120349501,0.5444296644424732,0.5377270857243392,0.539029490024607,0.05431,0.04756,0.03472,0.02769,0.02145,0.01516
BDI,BDI.5_1,BDI.5.5_1,PIGE,0.14534131319580826,0.1271378162804083,0.10888547810557538,0.09065084798851669,0.07380740674340944,0.05549976176443457,5.256939924683201,4.212325006656211,3.1491366661210707,6.025030069710903,5.230336524507059,5.4488161642441595,0.02765,0.03018,0.03458,0.01505,0.01411,0.01019
BDI,BDI.6_1,BDI.6.1_1,PIGE,0.006314376771098071,0.005299790448293005,0.004407620149251988,0.0036028274846457075,0.0028337194910530213,0.0021244126897485387,1.3701316357480018,1.3436007111034165,1.3951066722660206,1.4039857974763457,1.4159777104557196,1.4033851269828732,0.004609,0.003944,0.003159,0.002566,0.002001,0.001514
BDI,BDI.6_1,BDI.6.2_1,PIGE,0.028594721517422508,0.024547601534407704,0.02059998895084438,0.01679315118516662,0.013110409347470563,0.00949289342940995,0.08703157867116317,0.07934495876020292,0.08545590322233777,0.0839442535942692,0.08291503852560331,0.0831146524672352,0.3286,0.3094,0.2411,0.2001,0.1581,0.1142
BDI,BDI.6_1,BDI.6.3_1,PIGE,0.039779219736503266,0.04027555080520772,0.038497566013803275,0.03614504106210316,0.032864576550867386,0.028665339242972262,0.8708421919900514,0.793929500821404,0.8550759071234452,0.83995026772074,0.82965189188853,0.8316492386577905,0.04568,0.05073,0.04502,0.04303,0.03961,0.03447
BDI,BDI.6_1,BDI.6.4_1,PIGE,0.05014362355143555,0.04320123867618599,0.03641604383078737,0.03005311197414689,0.02411282928985453,0.01823544810097799,1.6895898783064907,1.5403654772529598,1.6590004608734192,1.6296540104225934,1.609673316182991,1.613548526773212,0.02968,0.02805,0.02195,0.01844,0.01498,0.0113
BDI,BDI.6_1,BDI.6.5_1,PIGE,0.03171117318599191,0.027126706855846835,0.022596457123649636,0.018132332160346317,0.013699459470573131,0.009280211537331946,1.3374484697575968,1.2193251610173823,1.313234445951036,1.2900043320919174,1.2741879796867788,1.277255525569022,0.02371,0.02225,0.01721,0.01406,0.01075,0.007266
BDI,BDI.6_1,BDI.6.6_1,PIGE,0.0164369190424385,0.014184496352321333,0.0119433396321549,0.00970300055307757,0.00753118979649215,0.005446936886881732,0.7916031906139098,0.737646080222956,0.7856793169665724,0.7774490063610491,0.7728497006748578,0.772007698781495,0.02076,0.01923,0.0152,0.01248,0.009745,0.007056
BDI,BDI.7_1,BDI.7.10_1,PIGE,0.0026455786854504737,0.0026414739444268415,0.0024911509328830253,0.002353167967012868,0.002229376876824075,0.002047479549264146,2.541682253618472,2.317201143241103,2.495666010010234,2.451519585321469,2.421462246190935,2.427291799334371,0.001041,0.00114,9.982e-4,9.599e-4,9.207e-4,8.435e-4
BDI,BDI.7_1,BDI.7.11_1,PIGE,0.0039085127968173945,0.004346743425942223,0.004117380042869474,0.003891902464152573,0.0036466283947649246,0.003358617039245856,2.505234007090616,2.283972002028332,2.4598776458846454,2.4163642900100832,2.386737979307687,2.392483935459478,0.00156,0.001903,0.001674,0.001611,0.001528,0.001404
BDI,BDI.7_1,BDI.7.1_1,PIGE,0.0026698927512853426,0.002392120964031487,0.002124966752875213,0.001863828655473697,0.0016051379819567062,0.001349441583544611,58.644752006709524,53.46525365299922,57.5830098511574,56.56441040814295,55.87089130409986,56.00539777040578,4.553e-5,4.474e-5,3.69e-5,3.295e-5,2.873e-5,2.409e-5
BDI,BDI.7_1,BDI.7.4_1,PIGE,0.03275209008141985,0.03319400349923573,0.03723252698888751,0.03915529414785178,0.038328174461358076,0.03544495382492883,58.16803316122729,53.030638566009735,57.114921829018684,56.10460250543294,55.41672096682046,55.55013404002414,5.631e-4,6.259e-4,6.519e-4,6.979e-4,6.916e-4,6.381e-4
BDI,BDI.7_1,BDI.7.5_1,PIGE,0.0011037415021105,0.00116143130551754,0.00111956043330475,0.00103589459719086,9.60093342332858e-4,8.760241943596935e-4,0.9727395931357083,0.8868273341724714,0.9551284924478131,0.9382329992645052,0.9267296086282634,0.9289606653013921,0.001135,0.00131,0.001172,0.001104,0.001036,9.43e-4
BDI,BDI.7_1,BDI.7.6_1,PIGE,0.0774263347674587,0.0786323572068549,0.07823249036889318,0.07766434362661438,0.07371025853710013,0.0675973508464284,162.12686356959088,147.807835963253,159.1916149802612,156.37563695530898,154.4583626329411,154.83021366420664,4.776e-4,5.32e-4,4.914e-4,4.967e-4,4.772e-4,4.366e-4
BDI,BDI.7_1,BDI.7.7_1,PIGE,0.005507859461633661,0.005667075632308165,0.005697946608249152,0.005505680266223954,0.005190403637386636,0.004779982714695509,29.22134863914475,26.640522188513177,28.692306625483987,28.18476164610444,27.83919682003387,27.90621833878281,1.885e-4,2.127e-4,1.986e-4,1.953e-4,1.864e-4,1.713e-4
BDI,BDI.7_1,BDI.7.8_1,PIGE,0.00409631964842861,0.004088257278561437,0.004029560600420142,0.0041079488201123185,0.0039602653015576444,0.0036654451885941106,6.038496372128722,5.505177005124696,5.929171565815206,5.824289051509553,5.7528792074831525,5.766728985698997,6.784e-4,7.426e-4,6.796e-4,7.053e-4,6.884e-4,6.356e-4
BDI,BDI.7_1,BDI.7.9_1,PIGE,0.01552905702938709,0.015907763541850715,0.015827284113679212,0.014603358914735267,0.013261262093732023,0.011882012156204439,40.98351161402721,37.36385216163776,40.241519867550146,39.529678131088396,39.0450167200921,39.139015707817045,3.789e-4,4.258e-4,3.933e-4,3.694e-4,3.396e-4,3.036e-4
BDI,BDI.8_1,BDI.8.1_1,PIGE,0.02447422117053538,0.021068533016293155,0.01770511112427779,0.014385602853881102,0.011112000656475624,0.007891903589520122,9.063343840959034,8.262870262385677,8.899255258486916,8.741834233205859,8.634653251359484,8.655440761089658,0.0027,0.00255,0.00199,0.001646,0.001287,9.118e-4
BDI,BDI.8_1,BDI.8.2_1,PIGE,0.030306183281811814,0.027016517180642435,0.023663135466755143,0.020130717186638683,0.016425236052859487,0.012698101648428994,9.754330312055846,8.892828880741758,9.577731667895755,9.408308913380527,9.292956487339346,9.315328830244052,0.003107,0.003038,0.002471,0.00214,0.001767,0.001363
BDI,BDI.8_1,BDI.8.3_1,PIGE,0.04075592567978536,0.03537341349657957,0.0303961178573525,0.025357052644704267,0.020492238710942006,0.015749112153175548,31.164541393493224,28.412092362363087,30.600318573484792,30.059022320725784,29.69047775219122,29.76195614017049,0.001308,0.001245,9.933e-4,8.436e-4,6.902e-4,5.292e-4
BDI,BDI.8_1,BDI.8.4_1,PIGE,0.002990374570057141,0.002981144424868749,0.002915641016567625,0.0027081996858607255,0.0024333933567162284,0.0021278913325497996,4.512904524699785,4.1143252698423325,4.43120001041848,4.35281546827376,4.299446916178192,4.309797626508145,6.626e-4,7.246e-4,6.58e-4,6.222e-4,5.66e-4,4.937e-4
BDI,BDI.8_1,BDI.8.5_1,PIGE,0.0010229328891668337,5.58454116126915e-4,3.042237113236691e-4,2.3009089439949914e-4,1.6367854279189666e-4,1.2595088575696037e-4,1.072076842425177,0.9773911280110916,1.0526672765451166,1.0340463968040265,1.0213682671200783,1.0238271617824093,9.542e-4,5.714e-4,2.89e-4,2.225e-4,1.603e-4,1.23e-4
BDI,BDI.8_1,BDI.8.6_1,PIGE,0.0044213941325338185,0.0032368595273847864,0.002424537357032217,0.0019311532136487158,0.0014817195899734686,0.0010899486034671023,4.438998685381743,4.046946786510612,4.35863220975625,4.281531336553573,4.2290367776068125,4.239217978936456,9.96e-4,7.998e-4,5.563e-4,4.51e-4,3.504e-4,2.571e-4
BDI,BDI.8_1,BDI.8.7_1,PIGE,0.017414509546758772,0.015461464316459747,0.013348997099451122,0.011272949110051668,0.00944701255627633,0.007189729735778905,14.128974664724012,12.881105102462412,13.873174657000403,13.627768798310665,13.46068285259116,13.49308879497558,0.001233,0.0012,9.622e-4,8.272e-4,7.018e-4,5.328e-4
BDI,BDI.9_1,BDI.9.1_1,PIGE,0.0014777843710603368,0.0017713762480791968,0.0017728193833086712,0.001672378885741314,0.001602786248735316,0.0014944767065107462,2.880806664469212,2.626374121651589,2.8286506952989012,2.778614025972974,2.7445462809744883,2.7511536432923305,5.13e-4,6.745e-4,6.267e-4,6.019e-4,5.84e-4,5.432e-4
BDI,BDI.9_1,BDI.9.2_1,PIGE,2.9198770433137817e-4,3.0843276111651495e-4,3.3119875427825655e-4,3.112177760341943e-4,2.8923026943774845e-4,2.671253813139194e-4,0.18848429079408163,0.17183737797643497,0.18507185045888291,0.18179807084433428,0.17956909975988408,0.18000140367526238,0.001549,0.001795,0.00179,0.001712,0.001611,0.001484
BDI,BDI.9_1,BDI.9.6_1,PIGE,0.00643305747073854,0.00668231149979585,0.00627192690019356,0.00587902708427828,0.00549411754118717,0.00507753198103445,0.1882842362308694,0.1716549922112883,0.18487541781162914,0.18160511294050913,0.17937850765447552,0.17981035272858595,0.03417,0.03893,0.03393,0.03237,0.03063,0.02824
BDI,BDI.9_1,BDI.9.7_1,PIGE,0.00428520326909591,0.004461848641077187,0.00445201516942702,0.004250609400498924,0.0040116636380428125,0.0037180669159554538,8.522760382845183,7.770031078661857,8.368458869572503,8.220427226810699,8.119639058348355,8.139186696338834,5.028e-4,5.742e-4,5.32e-4,5.171e-4,4.941e-4,4.568e-4
BDI,BDI.9_1,BDI.9.9_1,PIGE,0.001972140925499898,0.002366847527700127,0.0023950229730282276,0.0024339521621938674,0.0022871240940126134,0.002113369222210176,6.705007763851692,6.112822180553268,6.583616008364839,6.46715687195506,6.387865020291056,6.403243496113859,2.941e-4,3.872e-4,3.638e-4,3.764e-4,3.58e-4,3.3e-4
BGD,BGD.2_1,BGD.2.10_1,PIGE,1.3500465513891823e-5,1.2240245824365971e-5,1.0980026134840121e-5,6.783739238129305e-5,6.35967836694093e-5,6.231793379686353e-5,0.3373762699735519,0.3491623405403136,0.3344297523318615,0.31085761119833827,0.2828656936022793,0.3000667269650574,4.002e-5,3.506e-5,3.283e-5,2.182e-4,2.248e-4,2.077e-4
BGD,BGD.2_1,BGD.2.11_1,PIGE,1.6443639023759697,1.544677904167554,1.4292570447659543,1.3170642063904905,1.1854216308709058,1.0429802396269008,34.53306683556644,35.629017283906435,33.798311628894474,31.567828041352517,28.905229380426807,30.530852955593232,0.04762,0.04335,0.04229,0.04172,0.04101,0.03416
BGD,BGD.2_1,BGD.2.1_1,PIGE,1.4993871310296034,1.454779752181618,1.3899117371422467,1.3148633625355746,1.2202753491833387,1.1188381976142914,8.24629176761391,8.534159304560148,8.174103956807569,7.5982036072063295,6.913515625718397,7.333963584641677,0.1818,0.1705,0.17,0.173,0.1765,0.1526
BGD,BGD.2_1,BGD.2.2_1,PIGE,7.909234796796302e-5,7.391110685053008e-5,7.711757084673093e-5,8.284708147704397e-5,7.783064737364996e-5,7.175826416180895e-5,0.2135249606559491,0.22098434792777266,0.21166011383799319,0.19674133929434612,0.17902529452376517,0.18991180403528707,3.704e-4,3.345e-4,3.643e-4,4.211e-4,4.347e-4,3.779e-4
BGD,BGD.2_1,BGD.2.3_1,PIGE,4.5667581543358894e-5,2.9995729208573583e-5,1.4323876873788276e-5,4.604707372292443e-6,1.3607320190946334e-6,0,0.002641363540940685,0.002733638249794508,0.0026182948637272292,0.0024337454460195834,0.0022145930124917532,0.0023492621828946035,0.01729,0.01097,0.005471,0.001892,6.144e-4,0
BGD,BGD.2_1,BGD.2.4_1,PIGE,0.058541327043925805,0.055267050098727594,0.052693722555602306,0.05171207355055669,0.04822289415470922,0.04408874818456183,7.145375818312562,7.394995934236146,7.082970789331666,6.5837305574845,5.990882782165991,6.355187740099212,0.008193,0.007474,0.007439,0.007855,0.008049,0.006937
BGD,BGD.2_1,BGD.2.5_1,PIGE,1.3699068482315039e-05,1.031295487832861e-5,7.033025000286771e-6,4.08461394317861e-6,1.3615379810595367e-6,0,0.07303693842018409,0.07558844718595473,0.07239906122874144,0.06729604369720021,0.06123621037849496,0.0649599779528393,1.876e-4,1.364e-4,9.714e-5,6.07e-5,2.223e-5,0
BGD,BGD.2_1,BGD.2.6_1,PIGE,0.029116840557288002,0.020160709027108262,0.013346072208826614,0.008191653370818619,0.004661843813528546,0.0031204823058745275,0.6689925286746865,0.6920976659306478,0.6629399564451354,0.6165229902658732,0.5603944741287972,0.5945192682660078,0.04352,0.02913,0.02013,0.01329,0.008319,0.005249
BGD,BGD.2_1,BGD.2.7_1,PIGE,1.844505590982546e-4,2.557235594133138e-4,2.428128908465881e-4,2.3085380990146292e-4,2.675880548555011e-4,2.486203126598911e-4,0.16531792196401765,0.17109322054791348,0.16387409731804373,0.1523235001502521,0.1386071660134995,0.1470358533405339,0.001116,0.001495,0.001482,0.001516,0.001931,0.001691
BGD,BGD.2_1,BGD.2.8_1,PIGE,0.059218852929499584,0.041320005098128984,0.02792781506548345,0.0179141879114676,0.010818427337107825,0.006998644643269093,1.9866811852912416,2.056084894821067,1.9693302579087852,1.8305228388491355,1.6656890287158006,1.766979405042734,0.02981,0.0201,0.01418,0.009786,0.006495,0.003961
BGD,BGD.2_1,BGD.2.9_1,PIGE,0,0,0,0,0,0,0.05648410961988835,0.058457353624076586,0.055990798618841285,0.052044310610464814,0.04735785610051774,0.050237682396880194,0,0,0,0,0,0
BGD,BGD.3_1,BGD.3.11_1,PIGE,7.744529883781478e-5,6.528849201792272e-5,5.337437449641701e-5,4.170294627329766e-5,3.0239956281126744e-5,2.0065138480225576e-5,0.0017651688278991495,0.001826834114463312,0.0017497525062581088,0.0016264219331297845,0.001479966877539898,0.0015699635091998823,0.04387,0.03574,0.0305,0.02564,0.02043,0.01278
BGD,BGD.3_1,BGD.3.12_1,PIGE,1.2779642550333198e-5,9.941257956234164e-6,7.128516201375832e-6,4.341417285758197e-6,2.0464426596103714e-6,4.288061244559672e-6,0.07263345277010393,0.0751708659673128,0.0719990994708017,0.06692427307638397,0.06089791673301289,0.06460111270601439,1.759e-4,1.322e-4,9.901e-5,6.487e-5,3.36e-5,6.638e-5
BGD,BGD.3_1,BGD.3.14_1,PIGE,4.1860840894867016e-6,1.878893081788326e-6,5.439731834543533e-7,9.38336611869576e-6,9.285185453146114e-6,8.784822118338591e-6,0.03772853520404687,0.039046562634755935,0.03739902834636961,0.034762973484951484,0.031632658337017464,0.03355623699542291,1.11e-4,4.812e-5,1.455e-5,2.699e-4,2.935e-4,2.618e-4
BGD,BGD.3_1,BGD.3.17_1,PIGE,5.297613601047102e-4,3.3681304843646295e-4,1.9162633548524185e-4,8.672210917101264e-5,1.9385453967100702e-5,0,0.05227337325620077,0.05409951730008551,0.051816837245229584,0.04816454915746011,0.04382745705323383,0.04649260015128085,0.01013,0.006226,0.003698,0.001801,4.423e-4,0
BGD,BGD.3_1,BGD.3.1_1,PIGE,2.2465709036341766e-4,1.9510072356319447e-4,1.656721807274806e-4,1.3630896532652759e-4,1.0883898165903786e-4,8.416202485372929e-5,0.046074774612765906,0.04768437372587564,0.04567237483448847,0.042453176608269035,0.03863037871463342,0.040979488020272486,0.004876,0.004092,0.003627,0.003211,0.002817,0.002054
BGD,BGD.3_1,BGD.3.2_1,PIGE,1.3731542632484346e-5,1.2892117389275205e-5,1.2052692146066067e-5,1.2865522508172442e-5,1.1941366208280458e-5,1.1017209908388471e-5,0.07632905579090514,0.07899557302377519,0.07566242648268763,0.07032939201694755,0.06399641358888117,0.06788802883292792,1.799e-4,1.632e-4,1.593e-4,1.829e-4,1.866e-4,1.623e-4
BGD,BGD.3_1,BGD.3.3_1,PIGE,1.762259324948041e-4,1.435278417810123e-4,1.1771855674662146e-4,1.0965829299115444e-4,9.471113949238483e-5,8.57299403795578e-5,0.05009425690823815,0.05184427461682289,0.04965675248109196,0.0461567170639225,0.04200042500603373,0.044554466475606354,0.003518,0.002768,0.002371,0.002376,0.002255,0.001924
BGD,BGD.3_1,BGD.3.4_1,PIGE,7.448847658597042e-6,5.306763507513212e-6,3.654292959811339e-6,2.0391944734636773e-6,6.251656304834765e-7,0,0.0032413285361761867,0.0033545627208460974,0.003213019990008709,0.0029865516206688887,0.0027176204320778505,0.002882878647467042,0.002298,0.001582,0.001137,6.828e-4,2.3e-4,0
BGD,BGD.3_1,BGD.3.6_1,PIGE,5.0496995917292335e-6,4.043309498419985e-6,3.088529397810354e-6,2.1853592899003417e-6,1.352162795017261e-6,5.889399131611125e-7,0.01877863674059336,0.01943465898480623,0.018614631179540143,0.017302586691114407,0.015744533861108842,0.016701957325147256,2.689e-4,2.08e-4,1.659e-4,1.263e-4,8.588e-5,3.526e-5
BGD,BGD.3_1,BGD.3.8_1,PIGE,7.048170132179349e-6,5.183146181260753e-6,3.3181222303421573e-6,1.789207691162144e-6,5.964025637207147e-7,0,0.0012358406653186613,0.0012790141383428942,0.0012250472970626032,0.001138700351014138,0.001036163352581585,0.0010991723381183881,0.005703,0.004052,0.002709,0.001571,5.756e-4,0
BGD,BGD.3_1,BGD.3.9_1,PIGE,4.5479840327507634e-06,3.2485600233934032e-6,1.9491360140360418e-6,9.045953831747245e-7,2.418124360090674e-7,2.2874149352209082e-7,0.027468483896267524,0.02842808158696683,0.0272285844735927,0.025309389092194094,0.02303034457678325,0.024430817431503205,1.656e-4,1.143e-4,7.158e-5,3.574e-5,1.05e-5,9.363e-6
BGD,BGD.4_1,BGD.4.2_1,PIGE,2.0202525864987905e-5,2.6516694687927674e-5,2.723338404501899e-5,6.954663888554646e-5,1.3176055114438108e-4,1.8288285082381203e-4,0.6202553686629613,0.6368700465481458,0.5950183369047485,0.5600235513189942,0.5178312479701151,0.543275988064333,3.257e-5,4.164e-5,4.577e-5,1.242e-4,2.544e-4,3.366e-4
BGD,BGD.4_1,BGD.4.3_1,PIGE,0,1.664460852971481e-21,1.579103886152431e-21,1.5393128955446075e-21,1.451619211996776e-21,1.3639255284489449e-21,0.10300629055607077,0.10501043674483446,0.0958538455032415,0.09128859286812528,0.08566671062836631,0.0889691594772655,0,1.5850000000000003e-20,1.6470000000000003e-20,1.6860000000000002e-20,1.694e-20,1.5330000000000003e-20
BGD,BGD.4_1,BGD.4.4_1,PIGE,2.1499169991436202e-5,1.5356549993883007e-5,9.213929996329803e-6,3.071309998776601e-6,0,0,0.017849638428759335,0.017667898173394647,0.014535388977828027,0.014617543999199949,0.014613755679164704,0.014539207170437924,0.001204,8.692e-4,6.339e-4,2.101e-4,0,0
BGD,BGD.4_1,BGD.4.6_1,PIGE,2.3710060481737276e-5,2.489955390527826e-5,2.2028843672637994e-5,2.054678439391421e-5,1.9364238813143102e-5,1.6912571504155872e-5,0.24977875319715304,0.25850464850535054,0.24759727937010365,0.2301454887537087,0.20942148739673963,0.22215638623059702,9.492e-5,9.632e-5,8.897e-5,8.928e-5,9.247e-5,7.613e-5
BGD,BGD.4_1,BGD.4.7_1,PIGE,6.5462679699437705e-6,2.707486777033338e-6,2.109827866630447e-6,3.169796114915491e-6,2.6948754746110275e-6,2.281145900965698e-6,0.025429360439882833,0.026317722376647302,0.025207269955691718,0.023430546082162787,0.021320686482347175,0.02261719520643386,2.574e-4,1.029e-4,8.37e-5,1.353e-4,1.264e-4,1.009e-4
BGD,BGD.4_1,BGD.4.8_1,PIGE,3.160501417726006e-5,3.183090435219297e-5,2.7817563339511417e-5,2.7137401446877444e-5,2.37155840518067e-5,2.0010380638405642e-05,0.23387631348911944,0.23844534799729802,0.21770963814147457,0.20731348927635537,0.1945148396790373,0.20203582057039465,1.351e-4,1.335e-4,1.278e-4,1.309e-4,1.219e-4,9.904e-5
BGD,BGD.4_1,BGD.4.9_1,PIGE,1.5009122860848026e-6,1.4239424252599407e-6,1.3469725644350793e-6,1.4737378598866514e-6,1.7905373782675818e-6,1.682390466559933e-6,0.006153468789829453,0.006368437131832229,0.006099726704328759,0.005669790020323209,0.005159240208066616,0.00547297306769829,2.439e-4,2.236e-4,2.208e-4,2.599e-4,3.471e-4,3.074e-4
BGD,BGD.5_1,BGD.5.1_1,PIGE,4.235642321965498e-5,3.244923861463339e-5,2.2721936530948612e-5,2.1110780147368862e-5,1.25958854592265e-5,8.002501325656544e-6,0.056278084978112784,0.05824413161490276,0.055786573318915296,0.05185448004533536,0.04718511928295919,0.05005444147143932,7.526e-4,5.571e-4,4.073e-4,4.071e-4,2.669e-4,1.599e-4
BGD,BGD.5_1,BGD.5.2_1,PIGE,0,0,0,0,0,0,0.0356984533930365,0.036945560935151306,0.03538667650750779,0.032892461423278174,0.02993058101075548,0.03175065652425066,0,0,0,0,0,0
BGD,BGD.5_1,BGD.5.3_1,PIGE,4.652302555041891e-5,6.0483159719123666e-5,7.810679998233145e-5,8.124144195028735e-5,8.043790651231271e-5,7.430527190511252e-5,0.5426417120812072,0.5615986277871009,0.5379024831547337,0.4999886517429463,0.4549659769414487,0.48263241060696876,8.573e-5,1.077e-4,1.452e-4,1.625e-4,1.768e-4,1.54e-4
BGD,BGD.5_1,BGD.5.4_1,PIGE,3.3641980672818364e-6,9.02407692957633e-7,9.107571805987253e-7,5.693113858871036e-6,6.243033768906939e-6,5.90538818040044e-6,0.0690570835270483,0.07146955806074431,0.06845396489362429,0.06362901582623229,0.057899388808704245,0.06142024461097519,4.872e-5,1.263e-5,1.33e-5,8.947e-5,1.078e-4,9.615e-5
BGD,BGD.5_1,BGD.5.5_1,PIGE,2.652010212305974e-4,1.6297603911041267e-4,7.320790275205854e-5,3.442077895889264e-5,2.480558554318319e-5,1.635596326393101e-5,0.21635747865294863,0.22391581851855386,0.21446789368654734,0.19935121395533698,0.18140015677452462,0.19243108141213372,0.001226,7.278e-4,3.413e-4,1.727e-4,1.367e-4,8.5e-5
BGD,BGD.5_1,BGD.5.6_1,PIGE,1.212120477357773e-5,1.0263515477676355e-5,9.056043068537964e-6,7.848570659399567e-6,6.641098250261172e-6,5.4336258411227766e-6,0.029214704029404508,0.03023530504353218,0.02895955377587259,0.026918351747617256,0.024494424339064038,0.02598392773161998,4.149e-4,3.395e-4,3.127e-4,2.916e-4,2.711e-4,2.091e-4
BGD,BGD.5_1,BGD.5.7_1,PIGE,0,0,0,0,5.99487180312023e-7,5.687442479883294e-7,0.040577552663667776,0.04172469984474958,0.03916263937941403,0.03677388057120651,0.033903198703225716,0.03564141887701921,0,0,0,0,1.768e-5,1.596e-5
BGD,BGD.5_1,BGD.5.8_1,PIGE,5.701817779476192e-4,4.4428319552382116e-4,3.4308151829339357e-4,2.443575241220811e-4,1.6076855904702963e-4,9.340604048909854e-5,0.010849207526882806,0.011228219143542467,0.010754454622717891,0.009996431389398569,0.00909627879983187,0.009649422566120603,0.05256,0.03957,0.0319,0.02444,0.01767,0.00968
BGD,BGD.6_1,BGD.6.1_1,PIGE,5.132586709880212e-4,3.9025717669646516e-4,3.050325542677955e-4,2.5610949451003554e-4,2.403632845254561e-4,2.1799632704844443e-4,0.6964530306830113,0.7207832675627672,0.6903704714630723,0.6417099977035606,0.5839256851141404,0.6194341452003389,7.37e-4,5.414e-4,4.418e-4,3.991e-4,4.116e-4,3.519e-4
BGD,BGD.6_1,BGD.6.2_1,PIGE,5.761342688439408e-5,5.444306120174263e-5,5.127269551909118e-5,4.810232983643973e-5,4.4931964153788275e-5,4.1761598471136826e-5,0.1495495578167192,0.15477399651773996,0.148243448141464,0.1377945707394225,0.12538652882449816,0.13301127058121912,3.852e-4,3.518e-4,3.459e-4,3.491e-4,3.583e-4,3.14e-4
BGD,BGD.6_1,BGD.6.3_1,PIGE,0,0,0,3.6051988645374703e-6,3.420316871484267e-6,3.2354348784310636e-6,0.15564166093092016,0.15956841620980156,0.14835824941292955,0.13997705977872651,0.12983430088769132,0.13592282996300817,0,0,0,2.576e-5,2.634e-5,2.38e-5
BGD,BGD.6_1,BGD.6.4_1,PIGE,2.3619435323051386e-4,1.839580395344132e-4,1.3174804805947564e-4,8.555578813205698e-5,3.5002782778970144e-5,9.840564852032542e-6,0.0689645532164249,0.07137379525018647,0.06836224270798451,0.06354375864046138,0.057821808810277646,0.06133794698092552,0.003425,0.002577,0.001927,0.001346,6.054e-4,1.604e-4
BGD,BGD.6_1,BGD.6.5_1,PIGE,1.7817479281825445e-4,1.0228367207032303e-4,6.0866595840182054e-5,3.3375462812382756e-5,9.912815819754114e-6,0,0.025568673657633174,0.026461902431698964,0.02534536646411673,0.023558908915985152,0.021437490577578905,0.02274110214652953,0.006968,0.003865,0.002401,0.001417,4.624e-4,0
BGD,BGD.6_1,BGD.6.6_1,PIGE,4.2328466171961455e-4,2.996319518422028e-4,2.082195863823584e-4,1.2672562268146117e-4,7.29679822091562e-5,5.527826191915402e-5,0.453210316154319,0.4432769605985365,0.3481997656087042,0.35906540209104565,0.3687257114662254,0.36032977200747185,9.34e-4,6.759e-4,5.98e-4,3.529e-4,1.979e-4,1.534e-4
BGD,BGD.6_1,BGD.6.7_1,PIGE,2.53527970742397e-4,1.736675536360128e-4,1.3266836911696666e-4,1.1242998203365652e-4,1.0283529378320288e-4,8.788965147400812e-5,0.9229029458930976,0.9551440968413281,0.9148426581560399,0.8503603562595791,0.7737876227575315,0.8208415674945394,2.747e-4,1.818e-4,1.45e-4,1.322e-4,1.329e-4,1.071e-4
BGD,BGD.6_1,BGD.6.8_1,PIGE,2.2306933744863815e-5,5.4670994071771144e-5,9.38321645476271e-5,1.175236448677266e-4,1.9677780362447857e-4,1.8525902271281056e-4,0.3966610594629459,0.410518214378682,0.3931967707340118,0.36548246090253966,0.3325717179776664,0.35279536950500084,5.624e-5,1.332e-4,2.386e-4,3.216e-4,5.917e-4,5.251e-4
BGD,BGD.7_1,BGD.7.1_1,PIGE,0.0015873329802821223,0.0019135861111030258,0.0020882161039737024,0.0020330796457167562,0.002050749383081428,0.001883917461457519,0.5961850329324734,0.6170124576637389,0.590978176749657,0.5493233272871262,0.49985819355037064,0.5302545182316067,0.002662,0.003101,0.003533,0.003701,0.004103,0.003553
BGD,BGD.7_1,BGD.7.2_1,PIGE,0.014867351788469135,0.014533556652297821,0.01396299846689078,0.01342390178193982,0.012695228063465552,0.011616997526725445,2.936048843310793,2.9670277015470754,2.629633949273047,2.542666880276796,2.430383875453725,2.492547599285321,0.005064,0.004898,0.00531,0.005279,0.005224,0.004661
BGD,BGD.7_1,BGD.7.3_1,PIGE,1.1231164131833367e-4,1.0161529452611142e-4,9.091894773388916e-5,8.022260094166692e-5,6.952625414944465e-5,5.88299073572224e-5,1.4411549606662273,1.409197269780317,1.1057796355139684,1.140943134393529,1.1723419336830592,1.1451904860397542,7.793e-5,7.211e-5,8.222e-5,7.031e-5,5.931e-5,5.137e-5
BGD,BGD.7_1,BGD.7.4_1,PIGE,0.0062680263530501,0.00583859448466767,0.005530877223736085,0.0058323634527025145,0.005950695852663438,0.005439166384502558,1.9627267450320292,1.9213458288458272,1.514378285085892,1.5587310865050479,1.5975631983912906,1.563205018853038,0.003194,0.003039,0.003652,0.003742,0.003725,0.003479
BGD,BGD.8_1,BGD.8.10_1,PIGE,1.417068584950386e-4,9.582046953563429e-5,5.8840433276816984e-5,3.210751443557693e-5,9.9915993935184155e-06,0,3.316755953965295e-5,3.432625157597271e-5,3.2877886530573016e-5,3.0560502457933515e-5,2.780860887167409e-5,2.949964748043049e-5,4.272,2.791,1.79,1.051,0.3593,0
BGD,BGD.8_1,BGD.8.13_1,PIGE,7.193396757347981e-4,3.006406263131698e-4,6.819265190266186e-5,2.1016403169617168e-5,0,0,0.005999761804713425,0.005866716755168243,0.004603539940298743,0.004749931288388154,0.004880649581585506,0.004767613702058942,0.1199,0.05125,0.01481,0.004425,0,0
BGD,BGD.8_1,BGD.8.16_1,PIGE,0.003737850798681576,0.003133906903156988,0.0027769722964568265,0.0025162469356589815,0.002165401455821355,0.0018924682216912255,0.07199023994949076,0.07450518282982233,0.07136150422940787,0.06633161846874479,0.060358629127957315,0.06402903107787118,0.05192,0.04206,0.03891,0.03793,0.03588,0.02956
BGD,BGD.8_1,BGD.8.5_1,PIGE,2.1273328897752742e-4,1.9095946619173378e-4,1.7046891287182903e-4,1.514304610779697e-4,1.2746221457846633e-4,1.0444065586581798e-4,0.04798783578418773,0.0496642667286135,0.04756872804808128,0.04421586615922975,0.040234342666218524,0.0426809888526739,0.004433,0.003845,0.003584,0.003425,0.003168,0.002447
BHS,BHS.16_1,NA,PIGE,1.5835547668806974e-4,1.4568703855302417e-4,1.330186004179786e-4,1.20350162282933e-4,1.0768172414788743e-4,9.501328601284186e-5,0.16356321032793353,0.16407340582608784,0.1639003037820712,0.1638456399786975,0.16393674631765368,0.16392265672233378,9.682e-4,8.879e-4,8.116e-4,7.345e-4,6.568e-4,5.796e-4
BTN,BTN.11_1,BTN.11.10_1,PIGE,0.03863417695398689,0.03593626315174591,0.03323834934950493,0.03054043554726394,0.02784252174502296,0.02514460794278198,0.44010342507847594,0.4303441073087987,0.3376856883917263,0.34842400364374027,0.35801264573139313,0.3497210702729612,0.08778,0.08351,0.09843,0.08765,0.07777,0.0719
BTN,BTN.11_1,BTN.11.1_1,PIGE,2.1974077145673405e-5,1.934380487668528e-5,1.6713532607697157e-5,1.408326033870903e-5,1.2144483504012588e-5,1.0897202103607828e-5,0.17005199540015092,0.16628108300567945,0.13047870536078468,0.13462789355561694,0.13833285840539622,0.1351290684065662,1.292e-4,1.163e-4,1.281e-4,1.046e-4,8.779e-5,8.064e-5
BTN,BTN.11_1,BTN.11.4_1,PIGE,0.0040657562486790975,0.0037139439785771737,0.004360566558112428,0.003926552914298044,0.0034880585568391326,0.0030516451336721657,0.5022221389908604,0.49108533530771525,0.3853485773269167,0.3976025597949309,0.408544597654373,0.39908270182478406,0.008096,0.007563,0.01132,0.009876,0.008538,0.007647
BTN,BTN.11_1,BTN.11.7_1,PIGE,0,0,0,0,0,0,7.526946528748481e-4,7.360036073560983e-4,5.775329104959637e-4,5.958983037433218e-4,6.122974481635681e-4,5.981166348459776e-4,0,0,0,0,0,0
BTN,BTN.11_1,BTN.11.8_1,PIGE,6.584003496076771e-5,5.278970235625662e-5,3.973936975174554e-5,3.163915329995495e-5,2.8489053000884864e-5,2.5338952701814784e-5,0.11408814072713076,0.11155822990239864,0.08753836062944442,0.09032205726035705,0.09280772377768344,0.09065829622532452,5.771e-4,4.732e-4,4.54e-4,3.503e-4,3.07e-4,2.795e-4
BTN,BTN.12_1,BTN.12.10_1,PIGE,0,0,0,0,0,0,0.001989434083379633,0.0019453182726515837,0.0015264671431180605,0.001575008393067712,0.0016183526851033933,0.001580871625238937,0,0,0,0,0,0
BTN,BTN.12_1,BTN.12.4_1,PIGE,0,0,0,0,0,0,5.37670223040538e-6,5.2574735613485525e-06,4.125474355551813e-6,4.256663344949032e-6,4.3738068852203885e-6,4.272509486198837e-6,0,0,0,0,0,0
BTN,BTN.12_1,BTN.12.9_1,PIGE,1.5039079883215526e-6,2.516036328387201e-6,2.4036139172363456e-6,2.219720053642995e-6,2.0358261900496437e-6,1.851932326456293e-6,0.00937772101343652,0.009169769531783797,0.007195404524296083,0.007424216478144799,0.00762853120343845,0.007451854365722028,1.604e-4,2.744e-4,3.34e-4,2.99e-4,2.669e-4,2.485e-4
BTN,BTN.13_1,BTN.13.11_1,PIGE,0,0,0,0,0,0,0.13745542007371597,0.1344073385382799,0.10546777304105283,0.10882162022728267,0.11181639543463268,0.10922672690953894,0,0,0,0,0,0
BTN,BTN.13_1,BTN.13.12_1,PIGE,0,0,0,0,0,0,0.02912991540446166,0.0284839579207514,0.022351008821152374,0.023061764968578015,0.023696425634550294,0.023147616245869067,0,0,0,0,0,0
BTN,BTN.13_1,BTN.13.8_1,PIGE,2.0298767615558978e-5,1.836555165217241e-5,1.6432335688785838e-5,1.449911972539927e-5,1.25659037620127e-5,1.063268779862613e-5,0.010409160837335566,0.010178337120594159,0.007986815013559793,0.008240793610886765,0.008467580570529777,0.008271471343417235,0.00195,0.001804,0.002057,0.001759,0.001484,0.001285
BTN,BTN.2_1,BTN.2.11_1,PIGE,5.574773750981658e-6,4.9131539301624704e-6,4.251534109343284e-6,3.5899142885240964e-6,2.9282944677049092e-6,2.266674646885722e-6,0.011847056124812875,0.01158434700061864,0.009090093543828929,0.009379156105552598,0.009637270845179789,0.00941407158286628,4.706e-4,4.241e-4,4.677e-4,3.828e-4,3.039e-4,2.408e-4
BTN,BTN.3_1,BTN.3.9_1,PIGE,0.0033213183144343034,0.0035924878284598707,0.004299010625907938,0.003969862985753105,0.003593077112308802,0.00321629123886451,0.0023770384228216056,0.002324327464448782,0.0018238709594249744,0.0018818695717871868,0.0019336586953573364,0.0018888751460202618,1.397,1.546,2.357,2.11,1.858,1.703
BTN,BTN.9_1,BTN.9.2_1,PIGE,0,0,0,0,0,0,0.04117293498067922,0.040259922872411584,0.031591462596727765,0.032596062721333405,0.03349310763107829,0.032717407016668074,0,0,0,0,0,0
BTN,BTN.9_1,BTN.9.8_1,PIGE,0,0,0,0,0,0,0.046454708919145736,0.04542457318194042,0.03564409969679693,0.03677757260541014,0.03778969282926969,0.03691448327066672,0,0,0,0,0,0
CAF,CAF.13_1,CAF.13.5_1,PIGE,0.00229954854478708,0.001837442308093897,0.0014639860792531871,0.0011709807406209726,9.323012701577045e-4,7.81206157511572e-4,0.014349681334318807,0.014622225779317927,0.014901259377769408,0.015184619078522464,0.015474467932727878,0.015250914793751449,0.1603,0.1257,0.09825,0.07712,0.06025,0.05122
CAF,CAF.3_1,CAF.3.4_1,PIGE,0.00280685483975336,0.003014224826870629,0.0027665233679499976,0.0025050870686356293,0.0023527934133573056,0.0021136465767076624,0.17549962527301222,0.17883290124292467,0.18224554092640655,0.18571108975226797,0.18925600229169873,0.18652190031375881,0.01599,0.01685,0.01518,0.01349,0.01243,0.01133
CAF,CAF.6_1,CAF.6.2_1,PIGE,0.0059226783178460566,0.004591403173243483,0.0034028313887349768,0.002383275386227904,0.00158684947108741,0.00225446999058934,0.10478448196058196,0.10677466054469911,0.10881222433320004,0.1108813782579568,0.11299791738709727,0.1113654839335206,0.05652,0.043,0.03127,0.02149,0.01404,0.02024
CAF,CAF.7_1,CAF.7.3_1,PIGE,0.10196417933676043,0.10211356638387628,0.10000410795070816,0.09673806745749002,0.09469999842676634,0.11287758632087076,0.33920364236753575,0.34564615954243916,0.3522420699834118,0.3589402426017638,0.3657918084861849,0.3605073678608629,0.3006,0.2954,0.2839,0.2695,0.2589,0.3131
CHN,CHN.30_1,CHN.30.11_1,PIGE,0.1229893430276231,0.11388026436021485,0.10501237254871822,0.09487723027552,0.09207002914306715,0.08245170475253738,0.1453155810596772,0.14636672853516297,0.1408682790734075,0.1356355380988843,0.11414942134548213,0.1218066802553661,0.8464,0.778,0.7455,0.6995,0.8066,0.6769
CHN,CHN.30_1,CHN.30.14_1,PIGE,0.11171164415691769,0.09666238099344795,0.08248909642384289,0.07041439276127125,0.060124173174368474,0.05801602768423238,0.06371184251346729,0.06417270529176133,0.061761977249929684,0.05946774585057496,0.05004742026101171,0.05340465195078504,1.753,1.506,1.336,1.184,1.201,1.086
CHN,CHN.30_1,CHN.30.4_1,PIGE,0.04086206227821178,0.03247339180198874,0.024941489362076397,0.019733311616074986,0.015269938766592498,0.011719602992183227,0.20372553252159512,0.20519919128303324,0.1974906266785316,0.19015457273436087,0.16003205906109969,0.1707671718253063,0.2006,0.1583,0.1263,0.1038,0.09542,0.06863
CHN,CHN.30_1,CHN.30.9_1,PIGE,0.09003308814953923,0.08578287438752495,0.07884802854826291,0.07337575388306312,0.06733996720200669,0.06179244560678436,0.279090056249768,0.2811088680380211,0.2705486613597184,0.26049876882740697,0.21923298377140898,0.2339393545837785,0.3226,0.3052,0.2914,0.2817,0.3072,0.2641
COD,COD.10_1,COD.10.1_1,PIGE,24.49392529184956,20.954521865799048,17.610824144531936,14.359226373777116,11.213300469912559,8.174940600894729,76.50672082269676,77.95981802252489,79.44751277472987,80.95827256185277,82.50362990135253,81.31173461153847,0.3202,0.2688,0.2217,0.1774,0.1359,0.1005
COD,COD.11_1,COD.11.10_1,PIGE,61.59858882383745,53.32140024379037,45.17801170656776,37.09907434819909,29.10794766932005,21.198719865963135,1.0701258413150678,1.0904508120726346,1.1112597107053817,1.1323912279215822,1.1540066730129628,1.1373352232885965,57.56,48.9,40.65,32.76,25.22,18.64
COD,COD.11_1,COD.11.12_1,PIGE,15.688475312621822,13.765627994581726,11.814748782502555,9.884609716996694,7.930893482531193,5.9828645556831965,16.114259477935658,16.420318672120143,16.733664989975694,17.051869390278615,17.377360914252595,17.126317479583584,0.9736,0.8383,0.706,0.5797,0.4564,0.3493
COD,COD.11_1,COD.11.13_1,PIGE,0.017659200689843505,0.015580271500177144,0.013480243054444325,0.011369310558690853,0.009258362277506302,0.0071470903962745315,0.2372854709155103,0.24179224953102949,0.24640633239929915,0.2510919514360691,0.2558848747255895,0.2521882134115994,0.07442,0.06444,0.05471,0.04528,0.03618,0.02834
COD,COD.11_1,COD.11.14_1,PIGE,9.795804039548145,8.466142588748086,7.153196528784982,5.859882876295514,4.5666296926513965,3.276416723631267,5.056726214226639,5.152768949076286,5.251098415708068,5.350952370194605,5.453093056463277,5.374314511365473,1.937,1.643,1.362,1.095,0.8374,0.6096
COD,COD.11_1,COD.11.15_1,PIGE,0.0031772744092010874,0.0028428565577474424,0.0025086168176379773,0.002174555188872682,0.001840493560107397,0.0015064319313421019,0.005666487469648448,0.005774111440280902,0.005884297886404607,0.005996192649522476,0.006110649888131594,0.006022371895659322,0.5607,0.4923,0.4263,0.3627,0.3012,0.2501
COD,COD.11_1,COD.11.16_1,PIGE,7.7655340911639295,6.728355295580132,5.684340342077331,4.658128259182861,3.6238409428922367,2.5923689710051887,15.045477430144127,15.331237176330161,15.62380072599682,15.920900144650554,16.224803366784908,15.990410446932144,0.5161,0.4389,0.3638,0.2926,0.2234,0.1621
COD,COD.11_1,COD.11.17_1,PIGE,13.254341577908631,11.611411460156507,9.990408605905067,8.376496171393562,6.77668811651938,5.192501431971671,0.438242339239708,0.4465659049231875,0.4550876507419881,0.46374151665100244,0.47259356269533787,0.4657662019834939,30.24,26,21.95,18.06,14.34,11.15
COD,COD.11_1,COD.11.18_1,PIGE,1.5693457139369447,1.3511693788872836,1.1429429861705893,0.9483527610629721,0.7529465770571158,0.559342120320951,0.2016456935624408,0.20547556353362972,0.20939662088508512,0.21337846982338474,0.21745150614195077,0.21431007556194534,7.783,6.576,5.458,4.444,3.463,2.61
COD,COD.11_1,COD.11.2_1,PIGE,8.965499601331522e-5,5.879304209792497e-5,3.364419590846709e-5,1.4272362850307919e-5,3.332356538890214e-6,1.4242455649924263e-6,1.6898292388484168e-4,1.7219242771503314e-4,1.7547834830308629e-4,1.788152133963806e-4,1.8222849524753657e-4,0.00017959591671232379,0.5306,0.3414,0.1917,0.07982,0.01829,0.00793
COD,COD.11_1,COD.11.3_1,PIGE,0.5412757536686172,0.47148668062146304,0.40176177239716904,0.33222080704876145,0.2629956723861456,0.19399326632915476,0.09619340571664706,0.09802041342245012,0.0998909213117247,0.10179042932331359,0.103733437518374,0.10223484411439647,5.627,4.81,4.022,3.264,2.535,1.898
COD,COD.11_1,COD.11.4_1,PIGE,52.95987897466734,46.07000360855711,39.16531182708645,32.33276489176171,25.57402911787637,18.91645030966133,14.45179989960597,14.726283889257815,15.00730321199661,15.29267942346004,15.584590968010417,15.359446927794732,3.665,3.128,2.61,2.114,1.641,1.232
COD,COD.11_1,COD.11.5_1,PIGE,0.028761146328870352,0.025427188848957387,0.022094362861291534,0.01876483296690099,0.015471723253388879,0.012221075439100872,0.020327480128110507,0.020713561300275404,0.02110883488130137,0.021510236734901385,0.021920830997362462,0.021604149958651734,1.415,1.228,1.047,0.8724,0.7058,0.5657
COD,COD.11_1,COD.11.6_1,PIGE,1.9408001245934523,1.6995156653925318,1.4550971149683474,1.2130322582937945,0.9678626190025842,0.7219913048054618,0.26063528391947355,0.26558554707501375,0.2706536736390192,0.2758003758086682,0.28106494138678234,0.2770045142253191,7.446,6.399,5.376,4.398,3.444,2.606
COD,COD.11_1,COD.11.7_1,PIGE,3.208036157756294,2.7865126891057534,2.3721742162460395,1.9686921125552514,1.5707464393432555,1.1754093490786226,0.5477847239002489,0.5581888353279594,0.5688406636944249,0.5796576366867271,0.5907223266177842,0.5821884092674133,5.856,4.992,4.17,3.396,2.659,2.019
COD,COD.11_1,COD.11.9_1,PIGE,15.384765026909017,13.296921085648197,11.220424631968319,9.153046621301291,7.089540254417446,5.027911702311205,0.16206882586505308,0.1651470097750616,0.1682984837781656,0.17149881784333323,0.17477244200159628,0.17224757793609913,94.93,80.52,66.67,53.37,40.56,29.19
COD,COD.12_1,COD.12.1_1,PIGE,1.5734362105861261,1.4453231678946914,1.3246304992148912,1.2203730880141652,1.1407001239740873,1.0374026102739686,8.932512471978944,9.102168271115112,9.27586349404024,9.452251666158002,9.632679262064721,9.49351999047301,0.1761,0.1588,0.1428,0.1291,0.1184,0.1093
COD,COD.12_1,COD.12.2_1,PIGE,0.9246315941784109,0.5713266835637987,0.27941556237950693,0.10599800787399116,0.03445783389667796,0,0.006398413721824037,0.006519939216088405,0.006644358174501928,0.0067707061090148835,0.006899947507676992,0.006800266863998676,144.5,87.63,42.05,15.66,4.994,0
COD,COD.12_1,COD.12.4_1,PIGE,0.481385850302032,0.3147032061431728,0.189828613676273,0.09151153141366061,0.023834683280592746,4.573602969647033e-6,0.07047589340713736,0.07181444670368532,0.07318487031681781,0.07457654080767324,0.07600008161511317,0.07490214035591225,6.831,4.382,2.594,1.227,0.3136,6.106e-5
COD,COD.12_1,COD.12.6_1,PIGE,3.5825844218181278,3.5878324421436076,3.423552234015229,3.3714537113010703,3.353868907644126,3.356072941913907,31.98014954524292,32.587550636997605,33.209413659508364,33.840917969189825,34.486884209627355,33.98866667787796,0.112,0.1101,0.1031,0.09963,0.09725,0.09874
COD,COD.12_1,COD.12.7_1,PIGE,0.016072237111345776,0.017939845055676813,0.018216235460949613,0.02004717799500506,0.020341984681376345,0.01887026203310965,0.27952381286861805,0.2848328271015764,0.2902682464353195,0.29578793583625246,0.3014340303379701,0.2970793395034084,0.0575,0.06298,0.06276,0.067780000000000007,0.06748,0.06352
COD,COD.12_1,COD.12.8_1,PIGE,4.101375197511472,4.473828361527932,4.3532645327770885,4.407523150633861,4.20272739949714,3.876080147682757,5.4112227569012346,5.513998467991008,5.619221219821014,5.726075332144508,5.8353764852082355,5.75107525197368,0.7579,0.8114,0.7747,0.7697,0.7202,0.674
COD,COD.13_1,COD.13.10_1,PIGE,1.325588378279194e-4,1.2057390859551157e-4,1.1135941820250445e-4,1.023156173153303e-4,1.0824631812377138e-4,9.898464471456063e-5,0.026070930075230946,0.026566096971444256,0.027073053555662648,0.027587869931884425,0.028114475996111277,0.027708317969422976,0.005085,0.004539,0.004113,0.003709,0.00385,0.003572
COD,COD.13_1,COD.13.12_1,PIGE,37.3233040914596,37.49510244040691,36.91149333619115,37.1120438432928,37.012371139333645,35.10234555191729,37.3598171807879,38.06939465512906,38.795866831240254,39.5336021418648,40.28823215425937,39.7062049853092,0.999,0.9849,0.9514,0.9387,0.9187,0.8841
COD,COD.13_1,COD.13.13_1,PIGE,0.00227713681364664,0.00217760869087183,0.00201761198324222,0.00185210498843313,0.00173528676642603,0.00158669140618809,0.020142776582372342,0.02052534966789826,0.020917031636412887,0.021314786193586652,0.021721649633749132,0.02140784608454272,0.113,0.1061,0.09646,0.08689,0.07989,0.07412
COD,COD.13_1,COD.13.1_1,PIGE,0.992694851147932,0.723726228999401,0.550468527737717,0.44542306911022395,0.36932316037348023,0.35977552966886533,1.9794968388802363,2.017093553034428,2.0555854270494343,2.0946740743049834,2.1346578814213464,2.103819375560784,0.5015,0.3588,0.2678,0.2126,0.173,0.171
COD,COD.13_1,COD.13.3_1,PIGE,13.336238184706298,13.491222187978883,13.490884980853176,13.548847954424147,13.50676270373862,13.31188845538981,75.1914362897896,76.61955220364452,78.08167087735313,79.56645805763085,81.08524799776227,79.91384347559163,0.1774,0.1761,0.1728,0.1703,0.1666,0.1666
COD,COD.13_1,COD.13.4_1,PIGE,9.552799448948268e-4,7.179650197882516e-4,6.193675370630413e-4,6.926317703286554e-4,5.990456742561389e-4,5.528322866034078e-4,0.07455653494601994,0.07597259213673421,0.07742236497484645,0.078894614911224,0.0804005804949995,0.07923906707668218,0.01281,0.00945,0.008,0.008779,0.007451,0.006977
COD,COD.13_1,COD.13.6_1,PIGE,0.2855322704314924,0.2392223498554886,0.19778365037437123,0.17913589407231928,0.17758171896109337,0.19325033266662758,2.556901319940399,2.60546471552564,2.6551843824343395,2.705674896892011,2.757321682673141,2.7174878143935297,0.1117,0.09182,0.07449,0.06621,0.0644,0.07111
COD,COD.13_1,COD.13.8_1,PIGE,20.87005579885467,21.497101624269717,21.83000686132369,21.976865196859258,21.64819153389599,20.5594524612574,3.8569892679547557,3.93024531977301,4.005245563301223,4.0814086013027415,4.159315831014219,4.099227942108453,5.411,5.47,5.45,5.385,5.205,5.015
COD,COD.14_1,COD.14.1_1,PIGE,1.1471826480932212,1.128238738054598,1.0696922005799367,1.0225601105056958,0.978265249934228,0.8910516818894304,41.1757237127938,41.95777695183691,42.75845050609534,43.57153760383064,44.403245016781256,43.76176998530397,0.02786,0.02689,0.02502,0.02347,0.02203,0.02036
COD,COD.14_1,COD.14.2_1,PIGE,0.0014292217987331736,0.001318646663707502,0.001194041420163561,0.0011354906545455283,0.0011822594950185853,0.0010710987725804032,0.3350469540654902,0.34141052298503366,0.3479256054502806,0.3545416969459965,0.36130930198741584,0.3560896182508371,0.004266,0.003862,0.003432,0.003203,0.003272,0.003008
COD,COD.14_1,COD.14.3_1,PIGE,0.09049587957837654,0.0891279761657166,0.08366873387196913,0.0771747508276633,0.072580168855782,0.06587685993572932,6.547095795897566,6.671445218611327,6.798755341865893,6.928039265480995,7.060283889636899,6.95828693358939,0.01382,0.01336,0.01231,0.01114,0.01028,0.009467
COD,COD.14_1,COD.14.4_1,PIGE,0.5070356313138494,0.3951700943207949,0.30373118615973466,0.23180641342697778,0.18901444592836586,0.15842844843099368,16.765869773262732,17.084305044807966,17.410322108532856,17.741393700377508,18.080047084401805,17.818852237759533,0.03024,0.02313,0.01745,0.01307,0.01045,0.008891
COD,COD.14_1,COD.14.5_1,PIGE,5.471449423716771e-4,4.847952200147688e-4,4.3692606152015905e-4,4.3462749697893466e-4,3.9863348770908055e-4,3.592653761949955e-4,0.08288620584401356,0.08446046902404758,0.08607221466074909,0.08770894860189557,0.08938316499970952,0.08809188395572143,0.006601,0.00574,0.005076,0.004955,0.00446,0.004078
COD,COD.14_1,COD.14.6_1,PIGE,1.0219271835442294,0.9573104231089133,0.8652296522932977,0.7803573133957508,0.7142629490674648,0.6380127005770632,35.605747253300585,36.28200956169911,36.974373353630945,37.677471467918316,38.39667106573898,37.84197048538253,0.0287,0.02639,0.0234,0.02071,0.0186,0.01686
COD,COD.14_1,COD.14.7_1,PIGE,0.018984090984935437,0.014491879416513576,0.011061591988502446,0.008751710385718151,0.00749021183223524,0.00656621442049691,0.4650106971508027,0.47384267602342867,0.48288494010730776,0.49206739433202223,0.5014601337679895,0.4942157498277649,0.04083,0.03058,0.02291,0.01779,0.01494,0.01329
COD,COD.14_1,COD.14.8_1,PIGE,1.1391747689035974,1.0569685219651952,0.9766450801461458,0.9394114142021301,0.9132032065593109,0.8252205067915958,65.9056601947785,67.15741075018128,68.43896489023653,69.74038808672672,71.07161486786937,70.04487309781905,0.01728,0.01574,0.01427,0.01347,0.01285,0.01178
COD,COD.14_1,COD.14.9_1,PIGE,0.0019123966193069113,0.0017619217047109153,0.0016124845531775391,0.001464325882272493,0.001340278440426267,0.0011923967974413207,0.9978367150406007,1.016788693650054,1.0361919098454475,1.0558959510981334,1.0760512299367586,1.0605059697573735,0.001917,0.001733,0.001556,0.001387,0.001246,0.001124
COD,COD.15_1,COD.15.1_1,PIGE,1.8160736187496926,1.1744570809155535,0.6505846054814141,0.28399562476052087,0.07309306095611565,0.006185512159547832,0.04743660459969367,0.04833757116278704,0.04925998931071596,0.05019670851520193,0.05115487930452344,0.05041586624816496,38.28,24.3,13.21,5.658,1.429,0.1227
COD,COD.15_1,COD.15.2_1,PIGE,0.3262847085227392,0.21764050418909442,0.12829674041486705,0.07128935694651477,0.04163939429337532,0.02907636333628402,4.387221564196757,4.470548353025336,4.5558591130165,4.642492520449387,4.73110989904486,4.662761541390699,0.07437,0.04868,0.02816,0.01536,0.008801,0.006236
COD,COD.15_1,COD.15.4_1,PIGE,4.832308218892058e-5,3.5437072130470873e-5,2.255106207202116e-5,1.2081042782097226e-5,4.027014260699076e-6,0,0.04240440728662096,0.04320979699390378,0.0440343626465981,0.044871712262900085,0.04572823782461356,0.045067621178536035,0.00114,8.201e-4,5.121e-4,2.692e-4,8.806e-5,0
COD,COD.15_1,COD.15.5_1,PIGE,1.1865342592598358,1.0573431719369124,0.9380778775940976,0.8467835355991218,0.7814958468178095,0.7036099597102707,48.252952288570285,49.16942379721662,50.10771605606884,51.06055548172496,52.03521565758695,51.28348475167539,0.02459,0.0215,0.01872,0.01658,0.01502,0.01372
COD,COD.15_1,COD.15.6_1,PIGE,3.6020415957873877,3.3414341734045068,3.0619628069086255,2.8224608251543137,2.647861563171135,2.417738507810699,28.68220008818663,29.22696300816123,29.784696473849515,30.35107697001359,30.93042801189134,30.483589109125667,0.1256,0.1143,0.1028,0.09299,0.08561,0.07931
COD,COD.16_1,COD.16.10_1,PIGE,1.053604921536717,0.7307414842559045,0.5332314664379029,0.4118449238314602,0.3619000921677642,0.31056027751996035,0.7722931667131622,0.7869613818180549,0.8019788401397308,0.8172291272725954,0.8328286576222433,0.8207971317920588,1.364,0.9286,0.6649,0.504,0.4345,0.3784
COD,COD.16_1,COD.16.11_1,PIGE,0.515215354094781,0.4664063419613979,0.4236268742195066,0.39347094348059625,0.4252226404550857,0.38907941581281985,4.861711296861462,4.954050100510021,5.048587447102594,5.144590488991176,5.242792073823772,5.167051658696139,0.106,0.09415,0.08391,0.07648,0.08111,0.0753
COD,COD.16_1,COD.16.1_1,PIGE,1.5197286386103004,1.4275101058657493,1.350490326533236,1.3969351147498228,1.7310186505390384,1.6830924504668043,5.470538267000015,5.574440561489312,5.680816720133119,5.788842121546595,5.899341387114578,5.814116079807321,0.2778,0.2561,0.2377,0.2413,0.2934,0.2895
COD,COD.16_1,COD.16.2_1,PIGE,0.04057511047636826,0.03807108873373825,0.03491759841520334,0.03216073339367217,0.02897895071130198,0.02627541931281637,0.28178104967378576,0.28713293575441534,0.29261224769410765,0.2981765102065083,0.30386819857797154,0.29947834233719267,0.144,0.1326,0.1193,0.1079,0.09537,0.08774
COD,COD.16_1,COD.16.3_1,PIGE,0.5135744022790985,0.38054305612838735,0.2853870425331235,0.21003754557952717,0.16394415017849656,0.1490642342343278,0.7624800308978011,0.776961864466255,0.7917885035958626,0.8068450130995726,0.8222463281644362,0.81036768080337,0.6736,0.4898,0.3604,0.2603,0.1994,0.1839
COD,COD.16_1,COD.16.4_1,PIGE,0.03371899253056993,0.030637270143672502,0.02850484509519156,0.02599262822162286,0.02254632513199162,0.02300584610920304,0.05136326927815517,0.052338815242738763,0.05333758849219339,0.05435184659822872,0.05538933198913508,0.05458914557330425,0.6565,0.5854,0.5344,0.4782,0.4071,0.4214
COD,COD.16_1,COD.16.6_1,PIGE,3.7279945336074043,3.3692477466007853,3.1320747810081464,2.979882125519111,2.8461087269881515,2.70486843796409,11.714823811124816,11.937324233223356,12.165122284419484,12.396452088347333,12.633079521372766,12.450574727397349,0.3182,0.2822,0.2575,0.2404,0.2253,0.2172
COD,COD.16_1,COD.16.7_1,PIGE,3.1044416326513526,1.9445471170587507,1.2145146311817423,0.6039758618002408,0.20743941378144484,0.08877548142747706,0.527481454919997,0.5374999450194723,0.5477569705975066,0.5581730198279136,0.5688276045368795,0.560609991040669,5.885,3.618,2.217,1.082,0.3647,0.1584
COD,COD.16_1,COD.16.8_1,PIGE,0.8888681750710542,0.6049789315062616,0.3962629165394714,0.21405718526040024,0.08770931452541769,0.0485983577479761,0.5088560501267663,0.5185207866832892,0.5284156360149673,0.5384638938634158,0.5487422644870193,0.5408148154627038,1.747,1.167,0.7499,0.3975,0.1598,0.08986
COD,COD.16_1,COD.16.9_1,PIGE,0.00522451703708037,0.0032433267306769672,0.001528238082130152,5.102939059155837e-4,1.9057563908648389e-4,4.471266200498127e-5,0.01799439746667054,0.018336166245808392,0.018686072376830478,0.019041403409108718,0.01940487179327119,0.019124537760483788,0.2903,0.1769,0.08178,0.0268,0.009821,0.002338
COD,COD.17_1,COD.17.10_1,PIGE,0.05866932793863151,0.041407134531048294,0.02869141003706552,0.020416009079885365,0.014301717752347285,0.01177847105359136,0.07583260546713223,0.07727289914950465,0.07874748553860024,0.08024493373217792,0.08177667463247876,0.08059528136011429,0.7737,0.5359,0.3643,0.2544,0.1749,0.1461
COD,COD.17_1,COD.17.11_1,PIGE,7.8428842651333754,6.288179662568096,5.034817591130985,4.08500898649963,3.2853279299086275,2.7945966282374224,9.040005918645901,9.211703347911712,9.38748881120766,9.565999630523702,9.74859848386988,9.607764575966607,0.8676,0.6826,0.5363,0.427,0.337,0.2909
COD,COD.17_1,COD.17.12_1,PIGE,1.2759511024335306,0.8214958758178095,0.48878589341804296,0.2411104494489097,0.06688969418624913,4.395913235077044e-4,5.739335804412308e-4,5.848343388276636e-4,5.959946390804401e-4,6.073279672441122e-4,6.189208372741281e-4,6.099795478836269e-4,2223,1405,820.1,397,108.1,0.7207
COD,COD.17_1,COD.17.1_1,PIGE,5.778555207810437,4.7793364092943404,3.932048357233209,3.3332512395729625,2.8752198897918033,2.55148409424037,23.06381052881557,23.50186300494321,23.950345301931034,24.405780812825643,24.871646144580435,24.512335918774706,0.2505,0.2034,0.1642,0.1366,0.1156,0.1041
COD,COD.17_1,COD.17.2_1,PIGE,14.131862103959214,13.364961637005077,12.299889812596058,11.137776934991274,10.031846093765155,9.000938187872716,0.9959350721685463,1.0148509327493778,1.0342171709630863,1.0538836609320463,1.0740005285338832,1.0584848939763745,14.19,13.17,11.89,10.57,9.341,8.504
COD,COD.17_1,COD.17.3_1,PIGE,0.11473499936711558,0.07576138778437091,0.04390984688571755,0.02067333854996633,0.006095461774426688,0,0.1538881451369389,0.15681095283776106,0.15980335119812664,0.16284214333152114,0.16595052612445899,0.16355310857245065,0.7456,0.4831,0.2748,0.127,0.03673,0
COD,COD.17_1,COD.17.4_1,PIGE,8.501104273177619,7.584733463881286,6.678373973378095,6.044127844714206,5.51414936541184,4.993788271591442,61.46726159719481,62.63471335499501,63.82996158321903,65.0437407917256,66.28531647065597,65.32772034331379,0.1383,0.1211,0.1046,0.09292,0.08319,0.07644
COD,COD.17_1,COD.17.5_1,PIGE,0.08630941052268319,0.07199762077079604,0.059760499228145934,0.05343221737950701,0.04790376554417618,0.04321345595735315,2.2147888769256574,2.2568545082932534,2.2999217023124596,2.343656604766071,2.3883930698712925,2.3538889583115,0.03897,0.0319,0.02598,0.0228,0.02006,0.01836
COD,COD.17_1,COD.17.6_1,PIGE,1.5920827938230673,1.055383062443191,0.6929743596750149,0.45306706398359214,0.29115060267053966,0.21507112441643222,1.328238807384316,1.3534661347479613,1.3792941127631222,1.4055225245459602,1.4323515869803132,1.4116590051882056,1.199,0.7798,0.5024,0.3223,0.2033,0.1524
COD,COD.17_1,COD.17.7_1,PIGE,1.35619651086129,1.357527372067753,1.3148661253965581,1.2294974964006973,1.1290148954158319,1.0271211903848445,0.03806534152200817,0.03878831906674332,0.0395285103625436,0.040280177492387305,0.041049058373296116,0.04045603986750512,35.63,35,33.26,30.52,27.5,25.39
COD,COD.17_1,COD.17.8_1,PIGE,2.1647888330869502,1.1908858983665451,0.5725131954262731,0.21969505076869766,0.05520719290555733,0.023256500373070855,0.04861666031498347,0.04954003975418877,0.050485404418137036,0.05144542589858064,0.05242743260376723,0.05167003550436458,44.53,24.04,11.34,4.27,1.053,0.4501
COD,COD.18_1,COD.18.2_1,PIGE,2.4331603950869343,1.4574745802150377,0.7829959379515168,0.38291610302886336,0.2050105902614614,0.16660716383605745,0.5723863723574832,0.5832577445186292,0.5943879588740884,0.6056907346924227,0.6172523527050701,0.6083351672103777,4.251,2.499,1.317,0.6322,0.3321,0.2739
COD,COD.18_1,COD.18.4_1,PIGE,1.0191136384274162,0.5903653038510891,0.3899208242339911,0.31960972953571776,0.33325603475607035,0.3081410239681135,1.5188938360388478,1.5477422869494437,1.5772776057388638,1.6072708364474995,1.6379509350349588,1.6142881458128489,0.671,0.3814,0.2472,0.1989,0.2035,0.1909
COD,COD.19_1,COD.19.11_1,PIGE,0.5857813500560547,0.40204339746214973,0.25965702327809664,0.15451100731124234,0.08680233282423008,0.06024038792853014,0.2257646277456723,0.23005259022622015,0.23444264705154305,0.2389007667733825,0.24346098083999693,0.2399438023029597,2.595,1.748,1.108,0.6468,0.3565,0.2511
COD,COD.19_1,COD.19.4_1,PIGE,0.9403915649446994,0.5771685344889061,0.3318034804211485,0.16673194312932746,0.048490668944851364,0.00114426186420076,0.005223577789307362,0.005322789547138644,0.0054243634896801955,0.005527512222028593,0.005633023139087258,0.005551645219656085,180,108.4,61.17,30.16,8.608,0.2061
COD,COD.19_1,COD.19.5_1,PIGE,0.03756628023602646,0.027082724561292997,0.01805772261809936,0.010116366205045954,0.0037766197045562356,0.00105086202939395,0.9263176916333682,0.943911304709311,0.961923813334681,0.9802155856596692,0.9989262535340845,0.9844951854964421,0.04055,0.02869,0.01877,0.01032,0.003781,0.001067
COD,COD.19_1,COD.19.7_1,PIGE,0.4855235325791419,0.32076926632800434,0.20723387860277484,0.11407040037464283,0.044033984959503385,0.017980769513348368,4.170989396666148,4.25020927366041,4.331315338202155,4.413678861108888,4.497928571563103,4.432948886611348,0.1164,0.07547,0.04785,0.02584,0.00979,0.004056
COD,COD.1_1,COD.1.10_1,PIGE,2.628035767275059,2.0344928020355604,1.5481596053973843,1.1847901812995523,0.9326480648492385,0.7944100424350525,2.722291829872298,2.7739964983323384,2.826932230327142,2.880688671345121,2.9356761758978624,2.8932656951631883,0.9654,0.7334,0.5476,0.4113,0.3177,0.2746
COD,COD.1_1,COD.1.1_1,PIGE,2.786483557709704,2.346464116183577,1.9904426233242007,1.7014016499619489,1.4774855487353642,1.3626083776128326,7.4999125078938915,7.6423588413269075,7.7881967541273776,7.936295719839482,8.087786264919039,7.970945413604912,0.3715,0.307,0.2556,0.2144,0.1827,0.1709
COD,COD.1_1,COD.1.2_1,PIGE,0.17068024074277383,0.1623805303720537,0.15331057942581713,0.144259688289767,0.13424011738960953,0.12499036248252333,0.7282040700783711,0.7420348980599619,0.7561950314696863,0.7705747018314992,0.7852836776214451,0.7739390141485293,0.2344,0.2188,0.2027,0.1872,0.1709,0.1615
COD,COD.1_1,COD.1.5_1,PIGE,1.7256779160727616,1.0725100962374199,0.575967391311188,0.21685152488609155,0.0353129356898447,0.0010593076064222208,0.009036724678922808,0.009208359787385918,0.009384081446050532,0.009562527471516147,0.009745060047183264,0.009604277257588665,191,116.5,61.38,22.68,3.624,0.1103
COD,COD.1_1,COD.1.7_1,PIGE,1.1198676258487898,0.7404269014211396,0.44327193997017394,0.21074570136984486,0.057646622407885484,0.01121761966525888,0.014865831187229422,0.015148178900462904,0.01543724917829718,0.015730801165865324,0.016031075718034263,0.015799481500157746,75.33,48.88,28.71,13.4,3.596,0.71
COD,COD.20_1,COD.20.1_1,PIGE,0.4400909686030592,0.34783469123030564,0.28079164586232924,0.22934676809381682,0.18279387551354456,0.16349903657553472,6.761336446767744,6.889754956308403,7.021231049409556,7.154745531551035,7.291317597253006,7.185982994265294,0.06509,0.05049,0.03999,0.03206,0.02507,0.02275
COD,COD.20_1,COD.20.2_1,PIGE,2.303685151577036,2.3915698247748796,2.3898183029065057,2.3632072580163137,2.3508787324523683,2.2615591319662385,40.05666221534829,40.81746104548605,41.59637413348423,42.387363393389364,43.196466911154914,42.57242569612506,0.05751,0.05859,0.05745,0.05575,0.05442,0.05312
COD,COD.20_1,COD.20.3_1,PIGE,0.08115145958848494,0.05519419873922175,0.0370973448556756,0.03333449935389249,0.030278812087430076,0.027971871954201147,0.0052541239520768526,0.00535391587519438,0.005456083796481374,0.005559835716548011,0.005665963634784112,0.005584109837846553,15.45,10.31,6.799,5.996,5.344,5.009
COD,COD.20_1,COD.20.4_1,PIGE,0.4577056770071909,0.516531518293361,0.492685358447714,0.46974579825636986,0.45986159951461747,0.4614661394925961,4.998190533688758,5.093121496493217,5.190312720316831,5.2890107848198795,5.389969110342083,5.312102490381951,0.09157,0.1014,0.09492,0.08882,0.085319999999999993,0.08687
COD,COD.20_1,COD.20.5_1,PIGE,0.00855766487219575,0.00852670501017737,0.00801396185258192,0.00764248133201197,0.00710725098310544,0.00646906886302366,0.16533272173883498,0.1684728970386681,0.17168783841706872,0.17495262384784765,0.17829217535719405,0.17571646318219003,0.05176,0.05061,0.04668,0.04368,0.03986,0.03682
COD,COD.21_1,COD.21.1_1,PIGE,0.00213130749835975,0.00211513359821612,0.00204335372543195,0.00197221412742409,0.00182837885168013,0.00167600707619923,0.00704512970008767,0.007178938313625663,0.007315932846533608,0.007455051325688189,0.007597355724212721,0.007487599916940264,0.3025,0.2946,0.2793,0.2645,0.2407,0.2238
COD,COD.21_1,COD.21.2_1,PIGE,15.530229364338112,15.713301998526097,15.346071596011354,14.396142052754275,13.54393608590903,12.838825259090406,30.039365306347708,30.60990495491566,31.194028880830473,31.78720899164319,32.39397337980276,31.925991251793196,0.517,0.5133,0.492,0.4529,0.4181,0.4021
COD,COD.21_1,COD.21.3_1,PIGE,3.0557292683398156,3.011681298399077,2.7927349603108484,2.564580386198984,2.3333477663437043,2.144908199987064,5.26886810401581,5.368940063784575,5.471394689262121,5.575437758545521,5.6818634935377,5.599779998018639,0.58,0.5609,0.5104,0.46,0.4107,0.383
COD,COD.21_1,COD.21.4_1,PIGE,1.4685011289252954,1.2023169536737284,0.9867101495129821,0.7843465666852697,0.6371001436433475,0.5703557850716425,1.8968100306639126,1.932836268810378,1.9697202745317597,2.007176125303085,2.0454897436493265,2.0159394124247045,0.7742,0.622,0.5009,0.3908,0.3115,0.2829
COD,COD.21_1,COD.21.6_1,PIGE,0.3228218563336568,0.19563766887034473,0.12844691902894562,0.07767861346926316,0.04025852742347319,0.0254912860916294,0.06287501210428272,0.06406920136040868,0.06529182369406145,0.06653340141273209,0.06780341220892953,0.0668238847900539,5.134,3.054,1.967,1.168,0.5938,0.3815
COD,COD.21_1,COD.21.7_1,PIGE,0.3264681156543639,0.2646956688764472,0.2188614700222274,0.17809592686587045,0.14852311918921543,0.15487336262973667,0.30985443110142535,0.31573951676901346,0.3217647235239251,0.32788334433705246,0.3341420862375033,0.32931487585668356,1.054,0.8383,0.6802,0.5432,0.4445,0.4703
COD,COD.21_1,COD.21.8_1,PIGE,0.19392803666309733,0.13905573030075455,0.0971980209100839,0.05818943363869906,0.031995065454902195,0.024236670839085067,0.6372950643956828,0.6493992516302104,0.6617916337988934,0.67437614592368,0.6872488529826221,0.6773204574468196,0.3043,0.2141,0.1469,0.08629,0.04656,0.03578
COD,COD.22_1,COD.22.11_1,PIGE,0.0610707910322839,0.04588434012507897,0.03480120694379354,0.026184638956623527,0.019207617184039412,0.016268147752105576,20.918680624020386,21.3098651211525,21.719532694187457,22.13049028866248,22.55119823450433,22.2263270640594,0.002919,0.002153,0.001602,0.001183,8.517e-4,7.319e-4
COD,COD.22_1,COD.22.13_1,PIGE,0.1566656338041325,0.14891785287235754,0.1401884938484215,0.13509301523984782,0.12562526837617297,0.11417936872706336,9.791461909428458,9.976999661759905,10.167601840255587,10.360802021545668,10.558450557719123,10.405981715101275,0.016,0.01493,0.01379,0.01304,0.0119,0.01097
COD,COD.22_1,COD.22.3_1,PIGE,0.5297149308224045,0.3474715035892857,0.20029946239496238,0.09288307398791754,0.03720876337085453,0.022751547577472442,1.0768833205395316,1.0973366365461614,1.1182769362672347,1.139541891797937,1.1612938310430827,1.144517106807248,0.4919,0.3166,0.1791,0.08151,0.03204,0.01988
COD,COD.22_1,COD.22.4_1,PIGE,0.004726271649300135,0.004160442730366059,0.003611740658607921,0.0031321962979419665,0.002713874066456268,0.002385336510601248,0.2814522915176267,0.28679793347289056,0.2922708526175656,0.29782862322184794,0.30351367101554133,0.299128936485556,0.01679,0.01451,0.01236,0.01052,0.008942,0.007974
COD,COD.22_1,COD.22.5_1,PIGE,0.33281142879637104,0.32323341460277705,0.31137602813603255,0.30009720929318445,0.2810338673459091,0.25710877743573995,2.1099349567331553,2.150009090671711,2.1910373706564226,2.2327017480052382,2.27532027140021,2.242449675069565,0.1577,0.1503,0.1421,0.1344,0.1235,0.1147
COD,COD.22_1,COD.22.6_1,PIGE,0.8875299906841528,0.8532103723948532,0.8096804905444257,0.7743904849102494,0.720654595301986,0.6541715146008192,11.615601963966515,11.836217858971004,12.062086513380363,12.291457007392967,12.52608026081044,12.345121240212876,0.07641,0.07208,0.06713,0.063,0.05753,0.05299
COD,COD.22_1,COD.22.8_1,PIGE,1.7145731831215252,1.1173916541464182,0.6691457617457811,0.34744516636380524,0.11668029615950405,0.03276857487778054,0.4981929343035467,0.5076551455972227,0.5173426476359863,0.5271803435048082,0.5372433301187177,0.52948200136969,3.442,2.201,1.293,0.6591,0.2172,0.06189
COD,COD.22_1,COD.22.9_1,PIGE,7.670547997618994,5.325734381925264,3.3608118910223963,1.744670769872447,0.5682809483696154,0.15470148345822884,0.4740818238770269,0.48308609125847174,0.4923047459585225,0.5016663255376438,0.5112422924353709,0.5038565897573671,16.18,11.02,6.827,3.478,1.112,0.307
COD,COD.23_1,COD.23.1_1,PIGE,17.35969928585417,17.36552551246168,17.323952861282017,17.54106055583385,17.689531086272552,16.909244699026477,79.69133341244,81.20491616944443,82.75453661113946,84.32818217596153,85.93786542547419,84.69635717741568,0.2178,0.2138,0.2093,0.208,0.2058,0.1996
COD,COD.23_1,COD.23.2_1,PIGE,8.235487024733173,8.204588004886364,7.949874274948328,7.719836998828335,7.348859033392919,6.902010014226706,97.8341821523934,99.69235323337041,101.59476648294213,103.52667451157699,105.50282470880651,103.97866971122814,0.08418,0.0823,0.07825,0.07457,0.06966,0.06638
COD,COD.23_1,COD.23.3_1,PIGE,0.012895593434825063,0.012064009882182982,0.01109724288998459,0.01034276947562763,0.00961070177526499,0.00862095337730149,0.4064393027385756,0.4141588312500408,0.4220621580593982,0.43008801706735017,0.43829767437319417,0.431965771955731,0.03173,0.02913,0.02629,0.02405,0.02193,0.01996
COD,COD.23_1,COD.23.4_1,PIGE,4.624923042527091,4.642928152229999,4.6182220964943035,4.5825109328936655,4.4810507151521355,4.4350934220150124,56.4495158388654,57.52166522018844,58.61934196773346,59.73403695942646,60.87425931734144,59.994834460059266,0.08193,0.08072,0.07878,0.07672,0.07361,0.07392
COD,COD.23_1,COD.23.5_1,PIGE,1.4286114888774364,1.389004320031657,1.3344707768698825,1.27727294872863,1.2154792112691053,1.22652251219587,12.157895541713948,12.388811254444722,12.625224960335753,12.86530399500029,13.110881022825081,12.921473631233923,0.1175,0.1121,0.1057,0.09928,0.09271,0.09492
COD,COD.23_1,COD.23.6_1,PIGE,0.0504545457884655,0.029992786511783085,0.019940876167432536,0.012806952466148101,0.007978776971974697,0.00690805007723569,0.05888322119132315,0.060001594099087195,0.06114659493322659,0.062309347718282865,0.06349872842971448,0.06258138896943799,0.8569,0.4999,0.3261,0.2055,0.1257,0.1104
COD,COD.24_1,COD.24.10_1,PIGE,0.4497754591418744,0.3855428382854653,0.33153747633191966,0.29388338355323934,0.25316999578787985,0.2223811668035439,3.217469449567002,3.278579059251271,3.3411436596423094,3.4046782538378593,3.4696678387401776,3.419543004727924,0.1398,0.1176,0.09923,0.08632,0.07297,0.06503
COD,COD.24_1,COD.24.1_1,PIGE,0.7050860179996948,0.6739749593433338,0.6128285953237047,0.5604603463772261,0.5207628699117629,0.47441521170975665,0.32959347227854585,0.33585346285845186,0.3422625008331176,0.34877090373762315,0.35542835403688827,0.35029362988536367,2.139,2.007,1.791,1.607,1.465,1.354
COD,COD.24_1,COD.24.5_1,PIGE,0.41043328983140653,0.25254422888439454,0.13137049878969823,0.059992546247486525,0.016664858676387753,5.608653200901414e-4,0.06538919078372908,0.06663113200150868,0.06790264324828303,0.06919386784772055,0.07051466247615283,0.06949596676338667,6.277,3.79,1.935,0.867,0.2363,0.00807
COD,COD.24_1,COD.24.7_1,PIGE,0.9185547274796244,0.7235716103536083,0.54886023631755,0.416169770454788,0.3278702702120378,0.2767886653341485,12.780168249541827,13.022902828897008,13.271416802998742,13.523783706931509,13.781930005610828,13.582828251204687,0.07187,0.05556,0.04136,0.03077,0.02379,0.02038
COD,COD.24_1,COD.24.8_1,PIGE,0.01875093791212357,0.015766638921686685,0.01282856259786483,0.010097040297382951,0.007623060222872509,0.006122752098707056,1.1241800433158053,1.1455316691008206,1.1673916669283364,1.1895905794508523,1.2122978640158684,1.1947843059372747,0.01668,0.01376,0.01099,0.008488,0.006288,0.005125
COD,COD.24_1,COD.24.9_1,PIGE,0.08385907358830465,0.05740263588371651,0.03396553416857467,0.01654253473975373,0.005620963957008135,0.0014912493140674886,0.17496973268576105,0.17829294437077856,0.1816952801435345,0.18515036530811618,0.18868457456043636,0.18595872775893138,0.4793,0.322,0.1869,0.08935,0.02979,0.008019
COD,COD.25_1,COD.25.10_1,PIGE,1.513797287505009,1.2733776237617136,1.1095960378897494,0.9896447390274145,0.9013584363619147,0.8158333060027887,2.6617752986160093,2.7123305726023847,2.7640895435884367,2.8166509792409387,2.8704161118931157,2.8289484158940135,0.5687,0.4695,0.4014,0.3514,0.314,0.2884
COD,COD.25_1,COD.25.1_1,PIGE,0.7975141776640072,0.4853725165593471,0.26662955846017017,0.12739979441630572,0.048040451796933614,0.018349116457178932,0.08198023683774598,0.0835372928886287,0.08513142170262769,0.08675026569203752,0.08840618244456358,0.08712901545721884,9.728,5.81,3.132,1.469,0.5434,0.2106
COD,COD.25_1,COD.25.3_1,PIGE,3.0393051809241864,2.834183237865474,2.658301336982881,2.5284690413434525,2.474968656516276,2.2956534238551907,6.774893138501156,6.9035691311829686,7.035308837976253,7.169091020843853,7.305936917822923,7.2003911156510245,0.4486,0.4105,0.3779,0.3527,0.3388,0.3188
COD,COD.25_1,COD.25.4_1,PIGE,0.06778527366263486,0.06521704979562337,0.06137795506799795,0.05715918931831068,0.05288940643248035,0.04829631326318361,0.16341114018989047,0.16651481876449495,0.1696923944480186,0.1729192348708217,0.17621997240254395,0.17367419647330437,0.4148,0.3917,0.3617,0.3306,0.3001,0.2781
COD,COD.25_1,COD.25.5_1,PIGE,2.170510222051333,1.456930863673011,0.9340398844914651,0.4963984411107206,0.14318206969795752,0,0.0022027726815869995,0.002244610088563177,0.002287443624276883,0.002330941245815607,0.0023754349960918597,0.0023411180843815917,985.4,649.1,408.3,213,60.28,0
COD,COD.25_1,COD.25.7_1,PIGE,0.87004046320408,0.6440081921129458,0.47261340597633433,0.3338987632484823,0.20298035422132635,0.13537155321452582,0.9277777888000612,0.9453991335978916,0.9634400342242421,0.9817606387362723,1.0005007990768222,0.9860469842410303,0.9378,0.6812,0.4905,0.3401,0.2029,0.1373
COD,COD.25_1,COD.25.8_1,PIGE,1.5071453003182846,0.9562594290095794,0.6020036467289699,0.3281237830266416,0.10092725032059378,0.00333468527838976,0.027440233370047164,0.027961407534145135,0.028494990606912105,0.029036846285458412,0.029591110872673715,0.029163620522107615,54.92,34.2,21.13,11.3,3.411,0.1143
COD,COD.25_1,COD.25.9_1,PIGE,6.454146918117838,5.593966966233286,4.922300687005956,4.3157088083770025,3.724064034971967,3.2846493572827073,8.054776237770078,8.207761134658686,8.364388529092261,8.523444255222483,8.68614247889767,8.560657426668687,0.8013,0.6815,0.5885,0.5063,0.4287,0.3837
COD,COD.2_1,COD.2.3_1,PIGE,0.43847946010658845,0.3562128260525519,0.29507264807566225,0.25023567715343675,0.28354397351129673,0.2877447949893244,0.9416306010321308,0.9595150532072964,0.9778253256723469,0.996419478330654,1.015439451278846,1.0007698240088976,0.4657,0.3712,0.3018,0.2511,0.2792,0.2875
COD,COD.2_1,COD.2.7_1,PIGE,0.046290033598825324,0.029769963043083755,0.016847500135228365,0.007351722187851499,0.0023689810471349605,5.600214453093438e-4,0.020665088764151955,0.021057582159431293,0.02145942063555062,0.02186748916556327,0.022284902776415903,0.021962962145622655,2.24,1.414,0.7851,0.3362,0.1063,0.0255
COD,COD.3_1,COD.3.1_1,PIGE,1.5009945249946974,1.3201760373192772,1.1292293809575564,0.9872101202706536,0.8826018091557574,0.782631857047188,60.69213610555744,61.84486585371846,63.02504154826428,64.22351454039995,65.4494334789204,64.50391300209051,0.02473,0.02135,0.01792,0.01537,0.01349,0.01213
COD,COD.3_1,COD.3.2_1,PIGE,9.276138169514764,8.452792292090642,7.647980505839687,6.913706903714162,6.303540953852668,5.5631984997618265,6.2638202943804515,6.382789446791054,6.504591198068575,6.62828134859071,6.754804097979764,6.657220280181382,1.481,1.324,1.176,1.043,0.9332,0.8357
COD,COD.3_1,COD.3.3_1,PIGE,0.6143616809955722,0.42167013327338765,0.25749926592689365,0.14224847733378773,0.07384102308003147,0.039920475030985586,0.6051035158953901,0.6165962869238524,0.6283626953577544,0.6403115287286161,0.6525339995049173,0.6431071148771333,1.015,0.6839,0.4098,0.2222,0.1132,0.06207
COD,COD.3_1,COD.3.5_1,PIGE,0.00659402359304062,0.006114156598961995,0.005519527267416436,0.005510195688014225,0.005027659982741226,0.004544236776917997,0.7082381417585742,0.7216897555453665,0.735461645850892,0.749447053835573,0.763752738338987,0.7527191233029303,0.00931,0.008472,0.007505,0.007352,0.006583,0.006037
COD,COD.3_1,COD.3.7_1,PIGE,0.5229380413148254,0.46849239000404086,0.41489299050698836,0.37559650516222504,0.34189806434599895,0.3054582764392378,5.822904724949979,5.933499538839591,6.046727562583721,6.161711059564192,6.279327766399178,6.1886129554639675,0.08981,0.07896,0.06861,0.06096,0.05445,0.04936
COD,COD.3_1,COD.3.8_1,PIGE,1.6234511358312542,1.43023819029503,1.2405914675098821,1.0819217088091275,0.9528525346626506,0.8412616765375913,33.439040914380364,34.074150826230216,34.724382402647926,35.384695088777534,36.060129439475,35.53918389465006,0.04855,0.04197,0.03573,0.03058,0.02642,0.02367
COD,COD.3_1,COD.3.9_1,PIGE,2.8533897305306577,2.5531425657631015,2.3002670851720706,2.1249979663999237,1.958917896877957,1.771579927228776,14.724862859135303,15.004533151606067,15.290862260564232,15.581630580513995,15.879057716951156,15.649659639289009,0.1938,0.1702,0.1504,0.1364,0.1234,0.1132
COD,COD.4_1,COD.4.1_1,PIGE,1.3371830885485338,1.1865260967397635,1.046908825176338,0.9379500931487155,0.83796647105114,0.7430807953228425,24.817983762650343,25.289353366824887,25.771946056813114,26.26202080401046,26.763318637021488,26.37668021321639,0.05388,0.04692,0.04062,0.03572,0.03131,0.02817
COD,COD.4_1,COD.4.2_1,PIGE,2.8466633112003366,2.657036556712757,2.448146225864037,2.2213434491195487,2.0522312669172162,1.8590441356794156,27.93661090109376,28.46721279641149,29.010448070189167,29.562105596273472,30.126396500817727,29.691173103600793,0.1019,0.09334,0.08439,0.07514,0.06812,0.06261
COD,COD.4_1,COD.4.3_1,PIGE,0.6756977978302994,0.439071572445241,0.27215520308754587,0.14189798255703176,0.04710950320353099,0.010649131415162327,0.2742037112038909,0.2794116803946793,0.28474364885191505,0.2901582834867824,0.295696917388097,0.2914251082147454,2.464,1.571,0.9558,0.489,0.1593,0.03654
COD,COD.4_1,COD.4.5_1,PIGE,0.12456426712677746,0.08032265427725954,0.04757189390932439,0.025366006327935394,0.010724612235102656,0.00411256124434787,0.8222776688597836,0.8378952429140996,0.853884663969709,0.8701219830261804,0.8867311490839451,0.8739209165985593,0.1515,0.09586,0.05571,0.02915,0.01209,0.004706
COD,COD.4_1,COD.4.6_1,PIGE,0.8890540800478237,0.7371605410544577,0.592787270172621,0.49242127395526875,0.43647005110749165,0.3860622451791108,22.97880803800697,23.415246056214517,23.862075455807965,24.315832442992004,24.779980811561938,24.42199483632306,0.03869,0.03148,0.02484,0.02025,0.01761,0.01581
COD,COD.5_1,COD.5.10_1,PIGE,0.5497809446292224,0.35454582528407474,0.21524440603601286,0.10332687835665773,0.024993039012120643,0.001368928717756593,0.07964028761352149,0.08115290085429683,0.08270152869604304,0.0842741662717698,0.08588281844846739,0.08464210544096608,6.903,4.369,2.603,1.226,0.291,0.01617
COD,COD.5_1,COD.5.4_1,PIGE,1.232366340516702,0.9430288324542382,0.7012674838865638,0.4758304573752139,0.32297109795125106,0.2739399766101427,10.371755384322576,10.568746819116763,10.770428526167956,10.975237081390487,11.184735908870021,11.023154726762812,0.1188,0.08923,0.06511,0.04335,0.02888,0.02485
COD,COD.5_1,COD.5.7_1,PIGE,0.41035766497531084,0.2827256708018172,0.18389934648779094,0.11344312443662101,0.06930027637383314,0.04999298179046095,0.19533280525551405,0.19904277412229046,0.20284107558113298,0.20669826543468628,0.21064378788030563,0.20760070554679716,2.101,1.42,0.9066,0.5488,0.329,0.2408
COD,COD.5_1,COD.5.8_1,PIGE,1.26494373821082,1.1465696445909532,1.0729929393446933,1.0055037716692274,0.924355533997293,0.8390987455946629,3.063931862541712,3.1221253226985186,3.1817043414304873,3.242207065879231,3.3040953489031364,3.2563624711114216,0.4128,0.3672,0.3372,0.3101,0.2798,0.2577
COD,COD.5_1,COD.5.9_1,PIGE,0.054745196856451746,0.04213443297398488,0.03557284795751813,0.03062197444685904,0.025526171786815027,0.02185785710909093,0.2442525607278454,0.248891665740162,0.25364122563372427,0.25846442211478365,0.26339807347708866,0.2595928721362651,0.2241,0.1693,0.1402,0.1185,0.09691,0.0842
COD,COD.6_1,COD.6.10_1,PIGE,8.802146030327723,8.438569407033574,8.049064886664064,7.345816146999343,6.720781615574349,6.122834573623248,38.266727791939914,38.993530279396104,39.73763758798222,40.493281443988266,41.266230121124224,40.67007422630409,0.23,0.2164,0.2026,0.1814,0.1629,0.1505
COD,COD.6_1,COD.6.11_1,PIGE,0.00127152736726196,0.00123620926023821,0.00138290994971845,0.00127851231642347,0.00119255387828784,0.00108520791993559,0.20437133989139172,0.20825297824326322,0.21222703655589356,0.21626270817569643,0.22039079975625814,0.21720690643590462,0.006222,0.005936,0.006516,0.005912,0.005411,0.004996
COD,COD.6_1,COD.6.2_1,PIGE,6.18839453921617,6.049897832801552,5.917965565610567,5.667610726815652,5.2575916591623715,4.785155979329022,478.42093811125915,487.08926017980093,495.79035417764845,504.7910067101551,513.9453192302856,506.87322336351457,0.01294,0.01242,0.01194,0.01123,0.01023,0.009441
COD,COD.6_1,COD.6.3_1,PIGE,0.010943793599890308,0.010075867495319074,0.009143990517618676,0.00841780076964531,0.007499028225867005,0.0065101649504726985,9.344803694893505,9.461043827216953,9.554634649213964,9.673781878660803,9.78797742579723,9.698202390376808,0.001171,0.001065,9.57e-4,8.702e-4,7.661e-4,6.713e-4
COD,COD.6_1,COD.6.4_1,PIGE,0.003525079512243026,0.0038941016804465477,0.004145859452159354,0.00384913818823619,0.0038118108332386596,0.0035188160756317267,2.6906373009299376,2.7417407528318325,2.794060953588535,2.8471923202484417,2.9015404357631556,2.859623099729261,0.00131,0.00142,0.001484,0.001352,0.001314,0.001231
COD,COD.6_1,COD.6.5_1,PIGE,3.3173230004036998,3.18121337936771,3.109510820068312,2.958946987623072,2.7693380675349566,2.5294821000167445,73.08852267730725,74.47669781407853,75.89792473982057,77.3411861915431,78.81749943223636,77.67885612114172,0.04539,0.04271,0.04097,0.03826,0.03514,0.03256
COD,COD.6_1,COD.6.6_1,PIGE,0.00962696348515228,0.010620361025238306,0.012619425691878013,0.013144186845907704,0.012223518501171628,0.011213944917324763,1.4347952092186593,1.4620463693575725,1.4899463666426507,1.5182789220251718,1.5472603145538573,1.5249076946359463,0.00671,0.007264,0.00847,0.008657,0.0079,0.007354
COD,COD.6_1,COD.6.7_1,PIGE,133.02261424641844,128.51855707601507,122.50596838699053,115.24449087807162,107.6235087997677,98.25253066454472,809.5694560340767,824.9456621631532,840.6879684381602,856.6743414771207,873.0268146620116,860.4145629402246,0.1643,0.1558,0.1457,0.1345,0.1233,0.1142
COD,COD.6_1,COD.6.8_1,PIGE,0.15675071136982585,0.14633599917375353,0.14315143791377208,0.1362786880899189,0.12573571907605552,0.11407267003250454,30.93289619036442,31.28108124598849,31.538237514822093,31.8935746296384,32.22703800114627,31.96320756110068,0.005067,0.004678,0.004539,0.004273,0.003902,0.003569
COD,COD.6_1,COD.6.9_1,PIGE,4.8105068729649105e-4,3.83453561787153e-4,3.0065354381691946e-4,2.214601696811091e-4,1.5473676215655338e-4,9.809857410169752e-5,9.177198330744579,9.199689049826272,9.15971385145848,9.178869341585443,9.179426345199063,9.174785700159475,5.242e-5,4.168e-5,3.282e-5,2.413e-5,1.686e-5,1.069e-5
COD,COD.7_1,COD.7.1_1,PIGE,6.746190152082741,6.690693484553954,6.428269591477208,6.17670530344609,5.781018899827647,5.290790413159985,35.13426084014571,35.80156817596999,36.484763781694866,37.17855156735346,37.88822762291263,37.3408723114294,0.192,0.1869,0.1762,0.1661,0.1526,0.1417
COD,COD.7_1,COD.7.2_1,PIGE,3.5595687552029567,3.6597777016118593,3.6301034993391856,3.5254711362594606,3.416222780765624,3.1337917839095124,27.735600635294514,28.262384729362513,28.801711301860703,29.349399526645687,29.909630229860863,29.477538363919013,0.1283,0.1295,0.126,0.1201,0.1142,0.1063
COD,COD.7_1,COD.7.3_1,PIGE,4.14746535224475,4.151347792569557,4.041831129140122,3.8686940770459812,3.6450445851385562,3.361352611878853,43.751964221566936,44.582948166685625,45.433717443830965,46.29767694232739,47.18142177285045,46.49981158860729,0.09479,0.09312,0.08896,0.08356,0.07726,0.07229
COD,COD.7_1,COD.7.4_1,PIGE,0.06033106597260062,0.06101702486139775,0.06075409088320098,0.05896079392536473,0.0558138502797768,0.051306898474917935,0.45441990011631245,0.4630507272816207,0.4718870503318174,0.48086037063860615,0.4900391868302833,0.48295979651369136,0.1328,0.1318,0.1287,0.1226,0.1139,0.1062
COD,COD.7_1,COD.7.5_1,PIGE,0.8704811493949193,0.5766247925464065,0.3724398169315824,0.2439806681089447,0.1480887646671972,0.11111385129927549,0.6567585224745887,0.6692323804534548,0.6820032350508655,0.6949720873939724,0.7082379363556237,0.6980063203477073,1.325,0.8616,0.5461,0.3511,0.2091,0.1592
COD,COD.7_1,COD.7.6_1,PIGE,0.13274318357580372,0.09936342319405336,0.0694750903551698,0.04282512823360118,0.01959568817290647,0.008865716284852389,0.13934423237994914,0.14199080658553756,0.14470039446268762,0.1474519914542121,0.1502666021172982,0.14809576362820243,0.9526,0.6998,0.4801,0.2904,0.1304,0.05986
COD,COD.7_1,COD.7.7_1,PIGE,1.0913022987665312e-4,7.339213475008365e-5,5.311287155813792e-5,3.857703608302866e-5,2.9598093234016133e-5,2.5814438633670212e-5,0.014958810006353133,0.015242923672437018,0.015533801949618137,0.015829189967530754,0.016131342596540595,0.015898299865182198,0.007295,0.004815,0.003419,0.002437,0.001835,0.001624
COD,COD.8_1,COD.8.1_1,PIGE,48.90424843796949,49.97532660525367,48.75494184710284,47.33806622855179,45.1336493084119,41.35629436012769,766.2461080828843,780.7994710039642,795.6993425660221,810.8302198887321,826.3076058524201,814.3702869183247,0.06382,0.06401,0.06127,0.05838,0.05462,0.05078
COD,COD.8_1,COD.8.2_1,PIGE,0.3940439314118735,0.3661955304089628,0.33229811181178764,0.31304683665716276,0.28694260863576787,0.25623438123473324,25.94355010367734,26.436297663680854,26.940777308446364,27.4530783430532,27.97711146242202,27.57293788345908,0.01519,0.01385,0.01233,0.0114,0.01026,0.009293
COD,COD.8_1,COD.8.3_1,PIGE,3.7461383126185214e-4,3.461908034087827e-4,3.1776777555571334e-4,2.893447477026439e-4,2.609217198495745e-4,2.3249869199650508e-4,0.19105288193012995,0.19468156193061176,0.1983966390739622,0.20216931431255838,0.20602838669402315,0.20305198112299305,0.001961,0.001778,0.001602,0.001431,0.001266,0.001145
COD,COD.8_1,COD.8.4_1,PIGE,1.355497795282647,1.3080838565152193,1.208946448466093,1.115334283916132,1.0407595231786844,0.9401739981126322,60.07307935788218,61.2140513203623,62.3821892819491,63.56843790960701,64.78185253637159,63.84597632103596,0.02256,0.02137,0.01938,0.01755,0.01607,0.01473
COD,COD.8_1,COD.8.5_1,PIGE,9.2557186302665e-4,7.682021254542392e-4,6.389035516268773e-4,5.315942881925621e-4,5.363293110108152e-4,4.735220447610872e-4,0.369681543940418,0.37670292991215343,0.38389149174035875,0.39119150413954396,0.39865869239519913,0.3928994377020735,0.002504,0.002039,0.001664,0.001359,0.001345,0.001205
COD,COD.8_1,COD.8.6_1,PIGE,0.144608446918777,0.1314450310246108,0.11918513698330394,0.10801278960688108,0.10461976191639762,0.09374058262362008,52.98480430837656,53.99114819484858,55.02145265004614,56.06773081772738,57.137969554134145,56.312521305826294,0.002729,0.002435,0.002166,0.001926,0.001831,0.001665
COD,COD.8_1,COD.8.7_1,PIGE,1.1066315106041138e-4,1.0217365526987856e-4,9.368415947934576e-5,8.519466368881296e-5,9.916218585428004e-5,8.95210481172857e-5,0.05234997370016096,0.05334426020697739,0.05436222020205138,0.05539596252263038,0.05645337833146692,0.05563782008502591,0.002114,0.001915,0.001723,0.001538,0.001757,0.001609
COD,COD.8_1,COD.8.8_1,PIGE,0.1021676797045112,0.09267152415809345,0.08372619993639449,0.07684225224066212,0.07229811301125474,0.06466006866936595,38.57336285352826,39.30598928095433,40.05605919474769,40.817758099452575,41.596900490524746,40.99596753975882,0.002649,0.002358,0.00209,0.001883,0.001738,0.001577
COD,COD.8_1,COD.8.9_1,PIGE,1.3511821996847718e-4,1.2305031763553447e-4,1.1158132676584802e-4,1.0031451609265249e-4,8.993847570798646e-5,8.047951213638477e-5,0.7824268323163216,0.7972875168010753,0.8125020271068948,0.8279524212934245,0.8437566413010197,0.8315672434803607,1.727e-4,1.543e-4,1.373e-4,1.212e-4,1.066e-4,9.678e-5
COD,COD.9_1,COD.9.1_1,PIGE,0.4168574054503219,0.3225597852267496,0.2415979715223383,0.17698998894985757,0.12853812808283405,0.12339932594113681,0.12012975829531014,0.1224113907260019,0.1247473477383768,0.12711952113854044,0.12954601912038724,0.1276745221912416,3.47,2.635,1.937,1.392,0.9922,0.9665
COD,COD.9_1,COD.9.2_1,PIGE,4.570638125283453,4.866586466933437,4.8992028777820185,4.834508079544951,4.539513526997865,4.783289585016296,21.56998448973147,21.979664629271138,22.39909905784747,22.82503634578157,23.26072792275233,22.9246899559147,0.2119,0.2214,0.2187,0.2118,0.1952,0.2087
COD,COD.9_1,COD.9.3_1,PIGE,0.10395573102255735,0.07697766151572469,0.0513041759798568,0.02616016211398481,0.007300914603794805,0.00113818166283645,2.461112805282972,2.5078568832850303,2.5557139155252324,2.6043129172575314,2.6540248732279745,2.61568329056995,0.04224,0.03069,0.02007,0.01004,0.002751,4.351e-4
COD,COD.9_1,COD.9.4_1,PIGE,9.544574407680908,9.17843741258078,8.853254750591615,8.448164555483645,7.913178041789635,7.35706484114956,56.90594408555152,57.986762438698854,59.09331456215924,60.21702253249497,61.36646427314374,60.47992873759026,0.1677,0.1583,0.1498,0.1403,0.1289,0.1216
COD,COD.9_1,COD.9.5_1,PIGE,0.37607632643214123,0.30378097664844816,0.2389672970281607,0.20527158058265735,0.1775007284213499,0.1634338578835385,0.9201966040186208,0.9376739588733609,0.9555674412246427,0.9737383419069519,0.9923253700858025,0.9779896622389789,0.4087,0.324,0.2501,0.2108,0.1789,0.1671
COD,COD.9_1,COD.9.6_1,PIGE,1.525399971086215e-4,9.375176032109657e-5,5.769468737642479e-5,3.6911632848441e-5,2.2641570156563762e-5,1.742584293579385e-5,1.3588938270617061e-4,1.3847033872380364e-4,1.4111274607518984e-4,1.437961209824115e-4,1.465409472233863e-4,1.4442393170577476e-4,1.123,0.6771,0.4089,0.2567,0.1545,0.1207
COD,COD.9_1,COD.9.7_1,PIGE,17.03536506279688,16.98800383807703,16.61040800323404,15.933150473675802,14.885168977999909,13.977932653436671,42.713428572319344,43.5246875412841,44.35526219998613,45.19871398517965,46.061481460110436,45.39605058319258,0.3988,0.3903,0.3745,0.3525,0.3232,0.3079
COD,COD.9_1,COD.9.8_1,PIGE,0.005131340937651577,0.004345820239962217,0.0036981184659337293,0.0033457329468653645,0.003105574374585503,0.00278767111744778,0.6451269072498054,0.6573798451927471,0.669924519753378,0.6826636853924681,0.6956945876492474,0.685644180131909,0.007954,0.006611,0.00552,0.004901,0.004464,0.004066
COG,COG.11_1,COG.11.3_1,PIGE,2.2963631314281793e-4,1.616732736747484e-4,1.0231702177782107e-4,5.914577474890559e-5,2.912726454145655e-5,2.3803389487049315e-5,2.0922963199115948e-4,2.1320354420564333e-4,2.1727207337761495e-4,2.2140368052124502e-4,2.2562990462236278e-4,2.2237032415442295e-4,1.098,0.7583,0.4709,0.2671,0.1291,0.107
COG,COG.11_1,COG.11.6_1,PIGE,0.022472579373044175,0.01424430797782544,0.009300623013613974,0.005110881184832605,0.0023555818034934686,0.00160193539848577,0.008302563768947094,0.008460254910775152,0.008621700603599115,0.00878564933042035,0.008953352608237491,0.008824007283497692,2.707,1.684,1.079,0.5817,0.2631,0.1815
COG,COG.11_1,COG.11.7_1,PIGE,0.0413647562254167,0.035624864300653265,0.029850572250933453,0.02442819273015453,0.019383207986013114,0.014259325642425918,0.1881947673386832,0.19176916298002689,0.19542866327949784,0.19914490001772026,0.20294624141406992,0.200014362301404,0.2198,0.1858,0.1527,0.1227,0.09551,0.07129
COG,COG.2_1,COG.2.1_1,PIGE,0,0,0,0,0,0,0.0014306085132129484,0.0014577801551582047,0.0014855987409593007,0.0015138486226642899,0.0015427454482251181,0.0015204580526848228,0,0,0,0,0,0
COG,COG.7_1,COG.7.1_1,PIGE,0.17839537375233272,0.17496727325714856,0.18783516710634607,0.18259707666672312,0.17470125293127242,0.16187818953933464,0.7457298314999645,0.7598935274253482,0.7743944542060983,0.7891202015570925,0.804183179763453,0.7925654831208471,0.2392,0.2303,0.2426,0.2314,0.2172,0.2042
COG,COG.9_1,COG.9.2_1,PIGE,0.009744216477444077,0.009977082611137717,0.009624383457149156,0.009642681782099682,0.01083893469648483,0.010363459102955684,0.12895596113702143,0.13140523022102268,0.1339128152355955,0.1364592775372159,0.13906405576940778,0.13705505576235139,0.07556,0.07593,0.07187,0.07066,0.07794,0.07562
COG,COG.9_1,COG.9.3_1,PIGE,3.311578403313139e-5,3.0236150638946056e-5,3.384950053908058e-5,3.063689364262243e-5,3.0850373234212814e-5,2.7462069594777812e-5,0.010147578643930098,0.010340312275093072,0.010537634802236122,0.010738016593365884,0.010942987280475717,0.010784898539268948,0.003263,0.002924,0.003212,0.002853,0.002819,0.002546
COL,COL.10_2,COL.10.11_2,PIGE,0.05354916404148836,0.05886938319413408,0.05585165979752667,0.05292953381118495,0.04985375844566293,0.04549621386259962,2.1575556656726946,2.2826631375234627,1.8672219888630586,0.4499370740448746,0.5075708532120823,0.5879180485210115,0.02482,0.02579,0.02991,0.1176,0.09822,0.07739
COL,COL.10_2,COL.10.15_2,PIGE,0,0,0,0,0,0,0.12475175296987091,0.13198557625949897,0.10796440620313186,0.026015754590383675,0.029348190038414573,0.03399393504535804,0,0,0,0,0,0
COL,COL.10_2,COL.10.19_2,PIGE,0.03822589981080297,0.03736868276109339,0.03510072511347463,0.03345673610383392,0.03207547265307816,0.02966099038682988,0.6153867877888491,0.651070448913126,0.5325766375797689,0.12833287924335435,0.14477141976127963,0.1676883730597194,0.06212,0.0574,0.06591,0.2607,0.2216,0.1769
COL,COL.10_2,COL.10.1_2,PIGE,0.00181693392268647,0.00164389259671633,0.00147085127074619,0.00129780994477605,0.00112476861880591,9.517272928357736e-4,0.31381237766273584,0.3320090220550475,0.2715838952718589,0.06544249367518112,0.0738252174963584,0.08551156459719482,0.00579,0.004951,0.005416,0.01983,0.01524,0.01113
COL,COL.10_2,COL.10.7_2,PIGE,0,0,0,0,0,0,0.050933480334050936,0.05388689611772536,0.04407956464910581,0.010621677798185519,0.011982240125496209,0.013878998738622216,0,0,0,0,0,0
COL,COL.12_2,COL.12.19_2,PIGE,4.2994338658912054e-4,4.032285016067968e-4,3.7651361662447314e-4,3.4979873164214944e-4,3.2308384665982574e-4,2.9636896167750204e-4,0.03411580056623607,0.03609403066565557,0.02952497309731356,0.007114515620474075,0.008025835104476315,0.009296304708031694,0.0126,0.01117,0.01275,0.04917,0.04026,0.03188
COL,COL.12_2,COL.12.9_2,PIGE,0.00302391294664505,0.00311683760025695,0.00309168323855392,0.0030714400948252,0.00314410877260887,0.00297543005954325,0.2731035662571231,0.2889396799071524,0.236353106557381,0.05695307030450984,0.0642483586151975,0.07441871293177296,0.01107,0.01079,0.01308,0.05393,0.04894,0.03998
COL,COL.13_2,COL.13.1_2,PIGE,1.879487689416047e-5,1.6695462112790906e-5,1.4596047331421338e-5,1.249663255005177e-5,1.0397217768682202e-5,8.297802987312634e-6,6.258853638505782e-4,8.001497932066317e-4,8.213375871917042e-4,8.104590007848736e-4,8.097559042010854e-4,8.113048734234067e-4,0.03003,0.02087,0.01777,0.01542,0.01284,0.01023
COL,COL.14_2,COL.14.19_2,PIGE,0.001042632007995795,9.695097371321104e-4,8.963874662684258e-4,8.240898068370022e-4,7.512850793019003e-4,6.781020677958259e-4,0.287962612796719,0.3046603393248115,0.2492126303572559,0.06005177873159365,0.06774398982880478,0.07846769381483092,0.003621,0.003182,0.003597,0.01372,0.01109,0.008642
COL,COL.14_2,COL.14.21_2,PIGE,0.02927197032144058,0.03243201973676471,0.031138190192750367,0.02979108531194344,0.029228206381555908,0.02781372029455543,2.270018754441415,2.401647482237622,1.964551367486038,0.47339014823606596,0.5340281014904982,0.6185634129635258,0.0129,0.0135,0.01585,0.06293,0.05473,0.04497
COL,COL.14_2,COL.14.26_2,PIGE,0.00138615864051123,0.00137002321592772,0.0013036241445335,0.0012450608077496,0.00114997521531965,0.00104647310679737,0.23940666747445644,0.2532888413569126,0.2071906652982487,0.04992591254265798,0.05632107129749732,0.06523655587843982,0.00579,0.005409,0.006292,0.02494,0.02042,0.01604
COL,COL.20_2,COL.20.11_2,PIGE,1.7617518290434442,1.7252989968675905,1.7068894928905405,1.6306703503156055,1.5568049880285473,1.4439511001039085,16.083018323216077,17.01560411655634,13.918790573143076,3.3539557385657344,3.783573913025853,4.38250419090104,0.1095,0.1014,0.1226,0.4862,0.4115,0.3295
COL,COL.20_2,COL.20.16_2,PIGE,0.02811768189650164,0.03399618647929822,0.03170075672824532,0.02979785519121234,0.02767023527389328,0.02534503794849398,13.852691546002898,14.655950180402295,11.988589991521422,2.888842962905156,3.258883457403755,3.774756549769148,0.00203,0.00232,0.002644,0.01031,0.008491,0.006714
COL,COL.20_2,COL.20.17_2,PIGE,3.514954654350922e-4,3.422395814076236e-4,3.3680274265021235e-4,3.788486594869657e-4,3.7114252065892166e-4,3.409853005177661e-4,1.0341437195873981,1.0941093132202238,0.8949831161163447,0.21566053044937938,0.24328512976337763,0.281796556716195,3.399e-4,3.128e-4,3.763e-4,0.001757,0.001526,0.00121
COL,COL.20_2,COL.20.1_2,PIGE,0.00111706441598631,0.00104778507425325,9.78505732520196e-4,9.104311904603404e-4,8.429668506131007e-4,7.73529478820676e-4,0.33703312400412855,0.3565762406638679,0.29167991821870665,0.07028495258931855,0.07928796138762541,0.09183904716992213,0.003314,0.002938,0.003355,0.01295,0.01063,0.008423
COL,COL.20_2,COL.20.21_2,PIGE,0.015235856252306609,0.01534596049675847,0.0167854123882414,0.01822611647042319,0.01740986261049901,0.01729743083857497,19.405182715499247,20.53040668490326,16.79390452852505,4.046760540750948,4.565122144633692,5.287769550888007,7.851e-4,7.475e-4,9.995e-4,0.004504,0.003814,0.003271
COL,COL.20_2,COL.20.24_2,PIGE,0.00527322312654922,0.0049734305389803,0.00497568590942115,0.00465020059653574,0.00434154799247065,0.00398732774334254,0.9640123826874498,1.0199113585283623,0.8342890740337185,0.20103532794560997,0.22678654153524386,0.26268628327741816,0.00547,0.004876,0.005964,0.02313,0.01914,0.01518
COL,COL.20_2,COL.20.25_2,PIGE,0.030942476147024577,0.030368345650996175,0.02954964016224208,0.02807319287499955,0.02942965569840093,0.02718203080846418,5.785226112218912,6.120686756178286,5.006731264990049,1.2064521676237765,1.3609902170882069,1.576431561077746,0.005349,0.004962,0.005902,0.02327,0.02162,0.01724
COL,COL.20_2,COL.20.29_2,PIGE,0.00156943179687848,0.01525505043042628,0.3719358331454932,0.3793765295602238,0.3590649388241146,0.3385325273414221,1.7250318560025346,1.8250591126801639,1.4929011864048103,0.359738475476129,0.40581844765346364,0.47005849190981724,9.098e-4,0.008359,0.2491,1.055,0.8848,0.7202
COL,COL.20_2,COL.20.2_2,PIGE,0.00936615595076484,0.00925632799136428,0.009378111352698441,0.00913985146042385,0.00872010933087407,0.00802614956608019,1.7783692042849597,1.8814892668192373,1.539061140062154,0.37086145635923146,0.41836620426828064,0.48459252698219246,0.005267,0.00492,0.006093,0.02464,0.02084,0.01656
COL,COL.20_2,COL.20.4_2,PIGE,0.04294332702682365,0.05063616454671232,0.059657628658649244,0.06761640893618294,0.06595617600545516,0.06158286454338254,10.462774255740174,11.069466011835763,9.054840375920142,2.1819089583266975,2.4613961718089348,2.8510290234540805,0.004104,0.004574,0.006588,0.03099,0.0268,0.0216
COL,COL.20_2,COL.20.7_2,PIGE,0,0,0,0,0,0,0.5290778974882864,0.5597568733404538,0.45788199105562766,0.110334006637772,0.12446701798539961,0.14416983531682406,0,0,0,0,0,0
COL,COL.20_2,COL.20.9_2,PIGE,0.3693295433260777,0.5571652123151692,0.6534236917784905,0.834628685521452,0.9199591996488738,0.891752991728302,115.84515016284477,122.56251745660003,100.25632947911208,24.158369925676194,27.252887443024115,31.566951294917494,0.003188,0.004546,0.006518,0.03455,0.03376,0.02825
COL,COL.23_2,COL.23.27_2,PIGE,0.004121992404656334,0.003662523515383099,0.0032010660438386365,0.002739932408846625,0.0022784583302994732,0.001816984251752321,0.0657962966916322,0.0657962966916322,0.0657962966916322,0.0657962966916322,0.0657962966916322,0.0657962966916322,0.06265,0.05566,0.04865,0.04164,0.03463,0.02762
COL,COL.23_2,COL.23.32_2,PIGE,0.00580810787714856,0.00510429699003854,0.00440048610292851,0.00369667521581849,0.00299286432870846,0.00228905344159844,0.02360959829033446,0.02360959829033446,0.02360959829033446,0.02360959829033446,0.02360959829033446,0.02360959829033446,0.246,0.2162,0.1864,0.1566,0.1268,0.09695
COL,COL.29_2,COL.29.16_2,PIGE,0,0,0,0,0,0,0.007670617936179844,0.008115404428967464,0.006638413416850013,0.001599632141701813,0.0018045337844466716,0.0020901869646932445,0,0,0,0,0,0
COL,COL.29_2,COL.29.6_2,PIGE,3.3725566364052313e-4,3.938340156427816e-4,3.64089872829032e-4,3.3615459899514544e-4,3.1144265768511296e-4,2.8134293369211377e-4,0.4233560976816041,0.4479047162485501,0.36638675297579476,0.08828676214503463,0.09959567631632435,0.1153614225294328,7.966e-4,8.793e-4,9.937e-4,0.003808,0.003127,0.002439
COL,COL.33_2,COL.33.3_2,PIGE,0,0,0,0,0,0,9.620018935786152e-4,9.620018935786152e-4,9.620018935786152e-4,9.620018935786152e-4,9.620018935786152e-4,9.620018935786152e-4,0,0,0,0,0,0
COL,COL.3_2,COL.3.2_2,PIGE,0.0078026165061255,0.007510691856554,0.00704312985304945,0.00654454044351482,0.00617830663882036,0.00569345112915432,0.07652377754170703,0.07652377754170703,0.07652377754170703,0.07652377754170703,0.07652377754170703,0.07652377754170703,0.102,0.09815,0.09204,0.08552,0.08074,0.0744
COL,COL.4_2,COL.4.10_2,PIGE,0.03314142093358709,0.030130137776051353,0.02704735010729727,0.023956295878648295,0.02084798665301158,0.017739677427374877,75.14632994852096,79.50374584666045,65.0341874810858,15.671030119960509,17.678379016856223,20.47682215562945,4.41e-4,3.79e-4,4.159e-4,0.001529,0.001179,8.663e-4
COL,COL.4_2,COL.4.11_2,PIGE,1.1730033043592274,1.1157577580914981,1.0439854647006446,0.9547042552204278,0.8669447963399811,0.7740509599420443,167.5146442999388,177.22810568579453,144.97286548381916,34.93353618409784,39.408276822525764,45.646508380957684,0.007002,0.006296,0.007201,0.02733,0.022,0.01696
COL,COL.4_2,COL.4.12_2,PIGE,2.6680308797761056,2.7941766810573307,3.38361619418599,3.335287450875416,3.126661415725707,2.8935856536309577,103.45581308228464,109.45477543997416,89.53417616815888,21.57469518482316,24.33826211364642,28.190948072956168,0.02579,0.02553,0.03779,0.1546,0.1285,0.1026
COL,COL.4_2,COL.4.13_2,PIGE,0.7490337360414884,0.7574509719587048,0.7953254803695278,0.7582174664818817,0.6990517496046513,0.6345485365154231,17.460674961041526,18.473145200368045,15.111061441597725,3.6412525191419234,4.107671393438408,4.757905491052351,0.0429,0.041,0.05263,0.2082,0.1702,0.1334
COL,COL.4_2,COL.4.14_2,PIGE,0.10301618953643144,0.09448750686560368,0.0863354327435577,0.07778743681381804,0.06923944088407841,0.06069144495433873,15.77607910873602,16.69086680316907,13.653154946846119,3.289946575664377,3.7113656259088144,4.298865512714063,0.00653,0.005661,0.006323,0.02364,0.01866,0.01412
COL,COL.4_2,COL.4.15_2,PIGE,0.9313032183568226,0.8988074001259023,0.885373295159607,0.8450870592824948,0.7852411968567,0.7150797722112862,33.11275384170967,35.03282152991065,28.656902377428423,6.905340063363716,7.789865627591134,9.022981853728842,0.02813,0.02566,0.0309,0.1224,0.1008,0.07925
COL,COL.4_2,COL.4.16_2,PIGE,0.6836422249474474,0.6495030101848096,0.6084987847425283,0.5670843383440785,0.5239673715334299,0.4806560117951959,18.036939479708167,19.082824846252368,15.609780338067287,3.761426832847941,4.243239192716616,4.914933333548716,0.0379,0.03404,0.03898,0.1508,0.1235,0.0978
COL,COL.4_2,COL.4.17_2,PIGE,2.3359778724570677,2.598156455658682,2.6404302270068722,2.7016611965100243,2.601505084887477,2.3930140482037956,368.1015514581362,389.44619401822257,318.5675910720662,76.76396843407232,86.59689365838176,100.30496512049413,0.006346,0.006671,0.008288,0.03519,0.03004,0.02386
COL,COL.4_2,COL.4.18_2,PIGE,1.7091426308345984e-4,1.5958073803308738e-4,1.4824721298271483e-4,1.3691368793234234e-4,2.0023704843842956e-4,1.850749651543925e-4,3.2705992500788423,3.4602473829750138,2.8304877290858634,0.6820513974989484,0.7694173913050496,0.8912142380350226,5.226e-5,4.612e-5,5.238e-5,2.007e-4,2.602e-4,2.077e-4
COL,COL.4_2,COL.4.19_2,PIGE,0.4419377205062641,0.48903909014206404,0.46431633143409184,0.44020818286752766,0.40585538933311355,0.37023714340501657,61.739562921083056,65.3195774500801,53.43151572086904,12.875180342037885,14.524400518317416,16.823576757073482,0.007158,0.007487,0.00869,0.03419,0.02794,0.02201
COL,COL.4_2,COL.4.1_2,PIGE,13.259659134041428,12.564881641688622,11.768753562954808,11.025700379801584,10.276662138979836,9.285367995407483,441.52743411969664,467.1297311608945,382.11284500858415,92.07621614546765,103.87053275995208,120.31297804555491,0.03003,0.0269,0.0308,0.1197,0.09894,0.07718
COL,COL.4_2,COL.4.20_2,PIGE,0,0,0,0,0,0,0.11881103571280333,0.12570038208865486,0.10282310761765302,0.024776876269466983,0.02795062010553342,0.03237513329105832,0,0,0,0,0,0
COL,COL.4_2,COL.4.21_2,PIGE,9.254827270168416e-5,8.373415149199996e-5,9.14937129926317e-5,8.182965933626463e-5,7.216560567989755e-5,6.250155202353047e-5,1.5294656456813018,1.6181528500293438,1.3236515424673176,0.3189550603114754,0.3598109634381015,0.41676813812751484,6.051e-5,5.175e-5,6.912e-5,2.566e-4,2.006e-4,1.5e-4
COL,COL.4_2,COL.4.22_2,PIGE,10.385664307698613,10.221133050304116,9.706128602953296,9.09473595541688,8.405475438881588,7.646029837334623,354.3215824767306,374.867183274477,306.64193765912904,73.89029104879398,83.35511838258726,96.55002493465095,0.02931,0.02727,0.03165,0.1231,0.1008,0.07919
COL,COL.4_2,COL.4.23_2,PIGE,8.092393945643856,8.828429540708834,8.939483670102545,8.63105098700575,8.072290415161785,7.396430462000496,641.076138923374,678.2494162022009,554.8090750001278,133.69014147648224,150.81490966111036,174.68853228021015,0.01262,0.01302,0.01611,0.06456,0.05352,0.04234
COL,COL.4_2,COL.4.2_2,PIGE,0,0,0,0,0,0,12.361482942762121,13.078272735906664,10.698047393592761,2.577866033592185,2.908072567512703,3.368413174298595,0,0,0,0,0,0
COL,COL.4_2,COL.4.3_2,PIGE,0.005736727809997263,0.005429473554710802,0.005033234734540802,0.004616884835245531,0.00482484653177473,0.00436693750683923,6.757027121910883,7.148838371047656,5.847760881498419,1.4091117373449276,1.589609054362992,1.8412401879229385,8.49e-4,7.595e-4,8.607e-4,0.003276,0.003035,0.002372
COL,COL.4_2,COL.4.4_2,PIGE,0.0013988274523246828,0.001311449110415038,0.0012143693145346608,0.0011016348743721953,0.0010230710065035047,9.008101515872941e-4,16.876635838720254,17.855240134646987,14.605614138937028,3.5194568880924506,3.9702745974519553,4.598759126247904,8.289e-5,7.345e-5,8.314e-5,3.13e-4,2.577e-4,1.959e-4
COL,COL.4_2,COL.4.5_2,PIGE,0.9980007639325893,0.9873656815316981,0.92226494745215,0.8528303670943999,0.7858440101594273,0.7136579482201514,68.7685412351726,72.75613630568742,59.51463240523857,14.341004833375063,16.177986832151547,18.738921644468356,0.01451,0.01357,0.0155,0.05947,0.04857,0.03808
COL,COL.4_2,COL.4.6_2,PIGE,2.517598222062381,2.6234381367672635,2.5317795484271195,2.5241428570844118,2.3584236083900834,2.153603154349415,107.7116619452411,113.95740286827413,93.21733239194627,22.462210726341667,25.33946216279508,29.35063558328032,0.02337,0.02302,0.02716,0.1124,0.09307,0.07338
COL,COL.4_2,COL.4.7_2,PIGE,0.7522725804858721,0.7196416003757004,0.6733884946427441,0.6371747518469452,0.5929188894262702,0.5468215481850421,37.2369387497905,39.396150370870835,32.226112140600264,7.765398378375191,8.760091372356015,10.146791904832533,0.0202,0.01827,0.0209,0.08205,0.06768,0.05389
COL,COL.4_2,COL.4.8_2,PIGE,0.5651480642746142,0.608489764136487,0.742688181075944,0.9354585356575142,0.8837700067308567,0.8137223102761553,155.58606942552257,164.60784351493237,134.64947144320013,32.44594888245265,36.602047058472884,42.39605947093293,0.003632,0.003697,0.005516,0.02883,0.02415,0.01919
COL,COL.4_2,COL.4.9_2,PIGE,7.069406297411157e-4,7.644202952889705e-4,7.373596993750002e-4,8.461957346148997e-4,8.305615162509381e-4,7.587374614096142e-4,3.096208615188429,3.2757445772642995,2.679564147692359,0.6456839409128601,0.7283915189478114,0.8436940727960204,2.283e-4,2.334e-4,2.752e-4,0.001311,0.00114,8.993e-4
COL,COL.6_2,COL.6.11_2,PIGE,1.6508617193626915e-4,1.7328452667982627e-4,1.672287958229219e-4,1.5898737382617894e-4,1.4827848255590388e-4,1.366551565949586e-4,0.006729494021865098,0.0071197087436937955,0.005823932801117918,0.0014033699793587564,0.0015831318175045603,0.0018337376206862296,0.02453,0.02434,0.02871,0.1133,0.09366,0.07452
COL,COL.6_2,COL.6.12_2,PIGE,0.00211154508956493,0.00199205068221944,0.00187255627487395,0.00193887165351399,0.00181482210827176,0.00243496489591832,0.3216196183111752,0.340268971365978,0.27834054662646773,0.0670706171436098,0.07566189214638412,0.0876389802460204,0.006565,0.005854,0.006728,0.02891,0.02399,0.02778
COL,COL.6_2,COL.6.17_2,PIGE,1.1434004415043936e-4,1.0557792097517391e-4,9.681579779990848e-5,9.31628194839965e-5,8.413868888004623e-5,7.511455827609599e-5,0.25788051268438006,0.2728339062374793,0.22317855870171593,0.053778451780629094,0.06066709375452872,0.07027054280971613,4.434e-4,3.87e-4,4.338e-4,0.001732,0.001387,0.001069
COL,COL.6_2,COL.6.28_2,PIGE,0.04794722853592336,0.04407965821640388,0.04031923955451446,0.03644617427819343,0.0325731090018724,0.02870004372555137,0.9780662698266627,1.034780170778263,0.8464517855284214,0.20396612827627159,0.23009275680453684,0.26651586414639866,0.04902,0.0426,0.04763,0.1787,0.1416,0.1077
COL,COL.6_2,COL.6.35_2,PIGE,0.018186553687305523,0.01708113501045425,0.01605995993556253,0.01478547353070912,0.01346529567788953,0.012052477910929161,3.965868031652124,4.195831842564546,3.432196958552669,0.8270428831106499,0.9329812679130012,1.0806698668114416,0.004586,0.004071,0.004679,0.01788,0.01443,0.01115
COL,COL.6_2,COL.6.40_2,PIGE,0,0,0,0,0,0,0.03624447485597793,0.038346137719158964,0.031367200162029506,0.007558429766820047,0.008526611535251758,0.009876352794054861,0,0,0,0,0,0
COL,COL.6_2,COL.6.44_2,PIGE,4.0679745038993e-4,3.908425125433122e-4,3.801484503910052e-4,3.563728848746873e-4,3.431629632395629e-4,3.130774475487779e-4,0.0036746886144351466,0.0038877681700198443,0.0031802003963400534,7.663202713657284e-4,8.644805160732853e-4,0.001001325617454002,0.1107,0.1005,0.1195,0.465,0.397,0.3127
COL,COL.6_2,COL.6.7_2,PIGE,0,0,0,0,0,0,0.3406255782992344,0.3603770060963182,0.2947889502406989,0.07103412369989377,0.08013309605585367,0.09281796454025151,0,0,0,0,0,0
COL,COL.7_2,COL.7.49_2,PIGE,0,0,0,0,0,0,0.03161757357060952,0.03345094211743741,0.027362922563173214,0.006593534881670443,0.007438120392006883,0.008615556227981084,0,0,0,0,0,0
COL,COL.7_2,COL.7.65_2,PIGE,0.02724934957905037,0.03921204621229873,0.03635930757689579,0.03505015773116224,0.04699780947569022,0.05759822468481838,1.8986037398030322,2.0086956914093483,1.643116192783162,0.39593518955224233,0.4466517065843653,0.517355553499321,0.01435,0.01952,0.02213,0.08852,0.1052,0.1113
COL,COL.7_2,COL.7.68_2,PIGE,0.17796700861483347,0.17533740010326415,0.16924696873427492,0.16891929063602354,0.158367137869775,0.1461876874257746,8.471930025840708,8.963181196826872,7.331896128588098,1.7667379192050703,1.9930446384234148,2.308538614898675,0.02101,0.01956,0.02308,0.09561,0.07946,0.06332
COL,COL.7_2,COL.7.71_2,PIGE,0.16973163026297206,0.17027056621493292,0.16284576896314717,0.1632997998231191,0.1514182743012698,0.14517465285836653,0.13086544712653392,0.138453777524265,0.1132554048754398,0.027290705547255763,0.03078645325857007,0.03565987173242792,1.297,1.23,1.438,5.984,4.918,4.071
CRI,CRI.5_1,CRI.5.6_1,PIGE,0.038292205285832714,0.03282636879611315,0.0273737100256377,0.02192105125516225,0.01650546225758552,0.01120108237575013,2.6833739290218364,3.430502162877675,3.521341120419751,3.4747010856231078,3.4716866821053225,3.478327616481008,0.01427,0.009569,0.007774,0.006309,0.004754,0.00322
CRI,CRI.6_1,CRI.6.3_1,PIGE,0.28224634132952353,0.283843811499049,0.2690026934467445,0.25691564390530164,0.23859815519102578,0.2515519749151865,1.7194882022527487,2.198243015285216,2.256452016315302,2.226565391600751,2.224633781835298,2.2288892485026253,0.1641,0.1291,0.1192,0.1154,0.1073,0.1129
CRI,CRI.6_1,CRI.6.4_1,PIGE,0.2491239441320853,0.2522257760583092,0.2466263856385683,0.250165165468808,0.2358154765059653,0.2212448990755296,1.8098080079103092,2.313710444296088,2.3749769979477446,2.3435205141713853,2.3414874424602248,2.345966436641071,0.1377,0.109,0.1038,0.1067,0.1007,0.09431
CRI,CRI.6_1,CRI.6.7_1,PIGE,0.004367962557308193,0.0030038597396003616,0.0019569733669130623,0.0011072486801343604,3.573176132310719e-4,0,0.3778842180223513,0.48309801821603143,0.49589034956631256,0.4893222999601626,0.4888977987366089,0.4898330035794198,0.01156,0.006218,0.003946,0.002263,7.309e-4,0
DOM,DOM.10_1,DOM.10.1_1,PIGE,0.08558589949670632,0.08070608573052648,0.07574096202031795,0.0725121546479899,0.0657436445002958,0.0596862141169724,63.919627245303474,63.47198927192171,66.50024261692846,71.83232950845343,79.38143824851687,75.31455263188461,0.001339,0.001272,0.001139,0.001009,8.282e-4,7.925e-4
DOM,DOM.10_1,DOM.10.2_1,PIGE,0.5137355112583696,0.4701487730904892,0.42709948652935587,0.38579024156190744,0.34389391474994624,0.30592261055009906,9.724502123707294,9.656400092916387,10.117107661995735,10.928312178277332,12.076806422355363,11.458085076186673,0.05283,0.04869,0.04222,0.0353,0.02848,0.0267
DOM,DOM.10_1,DOM.10.3_1,PIGE,3.8380478476103552,3.2554940518290283,2.691816621064305,2.131108837288553,1.5774645553837257,1.0338403410976806,110.88720154878057,103.8746029693846,97.95462071335155,104.95171939257581,115.08776402772054,109.81036131564106,0.03461,0.03134,0.02748,0.02031,0.01371,0.009415
DOM,DOM.10_1,DOM.10.4_1,PIGE,1.671258039235064,1.4356177235100933,1.201290056787773,0.9854261471679893,0.7659067294803069,0.5435266967068736,32.967728531526,32.63418239399599,34.01210448075315,36.72513466033183,40.56999290537579,38.50169067626652,0.05069,0.04399,0.03532,0.02683,0.01888,0.01412
DOM,DOM.10_1,DOM.10.5_1,PIGE,0.7318881624638333,0.6866595959398111,0.6428826923998688,0.6008980345299774,0.5603347075149236,0.5176731078973779,71.93128153769155,71.42753684333162,74.83534995668393,80.8357579676036,89.33106824305658,84.7544412056538,0.01017,0.009613,0.008591,0.007434,0.006273,0.006108
DOM,DOM.10_1,DOM.10.6_1,PIGE,0.925784126323965,0.8039412193300571,0.6821040463802447,0.5602886700537776,0.43850418795539886,0.31679781428296616,12.936914534426457,12.846315536065912,13.459214208997738,14.53839372519028,16.06628396470147,15.2431729124147,0.07156,0.06258,0.05068,0.03854,0.02729,0.02078
DOM,DOM.11_1,DOM.11.1_1,PIGE,1.9209739688976046,1.779648284711958,1.6585915396774034,1.6327222822674203,1.4776542732031808,1.3191373599973655,189.7422245231874,188.41343353189217,197.40265250678195,213.23068642610073,235.639839095437,223.5674920396607,0.01012,0.009445,0.008402,0.007657,0.006271,0.0059
DOM,DOM.11_1,DOM.11.2_1,PIGE,5.991696161027628,5.654431040707826,5.261787374529928,5.322655223700543,4.792180712950312,4.2985506216646545,1281.1733848267306,1272.2011507532497,1332.8979625986324,1439.7716742488708,1591.0822749789895,1509.567631735404,0.004677,0.004445,0.003948,0.003697,0.003012,0.002848
DOM,DOM.11_1,DOM.11.3_1,PIGE,4.64848664389799,4.3177099136078265,3.954269581064384,3.6647190950020407,3.219827304919433,2.833814350373226,461.6147350054515,458.38198329261695,480.2514219240409,518.758684615223,573.2768346851262,543.9066019862627,0.01007,0.009419,0.008234,0.007064,0.005617,0.00521
DOM,DOM.12_1,DOM.12.1_1,PIGE,0.2866930465368688,0.19832984894869046,0.1219120781424407,0.0663544625689042,0.03273963080207694,0.01698522842210504,115.78589636915963,114.17091509302828,118.21561360367951,127.58380143918785,140.87678671114915,133.7391509334733,0.002476,0.001737,0.001031,5.201e-4,2.324e-4,1.27e-4
DOM,DOM.12_1,DOM.12.2_1,PIGE,0.15676955305623427,0.11206449813255402,0.07491295205991003,0.04664629787180987,0.02829486209266831,0.019958894636684182,126.79702451916796,122.07709893120868,121.21836948696095,130.41119448575031,143.5673974563804,136.59236471989286,0.001236,9.18e-4,6.18e-4,3.577e-4,1.971e-4,1.461e-4
DOM,DOM.12_1,DOM.12.3_1,PIGE,0.00162002174997049,0.00141161834614979,0.00120321494232908,9.94811538508385e-4,7.864081346876822e-4,5.780047308669792e-4,37.940876179392866,37.675170985961536,39.47265620535752,42.63763161663039,47.118568260273975,44.704580409183436,4.27e-5,3.747e-5,3.048e-5,2.333e-5,1.669e-5,1.293e-5
DOM,DOM.12_1,DOM.12.4_1,PIGE,0.04228596813044917,0.036351564154341126,0.030724946645097832,0.03603552940442887,0.03041653833820094,0.025285726618029,11.563655406695467,11.290022083881286,11.492679786469258,12.387702758412102,13.661960271927096,12.981144633139145,0.003657,0.00322,0.002673,0.002909,0.002226,0.001948
DOM,DOM.12_1,DOM.12.5_1,PIGE,0.03449545756741935,0.029962660200762537,0.025429862834105733,0.02089706546744891,0.016364268100792095,0.011831470734135272,24.14618686958018,23.97708778967291,25.121036437501377,27.135277947288355,29.98701845629994,28.450717568631273,0.001429,0.00125,0.001012,7.701e-4,5.457e-4,4.159e-4
DOM,DOM.12_1,DOM.12.6_1,PIGE,2.2744995602492266,1.8813604995946052,1.5179426388636328,1.2355052239515496,0.9432684337061656,0.7043915482910087,49.740509966034104,45.020398362987876,39.54381920787709,42.11366879377595,45.91301557436196,43.99459771071876,0.04573,0.04179,0.03839,0.02934,0.02054,0.01601
DOM,DOM.13_1,DOM.13.1_1,PIGE,0.2692118324644174,0.24571330303099978,0.22430658332711573,0.20992412171254918,0.18914731591655842,0.16878259083801367,228.4650485262247,226.86507625294522,237.6888259716594,256.7470643081135,283.7295041150519,269.1934177860635,0.001178,0.001083,9.437e-4,8.176e-4,6.666e-4,6.27e-4
DOM,DOM.13_1,DOM.13.2_1,PIGE,0.21694208462049702,0.20196779299512965,0.18679949865345394,0.17366640878402445,0.15815663253379506,0.1421073030574133,73.72474582204431,73.20844124972236,76.70122144521045,82.85123776602086,91.55836180647032,86.86762562268615,0.002943,0.002759,0.002435,0.002096,0.001727,0.001636
DOM,DOM.13_1,DOM.13.3_1,PIGE,0.05491243389065734,0.05473818238246993,0.05194636995939106,0.050321386990710745,0.04604554232088877,0.04154696568349762,33.92426954654514,33.68669320383598,35.293887850591126,38.12380349230013,42.13036627701832,39.97193498103893,0.001619,0.001625,0.001472,0.00132,0.001093,0.001039
DOM,DOM.14_1,DOM.14.1_1,PIGE,1.0048822002327968,0.851437659886285,0.7096831289197607,0.6125022263211027,0.4968144256996601,0.3996844831456378,257.49367241219176,255.69040867858337,267.889417158527,289.36918314731497,319.7799946099355,303.3969623890475,0.003903,0.00333,0.002649,0.002117,0.001554,0.001317
DOM,DOM.14_1,DOM.14.2_1,PIGE,0.01285911343076483,0.01004926211054676,0.0076180135578588805,0.00554631608227237,0.0036546341610680416,0.0030016566612872096,0.43611677398574533,0.43306258801379693,0.45372403640691034,0.4901042944584686,0.5416110552465012,0.5138631300515056,0.02949,0.02321,0.01679,0.01132,0.006748,0.005841
DOM,DOM.14_1,DOM.14.3_1,PIGE,0.33389229787707725,0.26891781258789227,0.209609262933367,0.15968536051505355,0.12625501078352558,0.11313501191121238,10.364430945227967,10.291847404560997,10.78287221230163,11.647458705728441,12.871530553552823,12.212093742791026,0.03222,0.02613,0.01944,0.01371,0.009809,0.009264
DOM,DOM.14_1,DOM.14.4_1,PIGE,0.3447019890833553,0.3309457928355682,0.31883750164197483,0.3208878666303463,0.29903814833028325,0.270728731017471,50.71888511081265,50.36369375689475,52.76654934462216,56.99744858648212,62.98750821882207,59.76051968277826,0.006796,0.006571,0.006042,0.00563,0.004748,0.00453
DOM,DOM.15_1,DOM.15.1_1,PIGE,0.4023387583916231,0.32517048295559653,0.2528040403354226,0.18757353303130153,0.1308814905068369,0.08281303299994694,171.90196140427207,170.69810823835715,178.8421277214175,193.18195156791063,213.48411312919202,202.54685262823574,0.002341,0.001905,0.001414,9.71e-4,6.131e-4,4.089e-4
DOM,DOM.15_1,DOM.15.2_1,PIGE,0.6432493022495578,0.6109011444915743,0.5558819173482336,0.5049412589275672,0.44768700713301557,0.3862171587820486,57.180655194947725,56.78021117311579,59.48919928562861,64.25913045002213,71.01234542479266,67.37422683455904,0.01125,0.01076,0.009344,0.007858,0.006304,0.005732
DOM,DOM.15_1,DOM.15.3_1,PIGE,1.040742988321399,0.9211639738960642,0.798572588787381,0.6785346048303901,0.5636015401076512,0.45108696640067586,249.13892030802594,247.39416605673452,259.19736018205043,279.9801843065562,309.4042733045952,293.5528120991726,0.004177,0.003723,0.003081,0.002424,0.001822,0.001537
DOM,DOM.15_1,DOM.15.4_1,PIGE,1.1672010315741799,1.0004777789350359,0.8362264572124062,0.6740054324754223,0.5180516110966196,0.3690372894210899,105.77227001460457,105.03153220636267,110.04259444631366,118.86597090730754,131.35800821158125,124.62824863538559,0.01104,0.009525,0.007599,0.00567,0.003944,0.002961
DOM,DOM.16_1,DOM.16.1_1,PIGE,3.175327656222421,3.0289107138720417,2.893547285619938,2.9316377924340498,2.743008712182519,2.549594075434877,122.17439753339092,121.31879336190377,127.10692204708567,137.29854129836377,151.7277213793392,143.95437661087814,0.02599,0.02497,0.02276,0.02135,0.01808,0.01771
DOM,DOM.16_1,DOM.16.2_1,PIGE,0.47462235243307604,0.45509936503965953,0.43958225440174264,0.4487592245108997,0.41806247570793315,0.3829230689758388,12.113893171240704,12.029057905100508,12.602965155467952,13.613489367942181,15.04417819946892,14.273431872828564,0.03918,0.03783,0.03488,0.03296,0.02779,0.02683
DOM,DOM.16_1,DOM.16.3_1,PIGE,2.2418090380216364,2.149131367248714,2.053634276561097,2.165356706004124,2.0302814662776596,1.8786521434403438,44.68500634104391,44.3720710730973,46.489065895432674,50.21662731634658,55.49406691442793,52.6509838521614,0.05017,0.04843,0.04417,0.04312,0.03659,0.03568
DOM,DOM.17_1,DOM.17.1_1,PIGE,0.12785959426252835,0.11804892061000963,0.10953091191911439,0.09859464184576114,0.08443273289196242,0.07040740073811108,56.64657271194733,56.249868943471235,58.93355438862888,63.658933131030466,70.34907128708207,66.74493368925748,0.002257,0.002099,0.001859,0.001549,0.0012,0.001055
DOM,DOM.17_1,DOM.17.2_1,PIGE,1.639142604305441,1.440737258338116,1.2325430876729078,1.0348206672473634,0.8450840891923858,0.6661484217544967,415.17569828115177,412.2681655531729,431.9375104988255,466.57089298068774,515.6044469550887,489.18889748332725,0.003948,0.003495,0.002854,0.002218,0.001639,0.001362
DOM,DOM.17_1,DOM.17.3_1,PIGE,0.20637158637517963,0.1860880336438569,0.1597127513108565,0.13457265338213673,0.10980125087987913,0.08421447186706695,68.34898682365593,67.87032943369616,71.10842791606437,76.8100058569496,84.88223587520042,80.53353230160538,0.003019,0.002742,0.002246,0.001752,0.001294,0.001046
DOM,DOM.17_1,DOM.17.4_1,PIGE,0.5650982675779875,0.4920503945950981,0.4159383961489141,0.339604685821585,0.2633279112546155,0.1869391483944334,114.38626986899804,113.58520703065648,119.00436573482568,128.54631014883566,142.0556878912529,134.77786266418815,0.00494,0.004332,0.003495,0.002642,0.001854,0.001387
DOM,DOM.17_1,DOM.17.5_1,PIGE,0.9218898465159115,0.8176738428383438,0.7042386518046679,0.5939541215042338,0.4898464383897982,0.38598639697322984,262.2899683965047,260.4531155400137,272.8793531197516,294.7592194853406,325.7364885681872,309.04829206533526,0.003515,0.003139,0.002581,0.002015,0.001504,0.001249
DOM,DOM.17_1,DOM.17.6_1,PIGE,0.32467242085323955,0.29990525699321996,0.2714141550968468,0.2389507219262263,0.20782638489402866,0.18232846517970974,99.02745348288877,98.33395055590644,103.02547067548117,111.28620387079259,122.98165715816809,116.68103646343664,0.003279,0.00305,0.002634,0.002147,0.00169,0.001563
DOM,DOM.18_1,DOM.18.1_1,PIGE,6.275875051932337,6.18614025211051,5.781302344303448,6.487113481280888,6.106570923638903,5.635728609577835,403.6087178651005,400.7821902977386,419.903538506769,453.5720194817082,501.239476738745,475.5598762752807,0.01555,0.01544,0.01377,0.0143,0.01218,0.01185
DOM,DOM.18_1,DOM.18.2_1,PIGE,0.17696561401245248,0.14462037646941672,0.11443353523966095,0.08737150468263108,0.06423945974486193,0.04815453352707149,26.43866842130226,26.253514776622744,27.506071925885774,29.711549075769483,32.83403885639562,31.151878853915257,0.006693,0.005509,0.00416,0.002941,0.001956,0.001546
DOM,DOM.18_1,DOM.18.3_1,PIGE,1.4129170341910946,1.300730416613804,1.1864212972985584,1.1267584870970546,1.0217231580151924,0.9295545300159956,449.21507110216083,446.0691559473522,467.35114866724115,504.824048546758,557.8777593641142,529.2964551517364,0.003145,0.002916,0.002539,0.002232,0.001831,0.001756
DOM,DOM.18_1,DOM.18.4_1,PIGE,3.2337392346156193,2.9379338276044162,2.588394065008184,2.734226987394654,2.4798413785140982,2.2543733054710806,223.3607357119719,221.79650964595533,232.3784376735886,251.01088129533528,277.390485726995,263.179161247562,0.01448,0.01325,0.01114,0.01089,0.00894,0.008566
DOM,DOM.18_1,DOM.18.5_1,PIGE,3.0158465678202258,2.953017037926226,2.8109140420238052,3.0632593542451176,2.8624616204171662,2.6271141046109436,135.17884249866867,134.2321664038915,140.63639308061718,151.9128251432217,167.87787101969525,159.27711857598908,0.02231,0.022,0.01999,0.02016,0.01705,0.01649
DOM,DOM.19_1,DOM.19.1_1,PIGE,2.8604248248914024,2.2238807037558455,1.7278238904788628,1.340911101363134,1.0261187083673933,0.8056513248500338,120.10208852487956,119.24411439249063,124.90381616472722,134.91646690487258,149.09288704986852,141.45620588469427,0.02382,0.01865,0.01383,0.009939,0.006882,0.005695
DOM,DOM.1_1,DOM.1.10_1,PIGE,0.15556480687461682,0.14424403971289068,0.13466760523434682,0.13327779169677334,0.1255621285074236,0.12440988454835546,54.06700499397388,53.6883662943231,56.24984225692781,60.76003702834,67.14552013484624,63.705507506166015,0.0028769999999999998,0.002687,0.002394,0.002194,0.00187,0.001953
DOM,DOM.1_1,DOM.1.1_1,PIGE,0.3565107004184001,0.47745049730150285,0.46343827861822595,0.45238314419760406,0.437852014224968,0.5027940762686456,85.08793485791952,84.49205230414826,88.52317442512627,95.62109225780856,105.67024461354393,100.25652564590021,0.00419,0.005651,0.005235,0.004731,0.004144,0.005015
DOM,DOM.1_1,DOM.1.2_1,PIGE,0.14713578614714,0.12263410726956474,0.1026803916130473,0.08610268981821065,0.0717482113178164,0.06153725582496186,16.607270764912418,16.490967755195573,17.27775305749838,18.66310861362143,20.62447945201617,19.567842022856226,0.00886,0.007436,0.005943,0.004614,0.003479,0.003145
DOM,DOM.1_1,DOM.1.3_1,PIGE,0.00849465849522436,0.010091291090333819,0.01220846130723331,0.01372491631945912,0.01278164295685548,0.02294966058195974,1.0771722875861165,1.0696287013579369,1.1206607665249142,1.2105169888165408,1.3377344192243183,1.2691993436643976,0.007886,0.009434,0.01089,0.01134,0.009555,0.01808
DOM,DOM.1_1,DOM.1.4_1,PIGE,0.030492212071536403,0.026170419072795048,0.024428999693934722,0.021792462451063192,0.020195323136301215,0.01855959808591437,30.056816192749746,29.84632415975969,31.270294512819518,33.7775925451952,37.32739694171316,35.415032325021265,0.001014,8.768e-4,7.812e-4,6.452e-4,5.41e-4,5.241e-4
DOM,DOM.1_1,DOM.1.5_1,PIGE,0.08571980223960511,0.08165560486093143,0.07360018336621307,0.07046841700096919,0.06333403481920055,0.05652440638645133,63.47532667127044,63.03080019614208,66.03800437741795,71.3330283296112,78.82966377639687,74.79104677915224,0.00135,0.001295,0.001115,9.879e-4,8.034e-4,7.558e-4
DOM,DOM.1_1,DOM.1.6_1,PIGE,0.20526213312463878,0.1730021098126807,0.142133020918323,0.11659564406410187,0.09429085265037568,0.07951284487448092,36.14957701096549,35.89641653289049,37.609037244584,40.62458495694185,44.893963542580074,42.59394708239276,0.005678,0.004819,0.003779,0.00287,0.0021,0.001867
DOM,DOM.1_1,DOM.1.7_1,PIGE,0.3546392054179233,0.39839301950430717,0.3734137360094928,0.38272357759090186,0.3635602458370308,0.3961494452207167,19.142338061013547,19.008281625068822,19.915168159967592,21.511995523440202,23.77276577178773,22.554834712360783,0.01853,0.02096,0.01875,0.01779,0.01529,0.01756
DOM,DOM.1_1,DOM.1.8_1,PIGE,0.17918654358402916,0.15684671566907743,0.14015488011205235,0.1235114598704875,0.11028161274730518,0.09910848904939956,36.29268018236051,36.03851753302157,37.75791789403616,40.78540307501227,45.0716825946588,42.76256119668442,0.004937,0.004352,0.003712,0.003028,0.002447,0.002318
DOM,DOM.1_1,DOM.1.9_1,PIGE,0.09867008225713085,0.09071518847499314,0.08346724327980695,0.07678664106307607,0.07185974260210348,0.06594350590554206,35.637849448359965,35.38827266904731,37.076649799074644,40.04950990597871,44.25845185921025,41.99099405985504,0.002769,0.002563,0.002251,0.001917,0.001624,0.00157
DOM,DOM.20_1,DOM.20.1_1,PIGE,0.6914971006992753,0.7420957306065968,0.7304984365380222,0.7030559146586245,0.6952529035779839,0.6832810669841535,73.08130918438783,72.56951068766256,76.03180745835213,82.12814918484726,90.75928133744718,86.10948380302116,0.009462,0.01023,0.009608,0.00856,0.00766,0.007935
DOM,DOM.20_1,DOM.20.2_1,PIGE,0.05549516533934066,0.0472324976777009,0.03905022975174646,0.03095553784394097,0.0233959435199823,0.0165468399046239,5.218323699047141,5.1817790578193845,5.429002123378306,5.864307468396066,6.4806078872607795,6.148592096349775,0.01063,0.009115,0.007193,0.005279,0.00361,0.002691
DOM,DOM.21_1,DOM.21.1_1,PIGE,0.6590999313917156,0.598300817175823,0.534318502080594,0.48794500045171746,0.448439759355045,0.41725741412519346,25.969765176714404,25.78789532618647,27.01823773672053,29.18459962652512,32.25171046120751,30.599384422772147,0.02538,0.0232,0.01978,0.01672,0.0139,0.01364
DOM,DOM.21_1,DOM.21.2_1,PIGE,0.26524033114641205,0.24041000071434354,0.20980624637621112,0.19228267272562177,0.1800453599204705,0.16746386367093777,14.196385944877324,14.096966694365705,14.769534027394704,15.953776906553102,17.630414675457825,16.727169767820726,0.01868,0.01705,0.01421,0.01205,0.01021,0.01001
DOM,DOM.21_1,DOM.21.3_1,PIGE,0.732437133249079,0.6465631151089766,0.5483208824527644,0.4706929994984389,0.40647513272415237,0.37116582383729874,47.44818730684769,47.11590110115433,49.363804258897254,53.32186641396174,58.92564636286013,55.90675594047159,0.01544,0.01372,0.01111,0.008827,0.006898,0.006639
DOM,DOM.21_1,DOM.21.4_1,PIGE,0.5515463587915522,0.3680055211905111,0.2248329009888547,0.1142405726693106,0.046147524090897285,0.02997563493166347,83.13530701938194,82.5530989879144,86.49171350147297,93.42674582072858,103.24528669580833,97.95580365402051,0.006634,0.004458,0.002599,0.001223,4.47e-4,3.06e-4
DOM,DOM.21_1,DOM.21.5_1,PIGE,0.4495835295626075,0.39236140573687606,0.343491360986576,0.2916536526665179,0.251116727323234,0.22736604441209707,40.344525393418785,40.06198711272995,41.97334750765946,45.338832011651945,50.10364717698987,47.53672716973333,0.01114,0.009794,0.008184,0.006433,0.005012,0.004783
DOM,DOM.21_1,DOM.21.6_1,PIGE,0.2031589474692091,0.1307610605815085,0.07457749293635188,0.030460538981738342,0.005614061807606967,2.3462703728429e-4,129.76882127895732,128.86003230960796,135.00795406777905,145.83308964334697,161.1591950216709,152.90265512162807,0.001566,0.001015,5.524e-4,2.089e-4,3.484e-5,1.534e-6
DOM,DOM.21_1,DOM.21.7_1,PIGE,0.12554582355466032,0.09517438482445575,0.07374683227218573,0.05885168652915935,0.049863375343819856,0.04417611310176269,15.730461375938768,15.620298783412032,16.365544404093995,17.67775773378681,19.53557462941107,18.534724188477135,0.007981,0.006093,0.004506,0.003329,0.002552,0.002383
DOM,DOM.21_1,DOM.21.8_1,PIGE,1.1338574238655008,1.0288462485215142,0.9381636099356104,0.8456650095933571,0.7649927083857481,0.7069529259314994,66.85546396725151,66.38726592402847,69.55460733567105,75.13159766570766,83.02743794367576,78.77375974623808,0.01696,0.0155,0.01349,0.01126,0.009214,0.008974
DOM,DOM.21_1,DOM.21.9_1,PIGE,2.741755615978505,2.4898139299792486,2.2543428065647553,2.21400952309878,2.013729182255555,1.8922775376002947,62.12623136422778,61.69115278977046,64.63444229331193,69.81692658105294,77.15422963476178,73.2014488123531,0.04413,0.04036,0.03488,0.03171,0.0261,0.02585
DOM,DOM.22_1,DOM.22.1_1,PIGE,0.4440697480994589,0.405767726931995,0.3613582944133938,0.32902704247562453,0.3024256215681623,0.2741019406637028,81.86074925201584,81.28746712453945,85.16569824744371,91.99440872070696,101.6624203202574,96.45403100312126,0.005425,0.004992,0.004243,0.003577,0.002975,0.002842
DOM,DOM.22_1,DOM.22.2_1,PIGE,0.3126021148314769,0.28016071674196014,0.2469016910701359,0.23751336051619706,0.220536384275396,0.20330394681397515,29.644596756280393,29.436991552908747,30.841432616747685,33.31434387391276,36.81546386026148,34.92932670091442,0.01054,0.009517,0.008006,0.007129,0.00599,0.00582
DOM,DOM.22_1,DOM.22.3_1,PIGE,0.11122584356016252,0.09290853773479797,0.07503140064177931,0.0575730111286285,0.04088732927232489,0.025249765976006113,97.7029218188636,97.01869476996939,101.64746393784098,109.79770653382437,121.33672847151426,115.12038109008805,0.001138,9.576e-4,0.00073820000000000005,5.244e-4,3.37e-4,2.193e-4
DOM,DOM.23_1,DOM.23.1_1,PIGE,0.3287699370583282,0.23381895894242705,0.15708858649182633,0.09488578937737305,0.05259462108823432,0.03099504197848477,12.198470483735134,12.113042911000068,12.690957092266686,13.708536627162324,15.14921430493988,14.37308674767443,0.026950000000000002,0.0193,0.01238,0.006922,0.003472,0.002156
DOM,DOM.23_1,DOM.23.2_1,PIGE,1.2817106252952837,0.9698986377128075,0.6839838848844357,0.4299706437743543,0.2129676609538681,0.09841583502007602,70.64470617306333,70.14997154358716,73.49683192114539,79.38991559473176,87.73327727867323,83.23850858542255,0.01814,0.01383,0.009306,0.005416,0.002427,0.001182
DOM,DOM.23_1,DOM.23.3_1,PIGE,0.9230773964178793,0.6736051893882395,0.4536937614373492,0.27309310034352763,0.15310279168335256,0.09269263335188486,51.00831195084104,50.6510937008085,53.067661161308386,57.32270398982989,63.34694584102544,60.1015425253043,0.0181,0.0133,0.008549,0.004764,0.002417,0.001542
DOM,DOM.24_1,DOM.24.2_1,PIGE,0.23159800551106138,0.22277295323414462,0.21162270424370264,0.191134393189313,0.1752460355136148,0.1675019319350245,7.19077351296862,7.1404155334072,7.481085291387259,8.080929671600572,8.930182608671737,8.472669718927829,0.03221,0.0312,0.02829,0.02365,0.01962,0.01977
DOM,DOM.24_1,DOM.24.3_1,PIGE,0.3281221707553589,0.3234214925836269,0.296146437364851,0.27823381644562656,0.2569197875738334,0.23027082568261933,1.2227323918921305,1.214169428159656,1.2720975421892557,1.3740961870441513,1.518504722953906,1.4407083872760909,0.2684,0.2664,0.2328,0.2025,0.1692,0.1598
DOM,DOM.24_1,DOM.24.4_1,PIGE,0.06710262265557534,0.05009360957818177,0.03370161098870288,0.01829531095452784,0.0054707599460724395,0,3.4009385138283212,3.3771212719335324,3.538243979848254,3.8219455665122917,4.223607086856125,4.007222409394551,0.01973,0.01483,0.009525,0.004787,0.001295,0
DOM,DOM.24_1,DOM.24.5_1,PIGE,0.026125132727732023,0.01898280480042365,0.01260241333257755,0.007457598726806359,0.0037449873427115848,0.0017972680378391,3.640863749767635,3.615366278325092,3.7878556732747133,4.091571491257536,4.5215689355366004,4.28991901744144,0.007176,0.005251,0.003327,0.001823,8.282e-4,4.19e-4
DOM,DOM.24_1,DOM.24.6_1,PIGE,0.3021248644724103,0.22514804050043044,0.15480970149148518,0.09704911091925812,0.05209409644919073,0.030090154124257258,36.777899922545146,36.52033921238354,38.26272732167831,41.33068886222733,45.67427435719537,43.33428085831386,0.008215,0.006165,0.004046,0.002348,0.001141,6.944e-4
DOM,DOM.24_1,DOM.24.7_1,PIGE,0.3094561399978551,0.2531808978564193,0.19164246068993163,0.1357724193608939,0.08768682594765699,0.0607552416502603,35.60432605679153,35.35498404641776,37.04177297377516,40.01183660572396,44.216819341119084,41.951494467202686,0.008692,0.007161,0.005174,0.003393,0.001983,0.001448
DOM,DOM.24_1,DOM.24.8_1,PIGE,2.104748767837966,2.0437925506475434,1.9322320984461627,2.002214665162315,1.841895366616206,1.6902754094277075,65.41504761048833,64.95693700185392,68.05603731387572,73.51287010380716,81.23859268590009,77.07656096413412,0.03218,0.03146,0.02839,0.02724,0.02267,0.02193
DOM,DOM.25_1,DOM.25.1_1,PIGE,0.5865626799607077,0.5776104884372889,0.5776009061720774,0.5698914905728015,0.5609037562683616,0.546329065143235,8.537460429030078,8.477671415092129,8.882141750985282,9.594324891006476,10.602625782615199,10.059429951886374,0.0687,0.06813,0.06503,0.0594,0.0529,0.05431
DOM,DOM.25_1,DOM.25.2_1,PIGE,0.014285593561605445,0.009805114510991966,0.0060130445421261065,0.0034013215700144537,0.0020531530358743806,0.00145200490127999,2.706984291335154,2.688026906657374,2.81627287097843,3.0420857562757666,3.361789103332349,3.189557256037131,0.005277,0.003648,0.002135,0.001118,6.107e-4,4.552e-4
DOM,DOM.25_1,DOM.25.3_1,PIGE,0.1483524469222562,0.10553712791923259,0.0693016111930227,0.03815714706207565,0.014821087121034877,0.0049543292426121295,16.424995586786064,16.30996907530381,17.08811891708125,18.458269329967028,20.398112897324825,19.353072724471556,0.009032,0.006471,0.004056,0.002067,7.266e-4,2.56e-4
DOM,DOM.26_1,DOM.26.1_1,PIGE,0.3937341319811883,0.315802648812185,0.2448867298490579,0.17951736452205125,0.11914381963315197,0.07537731702246168,11.415588432387482,11.335643490730934,11.876467887640064,12.828740484690446,14.176957333283463,13.450640638367485,0.03449,0.02786,0.02062,0.01399,0.008404,0.005604
DOM,DOM.26_1,DOM.26.2_1,PIGE,0.28560709946450835,0.24656706397058778,0.20776395927104263,0.16920460865998227,0.13114514314789463,0.09350512678543756,74.42170721419366,73.90052172503047,77.42632113164471,83.63447700775502,92.42391437767321,87.6888340325847,0.003838,0.003336,0.002683,0.002023,0.001419,0.001066
DOM,DOM.26_1,DOM.26.3_1,PIGE,0.2519029458453817,0.24032867288773233,0.23107693694744202,0.2607476897787285,0.26803703558671654,0.2609517808751662,24.57919346072302,24.407061975883604,25.571524724224666,27.621887044912434,30.52476699234967,28.960916064836937,0.01025,0.009847,0.009036,0.00944,0.008781,0.00901
DOM,DOM.26_1,DOM.26.4_1,PIGE,1.1270729956347771,0.9622557094587775,0.8013573184137625,0.6516020625290182,0.5117002972126544,0.37563369064097396,267.890283200614,266.0142105664545,278.7057684049222,301.05280528514527,332.69148913614373,315.6469726623064,0.004207,0.003617,0.002875,0.002164,0.001538,0.00119
DOM,DOM.26_1,DOM.26.5_1,PIGE,2.1550506663626736,1.8858038984578065,1.6364792532899097,1.5820267695603738,1.3584166579889714,1.1412745067779515,305.68122198406707,303.54049418875815,318.02243381939036,343.5219385407096,379.6238509579593,360.1748863982838,0.00705,0.006213,0.005146,0.004605,0.003578,0.003169
DOM,DOM.26_1,DOM.26.6_1,PIGE,1.4095072488086713,1.2213115123129965,1.0371782919482382,0.8553355409270632,0.6771926123025523,0.5036942017177821,41.22582547193369,40.93711532513598,42.89022815238921,46.32922948992197,51.198128962569804,48.57513624701204,0.03419,0.02983,0.02418,0.01846,0.01323,0.01037
DOM,DOM.27_1,DOM.27.1_1,PIGE,0.16417903884029403,0.15575010034731893,0.14478452504350392,0.13345529288119537,0.12212945275642553,0.11059264929909918,120.24325750230128,119.40117737103601,125.09781645418408,135.128342675211,149.3294490530805,141.67897304895067,0.001365,0.001304,0.001157,9.876e-4,8.179e-4,7.806e-4
DOM,DOM.27_1,DOM.27.2_1,PIGE,0.17084851048094316,0.16596010705649325,0.16092497218015042,0.15363962921909272,0.1435602041609334,0.13735484724932168,66.99964138203043,66.53043364446872,69.70460559873796,75.29362300929002,83.20649109278412,78.94363960883527,0.00255,0.002494,0.002309,0.002041,0.001725,0.00174
DOM,DOM.27_1,DOM.27.3_1,PIGE,0.8708032898885476,0.8344253953017035,0.7788960733230431,0.7339960297819358,0.7131464797041045,0.6604835889920104,312.73126216151667,310.54116196162244,325.35710397415,351.4447132954951,388.3792576008679,368.48173430845276,0.002785,0.002687,0.002394,0.002089,0.001836,0.001792
DOM,DOM.27_1,DOM.27.4_1,PIGE,0.12106072600778707,0.11414370751397722,0.10657614903899991,0.09880319304825357,0.0924652284204535,0.08455219571823948,141.74785971239518,140.75517988325052,147.47062001988158,159.29503041222654,176.0358978539833,167.0171917585859,8.541e-4,8.109e-4,7.227e-4,6.203e-4,5.253e-4,5.062e-4
DOM,DOM.27_1,DOM.27.5_1,PIGE,0.5177635982850672,0.5016854202545078,0.4708121614854213,0.45263731138925273,0.41637705420058746,0.37644723746220654,200.9247848296734,199.5176808248557,209.03668426679027,225.79755189921997,249.52740006357234,236.74356272495945,0.002577,0.002514,0.002252,0.002005,0.001669,0.00159
DOM,DOM.27_1,DOM.27.6_1,PIGE,0.3924039260380389,0.365174846571778,0.3387301212630543,0.3135149081903181,0.28967109628466237,0.2727619131634394,163.27050180194377,162.12709593915355,169.8621917857739,183.48199121122838,202.76475028329662,192.37666630948962,0.002403,0.002252,0.001994,0.001709,0.001429,0.001418
DOM,DOM.28_1,DOM.28.1_1,PIGE,1.6090071810130253,1.3638780285931305,1.1211040092258375,0.925993483870302,0.7076211567404486,0.5083858404371698,174.46765631160943,173.24583523007718,181.5114069580465,196.06525752485453,216.6704357131727,205.56993290050403,0.009222,0.007873,0.006176,0.004723,0.003266,0.002473
DOM,DOM.28_1,DOM.28.2_1,PIGE,2.178731605481431,1.8834614409583756,1.584505199825236,1.3306304024550737,1.0635933845898389,0.8208775484843972,205.35107424418587,203.91297232357132,213.64167545092533,230.7717780238944,255.02438487044168,241.9589249140083,0.01061,0.009237,0.007417,0.005766,0.004171,0.003393
DOM,DOM.28_1,DOM.28.3_1,PIGE,0.14792612077440667,0.13541648376032578,0.12185648364846437,0.12034418270915685,0.10775121886435506,0.09325259857119071,48.611889175013424,48.27145340449411,50.57448804886695,54.62962460414777,60.3708413986974,57.27791045708731,0.003043,0.002805,0.002409,0.002203,0.001785,0.001628
DOM,DOM.28_1,DOM.28.4_1,PIGE,0.2643467861839703,0.23068604628749664,0.1971423853540456,0.1637441635623,0.13049647468927586,0.0973295489999006,102.95909585949929,102.2380590982101,107.11584452769738,115.70454989183946,127.86434249261816,121.31357109269226,0.002567,0.002256,0.00184,0.001415,0.001021,8.023e-4
DOM,DOM.29_1,DOM.29.1_1,PIGE,1.6510630136494047,1.6863324187657065,1.575328290028726,1.5180030681807066,1.4235258572140619,1.3754870849797227,24.619602761326814,24.447188284576967,25.613565462100375,27.66729867075059,30.574951083508957,29.00852911466688,0.06706,0.06898,0.0615,0.05487,0.04656,0.04742
DOM,DOM.29_1,DOM.29.2_1,PIGE,0.595842227665328,0.5437571289602048,0.48371124051373793,0.41492857445371656,0.35506064635911544,0.2973210993219263,18.6742101704301,18.54343209872583,19.428140628031578,20.98591741038365,23.191400284530626,22.003253857258244,0.03191,0.02932,0.0249,0.01977,0.01531,0.01351
DOM,DOM.29_1,DOM.29.3_1,PIGE,3.6808046636310223,3.4996407733591925,3.2224893993007084,3.0704465403911856,2.8496906132913145,2.5933658115068727,170.8329403066151,169.63657364302006,177.72994723131578,191.98059481650643,212.15650162851244,201.28725758374188,0.02155,0.02063,0.01813,0.01599,0.01343,0.01288
DOM,DOM.2_1,DOM.2.1_1,PIGE,0.1585945810229272,0.13299567438957335,0.11009295155490452,0.09161725684018593,0.07196193821509701,0.05485050323841235,146.04038512359497,145.01764414643412,151.9364467711646,164.11893369591425,181.36676187094113,172.07494389103852,0.001086,9.171e-4,7.246e-4,5.582e-4,3.968e-4,3.188e-4
DOM,DOM.2_1,DOM.2.2_1,PIGE,0.21118281763875882,0.18360512907797877,0.1561004434483324,0.12865033633218495,0.10127152992699975,0.07397796007054909,4.381494990725825,4.350810776462436,4.558388283303587,4.923886534970067,5.441354855022931,5.1625822819485405,0.0482,0.0422,0.03424,0.02613,0.01861,0.01433
DOM,DOM.2_1,DOM.2.3_1,PIGE,0.6392214976124564,0.5499289528067283,0.46160478689548157,0.37433586364565347,0.28965182229410097,0.20825289139250497,72.22154833595668,71.71577086313863,75.13733564308652,81.16195730882201,89.69154900483653,85.0964537454224,0.008851,0.007668,0.006143,0.004612,0.003229,0.002447
DOM,DOM.2_1,DOM.2.4_1,PIGE,0.2871146226842145,0.24232186073221557,0.20134126635710048,0.16075549504038092,0.12131985363204854,0.0825892216262267,86.30503590018498,85.70062981980006,89.7894132642446,96.98885998238516,107.18175579395212,101.69059878519184,0.003327,0.002828,0.002242,0.001657,0.001132,8.122e-4
DOM,DOM.2_1,DOM.2.5_1,PIGE,0.37216638071631514,0.32621942031776496,0.27943940499450354,0.23262162374028375,0.18607663145103417,0.13930746933510652,26.47061075672044,26.285233415456513,27.539303863345427,29.74744559866726,32.873707869432586,31.18951553619448,0.01406,0.01241,0.01015,0.00782,0.00566,0.004466
DOM,DOM.30_1,DOM.30.1_1,PIGE,0.5039746636336189,0.4247481801584072,0.35051197215731406,0.27899117973002174,0.2226258294385345,0.19246472797064632,22.837327664326647,22.677394706115198,23.759334899932483,25.664393185224096,28.361553311155966,26.9085285767667,0.02207,0.01873,0.01475,0.01087,0.00785,0.007153
DOM,DOM.30_1,DOM.30.2_1,PIGE,0.026470864348574624,0.02561773609446248,0.02362055921888948,0.02150422150025044,0.01915710128774725,0.01667775083499611,9.512481144416428,9.445863925811924,9.89652679864664,10.690044818102052,11.813498718598304,11.208267205025058,0.002783,0.002712,0.002387,0.002012,0.001622,0.001488
DOM,DOM.30_1,DOM.30.3_1,PIGE,0.006290033513266007,0.005291994892221705,0.0043276561379422184,0.0033845495406032077,0.0024692870750228995,0.0015830571358381427,5.058028884495027,5.022606809981472,5.2622357557171995,5.684169529023932,6.28153862682699,5.959721591819566,0.001244,0.001054,8.224e-4,5.954e-4,3.931e-4,2.656e-4
DOM,DOM.30_1,DOM.30.4_1,PIGE,0.14500878503078338,0.13692163496118526,0.12613192550715008,0.11562510794938943,0.10766477768270141,0.098205576522532,14.892544682273481,14.788250136022665,15.493798653642825,16.736114131751858,18.494970434077942,17.547432434036782,0.009737,0.009259,0.008141,0.006909,0.005821,0.005597
DOM,DOM.30_1,DOM.30.5_1,PIGE,2.3209597490200635,2.12009760242251,1.8401979661933592,1.582363343679619,1.3487544688402653,1.1406141370131404,87.62990291501416,87.01621860803316,91.16776889174521,98.47773418371403,108.82710095094983,103.2516492921929,0.02649,0.02436,0.02018,0.01607,0.01239,0.01105
DOM,DOM.30_1,DOM.30.6_1,PIGE,1.1607398224989536,1.2006878235318512,1.1567520287373798,1.087556751709587,1.0101944765154338,0.932661910564002,98.5938559451287,97.90338956155927,102.57436758396139,110.7989306724226,122.44317472872089,116.17014167280584,0.01177,0.01226,0.01128,0.009816,0.00825,0.008028
DOM,DOM.30_1,DOM.30.7_1,PIGE,0.450761041630325,0.439403376808448,0.4278443556703541,0.42888683949760176,0.406595128294256,0.38335777292806866,17.411182511172328,17.289249596520452,18.11412098504775,19.56653774707748,21.622853087677157,20.51506678204834,0.02589,0.02541,0.02362,0.02192,0.0188,0.01869
DOM,DOM.30_1,DOM.30.8_1,PIGE,0.3423172421895694,0.34636495348507396,0.3366061806151725,0.32339175217812005,0.30291404734921046,0.2762263669336153,36.715437474344434,36.4583141973302,38.19774308852792,41.26049409804576,45.59670258169569,43.260683255429306,0.009324,0.0095,0.008812,0.007838,0.006643,0.006385
DOM,DOM.30_1,DOM.30.9_1,PIGE,0.231491153120261,0.23085499205391827,0.21432970042134866,0.19819678770565505,0.19371151230166236,0.1748846267628765,34.3164797893387,34.0761567441566,35.70193272548567,38.56456600314545,42.617450049413755,40.43406438082841,0.006746,0.006775,0.006003,0.005139,0.004545,0.004325
DOM,DOM.31_1,DOM.31.1_1,PIGE,0.4702022474033017,0.4419559478048927,0.4058889421222554,0.37646284813489717,0.3456202450182432,0.3101144599845573,56.34136321909126,55.94679687482627,58.61602272897093,63.31594131764257,69.97003327396858,66.3853146269428,0.008346,0.0079,0.006925,0.005946,0.00494,0.004671
DOM,DOM.31_1,DOM.31.2_1,PIGE,0.29052845678062433,0.25206026278139193,0.21428133168697483,0.17926207303755196,0.14427905002267832,0.11137935231050672,257.94412314943384,256.1377048471301,268.3580538606563,289.87539582688396,320.3394069363741,303.9277147920284,0.001126,9.841e-4,7.985e-4,6.184e-4,4.504e-4,3.665e-4
DOM,DOM.31_1,DOM.31.3_1,PIGE,0.0018868787789814389,0.0017283362743740285,0.0015542711621939194,0.0030608441205614073,0.004143158771768607,0.003814057536426677,2.0184062465408603,2.004271068965509,2.099894991242355,2.2682676484803306,2.5066477657217026,2.378226689342837,9.348e-4,8.623e-4,7.402e-4,0.001349,0.001653,0.001604
DOM,DOM.31_1,DOM.31.4_1,PIGE,2.332009430629917,2.2182910703670022,2.062698431815606,2.0678243991464087,1.905188246376815,1.6840046158633497,43.48190202652679,43.17739226417725,45.237388871381505,48.86458899450568,53.99993819426425,51.23340263145733,0.05363,0.05138,0.0456,0.04232,0.03528,0.03287
DOM,DOM.31_1,DOM.31.5_1,PIGE,0.011421067859198634,0.00886167146240075,0.006525110883362188,0.004576224707227923,0.0032211522842686448,0.002299507683753233,17.502437446124624,17.37986546056599,18.20906013872946,19.66908926120958,21.736182096245805,20.62258969633268,6.525e-4,5.099e-4,3.583e-4,2.327e-4,1.482e-4,1.115e-4
DOM,DOM.31_1,DOM.31.6_1,PIGE,0.6628778210500427,0.5987723179742088,0.5329156450305019,0.47753860040061713,0.41460216511047526,0.3528273867470453,227.8796630068503,226.28379026917253,237.07980679022018,256.0892130763502,283.00251701483836,268.50367583341296,0.002909,0.002646,0.002248,0.001865,0.001465,0.001314
DOM,DOM.31_1,DOM.31.7_1,PIGE,3.1318532703015326e-5,2.8998641391680855e-5,2.6678750080346387e-5,2.435885876901192e-5,2.203896745767745e-5,1.9719076146342983e-5,0.41039807154293495,0.4075239971945311,0.426966997513741,0.46120183698148826,0.5096711382322647,0.48355956521187893,7.631e-5,7.116e-5,6.248e-5,5.282e-5,4.324e-5,4.078e-5
DOM,DOM.32_1,DOM.32.1_1,PIGE,0.14313564760201092,0.1425694814986434,0.13442953599262236,0.14333322886447641,0.13336837554706935,0.12163705469976753,145.06117870329277,144.04529524386783,150.91770702989157,163.01850990949254,180.15069073073462,170.92117474910805,9.867e-4,9.898e-4,8.907e-4,8.792e-4,7.403e-4,7.117e-4
DOM,DOM.32_1,DOM.32.2_1,PIGE,0.10923759350987323,0.10946171846667814,0.10941550626117003,0.10768804510000443,0.09935738945162978,0.09017170165812607,132.73037119421886,131.80084208198588,138.08907009386644,149.16125406696585,164.83712779208625,156.39215930958164,8.23e-4,8.305e-4,7.924e-4,7.22e-4,6.028e-4,5.766e-4
DOM,DOM.32_1,DOM.32.3_1,PIGE,0.8302087735409636,0.824350200534165,0.7681130711207539,0.6920990455605365,0.61713280582998,0.541336999142821,174.8680887070045,173.64346334212962,181.9280059369995,196.5152600203555,217.1677305322706,206.0417502126225,0.004748,0.004747,0.004222,0.003522,0.002842,0.002627
DOM,DOM.3_1,DOM.3.10_1,PIGE,0.5622336841257336,0.5418828365401422,0.47831057762241014,0.44296202083327163,0.3813385053371546,0.37966998652058936,26.994237496857355,26.805193125248213,28.0840708896953,30.335892843401716,33.52399707681379,31.806488997697286,0.02083,0.02022,0.01703,0.0146,0.01138,0.01194
DOM,DOM.3_1,DOM.3.11_1,PIGE,0.10170761523283148,0.088286937066223245,0.07497673363889384,0.060714360481012856,0.04718060100110301,0.033435654105675006,21.426665871250595,21.27661197231082,22.291720717359453,24.079103547092327,26.60966008457529,25.246388692053564,0.004747,0.004149,0.003363,0.002521,0.001773,0.001324
DOM,DOM.3_1,DOM.3.1_1,PIGE,1.15512377707229,1.2695031968045825,1.203527450185008,1.5325457856993048,1.4316589392937524,1.426643207761121,31.925990711812666,31.702408591635475,33.2149328714576,35.87815485678155,39.64871463481026,37.617423808843405,0.03618,0.04004,0.03623,0.04272,0.03611,0.03793
DOM,DOM.3_1,DOM.3.2_1,PIGE,0.018020700950846992,0.01868140524195336,0.01808759875324619,0.01692348905455278,0.01567104698948052,0.01451928785657129,14.647163494708169,14.54458738678751,15.238510736457386,16.460356855309634,18.190232868677093,17.258307244134805,0.00123,0.001284,0.001187,0.001028,8.615e-4,8.413e-4
DOM,DOM.3_1,DOM.3.3_1,PIGE,1.8156098735942514,1.518223687248423,1.2596109984805097,1.0625214044414821,0.910276947840802,0.7956692392636409,41.82620451798557,41.533289833849054,43.51484619140482,47.00393031851822,51.94373644220937,49.28254461611009,0.04341,0.03655,0.02895,0.0226,0.01752,0.01615
DOM,DOM.3_1,DOM.3.4_1,PIGE,0.00947290653989198,0.010400018089918119,0.01142594940588521,0.01098850633581761,0.01028980764641231,0.00948759339049757,18.355661281091347,18.22711405123319,19.0967310228866,20.627934897505114,22.795796147304756,21.627917389793243,5.161e-4,5.706e-4,5.983e-4,5.327e-4,4.514e-4,4.387e-4
DOM,DOM.3_1,DOM.3.5_1,PIGE,0.1416360549993628,0.12549022462644088,0.10999159638489417,0.09843908262501054,0.08526796962300177,0.07451547041617507,9.052905643770446,8.989506895839053,9.418396940716349,10.173577807590187,11.242754397999333,10.666763370860103,0.01565,0.01396,0.01168,0.009676,0.007584,0.006986
DOM,DOM.3_1,DOM.3.6_1,PIGE,0.9536810798899166,0.8226368013055555,0.7033524580884224,0.6381383876764799,0.5385897670419915,0.47128113622262324,2.213400062442074,2.1978993162560516,2.3027612566613884,2.487400028307465,2.748809527654415,2.607981971773134,0.4309,0.3743,0.3054,0.2565,0.1959,0.1807
DOM,DOM.3_1,DOM.3.7_1,PIGE,0.03488106915169086,0.03444428716893116,0.04414642130293651,0.04430770395910836,0.04094597058082739,0.03746037979120199,14.876264982547642,14.772084445281337,15.476861696589802,16.717819144665697,18.474752763321952,17.52825055900601,0.002345,0.002332,0.002852,0.00265,0.002216,0.002137
DOM,DOM.3_1,DOM.3.8_1,PIGE,5.283461959967999,5.162500874959905,4.906090024226764,4.786982943712306,4.512541531213426,4.1604027210512475,8.45179912408965,8.39261000809531,8.793022057912609,9.498059450361918,10.496243472807288,9.958497841711626,0.6251,0.6151,0.558,0.504,0.4299,0.4178
DOM,DOM.3_1,DOM.3.9_1,PIGE,0.7321112593934465,0.6733286265978271,0.6269416576987553,0.5746233981414136,0.5129784280707641,0.4521149985458073,4.9817560605754725,4.946868135176906,5.182883583085416,5.59845478292093,6.186815820657075,5.8698516432758066,0.147,0.1361,0.121,0.1026,0.08291,0.07702
DOM,DOM.4_1,DOM.4.1_1,PIGE,0.26660284574617676,0.22567826565899238,0.1811040516697659,0.1410897246821683,0.10623380054082171,0.07787286718833542,183.77113335311276,182.10444896604182,190.1304402105967,205.32319231440172,226.8469022495052,215.26271492950758,0.001451,0.001239,9.525e-4,6.872e-4,4.683e-4,3.618e-4
DOM,DOM.4_1,DOM.4.2_1,PIGE,0.13121721146416696,0.11967270378939518,0.10898542005809456,0.09871152990012896,0.09539973817753569,0.08701084329136301,31.6623356375266,31.440599930230885,32.94063329927891,35.58186154299218,39.321282828644875,37.30676705402885,0.004144,0.003806,0.003309,0.002774,0.002426,0.002332
DOM,DOM.4_1,DOM.4.3_1,PIGE,1.0748607622091904,0.9189165250682514,0.7634611844775776,0.6084536809002818,0.45520791322442655,0.30483642932714916,85.97289540362424,81.93110391370848,79.84107968206433,85.77011981871028,94.29104941333601,89.80163100846065,0.0125,0.01122,0.009562,0.007094,0.004828,0.003395
DOM,DOM.4_1,DOM.4.4_1,PIGE,0.00485382488337299,0.00448008651590568,0.00410259788411613,0.0037353668134093,0.00335505323418214,0.00296302901241853,99.61485594457126,98.91723935706182,103.63658822886985,111.94632172504295,123.71114908809017,117.3731549178623,4.873e-5,4.529e-5,3.959e-5,3.337e-5,2.712e-5,2.524e-5
DOM,DOM.4_1,DOM.4.5_1,PIGE,1.5680257102665498,1.260100174203855,0.9770664875954875,0.72989955941416,0.5254231795841937,0.3724721219291677,27.255445363430937,25.45889982163645,23.873204298813253,25.56671827337309,28.02350230413013,26.747125998067013,0.05753,0.0495,0.04093,0.02855,0.01875,0.01393
DOM,DOM.6_1,DOM.6.1_1,PIGE,0.17059444991032968,0.13943118516924086,0.1119861052078023,0.08719085785627871,0.06491247019026575,0.04476299534893705,90.96209506476765,90.32507495616959,94.63449102318745,102.2224231752188,112.9653323012787,107.17786995175724,0.001875,0.001544,0.001183,8.53e-4,5.746e-4,4.177e-4
DOM,DOM.6_1,DOM.6.2_1,PIGE,0.5354870550207101,0.45088914807611113,0.3716295662225576,0.2978933051228494,0.23271425472838492,0.1802764675586768,65.15401911420308,64.69773652416183,67.78447036204909,73.2195285158736,80.91442281270213,76.7689990262891,0.008219,0.006969,0.005483,0.004068,0.002876,0.002348
DOM,DOM.6_1,DOM.6.3_1,PIGE,0.6189171826342998,0.5155287651015031,0.4171414396930582,0.32533427294342154,0.24189103281276364,0.17118542394451416,68.04737634606109,67.57083117591172,70.7946405740498,76.47105858608003,84.5076674596116,80.17815384950694,0.009095,0.007629,0.005892,0.004254,0.002862,0.002135
DOM,DOM.6_1,DOM.6.4_1,PIGE,0.04284077593676972,0.03506935677283194,0.028023881648879378,0.02154953285498298,0.01597589576416381,0.011335218280358774,101.96380389910206,101.24973730480659,106.08036982777324,114.58604931326137,126.62829480744769,120.14084884811854,4.202e-4,3.464e-4,2.642e-4,1.881e-4,1.262e-4,9.435e-5
DOM,DOM.6_1,DOM.6.5_1,PIGE,0.22539371290557295,0.18770203855258685,0.15316621135668237,0.11990727194741417,0.08856926843130918,0.06142450268294209,120.00583300018886,119.16541558548714,124.85080645625202,134.861527053717,149.03459285217068,141.3992229795108,0.001878,0.001575,0.001227,8.891e-4,5.943e-4,4.344e-4
DOM,DOM.6_1,DOM.6.6_1,PIGE,2.218795070298368,2.0195559221249644,1.810186568009282,1.6378592011565563,1.4579492420491988,1.2857557169510518,244.95735494420248,243.24188477239798,254.84697324775811,275.28097697353206,304.2112099684056,288.6258008156316,0.009058,0.008303,0.007103,0.00595,0.004793,0.004455
DOM,DOM.6_1,DOM.6.7_1,PIGE,1.392186812301375,1.201955432912394,1.005348327603333,0.9294575207081296,0.8086776817864066,0.6713472877327468,193.41190572030033,192.05741544500071,201.22048906891118,217.3546427178102,240.1971962624685,227.89136577881033,0.007198,0.006258,0.004996,0.004276,0.003367,0.002946
DOM,DOM.7_1,DOM.7.1_1,PIGE,1.2459138997264052,1.1816816614953334,1.1595373462623002,1.11373359209735,1.0220997170320647,0.927476258931203,122.24306146438845,121.3869764299138,127.17835813435889,137.37570523578523,151.81299474267502,144.0352812323206,0.01019,0.009735,0.009117,0.008107,0.006733,0.006439
DOM,DOM.7_1,DOM.7.2_1,PIGE,3.8178077437278195,3.585878895655042,3.3973976976465647,3.1517451734201343,2.8536477168147947,2.572724446397742,890.9371557554135,884.697799864267,926.9067979197957,1001.2275431135192,1106.4500195142186,1049.7641522741033,0.004285,0.004053,0.003665,0.003148,0.002579,0.002451
DOM,DOM.8_1,DOM.8.1_1,PIGE,0.08214209414140727,0.07372481087694913,0.06544847388609068,0.05713775580794558,0.049525274886963434,0.04220392962410679,26.398915421326926,26.214040172393936,27.464713985343263,29.666874994955165,32.78466982142574,31.10503910315407,0.003112,0.002812,0.002383,0.001926,0.001511,0.001357
DOM,DOM.8_1,DOM.8.2_1,PIGE,1.310064200797896,1.179078198143789,1.0468163332426246,0.9422811002357807,0.859489441908063,0.7853340893061946,59.87353713011826,59.45423448435552,62.290800448606944,67.28536809925285,74.35662088852344,70.54716771325846,0.02188,0.01983,0.01681,0.014,0.01156,0.01113
DOM,DOM.8_1,DOM.8.3_1,PIGE,0.739259867959306,0.66778972059949,0.6226915693843523,0.560267261691917,0.5258965982737309,0.5054271804025254,34.963146632388685,34.71829489003561,36.374707330226606,39.291284661467586,43.42054209298801,41.19601225326005,0.02114,0.01923,0.01712,0.01426,0.01211,0.01227
DOM,DOM.8_1,DOM.8.4_1,PIGE,1.2161180320706657,1.1735005412581399,1.0822165588805797,0.980088472034311,0.9175321796387949,0.836544025202037,214.9680098222552,213.4625591742179,223.64687380289118,241.57920783969018,266.96760498342456,253.29026760116648,0.005657,0.005497,0.004839,0.004057,0.003437,0.003303
DOM,DOM.9_1,DOM.9.1_1,PIGE,0.7280182780160751,0.6142960229330662,0.5286091808042103,0.4496759306527136,0.384097269046527,0.3440969495507166,29.444864433486554,29.238657983143472,30.633636537567494,33.089886400633766,36.56741737232992,34.69398817993688,0.02472,0.02101,0.01726,0.01359,0.0105,0.009918
DOM,DOM.9_1,DOM.9.2_1,PIGE,3.7508655356262905,3.58084243686404,3.357180193259351,3.2880382237616512,3.035250269378635,2.778589651424956,571.3940156617388,567.392464491991,594.462801316767,642.127699754197,709.611127670603,673.2561893852704,0.006564,0.006311,0.005647,0.005121,0.004277,0.004127
DOM,DOM.9_1,DOM.9.3_1,PIGE,3.5001200098446303,3.1763925723991395,2.9544735288108495,3.264609211741916,2.948505194004349,2.6698885293768146,49.43080442433109,49.084633677273686,51.426465213147566,55.54991454580738,61.38784780339692,58.242813387592435,0.07081,0.06471,0.05745,0.05877,0.04803,0.04584
GRD,GRD.2_1,NA,PIGE,1.3060374577466005,1.0045150905063138,0.7067647078331801,0.41730414940462224,0.2432577072038982,0.182102218742953,24.948681299432995,26.03946135798298,25.533356750588197,25.507347091964057,11.590554124383642,16.427721339233504,0.05235,0.03858,0.02768,0.01636,0.02099,0.01109
GRD,GRD.3_1,NA,PIGE,0.3823031596452739,0.2798524899022989,0.17891253426905163,0.08144382913411158,0.02859430234002936,0.01966877640167332,4.943188979632775,5.159309900009839,5.059033228558185,5.053879823601356,2.2964860838874306,3.254894722087888,0.07734,0.05424,0.03536,0.01612,0.01245,0.006043
GRD,GRD.4_1,NA,PIGE,0.4826385506758428,0.36088194890508174,0.24016059685430083,0.12325705511186263,0.05921943916057035,0.04564504660888437,4.631078012305936,4.833553144549798,4.739607901869337,4.734779880832226,2.151486874662786,3.0493819762787355,0.1042,0.07466,0.05067,0.02603,0.02752,0.01497
GRD,GRD.5_1,NA,PIGE,0.6153105409978237,0.4599421529024448,0.3094092531028537,0.16481065335519152,0.08367907180986167,0.06351350520335512,5.1678807393767725,5.393825397045106,5.288990667655029,5.2836030156092875,2.4008724428840873,3.4028453721441005,0.1191,0.08527,0.0585,0.03119,0.03485,0.01866
GRD,GRD.6_1,NA,PIGE,0.05369101779574133,0.03875817462629611,0.02382533145685087,0.00897138991171829,0.001360032570284,9.941707906022236e-4,0.2058590385482675,0.21485939136955376,0.2106833707361303,0.21046875725604006,0.09563713206523265,0.1355500469081035,0.2608,0.1804,0.1131,0.04263,0.01422,0.007334
GRD,GRD.7_1,NA,PIGE,0.5125219023794756,0.4266258324278607,0.3452475741382722,0.2684104461581085,0.20447266283088256,0.1528386997869599,3.4025352302215093,3.551297304380666,3.4822740667926615,3.478726834025827,1.5807356017209957,2.2404350730262457,0.1506,0.1201,0.09914,0.07716,0.1294,0.06822
HTI,HTI.10_1,HTI.10.1_1,PIGE,9.161659720855571,8.562851286271952,7.91456334248209,7.353790749433203,6.753298688536622,6.14611930332184,425.3582764270892,315.5222464969296,144.21359124763697,141.09099672651237,140.6048851759676,144.00472727419773,0.02154,0.02714,0.05488,0.05212,0.04803,0.04268
HTI,HTI.10_1,HTI.10.2_1,PIGE,0.8237114545376433,0.7119606076898339,0.6147869760748594,0.5287756246739694,0.45415294089886665,0.3977434300775542,283.47694978507707,210.27752128767224,96.11010583319278,94.02907527772946,93.70510974739764,95.97090994729659,0.002906,0.003386,0.006397,0.005624,0.004847,0.004144
HTI,HTI.10_1,HTI.10.3_1,PIGE,0.4599245065283457,0.3276785504953481,0.22118358482097622,0.13386806470226584,0.06558147269063251,0.03171462372660433,24.74984770925806,18.358941114951023,8.391195419929755,8.209504494564994,8.181219663841224,8.379042484813523,0.01858,0.01785,0.02636,0.01631,0.008016,0.003785
HTI,HTI.10_1,HTI.10.4_1,PIGE,0.5032953420528701,0.4655961391201732,0.42507534859929486,0.38749948405877904,0.35214102062064606,0.31818508722716726,48.68646566288265,36.11464469195889,16.50667319177598,16.149261336036773,16.093621056711008,16.482766642322005,0.01034,0.01289,0.02575,0.02399,0.02188,0.0193
HTI,HTI.10_1,HTI.10.5_1,PIGE,0.16496316842719283,0.15320259567621203,0.1407116420367271,0.1291743706482011,0.1185367103486932,0.10743286771261827,63.343905715563565,46.98724003008836,21.476135843941854,21.01112236261148,20.938731143417147,21.445032041396757,0.002604,0.003261,0.006552,0.006148,0.005661,0.00501
HTI,HTI.1_1,HTI.1.1_1,PIGE,0.24714477993659004,0.21321315263408647,0.18416999883174084,0.16473969164961003,0.1509935876771432,0.13203450307699666,192.0064945855873,144.16318103552402,69.94610377736768,69.16396946159628,69.76886176368117,70.80846900403671,0.001287,0.001479,0.002633,0.002382,0.002164,0.001865
HTI,HTI.1_1,HTI.1.2_1,PIGE,0.5234050929335041,0.4757960940514148,0.4314443185797736,0.38834938441835054,0.35720372216611196,0.32088908955063017,354.04864531665595,262.6261909791573,120.0367535959484,117.43764968438535,117.0330328108433,119.86290484079366,0.001478,0.001812,0.003594,0.003307,0.003052,0.002677
HTI,HTI.1_1,HTI.1.3_1,PIGE,0.301058260454853,0.2696277890390733,0.23821603471576744,0.22528581890004643,0.21151733672527553,0.19565003105040474,131.06171856278272,103.89579618828915,63.07520925558668,64.52528340663281,67.54482015606199,66.68892303444336,0.002297,0.002595,0.003777,0.003491,0.003132,0.002934
HTI,HTI.1_1,HTI.1.4_1,PIGE,0.32324845047526735,0.31865541574594264,0.29803169552270864,0.28197824605310295,0.2665962101496541,0.24438481221129815,172.35271806168538,127.84779280531147,58.434514644333284,57.16925737076852,56.97228777675631,58.34988416804447,0.001876,0.002492,0.0051,0.004932,0.004679,0.004188
HTI,HTI.2_1,HTI.2.1_1,PIGE,1.7382433148076555,1.4375238866862379,1.1609248628971607,0.9050097284404943,0.6667226528843608,0.46335719253770047,15.030609611683314,11.149405039752587,5.095982165786429,4.985641067884578,4.968463659217837,5.088601674984464,0.1156,0.1289,0.2278,0.1815,0.1342,0.09106
HTI,HTI.2_1,HTI.2.2_1,PIGE,4.3780134507610295,3.6362481874008257,2.975714587980379,2.3684074304144627,1.794717361278494,1.2750886338648366,127.19606508291668,94.35149243513257,43.124590150815656,42.19083205100211,42.04546876586747,43.06213297757758,0.03442,0.03854,0.069,0.05614,0.04269,0.02961
HTI,HTI.2_1,HTI.2.3_1,PIGE,2.6475144128904757,2.1295543108653283,1.6877884112186552,1.3063961900181749,0.960662570082949,0.6639146790964423,69.36288347259364,51.451997127247395,23.51681177782072,23.007612423055022,22.928342544687204,23.482752472397113,0.03817,0.04139,0.07177,0.05678,0.0419,0.02827
HTI,HTI.3_1,HTI.3.1_1,PIGE,1.2130483273315902,1.0552062537734073,0.8979347269912209,0.7412467423391866,0.5872490697829528,0.43751322023252165,361.4839109697346,268.1415220592685,122.55760818168133,119.90392129600424,119.49080718915175,122.38010848280705,0.003356,0.003935,0.007327,0.006182,0.004915,0.003575
HTI,HTI.3_1,HTI.3.2_1,PIGE,1.4331195559227834,1.277598910909342,1.1217951280653276,0.964731376139128,0.8100204031618586,0.6557447028625268,209.20792289413808,155.1862452777021,70.92991379278813,69.39409904552986,69.15501027396868,70.82718627936656,0.00685,0.008233,0.01582,0.0139,0.01171,0.009258
HTI,HTI.3_1,HTI.3.3_1,PIGE,1.2722951755674385,1.1147888487677557,0.9550314479774796,0.8007354471804281,0.6487010361728736,0.4973309577165657,348.06531775377454,258.1878784816904,118.00816451405241,115.45298476454606,115.05520580812048,117.83725375643627,0.003655,0.004318,0.008093,0.006936,0.005638,0.00422
HTI,HTI.3_1,HTI.3.4_1,PIGE,1.6511159810068496,1.4345652610674615,1.2252746527734475,1.0196269345388567,0.8173636288535747,0.6179830814233374,256.51771580151143,190.2797017041874,86.96983946124699,85.08671914051078,84.79356339045015,86.8438813869622,0.006437,0.007539,0.01409,0.01198,0.009639,0.007116
HTI,HTI.3_1,HTI.3.5_1,PIGE,1.7373593326945669,1.507086764534598,1.2804444244696,1.056874619754017,0.835443471207778,0.6174167809459788,444.2336197904632,329.523597996278,150.61309304017115,147.35193287441896,146.8442500439957,150.39496069361357,0.003911,0.004574,0.008502,0.007172,0.005689,0.004105
HTI,HTI.4_1,HTI.4.1_1,PIGE,0.7181543072340436,0.5464841369376081,0.40907866597878995,0.29584285707335833,0.20326396752920398,0.13829132491516472,170.97485472158976,126.82572138804765,57.96736346487878,56.71222121376704,56.5168262812151,57.88340956179429,0.0042,0.004309,0.007057,0.005217,0.003597,0.002389
HTI,HTI.4_1,HTI.4.2_1,PIGE,0.3203290131045717,0.22859307428486786,0.16174744607991198,0.11211113571334787,0.07515704260909037,0.04907385427897368,151.94042084621387,112.70635973461262,51.51392357982188,50.398514871527766,50.22487303202158,51.43931616818166,0.002108,0.002028,0.00314,0.002224,0.001496,9.54e-4
HTI,HTI.5_1,HTI.5.1_1,PIGE,4.354188963647582,3.6709310014271246,3.0279637315690695,2.411897220794187,1.8321502824138989,1.308078983260263,225.2352749968696,168.4404838571438,80.17587028724354,79.01571461053004,79.40646152373266,80.81746897744327,0.01933,0.02179,0.03777,0.03052,0.02307,0.01619
HTI,HTI.5_1,HTI.5.2_1,PIGE,2.001704323160707,1.7091652486018776,1.4286028136310749,1.1568173149544083,0.8946440158022305,0.6425344866538873,351.16397227717715,260.4863983190244,119.05873322664266,116.48080596715742,116.07948578010706,118.886300934518,0.0057,0.006561,0.012,0.009931,0.007707,0.005405
HTI,HTI.5_1,HTI.5.3_1,PIGE,3.2004827067172412,2.7527077158905144,2.308739739944117,1.8677877103297786,1.4335353003905515,1.008735317498124,167.47734925370295,127.31041780852523,65.37755081280977,65.26049344883548,66.53065086368703,66.99148416471704,0.01911,0.02162,0.03531,0.02862,0.02155,0.01506
HTI,HTI.5_1,HTI.5.4_1,PIGE,2.6650157317935785,2.2331312272365786,1.841218993737118,1.4726323082992239,1.1256911722940097,0.8107037858832509,48.700280883668086,36.12670455600889,16.516415771128134,16.159557140069527,16.104761185231443,16.493500619581752,0.05472,0.06181,0.1115,0.09113,0.0699,0.04915
HTI,HTI.6_1,HTI.6.1_1,PIGE,5.1429051155065535,4.291008286474422,3.502658760603019,2.7666194830243813,2.0866795006782866,1.460875153352914,270.2179922249732,200.44229224096878,91.61478508381424,89.63108976438012,89.322276948302,91.48209975316792,0.01903,0.02141,0.03823,0.03087,0.02336,0.01597
HTI,HTI.6_1,HTI.6.2_1,PIGE,2.602239047788066,2.1956543044811294,1.815066257082921,1.4566036939684814,1.11981630046386,0.8008569236883197,322.12591748380015,238.9465511124126,109.2136628549689,106.84890664639997,106.48077197523752,109.05548913929898,0.008078,0.009189,0.01662,0.01363,0.01052,0.007344
HTI,HTI.6_1,HTI.6.3_1,PIGE,0.389194129485011,0.3629535159371737,0.3348251706017322,0.32166437227968864,0.30400185579831185,0.27609264555488566,25.41232000615294,18.850349790747842,8.615800216243521,8.429246020362301,8.40020409743348,8.603321986889721,0.01532,0.01925,0.03886,0.03816,0.03619,0.03209
HTI,HTI.7_1,HTI.7.1_1,PIGE,1.5001050899175747,1.2746268647919354,1.0632492287769162,0.9545943850953529,0.8293295437933393,0.7211034603388373,194.37345503460324,144.18233425957658,65.90043158254161,64.47351803840809,64.2513825191341,65.8049882482996,0.007718,0.00884,0.01613,0.01481,0.01291,0.01096
HTI,HTI.7_1,HTI.7.2_1,PIGE,0.10595019667473435,0.08988182056122848,0.07441946283596132,0.05965204001315552,0.045622109326891126,0.032714235892712704,56.4236435908721,41.853928248145074,19.12988820122595,18.715677005387274,18.651194458806224,19.10218245985588,0.001878,0.002148,0.00389,0.003187,0.002446,0.001713
HTI,HTI.7_1,HTI.7.3_1,PIGE,0.16676460020620684,0.1366362889711373,0.10862576696108421,0.08490343624305652,0.06298529966875185,0.04500931983922772,244.63111417511843,181.46245879104416,82.93980265869293,81.14394298191347,80.86437157866713,82.8196812707593,6.817e-4,7.53e-4,0.00131,0.001046,7.789e-4,5.435e-4
HTI,HTI.7_1,HTI.7.4_1,PIGE,0.2770735136753705,0.24215156449934602,0.19896777646360506,0.1592706720560239,0.12396478826355206,0.09381007154572754,227.4989465730652,168.754160143214,77.13130767300288,75.4612168260638,75.20122455179829,77.01959870536831,0.001218,0.001435,0.00258,0.002111,0.001648,0.001218
HTI,HTI.7_1,HTI.7.5_1,PIGE,0.04924237938959232,0.0390308804840061,0.030489226837641,0.022604241531341607,0.016379053328922193,0.012168940112821918,21.575644212160594,16.004380562714356,7.315012561769948,7.156623758400388,7.131966497819791,7.3044182580279,0.002282,0.002439,0.004168,0.003159,0.002297,0.001666
HTI,HTI.7_1,HTI.7.6_1,PIGE,0.09974893126167357,0.0809143810987368,0.06315733205371506,0.04729087330883071,0.03385488477609875,0.023122041693310606,17.922436338250783,13.294504161628568,6.076427923201186,5.944857657341745,5.924375386745981,6.067627456689139,0.005566,0.006086,0.01039,0.007955,0.005715,0.003811
HTI,HTI.7_1,HTI.7.7_1,PIGE,0.22410278986942633,0.19254686918861003,0.16244150683241965,0.13312250628977218,0.1046504838812633,0.07752080361736587,95.50584185946441,70.84431982891962,32.38032783886158,31.679210604160566,31.570063808517226,32.33343153820656,0.002346,0.002718,0.005017,0.004202,0.003315,0.002398
HTI,HTI.8_1,HTI.8.1_1,PIGE,1.0712605203258114,0.9277751182658861,0.7877832918495435,0.6502433977140932,0.5172311901726395,0.4029147459350629,694.6354217647496,521.5845351628894,253.1473260009523,250.33047483396808,252.5355634619345,256.286577671361,0.001542,0.001779,0.003112,0.002598,0.002048,0.001572
HTI,HTI.8_1,HTI.8.2_1,PIGE,0.13846147718619464,0.11861760636610018,0.09947583961126967,0.08099258314199453,0.06295932300860702,0.04573568698306692,161.03838256338824,119.45504543942215,54.598499112918695,53.41630142463792,53.23226217541332,54.51942432274195,8.598e-4,9.93e-4,0.001822,0.001516,0.001183,8.389e-4
HTI,HTI.8_1,HTI.8.3_1,PIGE,1.1031148121977334,0.8622313728770588,0.6803619300133107,0.5454711814772896,0.42784659974225964,0.3235553181817983,70.02238816351543,51.94120449239566,23.740410436159735,23.226369596348007,23.14634601723975,23.706027293684215,0.01575,0.0166,0.02866,0.02348,0.01848,0.01365
HTI,HTI.8_1,HTI.8.4_1,PIGE,0.5323026548861305,0.4328136059491984,0.3445158198406129,0.26705967572952866,0.19742506603277907,0.14105397895324454,203.8228392798234,151.19169815419357,69.10415350968654,67.60787116022502,67.37493661556066,69.00407023765705,0.002612,0.002863,0.004985,0.00395,0.00293,0.002044
HTI,HTI.8_1,HTI.8.5_1,PIGE,0.11507655302334373,0.0957736190905725,0.07843926090143918,0.06210914869100986,0.04771017298085497,0.03637593634022035,36.855131258976165,27.33839789705993,12.495374204082388,12.224817270498583,12.182698177031494,12.477277203076476,0.003122,0.003503,0.006277,0.005081,0.003916,0.002915
HTI,HTI.9_1,HTI.9.1_1,PIGE,1.1108418818546857,1.0232223340021962,0.9375237719249118,0.8707898035429411,0.7906764967350581,0.7155762846672763,156.1225307616172,115.80856507240232,52.93182731725168,51.78571735255256,51.60729607874783,52.85516636124028,0.007115,0.008835,0.01771,0.01682,0.01532,0.01354
HTI,HTI.9_1,HTI.9.2_1,PIGE,0.684191246279063,0.5129958549766171,0.40361533457225984,0.31877833110358866,0.25986201730268177,0.22368474621407403,51.05906455545065,38.35371135533615,18.648659734613677,18.446927138781216,18.61600104938956,18.887521086921133,0.0134,0.01338,0.02164,0.01728,0.01396,0.01184
HTI,HTI.9_1,HTI.9.3_1,PIGE,0.5534582529741364,0.5018283059307811,0.4495398409347106,0.40431229988239425,0.3612702980845454,0.32850589055268126,74.98322424510036,55.621053296825835,25.422333714873346,24.871874917713583,24.786181953869534,25.38551464956993,0.007381,0.009022,0.01768,0.01626,0.01458,0.01294
IND,IND.11_1,IND.11.10_1,PIGE,0.00871739108142942,0.00617211074455894,0.00432494904415298,0.00257202593149147,9.2250968472767e-4,1.24493655147449e-4,0.4501519801775748,0.4401698351433274,0.34539581526787216,0.35637931050789035,0.3661868829488485,0.35770599209747794,0.01937,0.01402,0.01252,0.007217,0.002519,3.48e-4
IND,IND.11_1,IND.11.12_1,PIGE,0,0,0,0,1.121849943703201e-6,1.064319177359447e-6,6.219236187148709,6.081324281045645,4.771939806543348,4.923686225677505,5.05918626148503,4.942015471163734,0,0,0,0,2.217e-7,2.154e-7
IND,IND.11_1,IND.11.13_1,PIGE,0,0,0,4.105583688294887e-5,8.401489871394109e-5,0.0015364019505246266,55.165346513331265,53.94205190615579,42.32765970726241,43.67366805005391,44.875569087891456,43.83625058400963,0,0,0,9.401e-7,1.872e-6,3.505e-5
IND,IND.11_1,IND.11.14_1,PIGE,0,0,0,2.7313188078143626e-6,2.591251176644395e-6,2.451183545474428e-6,15.080518826829799,14.746107488548603,11.571087819719553,11.939045340835312,12.267608331456884,11.983490433981611,0,0,0,2.288e-7,2.112e-7,2.045e-7
IND,IND.11_1,IND.11.15_1,PIGE,4.264658556476465e-8,7.297737961038053e-5,6.923494988677127e-5,5.313742124660341e-4,5.230983443154073e-4,0.0019736901589461854,63.39818575737579,61.99232748504599,48.64461119894386,50.19149692233275,51.572768863412534,50.378343164405,6.727e-10,1.177e-6,1.423e-6,1.059e-5,1.014e-5,3.918e-5
IND,IND.11_1,IND.11.17_1,PIGE,0,0,0,0,0,0,23.75453477193661,23.22777665077716,18.226548510628536,18.806147915019675,19.323693834700233,18.876156946055623,0,0,0,0,0,0
IND,IND.11_1,IND.11.18_1,PIGE,0,0,0,0,0,0,12.09873838738193,11.830448195108154,9.283206101579337,9.578409591377635,9.842007794659207,9.614066823118446,0,0,0,0,0,0
IND,IND.11_1,IND.11.19_1,PIGE,0,0,0,0,0,0,0.11627409500609019,0.11369571052443402,0.0892156151869422,0.09205264806755516,0.09458594051098557,0.09239532944625238,0,0,0,0,0,0
IND,IND.11_1,IND.11.1_1,PIGE,0,0,0,0,0,0,24.29910958974549,23.760275491909848,18.64439375280042,19.237280524975382,19.766691230795672,19.308894519260978,0,0,0,0,0,0
IND,IND.11_1,IND.11.20_1,PIGE,0,0,0,0,3.930888116744192e-4,3.72930411075731e-4,1.083375037260116,1.059351135945392,0.831259709415714,0.8576935475168084,0.8812973071947353,0.860886455200975,0,0,0,0,4.46e-4,4.332e-4
IND,IND.11_1,IND.11.21_1,PIGE,0.01789127498568587,0.016240126870074437,0.014588978754463005,0.012937830638851582,0.01128668252324015,0.009635534407628718,39.95626084618085,39.07022855407483,30.65792420723845,31.63283805886659,32.50337498855899,31.75059658929108,4.478e-4,4.157e-4,4.759e-4,4.09e-4,3.472e-4,3.035e-4
IND,IND.11_1,IND.11.22_1,PIGE,1.5662621972653492e-5,1.4460947453438937e-5,1.325927293422438e-5,2.463170839749819e-5,6.604661416075073e-4,6.259180545824126e-4,37.34892426459396,36.52070980525685,28.65734843742911,29.568644510631202,30.38237475385343,29.678718735325695,4.194e-7,3.96e-7,4.627e-7,8.33e-7,2.174e-5,2.109e-5
IND,IND.11_1,IND.11.23_1,PIGE,6.993515943322148e-4,4.6082180144104025e-4,2.846307541628765e-4,2.327801299671062e-4,1.2286971151554739e-4,6.239878458622697e-5,103.58343796597012,101.28646950541953,79.47823752856087,82.00562438442931,84.26242234660643,82.31090403705115,6.752e-6,4.55e-6,3.581e-6,2.839e-6,1.458e-6,7.581e-7
IND,IND.11_1,IND.11.24_1,PIGE,0,0,0,3.5534895723947934e-7,3.371259337913009e-7,3.1890291034312256e-7,22.531479797300612,22.03184298778542,17.28811418470336,17.83787162663796,18.32877054532502,17.904276087241357,0,0,0,1.992e-8,1.839e-8,1.781e-8
IND,IND.11_1,IND.11.25_1,PIGE,0,0,0,0,0,0,0.004571505524199365,0.004470132136594983,0.003507657295897153,0.0036191998667972156,0.0037188003874372437,0.0036326729436306463,0,0,0,0,0,0
IND,IND.11_1,IND.11.26_1,PIGE,0,0,0,1.8326176188057208e-4,1.7386372280977347e-4,1.6446568373897492e-4,54.76489505858851,53.550480484549496,42.0203984648893,43.35663598173599,44.54981228476303,43.5180383107922,0,0,0,4.227e-6,3.903e-6,3.779e-6
IND,IND.11_1,IND.11.27_1,PIGE,2.442979079533591e-4,1.1670706312591928e-4,3.8902354375306424e-5,0.0017737250548502809,0.001682764795627185,0.0015918045364040894,147.83628874398877,144.55801087217927,113.43287983930168,117.04001530737409,120.26096106593127,117.47571633988368,1.652e-6,8.073e-7,3.43e-7,1.515e-5,1.399e-5,1.355e-5
IND,IND.11_1,IND.11.28_1,PIGE,0,0,0,0,0,0,9.181661750144078,8.97805789348841,7.044970777322456,7.268998977950127,7.469042111621094,7.2960590424219784,0,0,0,0,0,0
IND,IND.11_1,IND.11.29_1,PIGE,0,0,0,0,0,0,0.00529600556189677,0.005178566345923133,0.004063556841387068,0.004192776870269884,0.004308162252281379,0.004208385183432364,0,0,0,0,0,0
IND,IND.11_1,IND.11.2_1,PIGE,0,0,0,0,0,0,1.2241080473794241,1.1969633837888949,0.9392423350749084,0.9691099920079206,0.9957799365575317,0.9727176660416627,0,0,0,0,0,0
IND,IND.11_1,IND.11.30_1,PIGE,0.00541317337464455,0.00498712625635055,0.00456107913805654,0.00413503201976253,0.00370898490146853,0.00328293778317452,2.406264855261601,2.3529057991344713,1.8462960245241025,1.905007748003722,1.95743363508035,1.9120994579677388,0.00225,0.00212,0.00247,0.002171,0.001895,0.001717
IND,IND.11_1,IND.11.31_1,PIGE,0.009866555335476104,0.008688409259532124,0.007510263183588163,0.0063321171076441835,0.005153971031700213,0.003975824955756253,5.4274408371555625,5.307087036690413,4.164405434866675,4.296832422251831,4.415081417087796,4.312828099610375,0.001818,0.001637,0.001803,0.001474,0.001167,9.219e-4
IND,IND.11_1,IND.11.32_1,PIGE,0,0,0,0.0073848014173188365,0.018968557451014015,0.017976390004039413,358.2598066648252,350.3153756558602,274.8881343405273,283.6295040433568,291.43499899011425,284.6853623106112,0,0,0,2.604e-5,6.509e-5,6.314e-5
IND,IND.11_1,IND.11.33_1,PIGE,0.013456400694438639,0.016002226936880342,0.01491849038257951,0.013862010010626908,0.013056610509612284,0.011957130827692189,81.15450901086184,79.35490328923424,62.26880928395147,64.24894088989308,66.01707423392601,64.48811831831239,1.658e-4,2.017e-4,2.396e-4,2.158e-4,1.978e-4,1.854e-4
IND,IND.11_1,IND.11.3_1,PIGE,1.033570159685983e-5,3.4452338656199434e-6,0,0,0,0,8.85945301854222,8.662994158313941,6.797744168446605,7.013910628538457,7.206933720944586,7.040021083964821,1.167e-6,3.977e-7,0,0,0,0
IND,IND.11_1,IND.11.4_1,PIGE,0,0,0,3.794199770120541e-5,3.5996254229348726e-5,3.405051075749204e-5,157.8645830145966,154.36392716320822,121.12746084275824,124.97928194421002,128.418716628395,125.44453822465726,0,0,0,3.036e-7,2.803e-7,2.714e-7
IND,IND.11_1,IND.11.5_1,PIGE,0,0,0,8.692460117087696e-5,8.24669293159602e-5,7.800925746104343e-5,9.384097278626689,9.176004402941047,7.200296950433706,7.4292644821349,7.633718128694055,7.456921161751286,0,0,0,1.17e-5,1.08e-5,1.046e-5
IND,IND.11_1,IND.11.6_1,PIGE,0,0,0,4.691038891444091e-4,0.0013723716497271092,0.0013007599441154773,85.71912253670544,83.81829625791781,65.771178438297,67.86268445364107,69.7302681606426,68.11531464689311,0,0,0,6.913e-6,1.968e-5,1.91e-5
IND,IND.11_1,IND.11.7_1,PIGE,0,0,0,0,0,0,13.205485502527894,12.912653131820814,10.132398905264019,10.454606500800816,10.742317676997295,10.49352552208527,0,0,0,0,0,0
IND,IND.11_1,IND.11.9_1,PIGE,0.00279541095662778,0.00242800333267527,0.00206059570872276,0.00169318808477025,0.00132578046081774,9.583728368652316e-4,20.86537081738069,20.402680066558524,16.00973022820592,16.51883539967159,16.973434390257374,16.580329527304702,1.34e-4,1.19e-4,1.287e-4,1.025e-4,7.811e-5,5.78e-5
IND,IND.12_1,IND.12.10_1,PIGE,1.1869962400246484e-5,8.588438617112038e-6,5.4890513444875185e-6,2.661380192769608e-6,1.268119120916961e-6,1.0375520080229675e-6,0.4161893245062699,0.40696030323819016,0.31933670709817147,0.32949152961579714,0.33855914928424446,0.3307181169438981,2.852e-5,2.11e-5,1.719e-5,8.077e-6,3.746e-6,3.137e-6
IND,IND.12_1,IND.12.11_1,PIGE,3.5901692835627963e-4,2.344875662823793e-4,1.3210067818747106e-4,6.967504691548769e-5,3.4136936214364524e-5,1.6444858219842066e-5,5.563448743189636,5.440078959892864,4.268762549032837,4.4045080649468265,4.5257202976440265,4.420904582894591,6.453e-5,4.31e-5,3.095e-5,1.582e-5,7.543e-6,3.72e-6
IND,IND.12_1,IND.12.12_1,PIGE,0,0,0,0,0,0,4.3055738639903834e-4,4.2100975256455805e-4,3.303611358906747e-4,3.408665323174616e-4,3.5024719250123423e-4,3.421354649956456e-4,0,0,0,0,0,0
IND,IND.12_1,IND.12.13_1,PIGE,3.323922532752146e-5,2.844579570886627e-5,2.3652366090211087e-5,1.88589364715559e-5,1.406550685290072e-5,9.272077234245536e-6,0.807133229321912,0.789235005362365,0.6193029288940584,0.6389965976386026,0.6565818087776415,0.6413753693486889,4.118e-5,3.604e-5,3.819e-5,2.951e-5,2.142e-5,1.446e-5
IND,IND.12_1,IND.12.14_1,PIGE,4.443399001603721e-5,3.1738564297169444e-5,1.904313857830166e-5,6.347712859433888e-6,0,0,2.510515101067405,2.454844289979031,1.9262858951179576,1.9875412752491086,2.042238488195112,1.9949402300724415,1.77e-5,1.293e-5,9.886e-6,3.194e-6,0,0
IND,IND.12_1,IND.12.15_1,PIGE,0.009698631057237433,0.008282124161890513,0.006914576412431512,0.005576542003621948,0.004444043802323592,0.003517332632805626,1.3229894292531974,1.2936520655557815,1.0151127455385769,1.0473930613844935,1.076217359038153,1.051292157237225,0.007331,0.006402,0.006812,0.005324,0.004129,0.003346
IND,IND.12_1,IND.12.16_1,PIGE,3.422460349839655e-5,2.462601782776717e-5,1.5027432157137792e-5,5.428846486508411e-6,3.1477682559686064e-7,0,0.41989665527091546,0.4105854237382757,0.3221812942338702,0.3324265738673139,0.34157496606734605,0.333664087388542,8.151e-5,5.998e-5,4.664e-5,1.633e-5,9.215e-7,0
IND,IND.12_1,IND.12.18_1,PIGE,0,0,0,0,0,0,0.3265294617125638,0.3192886528562221,0.25054184942761,0.25850901373294277,0.26562319181250993,0.25947135677348904,0,0,0,0,0,0
IND,IND.12_1,IND.12.19_1,PIGE,0,0,0,0,0,0,0.018950786829666496,0.018530552084565045,0.014540694599229026,0.01500308482764951,0.015415970303732035,0.015058936320261403,0,0,0,0,0,0
IND,IND.12_1,IND.12.1_1,PIGE,0.10957536219687015,0.09513272857805252,0.08069092526570092,0.06625014642576747,0.05181049507740235,0.037372085767773414,0.18529606091317677,0.18118711052362074,0.14217528044591793,0.14669641662359545,0.15073350769606678,0.14724251857018608,0.5914,0.5251,0.5675,0.4516,0.3437,0.2538
IND,IND.12_1,IND.12.20_1,PIGE,0,0,0,0,0,0,2.220305479499735,2.171070082805583,1.703611791139997,1.7577861938736064,1.8061605380732253,1.7643298469788327,0,0,0,0,0,0
IND,IND.12_1,IND.12.21_1,PIGE,3.6063109031007375e-4,2.138750796534537e-4,1.1435875174169798e-4,2.0643405741229226e-4,1.684446900956738e-4,1.490547091139789e-4,13.568842017092248,13.267952195596907,10.411197677917066,10.742271000416952,11.037898714794775,10.78226090091455,2.658e-5,1.612e-5,1.098e-5,1.922e-5,1.526e-5,1.382e-5
IND,IND.12_1,IND.12.2_1,PIGE,5.691621226350604e-5,5.0220187291328866e-5,4.352416231915168e-5,3.68281373469745e-5,3.0132112374797312e-5,2.3436087402620132e-5,0.3041588489930872,0.29741410970992105,0.2333771664793367,0.24079849842328854,0.24742528243494927,0.24169491110842234,1.871e-4,1.689e-4,1.865e-4,1.529e-4,1.218e-4,9.697e-5
IND,IND.12_1,IND.12.3_1,PIGE,3.1991789980317974e-4,2.1098462341870368e-4,1.1444843042048867e-4,3.6189437807255864e-5,0,0,1.966530156427464,1.922922241545169,1.5088932550295096,1.5568756600029428,1.5997209385217288,1.562671390042544,1.627e-4,1.097e-4,7.585e-5,2.324e-5,0,0
IND,IND.12_1,IND.12.4_1,PIGE,6.641859484445089e-7,6.064306485797691e-7,5.486753487150291e-7,4.909200488502892e-7,4.3316474898554937e-7,3.754094491208094e-7,0.04175214402256033,0.04082628792178393,0.03203588223285184,0.033054614783914804,0.03396427906419863,0.03317766611599755,1.591e-5,1.485e-5,1.713e-5,1.485e-5,1.275e-5,1.132e-5
IND,IND.12_1,IND.12.5_1,PIGE,4.8562194548517674e-4,3.743433728112782e-4,2.676700545165116e-4,1.6666734380297536e-4,8.405528878940543e-5,4.359812431944432e-5,1.984925788705743,1.9409099496611995,1.5230079866932862,1.5714392363868646,1.614685305092323,1.5772891817753858,2.447e-4,1.929e-4,1.758e-4,1.061e-4,5.206e-5,2.764e-5
IND,IND.12_1,IND.12.6_1,PIGE,3.511903803885795e-5,2.8334402655292027e-5,2.15497672717261e-5,1.4765131888160178e-5,8.734946715190357e-6,3.459211752816641e-6,0.1406164757435874,0.1374982976240032,0.10789321033396815,0.11132418578227914,0.11438783169071975,0.11173860868338048,2.498e-4,2.061e-4,1.997e-4,1.326e-4,7.636e-5,3.096e-5
IND,IND.12_1,IND.12.7_1,PIGE,5.995754530229465e-4,5.733296740803464e-5,4.09521195771676e-5,2.457127174630056e-5,8.190423915433519e-6,0,1.939596316705701,1.8965856612075052,1.488227266788554,1.5355524988217226,1.5778109631181647,1.5412688498274212,3.091e-4,3.023e-5,2.752e-5,1.6e-5,5.191e-6,0
IND,IND.12_1,IND.12.8_1,PIGE,0,0,0,0,0,0,0.14897451743765777,0.14567099928167165,0.11430622805262289,0.11794113576204816,0.12118688039045178,0.11838019136616718,0,0,0,0,0,0
IND,IND.12_1,IND.12.9_1,PIGE,6.011082254563929e-4,5.068699094695833e-4,4.126315934827736e-4,3.1839327749596407e-4,2.2415496150915453e-4,1.2991664552234496e-4,0.1654200790767849,0.16175187968272747,0.1269246956369344,0.13096086726596193,0.1345649154100901,0.13144839099821948,0.003634,0.003134,0.003251,0.002431,0.001666,9.883e-4
IND,IND.13_1,IND.13.10_1,PIGE,4.659685270173889e-4,4.24827214066226e-4,3.836859011150632e-4,3.425445881639004e-4,3.014032752127283e-4,2.602619622615747e-4,0.088756523922368,0.08678834310001725,0.06810173739192604,0.07026735456334743,0.07220111488499006,0.07052893654327595,0.00525,0.004895,0.005634,0.004875,0.004174,0.00369
IND,IND.13_1,IND.13.11_1,PIGE,3.973238489305811e-4,3.210410474349644e-4,2.4481300544642573e-4,1.843194897761602e-4,1.3968061354202525e-4,9.499506293967824e-5,0.33207559308772655,0.3247117984616809,0.25479732458324833,0.26289981186891226,0.2701348248833997,0.2638785003899026,0.001196,9.887e-4,9.608e-4,7.011e-4,5.171e-4,3.6e-4
IND,IND.13_1,IND.13.12_1,PIGE,9.242133949257306e-4,7.741752880816458e-4,5.955733192640026e-4,5.137056994708442e-4,4.727827204261575e-4,4.3040507629500755e-4,0.7386106343294366,0.7222319027001644,0.5667264245046743,0.5847481743660966,0.6008404667936239,0.5869249972472309,0.001251,0.001072,0.001051,8.785e-4,7.869e-4,7.333e-4
IND,IND.13_1,IND.13.1_1,PIGE,7.38987781262769e-5,5.321136087649184e-5,3.252394362670676e-5,1.183652637692169e-5,1.2762198798448162e-6,8.430241354761468e-7,0.01677481162108206,0.01640282924646768,0.012871096853873734,0.013280394317187515,0.013645871283638467,0.013329832806245612,0.004405,0.003244,0.002527,8.913e-4,9.352e-5,6.324e-5
IND,IND.13_1,IND.13.3_1,PIGE,8.087774365104935e-4,5.776981689360669e-4,3.466189013616401e-4,1.1553963378721338e-4,0,0,0.012603865359884822,0.01232437394908426,0.009670783520238263,0.009978311869067287,0.010252915398533914,0.010015457803922453,0.06417,0.04687,0.03584,0.01158,0,0
IND,IND.13_1,IND.13.4_1,PIGE,0.008306775266675736,0.006801370610739631,0.005341861695362491,0.003919317040016355,0.003073968450341706,0.0020424562478088917,1.149047085078047,1.1235669024741548,0.8816490256804945,0.9096852306629385,0.9347198034766119,0.9130716860834854,0.007229,0.006053,0.006059,0.004308,0.003289,0.002237
IND,IND.15_1,IND.15.10_1,PIGE,0.11530864491181293,0.1072048784957039,0.09799859761388427,0.12799205534925734,0.12558046311408905,0.11330801670597006,318.58985555466444,311.5251079035888,244.44989190532678,252.22333357856428,259.16452949660555,253.16227712342442,3.619e-4,3.441e-4,4.009e-4,5.075e-4,4.846e-4,4.476e-4
IND,IND.15_1,IND.15.11_1,PIGE,4.7599425097592037e-4,4.0683652652557395e-4,3.397495216919343e-4,2.726625168582947e-4,2.0722788231715783e-4,1.4355905970957498e-4,7.802363453587853,7.629345612873475,5.98665296330619,6.177026938379161,6.3470189591885795,6.2000219542959245,6.101e-5,5.333e-5,5.675e-5,4.414e-5,3.265e-5,2.315e-5
IND,IND.15_1,IND.15.12_1,PIGE,0.013591511915331566,0.012736325988781062,0.011779880463487378,0.016664962742825012,0.01554328085046457,0.01773536365975541,79.9981485082501,78.2241851446643,61.381548767213104,63.333465724246196,65.07640515623024,63.56923514324358,1.699e-4,1.628e-4,1.919e-4,2.631e-4,2.388e-4,2.79e-4
IND,IND.15_1,IND.15.13_1,PIGE,0.0023504702252946756,0.0021416734697087118,0.001936968964940184,0.005628544025801887,0.007119887001113403,0.006618149867924139,174.6490937851629,170.7762404799844,134.00599972908108,138.26735494850303,142.0724779169058,138.78207830320542,1.346e-5,1.254e-5,1.445e-5,4.071e-5,5.011e-5,4.769e-5
IND,IND.15_1,IND.15.14_1,PIGE,1.1554457056102139,1.1021213978920976,1.0120833893212589,0.9400579126934462,0.8577789484102015,0.98247152839429,950.2452914392103,929.1735495943448,729.1109705029645,752.2965058220697,772.999734826623,755.0970553903452,0.001216,0.001186,0.001388,0.00125,0.00111,0.001301
IND,IND.15_1,IND.15.15_1,PIGE,0.27634986616069795,0.25712051690444354,0.23474772888657416,0.21279099233831372,0.19018266308824863,0.16719641897453158,105.06530166090477,102.73547279103644,80.61525245144514,83.17879608004009,85.46787977276085,83.48844306051767,0.00263,0.002503,0.002912,0.002558,0.002225,0.002003
IND,IND.15_1,IND.15.16_1,PIGE,0.39124692564527314,0.37645882540839976,0.3394934155922531,0.30138703567180875,0.26310595082673255,0.22540915763130587,75.77246987636858,74.09221116994082,58.13923999064614,59.98805238925697,61.63892591657024,60.21136794757774,0.005163,0.005081,0.005839,0.005024,0.004269,0.003744
IND,IND.15_1,IND.15.17_1,PIGE,0.06797450618350476,0.06231253393779582,0.05799661157137368,0.057337424452136604,0.05297677215352245,0.047255113771100775,142.6287268160302,139.46592691772466,109.43718465885252,112.91725808084603,116.02474540070195,113.33761146002809,4.766e-4,4.468e-4,5.3e-4,5.078e-4,4.566e-4,4.169e-4
IND,IND.15_1,IND.15.18_1,PIGE,1.5280705079478745,1.4871728177956716,1.4356797754175648,2.2346088642263244,2.280052104916173,2.2017502637505504,315.0999591037591,308.11260009932164,241.77213931744433,249.46042916919802,256.3255898507838,250.3890873402847,0.004849,0.004827,0.005938,0.008958,0.008895,0.008793
IND,IND.15_1,IND.15.19_1,PIGE,0.006637390873784731,0.005963464715774135,0.005291249360381322,0.006629437183942688,0.0062104858216429784,0.005424000875570674,102.26747327350691,99.99968640272726,78.46851477306446,80.96379271333954,83.19191942753953,81.2651939733142,6.49e-5,5.963e-5,6.743e-5,8.188e-5,7.465e-5,6.674e-5
IND,IND.15_1,IND.15.1_1,PIGE,0.1030185035467913,0.09403383736998147,0.08505842765787644,0.07973644416272758,0.07178730645716717,0.06257070000783005,55.935622004841996,54.69524649607956,42.91868216875699,44.283484868936796,45.50216808927081,44.44833754799572,0.001842,0.001719,0.001982,0.001801,0.001578,0.001408
IND,IND.15_1,IND.15.20_1,PIGE,0.02951328035392416,0.027595050897737526,0.02568049031959921,0.024196193928835943,0.02248522995825347,0.020614324472495057,39.9107653642097,39.02574193693032,30.623016110021528,31.596819893424545,32.46636560180766,31.71444434020396,7.395e-4,7.071e-4,8.386e-4,7.658e-4,6.926e-4,6.5e-4
IND,IND.15_1,IND.15.21_1,PIGE,0.03709283310416728,0.034397313539497286,0.031701793974827294,0.030051756662180747,0.028613584099928733,0.03942706048971956,234.7994486725706,229.5927579240675,180.1585921419646,185.8875875488864,191.00322116454853,186.57958518416578,1.58e-4,1.498e-4,1.76e-4,1.617e-4,1.498e-4,2.113e-4
IND,IND.15_1,IND.15.22_1,PIGE,0.6792253076885055,0.6558968123270611,0.5955686075138578,0.5666944850585041,0.5369345157895964,0.47328480995026734,376.29579014726494,367.951410207972,288.7269121164636,297.90835127905706,306.10680065529004,299.01736494335495,0.001805,0.001783,0.002063,0.001902,0.001754,0.001583
IND,IND.15_1,IND.15.23_1,PIGE,0.007010632961621181,0.007198199354384479,0.006708362789667608,0.013604923797900516,0.012999798688494924,0.013733292457735736,71.91097647205461,70.31634659524003,55.17636584754363,56.9309596349003,58.497701851099144,57.14289465412893,9.749e-5,1.024e-4,1.216e-4,2.39e-4,2.222e-4,2.403e-4
IND,IND.15_1,IND.15.24_1,PIGE,0,0,1.0237660457315258e-4,0.004738117686634525,0.006827188986408631,0.006464333155748648,9.733013992556806,9.517183869459856,7.468016250082103,7.705497184445886,7.917552765681372,7.734182186497928,0,0,1.371e-5,6.149e-4,8.623e-4,8.358e-4
IND,IND.15_1,IND.15.2_1,PIGE,0.2891633455992696,0.2816925293723255,0.2724435787286096,0.27799008976655526,0.25779429549423366,0.23383696546720725,374.1875378361071,365.88990850830874,287.1092772778576,296.2392760819854,304.39179244408984,297.342076334701,7.728e-4,7.699e-4,9.489e-4,9.384e-4,8.469e-4,7.864e-4
IND,IND.15_1,IND.15.3_1,PIGE,0.002601693658132567,0.002269794709430993,0.0019378957607294185,0.002266996919437418,0.0030544802920551206,0.006902626598072421,34.14567389997743,33.388491694476,26.199535698812724,27.03267397935449,27.77661421524384,27.133307629592554,7.619e-5,6.798e-5,7.397e-5,8.386e-5,1.1e-4,2.544e-4
IND,IND.15_1,IND.15.4_1,PIGE,0,0,0,0,1.2803852126814027e-4,1.2147244325438948e-4,29.336240902963784,28.685708139923427,22.509319718146713,23.22511011007307,23.86426604067171,23.31156946697363,0,0,0,0,5.365e-6,5.211e-6
IND,IND.15_1,IND.15.5_1,PIGE,0.2233741053224452,0.20962386848323308,0.19129262244335962,0.17270671559021264,0.1570718584710476,0.13963946746101427,127.36780007743191,124.54341207281976,97.72767217255377,100.83538620577919,103.61037994325451,101.21076279615282,0.001754,0.001683,0.001957,0.001713,0.001516,0.00138
IND,IND.15_1,IND.15.6_1,PIGE,0.18859152198144158,0.17284876827631995,0.1571249276949039,0.14346216751836116,0.14751542051135028,0.13076053648808664,127.72738850166894,124.89502660387973,98.0035797380414,101.12006755860952,103.90289573795101,101.49650392293346,0.001477,0.001384,0.001603,0.001419,0.00142,0.001288
IND,IND.15_1,IND.15.7_1,PIGE,0.01962566983594358,0.023520788058431667,0.02296671558083327,0.044892031533749197,0.04439386411619603,0.04152746453995302,25.463374112612346,24.898722384648984,19.537718922456293,20.159013197892676,20.713790022604524,20.234058496217607,7.707e-4,9.447e-4,0.001176,0.002227,0.002143,0.002052
IND,IND.15_1,IND.15.8_1,PIGE,1.212074988983717,1.1766110065055875,1.0909483310521342,0.9927823324428477,0.8927449809627476,0.7929499269210825,135.68959088734223,132.68066671168754,104.11287505479768,107.42363684472302,110.37993949518926,107.823539300018,0.008933,0.008868,0.01048,0.009242,0.008088,0.007354
IND,IND.15_1,IND.15.9_1,PIGE,0.10575213007453008,0.09697817742526191,0.08789448953569935,0.07881080164613681,0.06974427587132981,0.06066656043095599,74.48513222970985,72.83342030673052,57.15148239860509,58.96888436798978,60.591710351847624,59.188405902890445,0.00142,0.001332,0.001538,0.001336,0.001151,0.001025
IND,IND.16_1,IND.16.10_1,PIGE,0.06159244122595214,0.05253947341164523,0.04372814139702776,0.035057264958044565,0.02668102162089762,0.018404082314214473,338.16344730605306,330.6646541763227,259.4684566976541,267.71948474460174,275.0871353434727,268.7161153039862,1.821e-4,1.589e-4,1.685e-4,1.309e-4,9.699e-5,6.849e-5
IND,IND.16_1,IND.16.11_1,PIGE,5.001350313240055e-5,4.5846453721495794e-5,4.167940431059104e-5,5.285396350089761e-4,5.026618673742136e-4,6.156909776446392e-4,175.14365582799118,171.2598355821852,134.38547081330432,138.65889311247378,142.4747912263278,139.17507403347827,2.856e-7,2.677e-7,3.101e-7,3.812e-6,3.528e-6,4.424e-6
IND,IND.16_1,IND.16.12_1,PIGE,0.004273888035305764,0.00396058995916365,0.003658177400241238,0.003337266441900421,0.0029026009782905007,0.0024099636637659777,1.3400761015789595,1.3103598399785703,1.0282231290935788,1.0609203516563863,1.0901169208627417,1.0648698051096617,0.003189,0.003023,0.003558,0.003146,0.002663,0.002263
IND,IND.16_1,IND.16.13_1,PIGE,0.008338825547300303,0.0059843828337435194,0.004856101217449522,0.005176288085096741,0.00500806409977402,0.008028845287845351,354.80801648685417,346.94012911581945,272.23962020496,280.8967678613279,288.6270578024158,281.94245306108087,2.35e-5,1.725e-5,1.784e-5,1.843e-5,1.735e-5,2.848e-5
IND,IND.16_1,IND.16.14_1,PIGE,0.0019147336446769417,0.0014034380744814563,9.109828088798566e-4,0.00426114544004576,0.004709369006875446,0.005356579777702142,93.83156465308501,91.75084452210174,71.9957507649477,74.28519652796327,76.3295280162321,74.56173559660924,2.041e-5,1.53e-5,1.265e-5,5.736e-5,6.17e-5,7.184e-5
IND,IND.16_1,IND.16.15_1,PIGE,0,0,0,3.1767460263087174e-5,3.037620171007782e-5,2.8734904159493725e-5,11.335135876099196,11.083778611707093,8.697303731848443,8.973875681817393,9.220837088471857,9.007282434968543,0,0,0,3.54e-6,3.294e-6,3.19e-6
IND,IND.16_1,IND.16.16_1,PIGE,0,0,0,0,0,0,164.77644476317948,161.1225179955912,126.43084331978048,130.4513105762159,134.0413357004882,130.93693739846995,0,0,0,0,0,0
IND,IND.16_1,IND.16.17_1,PIGE,0.028296408021987032,0.030395314504595015,0.03391443451313086,0.03863290581756457,0.041601738147574875,0.03945951984696955,569.1365345705102,556.5159004679329,436.6911310246098,450.57779307130284,462.97771140420514,452.25514426740006,4.972e-5,5.462e-5,7.766e-5,8.574e-5,8.986e-5,8.725e-5
IND,IND.16_1,IND.16.18_1,PIGE,9.503841059830431e-4,6.437768060553449e-4,3.615831444085929e-4,1.5440177958149956e-4,4.21574979724848e-5,1.9654375247819247e-7,58.61172630075372,57.31200803135737,44.97202251986167,46.40212089814633,47.6791090641375,46.57486055417646,1.621e-5,1.123e-5,8.04e-6,3.327e-6,8.842e-7,4.22e-9
IND,IND.16_1,IND.16.19_1,PIGE,0.007420172831952069,0.005597876941391728,0.003913929536510419,0.0026667837691184675,0.0017580400407187138,0.0011199458244747062,0.20990223781919057,0.20524764409709317,0.16105528299466937,0.16617679824169065,0.17074999017148923,0.1667954191670459,0.03535,0.02727,0.0243,0.01605,0.0103,0.006714
IND,IND.16_1,IND.16.1_1,PIGE,0,0,0,0,0,0,59.06159536123845,57.751901220567674,45.31720125449395,46.758276224912045,48.045065799302904,46.93234172871482,0,0,0,0,0,0
IND,IND.16_1,IND.16.20_1,PIGE,5.633814919716046e-4,4.1999353584434406e-4,3.14613884594833e-4,5.176306562863135e-4,4.2685791316862134e-4,3.604835364840964e-4,239.71310379637288,234.39745247398824,183.9287764178648,189.77766268396286,195.00035131814911,190.4841417745671,2.35e-6,1.792e-6,1.711e-6,2.728e-6,2.189e-6,1.892e-6
IND,IND.16_1,IND.16.21_1,PIGE,0,0,0,0.01391932237967228,0.02246478527912859,0.02127613929537401,132.66768654737086,129.72577326743476,101.79420678468544,105.03123553911291,107.92169921290237,105.42223188040667,0,0,0,1.325e-4,2.082e-4,2.018e-4
IND,IND.16_1,IND.16.22_1,PIGE,0.001069991310080492,0.0016762156814893558,0.0012776770037913872,0.0014725537391103974,0.0013945349140349437,0.00586276043834837,203.92168302083098,199.39970843185156,156.46648034291002,161.44207288370535,165.8849649881008,162.04306800200902,5.247e-6,8.406e-6,8.166e-6,9.121e-6,8.407e-6,3.618e-5
IND,IND.16_1,IND.16.23_1,PIGE,0.02531850094595243,0.031239898685825124,0.03231479094923768,0.0394856622057231,0.03777896498640447,0.03455534633357585,892.4427084829787,872.6527421091342,684.7597932474946,706.534972902919,725.9788427474967,709.1651675110578,2.837e-5,3.58e-5,4.719e-5,5.589e-5,5.204e-5,4.873e-5
IND,IND.16_1,IND.16.24_1,PIGE,0.003017736243144257,0.0026019218958344076,0.0021861075485245687,0.04723978875849471,0.05660317875708514,0.06697857130055182,264.20246208149274,258.34375788594,202.7191455437305,209.1655605601177,214.92180489546772,209.94421434328882,1.142e-5,1.007e-5,1.078e-5,2.258e-4,2.634e-4,3.19e-4
IND,IND.16_1,IND.16.25_1,PIGE,7.560882035785412e-4,6.122645123739359e-4,4.832828771499131e-4,3.563342297859212e-4,2.82885309122063e-4,2.629361151583385e-4,190.41488771997828,186.1924270631331,146.10289031104128,150.7489234398436,154.8975396570019,151.31011152085978,3.971e-6,3.288e-6,3.308e-6,2.364e-6,1.826e-6,1.738e-6
IND,IND.16_1,IND.16.26_1,PIGE,0.5037606525646466,0.4290379950458916,0.35572560238242873,0.2828193370057101,0.2108021311255904,0.14005920302774033,102.31550050433023,100.04664862705326,78.50536544856017,81.00181523053399,83.23098832588119,81.30335803568836,0.004924,0.004288,0.004531,0.003492,0.002533,0.001723
IND,IND.16_1,IND.16.27_1,PIGE,0.002464460527354608,0.0019605322734376467,0.0014584606871539008,0.0010873067089931844,6.794196322099733e-4,2.8275755994272084e-4,112.39407436916565,109.90172955952951,86.23852533693628,88.98088755058912,91.42964502550946,89.31213378699464,2.193e-5,1.784e-5,1.691e-5,1.222e-5,7.431e-6,3.166e-6
IND,IND.16_1,IND.16.28_1,PIGE,0.005766790916293612,0.005721303150524163,0.005928107979239999,0.005851323960991514,0.005580101709607862,0.005123916222835955,1.4113211850652692,1.380025059801819,1.082888563831585,1.1173241327080927,1.1480729361556004,1.1214835586701477,0.004086,0.004146,0.005474,0.005237,0.00486,0.004569
IND,IND.16_1,IND.16.29_1,PIGE,0.032962698190119814,0.023049115630925418,0.013972496764388435,0.007196062754600394,0.003619913563158011,0.0019686481282541524,22.73804013482179,22.233822838408273,17.446605270651688,18.0014026870479,18.496801986857065,18.068415919375063,0.00145,0.001037,8.009e-4,3.998e-4,1.957e-4,1.09e-4
IND,IND.16_1,IND.16.2_1,PIGE,2.343565984185349e-4,1.966187702351753e-4,1.6471765569385315e-4,1.3865325479456845e-4,1.1258885389528376e-4,0.003095537956754339,94.36439552028904,92.27185983538318,72.40458502511295,74.70703160907652,76.76297201513088,74.98514102936596,2.484e-6,2.131e-6,2.275e-6,1.856e-6,1.467e-6,4.128e-5
IND,IND.16_1,IND.16.30_1,PIGE,0,0,0,0,0,0,99.30756609851461,97.10541533289444,76.19741612895675,78.62047373521354,80.78411222029189,78.9131515983603,0,0,0,0,0,0
IND,IND.16_1,IND.16.3_1,PIGE,0.002504503675946264,0.0022394431975865056,0.00219860588512928,0.0032114580210915343,0.002870061827548527,0.010164755797980648,213.38440277156462,208.6525918492362,163.72710330333047,168.93358172693104,173.58264044511583,169.56246523989591,1.174e-5,1.073e-5,1.343e-5,1.901e-5,1.653e-5,5.995e-5
IND,IND.16_1,IND.16.4_1,PIGE,0.10529496971743521,0.10835624041404722,0.11033883212499243,0.11942249086575393,0.11277929357066198,0.11085990608600063,146.87247046023654,143.61556531212645,112.6933544866522,116.27697324481775,119.47692005623249,116.70983372562686,7.169e-4,7.545e-4,9.791e-4,0.001027,9.439e-4,9.499e-4
IND,IND.16_1,IND.16.5_1,PIGE,0,0,0,0.002683256542657077,0.002636597463775314,0.002494330778472805,114.06758609070916,111.53813106617545,87.52258932171503,90.30578442922838,92.79100311761124,90.64196281586025,0,0,0,2.971e-5,2.841e-5,2.752e-5
IND,IND.16_1,IND.16.6_1,PIGE,0,0,0,0,0,0,12.068643094959985,11.801020267458625,9.260114371409221,9.554583550317822,9.817526060025763,9.590152085635765,0,0,0,0,0,0
IND,IND.16_1,IND.16.7_1,PIGE,0,0,0,0,0,0,56.51519253938494,55.261965021994,43.363379173543535,44.7423231204305,45.97363358723344,44.908883901623604,0,0,0,0,0,0
IND,IND.16_1,IND.16.8_1,PIGE,0.003591581068806141,0.0027908854771020635,0.0019937983439346483,0.0012801860185609304,0.003736402647786768,0.0032073722582906094,229.45275779590173,224.36463021302802,176.05614511151092,181.65468379186098,186.6538277320325,182.33092373493054,1.565e-5,1.244e-5,1.132e-5,7.047e-6,2.002e-5,1.759e-5
IND,IND.16_1,IND.16.9_1,PIGE,0,0,0,0.00243294515910759,0.002383685655313231,0.002255047087429696,154.4556023020569,151.03054078633733,118.51179385851965,122.28043744420282,125.64559982312133,122.73564682460355,0,0,0,1.99e-5,1.897e-5,1.837e-5
IND,IND.17_1,IND.17.10_1,PIGE,0.22035881886052142,0.18504845894599897,0.15039747366923795,0.11720201653964991,0.08468678744365875,0.05341985324380308,64.20940250738856,62.78555545880226,49.267047360657706,50.8337263887631,52.23267250965639,51.022963437440225,0.003432,0.002947,0.003053,0.002306,0.001621,0.001047
IND,IND.17_1,IND.17.11_1,PIGE,0.01899465472404018,0.016823472998162916,0.014553174913736545,0.012509074523406306,0.010264225532960376,0.007867331464222563,2.2120680371139505,2.1630153061598762,1.6972913077169591,1.7512647207554919,1.7994595937620819,1.7577840965862868,0.008587,0.007778,0.008574,0.007143,0.005704,0.004476
IND,IND.17_1,IND.17.13_1,PIGE,0.008618554595206366,0.007320870664318989,0.0060296060322590165,0.004749303245597812,0.0034821644036555064,0.002229898103207207,1.247176887243926,1.2195206708546986,0.9569427587165871,0.9873732844228179,1.0145458354877013,0.9910489466172016,0.00691,0.006003,0.006301,0.00481,0.003432,0.00225
IND,IND.17_1,IND.17.1_1,PIGE,0.07252980797313485,0.06231376900088203,0.05209137423641319,0.041883580506485836,0.03170272920127982,0.021544777874326328,0.005474111799701971,0.005352723068063481,0.004200215463185763,0.004333781199965676,0.004453047026596723,0.004349914425329128,13.25,11.64,12.4,9.664,7.119,4.953
IND,IND.17_1,IND.17.3_1,PIGE,0.4534289908440263,0.3798092782419554,0.3064453764313236,0.23447533840667992,0.1641915377324191,0.094417550826288,1.5841678553675458,1.5490388456392457,1.2155115872421263,1.254164533058238,1.2886791896282828,1.2588333702978376,0.2862,0.2452,0.2521,0.187,0.1274,0.075
IND,IND.17_1,IND.17.5_1,PIGE,0.07293436177146016,0.062048365309922825,0.051414702574962334,0.04090261315231268,0.030492467451290767,0.020290740299339107,0.09511300448226483,0.09300386835226165,0.07297898303761635,0.07529969532590326,0.07737194586042055,0.07558001103600455,0.7668,0.6672,0.7045,0.5432,0.3941,0.2685
IND,IND.17_1,IND.17.6_1,PIGE,0.036900120566337215,0.029242881591536207,0.02218763503207386,0.016032185149568386,0.010998039687887567,0.006956420134481643,0.028128202121726884,0.027504457685412414,0.021582407123969232,0.02226872194145018,0.022881558032571952,0.02235162098343234,1.312,1.063,1.028,0.7199,0.4807,0.3112
IND,IND.17_1,IND.17.7_1,PIGE,0.19699980469469144,0.16614550690045368,0.13532450115742467,0.10468612455884602,0.07432271692064012,0.04411695958255912,0.22597252190773948,0.2209615687479913,0.17338580494896816,0.1788994275209926,0.18382274670177665,0.17956541056176345,0.8718,0.7519,0.7805,0.5852,0.4043,0.2457
IND,IND.17_1,IND.17.9_1,PIGE,0.05304266517397508,0.04511340657299493,0.037236588969055025,0.029412362456675393,0.021635859366727933,0.013941583924818647,3.063879282028251,2.9959375896501186,2.3508751024066012,2.4256323066221035,2.492385801734997,2.434662128582638,0.01731,0.01506,0.01584,0.01213,0.008681,0.005726
IND,IND.19_1,IND.19.10_1,PIGE,0,0,0,0,0,0,8.467236417854467,8.279474982418945,6.496801423503664,6.7033979841917395,6.887875756587783,6.7283525043647305,0,0,0,0,0,0
IND,IND.19_1,IND.19.11_1,PIGE,0.001310168205627466,0.0010488063123429286,7.896164457302996e-4,5.325986057895783e-4,2.7558076584885703e-4,9.371954816445068e-5,21.54576699683137,21.067988423133592,16.53178945143495,17.057495967618408,17.526918917916376,17.120995349309375,6.081e-5,4.978e-5,4.776e-5,3.122e-5,1.572e-5,5.474e-6
IND,IND.19_1,IND.19.12_1,PIGE,0.0299611537218894,0.017965410578101814,0.013755449172539949,0.010910464884628933,0.008209940157334512,0.00554310984336598,82.90295477800396,81.06457717487704,63.61036919657361,65.63316205161881,67.43938921568463,65.87749247483056,3.614e-4,2.216e-4,2.162e-4,1.662e-4,1.217e-4,8.414e-5
IND,IND.19_1,IND.19.13_1,PIGE,0.04697145889835064,0.04161137161659816,0.03625520589053689,0.0309037816208932,0.025558518681494634,0.02025461664821486,13.432514312345909,13.134647565236305,10.306595186318818,10.634342177352664,10.926999686335677,10.673930294754772,0.003497,0.003168,0.003518,0.002906,0.002339,0.001898
IND,IND.19_1,IND.19.14_1,PIGE,2.0555586533368937e-4,1.468256180954924e-4,8.809537085729544e-5,2.936512361909848e-5,0,0,0.034313806294688186,0.033552895744043645,0.026328541519293962,0.02716578215068237,0.027913385528606876,0.027266911318351208,0.00599,0.004376,0.003346,0.001081,0,0
IND,IND.19_1,IND.19.15_1,PIGE,0,0,0,0,0,0,0.10287477479890271,0.10059352098324008,0.07893448940988547,0.08144458521991826,0.0836859433625382,0.08174777631041359,0,0,0,0,0,0
IND,IND.19_1,IND.19.16_1,PIGE,0,0,0,0,0,0,0.17910102288348773,0.17512944780455603,0.13742190757385853,0.14179188775598986,0.14569400600389049,0.14231973177356386,0,0,0,0,0,0
IND,IND.19_1,IND.19.17_1,PIGE,0.04048580566032327,0.036293727740051025,0.03215437021597766,0.028192294967925642,0.024284615034886867,0.023463000070242695,9.800086106657895,9.582768655724585,7.519479819169474,7.758597281369205,7.972114179330556,7.787479957413299,0.004131,0.003787,0.004276,0.003634,0.003046,0.003013
IND,IND.19_1,IND.19.18_1,PIGE,0,0,0,0,0,0,0.3793995355936183,0.37098632992755043,0.29110837601317746,0.3003655450955256,0.30863161654084603,0.30148370607478325,0,0,0,0,0,0
IND,IND.19_1,IND.19.20_1,PIGE,6.611305892122088e-4,4.722361351515777e-4,2.833416810909466e-4,9.444722703031554e-5,0,0,0.04123581442332304,0.040321407959940284,0.03163970918301843,0.032645843536261036,0.03354425841596258,0.032767373149005366,0.01603,0.01171,0.008955,0.002893,0,0
IND,IND.19_1,IND.19.21_1,PIGE,1.527629920733475e-4,1.4054195270747966e-4,1.2832091334161189e-4,1.1609987397574409e-4,0.0040503180164714585,0.0038357154805998715,23.400079351530128,22.881181298904153,17.9545794328537,18.52553029276593,19.035353604603344,18.59449467776834,6.528e-6,6.142e-6,7.147e-6,6.267e-6,2.128e-4,2.063e-4
IND,IND.19_1,IND.19.22_1,PIGE,0.006713872243788692,0.005813426481753197,0.004912980719717702,0.004015895023967587,0.0031571958772289924,0.0023335232132165274,99.64044690641374,97.43091449048458,76.45283128449154,78.88401102489425,81.05490206640117,79.17766994967977,6.738e-5,5.967e-5,6.426e-5,5.091e-5,3.895e-5,2.947e-5
IND,IND.19_1,IND.19.23_1,PIGE,0,0,0,0,0,0,1.2353965956238262,1.208001607852212,0.9479038927171252,0.9780469848839448,1.004962875823965,0.9816879283684247,0,0,0,0,0,0
IND,IND.19_1,IND.19.24_1,PIGE,0.2724760595888593,0.21055863073316616,0.16112219550646112,0.11881100760863872,0.08223460972207121,0.04968242225707783,291.8029508070024,285.33220424885593,223.89664497709637,231.0164988538863,237.37408185817762,231.87649640953467,9.338e-4,7.379e-4,7.196e-4,5.143e-4,3.464e-4,2.143e-4
IND,IND.19_1,IND.19.26_1,PIGE,0.13623424158690378,0.11543155695420922,0.09609950773466253,0.0774289579039339,0.0592890554547508,0.04230699201179347,110.19668479488311,107.7530672204767,84.55249662465329,87.24124357281273,89.64212597802377,87.56601369354681,0.001236,0.001071,0.001137,8.875e-4,6.614e-4,4.831e-4
IND,IND.19_1,IND.19.27_1,PIGE,0.021764332256177306,0.020638115011676558,0.019046579741285444,0.020514137311331497,0.018866381984207287,0.015750168319668016,6.403908052111984,6.261901037199044,4.913636149478165,5.069888474704281,5.209412002072854,5.088761982515569,0.003399,0.003296,0.003876,0.004046,0.003622,0.003095
IND,IND.19_1,IND.19.28_1,PIGE,2.532683653482313e-4,2.266085374168385e-4,1.9994870948544577e-4,1.7328888155405297e-4,1.466290536226602e-4,1.1996922569126744e-4,1.6197181365782072,1.5838007973996777,1.2427888600354497,1.2823092158856233,1.3175984152181646,1.2870828264143868,1.564e-4,1.431e-4,1.609e-4,1.351e-4,1.113e-4,9.321e-5
IND,IND.19_1,IND.19.29_1,PIGE,5.901150095412315e-4,5.086765137347887e-4,4.272380179283456e-4,3.457995221219026e-4,4.4393495164516496e-4,3.57189621914593e-4,7.717661194873495,7.546521631426455,5.921662011378942,6.109969291432509,6.278115883198327,6.132714674042787,7.646e-5,6.741e-5,7.215e-5,5.66e-5,7.071e-5,5.824e-5
IND,IND.19_1,IND.19.2_1,PIGE,2.0901879856011e-4,1.228845721059652e-4,6.906137776788363e-5,2.3020459255961216e-5,0,0,0.8401358547930055,0.8215057957900284,0.6446254182588101,0.6651243354432853,0.683428582939605,0.6676003720273443,2.488e-4,1.496e-4,1.071e-4,3.461e-5,0,0
IND,IND.19_1,IND.19.30_1,PIGE,0.27946262835998764,0.24219419512331888,0.20547421884695022,0.17039091200221898,0.13418624977817076,0.10015894112477629,276.875571458735,270.7358403624707,212.44305910644496,219.1986919929086,225.23104849424405,220.01469578592966,0.001009,8.946e-4,9.672e-4,7.773e-4,5.958e-4,4.552e-4
IND,IND.19_1,IND.19.31_1,PIGE,1.344167292048246e-4,1.1373723240408236e-4,9.305773560334012e-5,7.237823880259786e-5,5.169874200185562e-5,3.101924520111337e-5,0.00731123095273528,0.0071491040023655555,0.005609813322459543,0.0057882038969858714,0.005947495492622618,0.005809751454098451,0.01838,0.01591,0.01659,0.0125,0.008693,0.005339
IND,IND.19_1,IND.19.32_1,PIGE,0.002372554723305546,0.0016889515053208548,0.00114680257139684,8.543977025811001e-4,7.18484605250211e-4,5.733782028190524e-4,27.023908771095776,26.424652100850906,20.735097062185968,21.394467644621102,21.98324422360186,21.474112128759913,8.779e-5,6.392e-5,5.531e-5,3.994e-5,3.268e-5,2.67e-5
IND,IND.19_1,IND.19.33_1,PIGE,0.03225683857102323,0.025813159095059417,0.01999469825073253,0.01470074809400328,0.009805777570571706,0.006155160545842055,37.43049276785789,36.60046952245372,28.719934899170127,29.63322120524197,30.44872860160334,29.74353582748293,8.618e-4,7.053e-4,6.962e-4,4.961e-4,3.22e-4,2.069e-4
IND,IND.19_1,IND.19.35_1,PIGE,0,0,0,0,0,0,0.011470553080227531,0.011216192931851205,0.008801207608052102,0.00908108367370299,0.0093309954484502855,0.009114889526535008,0,0,0,0,0,0
IND,IND.19_1,IND.19.36_1,PIGE,0,0,0,0,0,0,11.210890807617202,10.962288684484031,8.601972091400205,8.875512520508734,9.119766969150733,8.908553100340184,0,0,0,0,0,0
IND,IND.19_1,IND.19.37_1,PIGE,0.34466590025467964,0.2969576499044711,0.24968851067226597,0.20250993562257244,0.1553645030318027,0.10901619223522274,25.698910216656802,25.12903546257136,19.718442740775075,20.345483985660767,20.905392493680917,20.421223452681332,0.01341,0.01182,0.01266,0.009954,0.007432,0.005338
IND,IND.19_1,IND.19.38_1,PIGE,0.1652138370561806,0.14878570849768438,0.13246648150229381,0.14310132472277265,0.12593419411151657,0.10899048289216832,200.87229123041965,196.41793707289125,154.1267213061847,159.02791013070245,163.4043643825452,159.61991812437725,8.225e-4,7.575e-4,8.595e-4,8.999e-4,7.707e-4,6.828e-4
IND,IND.19_1,IND.19.39_1,PIGE,0.0018757145568010435,0.0015834096402844373,0.0012911047237678312,9.987998072512332e-4,7.064948907346274e-4,4.141899742180216e-4,0.09781277533991116,0.09564377164195988,0.07505048243665342,0.07743706785594912,0.07956813896535293,0.07772534029277975,0.01918,0.01656,0.0172,0.0129,0.008879,0.005329
IND,IND.19_1,IND.19.3_1,PIGE,5.973710131569518e-4,5.588309477919873e-4,5.202908824270226e-4,4.817508170620579e-4,4.432107516970934e-4,4.046706863321287e-4,22.78616577219386,22.28088128711236,17.483531452224533,18.039503111392687,18.53595093635686,18.10665817892196,2.622e-5,2.508e-5,2.976e-5,2.671e-5,2.391e-5,2.235e-5
IND,IND.19_1,IND.19.40_1,PIGE,0.3486596876349188,0.29086505598738926,0.23518599208469915,0.18044489545866127,0.12666552676133758,0.07363387136501176,27.05044033344876,26.450595324342668,20.75545438818423,21.415472328182247,22.0048269568689,21.495195005768753,0.01289,0.011,0.01133,0.008426,0.005756,0.003426
IND,IND.19_1,IND.19.41_1,PIGE,0.0025327461472624455,0.002316713669319887,0.0021006811913773286,0.0019117121466108668,0.0017245551812034002,0.00152614323763624,32.27258602567328,31.556939647284768,24.76233950307803,25.54977532609992,26.252906133564068,25.644888638079024,7.848e-5,7.341e-5,8.483e-5,7.482e-5,6.569e-5,5.951e-5
IND,IND.19_1,IND.19.42_1,PIGE,2.1984666914696684e-4,1.847062444214565e-4,1.4956581969594607e-4,1.144253949704357e-4,7.928497024492533e-5,4.414454551941495e-5,2.481410476982442,2.4263850625413705,1.9039542920004382,1.9644995330803883,2.0185626363886477,1.9718127111646515,8.86e-5,7.612e-5,7.8559999999999993e-05,5.825e-5,3.9279999999999997e-05,2.239e-5
IND,IND.19_1,IND.19.43_1,PIGE,0,0,0,0,0,0,0.02257010799997615,0.022069614607932168,0.01731775310698509,0.01786845305878058,0.01836019357966576,0.017934971363880024,0,0,0,0,0,0
IND,IND.19_1,IND.19.44_1,PIGE,0.0010213724057316178,8.558496432460491e-4,6.912783604202503e-4,5.276585572542216e-4,3.6478735537915795e-4,2.0539403312669403e-4,0.8009869071961443,0.7832249782693602,0.614586935107491,0.6341306365014853,0.6515819362013917,0.6364912938573822,0.001275,0.001093,0.001125,8.321e-4,5.598e-4,3.227e-4
IND,IND.19_1,IND.19.45_1,PIGE,0.007789953437992488,0.006546963341895014,0.00560149816736685,0.004656032992838717,0.0037105678183105774,0.002765102643782432,41.383155537383914,40.46548177665531,31.75276212170251,32.762491528385304,33.66411656535222,32.88445538279028,1.882e-4,1.618e-4,1.764e-4,1.421e-4,1.102e-4,8.409e-5
IND,IND.19_1,IND.19.46_1,PIGE,0.0046848026341004345,0.004174304524372876,0.003663806414645328,0.00315330830491777,0.010134860903381643,0.009299422110910036,68.72594224651827,67.20194067964871,52.73253011777246,54.40941057763988,55.906759666029856,54.61195870876117,6.817e-5,6.212e-5,6.948e-5,5.796e-5,1.813e-4,1.703e-4
IND,IND.19_1,IND.19.47_1,PIGE,6.987639272488296e-5,5.617662034213288e-5,4.369292693277001e-5,3.120923352340715e-5,1.872554011404429e-5,6.241846704681431e-6,0.20029810369719925,0.19585648217994756,0.15368615460896592,0.1585733335294608,0.1629372778156148,0.15916364928570728,3.489e-4,2.868e-4,2.843e-4,1.968e-4,1.149e-4,3.922e-5
IND,IND.19_1,IND.19.49_1,PIGE,0.145914977110815,0.12823107147711296,0.11114557745181394,0.09447221937689432,0.07796008214512891,0.061642717964229134,93.95608531091489,91.87260392746367,72.09129386155226,74.38377786967789,76.43082232029242,74.66068392385662,0.001553,0.001396,0.001542,0.00127,0.00102,8.256e-4
IND,IND.19_1,IND.19.4_1,PIGE,0.0015574130590782,0.00130510573588186,0.001053136371726,8.021635594729118e-4,5.521872991225789e-4,3.0221103877224603e-4,9.32247504806981e-4,9.11574864875179e-4,7.153015006781203e-4,7.380478985225264e-4,7.583590053018195e-4,7.407954052669787e-4,1.671,1.432,1.472,1.087,0.7281,0.408
IND,IND.19_1,IND.19.50_1,PIGE,0.002333719236539589,0.0020706395240578063,0.0018075598115760137,0.0015444800990942313,0.0012814003866124498,0.0010183206741306643,3.2453568786392193,3.1733909105284277,2.4901205243851363,2.5693056960567855,2.6400130884167177,2.5788703662395838,7.191e-4,6.525e-4,7.259e-4,6.011e-4,4.854e-4,3.949e-4
IND,IND.19_1,IND.19.51_1,PIGE,0,0,0,0,0,0,1.1716116050582281,1.1456310529769396,0.898962491171879,0.9275492597610805,0.9530754513480708,0.9310022170177935,0,0,0,0,0,0
IND,IND.19_1,IND.19.5_1,PIGE,0.08905661302746495,0.07004710836754034,0.053048774201040275,0.03926267925911001,0.0281981559221583,0.018951161348178324,117.41871764736015,114.81495109538602,90.09386939388703,92.95883052514782,95.5170611449412,93.30488531960697,7.585e-4,6.101e-4,5.888e-4,4.224e-4,2.952e-4,2.031e-4
IND,IND.19_1,IND.19.6_1,PIGE,0,0,0,0,0,0,0.02723381898551251,0.026629907544664048,0.02089615846552117,0.02156065075782853,0.02215400070252719,0.021640913886401214,0,0,0,0,0,0
IND,IND.19_1,IND.19.7_1,PIGE,0.030993042784235057,0.024642990972775215,0.019674055588078037,0.014924041372640697,0.0105866868750484,0.006983787171432673,60.3877013152742,59.04860070179675,46.33470526934928,47.8081365973428,49.12381836988297,47.986110381976346,5.132e-4,4.173e-4,4.246e-4,3.122e-4,2.155e-4,1.455e-4
IND,IND.19_1,IND.19.8_1,PIGE,0,0,0,0,0,0,1.29093395207087,1.2623074203512443,0.9905169908540744,1.0220151682299796,1.0501410652802006,1.025819790630864,0,0,0,0,0,0
IND,IND.19_1,IND.19.9_1,PIGE,3.282028148638861e-4,2.8609289895665846e-4,2.4610665950282714e-4,2.0824409650239216e-4,1.7038153350195723e-4,1.3251897050152228e-4,2.4074906349888736,2.3541043971285602,1.8472365495176242,1.905978181442375,1.958430774884855,1.9130735040071767,1.363e-4,1.215e-4,1.332e-4,1.093e-4,8.7e-5,6.927e-5
IND,IND.1_1,IND.1.2_1,PIGE,0.09768394780953381,0.08456130065360846,0.07143865349768312,0.05831600634175776,0.04519335918583242,0.0320707120299071,0.28253630578904165,0.2762710475962106,0.2167864676331826,0.22368021975783642,0.22983590807699839,0.22451290678752037,0.3457,0.3061,0.3295,0.2607,0.1966,0.1428
IND,IND.20_1,IND.20.10_1,PIGE,3.4579299770200835,2.877242849402842,2.321118228607974,1.7938525754262356,1.3144392469127655,0.9101196258876479,51.89508202909685,50.74430571756254,39.818427897978495,41.08464333531166,42.215294312630604,41.23758779173942,0.06663,0.0567,0.05829,0.04366,0.03114,0.02207
IND,IND.20_1,IND.20.11_1,PIGE,0.4913941776690263,0.4190925051810024,0.3791847648191053,0.3769581386079443,0.3480999540360215,0.3128178615740658,204.15839775526405,199.63117400396854,156.64810850914216,161.62947677741042,166.07752624422568,162.23116953805263,0.002407,0.002099,0.002421,0.002332,0.002096,0.001928
IND,IND.20_1,IND.20.12_1,PIGE,0,0,0,0,0,0,13.509198499826025,13.209631276621753,10.365433975481537,10.695052024391972,10.989380270719048,10.734866144353708,0,0,0,0,0,0
IND,IND.20_1,IND.20.13_1,PIGE,0.002815158517817843,0.00253883284529762,0.0022643907689943064,0.0019899486926910027,0.0017155066163876893,0.0014410645400843856,26.091186725979988,25.51261321862449,20.019431452842205,20.65604405887402,21.224499192148503,20.73293963770985,1.079e-4,9.951e-5,1.131e-4,9.634e-5,8.083e-5,6.951e-5
IND,IND.20_1,IND.20.14_1,PIGE,0,0,0,5.0370010394441e-4,4.778693293831582e-4,4.520385548219065e-4,2.607988128527008,2.5501558476687016,2.0010756933828824,2.064709369245867,2.121530251130242,2.072395595205852,0,0,0,2.44e-4,2.252e-4,2.181e-4
IND,IND.20_1,IND.20.15_1,PIGE,0.027838043592790213,0.02577870828280492,0.0236051915943599,0.02172090596096849,0.019184139035116732,0.0198028783281504,99.3472955860546,97.14426381685291,76.22790005292757,78.65192703987466,80.81643112111662,78.94472199320873,2.802e-4,2.654e-4,3.097e-4,2.762e-4,2.374e-4,2.508e-4
IND,IND.20_1,IND.20.16_1,PIGE,0,0,0,0,0,0,19.097122631272388,18.673642881684327,14.652976174617423,15.118936927330056,15.535010657687037,15.175219698759854,0,0,0,0,0,0
IND,IND.20_1,IND.20.19_1,PIGE,0.21336676441267147,0.16474709400797052,0.12636833469255823,0.09651017504699581,0.10575972160838755,0.08487316363488435,496.78703080895565,485.77075095006904,381.17828883719915,393.29965723824563,404.12327905251675,394.76378099364956,4.295e-4,3.391e-4,3.315e-4,2.454e-4,2.617e-4,2.15e-4
IND,IND.20_1,IND.20.1_1,PIGE,0.002254407099477118,0.001976037549414307,0.001698812771730326,0.001421587994046345,0.0011546780446839166,8.980829236430518e-4,33.10060050777362,32.36659286249139,25.397664348224414,26.205303332674642,26.92647429629263,26.30285695729856,6.811e-5,6.105e-5,6.689e-5,5.425e-5,4.288e-5,3.414e-5
IND,IND.20_1,IND.20.20_1,PIGE,0.03084019062411607,0.020201990225601072,0.012099602189637439,0.004779256427011547,0.001104108398719107,9.315382372317878e-4,113.24645040773228,110.73520411234165,86.89254249051936,89.65570227604694,92.12303067837247,89.98946062313411,2.723e-4,1.824e-4,1.392e-4,5.331e-5,1.199e-5,1.035e-5
IND,IND.20_1,IND.20.21_1,PIGE,0.00692965867919131,0.005217775709394419,0.004417229006123181,0.003616682302851944,0.0029438614548964763,0.002415419099434409,15.608131911026879,15.262020723449575,11.975918542202123,12.3567495728303,12.696807800109545,12.402749639843321,4.44e-4,3.419e-4,3.688e-4,2.927e-4,2.319e-4,1.947e-4
IND,IND.20_1,IND.20.22_1,PIGE,4.554696668572432e-5,3.726570001559263e-5,2.898443334546093e-5,2.070316667532924e-5,1.2421900005197542e-5,4.140633335065848e-6,5.423551632916024,5.303284075769789,4.161421298556692,4.29375339119933,4.4119176509813665,4.309737606349798,8.398e-6,7.027e-6,6.965e-6,4.822e-6,2.816e-6,9.608e-7
IND,IND.20_1,IND.20.23_1,PIGE,0,0,0,0,0,0,0.9716887069032855,0.9501414561356165,0.7455642269418683,0.7692729714482051,0.7904433934449172,0.7721367187491727,0,0,0,0,0,0
IND,IND.20_1,IND.20.24_1,PIGE,0.0014168968203373074,0.00100779880388524,6.135703932360841e-4,4.2585338961375946e-4,2.2744574662723538e-4,1.509919413586636e-4,3.4793583017923337,3.402203339193029,2.669666801826656,2.7545614974602923,2.830367136656673,2.7648158133487746,4.072e-4,2.962e-4,2.298e-4,1.546e-4,8.036e-5,5.461e-5
IND,IND.20_1,IND.20.25_1,PIGE,0,0,0,0,0,0,2.4409426518102455,2.386814613628477,1.8729038510761211,1.9324616963770331,1.9856431171772033,1.9396556082556797,0,0,0,0,0,0
IND,IND.20_1,IND.20.26_1,PIGE,0.0014037029236471294,0.00122814367473654,0.001052637770781015,8.771898473009327e-4,7.336959855888132e-4,5.569425842009735e-4,2.950015741459154,2.8845989793848394,2.2635090745849853,2.335488062307118,2.3997607843218347,2.3441823072411148,4.758e-4,4.258e-4,4.65e-4,3.756e-4,3.057e-4,2.376e-4
IND,IND.20_1,IND.20.27_1,PIGE,0.002080356428626865,0.00198977444527774,0.0019265673135317378,0.00203293127106071,0.0019408908437148057,0.0018379376309117857,0.8706242094358466,0.8513180694839856,0.6680187400073584,0.6892615586136679,0.7082300634273659,0.69182745004805,0.002389,0.002337,0.002884,0.002949,0.00274,0.002657
IND,IND.20_1,IND.20.28_1,PIGE,0.0018113483224206721,0.0015598194728820688,0.0013190351846657693,0.001088995457771775,8.761620007559683e-4,6.859715312027741e-4,0.8803401574452717,0.8608185658094327,0.6754736617484377,0.6969535448872005,0.7161337334613419,0.699548071027009,0.002058,0.001812,0.001953,0.001563,0.001223,9.806e-4
IND,IND.20_1,IND.20.29_1,PIGE,2.6788806415845465e-5,2.5196228405903763e-5,2.360365039596206e-5,2.201107238602036e-5,2.0418494376078656e-5,1.8825916366136953e-5,8.121225779019204,7.941137148619179,6.231311917837781,6.429465982720008,6.60640513581601,6.453400745201024,3.299e-6,3.173e-6,3.788e-6,3.423e-6,3.091e-6,2.917e-6
IND,IND.20_1,IND.20.2_1,PIGE,0.0015823656196320617,0.0012970948381558292,0.0011103473371279022,9.235998360999693e-4,7.368523350720355e-4,5.717237405827203e-4,11.997266463106325,11.731226416360341,9.205348001303634,9.49807562418064,9.759463033570636,9.533433799292299,1.319e-4,1.106e-4,1.206e-4,9.724e-5,7.55e-5,5.997e-5
IND,IND.20_1,IND.20.30_1,PIGE,9.753439252680412e-4,8.473799687396301e-4,7.194160122112189e-4,5.914520556828076e-4,4.6348809915439635e-4,3.3552414262598515e-4,3.470976253390275,3.3940071631774478,2.6632353640702298,2.7479255416904405,2.823548559126778,2.7581551541236724,2.81e-4,2.497e-4,2.701e-4,2.152e-4,1.642e-4,1.216e-4
IND,IND.20_1,IND.20.31_1,PIGE,3.291115737077545e-4,2.703937285142157e-4,2.1167588332067697e-4,1.5295803812713816e-4,1.0269889203254177e-4,6.287078848384027e-5,1.8821279982486614,1.8403917058877468,1.4441325663771225,1.4900555986421686,1.5310619864818882,1.4956025798273649,1.749e-4,1.469e-4,1.466e-4,1.027e-4,6.708e-5,4.204e-5
IND,IND.20_1,IND.20.32_1,PIGE,0,0,0,0,0,0,11.146768730181666,10.899588517658788,8.552772047442208,8.82474792821305,9.067605333307077,8.857599528359046,0,0,0,0,0,0
IND,IND.20_1,IND.20.34_1,PIGE,0.030721167719696053,0.021732137054412515,0.018918163461508864,0.016152080122899273,0.0134338870385838,0.01106961802871607,354.6343609252647,346.7703243759038,272.10637652968535,280.75928707254917,288.4857935370001,281.80446047707153,8.663e-5,6.267e-5,6.952e-5,5.753e-5,4.657e-5,3.9279999999999997e-05
IND,IND.20_1,IND.20.35_1,PIGE,0.00223931777897515,0.00157009688281032,9.266148260459292e-4,3.088716086819764e-4,0,0,0.9171435474263087,0.8968058385840147,0.7037124287579868,0.7260902971916577,0.7460723303187642,0.7287932897651872,0.002442,0.001751,0.001317,4.254e-4,0,0
IND,IND.20_1,IND.20.36_1,PIGE,0.0392499731017437,0.0321461524654489,0.026260785991700314,0.02229267334042868,0.018782643477544804,0.015906110141021914,100.42201425029049,98.19515053532422,77.05251783883828,79.50276745248212,81.69068669486363,79.79872980155943,3.909e-4,3.274e-4,3.408e-4,2.804e-4,2.299e-4,1.993e-4
IND,IND.20_1,IND.20.3_1,PIGE,0.31502591270626734,0.2432659765819755,0.209684462694379,0.1792574379483444,0.14980357054622215,0.12185711507757897,781.3100851923011,763.984490880724,599.489163072328,618.5527593233156,635.5753552393702,620.8554254259391,4.032e-4,3.184e-4,3.498e-4,2.898e-4,2.357e-4,1.963e-4
IND,IND.20_1,IND.20.4_1,PIGE,0,0,0,0,0,0,9.849749897848671,9.63133114960146,7.557586206352009,7.797915441548785,8.012514376802526,7.826944486020305,0,0,0,0,0,0
IND,IND.20_1,IND.20.5_1,PIGE,0.8763062433701346,0.7937016568200072,0.6989806397868826,0.6285008962431557,0.5411150507294444,0.45812346640035717,350.6812930464195,342.9049159957046,269.0732384719912,277.6296960297684,285.270076027397,278.66321900819435,0.002499,0.002315,0.002598,0.002264,0.001897,0.001644
IND,IND.20_1,IND.20.6_1,PIGE,0,0,0,0,0,0,11.032806205316142,10.788153118079324,8.465330070245116,8.734525319352608,8.974899794753131,8.767041050746942,0,0,0,0,0,0
IND,IND.20_1,IND.20.7_1,PIGE,0,0,0,0,0,0,13.841366715561382,13.534433643818732,10.620302368229092,10.95802516437395,11.259590441708031,10.998818245832844,0,0,0,0,0,0
IND,IND.20_1,IND.20.8_1,PIGE,1.9768023661758471,1.6841427280800396,1.3965419532014396,1.126219161322524,0.8790379538427084,0.6632824254946701,85.77603128676209,83.87394305329738,65.81484378908351,67.90773835099161,69.7765619429948,68.16053626491201,0.02305,0.02008,0.02122,0.01658,0.0126,0.009731
IND,IND.21_1,IND.21.1_1,PIGE,0.004575950788596912,0.004264167935384836,0.003939936578530941,0.003900494116160703,0.0036482973141329466,0.003301077421394471,6.461677068014075,6.318389021981393,4.9579615711654235,5.115623433034988,5.256405588229832,5.134667196878063,7.082e-4,6.749e-4,7.947e-4,7.625e-4,6.941e-4,6.429e-4
IND,IND.21_1,IND.21.2_1,PIGE,1.025824059093627,0.8888424830326149,0.7460435885558683,0.6138493717841064,0.5012920823127073,0.3886988856117271,16.302156842795288,16.350560400520955,15.325474983754194,14.881243207198395,12.87185836736462,13.561785059314738,0.06293,0.05436,0.04868,0.04125,0.03894,0.02866
IND,IND.21_1,IND.21.3_1,PIGE,2.0838303351868976,2.157913777023075,2.112395812198337,2.0361803067821214,1.91462114399825,1.802683682704826,15.590801057803473,15.24507418285404,11.96262080179004,12.343028967803004,12.682709603499989,12.388977957568974,0.1337,0.1415,0.1766,0.165,0.151,0.1455
IND,IND.21_1,IND.21.4_1,PIGE,0.02306027189165816,0.02170406608202953,0.020187504674919837,0.01894060906190092,0.01733183251325288,0.01577323462887704,3.58309331413696,3.503638021906882,2.7492613404232893,2.8366871212558866,2.9147528608028916,2.847247163514869,0.006436,0.006195,0.007343,0.006677,0.005946,0.00554
IND,IND.21_1,IND.21.5_1,PIGE,0.04146278378565755,0.04005536971296653,0.038106114995202375,0.0358338559194285,0.03323875621981453,0.031239392379058522,1.8168353897407925,1.776546964581379,1.3940343890067926,1.4383643125300496,1.4779481541720438,1.4437188642570673,0.02282,0.02255,0.02734,0.02491,0.02249,0.02164
IND,IND.21_1,IND.21.6_1,PIGE,0.2959620898750518,0.3032462841209031,0.2921894055196595,0.28049921398901634,0.2631170611958316,0.24513138913019356,24.809195230367546,24.259049955265574,19.035775893626703,19.641108513987348,20.18163258172047,19.71422582550429,0.01193,0.0125,0.01535,0.01428,0.01304,0.01243
IND,IND.21_1,IND.21.7_1,PIGE,1.3645571736109436,1.3259523651199525,1.2948146676086933,1.2480319402335365,1.1587676374362823,1.0581659842693223,8.020297808102777,7.8424472610347475,6.153871185967047,6.349562656132468,6.524302866583161,6.37319996511603,0.1701,0.1691,0.2104,0.1966,0.1776,0.166
IND,IND.21_1,IND.21.8_1,PIGE,0.0021206889120643736,0.002056946713423881,0.0018922189059372798,0.0018303196911373535,0.0016614816951044924,0.0014914209817048739,4.172106761224509,4.07959006325846,3.201203770356153,3.303001200492261,3.3938999215774808,3.315297174904563,5.083e-4,5.042e-4,5.911e-4,5.541e-4,4.895e-4,4.499e-4
IND,IND.21_1,IND.21.9_1,PIGE,0.18773740438139966,0.15707099645831055,0.12815247733744975,0.1033675531244862,0.08197350749613175,0.060361534810074856,6.0794114599300375,6.073634735979086,5.551434485369517,5.434715809253829,4.822824706721686,5.022154382914437,0.03088,0.02586,0.02308,0.01902,0.017,0.01202
IND,IND.22_1,IND.22.10_1,PIGE,11.328210353431103,11.371010996239178,11.383233906467353,11.272545379655071,10.68894299863352,9.845224732787734,32.05722401141511,31.34635329759292,24.597095003957783,25.379276095771885,26.077714757807655,25.473754695849244,0.3534,0.3628,0.4628,0.4442,0.4099,0.3865
IND,IND.22_1,IND.22.1_1,PIGE,0.5124645012318249,0.4246832423452158,0.34585194851593637,0.2759881157274406,0.21215463385087566,0.1589082851905463,6.376593192792422,6.235191886394214,4.892677809808337,5.0482636653963535,5.187192077174442,5.067056671238136,0.08037,0.06811,0.07069,0.05467,0.0409,0.03136
IND,IND.22_1,IND.22.2_1,PIGE,1.3516415300295397,1.3291304273471622,1.3054566056406665,1.277659649582709,1.215730380142709,1.1448605355064174,95.05939131888049,92.95144406373785,72.93784634802782,75.25725050050558,77.32833295178246,75.53740820264522,0.01422,0.0143,0.0179,0.01698,0.01572,0.01516
IND,IND.22_1,IND.22.3_1,PIGE,19.694015646637677,19.553908889872716,19.166948758321826,18.492193843184655,17.39519770172756,16.07102481938355,195.62908199000026,191.29099628709938,150.10367440211397,154.87693140300217,159.13915055933734,155.45348668409116,0.1007,0.1022,0.1277,0.1194,0.1093,0.1034
IND,IND.22_1,IND.22.4_1,PIGE,0.12210775757143674,0.10315310251237743,0.08836486197367822,0.07287599512171318,0.05846091620694624,0.04586039647509581,21.454617697401055,20.978860364454736,16.461851768220914,16.985334284643162,17.452771342628154,17.048565032399853,0.005691,0.004917,0.005368,0.004291,0.00335,0.00269
IND,IND.22_1,IND.22.5_1,PIGE,1.0285817022478352,1.008972299837427,0.9657207731828483,0.9275100783285337,0.8752355842270181,0.8071939243483406,17.160890084977414,16.78034639909282,13.16732988553095,13.586047480616221,13.959936033974007,13.636623814697199,0.05994,0.06013,0.07334,0.06827,0.0627,0.05919
IND,IND.22_1,IND.22.6_1,PIGE,1.1553825790805687,0.9692541832872427,0.8292208392190746,0.6885331007452001,0.5768536452333577,0.5087502890803128,2.0746614293795127,2.0286556975445538,1.5918609877550052,1.642481744605281,1.6876829058910203,1.6485961576128605,0.5569,0.4778,0.5209,0.4192,0.3418,0.3086
IND,IND.22_1,IND.22.7_1,PIGE,0.08784046271416976,0.06810058455893753,0.052208595650434175,0.03857637515843118,0.02586489105072837,0.01636375023521469,0.009081710799897775,0.009398975806007742,0.009002394548370284,0.008367864536150352,0.007614360146639181,0.008077388593993793,9.672,7.246,5.799,4.61,3.397,2.026
IND,IND.22_1,IND.22.8_1,PIGE,6.75962579750775,6.6807344209370765,6.4271118865657675,6.203825102936165,5.896399521159924,5.427475610700686,83.64484194427358,81.79001295224056,64.17960966182576,66.22050421256081,68.0428950556653,66.46702111520258,0.08081,0.08168,0.1001,0.09368,0.08666,0.08166
IND,IND.22_1,IND.22.9_1,PIGE,0.9039034218618344,0.6883091889626713,0.5202656614943769,0.3792548233972763,0.2603169709835433,0.17400071691504929,2.113032233076365,2.0689777033224632,1.6322919398928726,1.6792236468365407,1.7201209221531741,1.683737214069996,0.4278,0.3327,0.3187,0.2259,0.1513,0.1033
IND,IND.23_1,IND.23.1_1,PIGE,1.3409724314323606,1.3582109004566083,1.3185275980106406,1.2530403617078048,1.1749103533159497,1.0779864960207122,8.547096696338775,8.357564354815064,6.558077186377629,6.766622300059413,6.952840008079155,6.791812183322804,0.1569,0.1625,0.2011,0.1852,0.169,0.1587
IND,IND.23_1,IND.23.2_1,PIGE,1.8755717080186498,1.6994560381041741,1.5196519385046001,1.3590542890120823,1.2411701975605154,1.1356086310524776,2.9480953687065803,2.8827211910041664,2.2620355973113058,2.3339677288472704,2.3981986112262335,2.3426563140856795,0.6362,0.5895,0.6718,0.5823,0.5175,0.4848
IND,IND.23_1,IND.23.3_1,PIGE,0.6421829553186981,0.6877461730470424,0.7112594201761514,0.7043011704090231,0.6685799378204004,0.6176000956950151,8.982034045531101,8.782856944255949,6.891799011294339,7.1109563904218405,7.306650185957181,7.137428114928204,0.0715,0.07831,0.1032,0.09904,0.0915,0.08653
IND,IND.23_1,IND.23.4_1,PIGE,1.386961260609025,1.4343877012225372,1.3946507030356317,1.3337204272280718,1.2552458026883015,1.1559640215968907,10.04138692783886,9.862867608319556,7.877775762828588,8.04990582614376,8.187697027408376,8.052495278129019,0.1381,0.1454,0.177,0.1657,0.1533,0.1436
IND,IND.23_1,IND.23.5_1,PIGE,1.2138775845679541,1.2796514465979423,1.242170518936163,1.186599626319739,1.1229942087860223,1.0323816338620349,5.5303240133188325,5.412653438466672,4.26281740623957,4.389559713430726,4.500943508663283,4.402821895478845,0.2195,0.2364,0.2914,0.2703,0.2495,0.2345
IND,IND.23_1,IND.23.6_1,PIGE,2.068031238231731,2.1373561454731353,2.0926486406138793,2.0222255138370473,1.9128840405401266,1.7619565016797316,3.089366066213973,3.0208592029882126,2.3704307835765723,2.445809853262214,2.5131186352408674,2.454914789514912,0.6694,0.7075,0.8828,0.8268,0.7612,0.7177
IND,IND.23_1,IND.23.7_1,PIGE,0.26462695887987514,0.25047832892082594,0.2329374163255073,0.21553470108342446,0.19719716323073652,0.17918350702532185,2.8862917221279933,2.822288043703511,2.2146144554824554,2.2850386072962303,2.3479229583532697,2.293545045696025,0.09168,0.08875,0.1052,0.09432,0.08399,0.07813
IND,IND.23_1,IND.23.8_1,PIGE,2.1376214653277974,2.1246362685240925,2.0420528024624716,1.944958443233844,1.8276104788799696,1.674974139527422,7.483525676583567,7.31757808119211,5.742012844466438,5.924607328700153,6.087652752065637,5.9466626704014445,0.2856,0.2903,0.3556,0.3283,0.3002,0.2817
IND,IND.24_1,IND.24.10_1,PIGE,5.510115220094792,4.967950844644043,4.412696821578863,3.9120431583716675,3.428170364043319,2.9745339518368574,179.44919011166698,175.46989440521185,137.68905180274558,142.06752710044194,145.9772309537876,142.59639723157773,0.03071,0.02831,0.03205,0.02754,0.02348,0.02086
IND,IND.24_1,IND.24.11_1,PIGE,15.833899647690032,14.590646169413464,13.243623020910675,12.0318326444988,10.80769111717388,9.653550007922751,152.08535588204452,148.71285471166019,116.69313431535164,120.40394501032618,123.7174662447183,120.85216883378908,0.1041,0.09811,0.1135,0.09993,0.08736,0.07988
IND,IND.24_1,IND.24.1_1,PIGE,5.40212714866879,5.31775190610601,5.085837817625894,4.843103366999557,4.510445231744431,4.111458708486771,365.99595118859446,357.87997074734284,280.8239783720548,289.75410633941397,297.7281505787918,290.8327644630858,0.01476,0.01486,0.01811,0.01671,0.01515,0.01414
IND,IND.24_1,IND.24.2_1,PIGE,7.438111305960175,7.385974572909278,7.178355836292619,6.570193619836003,5.956972112166256,5.361364872470854,62.42468227939212,61.040411500478974,47.89765452153097,49.420787220858166,50.780849201075206,49.60476436716163,0.1192,0.121,0.1499,0.1329,0.1173,0.1081
IND,IND.24_1,IND.24.3_1,PIGE,4.059896760272658,3.6931681648031103,3.3107812190627306,2.941176234753181,2.567875957268643,2.2561266142828846,209.2043424880288,204.56522463346315,160.5197968977668,165.62428382905162,170.182270540795,166.24084792709502,0.01941,0.01805,0.02063,0.01776,0.01509,0.01357
IND,IND.24_1,IND.24.4_1,PIGE,5.376402205707869,4.383433950323333,3.5825655405544308,2.8991873333797793,2.3807615036586087,2.0348696085854847,73.96158977510079,72.3214874349815,56.74977501776517,58.554402799072584,60.16582223408559,58.77238135700883,0.07269,0.06061,0.06313,0.04951,0.03957,0.03462
IND,IND.24_1,IND.24.5_1,PIGE,5.278364208867928,4.9286460495340965,4.540689509789868,4.165208151896509,3.7896939499378823,3.437147610164523,155.5478914359606,152.09860834834066,119.34989323945335,123.14518816297628,126.5341485151993,123.60361672256154,0.03393,0.0324,0.03805,0.03382,0.02995,0.02781
IND,IND.24_1,IND.24.6_1,PIGE,32.78376862366852,30.030311044689167,27.43093609004333,24.593706328196454,21.832986312551427,19.306589400945967,206.94650857193844,202.357458309222,158.78739002069418,163.83678687315637,168.34558159937754,164.44669671481367,0.1584,0.1484,0.1728,0.1501,0.1297,0.1174
IND,IND.24_1,IND.24.7_1,PIGE,15.847868214804244,15.55762987921651,14.942069804868316,14.202900053424061,13.166481503424352,11.96529068015449,177.72178838805235,173.7807979102685,136.36363871362036,140.69996622691414,144.572034752004,141.22374538396681,0.08917,0.08952,0.1096,0.1009,0.09107,0.08473
IND,IND.24_1,IND.24.8_1,PIGE,12.356602410223003,11.970289926490405,11.336860950711591,10.813222034240928,10.152128979188113,9.289331717529851,165.86071353061155,162.18274304319257,127.26278877684355,131.30971167797324,134.92336003384358,131.79853404190044,0.0745,0.07381,0.08908,0.08235,0.07524,0.07048
IND,IND.24_1,IND.24.9_1,PIGE,25.245210609226913,24.4303283910096,22.927490740707526,21.94269719089555,19.970314633075574,18.06237486278133,184.30002086421007,180.2131577177775,141.4110317479191,145.90786501987048,149.92325512163748,146.45103145122707,0.137,0.1356,0.1621,0.1504,0.1332,0.1233
IND,IND.25_1,IND.25.1_1,PIGE,0,0,0,0,0,0,0.11308202763328952,0.11057442742200758,0.08676638301388025,0.08952553096153981,0.09198927704424374,0.0898588047241369,0,0,0,0,0,0
IND,IND.26_1,IND.26.10_1,PIGE,9.459298710941955,8.577081534434466,7.810198097960426,7.1090021493155175,6.460474278807483,5.536300410907597,703.2908563713422,687.6953427699372,539.626013887567,556.7859778851835,572.1087495815436,558.8587068131004,0.01345,0.01247,0.01447,0.01277,0.01129,0.009906
IND,IND.26_1,IND.26.11_1,PIGE,2.7247418773064234,2.4986426505554697,2.357609827956915,2.2108918483107067,2.009555599669326,1.7820190750034404,1359.8442152810708,1329.6895946670209,1043.3909480727493,1076.570503252789,1106.197765237788,1080.5782170129482,0.002004,0.001879,0.00226,0.002054,0.001817,0.001649
IND,IND.26_1,IND.26.12_1,PIGE,0,0,0,0.00107187558168547,0.0010169076031375,0.00205994629533498,20.82638279289009,20.364556603665342,15.97981521928093,16.487969101403742,16.941718650264594,16.549348324079006,0,0,0,6.501e-5,6.002e-5,1.245e-4
IND,IND.26_1,IND.26.13_1,PIGE,0.0013499066710506362,0.0011892494783098543,0.0010285922855690721,8.759174226353847e-4,7.148508796480849e-4,5.537843366607853e-4,26.374733907557754,25.78987272578295,20.23699355244538,20.8805245754926,21.455157421286877,20.95825582059703,5.118e-5,4.611e-5,5.083e-5,4.195e-5,3.332e-5,2.642e-5
IND,IND.26_1,IND.26.14_1,PIGE,0.0019245759076469398,0.0016904692146040593,0.0014563625215611754,0.0012222558285182913,9.881491354754074e-4,7.540424424325233e-4,8.077148961503287,7.898037736967206,6.197492343581286,6.394570954979581,6.570549795559387,6.418375814883464,2.383e-4,2.14e-4,2.35e-4,1.911e-4,1.504e-4,1.175e-4
IND,IND.26_1,IND.26.15_1,PIGE,4.317483355036426,3.8817869485990166,3.500816581767186,3.1506490083490877,2.722972077779064,2.2876729397980577,213.67587320819024,208.937598912824,163.95074481445985,169.16433497874854,173.819744035369,169.79407750928797,0.02021,0.01858,0.02135,0.01862,0.01567,0.01347
IND,IND.26_1,IND.26.16_1,PIGE,6.269310521274304,5.489062455558964,4.719461557582916,3.9399761980548007,3.130635692913209,2.3163570921975696,68.00331512772182,66.49533785714141,52.17806763882721,53.837316339046524,55.318921371811996,54.037734753679025,0.09219,0.08255,0.09045,0.07318,0.05659,0.04287
IND,IND.26_1,IND.26.17_1,PIGE,0,0,0,0,0,0,2.6102267726388275,2.5523448497236423,2.0027933761703522,2.0664816738900185,2.123351329666908,2.074174497550469,0,0,0,0,0,0
IND,IND.26_1,IND.26.18_1,PIGE,0.7403677825936656,0.6597860675050442,0.5914384918010217,0.5718544102661315,0.5145507521925248,0.49588019561374064,180.21256417247878,176.21634060404378,138.27477888537314,142.67188014881552,146.59821582148143,143.20300008525496,0.004108,0.003744,0.004277,0.004008,0.00351,0.003463
IND,IND.26_1,IND.26.19_1,PIGE,0.17745752147409632,0.1635140466348806,0.1583598955188739,0.1470907957415444,0.13084857770780908,0.11329387069680283,30.18338466781526,29.51406644497915,23.159322215513377,23.895782514312486,24.553395375475795,23.984738561411145,0.005879,0.00554,0.006838,0.006156,0.005329,0.004724
IND,IND.26_1,IND.26.1_1,PIGE,0.17758166580071827,0.1523328012829918,0.12708393676526533,0.10190201631412424,0.07670502732155628,0.051449893438660604,40.99734196607056,40.08822364260452,31.456732338710953,32.45704807687588,33.3502672982161,32.57787486694566,0.004332,0.0038,0.00404,0.00314,0.0023,0.0015790000000000001
IND,IND.26_1,IND.26.20_1,PIGE,2.438978253580378,2.105349190133247,1.771823259980326,1.4521503190309424,1.1221072543340493,0.7899311674092986,269.1567581570571,263.18819217227184,206.52051309835713,213.0878105939065,218.9519954022405,213.8810656088443,0.009062,0.007999,0.008579,0.006815,0.005125,0.003693
IND,IND.26_1,IND.26.21_1,PIGE,1.7630863442567901,1.5487161052024474,1.3260494414934927,1.1183525481243868,0.8970644961152894,0.6747250631548339,310.7440322362321,303.85326615077514,238.42989274760092,246.0119000456347,252.78215707205064,246.92772049027516,0.005674,0.005097,0.005562,0.004546,0.003549,0.002732
IND,IND.26_1,IND.26.22_1,PIGE,0.13361142095432618,0.11480200410093878,0.09598633658018692,0.07719927244077458,0.058731678237162,0.03989661874007444,69.06644159367555,67.534889434968,52.99379088033353,54.678979363098584,56.18374699491478,54.88253100911047,0.001935,0.0017,0.001811,0.001412,0.001045,7.269e-4
IND,IND.26_1,IND.26.23_1,PIGE,3.728844372939867,3.315605728811078,2.888931015216856,2.4978759947551206,2.058967878129762,1.6100876947836988,725.1339329076868,709.0540478771169,556.3859251185542,574.0788498443889,589.8775220474603,576.2159543804931,0.005142,0.004676,0.0051919999999999996,0.004351,0.003491,0.002794
IND,IND.26_1,IND.26.24_1,PIGE,0.3370585402684262,0.2990400291294425,0.2625769591439898,0.24587510576395044,0.21594836546182325,0.177266326779116,294.2541336441204,287.7290319711171,225.777405990439,232.95706756820428,239.36805509874378,233.82428921546148,0.001145,0.001039,0.001163,0.001055,9.022e-4,7.581e-4
IND,IND.26_1,IND.26.25_1,PIGE,0.2560023196264654,0.22282960819288042,0.1896568967592954,0.15648418532571037,0.12331147389212542,0.09013876245854041,19.154147540896833,18.729403260786857,14.69673065314386,15.164082786658982,15.581398932814869,15.220533621101003,0.01337,0.0119,0.0129,0.01032,0.007914,0.005922
IND,IND.26_1,IND.26.26_1,PIGE,0.007387785964746951,0.006877385362061497,0.006366984759376025,0.017508083110670643,0.018218108936723248,0.01701696791611014,175.899445092305,171.9988651778006,134.9653781792908,139.2572413787619,143.0896060601004,139.77564975126438,4.2e-5,3.999e-5,4.717e-5,1.257e-4,1.273e-4,1.217e-4
IND,IND.26_1,IND.26.27_1,PIGE,8.746932801003956,7.545909995523349,6.347262705711789,5.16303581389344,3.964497471220234,2.751820517223495,288.88221421194163,282.47623514918024,221.6556014143517,228.70419070073257,234.99813889500768,229.5555803025357,0.03028,0.02671,0.02864,0.02258,0.01687,0.01199
IND,IND.26_1,IND.26.28_1,PIGE,0.21487231187251746,0.1872514199985629,0.16023086523969163,0.13256298817432227,0.10489678687945769,0.07722139185438773,31.345687533515544,30.65059518040777,24.051142230896552,24.81596216945076,25.49889841039614,24.908343739220317,0.006855,0.006109,0.006662,0.005342,0.004114,0.0031
IND,IND.26_1,IND.26.29_1,PIGE,0.026312355539952873,0.023027010837625636,0.019644734104113985,0.016285384059034305,0.01294018567538819,0.00955129183604869,59.08229239193977,57.77213929346954,45.33308181951976,46.77466178769018,48.06190229340391,46.948788289490956,4.454e-4,3.986e-4,4.333e-4,3.482e-4,2.692e-4,2.034e-4
IND,IND.26_1,IND.26.2_1,PIGE,0.18212748506901305,0.15900305672701348,0.1358786283850139,0.11343468035065865,0.09073480474722412,0.06755191848357107,74.96608945284513,73.30371227686676,57.52051467994317,59.3496517779146,60.982956495654804,59.57059078318396,0.002429,0.002169,0.002362,0.001911,0.001488,0.001134
IND,IND.26_1,IND.26.30_1,PIGE,0.3792828572632716,0.3568492972669204,0.33886786728899376,0.3306721829840569,0.31326036093311216,0.28559926599032365,27.945596860892913,27.32590170632756,21.442296459759625,22.12415579531115,22.73301342048677,22.206516665634897,0.01357,0.01306,0.0158,0.01495,0.01378,0.01286
IND,IND.26_1,IND.26.3_1,PIGE,0.04169113170906895,0.035776802092038894,0.029762066683422635,0.023861901092693816,0.017935297298014217,0.01190986564287999,27.842824060396367,27.225407898360885,21.363440213918246,22.042791941784447,22.64941043055677,22.12484992155493,0.001497,0.001314,0.001393,0.001083,7.919e-4,5.383e-4
IND,IND.26_1,IND.26.4_1,PIGE,0.043123078207242656,0.03850122981239641,0.03387938141755016,0.030894421732674506,0.02772959892827754,0.022944783491831933,134.0723537513304,131.0992918985296,102.87198983453513,106.14329180384975,109.06435930915592,106.53842796058595,3.216e-4,2.937e-4,3.293e-4,2.911e-4,2.542e-4,2.154e-4
IND,IND.26_1,IND.26.5_1,PIGE,0.06123248389815597,0.056426923621680954,0.05301285386002615,0.05054447050852328,0.04613590302529159,0.04348931395948067,15.834913138317544,15.483773064493938,12.149924856373191,12.53628924160194,12.881288407526005,12.582957675060873,0.003867,0.003644,0.004363,0.004032,0.003582,0.003456
IND,IND.26_1,IND.26.6_1,PIGE,0,0,0,0,0,0,0.5474277533883958,0.5352885127080825,0.42003426288885176,0.433391240950402,0.4453181847026649,0.4350046123316924,0,0,0,0,0,0
IND,IND.26_1,IND.26.7_1,PIGE,0.13266432963371036,0.11744284006795735,0.1042130318735166,0.095084054657316,0.07966134563531792,0.06393497165540424,72.1943850281658,70.59347055095931,55.39382158161216,57.155330403588465,58.728247312039805,57.36810068053067,0.001838,0.001664,0.001881,0.001664,0.001356,0.001114
IND,IND.26_1,IND.26.8_1,PIGE,0.030722885512616552,0.02674978696624882,0.022776688419881095,0.018803589873513375,0.01483049132714565,0.010857392780777925,1.2257521745565296,1.1985710523549995,0.940503852677289,0.9704116255351863,0.9971173910899284,0.9740241451174385,0.02506,0.02232,0.02422,0.01938,0.01487,0.01115
IND,IND.26_1,IND.26.9_1,PIGE,0.09740367809591699,0.08631531182127525,0.07585369069077466,0.07763683728322855,0.15390133276012447,0.13880925765245147,57.80315244195549,56.52136434255693,44.35161421452946,45.76198377339227,47.02135534089397,45.932340411909365,0.001685,0.001527,0.00171,0.001697,0.003273,0.003022
IND,IND.28_1,IND.28.10_1,PIGE,1.7428526067472885e-5,1.4818269486028832e-5,1.2208012904584776e-5,9.597756323140723e-6,7.932139561064114e-6,5.273439911960191e-6,1.2380422544037994,1.2105885990025496,0.9499338726160671,0.9801415176048138,1.0071150501665114,0.9837902583376684,1.408e-5,1.224e-5,1.285e-5,9.792e-6,7.876e-6,5.36e-6
IND,IND.28_1,IND.28.11_1,PIGE,1.1519473817242901e-4,1.0128009387704186e-4,8.748085682492282e-5,7.368161977280379e-5,5.997390306607288e-5,4.644186489467822e-5,0.37374340196312894,0.3654556213728552,0.2867684975441408,0.2958876596431965,0.30403049950727434,0.2969891509449092,3.082e-4,2.771e-4,3.051e-4,2.49e-4,1.973e-4,1.564e-4
IND,IND.28_1,IND.28.12_1,PIGE,0.007354510076574637,0.005585186544647702,0.0038985756749033706,0.0025052724042987197,0.001680348497797584,0.0013090593120973618,15.382013394242543,15.040916397269442,11.802420717265134,12.177734563115402,12.512866290387404,12.223068216813607,4.781e-4,3.713e-4,3.303e-4,2.057e-4,1.343e-4,1.071e-4
IND,IND.28_1,IND.28.14_1,PIGE,9.221176891975256e-4,6.454223364184415e-4,5.492177724652339e-4,4.606561899870398e-4,3.7973758898385935e-4,3.134765085619433e-4,3.7009469590939554,3.6188782557747796,2.83968892393887,2.929990277923214,3.010623723958793,2.94089765678831,2.492e-4,1.783e-4,1.934e-4,1.572e-4,1.261e-4,1.066e-4
IND,IND.28_1,IND.28.15_1,PIGE,1.609041287200892e-5,1.3756676264117835e-5,1.1422939656226752e-5,9.089203048335672e-6,6.880321011553095e-6,4.540181605143628e-6,1.271500684992095,1.2433050870437548,0.9756060953752985,1.0066301102330837,1.0343326098907963,1.0103774591823467,1.265e-5,1.106e-5,1.171e-5,9.029e-6,6.652e-6,4.494e-6
IND,IND.28_1,IND.28.17_1,PIGE,0.0015236089622039906,0.0012667546248917685,0.0010100157125077312,7.533922250518871e-4,4.970635555916155e-4,2.410297041269161e-4,0.3359347298183818,0.32848535862209166,0.25775839048101257,0.2659550388762089,0.27327413185637933,0.26694510099073593,0.004535,0.003856,0.003918,0.002833,0.001819,9.029e-4
IND,IND.28_1,IND.28.18_1,PIGE,0.002791962120070403,0.0020485332791899155,0.0013870746606871622,8.284946242571951e-4,4.464023808974411e-4,2.6271999093318145e-4,1.1291806972838354,1.1041410529270261,0.8664058022564797,0.8939572767803617,0.9185590156934599,0.8972851822620018,0.002473,0.001855,0.001601,9.268e-4,4.86e-4,2.928e-4
IND,IND.28_1,IND.28.19_1,PIGE,0.01654233874290933,0.013903964373274262,0.01114333589975996,0.008636611296605801,0.009058663015606427,0.009094476269493269,13.018560755295434,12.729873451187038,9.988973954787008,10.306620674970866,10.590259275503529,10.344988794267296,0.001271,0.001092,0.001116,8.38e-4,8.554e-4,8.791e-4
IND,IND.28_1,IND.28.1_1,PIGE,1.4520078845056362e-5,1.317244782481053e-5,1.1824816804564695e-5,1.3932068094326544e-5,1.586465250369323e-5,1.4162546037733782e-5,3.2270620524815166,3.155501773151679,2.4760831399590337,2.5548219265321643,2.6251307249932854,2.5643326784604246,4.499e-6,4.174e-6,4.776e-6,5.453e-6,6.043e-6,5.523e-6
IND,IND.28_1,IND.28.20_1,PIGE,1.916058263131785e-6,1.536431639903621e-7,0,0,0,0,0.8833236148416999,0.8637358648732398,0.6777628301740652,0.6993155082611022,0.7185606981588597,0.7019188272046203,2.169e-6,1.779e-7,0,0,0,0
IND,IND.28_1,IND.28.21_1,PIGE,0.0031390809207917417,0.0024712430219873,0.0018054126752441591,0.0011412969637910825,4.839951500637115e-4,1.384503336178434e-4,0.20942927919130597,0.20478517335291593,0.16069238793242455,0.16580236321279707,0.1703652506760848,0.16641959024113118,0.01499,0.012070000000000001,0.01124,0.006883,0.002841,8.319e-4
IND,IND.28_1,IND.28.22_1,PIGE,1.5901408847950808e-4,1.351069102451854e-4,1.1119973201086272e-4,8.729255377654004e-5,6.338537554221736e-5,3.947819730789467e-5,0.8825632237007397,0.8629923354478468,0.677179391847412,0.6987135167505355,0.7179421398185847,0.7013145946799693,1.802e-4,1.566e-4,1.642e-4,1.249e-4,8.829e-5,5.629e-5
IND,IND.28_1,IND.28.2_1,PIGE,2.9856927027032216e-6,2.0941543158264024e-6,1.3197069963231704e-6,6.495750951124382e-7,1.8333342682666093e-7,0,0.8533916609466986,0.8344676537097943,0.6547964275514531,0.6756187801315345,0.6942118351525137,0.678133884041194,3.499e-6,2.51e-6,2.015e-6,9.615e-7,2.641e-7,0
IND,IND.28_1,IND.28.3_1,PIGE,4.0133372100536015e-5,3.514272459022804e-5,3.0152077079920058e-5,2.5161429569612075e-5,2.0170782059304098e-5,1.5180134548996118e-5,0.1213442686780741,0.11865345281508177,0.09310589412849828,0.09606663684677613,0.09871039441702127,0.0964242609700637,3.307e-4,2.962e-4,3.238e-4,2.619e-4,2.043e-4,1.574e-4
IND,IND.28_1,IND.28.4_1,PIGE,2.390557178276052e-5,2.0838598807140435e-5,1.777162583152035e-5,1.4704652855900266e-5,1.1637679880280183e-5,8.570706904660097e-6,0.06447504250918952,0.06304530487888495,0.049470869511908946,0.051044030030319425,0.05244876371558121,0.051234049969476586,3.708e-4,3.305e-4,3.592e-4,2.881e-4,2.219e-4,1.673e-4
IND,IND.28_1,IND.28.5_1,PIGE,4.6919599892732426e-4,3.279101242346837e-4,1.8892462458927002e-4,9.987843165568325e-5,6.79667240421567e-5,4.4360956288936075e-5,0.5348360510762206,0.5229760320904528,0.41037281191842956,0.42342255840375764,0.4350751636258803,0.42499881969695613,8.773e-4,6.27e-4,4.604e-4,2.359e-4,1.562e-4,1.044e-4
IND,IND.28_1,IND.28.6_1,PIGE,0.0013238922670498626,0.001166064778351375,0.0010082372896528871,8.505593555280575e-4,6.930309759768862e-4,5.360228606487044e-4,4.976916776615911,4.866553372087597,3.8187241271303387,3.9401585406907635,4.048591856478968,3.9548264398697057,2.66e-4,2.396e-4,2.64e-4,2.159e-4,1.712e-4,1.355e-4
IND,IND.28_1,IND.28.7_1,PIGE,1.8380808515361453e-4,1.6283329407858636e-4,1.4223643339422395e-4,1.2188684308243498e-4,1.0189756093877066e-4,8.231049125980552e-5,1.4766692007083029,1.443923979587068,1.1330292543829397,1.1690592839091078,1.2012318407232876,1.1734113026244715,1.245e-4,1.128e-4,1.255e-4,1.043e-4,8.483e-5,7.015e-5
IND,IND.28_1,IND.28.8_1,PIGE,3.301971458555425e-5,2.818185563599796e-5,2.334399668644167e-5,1.8506137736885383e-5,1.3668278787329095e-5,8.830419837772807e-6,0.20556303982197036,0.20100466805523007,0.15772587227150123,0.16274151314131954,0.16722016589198,0.16334734564332004,1.606e-4,1.402e-4,1.48e-4,1.137e-4,8.174e-5,5.406e-5
IND,IND.28_1,IND.28.9_1,PIGE,0.0021052976444454604,0.0017997044774972298,0.001501431915290289,0.0012057307413786487,9.208144354374516e-4,6.625108267940929e-4,0.0012924897295736846,0.0012638286984019674,9.917107188895438e-4,0.0010232468565001015,0.001051406649659265,0.0010270560640665773,1.629,1.424,1.514,1.178,0.8758,0.6451
IND,IND.29_1,IND.29.12_1,PIGE,0,0,0,0,0,0,0.03442471137731424,0.033661341500334244,0.026413637560448476,0.027253584223356803,0.028003603917725144,0.02735504024892651,0,0,0,0,0,0
IND,IND.29_1,IND.29.13_1,PIGE,1.6933024564943006e-4,1.446059209913488e-4,1.2161424238414863e-4,1.003552098278295e-4,7.909617727151041e-5,5.783714471519129e-5,1.2380699414556755,1.2106156720925203,0.9499551165342905,0.9801634370739978,1.007137572860337,0.9838122594057425,1.368e-4,1.194e-4,1.28e-4,1.024e-4,7.854e-5,5.879e-5
IND,IND.29_1,IND.29.14_1,PIGE,0,0,0,0,0,0,0.7095319634049533,0.6937980529102163,0.5444147349128478,0.5617269789678998,0.5771857272056043,0.5638181015987542,0,0,0,0,0,0
IND,IND.29_1,IND.29.16_1,PIGE,0,0,0,0,0,0,0.10264504147062413,0.1003688820042103,0.07875821798665708,0.08126270841222254,0.08349906129804385,0.08156522243588142,0,0,0,0,0,0
IND,IND.29_1,IND.29.19_1,PIGE,0,0,0,0,0,0,4.417094205326853e-4,4.3191448972506935e-4,3.389179480143638e-4,3.4969544879527375e-4,3.59319081102787e-4,3.509972485917268e-4,0,0,0,0,0,0
IND,IND.29_1,IND.29.1_1,PIGE,0,0,0,0,0,0,0.8426196425790365,0.8239345054446588,0.6465311966294178,0.6670907170601884,0.6854490794548361,0.6695740738287035,0,0,0,0,0,0
IND,IND.29_1,IND.29.20_1,PIGE,4.85730582269664e-4,3.974159309479069e-4,3.091012796261498e-4,2.2078662830439275e-4,1.3247197698263563e-4,4.415732566087855e-5,0.003260837139651383,0.0031885278958972614,0.0025019983292339483,0.0025815612119468208,0.002652605876579157,0.002591171505337316,0.149,0.1246,0.1235,0.08552,0.04994,0.01704
IND,IND.29_1,IND.29.22_1,PIGE,0,0,0,1.0993138133410001e-7,1.0429387459901797e-7,1.3656449169248332e-4,0.031457495212957626,0.03075992351838013,0.024136930822960225,0.024904478815969428,0.025589851038458532,0.024997189903760507,0,0,0,4.414e-6,4.076e-6,0.005463
IND,IND.29_1,IND.29.23_1,PIGE,0,0,0,3.3712215486320003e-6,3.1983383922918976e-6,3.0254552359517953e-6,2.644065231175632,2.585432938572599,2.028757189478731,2.093271129569496,2.150878032205233,2.1010636814593835,0,0,0,1.611e-6,1.487e-6,1.44e-6
IND,IND.29_1,IND.29.24_1,PIGE,0,0,0,0,0,0,0.4341176999020683,0.42449111591892796,0.3330929185754985,0.34368518496650957,0.35314341458045495,0.3449646105506134,0,0,0,0,0,0
IND,IND.29_1,IND.29.25_1,PIGE,0,0,0,0,0,0,0.03025654204574691,0.029585601554012745,0.02321545492914399,0.023953700233336095,0.024612906992372237,0.02404287188883085,0,0,0,0,0,0
IND,IND.29_1,IND.29.26_1,PIGE,0,0,0,0,0,0,0.01209725184732849,0.01182899461916254,0.009282065498546814,0.009577232717471454,0.0098407985331375,0.00961288556810231,0,0,0,0,0,0
IND,IND.29_1,IND.29.27_1,PIGE,4.2602101613606794e-5,3.185374373981071e-5,2.2336985503338957e-5,1.4051826904191521e-5,9.201444204287957e-6,7.785837403628271e-6,0.9895512766250831,0.9676079223868108,0.7592699465732818,0.7834145293257072,0.804974127543435,0.7863309209411201,4.305e-5,3.292e-5,2.942e-5,1.794e-5,1.143e-5,9.901e-6
IND,IND.29_1,IND.29.28_1,PIGE,0,0,0,0,0,0,0.05839801399660332,0.057103034809360485,0.04480804382205457,0.0462329277212772,0.0475052596844818,0.04640503752740802,0,0,0,0,0,0
IND,IND.29_1,IND.29.29_1,PIGE,0,0,0,0,0,0,0.2749447103997899,0.26884779625420024,0.21096153429040343,0.21767005508098844,0.2236603434352471,0.21848036826743275,0,0,0,0,0,0
IND,IND.29_1,IND.29.31_1,PIGE,2.954010793663278e-7,1.7724064761979665e-7,5.9080215873265554e-8,0,0,0,0.028950108899319205,0.028308138634795955,0.022213045606129644,0.022919414559939975,0.02355015773714803,0.023004735914026058,1.02e-5,6.261e-6,2.66e-6,0,0,0
IND,IND.29_1,IND.29.32_1,PIGE,0,0,0,0,0,0,0.004301643467164045,0.0042062542855860465,0.0033005956160555797,0.003405553680501312,0.00349927464981204,0.003418231423672863,0,0,0,0,0,0
IND,IND.29_1,IND.29.33_1,PIGE,0.002217258121378339,0.0015641803742280425,9.697904079456335e-4,4.7166336514329184e-4,2.3327553682006135e-4,1.0329105195595435e-4,4.503783365027905,4.4039117200452385,3.4556949556015497,3.5655851378736423,3.663710179095207,3.578858624911323,4.923e-4,3.552e-4,2.806e-4,1.323e-4,6.367e-5,2.886e-5
IND,IND.29_1,IND.29.3_1,PIGE,0,0,0,0,0,0,2.052920170185922,2.007396551974926,1.5751791996594424,1.6252694800764687,1.669996959175106,1.6313198175505021,0,0,0,0,0,0
IND,IND.29_1,IND.29.4_1,PIGE,7.42622564370188e-4,6.495048233293311e-4,5.563870822884742e-4,4.6326934124761733e-4,3.701516002067604e-4,2.7703385916590356e-4,1.1634648799165555,1.1376649819154427,0.8927116139215749,0.9210996062735154,0.9464483031464939,0.9245285536163842,6.383e-4,5.709e-4,6.233e-4,5.03e-4,3.911e-4,2.996e-4
IND,IND.29_1,IND.29.9_1,PIGE,0,0,0,0,0,0,0.006203052994516338,0.006065499951604122,0.004759522651317929,0.004910874208212058,0.005046021656802248,0.004929155758820398,0,0,0,0,0,0
IND,IND.2_1,IND.2.10_1,PIGE,2.379834247438702,1.98942983675812,1.6155806041140637,1.2749486890552215,0.9788817680568077,0.712473720608247,156.0452069408416,152.58489585442106,119.73147701963795,123.53890620607913,126.93870169411163,123.99880044693116,0.01525,0.01304,0.01349,0.01032,0.007711,0.005746
IND,IND.2_1,IND.2.11_1,PIGE,0.33342691943905745,0.2852769146599232,0.23818981601940176,0.1963647567933025,0.15433849157109822,0.11272740604108404,79.21723279025512,77.46058627586652,60.78236219701082,62.715225180165866,64.44115060840944,62.94869309533409,0.004209,0.003683,0.003919,0.003131,0.002395,0.001791
IND,IND.2_1,IND.2.12_1,PIGE,1.3401790308646417,1.1604318466316794,0.9813057878301288,0.8022086474510286,0.6241552249299639,0.45081635717702484,7.686915122017782,7.516457354435237,5.898070945765735,6.085628036195062,6.253104755673107,6.108282804411522,0.1743,0.1544,0.1664,0.1318,0.09982,0.0738
IND,IND.2_1,IND.2.13_1,PIGE,0.013237686484406945,0.010089871948213834,0.00840162001985849,0.009295229303052805,0.007874461327323657,0.006304068656839911,23.45978538971847,22.93956335239652,18.000391106787337,18.572798765769925,19.083922907816866,18.64193911556898,5.643e-4,4.398e-4,4.667e-4,5.005e-4,4.126e-4,3.382e-4
IND,IND.2_1,IND.2.1_1,PIGE,0,0,0,0.07401110272540176,0.120142671674623,0.13722380560429434,166.5505041173159,162.85723748552138,127.79205620773405,131.8558096726717,135.4844866665268,132.34666497772184,0,0,0,5.613e-4,8.868e-4,0.001037
IND,IND.2_1,IND.2.2_1,PIGE,0.18526052096363083,0.17844691989956746,0.16673835436501816,0.15295365044642323,0.13734745788424052,0.11656491463660126,259.70054111194014,253.9416672626475,199.26487958018464,205.60144985586783,211.25960972646675,206.36683564082702,7.134e-4,7.027e-4,8.368e-4,7.439e-4,6.501e-4,5.648e-4
IND,IND.2_1,IND.2.3_1,PIGE,1.8708616379970493,1.6879571266725584,1.5029825681651308,1.3460281698762089,1.1759484368571378,0.9903380683324953,154.6349643660541,151.20592548665448,118.64941605957718,122.42243599472208,125.79150617925575,122.8781739884771,0.0121,0.01116,0.01267,0.01099,0.009348,0.00806
IND,IND.2_1,IND.2.4_1,PIGE,0.4589010729584326,0.38182317119124043,0.31262929658321476,0.255137625766726,0.1986320906150321,0.14293369408251805,36.58272128064472,35.771497414814355,28.06945075852202,28.962051841592615,29.75908863104708,29.06986792362095,0.01254,0.01067,0.01114,0.008809,0.006675,0.004917
IND,IND.2_1,IND.2.5_1,PIGE,0.025207501400526647,0.020999526661835407,0.016540622384267085,0.014144013678424138,0.011649941289772632,0.008997052258473547,463.945423904347,453.6574084932814,355.9793469441754,367.2993956820961,377.40748929038807,368.6667291151835,5.433e-5,4.629e-5,4.647e-5,3.851e-5,3.087e-5,2.44e-5
IND,IND.2_1,IND.2.6_1,PIGE,0.028952766445995176,0.02495929011437686,0.021001563234146856,0.01833449751645479,0.014385144448431636,0.010458072293229374,62.850170475200905,61.45646447203472,48.22412613278603,49.75764054268908,51.12697273938173,49.94287168182346,4.607e-4,4.061e-4,4.355e-4,3.685e-4,2.814e-4,2.094e-4
IND,IND.2_1,IND.2.7_1,PIGE,0.01976990791675228,0.016940333889681837,0.01412940274462918,0.028861873186452225,0.026110083827646697,0.02539296317930146,12.891628451091375,12.605755877842533,9.891580432987778,10.206130065031582,10.48700316008299,10.244124091224956,0.001534,0.001344,0.001428,0.002828,0.00249,0.002479
IND,IND.2_1,IND.2.8_1,PIGE,0.2427364781266459,0.2034710996196324,0.17038818626986602,0.7972392246719793,0.796021632738846,0.8736582111327055,1595.354224909756,1559.9771568187382,1224.094744482477,1263.0206324204285,1297.7790091882457,1267.7224379711308,1.522e-4,1.304e-4,1.392e-4,6.312e-4,6.134e-4,6.892e-4
IND,IND.2_1,IND.2.9_1,PIGE,0.22697090994760782,0.21584494672749205,0.22641177693926767,0.2404072955071034,0.23048576989148356,0.21474391674194954,119.06228220970546,116.42206952274374,91.3549553092099,94.26001863782203,96.85405800491945,94.61091732266084,0.001906,0.001854,0.002478,0.00255,0.00238,0.00227
IND,IND.30_1,IND.30.3_1,PIGE,0,0,0,0,0,0,3.2270348914553184e-4,3.1554752144227375e-4,2.476062299653536e-4,2.5548004235104844e-4,2.625108630207615e-4,2.5643110953901496e-4,0,0,0,0,0,0
IND,IND.30_1,IND.30.4_1,PIGE,2.1848158633523203e-6,2.061131101585231e-6,1.9374463398181414e-6,1.813761578051052e-6,1.6900768162839628e-6,1.5663920545168732e-6,0.001434237729535715,0.0014024334286323454,0.001100472133179363,0.0011354668548935627,0.0011667149467589546,0.001139693820173414,0.001523,0.00147,0.001761,0.001597,0.001449,0.001374
IND,IND.31_1,IND.31.10_1,PIGE,4.562762817510959e-4,3.821487117346066e-4,3.105901480051074e-4,3.1960635920358203e-4,2.5097655310037646e-4,1.8825507805565343e-4,99.7009321239114,97.49005844494202,76.49924081267136,78.93189636375077,81.10410521163939,79.22573354971924,4.576e-6,3.92e-6,4.06e-6,4.049e-6,3.094e-6,2.376e-6
IND,IND.31_1,IND.31.11_1,PIGE,0.07761780861113976,0.07390701671924299,0.0709866361327464,0.2623704104318118,0.3301957334600829,0.34680114934868345,240.90167797255583,235.5596699521379,184.8407540713389,190.71864098473247,195.96722537823484,191.42862302444465,3.222e-4,3.138e-4,3.84e-4,0.001376,0.001685,0.001812
IND,IND.31_1,IND.31.12_1,PIGE,0.05522002768249777,0.05326760717136171,0.04669511371336938,0.04056037527041738,0.03375283500154379,0.026858685608472238,557.380072547952,545.0201386403455,427.6705491683544,441.2703591065367,453.4141364959067,442.9130618229852,9.907e-5,9.774e-5,1.092e-4,9.192e-5,7.444e-5,6.064e-5
IND,IND.31_1,IND.31.13_1,PIGE,3.615058158196654e-6,3.4196496091049433e-6,5.015216314101669e-6,4.727962880184909e-6,4.440709446268151e-6,4.153456012351392e-6,0.4083805195239576,0.39932465893784763,0.3133451116328586,0.3233094030051594,0.3322068903096191,0.32451297633296067,8.852e-6,8.564e-6,1.601e-5,1.462e-5,1.337e-5,1.28e-5
IND,IND.31_1,IND.31.14_1,PIGE,0.03741639338921061,0.036517859792860624,0.03716867015975774,0.037025756603002107,0.03489309752106551,0.057240554961264255,41.98615599382141,41.05511066465162,32.21543660372071,33.23987893611451,34.15464169304903,33.363619944990184,8.912e-4,8.895e-4,0.001154,0.001114,0.001022,0.001716
IND,IND.31_1,IND.31.15_1,PIGE,0.013333482108025405,0.013772346294410865,0.013072985747136069,0.012327225747503775,0.011057814297294806,0.00977244404743948,10.28337594849904,10.055341518618011,7.890301888790393,8.141211394369158,8.365257847553094,8.171518415443018,0.001297,0.00137,0.001657,0.001514,0.001322,0.001196
IND,IND.31_1,IND.31.16_1,PIGE,4.4341159898400893e-4,3.746676281891369e-4,3.064607834581831e-4,2.3950403579908484e-4,1.741985729555501e-4,1.1307592394759263e-4,5.015402455913228,4.9041856293199135,3.8482536930600304,3.9706271389783803,4.079898951772638,3.9854084626104735,8.841e-5,7.64e-5,7.964e-5,6.032e-5,4.27e-5,2.837e-5
IND,IND.31_1,IND.31.17_1,PIGE,0.013009944380030345,0.011248331285773483,0.009486718191516624,0.007725105097259763,0.005963492003002893,0.0042018789087460325,0.5920192419953046,0.5788911825911648,0.4542487376431685,0.46869372691965583,0.4815921964543664,0.470438517709484,0.02198,0.01943,0.02088,0.01648,0.01238,0.008932
IND,IND.31_1,IND.31.18_1,PIGE,0.10588867211810117,0.10122695341903588,0.1006239899723524,0.09709436396633343,0.09150623724971657,0.09537990154018702,34.22568395814158,33.46672752517929,26.260926385705478,27.096016873794245,27.841700308594195,27.196886328551276,0.003094,0.003025,0.003832,0.003583,0.003287,0.003507
IND,IND.31_1,IND.31.19_1,PIGE,2.420355935105128e-4,2.189224022226891e-4,2.085180663522287e-4,1.8542674343527394e-4,1.7585485913808744e-4,1.520702316765292e-4,9.763387521409207,9.546883863631622,7.491321467480901,7.729543501571585,7.942260838386576,7.758318020060992,2.479e-5,2.293e-5,2.783e-5,2.399e-5,2.214e-5,1.96e-5
IND,IND.31_1,IND.31.1_1,PIGE,2.511919160063884e-4,0.0018433191905438896,0.0017983419994398652,0.0017161979502546426,0.0015913085326620423,0.0016264569842507756,6.654301449714577,6.506741947373944,5.105759777743721,5.268121583349362,5.413100493552766,5.287733047063062,3.775e-5,2.833e-4,3.522e-4,3.258e-4,2.94e-4,3.076e-4
IND,IND.31_1,IND.31.20_1,PIGE,0.0043280900192931996,0.0034928865487367277,0.0028036331868747815,0.0022368827168725847,0.0016687886536949394,0.0011175669199029572,4.979046273324182,4.868635647088694,3.8203580625211675,3.9418444347932913,4.050324146452555,3.9565186099950043,8.693e-4,7.174e-4,7.339e-4,5.675e-4,4.12e-4,2.825e-4
IND,IND.31_1,IND.31.21_1,PIGE,4.6921697458923617e-5,4.3194711885167385e-5,4.085921623412797e-5,3.845235918841731e-5,3.5249425778001304e-5,3.134553016136262e-5,0.06538569955421382,0.06393576805361616,0.05016960493093681,0.05176498505019269,0.0531895594455507,0.05195768886499466,7.176e-4,6.756e-4,8.144e-4,7.428e-4,6.627e-4,6.033e-4
IND,IND.31_1,IND.31.22_1,PIGE,0.15439057903270417,0.13874612871999206,0.12409878026617154,0.11410513052673311,0.0976993507645895,0.07955200765997,740.8023683004634,724.3750348492763,568.4081137454378,586.4833408783112,602.623385155522,588.6666232070025,2.084e-4,1.915e-4,2.183e-4,1.946e-4,1.621e-4,1.351e-4
IND,IND.31_1,IND.31.23_1,PIGE,0.00907703194572072,0.009583272054638972,0.008720449833794258,0.00787722538646727,0.007105122016127822,0.006338508206911184,15.948831492397018,15.595165272776974,12.237332941895179,12.626476881041006,12.973958014298743,12.673481053072084,5.691e-4,6.145e-4,7.126e-4,6.239e-4,5.476e-4,5.001e-4
IND,IND.31_1,IND.31.25_1,PIGE,1.1499680895841751e-4,7.226173278601866e-5,5.4555574106788356e-5,4.436450804214073e-5,3.2190011854357734e-5,2.2155884080042918e-5,0.6506815955134592,0.6362526951785796,0.49925960577473216,0.5151359287096448,0.5293124894380439,0.5170536083633267,1.767e-4,1.136e-4,1.093e-4,8.612e-5,6.081e-5,4.285e-5
IND,IND.31_1,IND.31.26_1,PIGE,0.053941117758915545,0.052855296983124314,0.04933529365384887,0.047342101750490015,0.04415398234966242,0.04973544106397253,124.43677246507276,121.6773801597229,95.47873244481094,98.5149307916764,101.22606550619837,98.88166909866327,4.335e-4,4.344e-4,5.167e-4,4.806e-4,4.362e-4,5.03e-4
IND,IND.31_1,IND.31.27_1,PIGE,0.0022383927414866647,0.0018263969740457467,0.0014760461858378102,0.0011413058357178088,8.085084790647208e-4,5.100801409125071e-4,0.26667192228986925,0.26075845767774214,0.20461393054857996,0.21112059922514975,0.21693064630035255,0.21190653096674142,0.008394,0.007004,0.007214,0.005406,0.003727,0.002407
IND,IND.31_1,IND.31.28_1,PIGE,0.0017846523868801575,0.0017999374305909055,0.001718230069549375,0.0024591284419612108,0.0023234652091465064,0.0021130753032960426,53.84911350413095,52.65500643666488,41.317731075790235,42.631623956187,43.80484790016434,42.79032730671622,3.314e-5,3.418e-5,4.159e-5,5.768e-5,5.304e-5,4.938e-5
IND,IND.31_1,IND.31.29_1,PIGE,0.018412122975745203,0.019160968589234523,0.018750688040580877,0.01747645947474058,0.015838275246880744,0.014350026368792169,25.86047270121058,25.287015290102783,19.842407553830302,20.47339084686463,21.03681935666368,20.54960646856909,7.12e-4,7.577e-4,9.45e-4,8.536e-4,7.529e-4,6.983e-4
IND,IND.31_1,IND.31.30_1,PIGE,0.06393033178793184,0.053302171036215706,0.04424593755624329,0.036418835371280905,0.028261037042125844,0.028576756401368707,372.9865633785835,364.7155657257423,286.18778504825855,295.28848064409567,303.41483107888985,296.3877414017685,1.714e-4,1.461e-4,1.546e-4,1.233e-4,9.314e-5,9.642e-5
IND,IND.31_1,IND.31.31_1,PIGE,0.14847943460347476,0.1384450861411604,0.12830080234925115,0.11886650561584007,0.1056320555757837,0.09230764986173834,28.36396001645591,27.734987635798674,21.76330111942305,22.45536831794102,23.07334092457955,22.53896218227721,0.005235,0.004992,0.005895,0.005293,0.004578,0.004095
IND,IND.31_1,IND.31.32_1,PIGE,0.007239802675980863,0.005957845739146041,0.004743759616192526,0.0036057877948313015,0.0028522429010927855,0.004302335730022994,11.058152156641825,10.812937021533832,8.484777692175872,8.75459137049838,8.995518064404337,8.78718180112425,6.547e-4,5.51e-4,5.591e-4,4.119e-4,3.171e-4,4.896e-4
IND,IND.31_1,IND.31.3_1,PIGE,0.04399030898720497,0.04604915991462026,0.04860598242313451,0.055962510240876756,0.07634248920677125,0.07401477349825107,266.79624469652754,260.8800232281631,204.70932152961456,211.21902361405964,217.03177933226084,212.005321756901,1.649e-4,1.765e-4,2.374e-4,2.65e-4,3.518e-4,3.491e-4
IND,IND.31_1,IND.31.4_1,PIGE,7.36102781527798e-4,7.176941838891074e-4,8.528606272053922e-4,7.988331720808775e-4,7.453026756281404e-4,6.922691378471811e-4,26.461911991408876,25.87511763080752,20.303884173105033,20.949542300133082,21.526074516385076,21.027530475261045,2.782e-5,2.774e-5,4.2e-5,3.813e-5,3.462e-5,3.292e-5
IND,IND.31_1,IND.31.5_1,PIGE,0.06344714804480626,0.0585984199961109,0.053781665723889746,0.0735249037583538,0.10321899999153046,0.09528485851531164,115.57305480599268,113.01021592951068,88.67771607261926,91.49764390418235,94.01566261152085,91.8382591870542,5.49e-4,5.185e-4,6.065e-4,8.036e-4,0.001098,0.001038
IND,IND.31_1,IND.31.6_1,PIGE,0.11454268142542459,0.10784980150206099,0.09488127770397663,0.08173295791519175,0.0678365393839419,0.05398254035877939,137.68048925527725,134.62741679830359,105.64046572459132,108.99980449231636,111.99948333754774,109.40557449530142,8.319e-4,8.011e-4,8.982e-4,7.498e-4,6.057e-4,4.934e-4
IND,IND.31_1,IND.31.7_1,PIGE,0.01418842469495517,0.012789181316986711,0.01108643832465547,0.013136736744380078,0.011915311778979787,0.00999131261428793,403.1699788498754,394.2296622911293,309.3471308988827,319.1842875451092,327.9682515121897,320.3725044406642,3.519e-5,3.244e-5,3.584e-5,4.116e-5,3.633e-5,3.119e-5
IND,IND.31_1,IND.31.8_1,PIGE,0.0026261174517035555,0.0026672695776984367,0.0022106511341270473,0.001793929904169187,0.001521446983444686,0.001365583420474892,2.7155024721044807,2.6552860547364805,2.0835700641469126,2.1498270391020196,2.2089903625605984,2.1578301298244007,9.671e-4,0.001005,0.001061,8.345e-4,6.888e-4,6.329e-4
IND,IND.31_1,IND.31.9_1,PIGE,0.012176300989277829,0.011854778603678319,0.011319818628636968,0.010755051721128957,0.010015418623971569,0.009162464440479492,0.07019648466668425,0.06863987374039053,0.05386085837237406,0.055573619371222495,0.05710300753074482,0.05578050146429764,0.1735,0.1727,0.2102,0.1935,0.1754,0.1643
IND,IND.32_1,IND.32.10_1,PIGE,1.229276623338101,1.0699183758937176,0.913425463001661,0.7593529272601846,0.6114939308932886,0.4656442099345549,183.0440781069285,178.98506556053763,140.44736305004974,144.91355191321523,148.90157847974044,145.45301684772843,0.006716,0.005978,0.006504,0.00524,0.004107,0.003201
IND,IND.32_1,IND.32.1_1,PIGE,0.658764776087966,0.5538025658183087,0.4532179064876656,0.3536867844100127,0.2631339829952088,0.18202201165101958,206.90738009760105,202.31919751096515,158.75736724641112,163.80580938262068,168.31375160710138,164.4156039053883,0.003184,0.002737,0.002855,0.002159,0.001563,0.001107
IND,IND.32_1,IND.32.3_1,PIGE,0.05258164095975167,0.043566827967286705,0.03504026967266063,0.027450262977367444,0.021112191171683774,0.01614627443324365,264.37833510992107,258.51573092024483,202.8540906527438,209.3047968877764,215.06487301226133,210.0839690014652,1.989e-4,1.685e-4,1.727e-4,1.311e-4,9.817e-5,7.686e-5
IND,IND.32_1,IND.32.4_1,PIGE,7.25423763864438,6.080668665091769,4.972550935378822,3.9579797785371706,3.0252074560850652,2.1925340731073066,675.4551855520764,660.4769294891895,518.2680622634159,534.7488490688639,549.4651581258842,536.739541098942,0.01074,0.009206,0.009595,0.007402,0.005506,0.004085
IND,IND.32_1,IND.32.5_1,PIGE,0.047512835002320904,0.03528289660547786,0.026809107333268637,0.021542341637148257,0.02134591938951036,0.017666143268578814,693.8419509807708,678.4559673785149,532.3759905077342,549.3054056863946,564.4223117458442,551.3502869331384,6.848e-5,5.2e-5,5.036e-5,3.922e-5,3.782e-5,3.204e-5
IND,IND.32_1,IND.32.6_1,PIGE,0.0033801213887807214,0.0025991122264714984,0.001979263574985755,0.02714621351884779,0.02566872091834352,0.023922603273829484,368.1909169434454,360.02626301529386,282.508147318913,291.49183141171875,299.513697912453,292.5769585076155,9.18e-6,7.219e-6,7.006e-6,9.313e-5,8.57e-5,8.177e-5
IND,IND.32_1,IND.32.7_1,PIGE,0.006885575977881573,0.004746895619608762,0.00362949037418242,0.0026372783760349426,0.0017906702892338073,0.0010734445044559794,30.065421311427034,29.39871893253707,23.06881045182998,23.802392500570352,24.457435264935018,23.891000887722907,2.29e-4,1.615e-4,1.573e-4,1.108e-4,7.322e-5,4.493e-5
IND,IND.32_1,IND.32.8_1,PIGE,0.24767137888224164,0.22367841425399496,0.19989253695779877,0.17686726247473214,0.15423480656948466,0.13057943985187787,144.39422895526766,141.1922789494691,110.7918317060532,114.31498254455593,117.46093529583882,114.74053918683056,0.001715,0.001584,0.001804,0.001547,0.001313,0.001138
IND,IND.32_1,IND.32.9_1,PIGE,0.0026385212525681934,0.001954661499362382,0.001551314678004937,0.0015526273749005288,0.0013348022162116792,9.306937759824971e-4,275.35176552550024,269.24582491000547,211.27386244443755,217.9923151874132,223.99147215229377,218.80382804100327,9.582e-6,7.26e-6,7.343e-6,7.122e-6,5.959e-6,4.254e-6
IND,IND.33_1,IND.33.1_1,PIGE,7.448252480766458e-4,6.393424066427966e-4,5.354239450813321e-4,4.30386950499459e-4,3.242413758981982e-4,2.1758155922357812e-4,0.006266679606595591,0.006485602911629499,0.0062119487803371145,0.005774102170269302,0.005254159320813771,0.005573664201804192,0.1189,0.09858,0.08619,0.07454,0.06171,0.03904
IND,IND.33_1,IND.33.2_1,PIGE,7.900075664471363e-4,5.082567221342295e-4,3.0252725635365816e-4,1.7693138365640663e-4,9.341376614054995e-5,4.802629349030604e-5,4.910262725537369e-4,5.081800288001557e-4,4.8673783349213225e-4,4.5243032099929483e-4,4.116901499140501e-4,4.367249850459328e-4,1.609,1,0.6215,0.3911,0.2269,0.11
IND,IND.33_1,IND.33.3_1,PIGE,3.197298619937333e-5,3.3551826704937096e-5,3.274911284432122e-5,3.1603069981875664e-5,2.9404264602910256e-5,2.6836684240181393e-5,0.009259509105614211,0.009582985406247023,0.00917864003045601,0.00853168742919039,0.00776343121518746,0.008235524658692256,0.003453,0.003501,0.003568,0.003704,0.003788,0.003259
IND,IND.33_1,IND.33.4_1,PIGE,0.0051427125926461065,0.005546126603788447,0.006957590778538876,0.006708760896306241,0.006341289115255259,0.005865743206732043,0.2922878163534743,0.2858941566492447,0.22461317295559954,0.23159986526750287,0.23780688853054702,0.23240756392775172,0.01759,0.0194,0.03098,0.02897,0.02667,0.02524
IND,IND.33_1,IND.33.5_1,PIGE,8.216717083285665e-5,6.822633145270569e-5,6.072616643223791e-5,5.136329416370178e-5,4.5691822363617145e-5,4.045082356936985e-5,0.031734126449039446,0.032842742220184934,0.031456972506253074,0.02923974096396211,0.026606778507491585,0.02822473393699271,0.002589,0.002077,0.00193,0.001757,0.001717,0.001433
IND,IND.33_1,IND.33.6_1,PIGE,0.0032302736005419817,0.002455731347407078,0.0018120026295872808,0.0013520836340494156,0.0010575118591941801,8.461973926097925e-4,0.4025725662980807,0.4166362367364416,0.39905664868849045,0.3709293078117687,0.3375280905206615,0.35805313854604676,0.008024,0.005894,0.004541,0.003645,0.003133,0.002363
IND,IND.33_1,IND.33.7_1,PIGE,3.045822545242913e-5,2.8465805154809757e-5,2.5707765085168654e-5,2.2949725015527547e-5,2.019168494588644e-5,1.7433644876245324e-5,0.005893206364875427,0.0060990825697619065,0.005841737313653808,0.005429984903880854,0.004941028917275468,0.005241492371044474,0.005168,0.004667,0.004401,0.004226,0.004087,0.003326
IND,IND.33_1,IND.33.8_1,PIGE,1.5266116581237105e-5,1.4399854919475743e-5,1.360900705730113e-5,1.255457512182302e-5,1.1199840458827848e-5,9.879487703630088e-6,0.0245335431295395,0.02539061013843171,0.024319276377316446,0.022605142359532027,0.020569608213413026,0.021820443946203145,6.223e-4,5.671e-4,5.596e-4,5.554e-4,5.445e-4,4.528e-4
IND,IND.34_1,IND.34.10_1,PIGE,0.04246423766297393,0.03854709570683317,0.034629953750692416,0.03131121854155815,0.028299192815442655,0.02827710347389718,45.57836006915751,44.567657416124625,34.97168851384192,36.08377892532906,37.07680592021643,36.21810682757108,9.317e-4,8.649e-4,9.902e-4,8.677e-4,7.633e-4,7.807e-4
IND,IND.34_1,IND.34.11_1,PIGE,1.189129917203115e-4,8.539492033291925e-5,5.8510729218330225e-5,6.942899087182822e-5,5.161846057934918e-5,4.17956553171281e-5,3.6770149030405723,3.595476894386781,2.821326165635921,2.9110435887806347,2.991155621196503,2.921880435426469,3.234e-5,2.375e-5,2.074e-5,2.385e-5,1.726e-5,1.43e-5
IND,IND.34_1,IND.34.12_1,PIGE,0.006534138702865021,0.005114207989858586,0.003826112189046663,0.0027237709827832523,0.0019079507294241925,0.0014779533617881749,20.218684609252087,19.769531799371435,15.578504770389005,15.988868416230146,16.396129576566935,16.04020677576502,3.232e-4,2.587e-4,2.456e-4,1.704e-4,1.164e-4,9.214e-5
IND,IND.34_1,IND.34.13_1,PIGE,0,0,0,6.408148891323356e-4,6.13107189118568e-4,5.79980548548037e-4,7.386173174070517,7.222384375801642,5.66731552344033,5.847534652693858,6.008459033027767,5.869303078467925,0,0,0,1.096e-4,1.02e-4,9.882e-5
IND,IND.34_1,IND.34.14_1,PIGE,0.005443279809799364,0.00461830959322963,0.0037950591695181096,0.002973528538664814,0.002169765345274732,0.0014086468060521679,37.08519489433761,36.26282864835869,28.45499228914817,29.35985349055047,30.16783779680586,29.46915045575137,1.468e-4,1.274e-4,1.334e-4,1.013e-4,7.192e-5,4.78e-5
IND,IND.34_1,IND.34.15_1,PIGE,4.3168432818522436e-6,3.9782254494941884e-6,3.639607617136134e-6,8.714668535261684e-6,1.2192978882143444e-5,2.01368412011883e-5,0.7109774598860209,0.6952114954269432,0.5455238457410356,0.56287135922601,0.5783616008527821,0.5649667420037786,6.072e-6,5.722e-6,6.672e-6,1.548e-5,2.108e-5,3.564e-5
IND,IND.34_1,IND.34.16_1,PIGE,0.00235422403934829,0.00214828394655735,0.0019423438537664,0.00173640376097546,0.00153046366818451,0.00132452357539356,0.3277897296259454,0.3205209742589864,0.25150883676203567,0.2595067510079159,0.2666483868559697,0.2604728082923448,0.007182,0.006702,0.007723,0.006691,0.00574,0.005085
IND,IND.34_1,IND.34.17_1,PIGE,0.0066142512779704815,0.006019836203278132,0.005425421128585784,0.004831780926202485,0.004237404121279607,0.003642945309196488,3.3794054518674645,3.304466949238285,2.5929742677306624,2.6754301611381197,2.749058102891224,2.6853898973920307,0.001957,0.001822,0.002092,0.001806,0.001541,0.001357
IND,IND.34_1,IND.34.18_1,PIGE,0.0012264488860466924,0.0010730558815621218,9.196628770775509e-4,7.662698725929802e-4,6.143065772442183e-4,4.6377299103126523e-4,1.634933858537718,1.5986791098839692,1.2544636874771093,1.2943552997408383,1.3299760077680665,1.2991737538315207,7.502e-4,6.712e-4,7.331e-4,5.92e-4,4.619e-4,3.57e-4
IND,IND.34_1,IND.34.19_1,PIGE,0.003147598092729633,0.002873893910753146,0.002600189728776659,0.0024049441224082255,0.002148160408159245,0.0018693586590015497,92.90186114555287,90.84175724122127,71.2824012406053,73.54916267810579,75.57323848629267,73.82296173764033,3.388e-5,3.164e-5,3.648e-5,3.27e-5,2.842e-5,2.532e-5
IND,IND.34_1,IND.34.1_1,PIGE,0.010392894001739234,0.008988214469471754,0.007607205940396414,0.006239273204353266,0.00487670692259984,0.0035250652591652296,2.788161356506185,2.7263337243617043,2.1393202901138872,2.207350107455817,2.268096467985493,2.2155673374211657,0.003728,0.003297,0.003556,0.002827,0.00215,0.001591
IND,IND.34_1,IND.34.20_1,PIGE,0.002072220257728462,0.0015165680946752811,9.934072877750945e-4,5.069988575833388e-4,1.382995384340966e-4,8.894936752514967e-6,5.091651604258891,4.978743948587752,3.9067586822993134,4.030992571345292,4.141925643178479,4.045998615395792,4.07e-4,3.046e-4,2.543e-4,1.258e-4,3.339e-5,2.198e-6
IND,IND.34_1,IND.34.21_1,PIGE,9.820336082203648e-5,9.081170998716672e-5,8.342005915229696e-5,7.602840831742722e-5,6.863675748255746e-5,6.124510664768772e-5,0.07412257381662347,0.07247890164648803,0.05687329599893449,0.05868185171465438,0.060296778548765015,0.05890030472249535,0.001325,0.001253,0.001467,0.001296,0.001138,0.00104
IND,IND.34_1,IND.34.22_1,PIGE,0.06755817265849355,0.06124930608257005,0.05498444220999703,0.048763748220096194,0.042744128578830864,0.036931658268258324,217.07300138274258,212.2593955823923,166.55731749899206,171.8537959827328,176.58321911044547,172.49355048168536,3.112e-4,2.886e-4,3.301e-4,2.838e-4,2.421e-4,2.141e-4
IND,IND.34_1,IND.34.23_1,PIGE,9.4779611695553e-4,8.149672073990452e-4,6.821382978425604e-4,5.493093882860757e-4,4.175354421707907e-4,2.868164594967057e-4,8.44338600057116,8.256153449456782,6.478501305577275,6.6845159273730665,6.868474064833458,6.709400155931431,1.123e-4,9.871e-5,1.053e-4,8.218e-5,6.079e-5,4.275e-5
IND,IND.34_1,IND.34.24_1,PIGE,1.484479042925847e-4,1.0819599364411746e-4,6.794408299565019e-5,2.7692172347182937e-5,3.7831085114746526e-6,0,2.5432796262842623,2.486882260038753,1.9514256932249814,2.013480512262563,2.0688915740167655,2.020976030234146,5.837e-5,4.351e-5,3.482e-5,1.375e-5,1.829e-6,0
IND,IND.34_1,IND.34.25_1,PIGE,0,0,0,0.00801771742282004,0.00760655242677799,0.00719538743073594,1.2932332545921559,1.2645557357120694,0.9922812160576906,1.0238354953267566,1.0520114878492492,1.0276468941997172,0,0,0,0.007831,0.00723,0.007002
IND,IND.34_1,IND.34.26_1,PIGE,0.005360016146279039,0.0027747933459840567,0.0017967106775364566,8.939765285285113e-4,3.4076712833846405e-4,1.79851308323919e-4,6.63845894209576,6.491250748236975,5.093604025740296,5.255579281658981,5.400213027233636,5.275144054556875,8.074e-4,4.275e-4,3.527e-4,1.701e-4,6.31e-5,3.409e-5
IND,IND.34_1,IND.34.27_1,PIGE,0,0,0,0,0,0,0.25242588918584125,0.24682833114498148,0.19368313287363073,0.1998422050857231,0.20534187031697854,0.2005861511187629,0,0,0,0,0,0
IND,IND.34_1,IND.34.28_1,PIGE,0.0024541393387779507,0.002049898839705963,0.0016456583406339747,0.0012414178415619868,8.488936722753728e-4,5.5851216351939e-4,0.8669919352111924,0.8477663411409698,0.6652317427878728,0.6863859356224125,0.7052753031799116,0.6889411220692473,0.002831,0.002418,0.002474,0.001809,0.001204,8.107e-4
IND,IND.34_1,IND.34.29_1,PIGE,5.418217846358723e-6,4.584645869995843e-6,3.7510738936329623e-6,2.9175019172700816e-6,2.0839299409072013e-6,1.2503579645443208e-6,10.09733887401414,9.873429826539567,7.747558038177065,7.9939283271977555,8.213921544663402,8.02368706242024,5.366e-7,4.643e-7,4.842e-7,3.65e-7,2.537e-7,1.558e-7
IND,IND.34_1,IND.34.2_1,PIGE,6.609152787538664e-4,5.960872592953196e-4,5.312592398367727e-4,4.6643122037822593e-4,4.01603200919679e-4,3.3842393361253436e-4,22.490058266353465,21.99133998157583,17.256331977624118,17.8050787538102,18.29507521136576,17.871361137459726,2.939e-5,2.711e-5,3.079e-5,2.62e-5,2.195e-5,1.894e-5
IND,IND.34_1,IND.34.30_1,PIGE,2.023018490472919e-5,0,0,0,3.4404676261323443e-6,3.264033388894788e-6,5.103184133155654,4.990020743018984,3.9156074431529846,4.040122720445202,4.151307054335567,4.055162753002789,3.964e-6,0,0,0,8.288e-7,8.049e-7
IND,IND.34_1,IND.34.31_1,PIGE,0.10398325909713403,0.09418211437755085,0.0843809696579677,0.07467424459993052,0.06541423233881546,0.05669120125562864,69.67753471076485,68.13243152841898,53.46267475661544,55.16277362218079,56.68085529076222,55.36812627323912,0.001492,0.001382,0.001578,0.001354,0.001154,0.001024
IND,IND.34_1,IND.34.32_1,PIGE,0.004536628970564725,0.003737377890197686,0.0029381268098306475,0.0021480591985569924,0.0013687045611153173,9.237431478916411e-4,23.12080113859871,22.608096095776414,17.7402928578975,18.30442946160861,18.808168070001145,18.372570761786815,1.962e-4,1.653e-4,1.656e-4,1.174e-4,7.277e-5,5.028e-5
IND,IND.34_1,IND.34.33_1,PIGE,0.012113933406740475,0.010589977146612285,0.009318815766359742,0.008255984084289557,0.007216659484255844,0.006249669821920064,79.93806128185896,78.16543035583861,61.335444612482156,63.285895469633175,65.02752576636611,63.5214878004014,1.515e-4,1.355e-4,1.519e-4,1.305e-4,1.11e-4,9.839e-5
IND,IND.34_1,IND.34.34_1,PIGE,0,0,0,2.9930918795034327e-4,2.839599988246846e-4,2.68610809699026e-4,9.47262626752854,9.262570256622197,7.268224103135629,7.499351700261446,7.705734149780519,7.527269291269746,0,0,0,3.991e-5,3.685e-5,3.569e-5
IND,IND.34_1,IND.34.35_1,PIGE,7.553917727906614e-5,6.47409381607278e-5,5.394269904238947e-5,4.635198231738163e-5,3.84113120934963e-5,3.2018011691945566e-5,1.665305569212929,1.6283773261967238,1.277767509811971,1.3184001774399368,1.3546826014335935,1.3233081426094802,4.536e-5,3.976e-5,4.222e-5,3.516e-5,2.835e-5,2.42e-5
IND,IND.34_1,IND.34.36_1,PIGE,0.008701209784446851,0.006801792832004374,0.005472547277264673,0.004242916537238277,0.00309689552956203,0.0020856091309421304,1.6431231186793849,1.606686772729485,1.2607472012849479,1.300838627619804,1.336637757081601,1.3056812169828849,0.005296,0.004233,0.004341,0.003262,0.002317,0.001597
IND,IND.34_1,IND.34.37_1,PIGE,0,0,0,0,0,0,1.7855055628898309,1.7459118783720131,1.369995416473293,1.4135609070511426,1.4524621580128023,1.4188231239527715,0,0,0,0,0,0
IND,IND.34_1,IND.34.38_1,PIGE,0,0,0,0,0,0,0.06594803564259993,0.06448563430816959,0.05060107816721148,0.05221017902084609,0.05364700517153534,0.05240454014466474,0,0,0,0,0,0
IND,IND.34_1,IND.34.39_1,PIGE,0.0011705352527496108,8.903264445867225e-4,6.101176364238329e-4,3.2990882826094346e-4,1.5463874780281006e-4,1.1065040459969578e-4,48.57142295470062,47.49434896679473,37.26822710752392,38.453346836672765,39.51158443234152,38.59649585178685,2.41e-5,1.875e-5,1.637e-5,8.579e-6,3.914e-6,2.867e-6
IND,IND.34_1,IND.34.3_1,PIGE,3.1716799741604313e-4,2.21208721683673e-4,1.3645749468545556e-4,6.291431642139079e-5,1.3071363644679202e-5,0,12.67310533997567,12.392078528790636,9.723910464971851,10.03312823654083,10.309240314565399,10.070478234492226,2.503e-5,1.785e-5,1.403e-5,6.271e-6,1.268e-6,0
IND,IND.34_1,IND.34.40_1,PIGE,6.259528293925451e-5,5.4184526224081794e-5,4.577376950890907e-5,3.7363012793736354e-5,2.895225607856363e-5,2.054149936339091e-5,1.5580890239829852,1.523538313781662,1.1955016358835864,1.2335182705581489,1.2674647411837958,1.2381102486324012,4.017e-5,3.556e-5,3.829e-5,3.029e-5,2.284e-5,1.659e-5
IND,IND.34_1,IND.34.41_1,PIGE,0.009806345919506488,0.008253471457860253,0.00696490220573967,0.005746922760756068,0.0046285223991184244,0.003688093243331664,13.405631306167663,13.108360691205522,10.285968202000936,10.613059260408917,10.905131062692561,10.652568148593028,7.315e-4,6.296e-4,6.771e-4,5.415e-4,4.244e-4,3.462e-4
IND,IND.34_1,IND.34.42_1,PIGE,0,0,0,0,0,0,3.925925423929549,3.838867810721128,3.012312001702408,3.108102723736746,3.193637831186011,3.1196731559715802,0,0,0,0,0,0
IND,IND.34_1,IND.34.43_1,PIGE,0,0,0,0,0,0,1.0071591163959224,0.9848253073377846,0.7727802151949061,0.7973544209031912,0.81929764547754,0.8003227060965177,0,0,0,0,0,0
IND,IND.34_1,IND.34.44_1,PIGE,0.0034977407159788206,0.00301392622801969,0.002540211932870493,0.0020809401563459747,0.001648302420085333,0.001244731053794762,23.41382863749647,22.894625693694447,17.965129082849288,18.536415418830966,19.046538289759674,18.605420325535746,1.494e-4,1.316e-4,1.414e-4,1.123e-4,8.654e-5,6.69e-5
IND,IND.34_1,IND.34.45_1,PIGE,0,0,0,6.007566725303438e-4,5.699486380416083e-4,5.391406035528727e-4,16.76826439968494,16.396427210066815,12.866073255240877,13.275210969451651,13.64054528997197,13.32463016263086,0,0,0,4.525e-5,4.178e-5,4.046e-5
IND,IND.34_1,IND.34.46_1,PIGE,7.208009635875881e-4,6.581226189277979e-4,5.954442742680076e-4,5.327659296082174e-4,4.700875849484271e-4,4.074092402886368e-4,0.8328576382586375,0.8143889741094783,0.6390409364742528,0.6593622686203825,0.6775079438143575,0.661816854946959,8.655e-4,8.081e-4,9.318e-4,8.08e-4,6.938e-4,6.156e-4
IND,IND.34_1,IND.34.47_1,PIGE,0.04482047216239808,0.03859447742217826,0.032907632605207786,0.027360466196271877,0.02193753527486018,0.01670114608859033,10.114069340555387,9.889789294060796,7.7603951096224595,8.007173614107506,8.22753134238239,8.036981657125853,0.004431,0.003902,0.00424,0.003417,0.002666,0.002078
IND,IND.34_1,IND.34.48_1,PIGE,0,0,0,1.6375068889178089e-6,1.5535321766656136e-6,1.4695574644134185e-6,0.008459716953786263,0.008272122262881952,0.006491031835594287,0.006697444924918384,0.006881758868892442,0.006722377283832551,0,0,0,2.445e-4,2.257e-4,2.186e-4
IND,IND.34_1,IND.34.49_1,PIGE,0.0017833416499021637,0.0011518170109707962,6.169101635513538e-4,2.560988071084724e-4,8.442701312510748e-5,3.1889139184335856e-5,13.708352711886226,13.404369233024958,10.518242436773718,10.852719754190158,11.151387022553598,10.893120818646784,1.301e-4,8.593e-5,5.865e-5,2.36e-5,7.571e-6,2.927e-6
IND,IND.34_1,IND.34.4_1,PIGE,0.001479948923915519,0.0013037631036015374,0.0011393114706372354,9.748598376729395e-4,8.282880535280558e-4,7.093747940177987e-4,23.96064502610938,23.429316398674725,18.38469425342187,18.96932265045396,19.49135914517948,19.039939126734357,6.177e-5,5.565e-5,6.197e-5,5.139e-5,4.25e-5,3.726e-5
IND,IND.34_1,IND.34.50_1,PIGE,0.018863443612709717,0.01743176531934051,0.016004095422305086,0.014576425525269662,0.013159918431716619,0.011738329732966383,13.925378360556087,13.615937415290746,10.73698290690367,11.010072980673549,11.286744781454884,11.044482702332159,0.001355,0.00128,0.001491,0.001324,0.001166,0.001063
IND,IND.34_1,IND.34.51_1,PIGE,0,0,0,0,0,0,1.090784453023752,1.066596247505051,0.8369448586787034,0.863559483017235,0.8873246734675385,0.8667742276274089,0,0,0,0,0,0
IND,IND.34_1,IND.34.52_1,PIGE,6.464110444515878e-4,5.563765225213311e-4,4.663420005910746e-4,3.763074786608181e-4,2.8649003624227175e-4,2.0155458022127635e-4,3.854679180614741,3.769201456788642,2.957645677042937,3.051698024464308,3.1356808724029506,3.063058480772132,1.677e-4,1.476e-4,1.577e-4,1.233e-4,9.136e-5,6.58e-5
IND,IND.34_1,IND.34.53_1,PIGE,2.1618969366460404e-4,1.6067669580739597e-4,1.0598866713726122e-4,5.130063846712646e-5,1.1978312066029542e-5,0,3.828545119986169,3.743646920398585,2.9375933489969626,3.0310080377093724,3.1144214964104298,3.042291472080998,5.647e-5,4.292e-5,3.608e-5,1.693e-5,3.846e-6,0
IND,IND.34_1,IND.34.54_1,PIGE,3.0522466866851454e-4,2.7217472375615795e-4,2.3912477884380137e-4,2.0814302402469542e-4,1.792294592988401e-4,1.503158945729848e-4,36.84066414648934,36.02372038335586,28.267366996512997,29.166261763414735,29.968918417834367,29.274838051032184,8.285e-6,7.555e-6,8.459e-6,7.136e-6,5.981e-6,5.135e-6
IND,IND.34_1,IND.34.55_1,PIGE,0.004366039977004066,0.0038700028061228234,0.0033757037044651684,0.002891429211151138,0.0023984432279929584,0.001907482795877938,23.029795830068828,22.519108834991812,17.670465657046396,18.232381774306106,18.734137627550997,18.300254864917992,1.896e-4,1.719e-4,1.91e-4,1.586e-4,1.28e-4,1.042e-4
IND,IND.34_1,IND.34.56_1,PIGE,2.5554802682813355e-4,1.7793668757126095e-4,1.0093622228903003e-4,4.621379825941794e-5,2.671755289524039e-5,2.0780318918520303e-5,0.8722888503918949,0.8529457969348512,0.669295997568051,0.6905794326257418,0.7095842053833422,0.693150230066555,2.93e-4,2.086e-4,1.508e-4,6.692e-5,3.765e-5,2.998e-5
IND,IND.34_1,IND.34.57_1,PIGE,1.289584918371915e-4,1.171523727203937e-4,1.4261717864555743e-4,1.2889973003942827e-4,1.1898603343146066e-4,1.0507352062029757e-4,1.763053027650752,1.7239572293425087,1.352767875431103,1.3957855347768708,1.4341976068044433,1.4009815798821887,7.314e-5,6.796e-5,1.054e-4,9.235e-5,8.296e-5,7.5e-5
IND,IND.34_1,IND.34.58_1,PIGE,0.0023821161715837074,0.0021726457242332905,0.0019710457637831507,0.0017611717017198892,0.0015512976396566376,0.0013414235775933863,19.584159654411334,19.14987983192322,15.026673408174752,15.50451763371638,15.93120256006095,15.562235793816003,1.216e-4,1.135e-4,1.312e-4,1.136e-4,9.737e-5,8.62e-5
IND,IND.34_1,IND.34.59_1,PIGE,0.11976619681864786,0.10506874903648027,0.09037130125431268,0.07567385347214506,0.060976713503879974,0.04627924993638406,0.6215799874342407,0.60779641686657,0.4769303167995673,0.492096574272391,0.5056390910735087,0.4939284860757331,0.1927,0.1729,0.1895,0.1538,0.1206,0.0937
IND,IND.34_1,IND.34.5_1,PIGE,0,0,0,0,0,0,8.17820121467048,7.996849150836627,6.275028435621955,6.474572674165148,6.652753165158373,6.4986753538493875,0,0,0,0,0,0
IND,IND.34_1,IND.34.60_1,PIGE,3.808345913043839e-5,2.720247080745599e-5,1.6321482484473593e-5,5.440494161491199e-6,0,0,3.9881858603712894,3.899747618544481,3.0600836325086207,3.1573934797215917,3.2442850706864177,3.1691474050397046,9.549e-6,6.975e-6,5.334e-6,1.723e-6,0,0
IND,IND.34_1,IND.34.61_1,PIGE,2.8964515630585026e-4,2.0632672374115712e-4,1.23008291176464e-4,5.207278297752332e-5,1.1398245530464616e-5,0,3.6855355091941204,3.6038085556280564,2.8278639169700823,2.917789238871773,2.9980869118396587,2.928651197328315,7.859e-5,5.725e-5,4.35e-5,1.785e-5,3.802e-6,0
IND,IND.34_1,IND.34.62_1,PIGE,0.16825442766861382,0.1470507378976975,0.12584704812678113,0.10536836326527718,0.08435552972579237,0.06445649146137337,20.204882444422438,19.756838059766874,15.502946008434469,15.995935576237544,16.436144343411126,16.055483121820313,0.008327,0.007443,0.008118,0.006587,0.005132,0.004015
IND,IND.34_1,IND.34.63_1,PIGE,0.01860824688402843,0.018501128809602457,0.015737637023692904,0.020347096082408284,0.02057780639980303,0.019695133269149453,860.6971816362835,841.6111740744103,660.4018594625603,681.4024632894501,700.1546854951515,683.9390979270148,2.162e-5,2.198e-5,2.383e-5,2.986e-5,2.939e-5,2.88e-5
IND,IND.34_1,IND.34.64_1,PIGE,5.179841669115442e-5,4.702318563440783e-5,4.224795457766123e-5,3.747272352091463e-5,3.269749246416803e-5,2.792226140742143e-5,8.705488451895471,8.512443764440121,6.6796091399205935,6.892018937464322,7.081687565806709,6.917675630683668,5.95e-6,5.524e-6,6.325e-6,5.437e-6,4.617e-6,4.036e-6
IND,IND.34_1,IND.34.65_1,PIGE,0,0,0,0,0,0,7.517854284013619,7.3511454498555215,5.7683527427062185,5.951784828712019,6.115578177931422,5.973941343202677,0,0,0,0,0,0
IND,IND.34_1,IND.34.66_1,PIGE,0,0,0,0,0,0,10.366628298882656,10.136747743531641,7.954180344734033,8.207121168255236,8.432981460971645,8.237673549486125,0,0,0,0,0,0
IND,IND.34_1,IND.34.67_1,PIGE,0.0026961497916259394,0.002312708477616361,0.001930877052008492,0.0015493313229504484,0.0011690230452251666,7.907052211909638e-4,0.08576145838495988,0.08385969330639789,0.06580366218926736,0.06789620117926946,0.06976470726785962,0.06814895614413849,0.03144,0.02758,0.02934,0.02282,0.01676,0.0116
IND,IND.34_1,IND.34.68_1,PIGE,0.03211962238498556,0.02928183319740771,0.026444044009829852,0.023827167463449397,0.021001177272439928,0.018150873187879498,109.82750830389082,107.39207723857156,84.26923225906343,86.9489714755898,89.34181054135473,87.272653564558,2.925e-4,2.727e-4,3.138e-4,2.74e-4,2.351e-4,2.08e-4
IND,IND.34_1,IND.34.69_1,PIGE,0.04165730364740506,0.02974962964959099,0.023333719179522882,0.017619116310614857,0.015769346337735853,0.013328943166975043,20.352362309692328,19.89515901996128,16.092909529023967,15.980634348199338,16.180046882349902,15.980070793615534,0.002047,0.001495,0.00145,0.001103,9.746e-4,0.00083410000000000005
IND,IND.34_1,IND.34.6_1,PIGE,2.0938313603677098e-4,1.8541877331151876e-4,1.614544105862665e-4,1.374900478610143e-4,1.1352568513576206e-4,8.956132241050982e-5,4.375881355085086,4.278845944240315,3.3575573910812904,3.4643268248523067,3.5596652333740364,3.4772233608838063,4.785e-5,4.333e-5,4.809e-5,3.969e-5,3.189e-5,2.576e-5
IND,IND.34_1,IND.34.70_1,PIGE,0.009561715493992703,0.008708884984835312,0.007859881783846062,0.007014705891024997,0.006169529998203922,0.005340691457506348,70.34411337272431,68.78422877171671,53.97413197667885,55.690495046075625,57.223099628700844,55.89781222839845,1.359e-4,1.266e-4,1.456e-4,1.26e-4,1.078e-4,9.554e-5
IND,IND.34_1,IND.34.71_1,PIGE,0.029955275919029155,0.02204408595338848,0.01643475209039932,0.011119385069219974,0.006352076884579683,0.003063702058131555,1.6916026602199234,1.6540912777575538,1.2979449289670557,1.3392192331680466,1.3760745983824345,1.344204700754629,0.01771,0.01333,0.01266,0.008303,0.004616,0.002279
IND,IND.34_1,IND.34.72_1,PIGE,0.0012469420827726989,0.001055856148129222,8.64770213485745e-4,7.214129564421609e-4,5.679344353687365e-4,4.3599829967743537e-4,11.00233663824244,10.758359215339123,8.441951163956336,8.710402970049788,8.950113597462344,8.742828901964257,1.133e-4,9.814e-5,1.024e-4,8.282e-5,6.346e-5,4.987e-5
IND,IND.34_1,IND.34.73_1,PIGE,4.3497994291345353e-4,3.763141135744148e-4,3.17648284235376e-4,2.5898245489633723e-4,2.003166255572984e-4,1.4961074702680662e-4,5.357726520659445,5.238918639014763,4.110914537920003,4.24164052898144,4.358370640774977,4.2574307452861655,8.119e-5,7.183e-5,7.727e-5,6.106e-5,4.596e-5,3.514e-5
IND,IND.34_1,IND.34.74_1,PIGE,0.002541275544773284,0.0012356259306605406,5.797053493005003e-4,2.6487152161176807e-4,5.792803496351226e-5,0,0.0939831498784785,0.09189906833674608,0.07211206015558215,0.07440520452634553,0.0764528386393822,0.0746821903448374,0.02704,0.01345,0.008039,0.00356,7.577e-4,0
IND,IND.34_1,IND.34.75_1,PIGE,8.947518840280916e-4,6.637015595481783e-4,4.3265123506826497e-4,2.1552314351048498e-4,9.957880458348371e-5,7.914900961899825e-5,175.11235556931862,171.22922940847823,134.36145452805317,138.6341131157268,142.4493292831097,139.15020178904882,5.11e-6,3.876e-6,3.22e-6,1.555e-6,6.99e-7,5.688e-7
IND,IND.34_1,IND.34.7_1,PIGE,2.062768319855897e-4,1.8200896939904972e-4,1.5774110681250974e-4,1.3347324422596977e-4,1.092053816394298e-4,8.493751905288985e-5,2.5562070498916354,2.4995230173133085,1.9613447388202498,2.0237149808747454,2.079407695601915,2.031248598367503,8.07e-5,7.282e-5,8.042e-5,6.595e-5,5.252e-5,4.182e-5
IND,IND.34_1,IND.34.8_1,PIGE,0.019808450612125248,0.016594772867952294,0.01340934761910616,0.010692877440243762,0.008731437772082663,0.007353088185420955,100.40899026171662,98.18241535441663,77.04252470018822,79.49245653467567,81.68009202019942,79.7883804996369,1.973e-4,1.69e-4,1.741e-4,1.345e-4,1.069e-4,9.216e-5
IND,IND.34_1,IND.34.9_1,PIGE,1.8363699777546226e-5,1.1222949005015453e-5,7.4396923415384675e-6,3.6564356780614805e-6,8.82403673161494e-7,0,100.06484702383385,97.84590351185005,76.77846802721623,79.22000292959716,81.40014048134692,79.51491264044425,1.835e-7,1.147e-7,9.69e-8,4.616e-8,1.084e-8,0
IND,IND.35_1,IND.35.11_1,PIGE,0.11926004113861309,0.11992679087046301,0.2756430070184301,0.25583053327417576,0.23534069685284223,0.7686267451749408,31.210374983038225,30.51828319321418,23.94731865409111,24.708837030462924,25.388825183430434,24.800819808985384,0.003821,0.00393,0.01151,0.01035,0.009269,0.03099
IND,IND.35_1,IND.35.12_1,PIGE,0.18286560301181146,0.16861658894095563,0.14612829325601984,0.12430654300433065,0.09930474942518219,0.07572363200530655,6.0446854085591735,5.910644175616392,4.638009242797317,4.785496705556288,4.917193760412874,4.803311517440978,0.03025,0.02853,0.03151,0.02598,0.0202,0.01576
IND,IND.35_1,IND.35.13_1,PIGE,0.014110312279080633,0.013522733700620444,0.012131200209512787,0.011096023299928998,0.00983658593599424,0.008419066424107861,3.771831370833439,3.6881908017671177,2.894077619891922,2.9861085199700645,3.0682863422023132,2.997224808377237,0.003741,0.003666,0.004192,0.003716,0.003206,0.002809
IND,IND.35_1,IND.35.1_1,PIGE,0.0010011682312552259,9.211766550269195e-4,8.779344243905193e-4,7.960582663369872e-4,7.501334393492993e-4,6.744872692233555e-4,0.6041897412816905,0.5907918003833763,0.4635870049580874,0.47832894865634124,0.49149257986677475,0.48010960817062326,0.001657,0.001559,0.001894,0.001664,0.001526,0.001405
IND,IND.35_1,IND.35.2_1,PIGE,1.745300583170823e-6,1.593535315069012e-6,1.8198317649168966e-6,1.6486787164074096e-6,1.4775256678979221e-6,1.3063726193884347e-6,0.002869518209846265,0.0028058864849834753,0.002201744355594929,0.0022717592416486554,0.002334278144048272,0.0022802162453887873,6.082e-4,5.679e-4,8.265e-4,7.257e-4,6.33e-4,5.729e-4
IND,IND.35_1,IND.35.3_1,PIGE,0.004735862479304159,0.004428951566513193,0.004122040653722227,0.0038151297409312504,0.0035584537544440945,0.0032489666915862586,0.7905412162231141,0.773010921070849,0.6065720909914154,0.6258609224700631,0.6430846393192322,0.6281907944323272,0.005991,0.005729,0.006796,0.006096,0.005533,0.005172
IND,IND.35_1,IND.35.4_1,PIGE,0.0015176250223804082,0.0014390943601488638,0.001274554983092829,0.00111703771484894,0.0010654204890481673,9.364424013600626e-4,0.41654266788483546,0.407087822547875,0.33725872645944266,0.3248825467919449,0.32492483337691375,0.323868820681447,0.003643,0.003535,0.003779,0.003438,0.003279,0.002891
IND,IND.35_1,IND.35.5_1,PIGE,0.040843597749628625,0.0385747985163559,0.03667680128586886,0.03603644787310105,0.03286284730434981,0.030362819881654613,43.12708996225127,42.17074435928757,33.09086053951499,34.1431411206853,35.08276168795604,34.27024467411815,9.471e-4,9.147e-4,0.001108,0.001055,0.00093669999999999995,8.86e-4
IND,IND.35_1,IND.35.6_1,PIGE,0.002878974557779359,0.0026023404431344483,0.002302535240512803,0.0026121787523419645,0.015255234422385156,0.014512669570300665,3.848108611864828,3.762776590763824,2.952604164287057,3.046496192941063,3.1303358862745263,3.05783728456101,7.482e-4,6.916e-4,7.798e-4,8.574e-4,0.004873,0.004746
IND,IND.35_1,IND.35.7_1,PIGE,0.00439430013388058,0.002776298486317619,0.0012690770522078899,3.863491644437986e-4,1.1111500974186386e-4,9.007622692668096e-5,21.891366976866927,21.40592470451523,16.796963863894167,17.33110285600314,17.808055478476394,17.39562078509824,2.007e-4,1.297e-4,7.555e-5,2.229e-5,6.24e-6,5.178e-6
IND,IND.35_1,IND.35.8_1,PIGE,0.0034162053916861356,0.004059739666682676,0.003961476708826654,0.005359583955887494,0.005593353072445381,0.005260989743323072,0.4664267882067594,0.45608374840517635,0.35788326580702307,0.36926385865938605,0.37942601436496953,0.3706385051344727,0.007324,0.008901,0.01107,0.01451,0.01474,0.01419
IND,IND.35_1,IND.35.9_1,PIGE,1.589957877684644e-4,1.4518444763949665e-4,1.3160465260736733e-4,1.177814383708694e-4,1.0402603961587201e-4,9.019934766237406e-5,0.022018849845346963,0.021486553302884993,0.02045974583537683,0.016444650943920943,0.015099973038913344,0.01605685650487043,0.007221,0.006757,0.006432,0.007162,0.006889,0.005617
IND,IND.36_1,IND.36.10_1,PIGE,0.00365632212809341,0.0030520263456507036,0.003146025918562539,0.002601418142517964,0.0021478908291182584,0.001900328536712475,0.1772357717305014,0.1750870884169988,0.142977746408473,0.14436151339799436,0.144955113460449,0.14379416119405916,0.02063,0.01743,0.022,0.01802,0.01482,0.01322
IND,IND.36_1,IND.36.12_1,PIGE,3.610568568145095e-5,2.826129127267087e-5,2.2460030428416516e-5,1.9234282472480356e-5,1.611957762666231e-5,1.3167756707393912e-5,1.030512426212681,1.0076607562189352,0.7906989089662423,0.8158429243799291,0.838294953286703,0.8188800361197427,3.504e-5,2.805e-5,2.841e-5,2.358e-5,1.923e-5,1.608e-5
IND,IND.36_1,IND.36.13_1,PIGE,8.658156756874976e-6,7.83640967807686e-6,7.014662599278746e-6,6.192915520480631e-6,5.371168441682514e-6,4.5494213628844e-6,1.2540438079431473,1.2262353172079732,0.9622116585053913,0.9928097338262739,1.0201318961894956,0.9965056341128353,6.904e-6,6.391e-6,7.29e-6,6.238e-6,5.265e-6,4.565e-6
IND,IND.36_1,IND.36.14_1,PIGE,7.766330576663264e-5,1.975148655790356e-4,2.525753220103264e-4,3.2775838026927884e-4,3.407448220989206e-4,3.4327781484853263e-4,3.7639468847517956,3.6804811546000042,2.8880279552940613,2.9798664776438786,3.061872518629325,2.990959529004479,2.063e-5,5.367e-5,8.746e-5,1.1e-4,1.113e-4,1.148e-4
IND,IND.36_1,IND.36.15_1,PIGE,6.7028272329073604e-6,6.1189391579455815e-6,5.687194929988848e-6,5.336160862215436e-6,4.922814980892569e-6,4.563747192780917e-6,0.44804691549099745,0.4386315032874074,0.3458202335960604,0.3558939351122258,0.3647017052423698,0.35689631464011007,1.496e-5,1.395e-5,1.645e-5,1.499e-5,1.35e-5,1.279e-5
IND,IND.36_1,IND.36.16_1,PIGE,0.0024772861171424186,0.0021970981650458903,0.001925613590638134,0.001715292579658721,0.0014794533247907428,0.0012090868036223718,48.735903039399304,47.65518169652663,37.394430557584094,38.58356352294408,39.64538468686714,38.7271972914522,5.083e-5,4.61e-5,5.149e-5,4.446e-5,3.732e-5,3.122e-5
IND,IND.36_1,IND.36.17_1,PIGE,4.6504015209710174e-5,3.9142428814993495e-5,3.1780842420276824e-5,2.5967326121777336e-5,1.8860283201231714e-5,1.140218389469706e-5,0.22950080386805705,0.22441161086087844,0.17609301024371796,0.18169272122548633,0.18669291195730583,0.1823691027692645,2.026e-4,1.744e-4,1.805e-4,1.429e-4,1.01e-4,6.252e-5
IND,IND.36_1,IND.36.18_1,PIGE,3.2641797610605223e-4,2.857208283329421e-4,2.465111979289349e-4,8.715645236349294e-4,9.99998485462358e-4,9.207324850356744e-4,14.331227875365881,14.013432105336571,10.996166525467714,11.345841702039422,11.658079705524566,11.38807849542403,2.278e-5,2.039e-5,2.242e-5,7.682e-5,8.578e-5,8.085e-5
IND,IND.36_1,IND.36.19_1,PIGE,0,0,0,0,0,0,0.04142611256615249,0.04050748623093728,0.031785722496478944,0.032796500034330274,0.033699060986699204,0.032918590491086724,0,0,0,0,0,0
IND,IND.36_1,IND.36.1_1,PIGE,0.2545829571139956,0.22960429257965567,0.20309853495808494,0.17908170031633494,0.1507656088454374,0.12232738835154777,8.848746828070219,8.652525378207242,6.789529446420876,7.005434680532912,7.198224514521341,7.0315135828251805,0.02877,0.02654,0.02991,0.02556,0.02094,0.0174
IND,IND.36_1,IND.36.20_1,PIGE,7.209795458880956e-4,4.1613938602986036e-4,2.5042453402332297e-4,8.470968201678562e-5,1.38623622330756e-6,4.365129233927248e-7,0.3394787700661196,0.3331608737093765,0.26522346499583366,0.27150918041380395,0.27668585437570553,0.2717695338677758,0.002124,0.001249,9.442e-4,3.12e-4,5.01e-6,1.606e-6
IND,IND.36_1,IND.36.2_1,PIGE,1.1629979956958409e-4,1.0532263223722657e-4,9.543092552893732e-5,8.86477887822343e-5,1.041248302500893e-4,9.324366162977208e-5,2.065267610253891,2.0194701868771117,1.584653231356615,1.6350447834667245,1.6800412792936217,1.6411315111425966,5.631e-5,5.215e-5,6.022e-5,5.422e-5,6.198e-5,5.682e-5
IND,IND.36_1,IND.36.3_1,PIGE,9.00908929779258e-5,9.818677875931146e-5,1.0141577627614398e-4,9.793469417913189e-5,1.0611332145442607e-4,9.698487176831558e-5,3.132929303904357,3.0634564234756616,2.4038562946491724,2.4802982867141035,2.5485561917183683,2.4895316119286894,2.876e-5,3.205e-5,4.219e-5,3.949e-5,4.164e-5,3.896e-5
IND,IND.36_1,IND.36.4_1,PIGE,6.974959402537291e-4,6.938134027985066e-4,6.733140312118325e-4,6.807052695323254e-4,7.067317229138468e-4,6.429374899215356e-4,17.769615904734682,17.37557369016093,13.63439736506692,14.067967582018126,14.455118595249123,14.120337944280122,3.925e-5,3.993e-5,4.938e-5,4.839e-5,4.889e-5,4.553e-5
IND,IND.36_1,IND.36.5_1,PIGE,0,0,0,0,0,0,0.01867233418640656,0.01932464280427229,0.018509257031940125,0.017204639796208666,0.01565540682877755,0.016607410487263965,0,0,0,0,0,0
IND,IND.36_1,IND.36.6_1,PIGE,0.01499270626634008,0.013531207572868234,0.012272589801162765,0.010844901691489571,0.009431054073747676,0.008116848533801279,4.362615296984704,4.265874061711344,3.347378515602024,3.453824263834788,3.5488736414701614,3.466681702326294,0.003437,0.003172,0.003666,0.00314,0.002657,0.002341
IND,IND.36_1,IND.36.7_1,PIGE,1.1399613076425884e-6,9.879664666235766e-7,8.359716256045647e-7,6.839767845855529e-7,5.319819435665411e-7,3.799871025475295e-7,0.013325709344088216,0.013030211003051392,0.010224645110099065,0.010549786110462813,0.010840116633207027,0.010589059453763499,8.555e-5,7.582e-5,8.176e-5,6.483e-5,4.908e-5,3.588e-5
IND,IND.36_1,IND.36.8_1,PIGE,0,0,0,3.477590389350761e-5,3.454657376214294e-5,3.268349922629733e-5,0.11229338920096665,0.10980327709049885,0.08616127090446271,0.08890117644767011,0.09134774026994796,0.08923212594616292,0,0,0,3.912e-4,3.782e-4,3.663e-4
IND,IND.36_1,IND.36.9_1,PIGE,0.015225712089657594,0.014226566674502209,0.013354960078876498,0.01225042861672388,0.01105209364810047,0.009799660003807607,5.389825458035694,5.27030578068102,4.135543639051421,4.26705282899103,4.384482288265992,4.282937646832875,0.002825,0.002699,0.003229,0.002871,0.002521,0.002288
IND,IND.3_1,IND.3.11_1,PIGE,0.4840339852146505,0.43785561812044194,0.3808810213385461,0.3223706204247246,0.26021115774045966,0.19710875658970922,17.94567557190253,17.547729224480896,13.769485679580702,14.207351669074182,14.598338537784475,14.26024091191293,0.02697,0.02495,0.02766,0.02269,0.01782,0.01382
IND,IND.3_1,IND.3.1_1,PIGE,0.06153355471940976,0.06298482450028971,0.05878637561413959,0.05955397795765095,0.0573778806054664,0.054319311599021175,0.5275140559991498,0.5158164026588037,0.4047547394220372,0.41762583269330034,0.42911891179914907,0.41918051470551015,0.1166,0.1221,0.1452,0.1426,0.1337,0.1296
IND,IND.3_1,IND.3.2_1,PIGE,3.0986331692119466,2.848834655420636,2.5400056460254747,2.2169305889726254,1.8822440811691188,1.529839865957863,80.96683093645831,79.18008076996237,62.18455369322204,64.14224790345327,65.85614157092397,64.35186844862064,0.03827,0.03598,0.04085,0.03456,0.02858,0.02377
IND,IND.3_1,IND.3.5_1,PIGE,0.4785963529622248,0.4180105061408373,0.3593113766400368,0.30070333285709155,0.23974567954553536,0.17541802438852644,14.0221632013895,13.71122095758344,10.759025182678416,11.101159327498719,11.406663662550883,11.142485249819748,0.03413,0.03049,0.0334,0.02709,0.02102,0.01574
IND,IND.3_1,IND.3.7_1,PIGE,1.8425081768774147,1.6208829631231458,1.3901304017334497,1.1574817825254198,0.9252830106642224,0.6899995512964404,20.81117846340459,20.34968943102632,15.968149133137814,16.475932036818044,16.929350325194857,16.53726644950713,0.08853,0.07965,0.08706,0.07025,0.05466,0.04172
IND,IND.3_1,IND.3.8_1,PIGE,2.643450898675847,2.307697737044965,2.0703477602524063,1.7853183080105248,1.5236689374662273,1.290757106113923,13.703162288825236,13.399293907882152,10.514259892025102,10.848610565575703,11.147164748909171,10.888996332890429,0.1929,0.1722,0.1969,0.1646,0.1367,0.1185
IND,IND.3_1,IND.3.9_1,PIGE,1.4886529995292157,1.2946131536161767,1.1008947773114,0.901546927298908,0.7017926083610898,0.5003098637947566,35.63535418877616,34.845138240556146,27.342548193470968,28.2120339679296,28.988430236424865,28.317057982978987,0.04177,0.03715,0.04026,0.03196,0.02421,0.01767
IND,IND.4_1,IND.4.10_1,PIGE,7.158795435847968,6.998180425172389,6.799797162671683,6.414414370873743,5.9363843866143995,5.36845973695186,86.29520539632227,84.38160444829035,66.21319939504302,68.31876155947691,70.19889652611181,68.57308957603661,0.08296,0.08293,0.1027,0.09389,0.08457,0.07829
IND,IND.4_1,IND.4.11_1,PIGE,0.08326913792362997,0.07618345102898481,0.07009319212028238,0.0651314675317105,0.0585935924272304,0.051823441429009326,30.42965459905303,29.754875326883713,23.34828196115812,24.09075112970927,24.75372953472666,24.180432980088217,0.002736,0.00256,0.003002,0.002704,0.002367,0.002143
IND,IND.4_1,IND.4.12_1,PIGE,0.17214559192735895,0.14387382145150773,0.11937963978982094,0.10023654995557653,0.08224631484907542,0.06982780395870425,9.171962414439903,8.968573641089426,7.037528601989186,7.2613201434167864,7.461151955263711,7.288351622142764,0.01877,0.01604,0.01696,0.0138,0.01102,0.009581
IND,IND.4_1,IND.4.13_1,PIGE,0.20061896828033177,0.22149609652103136,0.23328467737203523,0.23546072898258236,0.22528038551672952,0.2078981193215185,15.207520529960075,14.870292921894299,11.66853459042083,12.039590892977591,12.370920901091976,12.084410283758489,0.01319,0.0149,0.01999,0.01956,0.01821,0.0172
IND,IND.4_1,IND.4.14_1,PIGE,0.3937782872518076,0.3696998547474355,0.3428538302671353,0.31028851175096456,0.27757757068860867,0.24054203150802703,14.398656717727972,14.0793657093934,11.047903807554167,11.399224215962537,11.712931308300327,11.441659734683716,0.02735,0.02626,0.03103,0.02722,0.0237,0.02102
IND,IND.4_1,IND.4.15_1,PIGE,0.00777834657738197,0.006603380805163616,0.005855263019245263,0.004997652062646329,0.004241693301682611,0.003594399671395643,1.7810502249059343,1.7415553377540958,1.3665768930345317,1.4100336754744776,1.4488378568864069,1.4152827616666153,0.004367,0.003792,0.004285,0.003544,0.002928,0.00254
IND,IND.4_1,IND.4.16_1,PIGE,0.6108140648619526,0.592615232733959,0.5567215424128275,0.5203173533094865,0.4761454644295701,0.4285058109677477,8.409547269914274,8.223065094522022,6.452537283474663,6.657726256259755,6.840947140932551,6.682510755786693,0.07263,0.07207,0.08628,0.07815,0.0696,0.06412
IND,IND.4_1,IND.4.17_1,PIGE,12.769788622689692,12.441923877863843,11.71617712373675,10.830807859852108,9.855281720052007,8.811074116355327,333.156282904021,325.76852392158395,255.62652395720966,263.7553795628542,271.01393783344673,264.73725307768325,0.03833,0.03819,0.04583,0.04106,0.03636,0.03328
IND,IND.4_1,IND.4.18_1,PIGE,0.06564947374170742,0.06545351938797078,0.06197544523088406,0.057570731608863134,0.05234013099172738,0.04734872012653277,10.30386186108267,10.07537315495812,7.906020465604246,8.157429817753185,8.38192260257739,8.187797214620705,0.006371,0.006496,0.007839,0.007057,0.006244,0.005783
IND,IND.4_1,IND.4.19_1,PIGE,1.7495211287824273,1.700424210507716,1.722050552664506,1.55230465172017,1.376745475534926,1.204128653971871,71.32470912719187,69.74307976114468,54.726530466470955,56.46681960811855,58.02078867278701,56.67702678846774,0.02453,0.02438,0.03147,0.02749,0.02373,0.02125
IND,IND.4_1,IND.4.1_1,PIGE,0.011631071912126062,0.010503106832294872,0.009322404517435136,0.008323401040596942,0.00823116222764071,0.007279693495713612,7.8547218196194,7.680542929245134,6.026826863050951,6.218478357471623,6.3896111229414165,6.2416276832289155,0.001481,0.001367,0.001547,0.001338,0.001288,0.001166
IND,IND.4_1,IND.4.20_1,PIGE,0.13256192220614507,0.1312854241276597,0.1221543576948617,0.11329575152340812,0.10257067837305386,0.09092000180150085,7.686378031114185,7.515932173552106,5.8976588428345265,6.085202828500035,6.252667846245828,6.107856013809731,0.01725,0.01747,0.02071,0.01862,0.0164,0.01489
IND,IND.4_1,IND.4.21_1,PIGE,0.010714807294335223,0.009168855789091986,0.007664472052415071,0.006421157740599803,0.005057943108215789,0.0038377879289950697,1.3889952388059095,1.3581941926344137,1.06575815288274,1.099648979238351,1.1299113617771575,1.1037426064853573,0.007714,0.006751,0.007192,0.005839,0.004476,0.003477
IND,IND.4_1,IND.4.22_1,PIGE,0.45319507205852666,0.3177006253006596,0.19703588203625666,0.10525280616754025,0.0600691896557979,0.044702155512766094,21.808814178008138,21.325202518532706,16.73362216482349,17.265746907716107,17.74090093195884,17.330021538362598,0.02078,0.0149,0.01177,0.006096,0.003386,0.002579
IND,IND.4_1,IND.4.23_1,PIGE,3.293566933694305e-4,2.687586518024669e-4,2.1083143537525836e-4,2.3088566906467956e-4,1.6287997092820705e-4,1.2336692179911731e-4,1.1975988970528204,1.171042075335586,0.9189022055357605,0.9481230517487258,0.9742154348888018,0.9516525983871825,2.75e-4,2.295e-4,2.294e-4,2.435e-4,1.672e-4,1.296e-4
IND,IND.4_1,IND.4.24_1,PIGE,1.1844523819945292,1.1253866618531958,1.065139050874815,0.9820846226478133,0.9043498296578821,0.8061097505840582,29.615185097569576,28.958466731600364,22.723350005144678,23.445946503383116,24.091179860086825,23.533227960693765,0.03999,0.03886,0.04687,0.04189,0.03754,0.03425
IND,IND.4_1,IND.4.25_1,PIGE,1.9563919701352819,1.662631485724494,1.3818633587539284,1.1396843103191538,0.9248062581802005,0.7399940362024751,92.14757381929763,90.10419627810501,70.70364629234231,72.95200347611886,74.95964543991694,73.22357951064613,0.02123,0.01845,0.01954,0.01562,0.01234,0.01011
IND,IND.4_1,IND.4.26_1,PIGE,1.522873096750602,1.3929187617684986,1.2367056294852907,1.090675398215639,0.9403001426253196,0.7886769203068256,19.956580637478957,19.514042359112647,15.312427230736551,15.799358351982143,16.234157306323493,15.858174105969095,0.07631,0.07138,0.08076,0.06903,0.05792,0.04973
IND,IND.4_1,IND.4.27_1,PIGE,0.8451074143864511,0.7550797272605527,0.6593976467102716,0.5578944380230292,0.4767807950350362,0.39464053042730357,21.49058262550557,21.014027768291236,16.489447194234167,17.013807237878417,17.482027872640256,17.07714398096577,0.03932,0.03593,0.03999,0.03279,0.02727,0.02311
IND,IND.4_1,IND.4.2_1,PIGE,4.8615412914962923e-4,4.403408071786962e-4,5.100448278278121e-4,4.950687832285872e-4,4.5317459026003376e-4,4.0335039522189023e-4,2.842933908034668,2.779891691533505,2.181346563289491,2.250712804962509,2.312652508608614,2.2590914598219545,1.71e-4,1.584e-4,2.338e-4,2.2e-4,1.96e-4,1.785e-4
IND,IND.4_1,IND.4.3_1,PIGE,0.029869471284968606,0.02771864154816833,0.025369551149047934,0.02289650082390136,0.020486799478374385,0.018610401113536356,17.07328367630454,16.69468266737309,13.100110616753506,13.51669065693504,13.888670507816359,13.567008798639591,0.001749,0.00166,0.001937,0.001694,0.001475,0.001372
IND,IND.4_1,IND.4.4_1,PIGE,0.3996976892086479,0.39503150662474495,0.3846322171422914,0.3832526542308161,0.3599316407915898,0.33067389253084495,34.46838907521141,33.704050642867074,26.4471508953632,27.28816327342569,28.03913458459245,27.389748025292793,0.0116,0.01172,0.01454,0.01404,0.01284,0.012070000000000001
IND,IND.4_1,IND.4.5_1,PIGE,0.0074102964528683455,0.007023131385048706,0.008563015500033426,0.008180614566448106,0.008055252521478498,0.0077635867847573,16.27185491417294,15.911025632325881,12.485184652046271,12.882210209782537,13.236729134161273,12.930166391902533,4.554e-4,4.414e-4,6.859e-4,6.35e-4,6.086e-4,6.004e-4
IND,IND.4_1,IND.4.6_1,PIGE,0.005330599029628221,0.004248832299330702,0.003305416397808479,0.0023617197513648575,0.0013552839284288753,7.361515380225062e-4,0.8199057761789527,0.801724320287085,0.6291031395540102,0.6491084523960697,0.6669719421700412,0.6515248671767491,0.006501,0.0053,0.005254,0.003638,0.002032,0.00113
IND,IND.4_1,IND.4.7_1,PIGE,1.7313769535061694,1.508255779315746,1.2852671325732752,1.0623446933378353,0.83969052329304394,0.6174107484730516,2.96631722556684,2.9005389771816743,2.276016993335513,2.348393729553679,2.413021616031336,2.3571360179925387,0.5837,0.52,0.5647,0.4524,0.348,0.2619
IND,IND.4_1,IND.4.8_1,PIGE,0.12233554468935755,0.11270636781852969,0.12058636228928107,0.11318396569523953,0.10438504388057776,0.09394857413369123,17.17394484940754,16.79311167340035,13.177346638099042,13.596382763257024,13.970555743993755,13.64699757215626,0.007123,0.006711,0.009151,0.008325,0.007472,0.006884
IND,IND.4_1,IND.4.9_1,PIGE,0.23538077924699738,0.19271763695150734,0.1753878936367195,0.15033673011985466,0.13158484757679095,0.11575270949029748,2.571742863637084,2.514714323530497,1.9732651685656488,2.0360144771217636,2.0920456744624665,2.043593881546453,0.09153,0.07664,0.08888,0.07384,0.0629,0.05664
IND,IND.5_1,IND.5.10_1,PIGE,0.004763991970497825,0.004420446374473338,0.004078441746737262,0.004625915749864841,0.004401558320562099,0.009507852648268332,4.767287074634715,4.661572220331231,3.6578779573731954,3.7741975054320434,3.8780635670961052,3.788247586899422,9.993e-4,9.483e-4,0.001115,0.001226,0.001135,0.00251
IND,IND.5_1,IND.5.11_1,PIGE,0,0,0,0,0,0,0.16043766394509612,0.15687994988189455,0.12310175269278967,0.12701635575099562,0.13051185078531474,0.12748919537939943,0,0,0,0,0,0
IND,IND.5_1,IND.5.12_1,PIGE,7.048519249985888e-6,6.108716683321103e-6,5.168914116656317e-6,4.229111549991532e-6,5.624108356049738e-6,4.5645724882196725e-6,0.8999126340866557,0.879957021699788,0.6904913709312239,0.7124488132355407,0.7320554321953344,0.7151010231034369,7.832e-6,6.942e-6,7.486e-6,5.936e-6,7.683e-6,6.383e-6
IND,IND.5_1,IND.5.13_1,PIGE,0.004312011131762464,0.003546882311662103,0.003006471813935777,0.0024903383059066133,0.0019977488993989166,0.0015291747948002446,11.220943530247006,10.972118487434042,8.609685415968974,8.883471126751282,9.127944596545609,8.916541333825586,3.843e-4,3.233e-4,3.492e-4,2.803e-4,2.189e-4,1.715e-4
IND,IND.5_1,IND.5.14_1,PIGE,0.0013756159478021978,0.0010963611017861437,8.257447096458501e-4,5.685297171588204e-4,3.6889526224611474e-4,2.550031447927148e-4,0.21474351249643336,0.20998156324085637,0.164769930686372,0.1700095707439342,0.17468824072157987,0.17064245980597942,0.006406,0.005221,0.005012,0.003344,0.002112,0.001494
IND,IND.5_1,IND.5.15_1,PIGE,0,0,0,0,0,0,0.11215105152555502,0.10966409576090455,0.08605205703979696,0.08878848961109888,0.09123195228726574,0.08911901961399511,0,0,0,0,0,0
IND,IND.5_1,IND.5.17_1,PIGE,7.19936861158213e-4,4.635787724922755e-4,2.9628795949461256e-4,2.2517741407655938e-4,1.7240798601942184e-4,1.3357579282393737e-4,4.460038239294934,4.361114627052842,3.4239127051997267,3.530458923269571,3.6267185016273458,3.5433770983231656,1.614e-4,1.063e-4,8.653e-5,6.378e-5,4.754e-5,3.77e-5
IND,IND.5_1,IND.5.18_1,PIGE,0.006851846587321778,0.004980634679090025,0.003109422770858266,0.0012382108626265162,2.203627558332554e-4,1.0314117623853362e-4,0.0010033920571178542,9.81141782807362e-4,7.698897991403159e-4,7.943720903853274e-4,8.162332411082086e-4,7.973292733544915e-4,6.829,5.076,4.039,1.559,0.27,0.1294
IND,IND.5_1,IND.5.19_1,PIGE,0,0,0,5.760111610554771e-7,5.464721271551961e-7,5.169330932549153e-7,0.152020502686679,0.14864943963948546,0.11664337329402463,0.12035260160173009,0.1236647098635272,0.12080063429076704,0,0,0,4.786e-6,4.419e-6,4.279e-6
IND,IND.5_1,IND.5.1_1,PIGE,2.6677249194616262e-5,1.772963628262135e-6,1.5365684778271835e-6,1.3001733273922323e-6,1.063778176957281e-6,8.273830265223296e-7,0.6284690956856743,0.6140296607059031,0.5229529252741265,0.4862678667700883,0.47911306093821954,0.4829472384481614,4.245e-5,2.887e-6,2.938e-6,2.674e-6,2.22e-6,1.713e-6
IND,IND.5_1,IND.5.20_1,PIGE,0.0013065085655974745,0.0011328221273080629,9.598016417914931e-4,7.874471090477655e-4,6.15092576304038e-4,4.4273804356031044e-4,0.43240002098122593,0.4228115266230682,0.3317749656676856,0.3423253215060796,0.3517461276248759,0.34359968477100794,0.003022,0.002679,0.002893,0.0023,0.001749,0.001289
IND,IND.5_1,IND.5.21_1,PIGE,4.093290762914096e-4,3.393499642127708e-4,2.693708521341319e-4,1.993917400554931e-4,1.378639665507293e-4,8.54267104612993e-5,0.0014324344787205753,0.0014006701650036727,0.0010990885220594434,0.00113403924530731,0.0011652480493015438,0.0011382608960717015,0.2858,0.2423,0.2451,0.1758,0.1183,0.07505
IND,IND.5_1,IND.5.22_1,PIGE,0.004263893513017301,0.0038181296222761017,0.0033723657315349186,0.002926601840793721,0.002480837950052529,0.002035074059311332,3.769681261115932,3.6860883708514036,2.8924278684046563,2.9844063068234314,3.0665372840838945,2.9955162584574615,0.001131,0.001036,0.001166,9.806e-4,8.09e-4,6.794e-4
IND,IND.5_1,IND.5.23_1,PIGE,0.0026252772017557728,0.0016360898762921212,9.667638721638212e-4,3.330556555259087e-4,1.4642707381421435e-5,1.1525027730359508e-5,5.397702116824393,5.278007774125843,4.1415872978682415,4.273288674553934,4.390889744540531,4.289196706373863,4.864e-4,3.1e-4,2.334e-4,7.794e-5,3.335e-6,2.687e-6
IND,IND.5_1,IND.5.24_1,PIGE,0.011027771793776342,0.010238433643754869,0.00913398913339118,0.01587817890694186,0.02006581591825017,0.018266847824736313,57.95195347402036,56.66686570351354,44.46578732949049,45.87978756310174,47.14240109546315,46.050582745929304,1.903e-4,1.807e-4,2.054e-4,3.461e-4,4.256e-4,3.967e-4
IND,IND.5_1,IND.5.25_1,PIGE,0.011210346436015732,0.009637707551062084,0.00806639668674259,0.006517400614580061,0.005014910011621691,0.0036559612568984596,0.8959320315383115,0.8750172606360208,0.7722491375338266,0.6858072785458665,0.6619237414618792,0.6776781180798095,0.01251,0.01101,0.01045,0.009503,0.007576,0.005395
IND,IND.5_1,IND.5.26_1,PIGE,0.0013872401994358948,0.0011889412691259286,9.907216499294813e-4,7.969589902951963e-4,6.363071330177973e-4,5.293145307049377e-4,11.167451403918673,10.919812551962826,8.568641596554254,8.841122124774278,9.084430148392451,8.874034680605641,1.242e-4,1.089e-4,1.156e-4,9.014e-5,7.004e-5,5.965e-5
IND,IND.5_1,IND.5.27_1,PIGE,0,0,0,0,0,0,0.6132053316333468,0.5996074695208149,0.47050455129077956,0.48546647112614666,0.4988265272316501,0.48727370126160896,0,0,0,0,0,0
IND,IND.5_1,IND.5.28_1,PIGE,8.505270232819695e-6,6.6152101810819845e-6,4.725150129344276e-6,2.835090077606565e-6,9.45030025868855e-7,0,0.5672835231069521,0.55470397963597,0.4352693392002044,0.4491107886442967,0.4614703349584963,0.45078267867105054,1.499e-5,1.193e-5,1.086e-5,6.313e-6,2.048e-6,0
IND,IND.5_1,IND.5.29_1,PIGE,4.155590780686478e-4,3.0790813356822725e-4,2.0025718906780673e-4,9.260624456738615e-5,1.9390386158587934e-5,8.214033492839974e-22,1.9999502847895474,1.9556012767141449,1.5345360889840003,1.5833339292702828,1.6269073403850154,1.5892281546425093,2.078e-4,1.574e-4,1.305e-4,5.849e-5,1.192e-5,5.169e-22
IND,IND.5_1,IND.5.2_1,PIGE,6.954800392587501e-4,5.64375164116215e-4,4.3838679269379366e-4,3.1239842127137247e-4,2.2603509483721737e-4,1.7988728386061583e-4,0.22967733243088145,0.2245842248930679,0.1762284583358284,0.18183247653097115,0.1868365133342155,0.18250937833724873,0.003028,0.002513,0.002488,0.001718,0.00121,9.856e-4
IND,IND.5_1,IND.5.30_1,PIGE,0,0,0,0,0,0,0.005301261638179839,0.005183705868424192,0.0040675897610072025,0.004196938035663399,0.004312437933107838,0.004212561839460031,0,0,0,0,0,0
IND,IND.5_1,IND.5.31_1,PIGE,0,0,0,0,0,0,1.908835015830428,1.866506493878902,1.4646245169121146,1.5111991877645745,1.5527874479966175,1.51682487949665,0,0,0,0,0,0
IND,IND.5_1,IND.5.32_1,PIGE,0,0,0,0,0,0,0.0759749285420179,0.07429018030349224,0.05829458391660735,0.06014833621082762,0.061803620755124244,0.060372248452482465,0,0,0,0,0,0
IND,IND.5_1,IND.5.34_1,PIGE,6.80791096884563e-4,5.58609393199181e-4,4.3642768951379895e-4,3.1424598582841705e-4,1.92064282143035e-4,6.9882578457653e-5,1.1609680436238108,1.1352235131054562,0.8907958235998645,0.9191228943281223,0.944417192011732,0.9225444830301593,5.864e-4,4.921e-4,4.899e-4,3.419e-4,2.034e-4,7.575e-5
IND,IND.5_1,IND.5.35_1,PIGE,0,0,0,0,0,0,0.3363780775345541,0.3289188750781599,0.25809856547216564,0.2663060313417811,0.273634783648211,0.26729740008446645,0,0,0,0,0,0
IND,IND.5_1,IND.5.36_1,PIGE,5.271245559292419e-6,4.099857657227437e-6,2.9284697551624555e-6,1.757081853097473e-6,5.856939510324911e-7,0,1.847453879279496,1.806486487422692,1.4175275615844618,1.4626045617594137,1.5028554959999236,1.4680493518684907,2.853e-6,2.27e-6,2.066e-6,1.201e-6,3.897e-7,0
IND,IND.5_1,IND.5.37_1,PIGE,0.1671860817509163,0.14733132181780487,0.12759431327321316,0.10786609630821377,0.08814146290182834,0.06841794649110124,7.564956351339509,7.395202138857534,5.966508723580205,5.944202029625173,6.026108672586679,5.945924280813479,0.0221,0.01992,0.02139,0.01815,0.01463,0.01151
IND,IND.5_1,IND.5.38_1,PIGE,0,0,0,0,0,0,0.14345027472685007,0.14026925695822623,0.11006754778716155,0.11356766658930506,0.11669305317652821,0.11399044122294394,0,0,0,0,0,0
IND,IND.5_1,IND.5.3_1,PIGE,0,0,0,0,0,0,0.07457972313592107,0.07292591365436973,0.05722406078236531,0.0590437707250876,0.06066865758439591,0.059263571036977686,0,0,0,0,0,0
IND,IND.5_1,IND.5.4_1,PIGE,0,0,0,0,0,0,0.14424210873770776,0.14104353200613926,0.11067511182282157,0.11419455100002086,0.1173371894705294,0.1146196593157282,0,0,0,0,0,0
IND,IND.5_1,IND.5.6_1,PIGE,0,0,0,0,0,0,0.004303092646278618,0.004207671329073677,0.0033017075525210143,0.003406700976251183,0.003500453519185425,0.0034193829904230534,0,0,0,0,0,0
IND,IND.5_1,IND.5.7_1,PIGE,0.00265967497370438,0.0022763047699074722,0.0019747212077889736,0.0016731376456704642,0.0013715540835519684,0.0010699705214334658,3.45042631961335,3.373912925317543,2.6474676646195205,2.7316564335827427,2.806831724533251,2.741825481539954,7.708e-4,6.747e-4,7.459e-4,6.125e-4,4.886e-4,3.902e-4
IND,IND.5_1,IND.5.8_1,PIGE,0.0014524840699579639,0.0011722224816253187,9.533206156479128e-4,7.422418340934296e-4,5.661484486889903e-4,4.3403084866290315e-4,18.202499742396114,17.798858304802586,13.966543557040518,14.410675934728102,14.807258295111476,14.464322086152746,7.98e-5,6.586e-5,6.826e-5,5.151e-5,3.823e-5,3.001e-5
IND,IND.5_1,IND.5.9_1,PIGE,1.0377267819133657e-5,9.15641278158852e-6,7.935557744043385e-6,7.314312271951575e-6,7.546864552105113e-6,6.21914971498886e-6,1.4865096607296748,1.4535462268637167,1.1405797125867487,1.176849844679525,1.2092367980281238,1.1812308650603667,6.981e-6,6.299e-6,6.957e-6,6.215e-6,6.241e-6,5.265e-6
IND,IND.6_1,IND.6.1_1,PIGE,0,0,0,0,1.608570796967921e-5,1.5260799868670023e-5,0.15392357289079123,0.15051030915666458,0.1181035745451711,0.12185923686505179,0.12521280778770336,0.12231287825584874,0,0,0,0,1.285e-4,1.248e-4
IND,IND.7_1,IND.7.10_1,PIGE,1.932003970035468e-4,1.798762316929574e-4,1.6655206638236793e-4,1.8676509161009243e-4,1.7172107037446125e-4,1.5667704913883008e-4,2.913083581702959,2.848485792311978,2.235171504185845,2.3062493646915083,2.3697174366143443,2.3148347636833124,6.632e-5,6.315e-5,7.451e-5,8.098e-5,7.246e-5,6.768e-5
IND,IND.7_1,IND.7.11_1,PIGE,0.11984677757492394,0.10412585938895835,0.08843849794315962,0.07278213278653756,0.05728225690792525,0.0419655684784553,8.864712860193716,8.668137362686174,6.801779977185426,7.018074774923864,7.211212464799951,7.044200732081622,0.01352,0.01201,0.013,0.01037,0.007943,0.005957
IND,IND.7_1,IND.7.12_1,PIGE,0.007267971910592249,0.0060730846126210245,0.005017834937620324,0.003980941446529992,0.00296240413935004,0.002066016749055082,2.4877211948557347,2.4325558398971157,1.9087964245262399,1.9694956441351634,2.0236962406133348,1.9768274210784524,0.002922,0.002497,0.002629,0.002021,0.001464,0.001045
IND,IND.7_1,IND.7.13_1,PIGE,0.006310767047506892,0.005761167439493049,0.005908220405444818,0.0056289448050072105,0.005287634443995195,0.004714203397207853,15.913762550127126,15.560873986239704,12.210424994270218,12.598713267824298,12.94543034537,12.645614085161576,3.966e-4,3.702e-4,4.839e-4,4.468e-4,4.085e-4,3.728e-4
IND,IND.7_1,IND.7.14_1,PIGE,0.3133345602917124,0.2936587257933055,0.2708474306253147,0.2633826187408569,0.24223900158824074,0.22021505556805962,124.19496697502554,121.44093671977879,95.29319820737817,98.3234966147434,101.02936305329484,98.68952227598832,0.002523,0.002418,0.002842,0.002679,0.002398,0.002231
IND,IND.7_1,IND.7.15_1,PIGE,0.5303873279400554,0.44886679022899056,0.36824837239462904,0.2882869555881771,0.2084757219763535,0.12930054596703094,15.412134683604009,15.07036974537492,11.825532394552033,12.201581185605017,12.537369172852397,12.247003612343907,0.03441,0.02978,0.03114,0.02363,0.01663,0.01056
IND,IND.7_1,IND.7.16_1,PIGE,0.044393530722139196,0.03855163540398915,0.03277114960927258,0.026990663814556063,0.021260670344135264,0.015518317778577482,9.479788649834868,9.269573812705117,7.273719706809255,7.505022062673083,7.711560560785548,7.532960762553857,0.004683,0.004159,0.004505,0.003596,0.002757,0.00206
IND,IND.7_1,IND.7.17_1,PIGE,0.0053284739882253195,0.004392297669340331,0.003545757233633516,0.0027661217065589497,0.0019567849272379896,0.0016223835505491762,6.010797501059976,5.877507734338515,4.612007487937125,4.75866810179372,4.889626832434695,4.776383039713687,8.865e-4,7.473e-4,7.688e-4,5.813e-4,4.002e-4,3.397e-4
IND,IND.7_1,IND.7.18_1,PIGE,0.05841795322771183,0.051428259895192334,0.044471050314838105,0.03751765860673658,0.030575105715281835,0.02364339164047392,3.7858291091947853,3.7018781395068356,2.904817904209491,2.997190342477918,3.0796731368951926,3.008347884822866,0.01543,0.01389,0.01531,0.01252,0.009928,0.007859
IND,IND.7_1,IND.7.19_1,PIGE,0.03975047235335265,0.03519809978041546,0.030660574582360135,0.02675802556543349,0.022287767988780793,0.017723794367239396,7.364173409850156,7.2008724575684955,5.650435387767939,5.830117733187925,5.990562799221829,5.851821321566065,0.005398,0.004888,0.005426,0.00459,0.0037200000000000002,0.003029
IND,IND.7_1,IND.7.1_1,PIGE,0.016247506007686013,0.014342434025679588,0.012437362043673152,0.010532290061666727,0.00863857734481721,0.0067329228363924715,2.7877149758163657,2.725897242188347,2.138977787961127,2.2069967138255167,2.267733348948787,2.21521262822397,0.005828,0.005262,0.005815,0.004772,0.003809,0.003039
IND,IND.7_1,IND.7.20_1,PIGE,0.011911933988235117,0.009914600536533268,0.008008817443218701,0.0061784035362776185,0.004480964205916223,0.0029403256042592747,0.1397864962416277,0.13668672296336115,0.10725637775439822,0.11066710209572642,0.1137126650356399,0.11107907889290405,0.08522,0.07254,0.07467,0.05583,0.03941,0.02647
IND,IND.7_1,IND.7.21_1,PIGE,0.03287274440329392,0.0284374712135042,0.02400494582044052,0.019612277787427607,0.015277380777833449,0.010939200798972426,19.26478737303584,18.837589648534614,14.781623171016774,15.251674864065492,15.671401547587294,15.308451774665873,0.001706,0.00151,0.001624,0.001286,9.749e-4,7.146e-4
IND,IND.7_1,IND.7.22_1,PIGE,0.0043397495643636005,0.003761222711572799,0.003206458929155791,0.0026612689595074722,0.0021301983347980177,0.0015908829850239895,2.161530406425324,2.1135983502243008,1.6585144347450373,1.711254753516404,1.7583485506735053,1.7176251855522844,0.002008,0.00178,0.001933,0.001555,0.001211,9.262e-4
IND,IND.7_1,IND.7.23_1,PIGE,1.583226960200587,1.4399812215916372,1.2930286528711836,1.1780213881092978,1.0328315618920976,0.8881542991414347,247.99806159485297,242.49869087548947,190.28571780494283,196.33675311969654,201.73994817695086,197.06764952148845,0.006384,0.005938,0.006795,0.006,0.00512,0.004507
IND,IND.7_1,IND.7.24_1,PIGE,0.24002184605311408,0.20090885593045757,0.16420571897975733,0.13022023989368958,0.09777910944195183,0.06761999217724243,7.4856736192739115,7.319678393134607,5.743660933221679,5.926307826240324,6.0894000473640375,5.948369498328126,0.03206,0.02745,0.02859,0.02197,0.01606,0.01137
IND,IND.7_1,IND.7.25_1,PIGE,0.004218300593734715,0.0032892638547471075,0.002514856257413758,0.001905395478171726,0.0016213098728185254,0.0012884830317783178,38.96583670234121,38.10176712035217,29.897984520896223,30.848732492225068,31.69769080632602,30.96357205853216,1.083e-4,8.633e-5,8.411e-5,6.177e-5,5.115e-5,4.161e-5
IND,IND.7_1,IND.7.26_1,PIGE,0.009650287761885442,0.008536896753050386,0.007476028399572762,0.007090011413224597,0.006104048782302811,0.00505484831689434,24.514676369371195,23.971062066285892,18.80979536574927,19.40794186531006,19.9420491778324,19.480191174979016,3.937e-4,3.561e-4,3.975e-4,3.653e-4,3.061e-4,2.595e-4
IND,IND.7_1,IND.7.27_1,PIGE,0.9311854230058746,0.794354777714423,0.6615945975036215,0.5313883204298835,0.40466434102534143,0.2842352531319172,20.92447134368867,20.460470035429935,16.055077300674316,16.56562449700708,17.021511125365407,16.62729280488073,0.0445,0.03882,0.04121,0.03208,0.02377,0.01709
IND,IND.7_1,IND.7.2_1,PIGE,0.008160119750092502,0.0074456075843751315,0.006731095418657773,0.006020020081493785,0.005310631157260239,0.004595670975252863,1.0546351357822703,1.0312485433708831,0.8092079532560656,0.8349405513649333,0.8579181477066935,0.8380487572153722,0.007737,0.00722,0.008318,0.00721,0.00619,0.005484
IND,IND.7_1,IND.7.3_1,PIGE,0.06678417355507672,0.059498308652070876,0.0525181488918631,0.04664984518303449,0.04399135893656831,0.04413482464789892,74.08708975153746,72.444204442506,56.84606953292056,58.653759454248494,60.267913188263705,58.872107883951536,9.014e-4,8.213e-4,9.239e-4,7.953e-4,7.299e-4,7.497e-4
IND,IND.7_1,IND.7.4_1,PIGE,0.10404820866814762,0.08937641678291326,0.07493145498870467,0.06107370146535412,0.04752910342624122,0.034458440176521256,4.840718153637487,4.733374961099574,3.7142206783097045,3.8323319099381274,3.9377978326678975,3.84659840644955,0.02149,0.01888,0.02017,0.01594,0.012070000000000001,0.008958
IND,IND.7_1,IND.7.5_1,PIGE,0.0010108807355346926,6.730671611108807e-4,4.3715588586974523e-4,3.061626868417961e-4,1.792643333622527e-4,5.868237285404029e-5,6.198747440504621,6.061289873490525,4.756219055191415,4.907465558605662,5.042519201026542,4.925734419945728,1.631e-4,1.11e-4,9.191e-5,6.239e-5,3.555e-5,1.191e-5
IND,IND.7_1,IND.7.6_1,PIGE,0.14155804462485608,0.11877936755120742,0.09720470815641573,0.07729939132835323,0.05841512787352889,0.04110238597992442,1.6220722531318121,1.5861027112886261,1.2445951433399178,1.2841729385196943,1.319513427571376,1.2889534870676802,0.08727,0.07489,0.0781,0.06019,0.04427,0.03189
IND,IND.7_1,IND.7.7_1,PIGE,0.049435314765206115,0.03569209750152362,0.02920065625104733,0.02296092320000332,0.017496214812264765,0.013152232122018747,13.188700561738854,12.896240398021249,10.119520036430059,10.44131808735664,10.728663565899984,10.480187640299492,0.003748,0.002768,0.002886,0.002199,0.001631,0.001255
IND,IND.7_1,IND.7.8_1,PIGE,0.10247948163041223,0.09013947555048296,0.07826023367545544,0.0672409137055428,0.05884664800429749,0.04742528584886463,7.07804443950238,6.921088412948659,5.430892314901656,5.603593248882318,5.757804352326441,5.624453561980277,0.01448,0.01302,0.01441,0.012,0.01022,0.008432
IND,IND.7_1,IND.7.9_1,PIGE,0.05817531529887857,0.05013904954080648,0.04210697369573031,0.03407576187165247,0.02605477467355941,0.018043620213601015,2.433835871022083,2.379865426096987,1.8674509097310907,1.9268353529447173,1.9798619365555135,1.9340083198189029,0.0239,0.02107,0.02255,0.01768,0.01316,0.00933
IND,IND.8_1,IND.8.1_1,PIGE,0,0,0,0,0,0,0.09109951549278492,0.0890793787028947,0.06989948464011246,0.07212226969681322,0.07410707735483846,0.0723907569085699,0,0,0,0,0,0
JAM,JAM.10_1,NA,PIGE,0.12017928066967655,0.0974043529497821,0.0773836254784686,0.05984640420891627,0.044307466227631355,0.03463897876116507,6.433101197801667,9.182836302229816,8.632889281344186,7.558574170776909,6.983048218687298,7.853639931680455,0.01868,0.01061,0.008964,0.007918,0.006345,0.004411
JAM,JAM.11_1,NA,PIGE,0.11437355061834312,0.10755748196107456,0.09380223602108602,0.08241222896283774,0.07119801285179818,0.06348021376176512,5.671234652837382,8.095321035262902,7.6105037587777975,6.66341884657434,6.156051929322486,6.923540227639174,0.02017,0.01329,0.01233,0.01237,0.01157,0.009169
JAM,JAM.12_1,NA,PIGE,0.4406332398870293,0.3641149105611144,0.29597021003552443,0.2279292250336753,0.17315720532332643,0.1407462189043349,20.598720964929363,29.403343246161597,27.642418789915148,24.202473340503484,22.35964542117581,25.147270738877022,0.02139,0.01238,0.01071,0.009418,0.007744,0.005597
JAM,JAM.13_1,NA,PIGE,0.13688217466733013,0.11878273588983661,0.10150962347923925,0.10478388876720962,0.08907345692101142,0.1326112940669565,10.432587782046626,14.891844985108307,13.999993544495968,12.25777212562536,11.324439222658963,12.736281534610647,0.01312,0.007976,0.007251,0.008548,0.007866,0.01041
JAM,JAM.14_1,NA,PIGE,0.9226653188231192,0.7156449619285872,0.513623912282881,0.3167452305010068,0.1344865357019867,0.04167363828371155,23.001024823222924,32.83247678543551,30.866186392992986,27.025060975198304,24.967315215665444,28.080044362269042,0.04011,0.0218,0.01664,0.01172,0.005387,0.001484
JAM,JAM.1_1,NA,PIGE,0.2812081466158544,0.25523917205729746,0.22749606101635045,0.2019955095709638,0.21699067926955118,0.2041557458130979,66.86193855829632,95.44109718659395,89.72526546093441,78.55945464801813,72.57777028395584,81.6261977583133,0.004206,0.002674,0.002535,0.002571,0.00299,0.002501
JAM,JAM.2_1,NA,PIGE,0.5458772992805564,0.41783572724170237,0.29208054522130295,0.1702514376111106,0.057274021633812934,0.0033909964137106576,7.545172461043633,10.770246176996677,10.125231433806066,8.865202633154645,8.190187204234242,9.211275543390707,0.07235,0.0388,0.02885,0.0192,0.006993,3.681e-4
JAM,JAM.4_1,NA,PIGE,0.4884097809566027,0.41287088749007606,0.33824614911012507,0.26407249988563414,0.19147981867035135,0.12871365989872618,23.89691786518947,34.11130621710942,32.06842854672543,28.07769077202182,25.939795535573463,29.17376590535739,0.02044,0.0121,0.01055,0.009405,0.007382,0.004412
JAM,JAM.5_1,NA,PIGE,0.7571995706865631,0.7171555921588916,0.6729092817538135,0.6441901286121255,0.6025824685369932,0.6661543626538621,2.3638385342995916,3.374226774606574,3.1721491265451776,2.7773927907973333,2.5659161823609886,2.8858144982025546,0.3203,0.2125,0.2121,0.2319,0.2348,0.2308
JAM,JAM.6_1,NA,PIGE,0.24302729422921496,0.22329931078532966,0.2045113299753961,0.18556397247105838,0.1661262697533364,0.14714258018069118,2.6627442556831147,3.800895378887627,3.5732651542467244,3.1285921572737987,2.890374480324017,3.2507237133828752,0.09127,0.05875,0.05723,0.05931,0.05748,0.04526
JAM,JAM.7_1,NA,PIGE,0.6424351576593426,0.5255136536775424,0.4183619008604371,0.32480612867748626,0.2400745006606341,0.22703514410049072,14.59331429124608,20.831013242772734,19.583473452467402,17.14641897838257,15.840854081551411,17.81576759471128,0.04402,0.02523,0.02136,0.01894,0.01516,0.01274
JAM,JAM.8_1,NA,PIGE,0.5068930844684714,0.4416778567272649,0.37615632628382345,0.3112852442413444,0.24564883115660022,0.18408269901781102,52.06324393540699,74.31691679050144,69.86618221948254,61.17172398772472,56.513978506425886,63.55969834325908,0.009736,0.005943,0.005384,0.005089,0.004347,0.002896
JAM,JAM.9_1,NA,PIGE,0.5206585451026501,0.43073577501913307,0.3426685094350681,0.2595562615436854,0.18621531471243688,0.30472745608610335,50.06264549388541,71.46119177854816,67.1814825216156,58.821120252259,54.34235475081796,61.11733356078671,0.0104,0.006028,0.005101,0.004413,0.003427,0.004986
KEN,KEN.10_1,KEN.10.1_1,PIGE,0.006519472243065617,0.005988527963912872,0.005735298975156194,0.005193305167700799,0.004652179349126957,0.004106612939259253,0.521465826221441,0.4373397982138736,0.6673771162696479,0.7728816946197387,0.4101498347589948,0.5271342271876799,0.0125,0.01369,0.008594,0.006719,0.01134,0.00779
KEN,KEN.10_1,KEN.10.2_1,PIGE,0.048775106025631766,0.044229506554002165,0.039577198936641377,0.037199358540181235,0.032581896274948445,0.02882930947763455,21.626972759873986,18.172268463726333,27.97713087918021,32.12733349023195,16.933872775651118,21.837387204219635,0.002255,0.002434,0.001415,0.001158,0.001924,0.00132
KEN,KEN.10_1,KEN.10.4_1,PIGE,0.005292106609801292,0.004901319111575363,0.004511073368412898,0.004120967538997666,0.003730115876351988,0.0033392642137063102,0.6705176169132564,0.5634087710515385,0.8673964374701278,0.9960683507964663,0.5250138401112047,0.6770412572467082,0.007893,0.008699,0.005201,0.004137,0.007105,0.004932
KEN,KEN.10_1,KEN.10.5_1,PIGE,0.001970182978340199,0.0018177590888989344,0.00166533519945767,0.0015129113100164056,0.0013604874205751412,0.0012080635311338868,0.11427018616459475,0.09562228082167601,0.14438729113650764,0.1689080781226144,0.09035239778244948,0.11566568815309318,0.01724,0.01901,0.01153,0.008957,0.01506,0.01044
KEN,KEN.13_1,KEN.13.12_1,PIGE,0.0068918226532745435,0.00575834471917749,0.005559651706892461,0.005068379035378975,0.004344633009101776,0.003758677231642252,12.693078642586492,10.665479412460163,16.42004761305477,18.855841503843134,9.938653053824185,12.816572906867938,5.43e-4,5.399e-4,3.386e-4,2.688e-4,4.371e-4,2.933e-4
KEN,KEN.13_1,KEN.13.4_1,PIGE,2.4302948905561336e-4,1.6879897678734345e-4,1.075692167490419e-4,5.003694461213207e-5,1.0635404271838571e-5,0,1.8683807173186875,1.5699245735658198,2.416978670151434,2.7755197668435043,1.462938050315405,1.886558679386044,1.301e-4,1.075e-4,4.451e-5,1.803e-5,7.27e-6,0
KEN,KEN.13_1,KEN.13.7_1,PIGE,0.00373525463653152,0.00347932489432444,0.00322339515211735,0.00296746540991026,0.00271153566770317,0.00245560592549608,0.3129193742086985,0.2629334645564534,0.4047994318978805,0.46484846503390703,0.2450151914796854,0.315963848207911,0.01194,0.01323,0.007963,0.006384,0.01107,0.007772
KEN,KEN.14_1,KEN.14.1_1,PIGE,0.02724584332843641,0.02337230540397851,0.019508712137323702,0.015729268207306465,0.012111921196324886,0.008709094505270451,1.8229117682123508,1.531718858919667,2.3581590307034683,2.7079746643638827,1.4273359617587567,1.840647351044878,0.01495,0.01526,0.008273,0.005808,0.008486,0.004732
KEN,KEN.14_1,KEN.14.2_1,PIGE,0.011285938299386218,0.009633785734248192,0.00800221512609219,0.00641113133439479,0.004866208756645507,0.003355406334272622,1.0699252084298971,0.8990147784238357,1.3840789425099276,1.5893969240396602,0.8377491182043478,1.0803347891290915,0.01055,0.01072,0.005782,0.004034,0.005809,0.003106
KEN,KEN.14_1,KEN.14.3_1,PIGE,0.009183159035700524,0.007851607213837706,0.006499883511134251,0.005249587447159101,0.0041212663442587215,0.0030667143595958326,0.20740643712132664,0.17427522096234813,0.2683055599576955,0.30810672614249457,0.16239879053161085,0.20942434830589923,0.04428,0.04505,0.02423,0.01704,0.02538,0.01464
KEN,KEN.14_1,KEN.14.4_1,PIGE,0.01352195821343583,0.011763121443725358,0.009796166488021308,0.007897455452027424,0.0061192499717214535,0.004430908816866148,0.40982754495864604,0.34436147183004,0.5301619875563185,0.6088076383394014,0.3208940790438943,0.41381486376222876,0.03299,0.03416,0.01848,0.01297,0.01907,0.01071
KEN,KEN.14_1,KEN.14.5_1,PIGE,0.0012323160533091366,7.37746004473714e-4,3.8995952406329086e-4,1.7708336811181859e-4,4.141532938592599e-5,0,1.2159621717380774e-4,1.0217237184280246e-4,1.5729955921508552e-4,1.8063379760396725e-4,9.520957438121366e-5,1.2277925840455415e-4,10.13,7.221,2.479,0.9803,0.435,0
KEN,KEN.14_1,KEN.14.6_1,PIGE,7.233501022017759e-4,5.467961242174406e-4,3.96005544108212e-4,2.786058910332027e-4,1.8970185935803001e-4,1.281344013951254e-4,0.012364981582648274,0.010389792753880798,0.01599561399079597,0.018368446260004067,0.00968175376732916,0.012485283705277498,0.0585,0.05263,0.02476,0.01517,0.01959,0.01026
KEN,KEN.14_1,KEN.14.7_1,PIGE,8.923735469677202e-4,7.366191868627569e-4,5.871710068809621e-4,4.661505116990064e-4,3.81101707147627e-4,3.1338892513035703e-4,0.04422051430980966,0.03715670549753795,0.05720463654930015,0.06569052572058204,0.03462456681803948,0.04465074719771717,0.02018,0.01982,0.01026,0.007096,0.01101,0.007019
KEN,KEN.15_1,KEN.15.1_1,PIGE,5.808460248201632e-4,0.00195701762451355,0.00182465407361728,0.00170066673013828,0.00158262012277369,0.00146494181191847,5.262548644273053,4.4219062847567105,6.807749462377251,7.817629271574185,4.120564177300716,5.313749349111465,1.104e-4,4.426e-4,2.68e-4,2.175e-4,3.841e-4,2.757e-4
KEN,KEN.15_1,KEN.15.3_1,PIGE,5.405492462724407e-4,4.973053065706455e-4,4.540613668688502e-4,4.1081742716705494e-4,3.6757348746525967e-4,3.2432954776346446e-4,1.0473820659891726,0.8800726897183402,1.3549166342435428,1.5559086007707323,0.8200978865551878,1.05757231859085,5.161e-4,5.651e-4,3.351e-4,2.64e-4,4.482e-4,3.067e-4
KEN,KEN.15_1,KEN.15.4_1,PIGE,0,0,0,0,0,0,0.16378248803166057,0.13761978503484845,0.21187265338777042,0.2433024108957051,0.12824133298736823,0.1653759704665518,0,0,0,0,0,0
KEN,KEN.16_1,KEN.16.4_1,PIGE,0,0,0,0,0,0,0.07093144318409585,0.05960081618322857,0.09175848563939966,0.10537018543561365,0.05553916620736537,0.07162155364800266,0,0,0,0,0,0
KEN,KEN.16_1,KEN.16.9_1,PIGE,6.234193264239378e-4,5.859228934993845e-4,5.685997380441419e-4,5.282238019460229e-4,4.91609020231063e-4,4.4569125009327726e-4,0.29473371991739633,0.24765279649258035,0.3812740667956843,0.43783328419275186,0.23077586360286606,0.29760126095492007,0.002115,0.002366,0.001491,0.001206,0.00213,0.001498
KEN,KEN.18_1,KEN.18.1_1,PIGE,0.14426539095953408,0.11644955497502091,0.09499363640580484,0.07491365164784143,0.06575709208412715,0.05699291033025245,151.580294211573,127.3667762385149,196.0876252514654,225.17578936050117,118.68704168513963,153.05505832832705,9.517e-4,9.143e-4,4.844e-4,3.327e-4,5.54e-4,3.724e-4
KEN,KEN.18_1,KEN.18.2_1,PIGE,3.473484679576623,2.4391060619787948,1.5753097364148432,0.8530775801704429,0.29317945742207413,0.052020933274627715,1027.0801315276037,863.013797220306,1328.6536022492694,1525.7496401900903,804.2015158939332,1037.0728613272552,0.003382,0.002826,0.001186,5.591e-4,3.646e-4,5.016e-5
KEN,KEN.18_1,KEN.18.3_1,PIGE,0.5109111942832262,0.36642445273836327,0.23092116602940352,0.14753491133948687,0.11109180877876848,0.08899994760663775,535.4738610371288,449.9369775935063,692.7008444016276,795.4579450324418,419.2748720853459,540.6836255373549,9.541e-4,8.144e-4,3.334e-4,1.855e-4,2.65e-4,1.646e-4
KEN,KEN.18_1,KEN.18.4_1,PIGE,3.4087878391188084,2.3141664785493674,1.3084528177698944,0.6286582980859391,0.27062106970827193,0.11044285363747489,1557.2862765205928,1308.5245265724311,2014.540012525623,2313.3822796672434,1219.3517777390875,1572.4375198406544,0.002189,0.001769,6.495e-4,2.717e-4,2.219e-4,7.024e-5
KEN,KEN.18_1,KEN.18.5_1,PIGE,0.011707503849377453,0.007901458254510302,0.0052738394001098105,0.003361394363543759,0.001880860983931193,0.0010635676942876153,15.722678873728238,13.211129668247324,20.339205560833175,23.356377850222753,12.310823465506735,15.875648906824074,7.446e-4,5.981e-4,2.593e-4,1.439e-4,1.528e-4,6.699e-5
KEN,KEN.18_1,KEN.18.6_1,PIGE,1.3163895797069631,0.9594223426194398,0.6582768088615683,0.4124351027330395,0.20555158924400568,0.08626395848619929,36.72550343904927,30.85895170673885,47.50892451413302,54.556525764536595,28.75598955820859,37.08281541633069,0.03584,0.03109,0.01386,0.00756,0.007148,0.002326
KEN,KEN.18_1,KEN.18.7_1,PIGE,1.1415935863554398,0.8738168219106559,0.6365725958655346,0.4279266943954449,0.2371031607927201,0.11573783308932493,84.31334874336139,70.84508892908383,109.0696150055506,125.24929414910787,66.01716924331599,85.13365524782378,0.01354,0.01233,0.005836,0.003417,0.003592,0.001359
KEN,KEN.18_1,KEN.18.8_1,PIGE,0.13598137622157483,0.11183782996655793,0.08966258392596091,0.0687506993873336,0.04880545095704102,0.03123182536617635,38.47994636529371,32.33313897344466,49.77851073466326,57.162788490571586,30.129714565172424,38.85432777423164,0.003534,0.003459,0.001801,0.001203,0.00162,8.038e-4
KEN,KEN.19_1,KEN.19.1_1,PIGE,0.007782694485962592,0.005232440482642038,0.003385480756251302,0.0021889328354387583,0.001459491579578923,0.0010865036919312974,0.1863460625626806,0.15111623352461814,0.1934721753509545,0.2651460670100848,0.15808711980543014,0.19208985888025382,0.04176,0.03463,0.0175,0.008256,0.009232,0.005656
KEN,KEN.19_1,KEN.19.2_1,PIGE,0.00988278753795754,0.008134254816438166,0.006495727859802475,0.005165124019624766,0.004191790700316925,0.003476202052025609,5.409791510099163,3.9684509220788793,1.970147708132477,6.802827823826158,5.522590581077013,5.877735349150145,0.001827,0.00205,0.003297,7.593e-4,7.59e-4,5.914e-4
KEN,KEN.1_1,KEN.1.2_1,PIGE,0.006073368032542139,0.006021490851680143,0.005916580257655124,0.005768190216918465,0.005818795409551955,0.0054460924363687255,0.21032203294494017,0.1767250779361696,0.27207723927933264,0.31243790648788955,0.16468169573940278,0.21236831071978746,0.02888,0.03407,0.02175,0.01846,0.03533,0.02564
KEN,KEN.1_1,KEN.1.3_1,PIGE,0.05917260879440677,0.059964661513974955,0.06415937086728613,0.06668164381936029,0.07022731543439584,0.06807800007526704,0.8163290189474678,0.6859281810613498,1.0560212960521231,1.2126743266694708,0.6391838517305765,0.8242712963448738,0.07249,0.08742,0.06076,0.05499,0.1099,0.08259
KEN,KEN.1_1,KEN.1.4_1,PIGE,0.0028369501254665065,0.0037900958936840784,0.0037748633166909042,0.0036854790231171724,0.003969235193379801,0.0037659934413535752,0.24718512712317423,0.20769964156318735,0.3197641542205437,0.36719882625671135,0.1935454185480451,0.24959005553139935,0.01148,0.01825,0.01181,0.01004,0.02051,0.01509
KEN,KEN.1_1,KEN.1.6_1,PIGE,1.5388095289036684e-6,6.004307001982918e-6,5.8536791956978946e-6,1.5727370267527942e-5,1.4839200272147492e-5,1.3951030276767038e-5,0.006170564024978638,0.005184874798685273,0.007982378266341992,0.009166505661908077,0.004831538251477725,0.006230599047680666,2.494e-4,0.001158,7.333e-4,0.001716,0.003071,0.002239
KEN,KEN.1_1,KEN.1.7_1,PIGE,3.9093183121653344e-4,5.598320577217496e-4,5.448900239565846e-4,5.156952774098617e-4,4.759222718875673e-4,6.167270670219045e-4,0.2580676603583785,0.2168437930684075,0.33384204020111097,0.38336506359135253,0.2020664184738257,0.2605784677635943,0.001515,0.002582,0.001632,0.001345,0.002355,0.002367
KEN,KEN.22_1,KEN.22.1_1,PIGE,0.006395509837555064,0.007170570093400988,0.006637886300784676,0.006109913945036625,0.00567641929501923,0.00523499674510813,8.740505209666175,7.344292192079213,11.30691109273917,12.984208602003674,6.843796626498605,8.825543858737046,7.317e-4,9.763e-4,5.871e-4,4.706e-4,8.294e-4,5.932e-4
KEN,KEN.22_1,KEN.22.2_1,PIGE,0.00692334058939355,0.00602240891101298,0.0051928180487796835,0.004395525440084485,0.0036489223320742277,0.0030162610457658565,15.804236704305225,13.279659406968497,20.444710576519327,23.47753376283148,12.374683070000769,15.958000234752424,4.381e-4,4.535e-4,2.54e-4,1.872e-4,2.949e-4,1.89e-4
KEN,KEN.22_1,KEN.22.3_1,PIGE,0.04131220272288263,0.05537872949428377,0.06287350426900944,0.06660521933393923,0.07239071599509184,0.06672079838384201,75.9050755897429,63.779957865184166,98.19248665760459,112.75862341665723,59.43350959629993,76.64357581723955,5.443e-4,8.683e-4,6.403e-4,5.907e-4,0.001218,8.705e-4
KEN,KEN.22_1,KEN.22.4_1,PIGE,0.24788096881285154,0.17631213409883073,0.159195629725149,0.14573763097914366,0.13792191667624104,0.12293544955065411,353.392873094074,296.94170489492495,457.15684631860785,524.9727186982727,276.7058533453176,356.83112429332493,7.014e-4,5.938e-4,3.482e-4,2.776e-4,4.984e-4,3.445e-4
KEN,KEN.22_1,KEN.22.5_1,PIGE,0.195953431702496,0.17116649711768506,0.14727193987508544,0.12362114658621609,0.10257413695275754,0.08037729062327703,94.56253554925951,79.45706510529779,122.32819002007103,140.47468173214068,74.04226028828074,95.48255905853357,0.002072,0.002154,0.001204,8.8e-4,0.001385,8.418e-4
KEN,KEN.22_1,KEN.22.6_1,PIGE,6.23355711386734e-4,8.469702876819664e-4,0.0010578480819084066,0.0023659525073372375,0.002301924988540683,0.002166512910935466,10.800994092198591,9.075637468907532,13.972405139537106,16.045109182821715,8.457154953614323,10.906079773654081,5.771e-5,9.332e-5,7.571e-5,1.475e-4,2.722e-4,1.987e-4
KEN,KEN.22_1,KEN.22.7_1,PIGE,0.43036863559812555,0.29008171715086634,0.1873034198905726,0.1211841622287268,0.06361265101817613,0.03689051864220289,467.7432670365982,393.0257052184415,605.083048147072,694.8426899476507,366.24196384807914,472.2940629673413,9.201e-4,7.381e-4,3.095e-4,1.744e-4,1.737e-4,7.811e-5
KEN,KEN.22_1,KEN.22.9_1,PIGE,0.2717902439766315,0.25204985844037525,0.23143354436796063,0.2259741754882283,0.2257442572232956,0.20699409711109018,251.91353983184834,211.67273507485746,325.88093360849376,374.22298510028634,197.24775544597745,254.36447219743633,0.001079,0.001191,7.102e-4,6.038e-4,0.001144,8.138e-4
KEN,KEN.23_1,KEN.23.1_1,PIGE,0.20965968915985658,0.17995777404357735,0.1501529714435668,0.1215356615867914,0.09461548203817213,0.0695052411764884,218.2224448389297,183.36347377203833,282.297387055524,324.17413838897767,170.8677011213617,220.3455877764252,9.608e-4,9.814e-4,5.319e-4,3.749e-4,5.537e-4,3.154e-4
KEN,KEN.23_1,KEN.23.2_1,PIGE,0.8710633215360516,0.6582811883429569,0.4283915631961805,0.2925562156601535,0.27046112487834495,0.2296899132470461,975.6442159543423,819.7942825497599,1262.1149628446121,1449.3404806028743,763.9273055322877,985.1365123500715,8.928e-4,8.03e-4,3.394e-4,2.019e-4,3.54e-4,2.332e-4
KEN,KEN.23_1,KEN.23.3_1,PIGE,2.0942332003241884,1.5285103563583495,1.0126579762327517,0.6651319342489423,0.3765293269615189,0.21721520497795282,1538.2371727423651,1292.5183369084943,1989.8976700465425,2285.084426030111,1204.4363707862856,1553.203082376049,0.001361,0.001183,5.089e-4,2.911e-4,3.126e-4,1.398e-4
KEN,KEN.23_1,KEN.23.4_1,PIGE,0.5040588220891872,0.4269388579066789,0.35962957550959973,0.2925934797794483,0.22701340580896537,0.17241884202483018,259.47074605386615,218.02274909795048,335.6571029273282,385.4493775891923,203.16503153098026,261.99520444483306,0.001943,0.001958,0.001071,7.591e-4,0.001117,6.581e-4
KEN,KEN.23_1,KEN.23.5_1,PIGE,1.7034778232914067,1.3399528651860948,0.9960163351536375,0.7287543340302122,0.6035361656592925,0.47839913034637566,1375.1115092463165,1155.4504549035905,1778.8746994230453,2042.757742118227,1076.7093299860614,1388.4903268618923,0.001239,0.00116,5.599e-4,3.568e-4,5.605e-4,3.445e-4
KEN,KEN.23_1,KEN.23.6_1,PIGE,1.0748891712381365,0.7810359016830767,0.5215227685402531,0.3400594193897615,0.22512923539366886,0.1488058352382896,1128.3343009598818,948.0935710020948,1459.6382380428383,1676.1648880727164,883.4833110026634,1139.3121589157172,9.526e-4,8.238e-4,3.573e-4,2.029e-4,2.548e-4,1.306e-4
KEN,KEN.26_1,KEN.26.10_1,PIGE,6.709428831472186e-4,4.839225535065542e-4,2.969022238658898e-4,1.432117697737967e-4,4.151574025101792e-5,0,19.55050131743711,16.42749368973509,25.290961438965173,29.042690472699377,15.308000138786353,19.740713230914896,3.432e-5,2.946e-5,1.174e-5,4.931e-6,2.712e-6,0
KEN,KEN.26_1,KEN.26.1_1,PIGE,6.614820009435271e-5,2.2049400031450905e-5,0,0,1.1607332698036748e-4,1.1012084867368196e-4,0.8489888641916112,0.7133709250066097,1.0982707950936383,1.2611912296844296,0.6647564397380348,0.8572488977200192,7.791e-5,3.091e-5,0,0,1.746e-4,1.285e-4
KEN,KEN.26_1,KEN.26.2_1,PIGE,0.05538295241668334,0.04355156671254547,0.03430056852847259,0.028559744492555782,0.02594143099343007,0.023039786200182762,164.24711374654137,138.01019118737432,212.47370350141233,243.9926223948294,128.60513391463834,165.8451166458874,3.372e-4,3.156e-4,1.614e-4,1.171e-4,2.017e-4,1.389e-4
KEN,KEN.26_1,KEN.26.3_1,PIGE,0.020385469909949504,0.02070064053681205,0.02012438247836386,0.01860456798886557,0.018194865049815934,0.016665006384747237,10.593008289840462,8.900875430823868,13.703350099879367,15.736141797150859,8.294302521358574,10.696070423316264,0.001924,0.002326,0.001469,0.001182,0.002194,0.001558
KEN,KEN.26_1,KEN.26.4_1,PIGE,0.00120199025524197,6.799512864980305e-4,2.2665042883267684e-4,0,0,0,7.643383094452946,6.4224249554340105,9.887649629354298,11.354410087605883,5.98475238925593,7.717747557043116,1.573e-4,1.059e-4,2.292e-5,0,0,0
KEN,KEN.26_1,KEN.26.5_1,PIGE,0.16907787904247812,0.16695716328478322,0.1578056870624223,0.14760154982276966,0.15219237200231897,0.13918860239666453,89.6140532974947,75.2990560780751,115.92672379786401,133.1236048459705,70.16760941530109,90.48593173556901,0.001887,0.002217,0.001361,0.001109,0.002169,0.001538
KEN,KEN.26_1,KEN.26.6_1,PIGE,0.03085687054358133,0.028508064667219828,0.027117598783235993,0.0255987727377976,0.023712154540007763,0.02169506342577685,36.92353656158576,31.025350911444935,47.76510454677705,54.850708230130955,28.91104906374511,37.282775254635645,8.357e-4,9.189e-4,5.677e-4,4.667e-4,8.202e-4,5.819e-4
KEN,KEN.26_1,KEN.26.7_1,PIGE,0.027664083623430067,0.02404827445511199,0.020597731502796087,0.01854918494159123,0.01730019505941371,0.015571608197445054,108.15789350900288,90.8806932500236,139.91544613826207,160.67087858046463,84.6873960909612,109.21018979276747,2.558e-4,2.646e-4,1.472e-4,1.154e-4,2.043e-4,1.426e-4
KEN,KEN.26_1,KEN.26.8_1,PIGE,0.33925841052582456,0.30343868565274146,0.27098097478459077,0.2510532658637134,0.2644389104501516,0.24239592896260914,171.36633277789946,143.99218232993232,221.68328289143219,254.56837548565542,134.17946697907388,173.0336004113019,0.00198,0.002107,0.001222,9.862e-4,0.001971,0.001401
KEN,KEN.26_1,KEN.26.9_1,PIGE,0.026454532406944564,0.025039428001620408,0.024887617287904767,0.023470483449745082,0.022178895866179205,0.0202061074874848,63.972397064442106,53.75341184504798,82.75610947489857,95.03237265236386,50.09024818547984,64.59480115822026,4.135e-4,4.658e-4,3.007e-4,2.47e-4,4.428e-4,3.128e-4
KEN,KEN.27_1,KEN.27.1_1,PIGE,0.0062468616996410155,0.005969099708611144,0.005595014943435459,0.005119853661410882,0.004675886034194132,0.004198149682443413,1.8230609307940906,1.5318441941901286,2.358351990722328,2.7081962485893327,1.427452755736819,1.8407979648681811,0.003427,0.003897,0.002372,0.001891,0.003276,0.002281
KEN,KEN.27_1,KEN.27.2_1,PIGE,7.417838942359963e-6,6.896891456040193e-6,6.375943969720421e-6,5.854996483400649e-6,5.334048997080879e-6,4.813101510761107e-6,0.005503215690080983,0.004624129046830377,0.007119081682269195,0.008175145347755037,0.004309005952312553,0.005556757907218795,0.001348,0.001492,8.956e-4,7.162e-4,0.001238,8.662e-4
KEN,KEN.27_1,KEN.27.3_1,PIGE,6.101972595092652e-4,5.848454575885381e-4,6.031517554010225e-4,6.146391615107324e-4,5.815875335664932e-4,5.336794781765494e-4,0.43746059385890057,0.3675804025912785,0.5659087115318342,0.6498571271988649,0.34253069641405387,0.44171676178410946,0.001395,0.001591,0.001066,9.458e-4,0.001698,0.001208
KEN,KEN.27_1,KEN.27.4_1,PIGE,0.002426251325144756,0.0023732549117270454,0.0022039526752809877,0.0020467059181659033,0.0019206982149563001,0.0017466270206407395,1.9121915262898117,1.606737020276505,2.4736533028019196,2.8406016664657963,1.4972418187416479,1.9307957351152494,0.001269,0.001477,8.91e-4,7.205e-4,0.001283,9.046e-4
KEN,KEN.27_1,KEN.27.5_1,PIGE,0.0025760077909705173,0.002462834565139641,0.002333187103825457,0.0022076450617960234,0.0020613054129163598,0.0018856235182566439,0.8148445843198314,0.6846808708219663,1.0541009985458523,1.2104691670821333,0.6380215426359442,0.8227724192665621,0.003161,0.003597,0.002213,0.001824,0.003231,0.002292
KEN,KEN.27_1,KEN.27.6_1,PIGE,0.0032009144080143905,0.003130391347174449,0.0029671423667250894,0.0028941883637746595,0.003178773994239257,0.002938472345066951,1.422236892064916,1.1950480036471836,1.8398371382019767,2.1127635125271604,1.1136084025476467,1.4360742047898372,0.002251,0.002619,0.001613,0.00137,0.002854,0.002046
KEN,KEN.27_1,KEN.27.7_1,PIGE,0.0030680975833580065,0.0030403336154787726,0.002837828213485338,0.0026856583595539166,0.0026306867830690347,0.0023979196797215808,3.114798804824628,2.617239163346357,4.029372709368523,4.6271006612281775,2.438880710134012,3.145103492727212,9.85e-4,0.001162,7.043e-4,5.804e-4,0.001079,7.624e-4
KEN,KEN.27_1,KEN.27.8_1,PIGE,0.0027068650049580614,0.00270644946805454,0.0026370058754240696,0.002513007352330348,0.0024543133371199635,0.0022446684906999663,3.008930871605588,2.528282630894173,3.892419606571226,4.4698315679429506,2.3559863479846057,3.038205542843814,8.996e-4,0.00107,6.775e-4,5.622e-4,0.001042,7.388e-4
KEN,KEN.28_1,KEN.28.2_1,PIGE,2.3364700335680936e-5,2.1525309984116394e-5,1.9685919632551855e-5,1.7846529280987312e-5,1.7409697625937564e-5,1.5498381187372265e-5,0.006695345062602086,0.0056258270302458465,0.00866124663758919,0.009946079187628683,0.0052424406660161816,0.006760485816543555,0.00349,0.003826,0.002273,0.001794,0.003321,0.002292
KEN,KEN.28_1,KEN.28.3_1,PIGE,0.0010801428116359768,9.276075549599428e-4,7.805116160801786e-4,6.380362931738479e-4,4.987309213679503e-4,3.59864222981124e-4,0.0256507654944437,0.02155329837608927,0.03318239826522039,0.03810476419745252,0.02008449376173821,0.025900328465113732,0.04211,0.04304,0.02352,0.01674,0.02483,0.01389
KEN,KEN.29_1,KEN.29.1_1,PIGE,0.004057882270763531,0.0031859129280201867,0.002770399360243342,0.002488371500441443,0.0022571583863810877,0.002043366253652168,5.679873374606633,4.772567337525254,7.347609974955489,8.437574140142381,4.447328536236494,5.735134340315572,7.144e-4,6.675e-4,3.77e-4,2.949e-4,5.075e-4,3.563e-4
KEN,KEN.29_1,KEN.29.5_1,PIGE,0.01598632557757213,0.014691132591648863,0.014123619828302101,0.013722479074431517,0.01431472364258927,0.012994405372996226,62.53661014482475,52.54697830255966,80.89874372099709,92.89948028228403,48.96603014074013,63.145045094134815,2.556e-4,2.796e-4,1.746e-4,1.477e-4,2.923e-4,2.058e-4
KEN,KEN.29_1,KEN.29.6_1,PIGE,0.04388146802374868,0.03814733784544613,0.03710147158616585,0.039613360439801064,0.03715465140208593,0.03360468497490489,25.791717654823998,21.671734762328466,33.36473710119374,38.3141516652681,20.194858997679216,26.04265198573178,0.001701,0.00176,0.001112,0.001034,0.00184,0.00129
KEN,KEN.30_1,KEN.30.11_1,PIGE,0,0,0,0,0,0,0.0010763621081772766,9.044234443329409e-4,0.0013924058585646206,0.0015989590771492692,8.427891967489507e-4,0.001086834315148705,0,0,0,0,0,0
KEN,KEN.30_1,KEN.30.14_1,PIGE,5.39327263207186e-4,5.095880839270088e-4,4.7984890464683173e-4,4.5010972536665457e-4,4.2037054608647746e-4,3.906313668063004e-4,0.18483308348411187,0.15530774701318825,0.23910416981852115,0.2745735234909754,0.14472390358110807,0.18663137263857746,0.002918,0.003281,0.002007,0.001639,0.002905,0.002093
KEN,KEN.30_1,KEN.30.17_1,PIGE,0,0,0,0,4.785757530915783e-5,4.540334067791896e-5,0.025745377212161608,0.02163279676697706,0.03330479007838293,0.03824531194035469,0.0201585745315579,0.025995860684847032,0,0,0,0,0.002374,0.001747
KEN,KEN.30_1,KEN.30.4_1,PIGE,0,0,0,0,0,0,0.0014304164172181013,0.0012019209270396458,0.0018504183530710675,0.0021249143731818555,0.0011200129530063343,0.001444333310671182,0,0,0,0,0,0
KEN,KEN.30_1,KEN.30.9_1,PIGE,5.431053087099765e-5,4.726938761177813e-5,4.022824435255861e-5,3.3187101093339096e-5,2.614595783411958e-5,1.9104814574900064e-5,2.860914449301211e-4,2.4039104317417334e-4,3.7009422849388246e-4,4.249949987002195e-4,2.240089810274999e-4,2.8887490302596265e-4,0.1898,0.1966,0.1087,0.07809,0.1167,0.06614
KEN,KEN.33_1,KEN.33.2_1,PIGE,0.004285854137618589,0.0042105774200867615,0.004052300537702672,0.003907314864717693,0.0036454305941801966,0.0033525447402640066,0.49831569081049454,0.4187144735252496,0.6446322125499149,0.7402586834430984,0.39018010537064096,0.5031639338057025,0.008601,0.01006,0.006286,0.005278,0.009343,0.006663
KEN,KEN.33_1,KEN.33.5_1,PIGE,0,0,0,0,0,0,1.1264708264618835e-4,8.263431560388685e-5,4.102401937096641e-5,1.416540187672201e-4,1.1499587672580017e-4,1.2239099019104388e-4,0,0,0,0,0,0
KEN,KEN.36_1,KEN.36.3_1,PIGE,0.01946147161338183,0.01863144393464961,0.01796661688308975,0.01798663708382334,0.02053970758213829,0.01879026949138517,103.59003584342281,87.04250763224624,134.00636430945852,153.88522770886948,81.11077344362837,104.59789025160802,1.879e-4,2.14e-4,1.341e-4,1.169e-4,2.532e-4,1.796e-4
KEN,KEN.39_1,KEN.39.1_1,PIGE,0.001529769666047641,0.0012352695491667026,9.832342732031306e-4,7.854980339829901e-4,6.233087272298212e-4,4.7271671696173584e-4,0.8891516297606962,0.744541555234772,1.127780958712135,1.3153474023781146,0.7019477696035769,0.8996563584969781,0.00172,0.001659,8.718e-4,5.972e-4,8.88e-4,5.254e-4
KEN,KEN.39_1,KEN.39.2_1,PIGE,0.0011799344531046889,0.0010206289136236958,8.622195040824801e-4,7.033598669815608e-4,5.466085456734901e-4,3.912040857126857e-4,0.23011800689356385,0.18747040085772626,0.24638872009747065,0.32926059829238,0.19330932342048085,0.23659393067615972,0.005128,0.005444,0.003499,0.002136,0.002828,0.001653
KEN,KEN.39_1,KEN.39.3_1,PIGE,0.0010554348635655043,7.587984614723381e-4,5.241460517454082e-4,3.4326577861599784e-4,2.2819702450911134e-4,1.494858995064749e-4,1.1971338569033532,1.0059030487626432,1.5486388671383362,1.7783681091299317,0.9373532141233453,1.2087810836375104,8.816e-4,7.543e-4,3.385e-4,1.93e-4,2.434e-4,1.237e-4
KEN,KEN.39_1,KEN.39.4_1,PIGE,0.0024616414728640783,0.0018611905701827439,0.0015067434782213974,0.001194225567061885,9.173890705214025e-4,6.586465892850512e-4,0.4865480475984718,0.408826599988414,0.6294093287030785,0.7227775961885676,0.38096606625225965,0.49128180013145895,0.005059,0.004553,0.002394,0.001652,0.002408,0.001341
KEN,KEN.40_1,KEN.40.3_1,PIGE,0.00117849428949775,0.00111805868490812,0.00105762308031849,9.971874757288678e-4,0.00123592209976658,0.00116014443217042,0.10753711502304864,0.09035907825431803,0.13911239334204523,0.15974869877919273,0.08420132788253795,0.10858337159142475,0.01096,0.01237,0.007603,0.006242,0.01468,0.01068
KEN,KEN.41_1,KEN.41.1_1,PIGE,0.033173527043457746,0.029816901684817907,0.026232780034788725,0.02485237245945718,0.02182756635681227,0.018948224554726285,56.7402509510708,47.67653265348034,73.40044511088045,84.28886395079196,44.42749346069592,57.29229161383307,5.847e-4,6.254e-4,3.574e-4,2.948e-4,4.913e-4,3.307e-4
KEN,KEN.41_1,KEN.41.2_1,PIGE,0.37618976417076266,0.2945959286442165,0.22010430218334465,0.15385149457302227,0.09634218631857751,0.06438435774259689,411.99039257017637,346.17882499727483,532.959895121624,612.0205950151093,322.5875840338635,415.99875428084727,9.131e-4,8.51e-4,4.13e-4,2.514e-4,2.987e-4,1.548e-4
KEN,KEN.41_1,KEN.41.3_1,PIGE,0.511900476693082,0.4830761255939076,0.45165036111450707,0.4209517985971371,0.39271654959245167,0.3616182545753968,43.32993949485979,36.4083915839823,56.05256924740841,64.36755766603387,33.92724866903155,43.751507748705166,0.01181,0.01327,0.008058,0.00654,0.01158,0.008265
KEN,KEN.41_1,KEN.41.4_1,PIGE,2.468205395178794,1.8296256746328365,1.2613898523516414,0.7850737962609792,0.3606612150974091,0.15150158560792412,1706.4161159423302,1433.832284991229,2207.45767519703,2534.917865698786,1336.1201186372843,1723.0182822669974,0.001446,0.001276,5.714e-4,3.097e-4,2.699e-4,8.793e-5
KEN,KEN.47_1,KEN.47.1_1,PIGE,0,0,0,0,0,0,0.028462746727197202,0.028532500874145314,0.028408519250832227,0.028467929306523462,0.028469656832965543,0.028455264041216656,0,0,0,0,0,0
KEN,KEN.47_1,KEN.47.4_1,PIGE,1.4875725241464284e-5,1.3630685501711815e-5,1.2385645761959345e-5,1.1140606022206877e-5,9.895566282454408e-6,8.65052654270194e-6,0.034072124648188803,0.028629425075395606,0.044076454952712237,0.050614874464727996,0.02667839971847811,0.03440362121292422,4.366e-4,4.761e-4,2.81e-4,2.201e-4,3.709e-4,2.514e-4
KEN,KEN.4_1,KEN.4.1_1,PIGE,0,0,0,0,0,0,0.0038711546616084034,0.0038806417674633943,0.003863779303568311,0.0038718595326565244,0.003872094489672564,0.003870136958187418,0,0,0,0,0,0
KEN,KEN.4_1,KEN.4.3_1,PIGE,1.8185424681797032e-4,1.8008275448928938e-4,1.6969202718103478e-4,1.5559025124170292e-4,1.4165745375840656e-4,1.275470122572267e-4,0.0822041185206267,0.08240557757930388,0.08204750250823314,0.08221908648451512,0.08222407580581126,0.08218250754923688,0.002212,0.002185,0.002068,0.001892,0.001723,0.001552
KEN,KEN.4_1,KEN.4.6_1,PIGE,7.743764161417801e-4,7.523294869238397e-4,6.881002440190524e-4,6.238710011142654e-4,5.879455647226703e-4,5.222648445607963e-4,1.502432224764097,1.5061142614694878,1.4995697776243584,1.5027057919732565,1.502796981042976,1.5020372443128882,5.154e-4,4.995e-4,4.589e-4,4.152e-4,3.912e-4,3.477e-4
KEN,KEN.4_1,KEN.4.7_1,PIGE,0.005883255096750292,0.007427219128668951,0.007166486718186254,0.00730957600933221,0.00691622082064539,0.00636308010379256,5.213742261164522,5.226519669730202,5.20380899337592,5.21469159444968,5.215008038878065,5.212371599488834,0.001128,0.001421,0.001377,0.001402,0.001326,0.001221
KEN,KEN.5_1,KEN.5.1_1,PIGE,3.3105719650243444e-4,3.052910777440632e-4,2.79524958985692e-4,2.5375884022732075e-4,2.2799272146894952e-4,2.0222660271057823e-4,0.031075867103776904,0.0261117913275721,0.04020042984284238,0.04616386939708646,0.02433233655820567,0.03137821229937139,0.01065,0.01169,0.006953,0.005497,0.00937,0.006445
KEN,KEN.5_1,KEN.5.2_1,PIGE,1.0268759232453756e-5,9.984037259052463e-6,1.0783142820673512e-5,9.82815883807474e-6,8.873174855475969e-6,7.9181908728772e-6,0.10914892308024302,0.09171341522290559,0.1411974639374043,0.16214307433746797,0.08546337009632109,0.11021086134852748,9.408e-5,1.089e-4,7.637e-5,6.061e-5,1.038e-4,7.185e-5
KEN,KEN.5_1,KEN.5.3_1,PIGE,4.617704394300061e-4,4.274826476712186e-4,3.9126408038782124e-4,3.5586318065390643e-4,3.2428795976453025e-4,2.8778719014201966e-4,0.13009875861367454,0.10931671272604856,0.16829863510563994,0.19326450590448066,0.10186704589195343,0.131364523282068,0.003549,0.00391,0.002325,0.001841,0.003183,0.002191
KEN,KEN.6_1,KEN.6.1_1,PIGE,0.0016905141684727843,0.0015827181088817089,0.0014749220492906337,0.0013688948382661258,0.003010821861186715,0.00281862357420265,3.6462371825671087,3.0637852879237966,4.716853163216713,5.416563808974798,2.8549958075500794,3.6817123727030956,4.636e-4,5.166e-4,3.127e-4,2.527e-4,0.001055,7.656e-4
KEN,KEN.6_1,KEN.6.2_1,PIGE,0.4768468553494509,0.34762840684597024,0.22412768837768468,0.12192839614660154,0.046793710539138465,0.010223825738861833,0.08433751249489693,0.07086539274991303,0.1091008737696295,0.1252851899220659,0.06603608940837231,0.08515805409478434,5.654,4.905,2.054,0.9732,0.7086,0.1201
KEN,KEN.6_1,KEN.6.3_1,PIGE,1.8681307560119242,1.397461753561213,0.9516815413067196,0.5564101343492142,0.24570781136087327,0.1008439942000139,78.19536106171955,65.70439190028645,101.1552506612223,116.16089177677401,61.2267981546659,78.95614407240222,0.02389,0.02127,0.009408,0.00479,0.004013,0.001277
KEN,KEN.6_1,KEN.6.4_1,PIGE,0.004307182235676728,0.00399234383904312,0.003682302971548444,0.003765461859490177,0.0038219866907327304,0.0034598610015855,2.7985424558963756,2.3515017742123088,3.6202564930780223,4.157295048430046,2.1912526746847205,2.825770203504571,0.001539,0.001698,0.001017,9.057e-4,0.001744,0.001224
KEN,KEN.8_1,KEN.8.6_1,PIGE,1.2745780087723132e-4,1.1961411774904115e-4,1.11770434620851e-4,1.125405112213803e-4,1.0601230506471378e-4,9.763677742532451e-5,0.1863712333012679,0.1566001919487389,0.24109395448344673,0.2768584781484019,0.14592827155265964,0.1881844875154619,6.839e-4,7.638e-4,4.636e-4,4.065e-4,7.265e-4,5.188e-4
KEN,KEN.8_1,KEN.8.8_1,PIGE,0,0,0,0,0,0,0.0022098558022053826,0.0018568522441711126,0.002858718401732337,0.0032827883546652256,0.001730312301336548,0.0022313560642100486,0,0,0,0,0,0
KEN,KEN.9_1,KEN.9.1_1,PIGE,0.004397443890945268,0.003793069167622581,0.003188694444299884,0.0025843197209771884,0.0019799449976545024,0.0013755702743318075,0.633140494077295,0.5320022899818909,0.8190445636744084,0.940543830393672,0.4957476339781673,0.6393004826588308,0.006945,0.00713,0.003893,0.002748,0.003994,0.002152
LAO,LAO.2_1,LAO.2.2_1,PIGE,0.06129952641599456,0.0703014337922092,0.07316733784911224,0.07263008657504584,0.07087809313056573,0.06557843242204471,0.08354672570780514,0.08415106509916603,0.08098982495100283,0.07798134938554407,0.06562827141667045,0.07003068239801594,0.7337,0.8354,0.9034,0.9314,1.08,0.9364
LAO,LAO.2_1,LAO.2.3_1,PIGE,0.04043735630192845,0.0399130513230382,0.04059757897894937,0.04136708255120391,0.03985868358438151,0.03654717239003901,0.14817394271176063,0.14924576628827219,0.1436391621677197,0.13830349302797296,0.11639474374107193,0.12420262115358638,0.2729,0.2674,0.2826,0.2991,0.3424,0.2943
LAO,LAO.2_1,LAO.2.6_1,PIGE,0,0,0,0,0,0,0.0027675831767225607,0.002787602627136581,0.002682882843356724,0.0025832235653658127,0.0021740133841438,0.0023198484059925636,0,0,0,0,0,0
MMR,MMR.10_1,MMR.10.1_1,PIGE,0.03316167666741321,0.02913559908136866,0.02590583506220131,0.022433900814140588,0.01866921609582092,0.01505975818257755,246.7424544883997,248.5272782921467,239.19103983663786,230.30596817164115,193.82304496066368,206.8248913167129,1.344e-4,1.172e-4,1.083e-4,9.741e-5,9.632e-5,7.281e-5
MMR,MMR.11_1,MMR.11.1_1,PIGE,0.25893739509079045,0.25367549987973453,0.2427556625975909,0.23894918602795218,0.2239265613947346,0.20402196000995845,2.225918029138325,2.242393127722494,2.1580901896117024,2.0774790847337976,1.7492342405593393,1.8665036944390863,0.1163,0.1131,0.1125,0.115,0.128,0.1093
MMR,MMR.11_1,MMR.11.2_1,PIGE,1.355631303826086,1.214501885714467,1.065134985352995,0.9267116633458161,0.7958036449206461,0.6950751183723456,8.559110283368197,8.621023032855616,8.297163505972778,7.988954250236806,6.723418637932641,7.174432376446238,0.1584,0.1409,0.1284,0.116,0.1184,0.09688
MMR,MMR.11_1,MMR.11.3_1,PIGE,0.22200034278841893,0.2054982911617769,0.189031509013328,0.1749380420875652,0.1604225445572513,0.1446421555519184,1.8266923760456135,1.8594492815587362,1.786217668032803,1.696551009002485,1.4722394363256683,1.567289236477831,0.1215,0.1105,0.1058,0.1031,0.109,0.09229
MMR,MMR.11_1,MMR.11.4_1,PIGE,0.49945855287191426,0.4472495824275516,0.38908482704605707,0.3368088185957293,0.28879522588021156,0.2561660990770701,4.136918057111675,4.166842659417319,4.010309996515115,3.8613416583105353,3.2496639309383006,3.4676546819732446,0.1207,0.1073,0.09702,0.08723,0.08887,0.07387
MMR,MMR.11_1,MMR.11.5_1,PIGE,0.7172698406908338,0.6952129932132584,0.6523491350818288,0.6131979086467988,0.568732832401941,0.5149319740612848,3.230107038882042,3.2534721786331278,3.131251421713333,3.014936892113699,2.5373387126390288,2.707545965866754,0.2221,0.2137,0.2083,0.2034,0.2241,0.1902
MMR,MMR.12_1,MMR.12.1_1,PIGE,30.35419190383672,28.727553229651843,26.471075615565447,24.5630007915582,22.055814842254858,19.246378894604064,205.00859528102632,206.46546005692335,198.5552229536512,191.22652811109143,161.06471885645848,171.80401578924403,0.1481,0.1391,0.1333,0.1284,0.1369,0.112
MMR,MMR.12_1,MMR.12.2_1,PIGE,4.7769488632155115,4.090912973474389,3.3480929093104326,2.658081110403861,2.061039267657101,1.5943306236847243,471.56548313920865,474.976575490857,457.13348558926947,440.15264975735687,370.427772674544,395.2764432095952,0.01013,0.0086130000000000009,0.007324,0.006039,0.005564,0.004033
MMR,MMR.12_1,MMR.12.3_1,PIGE,52.524492338827045,46.791758024023416,40.677554188823684,35.22099436798047,29.859152292650432,24.802202900978205,2255.1200736478204,2271.4325967444224,2186.103386588695,2104.897647150468,1771.459396124659,1890.29068834312,0.02329,0.0206,0.01861,0.01673,0.01686,0.01312
MMR,MMR.12_1,MMR.12.4_1,PIGE,4.379244168117792,3.623872841658682,2.9222085517430587,2.2700390456796553,1.6968472580204497,1.2095076100655402,103.9089083036766,104.6605385545238,100.72883435069642,96.98712683293665,81.62333088448646,87.0987066709129,0.04215,0.03463,0.02901,0.02341,0.02079,0.01389
MMR,MMR.12_1,MMR.12.5_1,PIGE,6.959644558858014,5.923511852788838,4.934906059439958,4.112785564021643,3.38064683780956,2.8050508859932433,2580.8904713864026,2599.5594708406934,2501.9037637254555,2408.967196139947,2027.3610834879378,2163.3585203308753,0.002697,0.002279,0.001972,0.001707,0.001668,0.001297
MMR,MMR.12_1,MMR.12.6_1,PIGE,0.00206762499536112,0.0018085469224236,0.00154946884948607,0.00129039077654855,0.00103131270361103,7.722346306735098e-4,21.96391563898521,22.122792714019717,21.29172229994192,20.50081274649294,17.253265220344954,18.410631742889368,9.414e-5,8.175e-5,7.277e-5,6.294e-5,5.977e-5,4.195e-5
MMR,MMR.12_1,MMR.12.7_1,PIGE,35.00867398475008,30.480620030979527,25.77560817119899,21.391824437637993,17.312780413016974,13.644676104697991,6540.524689592137,6587.835899895137,6340.355593951087,6104.834590019278,5137.7636394419,5482.410033101008,0.005353,0.004627,0.004065,0.003504,0.00337,0.002489
MMR,MMR.12_1,MMR.12.8_1,PIGE,4.98009556703696,4.2628359305252665,3.5743534993968926,2.9352711919553265,2.3416980823160234,1.809108635715271,104.69804308643155,105.45174200199415,101.46880535692186,97.70615765583943,82.24667674226879,87.75478220818471,0.04757,0.04042,0.03523,0.03004,0.02847,0.02062
MMR,MMR.13_1,MMR.13.10_1,PIGE,0.9960707587173511,0.9641085517890251,0.948562873513958,0.9082182444364187,0.8531958664049121,0.7810510199326972,4.598869511473161,4.6321356625756245,4.458123685293857,4.292520707597417,3.61253961722422,3.854872437182872,0.2166,0.2081,0.2128,0.2116,0.2362,0.2026
MMR,MMR.13_1,MMR.13.11_1,PIGE,16.445455191208392,16.224345315631332,15.59767444977011,15.645318966344497,14.915792208045886,14.007788832866515,559.4138589476225,563.4604068903586,542.293311048338,522.1490993947424,439.4351096135383,468.912862270909,0.0294,0.02879,0.02876,0.02996,0.03394,0.02987
MMR,MMR.13_1,MMR.13.1_1,PIGE,10.057182726588067,9.527235995681021,8.901934728874007,8.318933814212546,7.81797648416699,7.354743796507447,80.09866353331425,80.67806119562171,77.6472887885581,74.76297620749226,62.919722896882064,67.14044169756173,0.1256,0.1181,0.1146,0.1113,0.1243,0.1095
MMR,MMR.13_1,MMR.13.2_1,PIGE,1.3981654902198073,1.2810665971071753,1.1455465561818172,1.0613359877213404,0.9764054434779399,0.9114692264804798,8.85179839981676,8.91582832333649,8.580894066513386,8.2621452589377,6.953333275328488,7.419769920808768,0.158,0.1437,0.1335,0.1285,0.1404,0.1228
MMR,MMR.13_1,MMR.13.3_1,PIGE,24.798334791588047,23.01714465768839,21.357327733444244,20.134523180539325,18.42078962320857,16.731192481151943,596.6248549560748,600.9405704872372,578.3654853609152,556.8813244596454,468.6653795617382,500.10392836122634,0.04156,0.0383,0.03693,0.03616,0.0393,0.03346
MMR,MMR.13_1,MMR.13.4_1,PIGE,54.24887075221394,50.45781749075799,46.504654746621576,42.7957772166706,39.21966538800433,35.7054171116071,190.20195200921543,191.5777872791088,184.38092777496226,177.53185116215099,149.4089112971086,159.43141253943423,0.2852,0.2634,0.2522,0.2411,0.2625,0.224
MMR,MMR.13_1,MMR.13.5_1,PIGE,0.3543991318585177,0.30614879492123487,0.26396960309574236,0.22816608020123377,0.200362641973568,0.18939819920287862,0.4434959911756349,0.44670404146255405,0.42992304470922627,0.4139529771628667,0.3483784078250323,0.37174798461207226,0.7991,0.6854,0.614,0.5512,0.5751,0.5095
MMR,MMR.13_1,MMR.13.6_1,PIGE,43.99860480576171,42.23906723071273,39.46670740357172,37.14312782597721,34.30284074275449,31.36227076871312,465.47661204272936,468.8436602427806,451.23096098312556,434.46938233645625,365.6447954656175,390.17261904045523,0.09452,0.09009,0.08746,0.08549,0.09381,0.08038
MMR,MMR.13_1,MMR.13.7_1,PIGE,5.019336254419341,4.7823231563822315,4.512333626720154,4.200910548268044,3.88616114287385,3.5304364711368357,8.07755740803517,8.135986820873292,7.830348286735164,7.539479507799953,6.345145491545511,6.770784283901685,0.6214,0.5878,0.5763,0.5572,0.6125,0.5214
MMR,MMR.13_1,MMR.13.8_1,PIGE,7.15636116292721,6.913681996765742,6.558421834554647,6.188888586067567,5.7499565086614295,5.258549075607561,10.984507652021422,11.06396463387896,10.648332946303059,10.25278635139187,8.628635574380239,9.207453196522131,0.6515,0.6249,0.6159,0.6036,0.6664,0.5711
MMR,MMR.13_1,MMR.13.9_1,PIGE,10.067802785938921,9.508488200989643,8.776079009387853,8.027798134840976,7.310094948685094,6.634530679954288,29.80011676786522,30.015677393100983,28.888100881293703,27.815013667110215,23.408818657117305,24.97910594477305,0.3378,0.3168,0.3038,0.2886,0.3123,0.2656
MMR,MMR.14_1,MMR.14.1_1,PIGE,0.7919554775111572,0.7538799064867939,0.7062519774293881,0.6514160410666933,0.5925033034122305,0.5350129677976531,0.502011791026039,0.5056431182584876,0.48664800127217867,0.46857080920894817,0.39434419238703716,0.4207972006031507,1.578,1.491,1.451,1.39,1.503,1.271
MMR,MMR.1_1,MMR.1.2_1,PIGE,5.692167238429493e-4,5.22703777918399e-4,4.785933442868135e-4,4.3722153868597236e-4,4.4130171746887577e-4,4.0075361060809024e-4,0.02388560397565113,0.02405838167874649,0.02315459844114798,0.022294489857380247,0.01876280473453299,0.020021432698078094,0.02383,0.02173,0.02067,0.01961,0.02352,0.02002
MMR,MMR.2_1,MMR.2.2_1,PIGE,0.7793740339372698,0.6355884406789306,0.48986832296339894,0.37898177546326123,0.3039803189503026,0.26690973749555924,825.7904136581403,831.763809644085,800.5175604642621,770.7812630733936,648.6812851335712,692.1954833810651,9.438e-4,7.641e-4,6.119e-4,4.917e-4,4.686e-4,3.856e-4
MMR,MMR.2_1,MMR.2.3_1,PIGE,8.212560598297202,7.250556554795469,6.224616609316931,5.231351746694786,4.248745920633841,3.287323005512206,11.476348488046552,11.559363225028203,11.125121268956724,10.711863732955498,9.014990199375958,9.619724881453436,0.7156,0.6272,0.5595,0.4884,0.4713,0.3417
MMR,MMR.3_1,MMR.3.1_1,PIGE,3.927366757094697,3.122551681237457,2.4283828640837375,1.8860203885803548,1.5115914231963508,1.313589312486281,10.861265132613337,10.94681564011504,10.517977098898559,10.120573088531723,8.552875039344594,9.118043143102485,0.3616,0.2852,0.2309,0.1864,0.1767,0.1441
MMR,MMR.3_1,MMR.3.2_1,PIGE,10.232125559784677,7.237054824509593,4.8632201367333625,3.1238910124523906,2.0364957577521023,1.57725360422748,37.35009759480756,37.58507779326829,35.96515346451805,34.692487355410016,29.37298154736442,31.255501944087563,0.274,0.1926,0.1352,0.09005,0.06933,0.05046
MMR,MMR.4_1,MMR.4.1_1,PIGE,1.6151178357916134,1.6008328753520054,1.4913481240537811,1.4563945532697906,1.3286422337856825,1.1816487907189808,5.706875896004072,5.748156866339467,5.5322201548742145,5.326718424641477,4.482909378807887,4.783627484764696,0.283,0.2785,0.2696,0.2734,0.2964,0.247
MMR,MMR.4_1,MMR.4.2_1,PIGE,3.8771139026656334,3.542488404273279,3.1324310037659373,2.76193919958122,2.366054596567332,1.960524486503264,21.316879908465346,21.471076618395674,20.664488735635377,19.89687861335807,16.745000699155298,17.868272322333745,0.1819,0.165,0.1516,0.1388,0.1413,0.1097
MMR,MMR.4_1,MMR.4.3_1,PIGE,0.043795037560624125,0.038067344599394454,0.032070361347132204,0.027567279450109464,0.024169994794258007,0.02128441817680515,0.06893185958567344,0.06943048161681174,0.066822238622683,0.0643400370344314,0.054147888523676295,0.05778018378161222,0.6353,0.5483,0.4799,0.4285,0.4464,0.3684
MMR,MMR.5_1,MMR.5.1_1,PIGE,3.779953629472703,3.312725972428033,2.8524155991164237,2.397972141538198,2.0743420454778687,1.841130489584771,9.17102377654416,9.237362832686909,8.89034972934201,8.560105776533252,7.204093667066946,7.687351573848884,0.4122,0.3586,0.3208,0.2801,0.2879,0.2395
MMR,MMR.5_1,MMR.5.2_1,PIGE,9.650519212226634,9.320253237136942,8.924291732013108,8.398829654896234,7.847275585565947,7.172677341146195,90.35425064330174,91.00783260451009,87.58900939784405,84.33539828391005,70.97577115837231,75.73689784374943,0.1068,0.1024,0.1019,0.09959,0.1106,0.09471
MMR,MMR.6_1,MMR.6.1_1,PIGE,114.97477170995217,99.43927138443536,83.89889271475211,68.35775664123906,52.80432823550778,37.243630729734456,21.435309652113713,21.590363029478812,20.77929400329624,20.00741928552496,16.8380305491478,17.967542708978502,5.364,4.606,4.038,3.417,3.136,2.073
MMR,MMR.6_1,MMR.6.2_1,PIGE,202.9864758656936,176.63110931383855,150.13753137563634,123.50813159772137,96.85345722095168,70.16259779427111,20.501373926222858,20.649671633112863,19.873940857322243,19.135696695234,16.10439812028573,17.184697473023164,9.901,8.554,7.554,6.454,6.014,4.083
MMR,MMR.6_1,MMR.6.3_1,PIGE,92.44010995440263,80.09873596571828,67.75736197703392,55.415987988349556,43.0746139996652,30.73324001098085,4.419236940752816,4.451203710730071,4.283988668811934,4.124854169624905,3.471433248223721,3.704300509894519,20.92,17.99,15.82,13.43,12.41,8.297
MMR,MMR.7_1,MMR.7.1_1,PIGE,1.8825685365875684,1.466145937610613,1.0837867769255436,0.8079312810262582,0.5667747712467227,0.44107533870286203,1846.6806907466287,1860.0387472740251,1790.1640622882483,1723.6660195672669,1450.6189268997523,1547.9279151707565,0.001019,7.882e-4,6.054e-4,4.687e-4,3.907e-4,2.849e-4
MMR,MMR.7_1,MMR.7.2_1,PIGE,12.606078477997048,10.392871272593913,8.230353587478275,6.664387903471267,5.465273909746939,4.643321335698319,1254.427613876081,1263.5015783463052,1216.0365591926084,1170.8652518432125,985.3877003385023,1051.488506274876,0.01005,0.008225,0.006768,0.005692,0.005546,0.004416
MMR,MMR.7_1,MMR.7.3_1,PIGE,5.757888882981313,4.072708772068703,2.609317642098324,1.4456079413977412,0.6749867521308052,0.37332821675083205,243.40425033830638,245.16492707647765,235.954999555271,227.19013494247153,191.20079296753607,204.0267360014163,0.02366,0.01661,0.01106,0.006363,0.00353,0.00183
MMR,MMR.7_1,MMR.7.4_1,PIGE,20.17093679433173,17.78162164978158,15.39429506132853,13.794592543794291,12.470802645638079,11.06655248950266,17267.788372571627,17392.695777701134,16739.317378836375,16117.513005914774,13564.326937768736,14474.235740428818,0.001168,0.001022,9.196e-4,8.559e-4,9.194e-4,7.646e-4
MMR,MMR.8_1,MMR.8.1_1,PIGE,1.2852848089905382,1.2544416411275303,1.1954341938908264,1.1024317647336366,1.010270938024034,0.9305765001892662,548.5530852253773,552.5210712217846,531.7649252241774,512.0118045689247,430.9036704745422,459.8091255451954,0.002343,0.00227,0.002248,0.002153,0.002345,0.002024
MMR,MMR.8_1,MMR.8.2_1,PIGE,1.6352789073079985,1.5074444805135736,1.3857074652311958,1.2789539899297961,1.1588927038557704,1.0577189440692167,855.6899895986463,861.8796656526937,829.5020766259119,798.689110546085,672.1682317307321,717.2579581673069,0.001911,0.001749,0.001671,0.001601,0.001724,0.001475
MMR,MMR.8_1,MMR.8.3_1,PIGE,0.8703998983104054,0.8002214739782719,0.7635061021026164,0.7014223096917571,0.6553770528867572,0.5922008878542996,166.21791859252642,167.42026416507227,161.13091227070203,155.14548863631637,130.56878750528043,139.32747414331064,0.005236,0.00478,0.004738,0.004521,0.005019,0.00425
MMR,MMR.8_1,MMR.8.4_1,PIGE,0.014062573801557298,0.011714506615552542,0.00938382287645307,0.008187799356167903,0.006185040205510814,0.0038469239559508995,51.73660949500741,52.11084883028237,50.15323953225361,48.2902302498818,40.640542419239665,43.36675120658327,2.718e-4,2.248e-4,1.871e-4,1.696e-4,1.522e-4,8.871e-5
MMR,MMR.8_1,MMR.8.5_1,PIGE,4.498036752943789,4.095701471892523,3.677485283070952,3.2934632969404043,2.928413352386312,2.615901146917774,775.9124362733071,781.5250374316904,752.166070647225,724.225854131406,609.5007498128365,650.386678029327,0.005797,0.005241,0.004889,0.004548,0.004805,0.004022
MMR,MMR.8_1,MMR.8.6_1,PIGE,8.900038376668093,7.82653632963708,6.577350626513789,5.607155174338596,4.712021153826538,4.045303267054866,2570.06116682624,2588.6518319679494,2491.405883967294,2398.859274191432,2018.8543642490088,2154.281161741186,0.003463,0.003023,0.00264,0.002337,0.002334,0.001878
MMR,MMR.9_1,MMR.9.1_1,PIGE,27.714933414889167,26.742714189602932,25.404365984305006,23.865238576158937,21.628854630249148,18.937974811143796,523.1632867689696,526.9476143967702,507.1521673320556,488.31332054715404,410.95927923485027,438.526844321286,0.05298,0.05075,0.05009,0.04887,0.05263,0.04319
MMR,MMR.9_1,MMR.9.2_1,PIGE,56.75092607392552,57.10612055099486,55.52149185382211,52.585481080112594,48.7013690800011,44.35343137780394,242.13517679136885,243.88667362298543,234.72476529359702,226.00559938082904,190.20390048036163,202.96297095554087,0.2344,0.2342,0.2365,0.2327,0.256,0.2185
MOZ,MOZ.10_1,MOZ.10.10_1,PIGE,0.2886785790932294,0.28148080349725446,0.2657741650284357,0.25394733416734494,0.24071969804811066,0.21607179751296648,231.2581033362129,229.82321484904898,233.7537512713182,248.71018679848783,258.32468682980925,251.95998060870926,0.001248,0.001225,0.001137,0.001021,9.318e-4,8.576e-4
MOZ,MOZ.10_1,MOZ.10.11_1,PIGE,0.03381991295428165,0.025752309079093656,0.017945101208459453,0.010559211506653864,0.005981265841013873,0.004212608811364553,0.031961625634581506,0.031763313151721484,0.03230654312662539,0.03437363606845484,0.03570243296781369,0.03482278224605221,1.058,0.8108,0.5555,0.3072,0.1675,0.121
MOZ,MOZ.10_1,MOZ.10.1_1,PIGE,4.95964775890095e-4,4.502198814877981e-4,3.895270679192442e-4,3.288342543506904e-4,2.7300155668385595e-4,2.1205950640239342e-4,1.2686615563816037,1.2607898847078423,1.28235246082065,1.3644021468644465,1.417146445972677,1.3822302290536395,3.909e-4,3.571e-4,3.038e-4,2.41e-4,1.926e-4,1.534e-4
MOZ,MOZ.10_1,MOZ.10.6_1,PIGE,0.1381672842678887,0.1186558274458053,0.09914437062372194,0.07963291380163857,0.06012145697955522,0.04061000015747187,0.10604593272073734,0.1053879489105427,0.1071903393780732,0.11404877647833073,0.11845761062838314,0.115539004975336,1.303,1.126,0.92490000000000006,0.6982,0.5075,0.3515
MOZ,MOZ.10_1,MOZ.10.9_1,PIGE,0.15047770499407648,0.12025696633270043,0.09341555823226606,0.072166928655919,0.05721662617053645,0.048250411498360124,143.93595924353878,143.04287896731083,145.4892604005205,154.79820509655787,160.78230798718545,156.82088963245013,0.001045,8.407e-4,6.421e-4,4.662e-4,3.559e-4,3.077e-4
MOZ,MOZ.11_1,MOZ.11.12_1,PIGE,0.1806091658089535,0.17337908505285823,0.1668456950655155,0.20075225668508281,0.18654995227534021,0.1701591236348835,106.8675119234007,106.20443045599022,108.0207847454723,114.93235683299224,119.37534794081513,116.4341307114086,0.00169,0.001633,0.001545,0.001747,0.001563,0.001461
MOZ,MOZ.11_1,MOZ.11.9_1,PIGE,2.102948511644036,2.1729858901991843,2.190357134634983,2.5872732109543066,2.4203114485955606,2.2304025441721507,1839.321674247344,1827.9092244499348,1859.170921785521,1978.1276010877434,2054.596957359127,2003.9749815935193,0.001143,0.001189,0.001178,0.001308,0.001178,0.001113
MOZ,MOZ.1_1,MOZ.1.12_1,PIGE,0.13660375226418417,0.12690401837405188,0.116845955379773,0.10654313539637536,0.09761203007728045,0.08676357659676687,24.348499015237884,17.861284152609844,8.867280641367541,30.618305023408904,24.856187354704698,26.454630107914802,0.00561,0.007105,0.01318,0.00348,0.003927,0.00328
MOZ,MOZ.1_1,MOZ.1.13_1,PIGE,0.00356542462544333,0.00330505700633591,0.00304468938722849,0.00278432176812108,0.00252395414901366,0.00226358652990624,43.04104298145722,31.573539643465782,15.674765289428871,54.124230890256165,43.93848785584149,46.76406832391301,8.284e-5,1.047e-4,1.942e-4,5.144e-5,5.744e-5,4.84e-5
MOZ,MOZ.1_1,MOZ.1.9_1,PIGE,0.043802278936752995,0.03895116245392328,0.034051833808922224,0.029234967140246097,0.024371166907128688,0.0194655706104606,31.932451754844106,23.424630574797803,11.62921833908232,40.15514662169633,32.59827240343421,34.69459037637448,0.001372,0.001663,0.002928,7.281e-4,7.476e-4,5.611e-4
MOZ,MOZ.8_1,MOZ.8.10_1,PIGE,0.060873053226937604,0.05615688236210025,0.052226286063508535,0.047126018427533944,0.042004066975692644,0.036322551698048836,64.22417739613584,47.11281304125174,23.389277695356377,80.76208115176905,65.56330988046109,69.77953162273305,9.478e-4,0.001192,0.002233,5.835e-4,6.407e-4,5.205e-4
MOZ,MOZ.8_1,MOZ.8.13_1,PIGE,1.2187533177534406,1.178524698758149,1.115033066711749,1.0566622886243286,0.9749381179637598,0.8725833284720983,160.9313584360734,159.93282670848305,162.66806736250948,173.07617610345858,179.7668586283202,175.33769137566392,0.007573,0.007369,0.006855,0.006105,0.005423,0.004977
MOZ,MOZ.8_1,MOZ.8.15_1,PIGE,0.05757881062396691,0.05432939695648035,0.0644463267786328,0.08741246772792599,0.09663079887921841,0.09057112424618367,0.505201580630045,0.37059980495445377,0.18398523018217822,0.6352923884284826,0.5157354928603458,0.5489012253748227,0.114,0.1466,0.3503,0.1376,0.1874,0.165
MOZ,MOZ.8_1,MOZ.8.3_1,PIGE,0,0,0,0,0,0,20.84591908827681,20.71657629391586,21.07088017797491,22.419073561690105,23.285737634584358,22.712014383413305,0,0,0,0,0,0
MOZ,MOZ.8_1,MOZ.8.8_1,PIGE,0.13395284073698285,0.12337110180898148,0.11379814483451824,0.11110886201396328,0.10694023361194097,0.09554694557186026,0.20546337292772832,0.1507213929088247,0.07482602472258906,0.25837076115051605,0.20974747103815594,0.2232358359390436,0.652,0.8185,1.521,0.43,0.5099,0.428
MOZ,MOZ.8_1,MOZ.8.9_1,PIGE,0.2771987615630941,0.25436909324402807,0.24492224656371567,0.2724258265512656,0.2549751664532871,0.2317461157129539,345.5933837178848,343.44907845729955,349.32289374161655,371.6738733943306,386.0418352112162,376.53038316872346,8.021e-4,7.406e-4,7.011e-4,7.33e-4,6.605e-4,6.155e-4
MWI,MWI.11_1,MWI.11.10_1,PIGE,0.07899396525382843,0.07014836949666534,0.06260259665289017,0.05369094723246183,0.045169402436555595,0.036238002526323095,209.07440195783505,207.7771568105209,211.33065197460041,224.85237410304717,233.5445920844845,227.79042767849535,3.778e-4,3.376e-4,2.962e-4,2.388e-4,1.934e-4,1.591e-4
MWI,MWI.11_1,MWI.11.11_1,PIGE,0.11637212470990335,0.0997085982354339,0.08304558035077451,0.0663833223284914,0.04972223379780633,0.033064740994230894,0.6258361773813361,0.6219530480430764,0.63258995915704,0.6730654205680758,0.69908440913639,0.6818600898407441,0.1859,0.1603,0.1313,0.09863,0.07112,0.04849
MWI,MWI.11_1,MWI.11.12_1,PIGE,0,0,0,0,0,0,0.005502644891615534,0.005468502599129241,0.005562027305305112,0.005917906525808385,0.006146677663855266,0.005995233378578688,0,0,0,0,0,0
MWI,MWI.11_1,MWI.11.13_1,PIGE,0.0024475816501374134,0.0020997126223170847,0.0017528392071712348,0.0014059657920253846,0.0010590923768795343,7.27318942285774e-4,0.003911098681772656,0.0038868314652311517,0.00395330574482622,0.004206252968860512,0.00436885595598151,0.004261214347959568,0.6258,0.5402,0.4434,0.3343,0.2424,0.1707
MWI,MWI.11_1,MWI.11.14_1,PIGE,0.07934930710484181,0.06856723585607452,0.05779456429718153,0.047024875725237794,0.03625926371429224,0.02550054890669088,119.34394774051682,118.60345365985494,120.63186142850951,128.35033716703916,133.31203309352108,130.0274382807271,6.649e-4,5.781e-4,4.791e-4,3.664e-4,2.72e-4,1.961e-4
MWI,MWI.11_1,MWI.11.15_1,PIGE,0.03579990457608365,0.03125659552831304,0.02671328648054241,0.022169977432771777,0.01762713391142005,0.013084755916487206,0.09649510502989833,0.09589638129534543,0.09753644285175844,0.10377718770024887,0.1077889484859175,0.10513320156752046,0.371,0.3259,0.2739,0.2136,0.1635,0.1245
MWI,MWI.11_1,MWI.11.16_1,PIGE,0.02198833546477071,0.018951957376456482,0.01591649622892315,0.012881952022170724,0.00984740781541828,0.0068128636086658475,0.006714292837284898,0.0066726326258039585,0.006786750886595717,0.007220992482815119,0.007500137592815978,0.007315346224317963,3.275,2.84,2.345,1.784,1.313,0.9313
MWI,MWI.11_1,MWI.11.1_1,PIGE,0.05702138002927408,0.04923381563056129,0.041448036646877705,0.033663522284485416,0.025879159950976154,0.01810219829508606,0.2866448798725045,0.28486633273361534,0.28973824046070534,0.30827677209768545,0.32019396404362827,0.31230489800074634,0.1989,0.1728,0.1431,0.1092,0.08082,0.05796
MWI,MWI.11_1,MWI.11.2_1,PIGE,0.11275122958381734,0.09764051933283925,0.08252996986017334,0.06741974194639222,0.0523096748131837,0.03720179704658233,24.625435286911017,24.472641706600374,24.891183452438003,26.483814066820017,27.50761061674284,26.829867182429396,0.004579,0.00399,0.003316,0.002546,0.001902,0.001387
MWI,MWI.11_1,MWI.11.3_1,PIGE,0.004384219256019212,0.0037108209296883086,0.003038251652208781,0.0023675298710874445,0.0016981107588911954,0.001028691646694956,0.016421393406076155,0.016319503491726593,0.016598606727270978,0.01766064740044555,0.018343362882149227,0.01789141182286534,0.267,0.2274,0.183,0.1341,0.09257,0.0575
MWI,MWI.11_1,MWI.11.4_1,PIGE,0.004458848196232427,0.0038822988132473104,0.0033057494302622054,0.0027292000472770896,0.0021526506642919846,0.001576306533334921,0.051176918154222435,0.050859380435073785,0.05172919964522366,0.055039026482902334,0.0571666945477111,0.05575819882516619,0.08713,0.07633,0.0639,0.04959,0.03766,0.02827
MWI,MWI.11_1,MWI.11.5_1,PIGE,0,0,0,0,0,0,0.0026029791548705466,0.0025868284350999988,0.0026310694983407187,0.0027994151231934307,0.00290763335557099,0.0028359939302648332,0,0,0,0,0,0
MWI,MWI.11_1,MWI.11.6_1,PIGE,0.02798027356174053,0.02398709860545467,0.019993923649168806,0.01600074869288294,0.012007573736597072,0.00801439878031123,0.1736052650695459,0.17252809548039133,0.1754787458905156,0.18670652955185146,0.19392412669707265,0.1891461470515446,0.1612,0.139,0.1139,0.0857,0.06192,0.04237
MWI,MWI.11_1,MWI.11.7_1,PIGE,0.024713564498629086,0.021602666745291006,0.018491768991952928,0.015380871238614839,0.012269973485276767,0.009159075731938679,75.02194432709976,74.55645523657002,75.8315521105525,80.68353721837755,83.80255651187251,81.73779584450895,3.294e-4,2.897e-4,2.439e-4,1.906e-4,1.464e-4,1.121e-4
MWI,MWI.11_1,MWI.11.8_1,PIGE,0.18752308331830841,0.16124340027568346,0.13496566696157017,0.10869141355061658,0.0824206400428227,0.056160167732049945,3.0865318882188038,3.0673808660155704,3.119840545612189,3.31945956229842,3.4477813832761304,3.3628335763575152,0.06076,0.05257,0.04326,0.03274,0.02391,0.0167
MWI,MWI.11_1,MWI.11.9_1,PIGE,0.00243587609209251,0.00211653205742043,0.00179718802274835,0.00147784398807627,0.00115849995340419,8.391559187321109e-4,0.4374382567451427,0.43472408107132376,0.44215892108698823,0.47044989549930705,0.4886362858246782,0.4765970709652308,0.005569,0.004869,0.004065,0.003141,0.002371,0.001761
MWI,MWI.12_1,MWI.12.10_1,PIGE,0.04724281308963321,0.03529699497401182,0.026924109613599586,0.019437641396604602,0.014215945296323395,0.01155418174698537,77.20803182453679,76.7289787043071,78.04123101806437,83.03459961144294,86.24450496691526,84.1195786037595,6.119e-4,4.6e-4,3.45e-4,2.341e-4,1.648e-4,1.374e-4
MWI,MWI.12_1,MWI.12.11_1,PIGE,8.792698207774045,8.976807629512756,8.871014185009754,8.658316895311648,8.140806141195846,7.657637378045675,626.6962319598258,622.8077662359639,633.459295111628,673.9903798745269,700.0451250051086,682.7971352103657,0.01403,0.01441,0.014,0.01285,0.01163,0.01122
MWI,MWI.12_1,MWI.12.12_1,PIGE,0.16452469543187423,0.1262900917465413,0.09038055934555743,0.05528154255204517,0.02539202245292798,0.011507375850993061,265.0256954310337,263.381288970501,267.88575014916273,285.02607807529273,296.04445762724356,288.75039671380216,6.208e-4,4.795e-4,3.374e-4,1.94e-4,8.577e-5,3.985e-5
MWI,MWI.12_1,MWI.12.13_1,PIGE,0.543560811359515,0.5986392471252828,0.663579857753403,0.6021046279125553,0.5307692908889061,0.4694985409871285,1216.6165999314996,1209.0678518991062,1229.7458553462586,1308.429574859885,1359.0101174199085,1325.5262864510976,4.468e-4,4.951e-4,5.396e-4,4.602e-4,3.906e-4,3.542e-4
MWI,MWI.12_1,MWI.12.14_1,PIGE,0.42747688224032715,0.39988649888116984,0.35303646467366734,0.3449399318917241,0.2969192327827402,0.2620974867228427,394.67519340315494,392.2263499550183,398.934375318272,424.45968232005754,440.8682085710044,430.005922568793,0.001083,0.00102,8.849e-4,8.127e-4,6.735e-4,6.095e-4
MWI,MWI.12_1,MWI.12.3_1,PIGE,0.08751893412308041,0.07137928072826981,0.0559666186532043,0.03992845806065736,0.024241978764063612,0.015220051807983108,273.551072573447,271.853768656203,276.50312986166773,294.1948298337318,305.56764989012447,298.03895278382004,3.199e-4,2.626e-4,2.024e-4,1.357e-4,7.933e-5,5.107e-5
MWI,MWI.12_1,MWI.12.4_1,PIGE,0.004185144600911627,0.0033462565313173397,0.0025073684617230615,0.0016684803921287739,8.295923225344985e-4,3.833940430808128e-4,10.021844971688825,9.959662372408784,10.129996843336665,10.778151766428957,11.194807560989878,10.9189854465731,4.176e-4,3.36e-4,2.475e-4,1.548e-4,7.411e-5,3.511e-5
MWI,MWI.12_1,MWI.12.5_1,PIGE,0.31684449430514733,0.349828608167792,0.36718918874340395,0.3671221280069229,0.33116155401089337,0.30039310944578296,136.16543191551995,135.32056547500767,137.63487654941736,146.44126851620112,152.1023136018877,148.3547563958533,0.002327,0.002585,0.002668,0.002507,0.002177,0.002025
MWI,MWI.12_1,MWI.12.6_1,PIGE,0.07700657147010823,0.0564098258320519,0.03908859526909661,0.024701613621738443,0.014358844117930444,0.009085111863377869,158.5757657797276,157.59184981147405,160.28705406202647,170.54281670489448,177.1355660315611,172.7712296108538,4.856e-4,3.579e-4,2.439e-4,1.448e-4,8.106e-5,5.258e-5
MWI,MWI.12_1,MWI.12.7_1,PIGE,0.03636386003088977,0.03112041541361503,0.02559746039759318,0.02084455070136342,0.017153643431926133,0.01448035244244192,62.835687229923636,62.44581027906857,63.513785643877576,67.57763418065049,70.19001276598331,68.46064335730165,5.787e-4,4.984e-4,4.03e-4,3.085e-4,2.444e-4,2.115e-4
MWI,MWI.12_1,MWI.12.8_1,PIGE,0.08132309097531863,0.06444920848578699,0.04751571467739468,0.03359190755739921,0.023433178786803795,0.017482644469995378,130.10539400121786,129.29812831289357,131.50944105168227,139.9239048436263,145.33300531039433,141.75223301030192,6.251e-4,4.985e-4,3.613e-4,2.401e-4,1.612e-4,1.233e-4
MWI,MWI.12_1,MWI.12.9_1,PIGE,1.2761162743487182,1.2381842925434365,1.3092724891504615,1.2975982922384928,1.278551300502941,1.2402223200599163,102.26972557217846,101.63517201625143,103.37338086367296,109.98759474346869,114.23943398945362,111.4247574475765,0.01248,0.01218,0.01267,0.0118,0.01119,0.01113
MWI,MWI.13_1,MWI.13.10_1,PIGE,1.742602656552699,1.7236955753603862,1.6453413068446943,1.5617465949171763,1.4320962883683903,1.3031505563505756,286.1216885542873,284.34638766358694,289.2094030643005,307.7140977152186,319.609538107928,311.73487138333957,0.00609,0.006062,0.005689,0.005075,0.004481,0.00418
MWI,MWI.13_1,MWI.13.11_1,PIGE,0.05957050596159923,0.07512845991428145,0.16141414202141985,0.23469620706717242,0.2694436256290964,0.25281649699049297,775.555119087925,770.7430277688052,783.9246097288571,834.0830256678695,866.3265432319728,844.9816458205794,7.681e-5,9.748e-5,2.059e-4,2.814e-4,3.11e-4,2.992e-4
MWI,MWI.13_1,MWI.13.12_1,PIGE,1.3300852819579017,1.1632201825568105,0.9841343957235577,0.8157529497239153,0.662946098872256,0.5547641884961081,896.8083402057341,891.2439083264197,906.4863486738992,964.4867211019935,1001.7713121740816,977.0892727570956,0.001483,0.001305,0.001086,8.458e-4,6.618e-4,5.678e-4
MWI,MWI.13_1,MWI.13.13_1,PIGE,3.5646087398938975,2.7728303594522963,2.010416206453165,1.288293111716994,0.6526290297588846,0.3219464162827581,1232.0166828467875,1224.3723818311357,1245.312129995257,1324.9918377311888,1376.2126350348744,1342.3049616055298,0.002893,0.002265,0.001614,9.723e-4,4.742e-4,2.398e-4
MWI,MWI.13_1,MWI.13.1_1,PIGE,3.300015319587873e-4,4.626823035082674e-4,4.348524227445641e-4,4.070225419808607e-4,4.534913453833171e-4,4.2185127568801576e-4,182.9418387174424,181.8067384359417,184.9160762271905,196.7476954289676,204.35345837826284,199.31851671703348,1.804e-6,2.545e-6,2.352e-6,2.069e-6,2.219e-6,2.116e-6
MWI,MWI.13_1,MWI.13.2_1,PIGE,0.008216174802720223,0.00793964468853937,0.008574992211324886,0.00793089444727634,0.007286796683227783,0.0066426989191792265,47.3836021235758,47.0896008142741,47.894947616302744,50.95944473005791,52.92940659314089,51.62531085395031,0.00017340000000000001,1.686e-4,1.79e-4,1.556e-4,1.377e-4,1.287e-4
MWI,MWI.13_1,MWI.13.3_1,PIGE,2.3079314035379017e-4,1.7950577583072567e-4,1.2821841130766123e-4,7.693104678459672e-5,2.564368226153224e-5,0,1.2032267947042659,1.1957611264735692,1.2162115525239796,1.2940292969400269,1.3440531615678204,1.3109378460170626,1.918e-4,1.501e-4,1.054e-4,5.945e-5,1.908e-5,0
MWI,MWI.13_1,MWI.13.4_1,PIGE,0.00130455758466856,8.998504645035561e-4,6.219976171396253e-4,4.7099904257677007e-4,3.2000046801391476e-4,2.3017618170908643e-4,4.269179201664901,4.242690200856991,4.3152505310822304,4.591356330457417,4.768846429078739,4.651349696934726,3.056e-4,2.121e-4,1.441e-4,1.026e-4,6.71e-5,4.949e-5
MWI,MWI.13_1,MWI.13.5_1,PIGE,1.309904331897144,1.4678642284638312,1.4932742299308657,1.5029578737797589,1.4014548454921294,1.2828351773664919,984.6824684693486,978.5728034797302,995.3087805151463,1058.9923429154865,1099.9302797374294,1072.8297606963154,0.00133,0.0015,0.0015,0.001419,0.001274,0.001196
MWI,MWI.13_1,MWI.13.6_1,PIGE,2.8785413890432965,3.2315407025222824,3.113129772635749,2.9846931753639563,2.7757455544710434,2.543698697116514,700.7237890175612,696.3760040835933,708.2857289103157,753.6044875682919,782.7369105807835,763.4515277341169,0.004108,0.004641,0.004395,0.003961,0.003546,0.003332
MWI,MWI.13_1,MWI.13.7_1,PIGE,0.5952792978375911,0.5843870330409752,0.5693858075701365,0.5745300881112492,0.5356318073137519,0.4747477856249488,366.9221939934058,364.6455497407258,370.8818762816093,394.6122799248993,409.86698189965915,399.76851643151394,0.001622,0.001603,0.001535,0.001456,0.001307,0.001188
MWI,MWI.13_1,MWI.13.8_1,PIGE,0.5020188920304898,0.44356952191752347,0.36861824326182807,0.2944918870303051,0.22368409858523614,0.17817469748263037,757.7206259642564,753.0191924274517,765.8976536588285,814.9026378144101,846.4046906158849,825.5506357206966,6.625e-4,5.891e-4,4.813e-4,3.614e-4,2.643e-4,2.158e-4
MWI,MWI.13_1,MWI.13.9_1,PIGE,1.294775389878641,1.309437872939525,1.3263192921470124,1.4074397456806185,1.3675159397958458,1.2491978767239127,398.371372867081,395.8995957129131,402.67044252024425,428.4347970150756,444.9969910383471,434.0329784540658,0.00325,0.003307,0.003294,0.003285,0.003073,0.002878
MWI,MWI.14_1,MWI.14.3_1,PIGE,0.07039651399570689,0.06039851525913607,0.05041508937679864,0.0404386348640521,0.030482804452030565,0.020544070668463865,0.1134368744004773,0.1127330319718275,0.11466104123951243,0.12199748166645726,0.1267135924394094,0.12359157262785196,0.6206,0.5358,0.4397,0.3315,0.2406,0.1662
MWI,MWI.14_1,MWI.14.4_1,PIGE,0.04534047958113984,0.03912793544972142,0.032943165108026785,0.026814289119339935,0.020763141204684317,0.014774409811953817,0.015418658303714465,0.015322990065636125,0.015585050495826393,0.016582240066734946,0.017223267077704052,0.01679891338366725,2.941,2.554,2.114,1.617,1.206,0.8795
MWI,MWI.14_1,MWI.14.7_1,PIGE,0.029711352662987314,0.025648432364567778,0.021589384493668155,0.017539931460706624,0.01350053848146135,0.009470293259585058,0.010211652468740024,0.010148292169788633,0.010321852669424769,0.01098228324275922,0.011406830238363546,0.0111257842250223,2.91,2.527,2.092,1.597,1.184,0.8512
MWI,MWI.15_1,MWI.15.1_1,PIGE,0.00229069293724643,0.00210710274766742,0.00188352816056758,0.00168675056250597,0.0015225021481168,0.00136996030659516,4.821641089865604,4.791724225594577,4.873674374131745,5.185510210607857,5.38596877937047,5.253267141685743,4.751e-4,4.397e-4,3.865e-4,3.253e-4,2.827e-4,2.608e-4
MWI,MWI.15_1,MWI.15.2_1,PIGE,5.31245360903836,5.297524233626521,5.531314365751403,7.186379414841177,6.9299339246974805,7.147225604155726,1681.9630621337499,1671.5269762242242,1700.1141564408535,1808.8937915540546,1878.8210013697299,1832.5298634126768,0.0031580000000000002,0.003169,0.003253,0.003973,0.003688,0.0039
MWI,MWI.15_1,MWI.15.3_1,PIGE,0.011387886315529132,0.010027604459418532,0.009024224250508623,0.010390170226766644,0.009115173987084859,0.008173933480529572,168.0776138652924,167.03474172543633,169.89144241412603,180.76172959140183,187.74951596714195,183.12366883286532,6.775e-5,6.003e-5,5.312e-5,5.748e-5,4.855e-5,4.464e-5
MWI,MWI.15_1,MWI.15.4_1,PIGE,1.7492332023305952,1.6579968241553542,1.5477276510262656,2.194644324488546,2.0261424087076696,1.8435051398726763,1516.9295725500986,1507.5174708849468,1533.299689319287,1631.405913593374,1694.471895768242,1652.722824284491,0.001153,0.0011,0.001009,0.001345,0.001196,0.001115
MWI,MWI.15_1,MWI.15.5_1,PIGE,0.03241802266764703,0.028259083687625763,0.024127858823591388,0.020542974365928918,0.01766472673205818,0.01565703199650775,190.72844721658663,189.54503332043504,192.7867147911931,205.12192675928915,213.0514160843476,207.80217068698616,1.7e-4,1.491e-4,1.252e-4,1.002e-4,8.291e-5,7.535e-5
MWI,MWI.15_1,MWI.15.6_1,PIGE,0.5486574111316956,0.4997609743056658,0.45350434576067544,0.4019411600685772,0.3590693572790403,0.321259683224518,770.5782886859786,765.7970771351492,778.8940712996596,828.7306146557764,860.7672216927886,839.5592970532186,7.12e-4,6.526e-4,5.822e-4,4.85e-4,4.172e-4,3.827e-4
MWI,MWI.15_1,MWI.15.7_1,PIGE,0.07490439592233362,0.0645791178263366,0.054395096156960504,0.04704973564985367,0.03876327699271123,0.03329484854144732,626.962355494828,623.0722385527341,633.728290548808,674.2765866415418,700.3423957940918,683.0870817235963,1.195e-4,1.036e-4,8.583e-5,6.978e-5,5.535e-5,4.874e-5
MWI,MWI.15_1,MWI.15.8_1,PIGE,0.04058860791739346,0.03840910057973348,0.035401774722402225,0.03369020045808113,0.03181965297385087,0.028666653607367757,237.10225537400072,235.6311056429916,239.66097113572545,254.99537258885906,264.85284183570104,258.3272923390775,1.712e-4,1.63e-4,1.477e-4,1.321e-4,1.201e-4,1.11e-4
MWI,MWI.16_1,MWI.16.1_1,PIGE,0.0183037113709889,0.01322340287306007,0.00840375497444896,0.00406192353016325,0.00101629468964548,0,0.007142701671115885,0.007098383308873544,0.007219782942731599,0.007681731542554449,0.007978687646794493,0.007782105572022742,2.563,1.863,1.164,0.5288,0.1274,0
MWI,MWI.16_1,MWI.16.3_1,PIGE,0.10671785638410221,0.07292317788276956,0.044736482438050215,0.021123778284193057,0.00498927305446472,0,110.95701891647464,110.26856326144484,112.1544241150365,119.33048184348078,123.9434932210619,120.88972421411954,9.618e-4,6.613e-4,3.989e-4,1.77e-4,4.025e-5,0
MWI,MWI.16_1,MWI.16.4_1,PIGE,0.07891558063118538,0.05378590058055746,0.033544929921287985,0.01705385771881174,0.0048552187313953095,2.713689536069868e-4,8.960989028968772,8.905388728673236,9.057692553922163,9.63723745521626,10.009788419082097,9.763163276883436,0.008807,0.00604,0.003703,0.00177,4.85e-4,2.78e-5
MWI,MWI.17_1,MWI.17.10_1,PIGE,3.092229665163065,2.635733064549287,2.1814917726508045,1.7278753917425742,1.276469534779271,0.8273744028487146,1.7145757801967207,1.7039373419673902,1.7330788183333283,1.8439676552778939,1.915250731004058,1.8680620229011469,1.803,1.547,1.259,0.937,0.6665,0.4429
MWI,MWI.17_1,MWI.17.11_1,PIGE,0.8805073234958979,0.8478493048897534,0.7543009062190684,0.6598570483705388,0.5578411026032633,0.45082913787887635,0.1570369217479232,0.15606255385410644,0.1587316034210913,0.16888784253930864,0.17541661479542706,0.17109463057791274,5.607,5.433,4.752,3.907,3.18,2.635
MWI,MWI.17_1,MWI.17.12_1,PIGE,0.2665893551087966,0.22932402477830988,0.1922105212645453,0.1552634139588461,0.11849070417097993,0.08201838283176213,0.08290590941254354,0.08239150263839058,0.08380059789544889,0.08916247223006342,0.09260926547598387,0.09032752161580518,3.216,2.783,2.294,1.741,1.279,0.908
MWI,MWI.17_1,MWI.17.13_1,PIGE,2.213906822194704e-4,1.8234905316706905e-4,1.4330742411466766e-4,1.0426579506226631e-4,6.522416600986491e-5,2.6182536957463537e-5,0.001028469935495449,0.0010220885821567028,0.0010395687849360047,0.0011060842672475874,0.0011488426574807645,0.0011205370158525205,0.2153,0.1784,0.1379,0.09427,0.05677,0.02337
MWI,MWI.17_1,MWI.17.1_1,PIGE,3.2999419491283987e-6,2.249182404758355e-6,1.198422860388311e-6,3.365215441016445e-7,0,0,0.0033480301975355596,0.003327256655264755,0.00338416084346152,0.0036006920571576605,0.003739885607457916,0.0036477408206622504,9.856e-4,6.76e-4,3.541e-4,9.346e-5,0,0
MWI,MWI.17_1,MWI.17.2_1,PIGE,0.004456342625201374,0.0037178139355414034,0.002996229207057653,0.0023057592815365156,0.0016326330176413889,9.911213006012637e-4,0.032949221971111525,0.03274478174356793,0.03330479722053742,0.03543576217688696,0.03680561815643163,0.035898786719891426,0.1352,0.1135,0.08996,0.06507,0.04436,0.02761
MWI,MWI.17_1,MWI.17.3_1,PIGE,0.025028612967272205,0.02104384111102834,0.017107924729902965,0.013362641932351337,0.0097955261158472,0.0063185866953651805,0.534190486047859,0.5308759912590291,0.5399552629971884,0.5745036115676453,0.5967124525584921,0.5820104141833946,0.04685,0.03964,0.03168,0.02326,0.01642,0.01086
MWI,MWI.17_1,MWI.17.4_1,PIGE,0.7141049564154912,0.6095102889559719,0.5049445802720391,0.40086447197398545,0.2969584616851718,0.19354332386853063,0.6417771073122823,0.6377950691941674,0.6487029174333365,0.6902093459210534,0.7168910748176387,0.6992280278214801,1.113,0.9557,0.7784,0.5808,0.4142,0.2768
MWI,MWI.17_1,MWI.17.5_1,PIGE,0.6029657552244011,0.5232581820344172,0.4434898038698627,0.36407881920716095,0.2850256026919861,0.2064452701148985,0.5279203998990928,0.5246448091499423,0.533617512505749,0.5677603481973879,0.5897085118644825,0.5751790393616385,1.142,0.9974,0.8311,0.6413,0.4833,0.3589
MWI,MWI.17_1,MWI.17.6_1,PIGE,5.321877310012735,4.548766770381541,3.778052578025043,3.0114995539061233,2.2510567687988607,1.4977470220993974,0.314011829035265,0.31206347802911266,0.31740052314554734,0.33770899064563137,0.35076395692158335,0.34212169525409003,16.95,14.58,11.9,8.917,6.418,4.378
MWI,MWI.17_1,MWI.17.7_1,PIGE,0.877005242236511,0.7519047492294864,0.6271285587072718,0.5027840567777883,0.3789603448415757,0.25587654632418066,0.14555515425248425,0.14465202734764834,0.14712592913523953,0.15653959399203166,0.1625910145257586,0.15858503254104475,6.025,5.198,4.263,3.212,2.331,1.613
MWI,MWI.17_1,MWI.17.8_1,PIGE,0.18944645813613697,0.16392755430859787,0.13850084689952982,0.11324370406607426,0.0881991615787916,0.06339152498141716,0.11351445409624372,0.11281013030840831,0.11473945814532578,0.12208091597793642,0.12680025210808307,0.12367609714119418,1.669,1.453,1.207,0.9276,0.6956,0.5126
MWI,MWI.17_1,MWI.17.9_1,PIGE,1.904340607408219,1.6234960140003267,1.3433309840849579,1.0640187782880348,0.7865338711810963,0.512621527564354,0.21118445028310986,0.2098741129067857,0.21346347112463754,0.2271216589651217,0.23590160169824023,0.2300893643533618,9.017,7.736,6.293,4.685,3.334,2.228
MWI,MWI.18_1,MWI.18.1_1,PIGE,0,0,0,0,0,0,1.7003456810764527e-4,1.689795536425182e-4,1.718695153491585e-4,1.828663669993463e-4,1.8993551327708752e-4,1.8525580667297598e-4,0,0,0,0,0,0
MWI,MWI.18_1,MWI.18.2_1,PIGE,0.5617119577020236,0.48634945474219626,0.41560248282570433,0.3598397489753633,0.3041660356424841,0.2599949939421859,967.0363946865148,961.0362183926409,977.4722771345447,1040.0145936237875,1080.2188991718845,1053.6040369530106,5.809e-4,5.061e-4,4.252e-4,3.46e-4,2.816e-4,2.468e-4
MWI,MWI.18_1,MWI.18.3_1,PIGE,0.7839043154119802,0.6862147693247005,0.5917288907923168,0.5026737794818391,0.4360831859765725,0.38217155827775995,1748.0545763959,1737.2084120867598,1766.9189047420139,1879.9729564386537,1952.647905065538,1904.5377905367766,4.484e-4,3.95e-4,3.349e-4,2.674e-4,2.233e-4,2.007e-4
MWI,MWI.18_1,MWI.18.4_1,PIGE,2.774848682127484,2.6270283658558573,2.497663390977062,2.3712684318905817,2.2229693326979776,2.057416482809543,1845.8211913816288,1834.3684139927814,1865.7405791928657,1985.1176096420286,2061.857181775212,2011.05632571723,0.001503,0.001432,0.001339,0.001195,0.001078,0.001023
MWI,MWI.18_1,MWI.18.5_1,PIGE,3.166187477636471,2.8563642687302777,2.5370400888439133,2.22049827561536,1.9362777893338379,1.7030151710664159,5252.902039083494,5220.309327514279,5309.589324579779,5649.316622973597,5867.704761986706,5723.13392185326,6.028e-4,5.472e-4,4.778e-4,3.931e-4,3.3e-4,2.976e-4
MWI,MWI.19_1,MWI.19.10_1,PIGE,0.00908691278618859,0.00934160053098193,0.00923323301025974,0.00933036614902539,0.00888659830352277,0.00820901624619671,0.860093577092223,0.8547569495152899,0.8693753740485306,0.9250012481153537,0.9607594317404706,0.9370878593204186,0.01057,0.01093,0.01062,0.01009,0.00925,0.00876
MWI,MWI.19_1,MWI.19.1_1,PIGE,0.21039413198170004,0.2161728437934791,0.2202571199524489,0.23852990684644115,0.23468725067542862,0.22000838810352577,8.761979709135328,8.670803683527794,8.76506918195,9.448959834793735,9.773880387209807,9.545911878339668,0.02401,0.02493,0.02513,0.02524,0.02401,0.02305
MWI,MWI.19_1,MWI.19.2_1,PIGE,0,0,0,0,0,0,0.534598807867211,0.5312817795616342,0.5403679912675604,0.5749427477297943,0.597168564602084,0.5824552883573234,0,0,0,0,0,0
MWI,MWI.19_1,MWI.19.3_1,PIGE,0.35910030354405176,0.3610098150273099,0.34921341202639866,0.3394861434801304,0.3189540023300795,0.29190498048516345,6.472049256533551,6.431892095194835,6.5418931068892965,6.960467790489808,7.229541681877691,7.05141736289356,0.05548,0.05613,0.05338,0.04877,0.04412,0.0414
MWI,MWI.19_1,MWI.19.4_1,PIGE,0.0204669036980369,0.020412901863345417,0.020483530983615494,0.021310187853661518,0.020631517917904376,0.018870196521333073,0.8988922326651796,0.8933148708463067,0.9085927296941276,0.9667278762242559,1.0040991046241936,0.979359712132399,0.02277,0.02285,0.02254,0.02204,0.02055,0.01927
MWI,MWI.19_1,MWI.19.5_1,PIGE,1.3397892242741078,1.386789680992976,1.3771146576596003,1.3624012235245169,1.2967457208348219,1.1901675792258604,8.644029116591936,8.59039545929226,8.737312132860776,9.296357901688715,9.655731333422654,9.417829590305109,0.155,0.1614,0.1576,0.1466,0.1343,0.1264
MWI,MWI.19_1,MWI.19.6_1,PIGE,0.7019500929155525,0.703250254157363,0.6908947404390999,0.6838791487139729,0.6485234079896821,0.5950246569328941,11.821337950398751,11.74799002665815,11.948909253719542,12.713444966628057,13.204914249021728,12.879566327763193,0.05938,0.05986,0.05782,0.05379,0.04911,0.0462
MWI,MWI.19_1,MWI.19.7_1,PIGE,4.341921724092021,4.478950970780309,4.4191200518080365,4.31553776699093,4.086287278684811,3.7485648755245307,4.89006291445116,4.859721512890618,4.942834580563299,5.259095544605977,5.462398734271082,5.327813985005329,0.8879,0.9216,0.894,0.8206,0.7481,0.7036
MWI,MWI.19_1,MWI.19.8_1,PIGE,0.03047095248519029,0.03317823339081691,0.03239061911521464,0.03190975342837275,0.03021090727718408,0.02777980110326254,2.822727737207795,2.8052135421413875,2.853189522317593,3.0357472135000867,3.1531014403413415,3.0754140748812935,0.01079,0.01183,0.01135,0.01051,0.009581,0.009033
MWI,MWI.19_1,MWI.19.9_1,PIGE,0.4727578753543577,0.48509691218270806,0.48247870622474803,0.48667746145827984,0.4730470010683078,0.4370069200722436,9.409412761890783,9.35103012427405,9.510955502192626,10.119501854910677,10.51069592763206,10.251729227315245,0.05024,0.05188,0.05073,0.04809,0.04501,0.04263
MWI,MWI.1_1,MWI.1.2_1,PIGE,0.07901740216969132,0.0638272294658515,0.05059316402046937,0.0393921122948054,0.029561001899728174,0.022774800976446463,276.540458537962,274.82460636038763,279.524776122371,297.4098122750881,308.90691533404305,301.29594407962816,2.857e-4,2.322e-4,1.81e-4,1.325e-4,9.57e-5,7.559e-5
MWI,MWI.1_1,MWI.1.3_1,PIGE,0.7642798239329894,0.6388172759784622,0.517604464475852,0.39578165036402313,0.2922372725843224,0.2257907005663976,1241.5206620744987,1233.8173916641342,1254.918672487964,1335.2130425882417,1386.8289655427234,1352.6597227463244,6.156e-4,5.178e-4,4.125e-4,2.964e-4,2.107e-4,1.669e-4
MWI,MWI.20_1,MWI.20.1_1,PIGE,4.981899617437158e-4,4.589338432282354e-4,4.19677724712755e-4,3.804216061972747e-4,3.4116548768179435e-4,3.0190936916631395e-4,0.6680763838820571,0.6639311664909727,0.6752860056158474,0.7184933190833879,0.7462684340786916,0.7278815760385985,7.457e-4,6.912e-4,6.215e-4,5.295e-4,4.572e-4,4.148e-4
MWI,MWI.20_1,MWI.20.2_1,PIGE,9.043790110648572e-5,8.326378200804788e-5,7.608966290961005e-5,6.891554381117221e-5,6.174142471273439e-5,5.4567305614296546e-5,0.031315059455363455,0.031120758725403614,0.03165299945547605,0.0336782762393676,0.034980192305317105,0.03411833643581747,0.002888,0.002676,0.002404,0.002046,0.001765,0.001599
MWI,MWI.20_1,MWI.20.3_1,PIGE,0.2796261953158081,0.2810383640536778,0.2588569011489073,0.23610448176464963,0.22922940143383402,0.20566708772099201,91.85280588784784,91.28288625354831,92.84404581432241,98.78455362543225,102.60331194068904,100.07533079483515,0.003044,0.003079,0.002788,0.00239,0.002234,0.002055
MWI,MWI.20_1,MWI.20.4_1,PIGE,0.12562652764335538,0.11373789503652486,0.09926793928108352,0.08632846233461394,0.07194338112318764,0.055877041429046315,8.575806977459408,8.522596618459765,8.668353766810366,9.222987322570996,9.57952443527713,9.3435003079797,0.01465,0.01335,0.01145,0.00936,0.00751,0.00598
MWI,MWI.20_1,MWI.20.5_1,PIGE,0.008536845255986882,0.007454215301002664,0.0063709985034006876,0.005278301319127555,0.004186517760522649,0.003093773723651164,0.34236179944751993,0.3402375452164897,0.3460564354646975,0.36819841495225814,0.3824320244302617,0.3730095123393334,0.02494,0.02191,0.01841,0.01434,0.01095,0.008294
MWI,MWI.20_1,MWI.20.6_1,PIGE,0.008926636262848373,0.007531631558936042,0.006298648410629662,0.005094482680248819,0.00392818489132124,0.0028721321923334585,4.014882148911309,3.9899709864928514,4.058209202969409,4.317868540925992,4.484786300734563,4.374288354839848,0.002223,0.001888,0.001552,0.00118,8.759e-4,6.566e-4
MWI,MWI.20_1,MWI.20.7_1,PIGE,0.057297778539549954,0.0486153774117873,0.04016792778212438,0.03239825490363907,0.02521235177832614,0.018416004928322544,13.398409789158736,13.315276598687058,13.543000241305599,14.409531832143788,14.96656749696649,14.597815263389936,0.004276,0.003651,0.002966,0.002248,0.001685,0.001262
MWI,MWI.20_1,MWI.20.8_1,PIGE,0.01938576810465148,0.016809781863394477,0.014275350670764958,0.011817568859044168,0.009427222886741107,0.0070941771965425705,2.131086039044281,2.117863277210354,2.1540838946702974,2.291910204261179,2.3805095938330623,2.3218576531022115,0.009097,0.007937,0.006627,0.005156,0.00396,0.003055
MWI,MWI.20_1,MWI.20.9_1,PIGE,0.5081579296274317,0.4417853788539646,0.3764555594943549,0.31137227228292547,0.2468364097551265,0.18356536942756022,18.57848973879805,18.463215676395414,18.778981608640116,19.980530786644657,20.752927029624693,20.241608171979045,0.02735,0.02393,0.02005,0.01558,0.01189,0.009069
MWI,MWI.21_1,MWI.21.10_1,PIGE,0.02004224201593678,0.01862514956059027,0.01720805710524377,0.01579096464989726,0.01437387219455075,0.012956779739204241,31.488018699206787,31.292644808029415,31.827825208529337,33.8642879951687,35.17339480008631,34.30677873079516,6.365e-4,5.952e-4,5.407e-4,4.663e-4,4.087e-4,3.777e-4
MWI,MWI.21_1,MWI.21.11_1,PIGE,0.9384382254801675,0.863554478942797,0.7759304714354908,0.7175665154153777,0.6365734010753413,0.5612223150897059,183.9944127089647,182.85278151554982,185.98000918979568,197.87970278470613,205.5292262445671,200.46531554772187,0.0051,0.004723,0.004172,0.003626,0.003097,0.0028
MWI,MWI.21_1,MWI.21.1_1,PIGE,0.3245815590486143,0.28815995057368465,0.2506755441301947,0.21566802156327025,0.18596496949222638,0.16247185850438936,144.66962959090614,143.7719971060437,146.23084823428528,155.58724248166936,161.60184754054958,157.6202370448395,0.002244,0.002004,0.001714,0.001386,0.001151,0.001031
MWI,MWI.21_1,MWI.21.2_1,PIGE,0.0012499361505626035,8.243221244550396e-4,4.335905997081481e-4,1.2193741484124472e-4,0,0,8.791401210442542,8.736853152662428,8.886274609302971,9.454851552123877,9.820351943218382,9.57839421214186,1.422e-4,9.435e-5,4.879e-5,1.29e-5,0,0
MWI,MWI.21_1,MWI.21.3_1,PIGE,0.06602916756949309,0.051558657564806126,0.040605085729794835,0.03765733156665456,0.03178577231917117,0.02736738824836979,7.408546775637474,7.362578922742293,7.488496944717044,7.967638867102996,8.275647417630871,8.07174873009534,0.008913,0.007003,0.005422,0.004726,0.003841,0.003391
MWI,MWI.21_1,MWI.21.4_1,PIGE,0.43231103691072725,0.3443674977065522,0.25640447702869085,0.1732541331654569,0.11974759048087966,0.10094831320891907,302.4486637498306,300.57205878199596,305.7125726562582,325.27320155701676,337.84743201703344,329.5234128196032,0.001429,0.001146,8.387e-4,5.326e-4,3.544e-4,3.063e-4
MWI,MWI.21_1,MWI.21.5_1,PIGE,0.03768573917633007,0.03321205520655095,0.02857488366019087,0.02419205748245723,0.02021133369034802,0.01736709485231074,2.009891692774082,1.9974209061992436,2.031581665927432,2.1615698267135888,2.245130590485118,2.189814171401034,0.01875,0.01663,0.01407,0.01119,0.009002,0.007931
MWI,MWI.21_1,MWI.21.6_1,PIGE,0.042864710920077306,0.029392022656201708,0.01776964382427544,0.00787668281151672,0.0015862619080183854,0,117.75203978852878,117.02142302831525,119.02277422210425,126.63829456877684,131.5338073049902,128.29302512535054,3.64e-4,2.512e-4,1.493e-4,6.22e-5,1.206e-5,0
MWI,MWI.21_1,MWI.21.7_1,PIGE,1.5502367993873742,1.3922311032318282,1.2249903405176223,1.0914222658583108,0.9596524226876653,0.8459257024046475,2287.4187931273814,2273.2260325528077,2312.103731321699,2460.0407385421872,2555.139624768868,2492.185079986008,6.777e-4,6.124e-4,5.298e-4,4.437e-4,3.756e-4,3.394e-4
MWI,MWI.21_1,MWI.21.8_1,PIGE,0.14284081922746691,0.12943657418007978,0.10991901531441839,0.10020158887838154,0.08455005349775098,0.07391946377592336,130.42589510449824,129.61664080113047,131.83340087880867,140.26859282694895,145.6910180500091,142.1014248898625,0.001095,9.986e-4,8.338e-4,7.144e-4,5.803e-4,5.202e-4
MWI,MWI.21_1,MWI.21.9_1,PIGE,0.018737808515323036,0.013514129770927448,0.00894663062005695,0.004821393571765459,0.0017727949751130687,7.459733075479427e-4,91.91661748973581,91.34630192322213,92.90854604631755,98.85318082247535,102.6745920897347,100.14485471526153,2.039e-4,1.479e-4,9.63e-5,4.877e-5,1.727e-5,7.449e-6
MWI,MWI.22_1,MWI.22.10_1,PIGE,1.351813522404437,1.175476981666627,0.9966810312523295,0.8173240606033888,0.6393255459839005,0.46476891238293966,359.67033370756013,357.43868511420874,363.5517567266313,386.813152022743,401.7663596501068,391.8674805298993,0.003758,0.003289,0.002742,0.002113,0.001591,0.001186
MWI,MWI.22_1,MWI.22.3_1,PIGE,0.3979741158610904,0.3385198053501299,0.27937705295800985,0.2206271431640112,0.16251550728368247,0.10825431351258283,51.30363705172792,50.985313079105275,51.857286044020285,55.17530832649969,57.308244698997825,55.89626140761252,0.007757,0.00664,0.005387,0.003999,0.002836,0.001937
MWI,MWI.22_1,MWI.22.4_1,PIGE,0.06400370438554796,0.05535096028208443,0.04670003129638258,0.038051449607174694,0.029405107606641175,0.020813054421704117,21.826926759557747,21.69149710124248,22.06247450431284,23.474113785817135,24.38156301672397,23.780840384608975,0.002932,0.002552,0.002117,0.001621,0.001206,8.752e-4
MWI,MWI.22_1,MWI.22.7_1,PIGE,0.3369696881742009,0.2849008134361891,0.23301264814699318,0.18119677033360368,0.1295218237791253,0.08002632621841123,10.623349209697215,10.557434453603436,10.737992282249527,11.425049017755342,11.866712206356695,11.574335438457767,0.03172,0.02699,0.0217,0.01586,0.01091,0.006914
MWI,MWI.23_1,MWI.23.1_1,PIGE,0.00987115112995334,0.0089904760828499,0.00810980103574647,0.007229125988643031,0.00732416571949179,0.00639377656707553,68.94894544025418,68.5211375209335,69.69301577047518,74.1522344627787,77.01877028803858,75.12115123966358,1.432e-4,1.312e-4,1.164e-4,9.749e-5,9.51e-5,8.511e-5
MWI,MWI.23_1,MWI.23.2_1,PIGE,4.290038968601919,4.317935214783302,4.459435515805281,4.4020031346995125,4.108565909530271,3.7810395819324247,8134.393056603063,8083.921541103273,8222.176277784,8748.261736190025,9086.447171291467,8862.571677437034,5.274e-4,5.341e-4,5.424e-4,5.032e-4,4.522e-4,4.266e-4
MWI,MWI.23_1,MWI.23.3_1,PIGE,2.5101916452653987,2.4979521358497254,2.4293533268153,2.377284154829665,2.7287508240870424,2.524150435948463,2609.37305126101,2593.1826592446628,2637.532395186059,2806.2915402473677,2914.7755973297035,2842.960198634738,9.62e-4,9.633e-4,9.211e-4,8.471e-4,9.362e-4,8.879e-4
MWI,MWI.23_1,MWI.23.4_1,PIGE,1.0457098461151861,1.099388783853665,1.0876539889854295,1.0330036320487468,0.9643040602555046,0.8772544268922319,1781.8742009534722,1770.8181958248417,1801.1034975968068,1916.344806850917,1990.4257982355566,1941.3848969723563,5.869e-4,6.208e-4,6.039e-4,5.39e-4,4.845e-4,4.519e-4
MWI,MWI.23_1,MWI.23.5_1,PIGE,0.29300396813943763,0.31700463860239253,0.2910013043512046,0.26586871443983556,0.23855614113836912,0.2071929699365526,2518.2582493627983,2502.6331978831413,2545.4343176147604,2708.3006846912035,2812.99666579667,2743.6889368356933,1.164e-4,1.267e-4,1.143e-4,9.817e-5,8.48e-5,7.552e-5
MWI,MWI.23_1,MWI.23.6_1,PIGE,0.12306353790510609,0.12680419019362058,0.12766260995340134,0.1202110678020756,0.11153530906344652,0.10176799311471478,640.038223647346,636.0669747907326,646.9452684089806,688.3392359664699,714.9486711928666,697.3334819085907,1.923e-4,1.994e-4,1.973e-4,1.746e-4,1.56e-4,1.459e-4
MWI,MWI.23_1,MWI.23.7_1,PIGE,1.0358164082030739,0.9801889860404741,0.91321763680791,0.8413469868696417,0.7713712890939987,0.6969486598345965,1062.5328922395108,1055.9401882766538,1073.9993359240543,1142.717813110444,1186.892362578511,1157.6492372056098,9.749e-4,9.283e-4,8.503e-4,7.363e-4,6.499e-4,6.02e-4
MWI,MWI.24_1,MWI.24.2_1,PIGE,9.53049487279778,9.454846696622438,10.075841661353042,11.107402055775747,10.367373418819437,9.675031120345722,7028.277967117772,6984.669570291377,7104.124422411419,7558.6727593810365,7850.87172564493,7657.438830297258,0.001356,0.001354,0.001418,0.001469,0.001321,0.001263
MWI,MWI.24_1,MWI.24.3_1,PIGE,5.4840900534361605,5.70894088308131,6.100107870069852,7.260519030499963,6.8145916568023654,6.333749738658978,2179.63806935614,2166.1140564597945,2203.1598796996127,2344.126253576228,2434.7441821321286,2374.7559880768977,0.002516,0.002636,0.002769,0.003097,0.002799,0.002667
MWI,MWI.25_1,MWI.25.10_1,PIGE,0.005489159569320005,0.00494870518997576,0.004459713372829014,0.003946019423779242,0.0036127272108283175,0.003180028421499334,1.293839422439324,1.285811529514863,1.3078020366629395,1.391480081345726,1.4452711441803225,1.4096619797778465,0.004243,0.003849,0.00341,0.002836,0.0025,0.002256
MWI,MWI.25_1,MWI.25.11_1,PIGE,0.003728516690527897,0.0037103682165284123,0.0035524586263615348,0.0034041902000934215,0.0032055461877451372,0.0029179540507230568,0.2679132600555196,0.26625093710611214,0.27080447625334864,0.2881315551452334,0.2992699845020216,0.29189645177650464,0.01392,0.01394,0.01312,0.01181,0.01071,0.009997
MWI,MWI.25_1,MWI.25.12_1,PIGE,0.04170972610794126,0.036417181866479756,0.030751422706158413,0.025180515094981582,0.01957440507570241,0.013714037727850755,1.1808131594559321,1.173486561237094,1.1935560379999848,1.2699241982255323,1.3190162213580945,1.286517775882999,0.03532,0.03103,0.02576,0.01983,0.01484,0.01066
MWI,MWI.25_1,MWI.25.1_1,PIGE,0,0,0,0,0,0,0.08538458361994944,0.0756054463100558,0.0633233234769511,0.09829841001608461,0.09195913900827835,0.09292077496498913,0,0,0,0,0,0
MWI,MWI.25_1,MWI.25.2_1,PIGE,0.003894014789443233,0.0035541618170116017,0.003202819613456938,0.0029013621115343675,0.002644402177984779,0.0023769011247112204,1.685505496029105,1.6750474303595637,1.7036948189115908,1.8127035581443918,1.8827780437973523,1.83638941065753,0.00231,0.002122,0.00188,0.001601,0.001405,0.001294
MWI,MWI.25_1,MWI.25.3_1,PIGE,2.83523427933782e-5,2.1637436653775203e-5,1.4922530514172208e-5,9.732634886673647e-6,6.06774977127952e-6,2.833875026189974e-6,0.004302611776858926,0.004275915336758944,0.004349043897686565,0.004627311922506755,0.004806191972401623,0.0046877751059304015,0.00659,0.00506,0.003431,0.002103,0.001262,6.045e-4
MWI,MWI.25_1,MWI.25.4_1,PIGE,3.280880890087031e-4,3.475320532735611e-4,3.5261077487774254e-4,3.387281022434279e-4,3.1663726923683474e-4,2.901314636728715e-4,0.07988129841912427,0.07938565846624154,0.08074334647096437,0.08590960647395014,0.08923065224520291,0.08703215199953333,0.004107,0.004378,0.004367,0.003943,0.003549,0.003334
MWI,MWI.25_1,MWI.25.5_1,PIGE,0.0030790296991895358,0.0029440891104041537,0.0026672529113039396,0.002413400178721528,0.00218769504517856,0.0019451361386573166,2.9702173043127784,2.951787979878956,3.0022707397400574,3.194367202405637,3.3178532725297574,3.23610668600131,0.001037,9.974e-4,8.884e-4,7.555e-4,6.594e-4,6.011e-4
MWI,MWI.25_1,MWI.25.6_1,PIGE,0.0020340325948187722,0.0017103875241448476,0.001370914158225888,0.001171078469839164,0.0010459928518938538,9.033279130769345e-4,3.4651471903220687,3.4436469715708453,3.5025417175001747,3.726647380378754,3.870710041488835,3.7753419503339662,5.87e-4,4.967e-4,3.914e-4,3.142e-4,2.702e-4,2.393e-4
MWI,MWI.25_1,MWI.25.7_1,PIGE,0.0052917650231670025,0.00483537013286861,0.004241183467068355,0.003684983955323591,0.0031690350307823413,0.002582055929545865,10.811755549299017,10.74467178730359,10.928431830139406,11.6276735971339,12.077169733994664,11.779607629952013,4.894e-4,4.5e-4,3.881e-4,3.169e-4,2.624e-4,2.192e-4
MWI,MWI.25_1,MWI.25.8_1,PIGE,0.012118505985160089,0.011369041484164219,0.010254250598644418,0.009722582767755249,0.008982698697394995,0.008056336533035988,7.568632765536613,7.521671626176877,7.650310520652596,8.139805878235794,8.45446996529491,8.246165376815268,0.001601,0.001512,0.00134,0.001194,0.001062,9.77e-4
MWI,MWI.25_1,MWI.25.9_1,PIGE,0.026070493654925284,0.022869159115025323,0.018800978993821257,0.014949525984140937,0.011749573231102975,0.008812824374758667,5.761311263311906,5.725564022097722,5.823485104359454,6.196093368539521,6.435618498783426,6.2770551744704886,0.004525,0.003994,0.003228,0.002413,0.001826,0.001404
MWI,MWI.26_1,MWI.26.10_1,PIGE,0.2858146449615,0.2456017517060736,0.20538885845064717,0.1651759651952208,0.12496307193979439,0.08475017868436799,4.430885946091738,4.403393602514311,4.478702352100978,4.765266407694811,4.949479425327088,4.827532185687773,0.06451,0.05578,0.04586,0.03466,0.02525,0.01756
MWI,MWI.26_1,MWI.26.11_1,PIGE,0.33993853265758156,0.29227703173251895,0.24461553080745627,0.19695402988239358,0.1492925289573309,0.10163102803226827,1.7769257925853976,1.7659004908747002,1.7961016879210692,1.9110229627649185,1.9848982252616898,1.935993514536553,0.1913,0.1655,0.1362,0.1031,0.07521,0.0525
MWI,MWI.26_1,MWI.26.1_1,PIGE,0.2957888858123675,0.2577658034749222,0.21979875340612945,0.18184456362245355,0.1439134849664416,0.10606746992637832,4.108531515399736,4.083039286217063,4.152869197170894,4.41858523407916,4.589396443777905,4.476321071635668,0.07199,0.06313,0.05293,0.04115,0.03136,0.0237
MWI,MWI.26_1,MWI.26.2_1,PIGE,0.00138154592409275,0.00119733980088038,0.00101313367766801,8.289275544556504e-4,6.447214312432836e-4,4.605153080309169e-4,0.0719275520553666,0.07148126275840701,0.07270376635520968,0.07735562408224124,0.08034599476120421,0.07836639823493796,0.01921,0.01675,0.01394,0.01072,0.008024,0.005876
MWI,MWI.26_1,MWI.26.3_1,PIGE,0.021287740027637038,0.01836539723780713,0.01544305444797723,0.012520711658147329,0.009598368868317426,0.0066760260784875245,2.0677207665497934,2.054891167587466,2.0900348086826743,2.223763019227282,2.309728012833817,2.2528200168047054,0.0103,0.008937,0.007389,0.00563,0.004156,0.002963
MWI,MWI.26_1,MWI.26.4_1,PIGE,0.18456195117196328,0.15748840944909578,0.13041486772622826,0.10334132600336077,0.07626778428049329,0.04919424255762581,2.572369811423924,2.556409013623148,2.600129830707979,2.7664958204033328,2.87344147668829,2.8026444844724674,0.07175,0.06161,0.05016,0.03735,0.02654,0.01755
MWI,MWI.26_1,MWI.26.5_1,PIGE,0.2190111177614198,0.19018644465459655,0.16139796356322644,0.13261627215170824,0.103868047820602,0.07524205323737432,178.78249718733306,177.67320439620624,180.71184869329895,192.27446576052114,199.70730508597532,194.7868371946613,0.001225,0.00107,8.931e-4,6.897e-4,5.201e-4,3.863e-4
MWI,MWI.26_1,MWI.26.6_1,PIGE,0.1307474140360452,0.11217086741923712,0.09359432080242906,0.07501777418562101,0.05644122756881296,0.03786468095200491,2.2180171333417924,2.204254989645848,2.241953115687912,2.3854016252726975,2.477615154184084,2.416570688094336,0.05895,0.05089,0.04175,0.03145,0.02278,0.01567
MWI,MWI.26_1,MWI.26.7_1,PIGE,0.9361872253795871,0.8167877140360389,0.697438278333455,0.578096846118177,0.4605895529815719,0.3412497704279453,170.02859449390414,168.9736170932927,171.86347727049014,182.85994258191835,189.92884050810488,185.24929831032549,0.005506,0.004834,0.004058,0.003161,0.002425,0.001842
MWI,MWI.26_1,MWI.26.8_1,PIGE,0.03343561749712807,0.02866203380918396,0.02388845012123985,0.01911486643329575,0.01434128274535165,0.00956769905740755,0.7768212886223561,0.7720013410938253,0.7852044432747909,0.8354447477302921,0.8677409059882902,0.8463611609456291,0.04304,0.03713,0.03042,0.02288,0.01653,0.0113
MWI,MWI.26_1,MWI.26.9_1,PIGE,0.0716556894998623,0.06202365498608279,0.0523916204723033,0.04275958595852379,0.033127551444744295,0.0234955169309648,1.3773747003651535,1.3688284956200967,1.3922387949730517,1.4813194179029041,1.538583439828005,1.5006752100287897,0.05202,0.04531,0.03763,0.02887,0.02153,0.01566
MWI,MWI.27_1,MWI.27.10_1,PIGE,9.610490089014162,9.571077206417698,11.871160337941097,11.980599118728138,11.447104801285006,10.600351831028963,3837.129056574869,3813.320799793325,3878.5378680656886,4126.701164902278,4286.228882644511,4180.623073268657,0.002505,0.00251,0.003061,0.002903,0.002671,0.002536
MWI,MWI.27_1,MWI.27.11_1,PIGE,17.483659383597765,15.978018247679296,14.468981352349955,12.96045583089983,11.452553027671955,9.945225362978352,1453.978553620101,1444.9570445050688,1469.6693273602712,1563.7042441108017,1624.1530528126423,1584.1365249069463,0.01202,0.01106,0.009845,0.008288,0.007051,0.006278
MWI,MWI.27_1,MWI.27.12_1,PIGE,0.03167957012696966,0.02355585120314807,0.016748377491890117,0.011592858598708405,0.0077812917005052685,0.00586669543524462,161.64968146338998,160.6466927527703,163.39414225388612,173.84870797035637,180.5692546023303,176.1203175990155,1.96e-4,1.466e-4,1.025e-4,6.668e-5,4.309e-5,3.331e-5
MWI,MWI.27_1,MWI.27.13_1,PIGE,0.02187080394571901,0.02046594283871863,0.01906108173171826,0.01806697810515246,0.01787332721814527,0.01638420805029341,76.09082522335028,75.61870404136059,76.91196795568963,81.83308209285622,84.99653985255938,82.90236134948827,2.874e-4,2.706e-4,2.478e-4,2.208e-4,2.103e-4,1.976e-4
MWI,MWI.27_1,MWI.27.1_1,PIGE,0.01128383440945942,0.010570426435744771,0.010467150779086741,0.00973101321610799,0.00900586383796554,0.008187505867544,7.445250058634919,7.3990544726681,7.525596315337378,8.007111993617144,8.316646474308929,8.111737635733245,0.001516,0.001429,0.001391,0.001215,0.001083,0.001009
MWI,MWI.27_1,MWI.27.2_1,PIGE,0.20880421862451215,0.19859068233464575,0.18396530350873558,0.1732156892125275,0.1639671223961635,0.14904586014334767,617.5720937638964,613.740240632907,624.2366927480878,664.1776810659336,689.8530923452687,672.8562178987017,3.381e-4,3.236e-4,2.947e-4,2.608e-4,2.377e-4,2.215e-4
MWI,MWI.27_1,MWI.27.3_1,PIGE,0.20007824522735013,0.19027704632696968,0.18638147145126022,0.17364114135803568,0.16053030418544537,0.14712026979335543,710.750447021724,706.3404496250257,718.4205907265098,764.3878155866593,793.9370944943794,774.3757570685855,2.815e-4,2.694e-4,2.594e-4,2.272e-4,2.022e-4,1.9e-4
MWI,MWI.27_1,MWI.27.4_1,PIGE,0.13104500701262842,0.10969262146918907,0.08969342150154258,0.07295791209934015,0.05900567030058841,0.0463949380907594,197.43796090777732,196.2129164533401,199.56863495699986,212.3377794338092,220.54621517701898,215.11230994324612,6.637e-4,5.59e-4,4.494e-4,3.436e-4,2.675e-4,2.157e-4
MWI,MWI.27_1,MWI.27.5_1,PIGE,0.19885637893162664,0.19431181616289345,0.17435659582016608,0.1583159593252806,0.14375112793891678,0.13068340604451756,1153.388930323087,1146.2324913768725,1165.8358572017933,1240.4303770273264,1288.3822444288985,1256.6385710428783,1.724e-4,1.695e-4,1.496e-4,1.276e-4,1.116e-4,1.04e-4
MWI,MWI.27_1,MWI.27.6_1,PIGE,0.441210883658789,0.415307826017941,0.3829965614281816,0.36176619665664533,0.3327639599856276,0.3012460444906353,1436.7000690950563,1427.7857678925811,1452.2043801184411,1545.1218245033426,1604.8522843663286,1565.3112964584157,3.071e-4,2.909e-4,2.637e-4,2.341e-4,2.073e-4,1.925e-4
MWI,MWI.27_1,MWI.27.7_1,PIGE,0.5015611529455859,0.4637897433818952,0.426262278850555,0.39445696109652234,0.3553413469373841,0.31625598420797296,1650.8246444486526,1640.5817632588764,1668.639705005253,1775.405487501804,1844.0381250906485,1798.6039814524813,3.038e-4,2.827e-4,2.555e-4,2.222e-4,1.927e-4,1.758e-4
MWI,MWI.27_1,MWI.27.8_1,PIGE,8.669700623882633,8.176591169131843,7.692286244448052,7.13457921299117,6.566397044810158,5.99823292022786,2462.532825684937,2447.253534062877,2489.1075267349365,2648.3698959646517,2750.749105982027,2682.975057119776,0.003521,0.003341,0.00309,0.002694,0.002387,0.002236
MWI,MWI.27_1,MWI.27.9_1,PIGE,0.5555379859732003,0.5540812027001227,0.5216950074614845,0.49703994826180103,0.4629307719392899,0.4247739481252489,1477.8631923173618,1468.6934860468898,1493.8117198330133,1589.391356762477,1650.8331635741786,1610.1592805042224,3.759e-4,3.773e-4,3.492e-4,3.127e-4,2.804e-4,2.638e-4
MWI,MWI.28_1,MWI.28.2_1,PIGE,0.11471190464843055,0.08956233796402643,0.06566906637114678,0.04324474675890133,0.024097158017232542,0.014152876496935411,75.3901819958451,74.92240809892888,76.20376365768034,81.07956424644127,84.21389293245743,82.13899759501184,0.001522,0.001195,8.618e-4,5.334e-4,2.861e-4,1.723e-4
MWI,MWI.28_1,MWI.28.4_1,PIGE,0.5606037738661241,0.5148140897699799,0.4675530946153063,0.43445429561368415,0.38600594677563915,0.33818749397142595,969.7168790381812,963.7000711275952,980.1816882357641,1042.8973629373631,1083.2131089777554,1056.5244742286113,5.781e-4,5.342e-4,4.77e-4,4.166e-4,3.564e-4,3.201e-4
MWI,MWI.28_1,MWI.28.5_1,PIGE,0.3144537973768796,0.28378527740849485,0.27891153903006993,0.24965742422866047,0.23111828230292294,0.20568962877350533,237.30637897367527,235.83396271579028,239.8672975582749,255.21490054430214,265.0808561807112,258.54968877610526,0.001325,0.001203,0.001163,9.782e-4,8.719e-4,7.956e-4
MWI,MWI.28_1,MWI.28.6_1,PIGE,2.6182510259251828,2.3959562333598297,2.3447141703245027,2.1444995500822066,1.9075199072539701,1.6889720889408555,719.2087919968211,714.7463130582864,726.9702148864958,773.4844765400012,803.3854091059274,783.5912803525798,0.00364,0.003352,0.003225,0.002773,0.002374,0.002155
MWI,MWI.28_1,MWI.28.7_1,PIGE,2.3096521178182305,2.098475028030847,1.8862217016940483,1.666397687406321,1.4475836656244034,1.255352539034681,3767.3682556781,3743.992844140109,3808.0242356088675,4051.675807641507,4208.3032368631175,4104.617390494186,6.131e-4,5.605e-4,4.953e-4,4.113e-4,3.44e-4,3.058e-4
MWI,MWI.28_1,MWI.28.8_1,PIGE,0.2268959872894772,0.20244870890122935,0.20363311837330317,0.18656722821582705,0.1681411711331052,0.1425817158489155,606.4028740022854,602.6403225935506,612.9469390902254,652.1655669249428,677.3766205787563,660.6871463982816,3.742e-4,3.359e-4,3.322e-4,2.861e-4,2.482e-4,2.158e-4
MWI,MWI.28_1,MWI.28.9_1,PIGE,0.6561046621820136,0.6353729945091082,0.6053798220735619,0.5854438006474944,0.5326169760211947,0.47992737649264894,132.55925991246536,131.73676870817303,133.98978813399398,142.56295376930882,148.07407312121077,144.4257653038511,0.00495,0.004823,0.004518,0.004107,0.003597,0.003323
MWI,MWI.2_1,MWI.2.1_1,PIGE,4.477383201773304,4.128044586183474,5.2198511259353415,4.941519735684658,4.522457592153102,4.089600421949772,3402.274277205929,3381.164166381232,3438.990304242727,3659.029711029688,3800.4784458971694,3706.840748685155,0.001316,0.001221,0.001518,0.001351,0.00119,0.001103
MWI,MWI.2_1,MWI.2.2_1,PIGE,0.018497025570670282,0.0162881638793307,0.01410676840244578,0.01203823436750621,0.010101322426948589,0.00869061140963347,509.5622408731269,506.40055709913474,515.0612393337077,548.0167755625026,569.2017031830162,555.1774855762163,3.63e-5,3.216e-5,2.739e-5,2.197e-5,1.775e-5,1.565e-5
MWI,MWI.2_1,MWI.2.3_1,PIGE,0.3540736822053046,0.30655781211915567,0.26147162867286455,0.2662950580741613,0.23433142810568214,0.20479500396203065,472.6377158084373,469.70513784801443,477.7382390873788,508.3057107660703,527.9555101369378,514.9475326142691,7.491e-4,6.527e-4,5.473e-4,5.239e-4,4.438e-4,3.977e-4
MWI,MWI.2_1,MWI.2.4_1,PIGE,0.4313972647381439,0.4011031072942235,0.6582203258839324,0.8737702384478035,1.169508321941394,1.0944673863626158,947.8586630977926,941.9774789856826,958.0875868898925,1019.3895987068828,1058.7965946762,1032.7095437028065,4.551e-4,4.258e-4,6.87e-4,8.572e-4,0.001105,0.00106
MWI,MWI.2_1,MWI.2.5_1,PIGE,0.05797049744544232,0.05349509058092995,0.0489940974204999,0.044658471530249814,0.04036712691513309,0.03616876157795717,253.92400329544523,252.34847956811666,256.66425284932416,273.0865875883051,283.6434169595466,276.6548978108294,2.283e-4,2.12e-4,1.909e-4,1.635e-4,1.423e-4,1.307e-4
MWI,MWI.2_1,MWI.2.6_1,PIGE,0.08723239088438489,0.07748288555754954,0.06813350406474933,0.05955387653804087,0.051890445241943355,0.04535711509170972,1112.68314552776,1105.7792739991678,1124.6907913334758,1196.652696616681,1242.9122308046547,1212.288865671552,7.84e-5,7.007e-5,6.058e-5,4.977e-5,4.175e-5,3.741e-5
MWI,MWI.2_1,MWI.2.7_1,PIGE,0.21660130667114688,0.20315536217885286,0.1899761797649433,0.17494628717361152,0.164123256411614,0.14947084595241034,871.9629645692013,866.5526909353531,881.3728513607215,937.7663687057059,974.0180192607288,950.0197764960467,2.484e-4,2.344e-4,2.155e-4,1.866e-4,1.685e-4,1.573e-4
MWI,MWI.2_1,MWI.2.8_1,PIGE,0.00627555978658209,0.004670020362940407,0.0030779285219091255,0.001688388366036001,9.320579498986532e-4,7.293845699929394e-4,1134.0859511156393,1127.049281475811,1146.3245677145956,1219.6706825768713,1266.8200332600354,1235.6076181956698,5.534e-6,4.144e-6,2.685e-6,1.384e-6,7.357e-7,5.903e-7
MWI,MWI.2_1,MWI.2.9_1,PIGE,0.12232895163425413,0.10041924452414228,0.08182155438539869,0.06672745467855305,0.0505310051655857,0.04077028639329551,576.0079727235769,572.4340127340578,582.2240278022691,619.4768893577882,643.4242823005592,627.5713393138782,2.124e-4,1.754e-4,1.405e-4,1.077e-4,7.853e-5,6.497e-5
MWI,MWI.3_1,MWI.3.10_1,PIGE,0.07927895614444923,0.062361454775828766,0.046830888775585645,0.03559947277466123,0.02656531228388421,0.021907260824703362,804.4697483731203,799.4782502869579,813.1512745009344,865.1797212948973,898.6253576179007,876.4846691910258,9.855e-5,7.8e-5,5.759e-5,4.115e-5,2.956e-5,2.499e-5
MWI,MWI.3_1,MWI.3.11_1,PIGE,0.1791637453651356,0.1612885604044104,0.14315114497526996,0.12661925194381576,0.10969199342140698,0.09455639346894275,1674.510737488749,1664.120891060917,1692.5814091929526,1800.8790710845778,1870.4964522953346,1824.4104178842563,1.07e-4,9.692e-5,8.458e-5,7.031e-5,5.864e-5,5.183e-5
MWI,MWI.3_1,MWI.3.1_1,PIGE,0.00366261811138311,0.00379139490911899,0.00318566466882305,0.00272986801990331,0.00236447868261057,0.00212991393208972,14.114271379079009,14.02669647807282,14.266587132406379,15.179416507242449,15.766213945509708,15.377759705174984,2.595e-4,2.703e-4,2.233e-4,1.798e-4,1.5e-4,1.385e-4
MWI,MWI.3_1,MWI.3.2_1,PIGE,2.2142765892800864,1.9266890921064401,1.639841474220031,1.3860157547727725,1.1894853206602407,1.0402282595908299,1381.5186586762543,1372.946741889171,1396.4274732781898,1485.7761034450343,1543.2124094403457,1505.1901292495456,0.001603,0.001403,0.001174,9.329e-4,7.708e-4,6.911e-4
MWI,MWI.3_1,MWI.3.3_1,PIGE,0.028608071883673255,0.02554671617676722,0.023301233689761197,0.019860226963424463,0.017375549699607855,0.01575846550498879,29.99655686493336,29.810437055598616,30.32026809546008,32.26027176372159,33.50737140155848,32.68180347837849,9.537e-4,8.57e-4,7.685e-4,6.156e-4,5.186e-4,4.822e-4
MWI,MWI.3_1,MWI.3.4_1,PIGE,1.176031518018468e-4,9.780362985426468e-5,8.848899843957281e-5,7.917436702488094e-5,6.985973561018908e-5,6.054510419549719e-5,10.415164444936531,10.350541414053021,10.527560868092346,11.201153418054117,11.634161375126556,11.347514286959044,1.129e-5,9.449e-6,8.405e-6,7.068e-6,6.005e-6,5.336e-6
MWI,MWI.3_1,MWI.3.5_1,PIGE,0.7172232315133404,0.6209817384031036,0.5389558134147671,0.4589083945856522,0.39308826069501857,0.35232737670294917,1916.52335325723,1904.6318897569365,1937.2057314318179,2061.1553684641394,2140.834365974254,2088.087638688224,3.742e-4,3.26e-4,2.782e-4,2.226e-4,1.836e-4,1.687e-4
MWI,MWI.3_1,MWI.3.6_1,PIGE,0.16000632808572815,0.12246050469978276,0.08968103826445337,0.057569274242060695,0.03730704753360822,0.03059860341098461,294.25793582661026,292.4321519155472,297.4334535677827,316.46435359704685,328.6980565134303,320.5994632630964,5.438e-4,4.188e-4,3.015e-4,1.819e-4,1.135e-4,9.544e-5
MWI,MWI.3_1,MWI.3.7_1,PIGE,0.03032798817619754,0.02465099682326813,0.032254517299029915,0.028694275687572397,0.024910467737929973,0.022758840937048757,468.9352122645655,466.0256072492292,473.995779558438,504.3237947391986,523.8196634156386,510.9135865269342,6.467e-5,5.29e-5,6.805e-5,5.69e-5,4.756e-5,4.455e-5
MWI,MWI.3_1,MWI.3.8_1,PIGE,0.47793884401347136,0.4415818136720027,0.40606950289949745,0.371660390554405,0.3375051677514864,0.30220079772604913,1169.0704471512804,1161.8167090071854,1181.6866028895467,1257.295312453842,1305.899135146324,1273.7238736504264,4.088e-4,3.801e-4,3.436e-4,2.956e-4,2.584e-4,2.373e-4
MWI,MWI.3_1,MWI.3.9_1,PIGE,0.3866393934098462,0.35358854621928365,0.31541175857875664,0.2800239750919691,0.24551183292067325,0.2124671038395616,1698.7837813835815,1688.2433278603412,1717.1163983818135,1826.9839002523363,1897.6104274256363,1850.8563481276817,2.276e-4,2.094e-4,1.837e-4,1.533e-4,1.294e-4,1.148e-4
MWI,MWI.4_1,MWI.4.1_1,PIGE,0.0177186047808106,0.0167002718160019,0.0156819388511932,0.01479141512331125,0.01383231275533158,0.01280405188521015,5.664255031055021,5.629109995204731,5.72538147881288,6.091712707683398,6.327202748412118,6.171310614411348,0.003128,0.002967,0.002739,0.002428,0.002186,0.002075
MWI,MWI.4_1,MWI.4.2_1,PIGE,0.7049106247968497,0.7217083161488924,0.679262795177861,0.6368838662799536,0.6027647140064785,0.5605661205256709,975.6592092157922,969.6055308948909,986.1881457404766,1049.2881359618364,1089.8509329503017,1062.9987528580814,7.225e-4,7.443e-4,6.888e-4,6.07e-4,0.00055309999999999995,5.273e-4
MWI,MWI.4_1,MWI.4.3_1,PIGE,0.004405789000890596,0.004035172660543843,0.0036936681241478415,0.0034481623065542137,0.003093108006551868,0.0027463753286007843,21.914700866126058,21.778726595305677,22.15119583506337,23.568511837715615,24.479610255994373,23.8764718970613,2.01e-4,1.853e-4,1.667e-4,1.463e-4,1.264e-4,1.15e-4
MWI,MWI.4_1,MWI.4.4_1,PIGE,0.3274135952089976,0.30505363377852956,0.28311068278551205,0.3522897771647476,0.34397321553860144,0.312819076233385,1255.4534144479555,1247.6636954086057,1269.0017817319024,1350.1972416084232,1402.3924153921664,1367.8397141377543,2.608e-4,2.445e-4,2.231e-4,2.609e-4,2.453e-4,2.287e-4
MWI,MWI.4_1,MWI.4.5_1,PIGE,2.0660263470354057,1.923733092259446,1.8571738701321974,2.1004358800365477,1.9971480186154342,1.845105444164015,2640.1979922115165,2623.816340506323,2668.6899869674903,2839.442710784761,2949.2083073740746,2876.5445418949735,7.825e-4,7.332e-4,6.959e-4,7.397e-4,6.772e-4,6.414e-4
MWI,MWI.4_1,MWI.4.6_1,PIGE,0.00898476369576236,0.007640917571512514,0.006358428544252352,0.005052234759797531,0.0038154766776660964,0.0026353758709059573,24.356286755176313,24.205163162312385,24.619130373931664,26.194354019199732,27.206960783642778,26.536624879312576,3.689e-4,3.157e-4,2.583e-4,1.929e-4,1.402e-4,9.931e-5
MWI,MWI.4_1,MWI.4.7_1,PIGE,0.01008510735598334,0.00893790185493982,0.007856414127348917,0.060053737736098574,0.05650862665249989,0.05306518180323535,131.69334468447025,130.87622622938576,133.11452828403947,141.63169153460467,147.10681066914526,143.4823346482029,7.658e-5,6.829e-5,5.902e-5,4.24e-4,3.841e-4,3.698e-4
MWI,MWI.5_1,MWI.5.1_1,PIGE,0,0,0,0,0,0,6.02816938440058e-4,5.990766367063821e-4,6.093223054994655e-4,6.483090157785715e-4,6.733709850237612e-4,6.567802032828253e-4,0,0,0,0,0,0
MWI,MWI.5_1,MWI.5.2_1,PIGE,0.021176133205552897,0.01821336961534285,0.015250606025132825,0.012287842434922785,0.009325078844712741,0.006362315254502703,0.050200165179763855,0.04988868792542762,0.05074190593074927,0.05398856203980174,0.05607562183459513,0.054694008394847345,0.4218,0.3651,0.3006,0.2276,0.1663,0.1163
MWI,MWI.5_1,MWI.5.3_1,PIGE,0.11373427572806578,0.09883819475739776,0.08397699543578406,0.06920688788816229,0.05450771962361693,0.039835185639324644,0.040154272611522095,0.03990512716472688,0.040587601978506076,0.04318454790511647,0.044853952132305405,0.04374882264707937,2.832,2.477,2.069,1.603,1.215,0.9105
MWI,MWI.5_1,MWI.5.4_1,PIGE,0.7759806247513831,0.671123323420252,0.5664570330418907,0.4622058296653617,0.35843772904423354,0.2553447408268796,0.3381186328427962,0.3360207062120637,0.34176747824843356,0.36363503428081984,0.37769223512766426,0.36838650384785837,2.295,1.997,1.657,1.271,0.949,0.6931
MWI,MWI.5_1,MWI.5.5_1,PIGE,0.9660384709260972,0.9154037061006723,0.8493719198498898,0.7854091266162719,0.703106918170839,0.6157474015637189,7.301744131144429,7.25643895723334,7.380541727426126,7.85277627297448,8.15634452924235,7.955385273649002,0.1323,0.1262,0.1151,0.1,0.0862,0.0774
MWI,MWI.5_1,MWI.5.6_1,PIGE,0.2671729655285093,0.23652878240435413,0.205347194296864,0.17466895525392886,0.14486219377667403,0.11348510250046348,4.3545876370721635,4.327568702052632,4.401580661264249,4.683210183869958,4.864251117653602,4.744403766904971,0.06135,0.05466,0.04665,0.0373,0.02978,0.02392
MWI,MWI.5_1,MWI.5.7_1,PIGE,0.45143114125894984,0.4148788909092254,0.3720522402075736,0.31930265869617536,0.26461797089782285,0.20843365651678095,7.391776207974878,7.34591241151757,7.471545395579836,7.949602694722834,8.256914012933267,8.053476886462162,0.06107,0.05648,0.0498,0.04017,0.03205,0.02588
MWI,MWI.6_1,MWI.6.10_1,PIGE,0.153017914189452,0.13189919580878132,0.11084901466818722,0.0897646695509468,0.06867515016579237,0.04759159580718464,5.157682973420143,5.125681068136666,5.213342691617478,5.546911772002906,5.761341201260138,5.619390988775418,0.02967,0.02573,0.02126,0.01618,0.01192,0.008469
MWI,MWI.6_1,MWI.6.1_1,PIGE,1.266537197493503e-4,1.1552735451716013e-4,1.0440098928496993e-4,9.579030665330395e-5,8.882172595743869e-5,7.734651577648038e-5,0.2777182534001424,0.27599509335199574,0.2807152812907996,0.29867649039774535,0.31022255999484943,0.30257917336480733,4.561e-4,4.186e-4,3.719e-4,3.207e-4,2.863e-4,2.556e-4
MWI,MWI.6_1,MWI.6.2_1,PIGE,0,0,0,0,0,0,0.7662531604561311,0.7614987850533673,0.7745222679601397,0.8240790870575895,0.8559358779285886,0.8348469898553248,0,0,0,0,0,0
MWI,MWI.6_1,MWI.6.4_1,PIGE,0.003314914400717141,0.0028336903287448224,0.0023560827359271766,0.0018807866081224575,0.0014078019453306646,9.369738725867877e-4,0.25254568347922474,0.25097871182080705,0.25527105873917133,0.27160425173059954,0.2821037777869515,0.2751531928795967,0.01313,0.01129,0.00923,0.006925,0.00499,0.003405
MWI,MWI.6_1,MWI.6.5_1,PIGE,0.21021189105711685,0.18345481869939237,0.15667288785992375,0.12989095702045514,0.10311107801577409,0.07633232768807523,4.057325537612477,4.032151026455424,4.101110624292321,4.3635149549540495,4.532197288440732,4.420531211802861,0.05181,0.0455,0.0382,0.02977,0.02275,0.01727
MWI,MWI.6_1,MWI.6.6_1,PIGE,0.46148089101062856,0.395254364794356,0.32909790760220814,0.2629713741688693,0.1968609501683006,0.13079429191255987,57.94483636718498,57.58530570687773,58.57015461179387,62.317691224589765,64.72673386149692,63.131970888064316,0.007964,0.006864,0.005619,0.00422,0.003041,0.002072
MWI,MWI.6_1,MWI.6.7_1,PIGE,0.5570999967545534,0.4829505382199054,0.40888939210874153,0.33482585617387717,0.26077553305399415,0.18672195480677856,5.035460529059662,5.0042169780814225,5.0898012699477,5.415465710094887,5.624813770620907,5.486227375190625,0.1106,0.09651,0.08034,0.06183,0.04636,0.03403
MWI,MWI.6_1,MWI.6.8_1,PIGE,0.37833908913028597,0.3280173588742691,0.27756579425796596,0.22708269857367472,0.17661055708252368,0.1261489524017641,20.38992233436499,20.26340886569223,20.609962483603503,21.92866463673221,22.77637075424449,22.215197486553173,0.01856,0.01619,0.01347,0.01036,0.007754,0.005678
MWI,MWI.6_1,MWI.6.9_1,PIGE,0.0853764944600516,0.07419131619205566,0.06301036254669504,0.05183121390375052,0.04065387026322214,0.02948110477099859,9.1987010210459,9.141625787782518,9.297969841803496,9.892888578791332,10.27532236156081,10.0221548886374,0.009281,0.008116,0.006777,0.005239,0.003956,0.002942
MWI,MWI.7_1,MWI.7.1_1,PIGE,0.00380831258654701,0.00326480726180535,0.0027213019370637,0.00217779661232204,0.00163429128758039,0.00109078596283873,0.0028548104304279773,0.0028370971716899637,0.0028856184395443397,0.0030702510536193225,0.003188939110715692,0.0031103687625009535,1.334,1.151,0.9431,0.7093,0.5125,0.3507
MWI,MWI.7_1,MWI.7.3_1,PIGE,0.8992496134499134,0.796570324747834,0.6767640058040796,0.5565390033553775,0.4385054654865137,0.31819789127586795,1041.6680726362597,1035.2048287398977,1052.9093512640634,1120.2784126908318,1163.5855123016397,1134.9166303615746,8.633e-4,7.695e-4,6.428e-4,4.968e-4,3.769e-4,2.804e-4
MWI,MWI.7_1,MWI.7.4_1,PIGE,0.015771650101754266,0.01397598414203299,0.01196750227268466,0.009959020403336339,0.007952191530513526,0.005947015654216217,116.870308776246,116.1451628975283,118.13152791004008,125.69002299858218,130.54887798000593,127.33236288021452,1.35e-4,1.203e-4,1.013e-4,7.923e-5,6.091e-5,4.67e-5
MWI,MWI.7_1,MWI.7.5_1,PIGE,0.3352522455749192,0.29673827841253947,0.2582243112501598,0.22445489129675192,0.18654969070080452,0.14774871718515895,983.111641202912,977.0117227342907,993.7210014888909,1057.3029718740938,1098.1756019302002,1071.1183153377258,3.41e-4,3.037e-4,2.599e-4,2.123e-4,1.699e-4,1.379e-4
MWI,MWI.7_1,MWI.7.6_1,PIGE,0.00524914945411109,0.00450918899629266,0.00377288577578858,0.00303658255528451,0.00230027933478043,0.0015670600541721,4.324476238957314,4.2976441363032825,4.371144312596556,4.650826404266699,4.830615463915158,4.7115968417608665,0.001214,0.001049,8.631e-4,6.529e-4,4.762e-4,3.326e-4
MWI,MWI.7_1,MWI.7.7_1,PIGE,0.2641214599442172,0.23255744192041278,0.20100893178344983,0.16946607822076534,0.13940335115278574,0.1078364112884625,2526.5381395311406,2510.8617137692154,2553.803561152794,2717.205423598646,2822.2456391466444,2752.71003030728,1.045e-4,9.262e-5,7.871e-5,6.237e-5,4.939e-5,3.917e-5
MWI,MWI.7_1,MWI.7.8_1,PIGE,0.04758259968683534,0.04184700453336604,0.036111409379896736,0.03037581422642745,0.024640219072958165,0.018904623919488866,494.8930846801101,491.8224187041286,500.233779285238,532.240599401284,552.8156603808342,539.1951686038889,9.615e-5,8.509e-5,7.219e-5,5.707e-5,4.457e-5,3.506e-5
MWI,MWI.7_1,MWI.7.9_1,PIGE,0.5963962617859404,0.5633191519720968,0.505467703899881,0.4526192276884337,0.3993572224084292,0.33815020844078125,803.144925930813,798.1616479780971,811.812155087646,863.7549200345409,897.1454771831097,875.0412506380836,7.426e-4,7.058e-4,6.226e-4,5.24e-4,4.451e-4,3.864e-4
MWI,MWI.8_1,MWI.8.1_1,PIGE,0.0126566627604071,0.01157095373022788,0.01043076948950506,0.00935436011618952,0.00838322432160329,0.00737093147708666,35.036336938960744,34.818946777142195,35.41443552523277,37.680382996807054,39.1370102792132,38.17273707769966,3.612e-4,3.323e-4,2.945e-4,2.483e-4,2.142e-4,1.931e-4
MWI,MWI.8_1,MWI.8.2_1,PIGE,0.006210886460396212,0.005647267132527263,0.005083647804658322,0.004521105935316415,0.003959641524501549,0.003399944423780529,15.2903330033018,15.19546098595483,15.455340358444227,16.444230591710387,17.079922509175574,16.659100595543777,4.062e-4,3.716e-4,3.289e-4,2.749e-4,2.318e-4,2.041e-4
MWI,MWI.8_1,MWI.8.3_1,PIGE,0.22306525677270536,0.223767758813565,0.20446111748865375,0.2058408374281972,0.18773122550850496,0.16713380937059297,113.00571459561138,112.30454738668884,114.22522852492706,121.53378403138541,126.23196943913919,123.12181604632653,0.001974,0.001993,0.00179,0.001694,0.001487,0.001357
MWI,MWI.8_1,MWI.8.4_1,PIGE,1.324223119903452,1.2929491987244595,1.241619518820774,1.2066302694193558,1.133782060560375,1.0247607039327757,54.53641860058222,54.19803616964376,55.12495451999478,58.65205440067003,60.91939288861546,59.41843669405999,0.02428,0.02386,0.02252,0.02057,0.01861,0.01725
MWI,MWI.8_1,MWI.8.5_1,PIGE,0.09474019497529587,0.0856206725720326,0.07687933448144847,0.06977979037840895,0.06255074519204117,0.05358996453298575,106.04397823088502,105.38600654772485,107.18836379612294,114.04667449129005,118.45542738389688,115.53687552249441,8.934e-4,8.124e-4,7.172e-4,6.119e-4,5.281e-4,4.638e-4
MWI,MWI.8_1,MWI.8.6_1,PIGE,1.024358323584401,1.0815273132272598,1.0493266496255362,1.0352599183432318,0.9652518488413215,0.8781161298190315,50.532532536997586,50.21899304100354,51.07786006784849,54.34601177371719,56.44688966145708,55.05612877755164,0.02027,0.02154,0.02054,0.01905,0.0171,0.01595
MWI,MWI.8_1,MWI.8.7_1,PIGE,1.5949383354230655,1.5893913124310852,1.5309034556694674,1.519337327886035,1.4270248825010057,1.2926947636440007,471.6587816623434,468.7322777002611,476.74874066290914,507.2529005474184,526.8620009665842,513.8809657571137,0.003382,0.003391,0.003211,0.002995,0.002709,0.002516
MWI,MWI.8_1,MWI.8.8_1,PIGE,0.5212107504638939,0.477726915349477,0.4276938707252679,0.3822688885750648,0.3339984781323354,0.28607635682659094,368.167074198123,365.882705830059,372.14019075162383,395.9511060407861,411.25756361067783,401.1248364381029,0.001416,0.001306,0.001149,9.654e-4,8.121e-4,7.132e-4
MWI,MWI.9_1,MWI.9.10_1,PIGE,0.5022438778760954,0.43663830155594735,0.37107684850490813,0.3055479291452252,0.24005836368262395,0.174641044316033,0.46483475236537425,0.46195058949721707,0.4698510690832334,0.49991389025250094,0.5192392832947449,0.5064460596304389,1.08,0.9452,0.7898,0.6112,0.4623,0.3448
MWI,MWI.9_1,MWI.9.11_1,PIGE,0.4336995097672786,0.3744743106564283,0.3153049680848325,0.25616980648005894,0.19706465783053087,0.13797720880817113,0.4079030598083297,0.4053721413412393,0.41230499173740814,0.43868580057111595,0.4556442721867101,0.4444179276612023,1.063,0.9238,0.7647,0.5839,0.4325,0.3105
MWI,MWI.9_1,MWI.9.12_1,PIGE,0.08406632110743895,0.0703417219937287,0.05663588564011426,0.0429402733836491,0.02925697730859816,0.015598958972203498,0.047294314341968194,0.04700086703707985,0.04780469627551781,0.05086341877238512,0.05282966851742044,0.051528030164547864,1.778,1.497,1.185,0.8442,0.5538,0.3027
MWI,MWI.9_1,MWI.9.13_1,PIGE,1.3473133312252656,1.3028772436436622,1.181445599576654,1.058406757476789,0.9374573650897916,0.8015489934116962,1004.3335768265364,998.1019824915894,1015.1719560271134,1080.1264383690325,1121.881365295063,1094.240006690672,0.001341,0.001305,0.001164,9.799e-4,8.356e-4,7.325e-4
MWI,MWI.9_1,MWI.9.14_1,PIGE,0.11625044263664333,0.09965887578611393,0.08308734258089766,0.06652646829264167,0.04998341201157207,0.03348998240890894,0.04538773113047634,0.04510611361343337,0.045877537956013646,0.04881295368668127,0.05069993769320988,0.049450772494151876,2.561,2.209,1.811,1.363,0.9859,0.6772
MWI,MWI.9_1,MWI.9.15_1,PIGE,0.5336721927912912,0.45897407478268865,0.3833211508886746,0.30768806987290265,0.23208945624282987,0.15651924351337534,80.33331956117213,79.83487495010307,81.20024565020748,86.39573976421649,89.73557820574409,87.52463739374038,0.006643,0.005749,0.004721,0.003561,0.002586,0.001788
MWI,MWI.9_1,MWI.9.16_1,PIGE,1.5377290293502401,1.3312925723118159,1.1249539941568263,0.9187038666219504,0.7125932946271926,0.5069147651284788,66.46400613031278,66.0516165282562,67.18125995737886,71.47976715874691,74.24299222979496,72.41376390354765,0.02314,0.02016,0.01675,0.01285,0.009598,0.007
MWI,MWI.9_1,MWI.9.1_1,PIGE,0.01607398857611402,0.01372773122850956,0.0113814738809051,0.00903521653330064,0.00668895918569618,0.00434270183809173,0.08839433699435463,0.08784587614193949,0.08934825446324542,0.09506508852505943,0.09874006182779076,0.0963072649724086,0.1818,0.1563,0.1274,0.09504,0.06774,0.04509
MWI,MWI.9_1,MWI.9.2_1,PIGE,0.4035330926592656,0.35060917599900343,0.29768525933874124,0.244761342678479,0.19184719284108284,0.13894280982655272,0.14272712361952974,0.14184154381266806,0.144267379490377,0.15349814369538461,0.15943198953565493,0.15550384086317257,2.827,2.472,2.063,1.595,1.203,0.8935
MWI,MWI.9_1,MWI.9.3_1,PIGE,0.07669760050887987,0.06693311591117562,0.057200823142628164,0.04747446363426546,0.03775952543126005,0.02808999452218743,66.18916489735122,65.77848060427749,66.90345274421757,71.18418480550753,73.93598341839132,72.11431929716,0.001159,0.001018,8.55e-4,6.669e-4,5.107e-4,3.895e-4
MWI,MWI.9_1,MWI.9.4_1,PIGE,0.01331716761026761,0.0115034077162669,0.00968964782226619,0.00787588792826548,0.00606212803426477,0.00424836814026406,0.04131165648566749,0.04105532981247509,0.041757475891417546,0.044429274707695865,0.04614679689111506,0.0450098137833015,0.3224,0.2802,0.232,0.1773,0.1314,0.09439
MWI,MWI.9_1,MWI.9.5_1,PIGE,0.18345235924578798,0.1548251529141929,0.12619794658259784,0.09757074025100279,0.06894576977896343,0.04032303516647974,11.219827377995466,11.15021165037166,11.340907412053447,12.066540902876444,12.533002527878741,12.224209434438139,0.01635,0.01389,0.01113,0.008086,0.005501,0.003299
MWI,MWI.9_1,MWI.9.6_1,PIGE,0.19180795877266668,0.16386888023079485,0.1359402311716771,0.10801347321157813,0.08009182908552731,0.05220418479428123,0.08464935575278718,0.08412413140707449,0.08556285883373783,0.09103748918600862,0.09455676579424617,0.09222703864782662,2.266,1.948,1.589,1.186,0.847,0.566
MWI,MWI.9_1,MWI.9.7_1,PIGE,0.22877067656981506,0.19561337343038898,0.16247632838739642,0.1293471400836279,0.09622496538260222,0.06312050411361513,0.35184143177838206,0.34965835921797067,0.355638368318269,0.37839343555381516,0.39302115846623314,0.38333774708572504,0.6502,0.5594,0.4569,0.3418,0.2448,0.1647
MWI,MWI.9_1,MWI.9.8_1,PIGE,0.4624435488475944,0.39726988783621603,0.3321024676434017,0.26693720069480176,0.2017796118596066,0.1366533480477458,0.4216316883415866,0.4190155877738791,0.4261817743156761,0.4534504713771777,0.47097970742246664,0.4593755223535477,1.097,0.9481,0.7793,0.5887,0.4284,0.2975
MWI,MWI.9_1,MWI.9.9_1,PIGE,0.33947974433559786,0.29290766348642666,0.24635253511017965,0.19984280989696065,0.15341889429565836,0.10714706617047003,0.09743538143929853,0.09683082356628678,0.0984868663602038,0.1047884228442306,0.10883927539549451,0.10615765010558907,3.484,3.025,2.501,1.907,1.41,1.009
NPL,NPL.1_1,NPL.1.1_1,PIGE,0.1910398952378676,0.16716769772596232,0.14391034374450612,0.11985883503379885,0.09590618284240235,0.07193473353794146,5.857514722684458,5.715393695011049,5.4847044906716045,4.363033160572084,3.98385151243938,4.254544504240317,0.03261,0.02925,0.02624,0.02747,0.02407,0.01691
NPL,NPL.1_1,NPL.1.2_1,PIGE,0.6025940277956419,0.5277309276053624,0.45316747644496214,0.3797294326077039,0.30763538505260146,0.2377117675568442,168.0768539541733,163.99880100117394,157.37935272963878,125.19386156841135,114.31353748685349,122.08086349512573,0.003585,0.003218,0.002879,0.003033,0.002691,0.001947
NPL,NPL.1_1,NPL.1.3_1,PIGE,3.1023429948671133,2.652516576541887,2.2090188109996203,1.7698789018961405,1.3367803171727148,0.9135958168755327,57.46774313412513,56.07340183086499,53.8101231936891,42.80546969628737,39.08534015539601,41.74109367160653,0.05398,0.0473,0.04105,0.04135,0.0342,0.02189
NPL,NPL.2_1,NPL.2.1_1,PIGE,0.08538836264265914,0.07355712669184918,0.06161003728536266,0.05221316267249855,0.04099046040871161,0.029866110908560964,26.415199195550688,25.77451611519036,24.71537632015149,19.68079500313852,17.980340411421757,19.193912147491123,0.003233,0.002854,0.002493,0.002653,0.00228,0.001556
NPL,NPL.2_1,NPL.2.2_1,PIGE,0.07981855982604398,0.07056686557526583,0.06175417963318439,0.05394091216506883,0.04480399073566003,0.035885909528760904,41.26323783309215,40.264127913460825,38.47009009517355,30.78159113958625,28.195854073261298,30.03853505430167,0.001934,0.001753,0.001605,0.001752,0.001589,0.001195
NPL,NPL.2_1,NPL.2.3_1,PIGE,0.19632906459000202,0.175045056559651,0.15456843039154966,0.1357934180183429,0.11738274120787281,0.1001162027249719,448.1583807502817,437.2847026379558,419.6346743976587,333.81561446689034,304.8044311438211,325.5151486800735,4.381e-4,4.003e-4,3.683e-4,4.068e-4,3.851e-4,3.076e-4
NPL,NPL.3_1,NPL.3.1_1,PIGE,0.47351106555312844,0.399614625942035,0.33235837122744805,0.2711358169385302,0.21224061441203257,0.15665671197730296,11.56233432768139,11.283014792529148,10.72783523049734,8.639637879044107,7.941617283299684,8.438008780619132,0.04095,0.03542,0.03098,0.03138,0.02673,0.01857
NPL,NPL.3_1,NPL.3.2_1,PIGE,0.3879491978635453,0.3342717257658226,0.27964105025886904,0.22682340005371876,0.17415678666770915,0.11991548400322319,10.881023996352553,10.617122219798592,10.180000553668423,8.107198273177053,7.407165697057926,7.906745188882796,0.03565,0.03148,0.02747,0.02798,0.02351,0.01517
NPL,NPL.4_1,NPL.4.1_1,PIGE,0.9260350508840597,0.8153404428782535,0.7032564453334685,0.6007822222726216,0.5044506116486995,0.41357804600482495,184.82694308380934,180.3477704776491,172.63516462522372,137.78894188495931,126.04344597195927,134.42008374165914,0.00501,0.004521,0.004074,0.00436,0.004002,0.003077
NPL,NPL.4_1,NPL.4.2_1,PIGE,4.6672101483149055e-4,6.612758234066381e-4,6.414320347398216e-4,5.911125226400931e-4,5.634077144347079e-4,9.133475194304613e-4,0.28387189541020497,0.27698430444145244,0.26580444663710046,0.21144504993434476,0.1930688241361677,0.2061873797514364,0.001644,0.002387,0.002413,0.002796,0.002918,0.00443
NPL,NPL.4_1,NPL.4.3_1,PIGE,0.18896400192327106,0.1688599144270737,0.14751844454331092,0.12636804743356894,0.10594983032225454,0.08487588576241716,33.93625535566254,33.113146942244455,31.753027686069174,25.284241161601262,23.099330322637012,24.658657585315535,0.005568,0.005099,0.004646,0.004998,0.004587,0.003442
NPL,NPL.5_1,NPL.5.1_1,PIGE,9.320368998875603e-4,7.897956052033562e-4,6.481453504246214e-4,5.066006191607271e-4,3.8425983283098795e-4,2.818583263130619e-4,0.026793171021180517,0.026143087635915982,0.025087879822153263,0.01995718306768769,0.01822274803380413,0.019460939308931426,0.03479,0.03021,0.02583,0.02538,0.02109,0.01448
NPL,NPL.5_1,NPL.5.2_1,PIGE,0.04665671013729377,0.04062102412155705,0.034452651285587235,0.028386914224169574,0.022572812019007692,0.01681841776767578,2.3534772679999403,2.2963747895991915,2.203686708716817,1.7530129840169562,1.6006624682142243,1.7094235781681124,0.01982,0.01769,0.01563,0.01619,0.0141,0.009839
NPL,NPL.5_1,NPL.5.3_1,PIGE,0.2900208448463385,0.21489296789605328,0.14988353690606165,0.0954315746002028,0.050395687131521975,0.025822183977913738,64.27370264977925,62.71476849597028,60.13915692687656,47.88707962832533,43.74876130796535,46.70220406696428,0.004512,0.003427,0.002492,0.001993,0.001152,5.529e-4
PAK,PAK.5_1,PAK.5.6_1,PIGE,0,0,0,0,1.4609264133124956e-8,1.3860071100657009e-8,7.789067288645542e-4,7.789067288645542e-4,7.823917701570133e-4,7.806492495107837e-4,7.806492495107837e-4,7.812010477154234e-4,0,0,0,0,1.871e-5,1.774e-5
PAK,PAK.5_1,PAK.5.7_1,PIGE,0,0,0,4.6367862002713686e-8,7.983422750445068e-6,1.010183416617363e-5,0.027151525384100768,0.027151525384100768,0.02727300871915268,0.027212267051626722,0.027212267051626722,0.027231501913009958,0,0,0,1.704e-6,2.934e-4,3.71e-4
PAK,PAK.5_1,PAK.5.8_1,PIGE,0,0,0,0,6.726896636773818e-6,1.0122159849319288e-5,0.00481136233569844,0.00481136233569844,0.0048328896839566005,0.00482212600982752,0.00482212600982752,0.004825534506635064,0,0,0,0,0.001395,0.002098
PAK,PAK.7_1,PAK.7.5_1,PIGE,0,0,0,0,0,0,0.25575412883669274,0.2500827668976686,0.19623684828138974,0.20247712796556372,0.20804930637662067,0.20323088293972782,0,0,0,0,0,0
PAK,PAK.7_1,PAK.7.7_1,PIGE,0,0,0,0,0,0,1.3642965619816173e-4,1.3642965619816173e-4,1.370400797158269e-4,1.3673486795699432e-4,1.3673486795699432e-4,1.3683151834729138e-4,0,0,0,0,0,0
PAN,PAN.10_1,PAN.10.1_1,PIGE,2.035599719895198,2.0224943497638046,1.9482025927065703,2.03669205169412,1.9903107858479214,1.9144505189056902,25.91859671405671,33.135077122381254,34.012486819551796,33.561992671289566,33.53287667360251,33.59702118139039,0.07854,0.06104,0.05728,0.06068,0.05935,0.05698
PAN,PAN.10_1,PAN.10.2_1,PIGE,3.009295664957827,2.5867930366282574,2.172633855531912,1.7767727766218477,1.401040199946805,1.0289321383324694,5.4270544895809625,6.938102052496681,7.121821498760098,7.027493232580063,7.021396679294042,7.034827797606992,0.5545,0.3728,0.3051,0.2528,0.1995,0.1463
PAN,PAN.10_1,PAN.10.3_1,PIGE,1.333668973743015,1.1581498779674304,0.9912939714824102,0.8138259842943836,0.6446748445279119,0.4751442690834259,1.9690414348670289,2.517279022521253,2.5839360282281234,2.549711889711689,2.5474999410288266,2.552373013249784,0.6773,0.4601,0.3836,0.3192,0.2531,0.1862
PAN,PAN.10_1,PAN.10.4_1,PIGE,1.0420208531342434,1.0459390285573595,1.000109524172291,1.0834089128355804,1.0417114489121002,1.0422974128455929,10.626657830717853,13.585424035824683,13.945163134821831,13.760459957364423,13.748522361041836,13.774821691345158,0.09806,0.07699,0.07172,0.07873,0.07577,0.07567
PAN,PAN.10_1,PAN.10.5_1,PIGE,2.3672499651860455,2.471203851991776,2.432612578554563,2.512586618764587,2.438543602235173,2.4316335385510603,24.387037287851992,31.177087642291827,32.00265020023758,31.57877626474508,31.55138076455266,31.611734900252664,0.09707,0.07926,0.07601,0.07957,0.07729,0.07692
PAN,PAN.10_1,PAN.10.6_1,PIGE,0.769792564037787,0.7601699464818328,0.7243927956317175,0.7694525459600008,0.7298787104679136,0.7001116583925409,8.956703935818023,11.450507099202227,11.75371405807706,11.59803654376877,11.58797491219373,11.61014136555936,0.08595,0.06639,0.06163,0.06634,0.06299,0.0603
PAN,PAN.10_1,PAN.10.7_1,PIGE,0.5429365556946295,0.5909534498932766,0.6081403097004191,0.6354840634015363,0.6237347527880079,0.6283774277623163,7.483813841134306,9.567522174572112,9.820868098677225,9.690791058654202,9.682384017605925,9.700905296381611,0.07255,0.06177,0.06192,0.06558,0.06442,0.06478
PAN,PAN.11_1,PAN.11.1_1,PIGE,0.024363853353069644,0.02163336874218444,0.018538615355733475,0.01588517235866918,0.014679092788704167,0.01354859347787114,1.1755695943810225,1.5028818728992395,1.5426778608220484,1.5222451487818769,1.5209245571631027,1.5238339096189426,0.02073,0.01439,0.01202,0.01044,0.009651,0.008891
PAN,PAN.11_1,PAN.11.2_1,PIGE,1.536343775966175,1.5700793667186828,1.4929352780831973,1.419389903316319,1.3066842722227905,1.218132684063673,33.44053427458533,42.75133775282963,43.88338395790725,43.30215013681488,43.264584271296215,43.3473444081536,0.04594,0.03673,0.03402,0.03278,0.0302,0.0281
PAN,PAN.11_1,PAN.11.3_1,PIGE,0.0149437675401072,0.0148081474228618,0.01387151245546245,0.012575860612001015,0.011269479217322062,0.01008298685663669,2.3674182894367246,3.0265754148208988,3.106718479174539,3.0655701061493197,3.06291063556918,3.068769628730703,0.006312,0.004893,0.004465,0.004102,0.003679,0.003286
PAN,PAN.11_1,PAN.11.4_1,PIGE,0.22160535838760625,0.22223823671491905,0.20442279181964246,0.2014439837986582,0.187075514789092,0.1689058528700885,11.775212574976987,15.053769349815513,15.45238991610281,15.247723574861654,15.234495734408718,15.263637559602897,0.01882,0.01476,0.01323,0.01321,0.01228,0.01107
PAN,PAN.11_1,PAN.11.5_1,PIGE,6.569810583471145e-4,5.693835839008325e-4,4.8178610945455056e-4,5.800472316915305e-4,0.0019297576035069274,0.0017584320442898143,1.1636467625352687,1.4876393828414358,1.5270317529143045,1.5068062730031127,1.5054990750548476,1.5083789203506885,5.646e-4,3.827e-4,3.155e-4,3.85e-4,0.001282,0.001166
PAN,PAN.11_1,PAN.11.6_1,PIGE,0.0723255620934869,0.07597570527238072,0.07366653412689256,0.07298101279461468,0.0683556965711595,0.06210551672612678,13.239731299439693,16.92605207474888,17.374250283865685,17.1441289721001,17.129255945209618,17.162022227150555,0.005463,0.004489,0.00424,0.004257,0.003991,0.003619
PAN,PAN.12_1,PAN.12.2_1,PIGE,10.425455739290296,9.550175838818788,8.47608226603824,7.389470950613149,6.271553995490171,5.082670337383378,100.80003852159442,128.8656591713009,132.27799403841374,130.5259768285484,130.41274177493696,130.66220623967243,0.1034,0.07411,0.06408,0.05661,0.04809,0.0389
PAN,PAN.12_1,PAN.12.3_1,PIGE,1.6867556323657864,1.7097454747941583,1.645742122887505,1.600858281633614,1.5019336247618504,1.3896348020398985,8.169551099222486,10.444188345318892,10.72074820058685,10.578752281412221,10.569574908364851,10.589793280520134,0.2065,0.1637,0.1535,0.1513,0.1421,0.1312
PAN,PAN.12_1,PAN.12.4_1,PIGE,8.035323443638336e-4,7.177879074259135e-4,6.442176188585754e-4,5.706473302912375e-4,4.979989413590296e-4,4.287521453332867e-4,0.1264703750330711,0.1616833533331129,0.1659646936650388,0.1637664973464075,0.16362442518148407,0.1639374197485026,0.006354,0.004439,0.003882,0.003485,0.003044,0.002615
PAN,PAN.12_1,PAN.12.5_1,PIGE,0.01170880861400231,0.01039676987450505,0.009070671961151897,0.007744574047798757,0.0064184761344455955,0.006726897602232532,2.26974567767302,2.9017079476798426,2.978544548429187,2.939093834445098,2.9365440856824465,2.942161354275504,0.005159,0.003583,0.003045,0.002635,0.002186,0.002286
PAN,PAN.12_1,PAN.12.6_1,PIGE,0.30122350444794843,0.31738410841083364,0.3081314433926918,0.3073434117708811,0.2915648831209007,0.2844869743213571,6.9859612856569955,8.931053194275481,9.167545557026324,9.046121750255637,9.03827397844611,9.055563149346732,0.04312,0.03554,0.03361,0.03398,0.03226,0.03142
PAN,PAN.13_1,PAN.13.10_1,PIGE,17.21405670803407,14.663329213631812,12.112828716260832,9.56172423423841,7.011767273879683,4.462638996319073,43.49606529470585,55.60661689984793,57.07906812471075,56.3230579477759,56.27419606877495,56.38184208564148,0.3958,0.2637,0.2122,0.1698,0.1246,0.07915
PAN,PAN.13_1,PAN.13.11_1,PIGE,2.626241470390261,2.4502985763374916,2.305578788544447,2.1907902423436747,1.9817249778899098,1.7830630871760202,26.245850372621355,33.55344758181434,34.44193563853602,33.985753456318584,33.95626983391515,34.021224243762234,0.1001,0.07303,0.06694,0.06446,0.05836,0.05241
PAN,PAN.13_1,PAN.13.1_1,PIGE,13.737639449569107,11.769486110959082,9.8006239419357,7.830841663549046,5.860409685623625,3.890002506792114,13.181881387034585,16.85209508817998,17.298334932240035,17.06921911653982,17.05441107611193,17.08703418849019,1.042,0.6984,0.5666,0.4588,0.3436,0.2277
PAN,PAN.13_1,PAN.13.2_1,PIGE,0.8498499015221667,0.7618945879048361,0.6544906405983343,0.5608024988427243,0.4480711371219925,0.3466362963691969,25.848434872619976,33.045380212756754,33.9204147551021,33.471140097977724,33.442102917521225,33.50607378563123,0.03288,0.02306,0.01929,0.01675,0.0134,0.01035
PAN,PAN.13_1,PAN.13.3_1,PIGE,0.3702450864104959,0.45006567247934026,0.46173395100975406,0.49901156852062245,0.4877446407460296,0.5196687472352761,3.5576763234629816,4.54823541007845,4.668671702985756,4.606835316440108,4.602838753788665,4.611643451016479,0.1041,0.09895,0.0989,0.1083,0.106,0.1127
PAN,PAN.13_1,PAN.13.4_1,PIGE,1.3991751125803493,1.2885092289680231,1.1754852343278277,1.0344828730076905,0.887570526534402,0.7851629590168835,14.03463172742758,17.942275571590734,18.417383159772157,18.173445591084548,18.157679602307354,18.192413139545955,0.09969,0.07181,0.06382,0.05692,0.04888,0.04316
PAN,PAN.13_1,PAN.13.5_1,PIGE,1.1051863473405696,1.1564461479566732,1.2551887044293748,1.3128041286609309,1.2432700999604984,1.3017055618081672,4.438861134203175,5.674767335593996,5.82503395097102,5.747881588597068,5.742895135358783,5.753880628351842,0.249,0.2038,0.2155,0.2284,0.2165,0.2262
PAN,PAN.13_1,PAN.13.6_1,PIGE,2.704046099809666,2.308228463048507,1.9090660855203543,1.500756245733572,1.090065959579706,0.6845807740773178,30.418376506449114,38.88772461713515,39.917463179503706,39.38875783457426,39.354586949870246,39.42986771488382,0.0889,0.05936,0.04783,0.0381,0.0277,0.01736
PAN,PAN.13_1,PAN.13.7_1,PIGE,31.74392802566877,27.05465026679962,22.390040303129823,17.70320952979467,13.015174185103424,8.328169362352735,18.52134340304779,23.67821641120169,24.305210475955445,23.983288849060298,23.962482653507596,24.008320106409293,1.714,1.143,0.9212,0.7381,0.5431,0.3469
PAN,PAN.13_1,PAN.13.8_1,PIGE,0.06672182404178958,0.05723610034326035,0.04775037664473115,0.03826465294620191,0.028778929247672686,0.019293205549143475,5.573507163102909,7.125331349108129,7.314008586772923,7.217134809616855,7.21087373678718,7.224667302757346,0.01197,0.008033,0.006529,0.005302,0.003991,0.00267
PAN,PAN.13_1,PAN.13.9_1,PIGE,0.010936012935539877,0.011891365893026279,0.012136086940093969,0.01564527698635748,0.01550844048431362,0.01593408538052783,0.04671586361516675,0.05972289938396576,0.06130434888139992,0.060492375014842725,0.06043989613290426,0.06055551065133438,0.2341,0.1991,0.198,0.2586,0.2566,0.2631
PAN,PAN.1_1,PAN.1.1_1,PIGE,0.5456793123335509,0.47147364812974063,0.3995019747081466,0.32739374717257724,0.256397734935126,0.19028058281492488,0.3702748415600415,0.4733699731866829,0.4859047080022785,0.47946891785469464,0.47905296472461684,0.4799693375406351,1.474,0.996,0.8222,0.6828,0.5352,0.3964
PAN,PAN.1_1,PAN.1.2_1,PIGE,4.433618130917208,3.939257358568837,3.463866199474948,3.029812591467853,2.590825765620585,2.1007535283064893,25.24751756030127,32.27715029245958,33.131842272171504,32.69301222884222,32.664650096779305,32.727133787722835,0.1756,0.122,0.1045,0.09267,0.07932,0.06419
PAN,PAN.1_1,PAN.1.3_1,PIGE,0.6273273120791555,0.5276782033369544,0.4295604055974467,0.3385771212571501,0.25650462854945727,0.17879991764087702,1.6268274479231004,2.079782850377223,2.1348550517845166,2.1065789744332966,2.1047514563491374,2.108777602017982,0.3856,0.2537,0.2012,0.1607,0.1219,0.08479
PAN,PAN.2_1,PAN.2.10_1,PIGE,1.4044116545126804,1.415684299681933,1.3624009913227988,1.3429069589412288,1.2769442876670831,1.20821144950325,19.163308262551304,24.498922692648286,25.147648882763047,24.814569189874323,24.79304183462418,24.840468051006564,0.07329,0.05779,0.05418,0.05412,0.0515,0.04864
PAN,PAN.2_1,PAN.2.11_1,PIGE,1.9252476221762507,1.8217053826527911,1.7227970090237634,1.6806778414299126,1.606233502503379,1.4722289903566386,25.07966282739045,32.06255998953086,32.91156966429408,32.47565712362779,32.4474835533944,32.509551829902456,0.07677,0.05682,0.05235,0.05175,0.0495,0.04529
PAN,PAN.2_1,PAN.2.12_1,PIGE,1.3886365793605757,1.322558380710427,1.235573558247822,1.1601631848958065,1.0527076130823416,1.0410740659643944,52.33009157767555,66.90028937049493,68.67179460708722,67.76223919041668,67.70345349140109,67.83296235346552,0.02654,0.01977,0.01799,0.01712,0.01555,0.01535
PAN,PAN.2_1,PAN.2.13_1,PIGE,2.749819639279781,2.983389689170856,2.928796210105408,2.992137567509129,2.866916288664772,2.77380891796314,26.289620266025135,33.60940426841945,34.4993740461363,34.04243109430367,34.01289830241282,34.07796103595888,0.1046,0.08877,0.08489,0.08789,0.08429,0.0814
PAN,PAN.2_1,PAN.2.1_1,PIGE,0.3569401150142991,0.3096845263280972,0.26305146717286915,0.21711679643110196,0.1718068600230494,0.12745152884775757,26.381078294306942,33.72632683386587,34.61939269590333,34.16086010142889,34.13122456895492,34.19651364693899,0.01353,0.009182,0.007598,0.006356,0.005034,0.003727
PAN,PAN.2_1,PAN.2.2_1,PIGE,5.009596448067785,4.391268571204947,3.793022592374663,3.248438649318659,2.6902973704916477,2.128122546246618,15.079744382059545,19.2783775525296,19.788864833058042,19.52676203959454,19.509822009723585,19.54714203872151,0.3322,0.2278,0.1917,0.1664,0.1379,0.1089
PAN,PAN.2_1,PAN.2.3_1,PIGE,0.5075547158269748,0.4595313251442442,0.42570936559301803,0.3747703682952754,0.3306121577545162,0.28138439468182835,18.904830383584702,24.168477161646877,24.808453225355823,24.479866166586696,24.458629175873227,24.505415699586166,0.02685,0.01901,0.01716,0.01531,0.01352,0.01148
PAN,PAN.2_1,PAN.2.4_1,PIGE,0.2823132384736794,0.25732918816299194,0.31158753602370176,0.38151897976344,0.3539637439600178,0.4239781010489722,8.579482415331075,10.968256292514916,11.258693354018058,11.109572370892872,11.099934496091363,11.121167384687821,0.03291,0.02346,0.02768,0.03434,0.03189,0.03812
PAN,PAN.2_1,PAN.2.5_1,PIGE,1.1455765611241069,1.0321292179653647,0.9270526541036596,0.8294714127320384,0.7580294452582447,0.6501599901721378,39.48700220222389,50.48131570304984,51.81805005740768,51.13172187302445,51.087363627959235,51.18508783533913,0.02901,0.02045,0.01789,0.01622,0.01484,0.0127
PAN,PAN.2_1,PAN.2.6_1,PIGE,1.7341966411425065,1.5829968944453265,1.4608532146045368,1.373039864822042,1.240579646123295,1.1784424744946649,56.987394855466846,72.85431940516264,74.78348607318506,73.7929815258006,73.72896398368177,73.86999894917182,0.03043,0.02173,0.01953,0.01861,0.01683,0.01595
PAN,PAN.2_1,PAN.2.7_1,PIGE,0.4467645996602654,0.4011463786174064,0.35189514077621564,0.3018080036323637,0.2517340102823823,0.2126427978340478,20.657332844725474,26.408926552009476,27.10822923245945,26.749181724296825,26.725976036814462,26.777099732366104,0.02163,0.01519,0.01298,0.01128,0.009419,0.007941
PAN,PAN.2_1,PAN.2.8_1,PIGE,0.9552098350640609,0.9058035352771917,0.9146484352212276,0.9363388477511568,0.938101466524529,0.9248443706621385,26.797129666058066,34.258218835656585,35.16536908320778,34.69960505138284,34.66950214210946,34.73582088272341,0.03565,0.02644,0.02601,0.02698,0.02706,0.02663
PAN,PAN.2_1,PAN.2.9_1,PIGE,0.3849516260053732,0.36072021466878423,0.3429203580018286,0.3295055115564972,0.3096435140846356,0.28902143418792053,10.865841086469851,13.891202767333956,14.259038821205356,14.070178371721711,14.057972085732088,14.08486335750433,0.03543,0.02597,0.02405,0.02342,0.02203,0.02052
PAN,PAN.3_1,PAN.3.1_1,PIGE,0.1651406308014744,0.16533141078018784,0.16021157494721194,0.17383583966801208,0.1576855191549514,0.14278082035589773,17.170757799818663,21.95158905490256,22.53286239958009,22.23441545835926,22.215126460968698,22.2576214239316,0.009618,0.007532,0.00711,0.007818,0.007098,0.006415
PAN,PAN.3_1,PAN.3.2_1,PIGE,0.43198574552276486,0.4465657916668468,0.42998206314847537,0.40008229565456843,0.37802326550237414,0.3449234231128892,36.93975366114225,47.22484013881383,48.47534372243568,47.833289561626586,47.79179280182806,47.88321296405907,0.01169,0.009456,0.00887,0.008364,0.00791,0.007203
PAN,PAN.3_1,PAN.3.3_1,PIGE,0.12130911349636038,0.1193619773844734,0.11272785867014554,0.10420478590950853,0.09628060072012919,0.08766091621644816,7.443376946238276,9.51582648881599,9.767803522309595,9.638429320666503,9.630067704937787,9.648488908668972,0.0163,0.01254,0.01154,0.01081,0.009998,0.009085
PAN,PAN.3_1,PAN.3.4_1,PIGE,0.061149041018422105,0.05944811070815966,0.05961805690105455,0.05446403526453179,0.049581258124314936,0.04483340495888147,17.80768520707047,22.765855312967414,23.36869025257548,23.05917280190538,23.039168303705846,23.083239563236244,0.003434,0.002611,0.002551,0.002362,0.002152,0.001942
PAN,PAN.3_1,PAN.3.5_1,PIGE,0.0631449486400688,0.06846207961599189,0.07092719282381746,0.06716098480556472,0.0627683937768495,0.0620979978732404,7.0031625425487505,8.953043774243922,9.190118442810425,9.068395658990246,9.060528563921773,9.07786030526588,0.009017,0.007647,0.007718,0.007406,0.006928,0.006841
PAN,PAN.3_1,PAN.3.6_1,PIGE,0.37313753687193185,0.3614991118690487,0.3490789107091377,0.32182967214389663,0.2983642695397334,0.26977203981112463,38.30754002463136,48.97345744017309,50.27026403287461,49.60443621797371,49.561402937311996,49.65620815869621,0.009741,0.007382,0.006944,0.006488,0.00602,0.005433
PAN,PAN.4_1,PAN.4.1_1,PIGE,1.1979756466796323,1.1742674081106803,1.0998713105506353,1.0939812385654424,1.012790290608368,0.936420335805447,11.639799190201673,14.880652996432875,15.274689479012274,15.072376773583684,15.059301051543692,15.088107749608493,0.1029,0.07891,0.07201,0.07258,0.06725,0.06206
PAN,PAN.4_1,PAN.4.2_1,PIGE,2.30730470387432,2.304770512380687,2.138184261528533,2.0963946108955813,1.941887689749556,1.8143525374236404,13.462957823421037,17.211431262884922,17.667186251366275,17.433185013387863,17.41806122203557,17.451379955008633,0.1714,0.1339,0.121,0.1203,0.1115,0.104
PAN,PAN.4_1,PAN.4.3_1,PIGE,4.926959568590242,4.91262918816535,4.648623572901587,4.4442410513997554,4.165542615147712,3.8521171851062297,15.961096045052077,20.405122786748176,20.945446038114788,20.668024368744558,20.650094260851077,20.6895954985477,0.3087,0.2408,0.2219,0.215,0.2017,0.1862
PAN,PAN.4_1,PAN.4.4_1,PIGE,3.6534082374889366e-4,3.3054645958233234e-4,2.957520954157711e-4,2.609577312492098e-4,2.2616336708264847e-4,1.9136900291608715e-4,1.6302234167147092,2.0841243542424435,2.1393115177359143,2.1109764146555943,2.109145081665074,2.11317963183008,2.241e-4,1.586e-4,1.382e-4,1.236e-4,1.072e-4,9.056e-5
PAN,PAN.4_1,PAN.4.5_1,PIGE,0.10105781438387336,0.09177947610472684,0.0816990725058298,0.11235626321343273,0.10906041801206556,0.10173586272733136,0.22559095210549882,0.28840194083783616,0.2960387620421243,0.2921177394286849,0.2918643188553341,0.29242262148042786,0.448,0.3182,0.276,0.3846,0.3737,0.3479
PAN,PAN.4_1,PAN.4.6_1,PIGE,0.08603869343762906,0.07866486033654896,0.07588006621198105,0.07214127257977264,0.06566045372152052,0.05988461348342211,0.10328397638241747,0.13204119654678456,0.1355376189588482,0.13374242813571618,0.13362640271772627,0.1338820145434943,0.833,0.5958,0.5598,0.5394,0.4914,0.4473
PAN,PAN.5_1,PAN.5.1_1,PIGE,2.8640922557353568,2.7700119718640153,2.5833919225635444,2.4320582447720276,2.280468930071967,2.061478604701614,76.61218169498665,97.94320954114418,100.53672460996412,99.20511935679559,99.11905605137669,99.30865932116771,0.03738,0.02828,0.0257,0.02452,0.02301,0.02076
PAN,PAN.5_1,PAN.5.2_1,PIGE,0.827454309359936,0.7549724181877415,0.6787083246295232,0.6274788975937651,0.601629188841446,0.5445279513939034,14.463227478371799,18.49020466738779,18.979821299874093,18.728434258520178,18.71218680104964,18.747981046311423,0.05721,0.04083,0.03576,0.0335,0.03215,0.02904
PAN,PAN.6_1,PAN.6.1_1,PIGE,0.3873325457690067,0.3729382693789231,0.34948841013807125,0.3281912279471177,0.31681695945260363,0.29113424429926815,3.444127010073565,4.403070712395908,4.519663075410942,4.459800302706562,4.4559312971749145,4.464454977459669,0.1125,0.0847,0.07733,0.07359,0.0711,0.06521
PAN,PAN.6_1,PAN.6.2_1,PIGE,0.7520927153965752,0.7274399107538928,0.7332888544241043,0.6922410261958524,0.719786640005606,0.668042867152443,1.4398091820678687,1.8406933375161243,1.8894345001785458,1.8644090090884349,1.8627915804414528,1.8663548849023814,0.5224,0.3952,0.3881,0.3713,0.3864,0.3579
PAN,PAN.7_1,PAN.7.1_1,PIGE,0.02012719969687489,0.018348946005553077,0.016672904325368863,0.015359429715552618,0.01454206627164664,0.012684541041588756,2.1132442559140303,2.701632043225724,2.7731706771681757,2.736440132623619,2.7340661917985742,2.739296143640745,0.009524,0.006792,0.006012,0.005613,0.005319,0.004631
PAN,PAN.7_1,PAN.7.2_1,PIGE,0.00104260652792793,9.116902793530676e-4,7.807740307781988e-4,6.498577822033301e-4,5.189415336284613e-4,3.8802528505359256e-4,0.03676183289495112,0.04699738113034757,0.048241861648472995,0.04760289994922375,0.04756160305906608,0.047652582894990136,0.02836,0.0194,0.01618,0.01365,0.01091,0.008143
PAN,PAN.7_1,PAN.7.3_1,PIGE,0.024482197000559792,0.029997318437704448,0.029196959518369307,0.03194197025333275,0.029909665598137555,0.029740689380700288,4.1896083169146365,5.356115387923259,5.4979441684379715,5.425124098312136,5.42041764651574,5.430786277436516,0.005844,0.005601,0.005311,0.005888,0.005518,0.005476
PAN,PAN.7_1,PAN.7.4_1,PIGE,2.5911136028499353,2.213999912004834,1.836886221159733,1.4597725303146316,1.0826588394695305,0.7055451486244292,7.887260293342601,10.083299685837714,10.35030328722227,10.213213897423442,10.204353639478473,10.223873385662761,0.3285,0.2196,0.1775,0.1429,0.1061,0.06901
PAN,PAN.7_1,PAN.7.5_1,PIGE,0.18158828366688085,0.1545728264803251,0.12780618066086458,0.1088000647928473,0.09418723506464419,0.06717260922640043,9.699261746182126,12.399814293017121,12.72815870168181,12.559574703584836,12.548678909893397,12.572683078694602,0.01872,0.01247,0.01004,0.008663,0.007506,0.005343
PAN,PAN.7_1,PAN.7.6_1,PIGE,0.0880788069930125,0.07569691937861388,0.06337964453634273,0.05108442848367334,0.03881056966999734,0.02658039339413962,5.797438845896133,7.411612032486097,7.607869920915055,7.507103961098722,7.500591331657777,7.514939093818782,0.01519,0.01021,0.008331,0.006805,0.005174,0.003537
PAN,PAN.7_1,PAN.7.7_1,PIGE,0.020381994657876455,0.017528299425370132,0.014674604192863809,0.011821788857718606,0.008969853419934528,0.0061179179821504405,3.343600166679562,4.274554313708193,4.387743590198406,4.329628086267561,4.325872008892173,4.334146900827768,0.006096,0.004101,0.003344,0.00273,0.002074,0.001412
PAN,PAN.9_1,PAN.9.1_1,PIGE,0.00877049184576597,0.008206669199133234,0.007840953765308257,0.0071707379701588326,0.0064856702145797964,0.005724889386637211,1.5267886029600235,1.9518903228744613,2.003575957731385,1.9770386671961326,1.975323529068755,1.9791020941088866,0.005744,0.004204,0.003913,0.003627,0.003283,0.002893
PAN,PAN.9_1,PAN.9.2_1,PIGE,0.2316314678267033,0.23089771610094117,0.22493935964232717,0.21487271222274062,0.1963982449945613,0.18565809434356734,33.82654099034783,43.24481980502772,44.38993330843632,43.80199025965854,43.763990768401285,43.84770621202387,0.006848,0.005339,0.005067,0.004906,0.004488,0.004234
PAN,PAN.9_1,PAN.9.3_1,PIGE,0.012948827102887212,0.011470365170130139,0.010036061877105935,0.008581292310222586,0.007127125999716446,0.005675217852509781,2.757676833638302,3.5254931263949345,3.618847424167721,3.570915921931775,3.5678180492654543,3.5746428718082517,0.004696,0.003254,0.002773,0.002403,0.001998,0.001588
PAN,PAN.9_1,PAN.9.4_1,PIGE,0.1639778743767589,0.18167480579095563,0.17876591049914128,0.1880389460279545,0.1732590966359158,0.1604325137119277,22.615076128958222,28.91176169484321,29.677338910180517,29.28426363797354,29.258858693734943,29.314827500336676,0.007251,0.006284,0.006024,0.006421,0.005922,0.0054729999999999996
PAN,PAN.9_1,PAN.9.5_1,PIGE,0.07644406982691321,0.08197475238911522,0.08625586117071794,0.08009291748891861,0.07435466483529639,0.09201123820684462,14.58872290779119,18.650641622296796,19.14450659075352,18.890938298724233,18.8745498643068,18.910654691296386,0.00524,0.004395,0.004506,0.00424,0.003939,0.004866
PAN,PAN.9_1,PAN.9.6_1,PIGE,1.5351716439358478e-4,1.4464109897516637e-4,1.389617023838709e-4,1.2787476322831786e-4,1.167878240727648e-4,1.0570088491721175e-4,0.7653370608142692,0.9784288406688278,1.0043374253877781,0.9910350127938873,0.9901752613058603,0.9920693518540233,2.006e-4,1.478e-4,1.384e-4,1.29e-4,1.179e-4,1.065e-4
PAN,PAN.9_1,PAN.9.7_1,PIGE,0.6551895843144794,0.6902956731968053,0.6456083770415669,0.6074492247141222,0.6065301399231571,0.6353893003221963,88.76667085636015,113.4818569528243,116.4868320544538,114.94396820952109,114.84425099829029,115.06393474401412,0.007381,0.006083,0.005542,0.005285,0.005281,0.005522
PHL,PHL.1_1,PHL.1.12_1,PIGE,0,0,0,0,0,0,0.0025865650868454335,0.0025626641378401647,0.002539702937812822,0.0024117091270192065,0.002548192003580094,0.0024917571798962505,0,0,0,0,0,0
PHL,PHL.1_1,PHL.1.19_1,PIGE,0,0,0,0,0,0,0.0031626641720960353,0.0031334398253040317,0.003105364535397691,0.002948862987570529,0.0031157443492648377,0.003046739940355442,0,0,0,0,0,0
PHL,PHL.1_1,PHL.1.1_1,PIGE,0,0,0,0,0,0,0.008774701099812578,0.00869361917205066,0.008615725262418307,0.008181517193171658,0.008644523692855371,0.008453073374452485,0,0,0,0,0,0
PHL,PHL.1_1,PHL.1.21_1,PIGE,0,0,0,0,0,0,0.012584995925483533,0.01246870527137386,0.012356986988985404,0.011734229960555358,0.012398290746867085,0.012123705726861752,0,0,0,0,0,0
PHL,PHL.1_1,PHL.1.25_1,PIGE,0,0,0,0,0,0,0.03617682960347896,0.03584254048625454,0.035521395108894786,0.03373121773932865,0.03564012689233885,0.03485080478693505,0,0,0,0,0,0
PHL,PHL.1_1,PHL.1.27_1,PIGE,0,0,0,0,0,0,0.006448432826374909,0.006388846595612373,0.006331603204853607,0.006012508396340214,0.0063527668595543246,0.006212072093571302,0,0,0,0,0,0
PHL,PHL.26_1,PHL.26.11_1,PIGE,0,0,0,0,0,0,7.689650971773379e-5,7.618595363438071e-5,7.55033355359563e-5,7.169818198866836e-5,7.575570866647885e-5,7.407794652939074e-5,0,0,0,0,0,0
PHL,PHL.27_1,PHL.27.7_1,PIGE,0,0,0,0,0,0,0.057170922895510984,0.05664263952863996,0.0561351274605974,0.05330607656015828,0.05632276152668136,0.05507538098719309,0,0,0,0,0,0
PHL,PHL.28_1,PHL.28.4_1,PIGE,0,0,0,0,0,0,0.008192132089864612,0.008116433344714116,0.008043710959137034,0.007638330785238051,0.00807059740728354,0.007891857837791358,0,0,0,0,0,0
PHL,PHL.28_1,PHL.28.6_1,PIGE,0,0,0,0,0,0,0.015183211072592167,0.015042911818021757,0.014908128916842059,0.014156801585027258,0.014957959975804814,0.014626685945936366,0,0,0,0,0,0
PHL,PHL.29_1,PHL.29.2_1,PIGE,0,0,0,0,0,0,0.038953235886535716,0.038593291607828324,0.038247499790931186,0.03631993449237495,0.03837534369595046,0.037525444727487665,0,0,0,0,0,0
PHL,PHL.29_1,PHL.29.4_1,PIGE,0,0,0,0,0,0,0.09668108099983119,0.09578770715878493,0.09492945941895936,0.09014528443270119,0.09524676519998629,0.09313733451620512,0,0,0,0,0,0
PHL,PHL.29_1,PHL.29.6_1,PIGE,0,0,0,0,0,0,0.002844659446976274,0.002818373597559487,0.0027931212677790094,0.002652355893313754,0.0028024573951603324,0.0027403913543144484,0,0,0,0,0,0
PHL,PHL.29_1,PHL.29.7_1,PIGE,0,0,0,0,0,0,0.006915508097807696,0.006851605895140602,0.006790216229930929,0.006448008628230083,0.006812912818296307,0.006662027196987644,0,0,0,0,0,0
PHL,PHL.29_1,PHL.29.8_1,PIGE,0,0,0,0,0,0,0.016018433329700637,0.015870416270279023,0.015728219016601375,0.014935561474272779,0.0157807912618219,0.015431293982495528,0,0,0,0,0,0
PHL,PHL.29_1,PHL.29.9_1,PIGE,0,0,0,0,0,0,0.02344099813351523,0.023224393454255043,0.023016305341676122,0.021856348959687757,0.02309323832736356,0.022581792238739656,0,0,0,0,0,0
PHL,PHL.33_1,PHL.33.8_1,PIGE,0,0,0,0,0,0,0.08330366918472111,0.0825339082538009,0.08179441315240575,0.07767220717109527,0.08206781447911528,0.08025025809649568,0,0,0,0,0,0
PHL,PHL.33_1,PHL.33.9_1,PIGE,0,0,0,0,0,0,0.004311709296097587,0.00427186728920757,0.0042335918094560865,0.004020230813187924,0.004247742771274165,0.004153667986479934,0,0,0,0,0,0
PHL,PHL.35_1,PHL.35.10_1,PIGE,0,0,0,0,0,0,0.007206035405350516,0.007139448608200363,0.007075479902681278,0.006718895822529867,0.007099129997081921,0.006941905522187124,0,0,0,0,0,0
PHL,PHL.35_1,PHL.35.11_1,PIGE,0,0,0,0,0,0,0.01700749749542136,0.01685034106722528,0.01669936379085867,0.015857763311685442,0.01675518212905151,0.016384105009307308,0,0,0,0,0,0
PHL,PHL.35_1,PHL.35.15_1,PIGE,0,0,0,0,0,0,0.0038294640599640353,0.003794078201831102,0.003760083661842321,0.0035705861306088147,0.003772651902411161,0.0036890989579572253,0,0,0,0,0,0
PHL,PHL.35_1,PHL.35.17_1,PIGE,0,0,0,0,0,0,0.05662084695251704,0.056097646518656036,0.05559501753042522,0.05279318663559422,0.055780846255951214,0.05454546751723474,0,0,0,0,0,0
PHL,PHL.35_1,PHL.35.18_1,PIGE,0,0,0,0,0,0,0.0020355195787090407,0.002016710521903404,0.0019986410086156826,0.0018979151814756698,0.0020053215517275144,0.0019609096832175453,0,0,0,0,0,0
PHL,PHL.35_1,PHL.35.27_1,PIGE,0,0,0,0,0,0,0.0030183748200687836,0.0029904837675605177,0.0029636893488337044,0.002814327827799927,0.0029735956073261554,0.0029077393674624675,0,0,0,0,0,0
PHL,PHL.35_1,PHL.35.2_1,PIGE,0,0,0,0,0,0,0.0016296039543793367,0.001614545728622525,0.0016000795694092315,0.0015194401061820605,0.0016054279038523456,0.0015698724823755739,0,0,0,0,0,0
PHL,PHL.35_1,PHL.35.4_1,PIGE,0,0,0,0,0,0,0.013050482504967749,0.012929890559135135,0.012814040105274972,0.012168248898627462,0.012856871582759426,0.012572130370213652,0,0,0,0,0,0
PHL,PHL.37_1,PHL.37.10_1,PIGE,0,0,0,0,0,0,0.029272899199287935,0.02900240530197339,0.02874254681346544,0.027294004134006417,0.02883862000635174,0.02819993091500491,0,0,0,0,0,0
PHL,PHL.37_1,PHL.37.15_1,PIGE,0,0,0,0,0,0,0.003203874673645111,0.00317426952449054,0.0031458284047915877,0.0029872875929363107,0.003156343470874011,0.0030864399129732862,0,0,0,0,0,0
PHL,PHL.37_1,PHL.37.19_1,PIGE,0,0,0,0,0,0,0.0017500136761359763,0.0017338428139200706,0.0017183077654216975,0.0016317099370937946,0.001724051282670073,0.00168586870850663,0,0,0,0,0,0
PHL,PHL.37_1,PHL.37.22_1,PIGE,0,0,0,0,0,0,0.0016153541778230645,0.0016004276259934007,0.0015860879634886254,0.0015061536374388138,0.0015913895303901182,0.0015561450168551482,0,0,0,0,0,0
PHL,PHL.37_1,PHL.37.23_1,PIGE,0,0,0,0,0,0,0.012494647247477609,0.01237919145314266,0.012268275205111836,0.011649988998489815,0.012309282440059115,0.0120366686875619,0,0,0,0,0,0
PHL,PHL.37_1,PHL.37.28_1,PIGE,0,0,0,0,0,0,0.01276586882856909,0.012647906832781192,0.012534582923328336,0.011902875564495641,0.01257648030322155,0.012297948918036103,0,0,0,0,0,0
PHL,PHL.37_1,PHL.37.2_1,PIGE,0,0,0,0,0,0,0.04817772778496191,0.0477325453223847,0.047304866757418636,0.04492083590277839,0.04746298529917281,0.04641182227727163,0,0,0,0,0,0
PHL,PHL.37_1,PHL.37.31_1,PIGE,0,0,0,0,0,0,0.09930028452433237,0.09838270814139305,0.09750120946682617,0.09258742558649843,0.09782711143245733,0.09566053380509099,0,0,0,0,0,0
PHL,PHL.37_1,PHL.37.33_1,PIGE,0,0,0,0,0,0,0.0858361181010946,0.08504295627733914,0.08428098037063829,0.08003345846780109,0.08456269315469823,0.08268988267899173,0,0,0,0,0,0
PHL,PHL.37_1,PHL.37.37_1,PIGE,0,0,0,0,0,0,0.001141068932111826,0.0011305249753807145,0.0011203955909981397,0.0010639308371274702,0.0011241405612132528,0.0010992442134188968,0,0,0,0,0,0
PHL,PHL.37_1,PHL.37.4_1,PIGE,0,0,0,0,0,0,0.030825631963175813,0.03054079016222751,0.030267147907843357,0.028741769665805668,0.030368317145139552,0.029695749842026938,0,0,0,0,0,0
PHL,PHL.37_1,PHL.37.8_1,PIGE,0,0,0,0,0,0,1.252645923332354e-4,1.2410709482863023e-4,1.2299510836614582e-4,1.1679650442929556e-4,1.2340622477997022e-4,1.2067314637490432e-4,0,0,0,0,0,0
PHL,PHL.40_1,PHL.40.11_1,PIGE,0,0,0,0,0,0,5.716401212603247e-4,5.663579261757728e-4,5.612834189713473e-4,5.329963296981107e-4,5.631595328218239e-4,5.506872352492613e-4,0,0,0,0,0,0
PHL,PHL.40_1,PHL.40.12_1,PIGE,4.174963920764439e-6,3.815447543633501e-6,3.4559311665025616e-6,3.1444994658304847e-6,2.8065595460849328e-06,2.4433443476879276e-6,0.003247312974797082,0.003217306437474864,0.0031884797115807805,0.0030277893950688773,0.003199137341481595,0.003128286027470226,0.001286,0.001186,0.001084,0.001039,8.773e-4,7.81e-4
PHL,PHL.40_1,PHL.40.17_1,PIGE,0,0,0,0,0,0,0.004836861344749267,0.004792166712112977,0.004749229404482046,0.004509881738752192,0.004765103907030454,0.004659571122039904,0,0,0,0,0,0
PHL,PHL.40_1,PHL.40.19_1,PIGE,2.258688284875193e-6,2.0746240147161863e-6,1.89055974455718e-6,1.706495474398173e-6,1.522431204239166e-6,1.3383669340801593e-6,0.027573025398091124,0.027318239049465155,0.027073470512711764,0.025709044535666272,0.027163964746627415,0.026562364255425703,8.192e-5,7.594e-5,6.983e-5,6.638e-5,5.605e-5,5.039e-5
PHL,PHL.40_1,PHL.40.21_1,PIGE,0,0,0,0,0,0,1.556686836749734e-4,1.5423023958201204e-4,1.5284835292389846e-4,1.451452302976336e-4,1.5335925508535658e-4,1.499628067373247e-4,0,0,0,0,0,0
PHL,PHL.40_1,PHL.40.25_1,PIGE,0,0,0,0,0,0,0.026326408911165992,0.026083141823058403,0.025849439627012714,0.02454670132818231,0.02593584248530519,0.025361441225237768,0,0,0,0,0,0
PHL,PHL.40_1,PHL.40.30_1,PIGE,0,0,0,0,0,0,0.009626017089857043,0.009537068644384474,0.009451617516558269,0.008975282853123257,0.009483209952630443,0.009273185244570116,0,0,0,0,0,0
PHL,PHL.40_1,PHL.40.34_1,PIGE,0,0,0,0,0,0,0.01869918020768075,0.01852639191990208,0.018360397404906317,0.01743508555187401,0.01842176781904527,0.018013780815965483,0,0,0,0,0,0
PHL,PHL.40_1,PHL.40.6_1,PIGE,1.6114456720360178e-7,1.4825300182731362e-7,1.353614364510255e-7,1.2246987107473736e-7,1.095783056984492e-7,9.668674032216107e-8,0.004036709388467926,0.003999408496356786,0.003963574218614367,0.003763821341594555,0.003976822635078482,0.003888747920175815,3.992e-5,3.707e-5,3.415e-5,3.254e-5,2.755e-5,2.486e-5
PHL,PHL.41_1,PHL.41.14_1,PIGE,0,0,0,0,0,0,0.05992009580955441,0.05936640892898121,0.05883449217477393,0.05586940096373581,0.05903114898294607,0.057723785770116436,0,0,0,0,0,0
PHL,PHL.41_1,PHL.41.22_1,PIGE,0,0,0,0,0,0,0.001668496410652061,0.0016530788022457302,0.0016382673907623223,0.0015557033698602692,0.0016437433696327231,0.0016073393753040463,0,0,0,0,0,0
PHL,PHL.56_1,PHL.56.10_1,PIGE,0,0,0,0,0,0,0.09048331007307375,0.08964720624143888,0.08884397674132305,0.08436649278842644,0.08914094153604529,0.08716673656580337,0,0,0,0,0,0
PHL,PHL.58_1,PHL.58.4_1,PIGE,0,0,0,0,0,0,0.08977207524280703,0.08894254352006492,0.08814562772351188,0.08370333857656001,0.0884402582567532,0.086481571323327,0,0,0,0,0,0
PHL,PHL.59_1,PHL.59.10_1,PIGE,0,0,0,0,0,0,0.08575912957976715,0.08496667916232101,0.08420538669051496,0.07996167449433551,0.08448684679946374,0.0826157160934444,0,0,0,0,0,0
PHL,PHL.59_1,PHL.59.12_1,PIGE,0,0,0,0,0,0,0.004535739740995683,0.004493827598594145,0.004453563377912197,0.0042291164397042285,0.004468449604112482,0.004369486823759222,0,0,0,0,0,0
PHL,PHL.59_1,PHL.59.13_1,PIGE,0,0,0,0,0,0,0.08807325806563887,0.08725942412793501,0.0864775889033781,0.08211936417276482,0.08676664394547215,0.08484502255829961,0,0,0,0,0,0
PHL,PHL.59_1,PHL.59.23_1,PIGE,0,0,0,0,0,0,0.19446945069552315,0.19267247120028644,0.19094614620682837,0.1813230030645779,0.19158439187289544,0.18734137118970798,0,0,0,0,0,0
PHL,PHL.59_1,PHL.59.6_1,PIGE,0,0,0,0,0,0,0.09661831942894307,0.09572552553120191,0.09486783493219236,0.09008676564494413,0.09518493473073479,0.09307687340672932,0,0,0,0,0,0
PHL,PHL.59_1,PHL.59.7_1,PIGE,0,0,0,0,0,0,0.0059555510662612325,0.005900519270209819,0.005847651240713507,0.005552946235908689,0.005867197265261258,0.0057372564120138775,0,0,0,0,0,0
PHL,PHL.5_1,PHL.5.3_1,PIGE,0,0,0,0,0,0,0.06887206715580742,0.06823566029585633,0.06762427598609992,0.06421620464958597,0.06785031302285843,0.06634763173080555,0,0,0,0,0,0
PHL,PHL.5_1,PHL.5.5_1,PIGE,0,0,0,0,0,0,0.012932416632300592,0.012812915664775942,0.012698113293615304,0.012058164468837167,0.012740557280770191,0.01245839208177263,0,0,0,0,0,0
PHL,PHL.5_1,PHL.5.6_1,PIGE,0,0,0,0,0,0,0.0015541037004114335,0.0015397431287477467,0.0015259471929292905,0.0014490437908089456,0.0015310477367312027,0.0014971396132646122,0,0,0,0,0,0
PHL,PHL.63_1,PHL.63.4_1,PIGE,0,0,0,0,0,0,0.04193770690741498,0.04155018486155976,0.04117789959339216,0.03910265047233783,0.04131553848517036,0.040400523004964085,0,0,0,0,0,0
PHL,PHL.63_1,PHL.63.5_1,PIGE,0,0,0,0,0,0,0.012263237784322858,0.012149920310730861,0.012041058307922299,0.011434223187218632,0.012081306060665984,0.011813741302419224,0,0,0,0,0,0
PHL,PHL.67_1,PHL.67.1_1,PIGE,0,0,0,0,0,0,0.005324834318373322,0.005275630610277129,0.005228361517178165,0.004964866954555564,0.005245837539319802,0.005129657943673294,0,0,0,0,0,0
PHL,PHL.67_1,PHL.67.6_1,PIGE,0,0,0,0,0,0,0.016993704217450747,0.016836675244942936,0.0166858204129007,0.01584490248148928,0.016741593481773072,0.016370817309882164,0,0,0,0,0,0
PHL,PHL.6_1,PHL.6.16_1,PIGE,0,0,0,0,0,0,9.15396244307175e-5,9.069375981025732e-5,8.988115330069338e-5,8.53513985966301e-5,9.018158490245576e-5,8.818433279729678e-5,0,0,0,0,0,0
PHL,PHL.6_1,PHL.6.2_1,PIGE,0,0,0,0,0,0,0.04443948219041452,0.0440288426889941,0.04363434890846834,0.041435301722617994,0.04378019858721661,0.04281059826485395,0,0,0,0,0,0
PHL,PHL.6_1,PHL.6.8_1,PIGE,0,0,0,0,0,0,0.006319764542615614,0.006261367260897649,0.0062052660715146,0.005892538295499395,0.006226007438939984,0.006088120014610411,0,0,0,0,0,0
PHL,PHL.70_1,PHL.70.9_1,PIGE,0,0,0,0,0,0,0.0589206627130164,0.05837621101449836,0.057853166329028205,0.054937531151905396,0.05804654301356083,0.05676098587507813,0,0,0,0,0,0
PHL,PHL.72_1,PHL.72.10_1,PIGE,0,0,0,0,0,0,0.008943595108984953,0.008860952529561473,0.00878155933071821,0.008338993695692867,0.008810912068626157,0.008615776745860775,0,0,0,0,0,0
PHL,PHL.72_1,PHL.72.6_1,PIGE,0,0,0,0,0,0,0.04187100455181768,0.04148409886377528,0.04111240571916836,0.03904045730325586,0.041249825694868875,0.04033626555622604,0,0,0,0,0,0
PRI,PRI.12_1,NA,PIGE,0.02533041131262545,0.023525313830333,0.02171294212454639,0.02051248154131101,0.01824290032864673,0.01583068394522924,12.649109320176345,11.588221063396814,7.117070066445489,10.288614414805258,14.587028190352228,12.674004979541024,0.002003,0.00203,0.003051,0.001994,0.001251,0.001249
PRI,PRI.22_1,NA,PIGE,0.00879941194293041,0.00383269333755253,0.00113129430415355,4.628996219441499e-4,8.579337812552828e-5,0,12.481027202249487,11.434236091804111,7.022498015566468,10.151898693753274,14.39319489107144,12.50559204660994,7.05e-4,3.352e-4,1.611e-4,4.56e-5,5.961e-6,0
PRI,PRI.29_1,NA,PIGE,0.08917401080599299,0.07553069537955068,0.06190860165522856,0.04829432513715451,0.03474473627068481,0.02138129760258219,1.7061341510523584,1.563039673842423,0.9599629498360476,1.387746439356736,1.9675240626014656,1.7094921214501075,0.05227,0.04832,0.06449,0.0348,0.01766,0.01251
PRI,PRI.35_1,NA,PIGE,0.00628379840491358,0.00566539655723981,0.00504699470956603,0.00492071387134484,0.00432830864429203,0.00368204245790455,4.1566973511507355,3.808072693461326,2.3387817706627043,3.3810013972142716,4.7935281374541,4.164878458509119,0.001512,0.001488,0.002158,0.001455,9.029e-4,8.841e-4
PRI,PRI.37_1,NA,PIGE,0.01133405445193197,0.00959908996790396,0.00785239729638788,0.00647541184630326,0.00524896372874086,0.00388841190789353,2.8646213271725762,2.6243638474407764,1.6117902204229708,2.3300442373989574,3.3034983726085807,2.8702594029425685,0.003957,0.003658,0.004872,0.002779,0.001589,0.001355
PRI,PRI.3_1,NA,PIGE,0.01212802200820575,0.01047417246515649,0.00898972324361116,0.00742707026510585,0.00582687760351015,0.00431695564780398,1.6026174346315756,1.4682049654627916,0.9017188707339775,1.3035473425048063,1.8481479688085147,1.6057716660272072,0.007568,0.007134,0.00997,0.005698,0.003153,0.002688
PRI,PRI.41_1,NA,PIGE,0.0128340251360272,0.01102442946953924,0.009232236423442144,0.007450351068510442,0.0056726282395590764,0.0039023355675231485,13.76813017620457,12.6133889804392,7.7466914600611805,11.198810841950944,15.877489705017062,13.795228264321223,9.322e-4,8.74e-4,0.001192,6.653e-4,3.573e-4,2.829e-4
PRI,PRI.50_1,NA,PIGE,0.00417723431335,0.00392406859738939,0.00367090288142878,0.00341773716546818,0.00316457144950757,0.00291140573354697,0.22804694878889356,0.2089205167342161,0.12831149386785712,0.18549030332272093,0.2629850993066621,0.22849578506759868,0.01832,0.01878,0.02861,0.01843,0.01203,0.01274
PRI,PRI.51_1,NA,PIGE,0.0327089150871799,0.02820608816793853,0.02389112949777108,0.01976163165133533,0.01585173383467456,0.01212938750974648,2.377794380699089,2.178367364008173,1.3378751643834985,1.934065784511895,2.742086639001012,2.3824742958964933,0.01376,0.01295,0.01786,0.01022,0.005781,0.005091
PRI,PRI.62_1,NA,PIGE,0.01296646998675335,0.01129666107802792,0.00965305234421718,0.00802532878425968,0.00641524328127881,0.00482239589582795,2.5380947760209325,2.3252232706589617,1.4280687990740215,2.0644519576613822,2.926946009435463,2.5430901904315184,0.005109,0.004858,0.00676,0.003887,0.002192,0.001896
PRI,PRI.63_1,NA,PIGE,0,0,0,0,0,0,5.6405729469152e-4,5.167494768094683e-4,3.17369008852338e-4,4.587965734221611e-4,6.504742310602711e-4,5.651674580963379e-4,0,0,0,0,0,0
PRI,PRI.64_1,NA,PIGE,0.009630335748509883,0.008447173430499692,0.0072652193226112995,0.006140968163700881,0.004979252042047492,0.0038318779215507923,6.501566268253923,5.956276071918713,3.658131296169128,5.2882860550244954,7.497644935773308,6.514362487738969,0.001481,0.001418,0.001986,0.001161,6.641e-4,5.882e-4
PRI,PRI.68_1,NA,PIGE,0.00239262869246643,0.00115664332471587,5.614784307789802e-4,3.0068898695739506e-4,9.469366855264396e-5,0,9.400663769357703,8.612224556255438,5.289319668610593,7.646372745935189,10.840901437456463,9.419165919752631,2.545e-4,1.343e-4,1.062e-4,3.932e-5,8.735e-6,0
RWA,RWA.2_1,RWA.2.1_1,PIGE,0.0016599713468750117,0.0014147057226053198,0.0012118412687299725,9.740020575650252e-4,7.364824234305057e-4,4.995671616012196e-4,0.11970749968096665,0.10913494584949324,0.11754023842743654,0.11546104142638627,0.11404540856777202,0.11431996736837131,0.01387,0.01296,0.01031,0.008436,0.006458,0.00437
RWA,RWA.2_1,RWA.2.7_1,PIGE,7.754958729102165e-7,7.311818230296326e-7,6.868677731490488e-7,6.425537232684651e-7,5.982396733878812e-7,5.539256235072974e-7,6.329581066495471e-4,5.7705531297785e-4,6.214986276419217e-4,6.105047918284298e-4,6.030195774827338e-4,6.044713179255168e-4,0.001225,0.001267,0.001105,0.001052,9.921e-4,9.164e-4
RWA,RWA.3_1,RWA.3.1_1,PIGE,8.021691987831703e-4,6.600442022114167e-4,5.504582184964709e-4,4.5766516675069653e-4,3.648721150049221e-4,2.7207906325914775e-4,0.02702232343032582,0.024635714655771072,0.026533093977643366,0.026063743820071934,0.025744184151162128,0.025806162028322782,0.02969,0.02679,0.02075,0.01756,0.01417,0.01054
RWA,RWA.3_1,RWA.3.4_1,PIGE,0.002544246526919753,0.00235387610039249,0.0021573486098926324,0.001963156659964921,0.0017803922065780847,0.001583033005873275,0.519931822097899,0.4704053859055713,0.49801221335267976,0.5074196543149561,0.4967191597774641,0.4991943699660192,0.004893,0.005004,0.004332,0.003869,0.003584,0.003171
RWA,RWA.3_1,RWA.3.5_1,PIGE,0,0,0,0,0,0,0.035059731089148484,0.03196325931215137,0.03442498725980444,0.03381603554055158,0.0334014273708358,0.033481839690388246,0,0,0,0,0,0
RWA,RWA.3_1,RWA.3.6_1,PIGE,0.00124459546259346,0.00116854411813504,0.00109249277367662,0.0010164414292182,9.403900847597776e-4,8.643387403013556e-4,0.006363370370699269,0.004667966033069552,0.0023174237913655697,0.008001955885044904,0.0064960524278105045,0.0069137982300741495,0.1956,0.2503,0.4714,0.127,0.1448,0.125
RWA,RWA.4_1,RWA.4.6_1,PIGE,0.012457619040317109,0.008983436980804215,0.005993772304774651,0.003598716051047577,0.0018156085274297024,9.356648230748829e-4,0.9744718394419662,0.9929800474265437,1.0119289270298018,1.03117158771218,1.0508549200132389,1.0356736603409156,0.01278,0.009047,0.005923,0.00349,0.001728,9.034e-4
SSD,SSD.1_1,SSD.1.2_1,PIGE,0.02191332479763798,0.01846426529960751,0.01501520580157704,0.01156614630354657,0.0081170868055161,0.00466802730748563,2.2525437301021345,2.2580640780805843,2.2482521638996196,2.252953879785825,2.2530905963470547,2.25195154981991,0.009728,0.008177,0.006679,0.005134,0.003603,0.002073
SSD,SSD.1_1,SSD.1.3_1,PIGE,0.2594155656394335,0.2331264127969389,0.20787203692339257,0.1911340581662766,0.1683164129434723,0.1446810761575956,7.851532884641011,7.909659092974752,7.931405336261273,7.989303987273865,8.037117421836866,7.997715963774202,0.03304,0.02947,0.02621,0.02392,0.02094,0.01809
THA,THA.11_1,THA.11.9_1,PIGE,3.374837582378499e-5,4.0346978142463086e-5,3.258533230631582e-5,2.6799822218907778e-5,2.286112991313182e-5,2.0769255388987943e-5,9.098885071028298e-4,9.164702308260544e-4,8.820418788513099e-4,8.492772514201373e-4,7.147426712076992e-4,7.626883342068576e-4,0.03709,0.04402,0.03694,0.03156,0.03199,0.02723
THA,THA.16_1,THA.16.9_1,PIGE,0.35147270006604553,0.30860747978409747,0.26574225950214947,0.22287703922020136,0.1800118189382533,0.13714659865630524,0.05092955955764568,0.051297961057101105,0.04937088890630277,0.04753694108619759,0.04000658229827428,0.042690264397987274,6.901,6.016,5.383,4.689,4.5,3.213
THA,THA.23_1,THA.23.3_1,PIGE,0.09142205348319243,0.07949763551937378,0.06809406964281947,0.05763723082899615,0.04787952341543483,0.038086140755824956,0.03869123979739283,0.03897111480281115,0.03750711606924616,0.03611386398735293,0.03039304252031934,0.03243183862540716,2.363,2.04,1.815,1.596,1.575,1.174
THA,THA.69_1,THA.69.3_1,PIGE,0.5719493677335282,0.4982531661935087,0.42455696465348913,0.3508607631134696,0.27716456157345004,0.2034683600334305,0.08435240790658159,0.08496257524015703,0.08177084969724191,0.07873336192109494,0.06626115714102315,0.07070602273838524,6.78,5.864,5.192,4.456,4.183,2.878
THA,THA.69_1,THA.69.4_1,PIGE,0.24954630206830306,0.21546785047172026,0.18138939887513741,0.14731094727855462,0.11323249568197179,0.07915404408538895,0.1393562691365329,0.14036430963313887,0.13509134855464755,0.1300731994047092,0.10946821646240222,0.11681145540286851,1.791,1.535,1.343,1.133,1.034,0.6776
THA,THA.69_1,THA.69.6_1,PIGE,3.522423935344476,3.054132709538004,2.585841483731533,2.117550257925062,1.64925903211859,1.1809678063121183,0.23616983783003742,0.23787818408589403,0.22894199219077876,0.22043763513320888,0.18551796119153896,0.19796269410856343,14.91,12.84,11.29,9.606,8.89,5.966
THA,THA.69_1,THA.69.8_1,PIGE,1.1277364934322336,0.9900260051682709,0.8523155169043083,0.7146050286403456,0.5768945403763829,0.4391840521124202,0.09017794784500832,0.09083025451116573,0.08741810224796849,0.08417083970911382,0.0708372804180124,0.07558911700412266,12.51,10.9,9.75,8.49,8.144,5.81
THA,THA.69_1,THA.69.9_1,PIGE,0.6017477444572199,0.5190607598024937,0.43637377514776754,0.35368679049304147,0.27099980583831546,0.18831282118358933,0.23445304630257,0.23614897406161522,0.22727774210666135,0.2188352058483821,0.18416937380674395,0.1965236421147826,2.567,2.198,1.92,1.616,1.471,0.9582
TTO,TTO.11_1,NA,PIGE,0.00734717999417024,0.00691629178508374,0.00648540357599725,0.00605451536691076,0.00562362715782427,0.00519273894873778,1.4822178061721967,3.832115923598005,1.422738760980696,3.183318498649115,2.400574263928967,2.6118253146397703,0.004957,0.001805,0.004558,0.001902,0.002343,0.001988
TTO,TTO.12_1,NA,PIGE,2.400420253670395,2.077501833574948,1.764695905158257,1.456535025077431,1.152931647812987,0.8552424435208799,18.34337022646418,47.42482572033043,17.607279928451977,39.39555274961328,29.70860442777265,32.322967996865835,0.1309,0.04381,0.1002,0.03697,0.03881,0.02646
TTO,TTO.13_1,NA,PIGE,2.280666481710878,1.953113788149394,1.6383370029697255,1.343476895238124,1.0816503184392026,0.838105127395008,28.595089464565092,73.92955152580255,27.447613964381897,61.41288876980432,46.31211118739354,50.38758691667176,0.07976,0.02642,0.05969,0.02188,0.02336,0.01663
TTO,TTO.14_1,NA,PIGE,0.15375453703176803,0.13405920308232636,0.11436386913288468,0.094668535183443,0.07497320123400134,0.05527786728455966,0.6599417234871754,1.7062088828584163,0.6334593108271763,1.4173387255631469,1.0688301749575602,1.1628874598680665,0.233,0.07857,0.1805,0.06679,0.07015,0.04754
TTO,TTO.15_1,NA,PIGE,0.18691010494896945,0.16303240028515645,0.13936756472906356,0.1156266669860232,0.09169723536569482,0.0677665300579987,40.58709744375332,104.93360811019821,38.95840171968617,87.16779515207375,65.73415942335009,71.51877956796773,0.004605,0.001554,0.003577,0.001326,0.001395,9.475e-4
TTO,TTO.2_1,NA,PIGE,0.013530162689743087,0.012756716471583015,0.011983270253422943,0.01120982403526287,0.010436377817102797,0.0097050165060454,10.56608292593641,27.317479564696267,10.14208280852323,22.69248628395331,17.112644738795886,18.61856115047758,0.001281,4.67e-4,0.001182,4.94e-4,6.099e-4,5.213e-4
TTO,TTO.3_1,NA,PIGE,2.4231407095285684,2.084855496027273,1.7814379087310013,1.4914265584125632,1.207407332048044,0.9424151380731818,133.70396600124113,345.6773323245571,128.3386383125878,287.15233789672646,216.54462551404862,235.60059905879115,0.01812,0.006031,0.01388,0.005194,0.005576,0.004
TTO,TTO.4_1,NA,PIGE,3.637308008513239e-4,1.91770408552836e-4,1.3083597408762723e-4,6.990153962241841e-5,1.971716119490701e-5,0,1.8160290823199403,4.695149346537284,1.7431547210711467,3.9002358140354416,2.9412092200013156,3.200036262939224,2.003e-4,4.084e-5,7.506e-5,1.792e-5,6.704e-6,0
TTO,TTO.5_1,NA,PIGE,2.679806998266932,2.3751658910683577,2.065889807132902,1.7669463739600961,1.4761481614262908,1.1761043412085,19.54515541786887,50.53191305226547,18.7608393898645,41.976593818793816,31.654994890256326,34.4406412380044,0.1371,0.047,0.1101,0.04209,0.04663,0.03415
TTO,TTO.6_1,NA,PIGE,0.47143912100296576,0.41016768964130795,0.3531104963685009,0.30045817269857183,0.24969816686506477,0.19735027956622433,47.05192489146013,121.647729410393,45.1638059150773,101.05212761600907,76.20448188681104,82.91049265654806,0.01002,0.003372,0.007818,0.002973,0.003277,0.00238
TTO,TTO.7_1,NA,PIGE,0.0056536667767936,0.00385612406160887,0.00233080173192988,9.523972043893935e-4,1.6832692084420037e-4,0,0.6413258961387941,1.658079648331871,0.6155905070481523,1.37735802413115,1.0386803036983037,1.1300843934637916,0.008816,0.002326,0.003786,6.915e-4,1.621e-4,0
TTO,TTO.9_1,NA,PIGE,4.964669101241979,4.342081221085578,3.750830918850111,3.1633765455360567,2.5807176027195107,2.0065840501928474,110.04265564326889,284.5035400395075,105.6268187394459,236.33559109260636,178.22317743829586,193.90685532345205,0.04512,0.01526,0.03551,0.01339,0.01448,0.01035
TZA,TZA.10_1,TZA.10.1_1,PIGE,62.2910835120836,53.66492691232213,45.32619608201126,37.36605447282398,29.400232215693215,21.516990043220243,3202.3589698200917,2349.1486470200707,1166.2409120999353,4026.9752838168183,3269.131065576268,3479.3611699158755,0.01945,0.02284,0.03887,0.009279,0.008993,0.006184
TZA,TZA.10_1,TZA.10.2_1,PIGE,138.18681665099356,121.28920607871363,104.36933395491685,87.42636120211303,70.41970692318432,53.3370972292207,4584.277711325458,3362.880265646632,1669.5105919608893,5764.741932943599,4679.864069131786,4980.81508388571,0.03014,0.03607,0.06251,0.01517,0.01505,0.01071
TZA,TZA.10_1,TZA.10.3_1,PIGE,12.414781765222301,10.983334993840687,9.46754238793901,7.961807061124573,6.453288709695268,4.947035569906157,760.7724182626771,558.0784396423734,277.0594825054804,956.6734253797489,776.6352147947434,826.5787927562869,0.01632,0.01968,0.03417,0.008322,0.008309,0.005985
TZA,TZA.10_1,TZA.10.4_1,PIGE,38.57299443112502,36.906816810244806,34.648899123282725,32.93561199442777,30.120423818676446,26.7451685109727,3073.071052312175,2254.307144442729,1119.156603232961,3864.395369070478,3137.147377453841,3338.8899222650834,0.01255,0.01637,0.03096,0.008523,0.009601,0.00801
TZA,TZA.10_1,TZA.10.5_1,PIGE,20.507767331999506,17.716759083653304,14.998410836867691,12.425438974909062,10.002048838148747,7.627489686697936,4001.814482047228,2935.603773569054,1457.3880740982904,5032.292807114544,4085.255952011079,4347.96912190777,0.005125,0.0060350000000000004,0.01029,0.002469,0.002448,0.001754
TZA,TZA.10_1,TZA.10.6_1,PIGE,15.192726456162632,12.704122342067313,10.38145997950588,8.206678419962422,6.3661274192425035,4.740966666060489,2642.6035117782594,1938.52985340152,962.3881516530643,3323.0812432799894,2697.7041973656656,2871.1871882623936,0.005749,0.006553,0.01079,0.00247,0.00236,0.001651
TZA,TZA.11_1,TZA.11.1_1,PIGE,0.36448896365996997,0.25670697944152654,0.216223956902069,0.17837807193733973,0.14339936174753387,0.1087422996991862,184.98408554873035,135.69843930128113,67.36784060983761,232.61800048794743,188.8411718997719,200.9851020377043,0.00197,0.001892,0.00321,7.668e-4,7.594e-4,5.41e-4
TZA,TZA.11_1,TZA.11.2_1,PIGE,1.5332751393332498,1.3325792915292964,1.1596741101168329,0.9959965689629204,0.8452440787770552,0.6982575361421751,1276.6414622159948,936.5035562714924,464.92960887611594,1605.3801785152134,1303.260597286346,1387.0702108666171,0.001201,0.001423,0.002494,6.204e-4,6.486e-4,5.034e-4
TZA,TZA.11_1,TZA.11.3_1,PIGE,5.8216098867253185,5.091805093301911,4.374731562661593,3.675178128754189,3.0213602074509027,2.3756650918327087,1098.934153037895,806.1431285819122,400.21183791543694,1381.91274448985,1121.8479291597835,1193.991322150012,0.005298,0.0063160000000000004,0.01093,0.002659,0.002693,0.00199
TZA,TZA.11_1,TZA.11.4_1,PIGE,161.02442512877616,146.9375674092538,132.8991046545904,120.38336263530594,105.33747738822893,88.81355811198577,8186.37920614106,6005.267309923069,2981.3304636182806,10294.394550319274,8357.072654752017,8894.496276179229,0.01967,0.02447,0.04458,0.01169,0.0126,0.009985
TZA,TZA.11_1,TZA.11.5_1,PIGE,0,0,0,0,0,0,9.20821888222936e-5,6.754856383220845e-5,3.353465894746439e-5,1.1579360776283052e-4,9.40021861703192e-5,1.0004724493680025e-4,0,0,0,0,0,0
TZA,TZA.11_1,TZA.11.6_1,PIGE,0.7494086569396616,0.6747256300001812,0.5996774425691489,0.5202758420431662,0.44184387786209567,0.3607070305056792,163.6135415728546,120.02168821243247,59.58507704916868,205.74448218359356,167.0250326542319,177.7660183589564,0.00458,0.005622,0.01006,0.002529,0.002645,0.002029
TZA,TZA.11_1,TZA.11.7_1,PIGE,0.4510786822162126,0.5067069288923687,0.6427106600734077,0.7300235107190882,0.6948054029053223,0.6337286213107955,140.5264450066736,103.08572876091829,51.17717624515768,176.71239423739868,143.45654913637642,152.68190128291818,0.00321,0.004915,0.01256,0.004131,0.004843,0.004151
TZA,TZA.12_1,TZA.12.1_1,PIGE,7.032150581794561e-4,6.661532296953711e-4,6.290914012112861e-4,5.920295727272009e-4,5.549677442431159e-4,5.179059157590309e-4,0.17477882995178629,0.12821218850804106,0.06365127207153234,0.21978486327839974,0.17842312744612648,0.1898970977297211,0.004023,0.005196,0.009883,0.002694,0.00311,0.002727
TZA,TZA.12_1,TZA.12.3_1,PIGE,0,0,0,0,0,0,0.05538671623116291,0.04149294636484501,0.027688972313577878,0.0714933670121106,0.05461761307249051,0.059556650049563564,0,0,0,0,0,0
TZA,TZA.12_1,TZA.12.6_1,PIGE,0.00146199577371847,0.00135347729171353,0.00124495880970859,0.0011933969634998,0.0011030970240347,9.905736173398336e-4,0.7527647739636536,0.6325177228633773,0.9737931811470205,1.118248272717124,0.5894131857392026,0.7600886182850568,0.001942,0.00214,0.001278,0.001067,0.001872,0.001303
TZA,TZA.13_1,TZA.13.10_1,PIGE,0.14042861974313833,0.13472009935500517,0.12457562022790739,0.11451517303229641,0.1047017350344749,0.094624671144265,8.038582225694402,5.896848147698595,2.927505490557434,10.108539437606881,8.206193972902154,8.73391494234275,0.01747,0.02285,0.04255,0.01133,0.01276,0.01083
TZA,TZA.13_1,TZA.13.1_1,PIGE,1.5836107117214524,1.5944669593858196,1.5638680428036875,1.5082969464784406,1.413667803669964,1.2929298799439697,114.93028053134071,84.30919692522919,41.85551852805008,144.52514643848423,117.3266813624924,124.87168337369462,0.01378,0.01891,0.03736,0.01044,0.01205,0.01035
TZA,TZA.13_1,TZA.13.3_1,PIGE,0.15439286992506754,0.13671963905605528,0.11904107858481945,0.10162196694082648,0.08392866097831903,0.06611166107098397,4.067476726774417,3.862264709130089,3.6641724231836017,4.500329979904553,4.477011263349949,4.429503112742953,0.03796,0.0354,0.03249,0.02258,0.01875,0.01493
TZA,TZA.13_1,TZA.13.5_1,PIGE,0.03229646284836925,0.03196738082998658,0.029991397153261833,0.028228231964703997,0.02583478022349837,0.023033401899640208,68.28897278216935,50.09461760204728,24.86960226957913,85.87357262027523,69.71285994556195,74.19592946042229,4.729e-4,6.381e-4,0.001206,3.287e-4,3.706e-4,3.104e-4
TZA,TZA.13_1,TZA.13.6_1,PIGE,0.008600520220223104,0.008246997155801553,0.0077903063864995575,0.0072952648044481445,0.00677294406062292,0.006126640610612924,3.553219337235162,2.6065286488168025,1.294017878633096,4.468183168681378,3.627307190615913,3.8605707563336638,0.00242,0.003164,0.00602,0.001633,0.001867,0.001587
TZA,TZA.13_1,TZA.13.7_1,PIGE,1.6243612948173091e-6,1.5040382359419527e-6,1.3837151770665966e-6,1.2633921181912404e-6,1.143069059315884e-6,1.022746000440528e-6,0.026610881316034164,0.019520895823582605,0.009691199141093895,0.03346325703962934,0.027165742383183762,0.028912707170192967,6.104e-5,7.705e-5,1.428e-4,3.775e-5,4.208e-5,3.537e-5
TZA,TZA.14_1,TZA.14.1_1,PIGE,0.5139325317276319,0.42049575292477764,0.33236845355423755,0.2633897999260424,0.2157079653401912,0.17092680800704135,192.36748518853065,141.11466635068646,70.05674051502307,241.90264600714988,196.37852213424355,209.0071614791339,0.002672,0.00298,0.004744,0.001089,0.001098,8.178e-4
TZA,TZA.14_1,TZA.14.2_1,PIGE,27.126829712672333,26.770296678583435,25.4784048998716,23.583152128599217,21.416767400822074,19.12048838177247,1817.8781897302138,1333.5375984073207,662.0381843690215,2285.986864066179,1855.782602602625,1975.1236025046908,0.01492,0.02007,0.03848,0.01032,0.01154,0.009681
TZA,TZA.14_1,TZA.14.3_1,PIGE,7.799207578393024,7.000787708095046,6.230249812811618,5.43312435877763,4.646185420013999,3.816798970260345,1269.7170134511196,931.4240009809498,462.4078505350168,1596.6726649937748,1296.1917674697697,1379.5468012855445,0.006142,0.007516,0.01347,0.003403,0.003584,0.002767
TZA,TZA.14_1,TZA.14.4_1,PIGE,10.40314196216793,9.407514068662808,8.41794883423477,7.356533686568673,6.287165946219731,5.171238665876029,340.65562692120216,249.89412886671914,124.06058558603053,428.37539539855914,347.75860642944286,370.1221417689997,0.03054,0.03765,0.06785,0.01717,0.01808,0.01397
TZA,TZA.14_1,TZA.14.5_1,PIGE,0.017957621563078667,0.010203868581654103,0.005473549014875544,0.003151434859080643,0.001760600040921051,0.0013929945579579585,0.20983779965933097,0.1539303331728233,0.07641911140320726,0.26387161489459865,0.21421310854386413,0.22798864805474323,0.08558,0.06629,0.07163,0.01194,0.008219,0.00611
TZA,TZA.14_1,TZA.14.6_1,PIGE,2.7920330696477826,2.4405928183147436,2.1118035643138704,1.8234763705536414,1.5883909921954604,1.3487566752486195,415.96033597716047,305.1352673712457,151.48519144768224,523.0712758358472,424.63348712804435,451.9406646361702,0.006712,0.007998,0.01394,0.003486,0.003741,0.002984
TZA,TZA.14_1,TZA.14.7_1,PIGE,26.016253830726264,24.670102840727917,23.507262225913674,21.65926184503125,19.61219190191083,17.455186910555682,1219.0412217353587,894.2498525898222,443.9526485701679,1532.9477164010557,1244.4593394278338,1324.4875828742904,0.02134,0.02759,0.05295,0.01413,0.01576,0.01318
TZA,TZA.15_1,TZA.15.1_1,PIGE,1.602882927978089,1.3256114066913538,1.129369802757003,0.9667545604417713,0.8465780652667463,0.7153291247338126,462.4719633406723,339.25471728970183,168.4238804675212,581.559776209521,472.114924205383,502.47552088537185,0.003466,0.003907,0.006706,0.001662,0.001793,0.001424
TZA,TZA.15_1,TZA.15.2_1,PIGE,9.771065888106957,7.77589521826015,6.0053348856122,4.612109936047436,3.5399167105207487,2.699278937024876,1470.7398535491232,1078.8879602955694,535.6167139379806,1849.4594437985254,1501.4061165318533,1597.9580008714845,0.006644,0.007207,0.01121,0.002494,0.002358,0.001689
TZA,TZA.15_1,TZA.15.3_1,PIGE,142.8093740120764,142.59987252268266,139.10012572537482,133.2335205698085,124.22804732376395,112.92172081173365,5070.528525675204,3719.5783914367858,1846.5942976231697,6376.2036802293,5176.25365500692,5509.126312649526,0.02816,0.03834,0.07533,0.0209,0.024,0.0205
TZA,TZA.15_1,TZA.15.4_1,PIGE,2.45265142280024,2.4139959276964142,2.3999896747869403,2.306608223121541,2.1513775931018726,1.9677419399445841,62.683278923362096,45.982458950212695,22.828110487908052,78.82439704976485,63.99028227371324,68.10534632262197,0.03913,0.0525,0.1051,0.02926,0.03362,0.02889
TZA,TZA.15_1,TZA.15.5_1,PIGE,13.670358469226565,12.069371636312662,10.504764534334651,9.225689250783752,7.925557902614126,6.552181346004404,7155.089923623099,5248.74630601779,2605.7536576394664,8997.545418069016,7304.280053157844,7774.0010667539755,0.001911,0.002299,0.004031,0.001025,0.001085,8.428e-4
TZA,TZA.15_1,TZA.15.6_1,PIGE,53.85242926343754,52.18147678739091,50.77137668780102,49.30272021424685,46.03384911762629,41.565200139550704,2836.2071893891984,2080.55135117989,1032.8950909721025,3566.538404685942,2895.344687658136,3081.537472094021,0.01899,0.02508,0.04915,0.01382,0.0159,0.01349
TZA,TZA.15_1,TZA.15.7_1,PIGE,37.2388284684114,37.438623773741774,36.60612253012059,34.9548933035525,32.71828178236877,29.896838083371517,2941.269723321867,2157.6218831740885,1071.1569556024908,3698.654832416026,3002.597870934695,3195.6878544912925,0.01266,0.01735,0.03417,0.009451,0.0109,0.009355
TZA,TZA.16_1,TZA.16.1_1,PIGE,1.980252601064423e-6,1.988930602501988e-6,1.7980566476225071e-6,1.6071826927430268e-6,1.416308737863546e-6,1.2254347829840654e-6,0.042385213168719064,0.0310924437601533,0.01543592399580805,0.05329952308230074,0.04326898339529883,0.046051509611407866,4.672e-5,6.397e-5,1.165e-4,3.015e-5,3.273e-5,2.661e-5
TZA,TZA.16_1,TZA.16.2_1,PIGE,0.004072106841803789,0.0035423286006691533,0.003012550359534527,0.0024830313775663537,0.0019532398410898578,0.0014234483046133518,1.4461042236432315,1.0608160460575586,0.5266448654467987,1.818480070883984,1.4762568113463965,1.571191403216821,0.002816,0.003339,0.00572,0.001365,0.001323,9.06e-4
TZA,TZA.16_1,TZA.16.3_1,PIGE,3.207150992999577e-7,2.9282682979561354e-7,2.649385602912694e-7,2.3705029078692525e-7,2.0916202128258115e-7,1.8127375177823697e-7,0.16553407572630963,0.1214305309595022,0.06028450066905422,0.20815955920668072,0.16898561169072662,0.1798526776067184,1.937e-6,2.411e-6,4.395e-6,1.139e-6,1.238e-6,1.008e-6
TZA,TZA.16_1,TZA.16.4_1,PIGE,0.020124278481507964,0.01739414743085716,0.014700393283759813,0.012031637856182793,0.009367651601366938,0.0067071015900680665,2.9339205864873885,2.1522307902284874,1.0684805335880436,3.6894132724695177,2.9950954979161843,3.187703021568043,0.006859,0.008082,0.01376,0.003261,0.003128,0.002104
TZA,TZA.16_1,TZA.16.5_1,PIGE,2.967129602700221e-4,2.7931337981528214e-4,2.567593102600853e-4,2.42102518393801e-4,2.2374024851019189e-4,2.0029868106576047e-4,0.4348050753878855,0.31895916859760864,0.15834810290944265,0.5467685878961569,0.4438711564870642,0.47241546311466304,6.824e-4,8.757e-4,0.001621,4.428e-4,5.041e-4,4.24e-4
TZA,TZA.16_1,TZA.16.6_1,PIGE,3.75750287910577e-6,3.522392667203703e-6,3.2872824553016363e-6,3.0521722433995696e-6,2.8170620314975024e-6,2.5819518195954356e-6,0.003067552788991795,0.0022502591220520036,0.001117146952063739,0.0038574561376444605,0.003131514053326628,0.003332894332356755,0.001225,0.001565,0.002943,7.912e-4,8.996e-4,7.747e-4
TZA,TZA.16_1,TZA.16.7_1,PIGE,0.003196927826182393,0.0034404000069317886,0.0036225417243392287,0.0037588582016394845,0.003643856181634734,0.003358284753945843,1.4251403089470946,1.045437585270122,0.5190101888765509,1.7921178900263735,1.4548557799707407,1.548414122015499,0.002243,0.003291,0.00698,0.002097,0.002505,0.002169
TZA,TZA.16_1,TZA.16.8_1,PIGE,0,0,0,0,0,0,0.08284807510703465,0.06077471182340358,0.030171762625343705,0.10418168416221342,0.08457553278944824,0.09001438572199942,0,0,0,0,0,0
TZA,TZA.17_1,TZA.17.1_1,PIGE,0.2877637514993268,0.2739549521904606,0.2628640793463015,0.25726102243922383,0.2418455254483005,0.2183904773628527,14.224601562088809,10.434715104989557,5.180341259793434,17.887475905267372,14.52119743611433,15.45502137614416,0.02023,0.02625,0.05074,0.01438,0.01665,0.01413
TZA,TZA.17_1,TZA.17.3_1,PIGE,0.006821139388956077,0.006325809991950374,0.005768362588906019,0.0053067433114498625,0.004809575530497736,0.004268636803040716,0.3466176638894166,0.254267689485425,0.12623185104918208,0.43587267341719127,0.3538449572884782,0.37659989148922357,0.01968,0.02488,0.0457,0.01217,0.01359,0.01133
TZA,TZA.17_1,TZA.17.5_1,PIGE,0.14104976322033141,0.1356403334782511,0.1279201123419084,0.12202903171865517,0.11239887128968704,0.10250348046392621,0.5006342092820224,0.36724932665899634,0.18232187658034382,0.629548906294269,0.5110728876675612,0.5439387790448945,0.2817,0.3693,0.7016,0.1938,0.2199,0.1884
TZA,TZA.17_1,TZA.17.6_1,PIGE,0.0024674351047012186,0.0016663314335550916,9.83930136587443e-4,6.332692568267342e-4,5.062362780376823e-4,4.168761232963915e-4,0.6910554611370533,0.5069362981618335,0.2516698343013669,0.8690041584881688,0.7054645957339984,0.7508313591320007,0.003571,0.003287,0.00391,7.287e-4,7.176e-4,5.552e-4
TZA,TZA.18_1,TZA.18.1_1,PIGE,0.01690305668611239,0.01583413746291273,0.01472121449960862,0.01447235378584749,0.01346569782340742,0.01212173588605516,5.319269540844459,3.902046885678104,1.9371812527839,6.688996196495634,5.430181146470649,5.779383281871805,0.003178,0.004058,0.007599,0.002164,0.00248,0.002097
TZA,TZA.18_1,TZA.18.2_1,PIGE,0.07825465036537538,0.07291965531743315,0.06757200471099359,0.06323018503353375,0.05752381529875349,0.05163890792193793,15.661644635475652,11.488884179528355,5.703686219065042,19.69456155457985,15.988204163984083,17.01636784484428,0.004997,0.006347,0.01185,0.003211,0.003598,0.003035
TZA,TZA.19_1,TZA.19.1_1,PIGE,0.06264270920463033,0.05923547211487049,0.0556800514295771,0.05206854068784063,0.04763674235770565,0.043019722191830756,29.189788011915784,21.412699719559225,10.630390070521331,36.70623936030541,29.798421628135152,31.714687804797048,0.002146,0.002766,0.005238,0.001419,0.001599,0.001356
TZA,TZA.19_1,TZA.19.2_1,PIGE,0.02644178652467647,0.02512509033514323,0.02350097556247942,0.02262227952280743,0.02086601320751359,0.01890229561870792,11.454670332791384,8.402781689352443,4.1715826684692985,14.404279704161997,11.693510622566752,12.445492696385859,0.002308,0.00299,0.005634,0.001571,0.001784,0.001519
TZA,TZA.1_1,TZA.1.1_1,PIGE,0,0,0,0,0,0,0.16452554096343117,0.120690701947197,0.059917210645409565,0.20689132394596918,0.16795604806119235,0.17875690516973056,0,0,0,0,0,0
TZA,TZA.1_1,TZA.1.2_1,PIGE,0.00579239478710892,0.004993296009654678,0.004541393128463055,0.003923812256685441,0.003300144077985917,0.0026833617166838685,0.9761949145002765,0.7161055285301233,0.35551243886255524,1.2275678117063606,0.9965494659175297,1.0606352104156602,0.005934,0.006973,0.01277,0.003196,0.003312,0.00253
TZA,TZA.1_1,TZA.1.3_1,PIGE,0.14591761685980867,0.1173599894296063,0.09599313777199261,0.0830371809169501,0.0681705067268418,0.053866473733911964,14.136111001715935,10.369801245508757,5.148114606624912,17.776198780238293,14.430861767111717,15.358876433441884,0.01032,0.01132,0.01865,0.004671,0.004724,0.003507
TZA,TZA.1_1,TZA.1.6_1,PIGE,0.00252234474327532,0.0022716995357064435,0.0020210543281375774,0.001770409120568701,0.0015197639129998345,0.0012691187054309659,0.11937239038309835,0.0881283530869052,0.048356618459866815,0.1513091432101092,0.12061171146885818,0.1292946757241139,0.02113,0.02578,0.04179,0.0117,0.0126,0.009816
TZA,TZA.1_1,TZA.1.7_1,PIGE,0.058190855435586344,0.04967145832187039,0.0415262004430331,0.03346542608600768,0.025472837904015406,0.01749464125358199,1.0854400070452268,0.7962442524408815,0.3952975152930162,1.364943818488483,1.1080724179557628,1.1793299403278787,0.05361,0.06238,0.1051,0.02452,0.02299,0.01483
TZA,TZA.1_1,TZA.1.8_1,PIGE,0.04131985077510769,0.0371202326531434,0.031830716701300464,0.026659518364036915,0.021300193711541338,0.015650482158483584,4.2266734096565,3.100553128260974,1.5392776071894487,5.315053532055684,4.31480339267821,4.592278216798708,0.009776,0.01197,0.02068,0.005016,0.004937,0.003408
TZA,TZA.1_1,TZA.1.9_1,PIGE,0.06401200824450463,0.030431396063570194,0.022986690275952352,0.02062947116805474,0.02018131558585098,0.01854452945276042,2.1095632983349417,1.5475085131899298,0.7682645975572523,2.65278169689988,2.153549610890042,2.2920393044252036,0.03034,0.01966,0.02992,0.007777,0.009371,0.008091
TZA,TZA.20_1,TZA.20.1_1,PIGE,39.661143038445246,34.3567293929414,29.059095462537545,23.763912308776387,18.47932367110358,13.190846807976529,870.9636344791741,638.9112097746432,317.1891199748701,1095.2391853021843,889.1240180431872,946.3014854908316,0.04554,0.05377,0.09161,0.0217,0.02078,0.01394
TZA,TZA.20_1,TZA.20.2_1,PIGE,2.7940091399727685,2.4325909097476135,2.06006843654609,1.6903992946585187,1.3106492017941394,0.9295393732591449,55.8226303274804,40.94970543363829,20.329587008353315,70.19711241773615,56.986582917654125,60.651255588287555,0.05005,0.0594,0.1013,0.02408,0.023,0.01533
TZA,TZA.20_1,TZA.20.3_1,PIGE,3.398172721469581,2.924858256645332,2.457802934169635,1.9849849295963995,1.5100299881843806,1.0349385785314755,155.11418070122102,113.7868275112116,56.48976435355375,195.05651232110463,158.34845238173304,168.53146768410633,0.02191,0.0257,0.04351,0.01018,0.009536,0.006141
TZA,TZA.20_1,TZA.20.4_1,PIGE,8.554447131437792,7.620987330701049,6.747665567236343,6.061026067826727,5.231213896282033,4.450822119324407,391.8058048491571,287.4162718890055,142.68855038415666,492.6968859684557,399.9753120673574,425.6967805256325,0.02183,0.02652,0.04729,0.0123,0.01308,0.01046
TZA,TZA.20_1,TZA.20.5_1,PIGE,0.2501063597796784,0.2337778451778213,0.21646571721092536,0.20075885829270604,0.18189160708981497,0.16172307006909403,27.978773686587353,20.524338142772272,10.189360671678992,35.18338548839245,28.562156553201508,30.39892144022976,0.008939,0.01139,0.02124,0.005706,0.006368,0.00532
TZA,TZA.20_1,TZA.20.6_1,PIGE,17.832498431269777,17.323269978164234,16.52882903816071,15.750183241343823,14.561184156815669,13.241454799044453,253.9615995811949,186.29814885641426,92.48819708384242,319.35741563960596,259.2569298066443,275.929131168632,0.07022,0.09299,0.1787,0.04932,0.05617,0.04799
TZA,TZA.20_1,TZA.20.7_1,PIGE,31.208050133037162,30.085764545470845,28.81176374016203,27.29820267057193,24.962904222044052,22.46205978882321,831.58081342938,610.021225342275,302.8466125998269,1045.7151786342463,848.9200293719404,903.5120731814123,0.03753,0.04932,0.09514,0.0261,0.02941,0.02486
TZA,TZA.21_1,TZA.21.1_1,PIGE,0.04643793107484468,0.035485493931091926,0.02559659224212642,0.018684675648638516,0.013683466427649617,0.010430887582389688,4.418267134693764,3.241100188784332,1.609052558325747,5.55598317252719,4.510392021058616,4.800444688320684,0.01051,0.01095,0.01591,0.003363,0.003034,0.002173
TZA,TZA.21_1,TZA.21.3_1,PIGE,0,0,0,0,0,0,0.07853894096582231,0.05761366812622379,0.02860245431900765,0.09876293603158515,0.08017654928399695,0.0853325139680232,0,0,0,0,0,0
TZA,TZA.21_1,TZA.21.4_1,PIGE,0.13186923421496805,0.12967636373661942,0.12231890487887803,0.11634583123341821,0.1065710032997167,0.09532472157287016,41.031521990132575,30.099418983534303,14.942934281133736,51.59725267181178,41.887066525010475,44.580724928235355,0.003214,0.004308,0.008186,0.002255,0.002544,0.002138
TZA,TZA.21_1,TZA.21.5_1,PIGE,0.18993081089470806,0.1614210829583365,0.13548185278471894,0.11266692535523211,0.09199322868809726,0.0719208279972534,67.07344566851376,49.20294558733224,24.426929395278734,84.34504390452813,68.47198798656197,72.87525995394569,0.002832,0.003281,0.005546,0.001336,0.001344,9.869e-4
TZA,TZA.21_1,TZA.21.6_1,PIGE,0.0011067010576504986,9.717186669960264e-4,8.360509421610472e-4,7.006973170207828e-4,5.651853488852538e-4,4.2949270281587366e-4,0.3071117555021487,0.22528741209870123,0.11184451750378252,0.38619388408109223,0.31351531479687356,0.3336767448587769,0.003604,0.004313,0.007475,0.001814,0.001803,0.001287
TZA,TZA.22_1,TZA.22.1_1,PIGE,8.071367848195019,7.928452054092512,7.592008890503213,7.441509684249618,7.004383501696515,6.357003758636689,1716.0836970083978,1258.8643974622742,624.9664809286946,2157.980007220129,1751.8656021671115,1864.5239449942562,0.004703,0.006298,0.01215,0.003448,0.003998,0.003409
TZA,TZA.22_1,TZA.22.2_1,PIGE,37.76215791683638,39.032979701667855,39.49702190572132,40.959689801338826,40.3891851181471,37.11049043433414,2226.475388952209,1633.271502936601,810.8418552856863,2799.7989750164356,2272.8994248803983,2419.0642233118765,0.01696,0.0239,0.04871,0.01463,0.01777,0.01534
TZA,TZA.22_1,TZA.22.3_1,PIGE,1.2430278954499097,1.216731548757566,1.1879042877201778,1.135787393115021,1.0659009293889068,0.9710068025662181,99.73580190034524,73.16301086221462,36.32196567388936,125.41804742986213,101.81538403887826,108.36289112272088,0.01246,0.01663,0.0327,0.009056,0.01047,0.008961
TZA,TZA.22_1,TZA.22.4_1,PIGE,36.46471693407284,37.242019593548946,36.93721085670513,38.125561588143576,37.754326466424466,34.63309981778102,1954.8841842149425,1434.0408366796748,711.9332765422781,2458.2722820109825,1995.6452966232644,2123.9805363301493,0.01865,0.02597,0.05188,0.01551,0.01892,0.01631
TZA,TZA.22_1,TZA.22.5_1,PIGE,0.42547246645393344,0.42092924921330466,0.40896054840324275,0.41856509625026006,0.40283595912861214,0.36713049679046644,269.1732217669541,197.45691088572676,98.0279933089471,338.48607271587787,274.785728143724,292.4565498819485,0.001581,0.002132,0.004172,0.001237,0.001466,0.001255
TZA,TZA.22_1,TZA.22.6_1,PIGE,28.389529647971887,28.08364311814919,27.55768240483707,27.56593443486856,26.365683159452637,24.097631152211868,3626.0352936940653,2659.9441176037126,1320.5361260489478,4559.749435827238,3701.641425963309,3939.685250942501,0.007829,0.01056,0.02087,0.006045,0.007123,0.006117
TZA,TZA.23_1,TZA.23.1_1,PIGE,0.0011161701113505988,0.001061324876049722,0.0010047746059088129,9.622516017467324e-4,8.87460244524489e-4,8.066754026687067e-4,0.4598914198120273,0.337361712665291,0.16748409343336193,0.5783147355671066,0.4694805739982171,0.49967176183291645,0.002427,0.003146,0.005999,0.001664,0.00189,0.001614
TZA,TZA.23_1,TZA.23.2_1,PIGE,0.018574393267524424,0.018543954387331946,0.017480800229119665,0.01635886390379707,0.015036047047126253,0.013706978160845363,4.687873868166849,3.4388751100641226,1.707238428716036,5.8950143874155385,4.7856203000216455,5.093372248420798,0.003962,0.005392,0.01024,0.002775,0.003142,0.002691
TZA,TZA.23_1,TZA.23.3_1,PIGE,0.0014156185571748184,0.0012410171939582883,0.0010664158307417588,8.974695365171364e-4,7.227726775161416e-4,5.47871336004966e-4,0.275880142147524,0.20237689427490071,0.10047053176754374,0.34692004369090557,0.28163249391142914,0.2997436149991934,0.005131,0.006132,0.01061,0.002587,0.002566,0.001828
TZA,TZA.23_1,TZA.23.4_1,PIGE,0.0017082535040390725,0.0015727435286595735,0.0014357950446754009,0.0012997056336602755,0.001171554577896643,0.0010331157622848824,0.5891472864077648,0.43217970371325964,0.21455672994086414,0.7408543462025129,0.601431542917809,0.6401081861861491,0.0029,0.003639,0.006692,0.001754,0.001948,0.001614
TZA,TZA.23_1,TZA.23.5_1,PIGE,3.6393607016705545e-5,3.38353334937588e-5,3.1277059970812054e-5,3.444639416065682e-5,3.159439716525923e-5,2.8742400169861634e-5,0.05103926061112664,0.03744077760784851,0.018587570728015756,0.06418201173644163,0.052103475594196466,0.05545412715600322,7.131e-4,9.037e-4,0.001683,5.367e-4,6.064e-4,5.183e-4
TZA,TZA.24_1,TZA.24.1_1,PIGE,0.12590798841426437,0.10985272726656511,0.09379966213752731,0.07775011595641801,0.06170304289398922,0.04565717171815809,69.01437138279769,50.62674693460366,25.133779250862503,86.78576337189784,70.45338376646666,74.98407462076305,0.001824,0.00217,0.003732,8.959e-4,8.758e-4,6.089e-4
TZA,TZA.24_1,TZA.24.2_1,PIGE,0.09810370594254686,0.08805427608778095,0.0778559110931903,0.0676587356777629,0.05750777237114173,0.04732311369662325,105.89829357752956,77.6836186773164,38.56623309741667,133.16739780083014,108.10636926979704,115.05843476838827,9.264e-4,0.001133,0.002019,5.081e-4,5.32e-4,4.113e-4
TZA,TZA.24_1,TZA.24.3_1,PIGE,0.1259064470157013,0.11044700040021997,0.09498755378473862,0.07952810716925729,0.06406866055377594,0.04860921393829461,26.802762633096087,19.661653852464603,9.761078828016629,33.70454832786927,27.361624600143994,29.121186110283524,0.004698,0.005617,0.009731,0.00236,0.002342,0.001669
TZA,TZA.24_1,TZA.24.5_1,PIGE,0,0,0,0,0,0,1.4122388784880338,1.0359735063854152,0.5143117224748239,1.7758943054519565,1.4416853429580354,1.5343967252780721,0,0,0,0,0,0
TZA,TZA.24_1,TZA.24.6_1,PIGE,0.0797344723885823,0.06918577034985879,0.05863706831113528,0.04808836627241175,0.03753966423368821,0.026990962194964704,21.976106803722946,16.120972711449216,8.003298532337647,27.63501523943229,22.434328608859488,23.877027341220703,0.003628,0.004292,0.007327,0.00174,0.001673,0.00113
TZA,TZA.24_1,TZA.24.7_1,PIGE,0.17717783898252054,0.15392658327090566,0.13067532755929082,0.10742407184767601,0.08417281613606115,0.060921560424446304,9.055211218377716,6.642614829444944,3.2977432855291933,11.386953214741084,9.24402060429109,9.838481755335527,0.01957,0.02317,0.03963,0.009434,0.009106,0.006192
TZA,TZA.25_1,TZA.25.1_1,PIGE,3.5270423980645713,3.0245466181316734,2.527298500209639,2.0337393893230598,1.5501555058215373,1.0708099345737896,221.42766457039764,162.43228930315283,80.63992947900117,278.4459021557995,226.04463267456734,240.58102958228986,0.01593,0.01862,0.03134,0.007304,0.006858,0.004451
TZA,TZA.25_1,TZA.25.2_1,PIGE,0.10420621422400166,0.0903594205446263,0.07635167142232362,0.06264419196125777,0.048640158966395196,0.034475285739286675,27.99002323371317,20.53259045260364,10.193457552204997,35.1975318250951,28.573640663611762,30.411144066680325,0.003723,0.004401,0.00749,0.00178,0.001702,0.001134
TZA,TZA.25_1,TZA.25.3_1,PIGE,0.9897677293132938,1.000488918247151,0.9571746839674073,0.9291196429652405,0.8681370936765489,0.7823027805086227,325.4727487685058,238.75645254547868,118.53125741514856,409.2828840235631,332.25915146464627,353.6259534309935,0.003041,0.00419,0.008075,0.00227,0.002613,0.002212
TZA,TZA.25_1,TZA.25.4_1,PIGE,0.03932088641630654,0.037027061108739615,0.03343366879047182,0.03072051347460015,0.02804872639479386,0.02440565307623226,23.58015564678027,17.297651904798336,8.587463956454705,29.652111107166846,24.071823328520775,25.61982548214732,0.001668,0.002141,0.003893,0.001036,0.001165,9.526e-4
TZA,TZA.25_1,TZA.25.5_1,PIGE,0.4926586131268346,0.4128134779088842,0.36653072581787344,0.3125153534078087,0.2657495291180641,0.2205839415190202,29.83977135233269,21.88950681680096,10.86710218522225,37.5235952131062,30.461957712093696,32.42089432850411,0.01651,0.01886,0.03373,0.008329,0.008724,0.006804
TZA,TZA.25_1,TZA.25.6_1,PIGE,0.006153038507530627,0.005336416444345561,0.004495007622698344,0.004023641684764212,0.0032355450408967272,0.0023882342235201593,10.603979615752351,7.778742046764515,3.861776576427629,13.334533768752062,10.82508223072226,11.521217723977072,5.803e-4,6.86e-4,0.001164,3.017e-4,2.989e-4,2.073e-4
TZA,TZA.26_1,TZA.26.1_1,PIGE,0.057512538911213995,0.05377856676231828,0.04978311736258051,0.045807849523585194,0.04134145187899866,0.03669352105471758,3.080342374520819,2.259641155054738,1.121804686575491,3.8735390769092413,3.1445703133408283,3.346790209642337,0.01867,0.0238,0.04438,0.01183,0.01315,0.01096
TZA,TZA.26_1,TZA.26.2_1,PIGE,0.5727265289106747,0.5183037988405578,0.47000793876428976,0.4226524889505086,0.36622148076661865,0.30908092475071364,10.467568757475618,7.678675381478194,3.8120982220406656,13.162996736238963,10.685827082040584,11.373007405297644,0.05471,0.0675,0.1233,0.03211,0.03427,0.02718
TZA,TZA.26_1,TZA.26.3_1,PIGE,0.08585615669726845,0.08156910622873728,0.07908538165079383,0.07587125769765415,0.06959928282037943,0.06264087437835142,6.991273445200285,5.1285757497893085,2.5460946746793036,8.791545742233911,7.137047852235844,7.596014557624827,0.01228,0.0159,0.03106,0.00863,0.009752,0.008247
TZA,TZA.26_1,TZA.26.4_1,PIGE,0.23239245564906305,0.22270386857336275,0.20829449363770666,0.19713956544259278,0.18118241630797263,0.16281292952289142,17.579708498206962,12.895914799923322,6.402210203983372,22.106532180232456,17.946261401947762,19.100343123162656,0.01322,0.01727,0.03253,0.008918,0.0101,0.008524
TZA,TZA.26_1,TZA.26.5_1,PIGE,0.003354799715139978,0.0031052893572833906,0.002869459592472806,0.002674575319338752,0.002438095521063603,0.0021754680895850202,0.49787525997616877,0.36522544923297273,0.18131711740586656,0.626079519892344,0.5082564117605447,0.5409411822186109,0.006738,0.008502,0.01583,0.004272,0.004797,0.004022
TZA,TZA.26_1,TZA.26.6_1,PIGE,0.05238496785869678,0.04731317085686566,0.04350198656814348,0.03971150448090678,0.035089353346948696,0.03076658235483371,2.6532175987665276,1.9463160098951637,0.9662536091507916,3.336428487097705,2.708539597716809,2.882719387640768,0.01974,0.02431,0.04502,0.0119,0.01296,0.01067
TZA,TZA.26_1,TZA.26.7_1,PIGE,0.27682691527527875,0.26290260154686895,0.24388618029890352,0.22803797347168822,0.2059371695583551,0.18257857102975367,9.94473825229453,7.295143558393421,3.6216928580628984,12.505535926307344,10.15209508552601,10.804952363586695,0.02784,0.03604,0.06734,0.01823,0.02029,0.0169
TZA,TZA.27_1,TZA.27.10_1,PIGE,0.872097495401016,0.9074960151713048,0.872194719996418,0.8281592408534435,0.7723253004236897,0.7076193408339105,25.89372352040182,18.994811683363857,9.430023311157244,32.56142912313869,26.43363119555086,28.133515639717604,0.03368,0.04778,0.09249,0.02543,0.02922,0.02515
TZA,TZA.27_1,TZA.27.1_1,PIGE,0.3979741542774468,0.3889173004415656,0.3875207904723256,0.36528699352870597,0.3402076727655183,0.31117395919765417,34.39301791856127,25.22962362175914,12.525311798341495,43.24931539504957,35.110143608543204,37.36799409117642,0.01157,0.01542,0.03094,0.008446,0.00969,0.008327
TZA,TZA.27_1,TZA.27.2_1,PIGE,8.308582385093018,7.964088295691184,7.6351470645969055,7.194000788717964,6.661996321889216,6.012270423351679,425.43594417922804,312.08627205165783,154.93603567108977,534.9868794232245,434.3066703753143,462.2359074713176,0.01953,0.02552,0.04928,0.01345,0.01534,0.01301
TZA,TZA.27_1,TZA.27.3_1,PIGE,6.510621438745506,6.099709795189449,5.906990868636347,5.329922102480534,4.794588346233994,4.28983024098689,666.8901715153902,489.2094105909602,242.86927519005934,838.6162397851696,680.7954378552785,724.5757859243193,0.009763,0.01247,0.02432,0.006356,0.007043,0.00592
TZA,TZA.27_1,TZA.27.4_1,PIGE,0.1028566708229817,0.09795461916871578,0.0897652512248194,0.08180729342081934,0.07381611581695627,0.06542065004739094,40.210826300787296,29.497382738875263,14.64405183281399,50.56522556689477,41.04925858445535,43.689039536080294,0.002558,0.003321,0.00613,0.001618,0.001798,0.001497
TZA,TZA.27_1,TZA.27.5_1,PIGE,2.449619707154747,2.557941250202323,2.5780803554963376,2.4624318504297853,2.4232085301546054,2.2840723294463285,261.26039198807035,191.65231073179424,95.14628457310998,328.5356673288126,266.7079086704689,283.85926490038725,0.009376,0.01335,0.0271,0.007495,0.009086,0.008046
TZA,TZA.27_1,TZA.27.6_1,PIGE,3.741135427685526,3.655578458147914,3.463895211357235,3.2678686072786696,3.1819007325063127,3.016116721575598,173.04792892312014,126.9424545875352,63.020909387819934,217.60825043553558,176.65613555746626,188.01647476244435,0.02162,0.0288,0.05496,0.01502,0.01801,0.01604
TZA,TZA.27_1,TZA.27.7_1,PIGE,6.122595913382561,6.102555295448305,6.025630541862461,5.988499847671053,5.73070416374043,5.339817563622034,187.21397931351765,137.33421841596385,68.17992737545015,235.42209808005472,191.11756097673117,203.4078803243854,0.0327,0.04444,0.08838,0.02544,0.02999,0.02625
TZA,TZA.27_1,TZA.27.8_1,PIGE,5.543017679261552,5.5368624857805715,5.265352745325634,5.011245334663991,4.67840910644272,4.27742899732294,75.17395857060137,55.145224108711375,27.37698891216628,94.53146133941635,76.74140394676076,81.67646254039703,0.07374,0.1004,0.1923,0.05301,0.06096,0.05237
TZA,TZA.27_1,TZA.27.9_1,PIGE,0.24744427682880826,0.2344428592742934,0.23311735032455505,0.22771107262265944,0.21077686504668117,0.1887487898270122,4.280887715767842,3.1403230182236057,1.559021471760543,5.383228172312182,4.370148116357707,4.651182029055688,0.0578,0.07466,0.1495,0.0423,0.04823,0.04058
TZA,TZA.28_1,TZA.28.1_1,PIGE,0.8186453003403471,0.7961703745352684,0.747458677932958,0.684820112156945,0.6159926236029277,0.5454437709980118,578.3233045491777,424.2395750212229,210.61483254763687,727.2431590033898,590.3818711974867,628.3479361524817,0.001416,0.001877,0.003549,9.417e-4,0.001043,8.681e-4
TZA,TZA.28_1,TZA.28.2_1,PIGE,1.808692426057514,1.7101718571729276,1.575385386032937,1.4372423887970611,1.3326671158378232,1.1802629276434349,683.3953853332711,501.31711028186345,248.8801739677349,859.3715919256114,697.644800386002,742.5086911983087,0.002647,0.003411,0.00633,0.001672,0.00191,0.00159
TZA,TZA.29_1,TZA.29.1_1,PIGE,4.411448699829981,4.4349423566224315,4.284882924159245,4.147487975268598,3.8965884018449692,3.6174454695692684,177.02910201690918,129.8629164954495,64.47078024361257,222.61458663968256,180.72031972950907,192.34201702793925,0.02492,0.03415,0.06646,0.01863,0.02156,0.01881
TZA,TZA.29_1,TZA.29.2_1,PIGE,3.18568715174249,3.162461081812595,3.078361294376937,2.9909196519749797,2.8184430995017267,2.570083962904585,81.72936345643845,59.9540605518969,29.764348182408398,102.77490115970639,83.43349498392652,88.79890616018263,0.03898,0.05275,0.1034,0.0291,0.03378,0.02894
TZA,TZA.2_1,TZA.2.1_1,PIGE,0.12414560955804324,0.12395192687311499,0.11686213333678813,0.11138961035763369,0.1014976503322851,0.09225997568519945,48.825300946618256,35.816687242136304,17.781286872013883,61.39795131961599,49.84335285799248,53.04866126006613,0.002543,0.003461,0.006572,0.001814,0.002036,0.001739
TZA,TZA.2_1,TZA.2.2_1,PIGE,0.004317931037815194,0.005692587780325943,0.005359134058377997,0.005593804555232554,0.005268438980845582,0.004890783388164115,23.131216306890188,16.96832428948851,8.423968411400189,29.08756864246871,23.613523195267312,25.132053148819875,1.867e-4,3.355e-4,6.362e-4,1.923e-4,2.231e-4,1.946e-4
TZA,TZA.2_1,TZA.2.3_1,PIGE,0.11463140877900105,0.10933429879575288,0.10294186004624752,0.09769166417487268,0.09280957124275958,0.08431058379486141,234.93120633387858,172.3380578826954,85.55767387031977,295.4266433650153,239.82973555976392,255.25261990398084,4.879e-4,6.344e-4,0.001203,3.307e-4,3.87e-4,3.303e-4
TZA,TZA.30_1,TZA.30.3_1,PIGE,0.1878526643717291,0.17604801516398194,0.16114922307225796,0.14809154736395372,0.1331297203885018,0.11719120099677868,21.899131775484914,16.064506279939238,7.975265626599324,27.538218927992204,22.35574858130539,23.793394017527568,0.008578,0.01096,0.02021,0.005378,0.005955,0.004925
TZA,TZA.30_1,TZA.30.4_1,PIGE,0.018291548230033476,0.017518493902566577,0.0161862961227334,0.014936422699508114,0.014232334274689328,0.012807004921562134,4.8598260281849015,3.5650137434482745,1.7698602789917013,6.111244705414683,4.96115781889622,5.2801981709011825,0.003764,0.004914,0.009146,0.002444,0.002869,0.002425
TZA,TZA.31_1,TZA.31.1_1,PIGE,0.022500429379627276,0.02366468458437394,0.02441131240119327,0.024352204753006087,0.02316927145052314,0.021524368024821376,1.0861620106286003,0.7967738912968031,0.395560455870743,1.3658517399964945,1.1088094759702165,1.1801143968039345,0.02072,0.0297,0.06171,0.01783,0.0209,0.01824
TZA,TZA.31_1,TZA.31.2_1,PIGE,0.062239182722241625,0.053058488774672535,0.04478484219771415,0.03675138214614072,0.029265297134649773,0.022391075680782295,0.41526240331780695,0.41268582228961065,0.41974375443336226,0.44660052300700526,0.4638649575591695,0.4524360685228219,0.1499,0.1286,0.1067,0.08229,0.06309,0.04949
TZA,TZA.31_1,TZA.31.8_1,PIGE,0.001345186934544918,8.655074272728428e-4,4.7278385401100146e-4,2.325020144104877e-4,7.897307127615512e-5,7.749592884907974e-6,0.07165269817796106,0.05256213952477384,0.026094609900082905,0.09010346663217643,0.07314672207378808,0.07785061515889509,0.01877,0.01647,0.01812,0.00258,0.00108,9.954e-5
TZA,TZA.31_1,TZA.31.9_1,PIGE,0.017759717336023318,0.01203211184621487,0.006803537503458509,0.003182355168853641,0.001012218196505825,6.313505781877713e-5,1.3043313031330528,0.9568159425278533,0.47501374548645536,1.6402002302447907,1.331527796559107,1.417155207019741,0.01362,0.01258,0.01432,0.00194,7.602e-4,4.455e-5
TZA,TZA.3_1,TZA.3.1_1,PIGE,0.8354318935724847,0.7931539550479435,0.7322989081686336,0.6863445005893166,0.6221155860895515,0.5473773149956609,516.9876868428096,379.2457174596674,188.27751577202682,650.113449670692,527.7673501022884,561.706822963247,0.001616,0.002091,0.003889,0.001056,0.001179,9.745e-4
TZA,TZA.3_1,TZA.3.2_1,PIGE,3.693349718472096,3.488222553254425,3.453629830659898,3.8796935444712535,3.9850718960031117,3.831890391095731,974.7878135739385,715.0733240619548,354.99999828883614,1225.7983783899836,995.113025657695,1059.1063960724236,0.003789,0.004878,0.009729,0.003165,0.004005,0.003618
TZA,TZA.3_1,TZA.3.3_1,PIGE,31.367840185779563,26.069284930917174,21.239649649413497,16.995447732998354,13.134791688676675,9.568008702071975,1059.2756876455821,777.050940230374,385.7689458825638,1332.042114296908,1081.3625487108905,1150.902422421754,0.02961,0.03355,0.05506,0.01276,0.01215,0.008313
TZA,TZA.3_1,TZA.3.4_1,PIGE,0.44874343366906755,0.4384842274063703,0.4216673078062474,0.4332180908652694,0.46183383692188035,0.4409270678771905,132.27347189367694,97.03161027982297,48.17159349146089,166.33425766456173,135.03149403127094,143.71505076542806,0.003393,0.004519,0.008753,0.002605,0.00342,0.003068
TZA,TZA.3_1,TZA.3.5_1,PIGE,27.870052177820476,24.269190455977604,20.6970000853779,17.17723742636591,13.699371117807141,10.264371851717382,522.51382933023865,383.2995197566389,190.29003639063055,657.0625891711201,533.4087176843464,567.7109735820213,0.05334,0.06332,0.1088,0.02614,0.02568,0.01808
TZA,TZA.3_1,TZA.3.6_1,PIGE,1.319068250257625,1.1425268697911766,0.973484756180487,0.8248997205143402,0.6799819204671174,0.5443754681267576,422.962552460949,310.2718705859557,154.03527137805105,531.876582479448,431.78170619117117,459.54856879889667,0.003119,0.003682,0.00632,0.001551,0.001575,0.001185
TZA,TZA.3_1,TZA.3.7_1,PIGE,2.9568451679006618,3.2175142837897157,3.586057405756321,4.695483885667018,5.722834183500604,5.7619159221750795,640.8663248859103,470.1191447350575,233.39186340845063,805.8911804915695,654.2289703655316,696.3008916017928,0.004614,0.006844,0.01536,0.005826,0.008747,0.008275
TZA,TZA.4_1,TZA.4.1_1,PIGE,0.035021567382891985,0.03294215682238806,0.03052742272025943,0.028104131878281827,0.026230197911821906,0.023409772787566712,8.338272044920245,6.116691063497517,3.0366470738136817,10.485400216241514,8.512132597304147,9.059527757726807,0.0042,0.005386,0.01005,0.00268,0.003082,0.002584
TZA,TZA.4_1,TZA.4.2_1,PIGE,0.029479485288331803,0.027607315529895232,0.025291525459538524,0.02308392545025339,0.02084888726025893,0.018720104852698923,7.914231733832927,5.805628583475577,2.8822193023395184,9.952168349301077,8.079250660239467,8.598808204803248,0.003725,0.004755,0.008775,0.002319,0.002581,0.002177
TZA,TZA.4_1,TZA.4.3_1,PIGE,0.04404196962905964,0.043898627566645455,0.04339041598210802,0.04252425822839176,0.04149483966692463,0.03815378910932306,15.18830278972624,11.141655662363497,5.531303725058483,19.099332871102117,15.504992710440026,16.502082203004026,0.0029,0.00394,0.007845,0.002226,0.002676,0.002312
TZA,TZA.4_1,TZA.4.4_1,PIGE,0.010704826360554594,0.010423535872442487,0.010090690762882465,0.01016301100489698,0.00973255422596552,0.008830519895301172,4.4613684910617195,3.272717972409071,1.6247492886539316,5.610183247668202,4.554392079889895,4.847274287104169,0.002399,0.003185,0.006211,0.001812,0.002137,0.001822
TZA,TZA.4_1,TZA.4.5_1,PIGE,0.005196707951750761,0.004852255105950341,0.004587842227005809,0.004320048463376757,0.004157553382626949,0.0037747235113455777,2.67086761445063,1.9592634998096132,0.9726814239535656,3.358623430759143,2.7265576322733933,2.9018961194807718,0.001946,0.002477,0.004717,0.001286,0.001525,0.001301
TZA,TZA.4_1,TZA.4.6_1,PIGE,1.5682039893077496e-5,1.3495506541524463e-5,1.1891241612364683e-5,1.0419393523346045e-5,9.198642599482988e-6,7.880731632018443e-6,0.20531608222294206,0.15061334513431593,0.07477238412591872,0.25818554268085037,0.20959710918827426,0.22307580467341953,7.638e-5,8.96e-5,1.59e-4,4.036e-5,4.389e-5,3.533e-5
TZA,TZA.5_1,TZA.5.1_1,PIGE,0.016353416871694313,0.01522217690627959,0.01401220092909514,0.012839657054909373,0.011874506489471083,0.010649957327170207,3.398232017625334,2.4928348825657483,1.2375743147824627,4.273286184534451,3.469088244494657,3.6921771231520375,0.004812,0.006106,0.01132,0.003005,0.003423,0.002884
TZA,TZA.5_1,TZA.5.3_1,PIGE,2.251759044295328,2.79317693153552,2.8324838867388253,2.759499440236464,2.5752695966428183,2.367426220732871,40.994322133550966,30.07213035237783,14.929386769727742,51.550473749015346,41.84909101760109,44.54030730555898,0.05493,0.09288,0.1897,0.05353,0.06154,0.05315
TZA,TZA.5_1,TZA.5.5_1,PIGE,0.0681981742175422,0.0677529148958384,0.06695599620715166,0.06529891663284634,0.06055448142590588,0.05499668185158746,2.117640485929714,1.5534336810080314,0.7712061624213121,2.662938782696145,2.1617952151890636,2.300815164078738,0.0322,0.04361,0.08682,0.02452,0.02801,0.0239
TZA,TZA.6_1,TZA.6.1_1,PIGE,0.08800430940154641,0.0833585311955516,0.07839647011715623,0.0736310292592079,0.06804060358565132,0.0615368929313413,13.332535563665695,9.780323872464493,4.855467042549525,16.765700438794585,13.610531050655004,14.485792184424284,0.006601,0.008523,0.01615,0.004392,0.004999,0.004248
TZA,TZA.6_1,TZA.6.2_1,PIGE,0.02775570711097277,0.030060854503666235,0.03044029851737519,0.030354749917064786,0.032870750005509965,0.03047123151315973,6.1030888777316115,4.477031811512346,2.2226340040175305,7.6746511859484805,6.230343829094933,6.631002538393688,0.004548,0.006714,0.0137,0.003955,0.005276,0.004595
TZA,TZA.6_1,TZA.6.4_1,PIGE,0.8358787536730039,0.5303262061297667,0.33880619932884243,0.2287955374987248,0.1487784087196538,0.10475726176126933,13.158944748091477,9.652983173503378,4.7922484237140415,16.547409506890016,13.43332070876623,14.297185863629181,0.06352,0.05494,0.0707,0.01383,0.01108,0.007327
TZA,TZA.6_1,TZA.6.5_1,PIGE,0.0695991707865537,0.061119171889139345,0.05308034547564596,0.04733767574150488,0.04481569821391671,0.041055207691186646,0.9591028318315133,0.7035673205233126,0.3492878131197311,1.2060744703587072,0.9791009977868659,1.0420646724743665,0.07257,0.08687,0.152,0.03925,0.04577,0.0394
TZA,TZA.6_1,TZA.6.6_1,PIGE,1.6866549771753214e-4,1.8281945676685673e-4,1.9285758104444886e-4,1.8502405556643144e-4,1.7948453578189643e-4,1.6581408025357364e-4,0.20318184740960687,0.14904773838272456,0.07399513461117137,0.2555017364854303,0.2074183736388676,0.2207569597822054,8.301e-4,0.001227,0.002606,7.242e-4,8.653e-4,7.511e-4
TZA,TZA.6_1,TZA.6.7_1,PIGE,0.03961609372310242,0.03840246668860289,0.0364294591551802,0.034859424354385174,0.03368182437828679,0.030695121640165048,4.029117832775689,2.955632642920475,1.467331458009037,5.066626846360329,4.113128602423457,4.377634196694355,0.009832,0.01299,0.02483,0.00688,0.008189,0.007012
TZA,TZA.6_1,TZA.6.8_1,PIGE,0.1987643938585585,0.18782477276723658,0.17663512819031316,0.16643528778522182,0.15570315020653797,0.1421810345012974,18.403390825754926,13.50014194733845,6.702180331634021,23.142314990970473,18.787118254827217,19.995273495998816,0.0108,0.01391,0.02635,0.007192,0.008288,0.007111
TZA,TZA.6_1,TZA.6.9_1,PIGE,0.2157284290956655,0.20802646423334462,0.19307873077012955,0.1869209203437242,0.17701123948432776,0.16009781087252883,51.42485429382075,37.87105530546484,19.239261795438235,64.42440819380623,52.44070309304602,55.764231135793175,0.004195,0.005493,0.01004,0.002901,0.003375,0.002871
TZA,TZA.7_1,TZA.7.3_1,PIGE,0.032251392432449864,0.02213967959865971,0.013813170576287462,0.007835137299269747,0.004092750541412924,0.0022668679571701913,1.0267952568641692,0.7532243296773815,0.3739401635452601,1.2911978825299049,1.0482048714200207,1.1156124531497151,0.03141,0.02939,0.03694,0.006068,0.003905,0.002032
TZA,TZA.7_1,TZA.7.5_1,PIGE,0.08312949009778382,0.0720071546696161,0.061045775198327976,0.05004013778646799,0.03904553828297229,0.028265793982355857,1.5517464637869336,1.1383118320829742,0.5651178485391324,1.9513254807818097,1.584101788235495,1.685971636077341,0.05357,0.06326,0.108,0.02564,0.02465,0.01677
TZA,TZA.8_1,TZA.8.1_1,PIGE,0.3052878120495699,0.2865594516971442,0.2654138196622533,0.25690793060008554,0.23923454229224342,0.21460797748089303,501.94119458426877,368.33196392221896,183.2274682703143,630.9886828210765,512.3597271945141,545.2673577155599,6.082e-4,7.78e-4,0.001449,4.072e-4,4.669e-4,3.936e-4
TZA,TZA.8_1,TZA.8.2_1,PIGE,1.6504799410500195,1.599944739631792,1.5116155030968068,1.4535006126033814,1.387976634418456,1.2581047617546084,698.8092037899727,514.4933484203178,260.9760478073403,875.6799433611039,712.6648246274751,757.875747091119,0.002362,0.00311,0.005792,0.00166,0.001948,0.00166
TZA,TZA.8_1,TZA.8.3_1,PIGE,0.21672461122551975,0.22432742126632088,0.23958041432876417,0.23983128145475854,0.24078246611780538,0.22361212866645933,35.09771744114539,25.746568769269313,12.78195055174804,44.135476998638694,35.829536756809134,38.133649715185115,0.006175,0.008713,0.01874,0.005434,0.00672,0.005864
TZA,TZA.8_1,TZA.8.4_1,PIGE,5.022528020319837,4.6821509658163745,4.285511786001289,3.8810022390717314,3.4511591332221223,3.0039979220187396,360.8940824345116,265.12282438100164,132.75730172203245,453.1962853867662,368.27273261486425,391.828868640502,0.01392,0.01766,0.03228,0.008564,0.009371,0.007667
TZA,TZA.8_1,TZA.8.5_1,PIGE,1.7914487270818982,1.6662459794014897,1.5587888360796647,1.4535730991801032,1.3432431627252472,1.2070620938440482,1229.1873174020411,904.1194879779905,456.06404510423306,1541.7146441788236,1253.8884397912275,1333.7195457140563,0.001457,0.001843,0.003418,9.428e-4,0.001071,9.05e-4
TZA,TZA.8_1,TZA.8.6_1,PIGE,0.054616141054764714,0.05296480593840807,0.049281339416446655,0.046800999864300245,0.04289800428966693,0.038637941180265443,503.36384962675953,369.46146836586394,184.04345010496183,632.6363950253967,513.779182132019,546.7496565270473,1.085e-4,1.434e-4,2.678e-4,7.398e-5,8.35e-5,7.067e-5
TZA,TZA.8_1,TZA.8.7_1,PIGE,0,0,0,0,0,0,15.171689414665348,11.129468619026214,5.525253435922671,19.078441505898688,15.488032931406046,16.484031780602013,0,0,0,0,0,0
TZA,TZA.8_1,TZA.8.8_1,PIGE,0,0,0,0,0,0,0.24559211119234664,0.18015855847625847,0.089440181585140055,0.3088327607843206,0.25071292997626277,0.2668356868712688,0,0,0,0,0,0
TZA,TZA.8_1,TZA.8.9_1,PIGE,13.683414286134651,11.974392582353051,10.24590837698017,8.510957048634696,6.765215423152651,5.011225278881927,135.0084433947833,99.03789835121412,49.16762038540927,169.77349191053307,137.82349217451312,146.68659572071167,0.1014,0.1209,0.2084,0.05013,0.04909,0.03416
TZA,TZA.9_1,TZA.9.1_1,PIGE,0.0028303391188044267,0.0024460327103384316,0.0021492320373595994,0.0018665797991675192,0.0016989172941767193,0.0014288581567843501,3.8605110339793622,2.8319480600852702,1.405927927465575,4.854603329373279,3.941006198593318,4.194443007247933,7.332e-4,8.637e-4,0.001529,3.845e-4,4.311e-4,3.407e-4
TZA,TZA.9_1,TZA.9.2_1,PIGE,0.00430133514526483,0.0038612982421772747,0.0034079344659463475,0.002982222603907189,0.002676196384617986,0.002263481447259767,16.46151011515652,12.075640045156977,5.994982683756092,20.700394613087372,16.80474756606673,17.88542122623771,2.613e-4,3.198e-4,5.685e-4,1.441e-4,1.593e-4,1.266e-4
TZA,TZA.9_1,TZA.9.3_1,PIGE,0,0,0,0,0,0,0.005682985658992884,0.004168857457166212,0.0020696400499932268,0.007146370223552879,0.005801481076333486,0.006174560634031443,0,0,0,0,0,0
TZA,TZA.9_1,TZA.9.4_1,PIGE,0.11026042952477237,0.09572900044691036,0.08119757136904833,0.06666634353235885,0.052135316936842035,0.03760429034132521,1.2433061054053778,0.9120497991856678,0.4527894780230858,1.5634608748960095,1.2692301679813578,1.3508513649579503,0.08868,0.105,0.1793,0.04264,0.04108,0.02784
TZA,TZA.9_1,TZA.9.5_1,PIGE,0,0,0,0,0,0,0.25376217607825813,0.18645975988508964,0.09509785473800499,0.31976468234071054,0.25836692481621154,0.27549090562750544,0,0,0,0,0,0
TZA,TZA.9_1,TZA.9.6_1,PIGE,0.0628537137940907,0.05588947032683158,0.04897194854448903,0.04216685785706556,0.03612690357921185,0.02982042215693404,15.425359784133942,11.315553130738438,5.617635572294597,19.397432698864197,15.746992558687486,16.759644490421625,0.004075,0.004939,0.008718,0.002174,0.002294,0.001779
TZA,TZA.9_1,TZA.9.7_1,PIGE,0.0017582599729015478,0.0014117983280596774,0.0011513344568455618,9.087329788241512e-4,6.697378181982675e-4,4.317528429449586e-4,0.3450722806098852,0.2531340454828469,0.12566905055665456,0.4339293496582542,0.3522673513626747,0.37492083344916227,0.005095,0.005577,0.009162,0.002094,0.001901,0.001152
UGA,UGA.10_1,UGA.10.1_1,PIGE,0.01420901111810824,0.01223031498650487,0.01025161885490151,0.00827292272329814,0.00629422659169478,0.00431553046009141,0.020654360315494627,0.020704978314466233,0.02061500944586222,0.020658121121217073,0.020659374723124554,0.02064893040762765,0.6879,0.5907,0.4973,0.4005,0.3047,0.209
UGA,UGA.10_1,UGA.10.2_1,PIGE,0.21752797496300752,0.18682148408265972,0.1561590490468477,0.12545623636289643,0.09466897945137913,0.06385731932052809,1.5087663174949426,1.512463877271222,1.5058918025858088,1.5090410380340442,1.509132611547078,1.5083696718486164,0.1442,0.1235,0.1037,0.08314,0.06273,0.04234
UGA,UGA.10_1,UGA.10.3_1,PIGE,1.08148307829278e-4,1.3564037333106655e-4,1.3194695073629248e-4,1.2233667625512678e-4,1.1948564153106262e-4,1.0952873937004556e-4,0.36983445664917397,0.3707408163650102,0.369129844777062,0.3699017971777441,0.3699242440206008,0.36973722938118,2.924e-4,3.659e-4,3.575e-4,3.307e-4,3.23e-4,2.962e-4
UGA,UGA.10_1,UGA.10.4_1,PIGE,0.0010313198228642912,0.0010653555247778605,0.0010828516856339297,0.0010690651212574244,0.001083348481147008,9.974199062503515e-4,0.9142085014182618,0.9164489680450547,0.9124667433097251,0.9143749631489145,0.9144304503924654,0.9139681614678551,0.001128,0.001162,0.001187,0.001169,0.001185,0.001091
UGA,UGA.11_1,UGA.11.1_1,PIGE,1.028096727751081e-4,1.0260861693455955e-4,1.0671718112741148e-4,1.0697910459745462e-4,1.0158228072133012e-4,9.366604400496476e-5,0.0684154162108785,0.0685830830577092,0.06828507055586726,0.06842787348793086,0.06843202591361497,0.06839743020690493,0.001503,0.001496,0.001563,0.001563,0.001484,0.001369
UGA,UGA.11_1,UGA.11.2_1,PIGE,1.3968315819587608e-5,1.314665564969911e-5,1.2324995479810616e-5,1.2475487004367982e-5,1.195341554173499e-5,1.1063981303397782e-5,0.014473979215163047,0.014509450847004316,0.014446403262170166,0.014476614679201994,0.014477493167214974,0.01447017409254456,9.651e-4,9.061e-4,8.532e-4,8.618e-4,8.257e-4,7.646e-4
UGA,UGA.11_1,UGA.11.3_1,PIGE,1.1293937467107916e-5,1.1436553747613717e-5,1.2072731759052813e-5,1.1637845244151528e-5,1.0844898682340945e-5,9.87780529528392e-6,0.00597014719744809,0.005984778340707175,0.00595877282029651,0.005971234259133906,0.005971596613029178,0.005968577681436011,0.001892,0.001911,0.002026,0.001949,0.001816,0.001655
UGA,UGA.14_1,UGA.14.1_1,PIGE,0.10905463128796984,0.0907251269282268,0.07327056822678181,0.05677533118029625,0.04200992358529954,0.028659126524699992,21.908748444087873,21.9624405937973,21.867007703117757,21.91273765243234,21.91406738854716,21.902988765079904,0.004978,0.004131,0.003351,0.002591,0.001917,0.001308
UGA,UGA.14_1,UGA.14.2_1,PIGE,0.03624937271083852,0.031606487883695404,0.026906805904526068,0.022241505053178106,0.017620347022993588,0.012914784622718287,8.292616508898158,8.31293936797041,8.276817342709098,8.294126452519956,8.294629767060556,8.290436429586492,0.004371,0.003802,0.003251,0.002682,0.002124,0.001558
UGA,UGA.17_1,UGA.17.1_1,PIGE,0.01010312848180486,0.010002100878400654,0.009436752480764646,0.008899997488872107,0.008276298645799405,0.007532748746455362,3.2613760387067776,3.269368749517067,3.2551624362828315,3.2619698794978773,3.262167826428244,3.2605186424408443,0.003098,0.003059,0.002899,0.002728,0.002537,0.00231
UGA,UGA.17_1,UGA.17.2_1,PIGE,0.005314980804047079,0.005642425406652576,0.005846109905444476,0.005720126578657717,0.005489110720851897,0.005042348172969029,2.6761818931783696,2.682740458548952,2.6710832078072198,2.676669180125263,2.676831609107561,2.67547834095534,0.001986,0.002103,0.002189,0.002137,0.002051,0.001885
UGA,UGA.17_1,UGA.17.3_1,PIGE,0.07581588261621357,0.06710151110067632,0.05833140383438174,0.04951026697222858,0.04065060508325704,0.031775681298317676,1.1959394357085849,1.1988703452212548,1.1936609213366087,1.1961571958233892,1.1962297825283237,1.1956250303795797,0.06339,0.05597,0.04887,0.04139,0.03398,0.02658
UGA,UGA.17_1,UGA.17.4_1,PIGE,0.0013161017179198569,0.001362506707807603,0.0014311228304128244,0.0013926341892138909,0.001350406660276071,0.0012447608670685553,0.6907241137885471,0.6924168833513588,0.6894081401084878,0.6908498828348932,0.6908918058503419,0.6905425265477864,0.001905,0.001968,0.002076,0.002016,0.001955,0.001803
UGA,UGA.1_1,UGA.1.1_1,PIGE,0.10293720532607425,0.06473265380937045,0.0346999500334023,0.014452661016869936,0.004001723088715107,0,38.37282362882941,38.466864573081004,38.29971538645442,38.37981066364846,38.38213967525481,38.36273564286821,0.002683,0.001683,9.06e-4,3.766e-4,1.043e-4,0
UGA,UGA.20_1,UGA.20.1_1,PIGE,0,0,0,0,0,0,0.015705714195126133,0.01574420446124107,0.015675791529774323,0.015708573937036212,0.015709527184339572,0.01570158525674402,0,0,0,0,0,0
UGA,UGA.20_1,UGA.20.2_1,PIGE,0,0,0,0,0,0,4.7470244308268287e-4,4.7586580459128174e-4,4.7379803579692846e-4,4.74788878277825e-4,4.748176900095389e-4,4.745776466478964e-4,0,0,0,0,0,0
UGA,UGA.22_1,UGA.22.1_1,PIGE,0.08207089709005136,0.07633132409783011,0.0696610398681599,0.06448061149447779,0.05844886891989866,0.05223632619693489,14.807109102374966,14.843397141407296,14.778898467379735,14.809805223668217,14.810703930765966,14.803216401900391,0.005543,0.005142,0.004714,0.004354,0.003946,0.003529
UGA,UGA.22_1,UGA.22.2_1,PIGE,0.01163542932760711,0.0107295315207712,0.009823633713935296,0.008917735907099386,0.008011838100263475,0.007105940293427574,1.9276801240450399,1.932404323150993,1.9240074908530365,1.9280311216228303,1.9281481208154272,1.927173348462999,0.006036,0.005552,0.005106,0.004625,0.004155,0.003687
UGA,UGA.22_1,UGA.22.3_1,PIGE,0.004364679867545124,0.0038230947096977567,0.0032815095518503893,0.002739924394003022,0.0021983392361556546,0.0016567540783082935,4.5723061477368026,4.583511577696808,4.563594949694805,4.573138686477413,4.57341619939095,4.571104115781196,9.546e-4,0.00083410000000000005,7.191e-4,5.991e-4,4.807e-4,3.624e-4
UGA,UGA.23_1,UGA.23.1_1,PIGE,0.0011584955475550593,0.0011107742508993442,0.001047333537852669,9.824757446975653e-4,9.204624233504079e-4,8.345961829596121e-4,0.30164559384088424,0.30238484192824194,0.3010708959922407,0.3017005183439015,0.30171882651157383,0.3015662930173285,0.003841,0.003673,0.003479,0.003256,0.003051,0.002768
UGA,UGA.23_1,UGA.23.2_1,PIGE,1.3504324747647825e-4,1.2915337158076192e-4,1.3597787852072054e-4,1.372593300719891e-4,1.3168186410513074e-4,1.2057293969135377e-4,0.13973165896119305,0.14007410176075494,0.13946544097083596,0.1397571017061922,0.13976558262119193,0.13969492434328817,9.664e-4,9.22e-4,9.75e-4,9.821e-4,9.422e-4,8.631e-4
UGA,UGA.24_1,UGA.24.1_1,PIGE,0.332071456631369,0.2948904551994373,0.25824142401967787,0.22125675623202568,0.1839571511926998,0.1457506637728091,40.30820624528524,40.406990265274494,40.2314106948617,40.3155456801742,40.31799215847052,40.29760945880278,0.008238,0.007298,0.006419,0.005488,0.004563,0.003617
UGA,UGA.24_1,UGA.24.2_1,PIGE,0.19122320962866493,0.1681114038688654,0.14584125517452126,0.12259528199813617,0.09907956605996202,0.0753424925117595,28.316969806146716,28.38636669506664,28.2630200652588,28.322125841989152,28.323844520603295,28.30952544404735,0.006753,0.005922,0.00516,0.004329,0.003498,0.002661
UGA,UGA.24_1,UGA.24.3_1,PIGE,0.23940980860825672,0.21442948759098981,0.1905642185520558,0.1654867777242852,0.13985964673601467,0.11363991913917051,23.65936605770398,23.71734847635479,23.61429002460003,23.663674023571726,23.665110012194305,23.653146151789585,0.01012,0.009041,0.00807,0.006993,0.00591,0.004804
UGA,UGA.25_1,UGA.25.1_1,PIGE,0.053191395871466,0.04729443312314455,0.04149582684653781,0.035790894913308675,0.030046176948572857,0.02394691854326629,2.6036032385189345,2.6099839341220297,2.5986428306414453,2.604077310134266,2.6042353340060425,2.602918766790381,0.02043,0.01812,0.01597,0.01374,0.01154,0.0092
UGA,UGA.27_1,UGA.27.1_1,PIGE,0.22017276512973297,0.1530314001268466,0.09455314877774544,0.04147714282167248,0.010099891572395391,0.003210461287492605,94.81400499825095,95.04636732437416,94.63336451880633,94.83126900677597,94.83702367628429,94.78907896308087,0.002322,0.00161,9.992e-4,4.374e-4,1.065e-4,3.387e-5
UGA,UGA.27_1,UGA.27.2_1,PIGE,0.0619166928847886,0.043324395114884076,0.0289877462192456,0.018770263822664335,0.012160859514759158,0.007800419352612787,47.30000147059474,47.41592040438032,47.209885090176705,47.30861399180019,47.311484832202005,47.28756658294051,0.001309,9.137e-4,6.14e-4,3.968e-4,2.57e-4,1.65e-4
UGA,UGA.28_1,UGA.28.1_1,PIGE,3.44122054576216e-5,3.1428033430435786e-5,2.8504131343621712e-5,4.4848496331166536e-5,4.0869868010582e-5,3.6891239689997454e-5,0.06030328930026168,0.060451075617008326,0.0601883989410633,0.060314269497760836,0.06031792956359388,0.06028743592596325,5.707e-4,5.199e-4,4.736e-4,7.436e-4,6.776e-4,6.119e-4
UGA,UGA.28_1,UGA.28.2_1,PIGE,3.719946024375506e-5,3.389105866019093e-5,3.058265707662682e-5,2.727425549306269e-5,2.3965853909498566e-5,2.0657452325934445e-5,0.051495266966735634,0.05162146731041848,0.051397157729453954,0.05150464337402829,0.05150776884312584,0.05148172916885937,7.224e-4,6.565e-4,5.95e-4,5.295e-4,4.653e-4,4.013e-4
UGA,UGA.29_1,UGA.29.1_1,PIGE,0.06403395036433815,0.05588506107290496,0.04766651070963612,0.03943057040540762,0.03115609710165148,0.02284142398704597,12.962440435850743,12.994207713395483,12.93774427988573,12.964800674532714,12.965587420760038,12.959032687742221,0.00494,0.004301,0.003684,0.003041,0.002403,0.001763
UGA,UGA.29_1,UGA.29.2_1,PIGE,0.026613649162301238,0.02304615547973295,0.019489730027743315,0.015923843217738414,0.012358733543088803,0.008790403664331254,9.57020851191203,9.593662387859503,9.551975266158845,9.57195108318448,9.572531940275296,9.567692561299488,0.002781,0.002402,0.00204,0.001664,0.001291,9.188e-4
UGA,UGA.29_1,UGA.29.3_1,PIGE,0.0021876452640331536,0.00192070001380045,0.0016537547635677465,0.001386809513335043,0.0011198642631023398,8.529190128696364e-4,3.3044657041506786,3.3125640155512466,3.298170006915686,3.305067390832811,3.3052679530601883,3.3035969798692655,6.62e-4,5.798e-4,5.014e-4,4.196e-4,3.388e-4,2.582e-4
UGA,UGA.2_1,UGA.2.1_1,PIGE,0.019696900747975817,0.015681530646893645,0.012307579097101638,0.009730875535729312,0.008179866792507413,0.007280058176354211,51.48826325395694,51.61444643351943,51.39016736021068,51.49763838599329,51.500763430005414,51.47472729731489,3.826e-4,3.038e-4,2.395e-4,1.89e-4,1.588e-4,1.414e-4
UGA,UGA.2_1,UGA.2.2_1,PIGE,0.05561545944201862,0.036283405217611225,0.02273704503483833,0.014130082911961507,0.009479245395881243,0.007096477798577789,91.10530077863636,91.32857411901966,90.93172615521546,91.12188949556004,91.12741906786792,91.08134973963709,6.105e-4,3.973e-4,2.5e-4,1.551e-4,1.04e-4,7.791e-5
UGA,UGA.2_1,UGA.2.3_1,PIGE,0.1189251232343678,0.099042430767295,0.08532798613421698,0.07241226549760495,0.06239507444893611,0.05328981604445128,101.22893204390249,101.47701554297124,101.0360697888125,101.24736410091575,101.25350811992017,101.20231956275687,0.001175,9.76e-4,8.445e-4,7.152e-4,6.162e-4,5.266e-4
UGA,UGA.2_1,UGA.2.4_1,PIGE,0.15490477281227674,0.13197525340630603,0.1102991320340399,0.08864789337207378,0.07056077428883759,0.05719020171078114,199.54064758440595,200.0296653094741,199.1604809808646,199.57698052320595,199.58909150280593,199.488189540896,7.763e-4,6.598e-4,5.538e-4,4.442e-4,3.535e-4,2.867e-4
UGA,UGA.30_1,UGA.30.1_1,PIGE,0.009223753793686219,0.008047887698767266,0.006871477494302803,0.005693673367982,0.00451549407743639,0.003336349626652732,1.1449075223786076,1.147713367096387,1.1427262344584734,1.1451159904548909,1.1451854798136518,1.1446065330345774,0.008056,0.007012,0.006013,0.004972,0.003943,0.002915
UGA,UGA.30_1,UGA.30.2_1,PIGE,0.004758845543754828,0.004081783745783408,0.003404921702340337,0.002728120227454992,0.0020510343104355616,0.0013739483934161326,0.4855043666551313,0.4866942006251344,0.4845793794492153,0.48559276869578993,0.4856222360426761,0.48537673045920543,0.009802,0.008387,0.007027,0.005618,0.004224,0.002831
UGA,UGA.31_1,UGA.31.1_1,PIGE,0,0,0,0,0,0,0.31754348916514674,0.318321698500245,0.31693850250596733,0.3176013084029704,0.317620581482245,0.3174600088799388,0,0,0,0,0,0
UGA,UGA.32_1,UGA.32.1_1,PIGE,0.31545680620739136,0.27611579968023897,0.23677443116185992,0.19743306264348082,0.1580916941251018,0.11875032560672269,0.49959540446323925,0.5008197715839371,0.49864357088768013,0.4996863722408568,0.499716694833396,0.4994640638177018,0.6314,0.5513,0.4748,0.3951,0.3164,0.2378
UGA,UGA.33_1,UGA.33.1_1,PIGE,0.14165234751535688,0.08166618807777898,0.045886670879275476,0.019038122265072868,0.005049257453897606,0.0025180293318305493,68.65006937483861,68.81831129024711,68.51927665654762,68.66256937821841,68.66673604601166,68.63202168195086,0.002063,0.001187,6.697e-4,2.773e-4,7.353e-5,3.669e-5
UGA,UGA.33_1,UGA.33.2_1,PIGE,0.10835439735428806,0.06523879210311688,0.034169518762273865,0.012823378647453148,0.002315720420602633,0,86.60443624936586,86.81667924300233,86.4394367127847,86.62020543584565,86.62546183133891,86.58166846074775,0.001251,7.515e-4,3.953e-4,1.48e-4,2.673e-5,0
UGA,UGA.33_1,UGA.33.3_1,PIGE,0.10396926602596475,0.09035581614199846,0.07674236625803216,0.06312891637406584,0.04951546649009955,0.03590201660613324,88.1393239063106,88.35532847574287,87.97140008821373,88.15537256957859,88.16072212400125,88.11615260490214,0.00118,0.001023,8.724e-4,7.161e-4,5.616e-4,4.074e-4
UGA,UGA.33_1,UGA.33.4_1,PIGE,0.00202344971114807,0.0013234706844644,7.301108783419305e-4,2.4337029278064353e-4,0,0,0.27638702425497347,0.27706437072786366,0.27586044925611536,0.2764373496045147,0.2764541247210284,0.27631436375838053,0.007321,0.004777,0.002647,8.804e-4,0,0
UGA,UGA.33_1,UGA.33.5_1,PIGE,0.21527239293164288,0.1102161710389253,0.04777102518910673,0.018857879719679078,0.005357323934690553,6.318693097626536e-4,97.51815341677661,97.75714284631903,97.33236096988983,97.53590980447443,97.54182860037369,97.49251647715116,0.002208,0.001127,4.908e-4,1.933e-4,5.492e-5,6.481e-6
UGA,UGA.33_1,UGA.33.6_1,PIGE,0.016575718131043447,0.01095847510267619,0.006718959652791101,0.0030416833840321246,0.001041635103823606,7.290161750452035e-4,9.396854839376173,9.419883874472411,9.37895186857046,9.398565845910055,9.399136181421346,9.394384462407931,0.001764,0.001163,7.164e-4,3.236e-4,1.108e-4,7.76e-5
UGA,UGA.34_1,UGA.34.3_1,PIGE,0.0010151930591427148,0.0020169660353176115,0.0033128602092294297,0.0033375006262751404,0.00313492354755465,0.00293234646883416,0.10426167743277462,0.10451719333355566,0.10406303716439336,0.10428066170084838,0.10428698979020629,0.1042342676609943,0.009737,0.0193,0.03184,0.032,0.03006,0.02813
UGA,UGA.36_1,UGA.36.1_1,PIGE,0.011377316983237072,0.01088620370671118,0.010102060446051041,0.009634783372757144,0.008999871489834978,0.00811227154672333,4.781568372040445,4.793286644562157,4.772458485761107,4.782439013852689,4.782729227790103,4.780311326296919,0.002379,0.002271,0.002117,0.002015,0.001882,0.001697
UGA,UGA.36_1,UGA.36.2_1,PIGE,0.065223866397585345,0.05886013934996659,0.052307761615517645,0.04549126670802938,0.038703169579674096,0.03154150122696193,2.4976359191240878,2.50375691878007,2.4928774011191055,2.4980906959031186,2.4982422881627957,2.496979305570391,0.02611,0.02351,0.02098,0.01821,0.01549,0.01263
UGA,UGA.36_1,UGA.36.3_1,PIGE,0.36949712700806175,0.3629353813401679,0.36944981925856185,0.37240568385746575,0.3580387481364388,0.3315526139627362,18.795013682897167,18.841074948835214,18.759205256885533,18.79843593340178,18.79957668356998,18.79007258614579,0.01966,0.01926,0.01969,0.01981,0.01905,0.01765
UGA,UGA.36_1,UGA.36.4_1,PIGE,0.24276274521532226,0.2308555802373322,0.21680645645728278,0.21097450070807455,0.1961699394002134,0.17921170612998683,33.19162254627447,33.272965831191065,33.12838557394729,33.19766617300038,33.199680715242344,33.18289666710761,0.007314,0.006938,0.006544,0.006355,0.005909,0.005401
UGA,UGA.37_1,UGA.37.1_1,PIGE,0.3581519178831145,0.3137950918130656,0.269546057363302,0.22519404913961202,0.18066861299490372,0.1360547616089741,0.8329602388295412,0.8350015889303638,0.8313732756282373,0.8331119066413208,0.8331624625785806,0.8327412585617133,0.43,0.3758,0.3242,0.2703,0.2168,0.1634
UGA,UGA.38_1,UGA.38.1_1,PIGE,2.180169050959799e-5,2.048711806728572e-5,1.917254562497345e-5,1.7857973182661185e-5,1.6543400740348915e-5,1.5228828298036647e-5,1.1022838150034573,1.1049852010624779,1.1001837341469431,1.102484522031702,1.1025514243744503,1.1019940311773158,1.978e-5,1.854e-5,1.743e-5,1.62e-5,1.5e-5,1.382e-5
UGA,UGA.38_1,UGA.38.2_1,PIGE,0.019303721901662282,0.016738297339796832,0.014248078971517761,0.011700508338996538,0.009150859016375764,0.00657039433527508,3.262431415082331,3.270426712321805,3.2562158019459964,3.263025448039417,3.2632234590251117,3.2615737413642574,0.005917,0.005118,0.004376,0.003586,0.002804,0.002014
UGA,UGA.38_1,UGA.38.3_1,PIGE,0.00480730884748431,0.00453075016235423,0.00420426982562753,0.003859894739993,0.00357682118910566,0.00320960531150704,0.6466439091304544,0.64822865057136,0.645411917445498,0.6467616519255203,0.6468008995238754,0.646473910312012,0.007434,0.006989,0.006514,0.005968,0.00553,0.004965
UGA,UGA.38_1,UGA.38.4_1,PIGE,0.00146001475279523,0.00125500163107775,0.00104998850936028,8.449753876428083e-4,6.399622659253346e-4,4.349491442078606e-4,0.05141454861690039,0.05154055114272364,0.051316593164931486,0.05142391032676222,0.05142703089671616,0.051401032039395805,0.0284,0.02435,0.02046,0.01643,0.01244,0.008462
UGA,UGA.39_1,UGA.39.3_1,PIGE,0,0,0,0,0,0,0.01481452531651239,0.010867464400933417,0.005395180765268057,0.018629306662152706,0.015123421637111962,0.016095973194380737,0,0,0,0,0,0
UGA,UGA.3_1,UGA.3.1_1,PIGE,0.00802328939375419,0.00504301942518154,0.00266969529660627,8.175806429883333e-4,3.295852783196864e-5,0,1.3167961383500892,1.3200232334795772,1.3142873667211854,1.3170359044032016,1.3171158264209055,1.3164499605163722,0.006093,0.00382,0.002031,6.208e-4,2.502e-5,0
UGA,UGA.3_1,UGA.3.2_1,PIGE,0.022372611020929405,0.012196607280642466,0.007142262403461271,0.003085160522904351,7.220830223721356e-4,1.9511632273769424e-4,40.06353512048857,40.164380746150165,39.99369592860582,40.080161154135865,40.08583249787663,40.063148628405514,5.584e-4,3.037e-4,1.786e-4,7.697e-5,1.801e-5,4.87e-6
UGA,UGA.3_1,UGA.3.3_1,PIGE,0.8896781545700302,0.7871053595275099,0.68658115729195,0.5859141409723684,0.4838840606188433,0.381084669664634,137.75551240543496,138.10178564021453,137.51421214400776,137.81100721965356,137.82992700899567,137.7523648497281,0.006458,0.005699,0.004993,0.004252,0.003511,0.002766
UGA,UGA.3_1,UGA.3.4_1,PIGE,0.20825136533017974,0.16967012905218737,0.13681474457768192,0.1065818403188293,0.0799267003639773,0.05759750923268558,98.63868894195484,98.88042448733887,98.45076164089218,98.65664936000512,98.66263616602188,98.61275742023773,0.002111,0.001716,0.00139,0.00108,8.101e-4,5.841e-4
UGA,UGA.3_1,UGA.3.5_1,PIGE,0.016083239752308156,0.009766211978213066,0.006173604736321169,0.0032050771153107854,0.0014807842824720943,9.748224586025961e-4,36.85084540268161,36.953723552253905,36.811285655157356,36.90161993332752,36.919155525747165,36.889070006567216,4.364e-4,2.643e-4,1.677e-4,8.685e-5,4.011e-5,2.643e-5
UGA,UGA.3_1,UGA.3.6_1,PIGE,0.06548671168253498,0.05033181388477689,0.03944026228063974,0.030186555069220855,0.022990029547278353,0.01922473547442259,48.30782571758638,48.42621454372974,48.21578922151481,48.316621746348474,48.319553755935836,48.29512587896181,0.001356,0.001039,8.18e-4,6.248e-4,4.758e-4,3.981e-4
UGA,UGA.3_1,UGA.3.7_1,PIGE,0.9144225574183107,0.7593730698798349,0.6189047395792453,0.48430634142368045,0.354385149726513,0.2329608248643774,138.77925810379122,139.22074613073494,138.7620989253874,139.1599972438468,139.29183720867465,139.12928431803715,0.006589,0.005454,0.00446,0.00348,0.002544,0.001674
UGA,UGA.40_1,UGA.40.1_1,PIGE,0,0,0,0,0,0,0.0017495588279292373,0.0017538465020861778,0.001746225553003244,0.0017498773926657545,0.00174998358091126,0.001749098879371238,0,0,0,0,0,0
UGA,UGA.40_1,UGA.40.2_1,PIGE,1.3485205021022151e-5,2.6649356222013223e-5,2.7645380949780683e-5,2.9871714566613422e-5,2.7931340935237352e-5,2.5921094331092414e-5,0.06394758254684735,0.06410429999624541,0.06382574904797976,0.06395922630781138,0.06396310756146606,0.0639307711096379,2.109e-4,4.157e-4,4.331e-4,4.67e-4,4.367e-4,4.055e-4
UGA,UGA.41_1,UGA.41.2_1,PIGE,0.1339527077471216,0.11524723848890203,0.09654176923068247,0.07783629997246291,0.05913083071424336,0.04042536145602381,28.090541400820747,28.159383377721472,28.03702305332982,28.09565620792361,28.09736114362456,28.083156565395676,0.004769,0.004093,0.003443,0.00277,0.002104,0.001439
UGA,UGA.43_1,UGA.43.2_1,PIGE,0.00820250109856932,0.007859785074327219,0.00754592092621787,0.007038128519891939,0.0064395646966470535,0.005739756353443094,1.0559633486405455,1.058551216329454,1.0539515179455137,1.0561556215041732,1.0562197124587158,1.0556857421881336,0.007768,0.007425,0.00716,0.006664,0.006097,0.005437
UGA,UGA.44_1,UGA.44.1_1,PIGE,6.223688982780597e-5,6.591119342694857e-5,6.45488996617358e-5,6.53117862544091e-5,6.153318840274868e-5,5.634635399058148e-5,0.019247168540181114,0.019294337909868262,0.019210498664743263,0.019250673120351162,0.019251841313741178,0.019242108574620477,0.003234,0.003416,0.00336,0.003393,0.003196,0.002928
UGA,UGA.44_1,UGA.44.2_1,PIGE,0,0,0,0,0,0,0.0017379929140770073,0.0017422522434483172,0.0017346816746322015,0.0017383093728584457,0.0017384148591189248,0.0017375360061286252,0,0,0,0,0,0
UGA,UGA.45_1,UGA.45.1_1,PIGE,5.216746614528031e-6,5.4269195075524105e-6,5.021589474532674e-6,7.815705852276985e-6,1.2606092002990027e-5,1.1761826751026299e-5,0.025006372037713623,0.02506765558727671,0.02495872967692371,0.025010925270329908,0.025012443014535334,0.024999798011978713,2.086e-4,2.165e-4,2.012e-4,3.125e-4,5.04e-4,4.705e-4
UGA,UGA.45_1,UGA.45.2_1,PIGE,1.1570194386424202e-6,1.071314295039278e-6,9.856091514361358e-7,8.999040078329935e-7,8.141988642298512e-7,7.28493720626709e-7,0.009036647948620007,0.009058794218443085,0.009019431247162866,0.009038293367640388,0.009038841840647181,0.009034272267890234,1.28e-4,1.183e-4,1.093e-4,9.957e-5,9.008e-5,8.064e-5
UGA,UGA.45_1,UGA.45.3_1,PIGE,7.308286625519484e-4,6.904818720955448e-4,6.448534383917536e-4,6.097962121525118e-4,5.607028800830743e-4,5.115453100059653e-4,0.2150658255087642,0.21559289105657803,0.21465608019916815,0.21510498531690747,0.21511803858628853,0.21500928598877864,0.003398,0.003203,0.003004,0.002835,0.002606,0.002379
UGA,UGA.46_1,UGA.46.1_1,PIGE,0.00408612962112173,0.003911527347058425,0.0038937807525199035,0.003804531747448112,0.003550033103626,0.0032788492934285557,0.1923777319006011,0.19284919534399803,0.19201121214726263,0.1924127605949761,0.19242443682643445,0.1923271569448086,0.02124,0.02028,0.02028,0.01977,0.01845,0.01705
UGA,UGA.47_1,UGA.47.1_1,PIGE,0.15458071380087807,0.14864402938563656,0.138394429009263,0.12636573673589016,0.11239135940967265,0.0977896069828935,82.71450318702172,82.9172130542509,82.55691478525551,82.72956408322783,82.73458438196317,82.69275803855389,0.001869,0.001793,0.001676,0.001527,0.001358,0.001183
UGA,UGA.47_1,UGA.47.2_1,PIGE,0.8272202775854999,0.7387681559804173,0.6522726256437676,0.562783396664153,0.47012195481458774,0.3732718071629863,177.12335696823763,177.5574362504771,176.78589998470264,177.1556081018622,177.16635847973706,177.07679229643293,0.00467,0.004161,0.00369,0.003177,0.002654,0.002108
UGA,UGA.47_1,UGA.47.3_1,PIGE,0.4085986896697412,0.35973898022934925,0.31075954547825724,0.2634656602357506,0.2141970358654101,0.16470656504570708,151.3596211344923,151.73056078258108,151.07124944793827,151.38718113250798,151.39636779851318,151.3198295948374,0.0027,0.002371,0.002057,0.00174,0.001415,0.001088
UGA,UGA.49_1,UGA.49.1_1,PIGE,0.05129120979033275,0.037476392837894945,0.025455514089185824,0.015126516008779513,0.007173572944950239,0.0028108025926819502,44.91061025373726,45.02067346503567,44.82504616256175,44.91878770767245,44.921513525650845,44.89880352275152,0.001142,8.324e-4,5.679e-4,3.368e-4,1.597e-4,6.26e-5
UGA,UGA.49_1,UGA.49.2_1,PIGE,0.11402773174639852,0.07534868850783617,0.0450867016321597,0.02043544080584935,0.005467442035307796,0.0017446243129708278,89.03479798783043,89.25299711112181,88.86516810460725,89.05100970161168,89.05641360620542,89.0113912716386,0.001281,8.442e-4,5.074e-4,2.295e-4,6.139e-5,1.96e-5
UGA,UGA.4_1,UGA.4.1_1,PIGE,26.21797813652842,22.917538409586633,19.61700346190613,16.316456306788627,13.015908052051497,9.715359713283782,2.7869893533159233,2.7938194764504645,2.781679556593389,2.7874968164059557,2.7876659707692997,2.7862566704739664,9.407,8.203,7.052,5.853,4.669,3.487
UGA,UGA.50_1,UGA.50.1_1,PIGE,0.17039875744512947,0.148169644527642,0.12594053161015453,0.10371141869266703,0.08148230577517958,0.05925319285769211,0.9847020646674792,0.9871152910920848,0.9828260015998457,0.9848813620702135,0.9849411278711248,0.9844431923806646,0.173,0.1501,0.1281,0.1053,0.08273,0.06019
UGA,UGA.50_1,UGA.50.2_1,PIGE,0.07483941219658405,0.06490887596826693,0.05497833973994984,0.04504780351163273,0.03511726728331563,0.025186731054998527,1.5967451980979044,1.6006583692424305,1.5937030650486717,1.5970359380862926,1.5971328514157555,1.5963254233297552,0.04687,0.04055,0.0345,0.02821,0.02199,0.01578
UGA,UGA.50_1,UGA.50.3_1,PIGE,0.07695396861257112,0.06623413153719263,0.055524445203808,0.044804087577558036,0.034085743201588005,0.02336528233173394,0.8379576716885507,0.8400112690847364,0.8363611873340411,0.8381102494473733,0.8381611087003141,0.8377373776254962,0.09184,0.07885,0.06639,0.05346,0.04067,0.02789
UGA,UGA.50_1,UGA.50.4_1,PIGE,0.07610487399628835,0.06609231801291471,0.056079762029541055,0.046067206046167396,0.03605465006279374,0.0260420940794201,0.2711665126827285,0.27183106515738503,0.2706498838486102,0.27121588746640884,0.2712323457276356,0.2710952246274227,0.2807,0.2431,0.2072,0.1699,0.1329,0.09606
UGA,UGA.54_1,UGA.54.2_1,PIGE,1.1510229014595488e-4,1.0353527684865634e-4,9.19682635513578e-5,8.040125025405926e-5,6.883423695676072e-5,5.7267223659462166e-5,0.020973333149989982,0.02102473286121807,0.02093337457049705,0.020977152035209588,0.020978424996949453,0.020967819386071455,0.005488,0.004924,0.004393,0.003833,0.003281,0.002731
UGA,UGA.55_1,UGA.55.1_1,PIGE,0.10039503213982005,0.09656316163676772,0.0932997041668803,0.08654383700858526,0.07932631523971644,0.0713165649934611,8.71201676285473,8.733367453401751,8.695418551598907,8.71360307208897,8.714131841833716,8.709726425723236,0.01152,0.01106,0.01073,0.009932,0.009103,0.008188
UGA,UGA.55_1,UGA.55.2_1,PIGE,0.046345060256371244,0.04763020805548152,0.052693323509964474,0.05346652678827792,0.0494374318721003,0.04519690583888517,5.328715821538065,5.341774997801793,5.318563505107128,5.329686089541955,5.330009512209918,5.3273149340006025,0.008697,0.008917,0.009907,0.01003,0.009275,0.008484
UGA,UGA.55_1,UGA.55.3_1,PIGE,8.406266340432191e-4,7.756905610414908e-4,7.517724794075977e-4,6.847329196690572e-4,6.17693359930517e-4,5.506538001919767e-4,0.13828270549580138,0.1386215973199808,0.1380192480643795,0.13830788441115874,0.1383162773829445,0.13824635179910155,0.006079,0.005596,0.005447,0.004951,0.004466,0.003983
UGA,UGA.55_1,UGA.55.4_1,PIGE,0.15887953850256512,0.14812550185928242,0.13702708909261924,0.12789302337001923,0.11660848556315288,0.10456316250910332,16.657657129473176,16.698480338644,16.62592081403805,16.6606902039087,16.661701228720542,16.653277930983794,0.009538,0.008871,0.008242,0.007676,0.006999,0.006279
UGA,UGA.56_1,UGA.56.1_1,PIGE,0.15004592471756106,0.13150672218413587,0.11255500393900925,0.09385104470499102,0.0747305909209581,0.05538154399231337,8.113474586660983,8.133358419518089,8.09801672324383,8.11495191160295,8.11544435325027,8.111341602689865,0.01849,0.01617,0.0139,0.01157,0.009208,0.006828
UGA,UGA.56_1,UGA.56.2_1,PIGE,0.09019819230018951,0.08549392437407546,0.07772347333680733,0.0681170961068352,0.0580942528064232,0.04750882285290609,20.339738832087885,20.38958578273457,20.300987382083484,20.343442350619775,20.34467685679707,20.334391636328267,0.004435,0.004193,0.003829,0.003348,0.002856,0.002336
UGA,UGA.56_1,UGA.56.3_1,PIGE,0.001188091329262154,0.00123238511280127,0.001241643348454345,0.0011985641902007992,0.0011635767841900273,0.0010784344801511249,1.0919410413198185,1.094617080164029,1.0898606656070438,1.092139865105888,1.0922061397012444,1.0916539765470552,0.001088,0.001126,0.001139,0.001097,0.001065,9.879e-4
UGA,UGA.56_1,UGA.56.4_1,PIGE,0.010988752048923078,0.0109230795363868,0.01051897381749858,0.010138197934951786,0.009586495457818051,0.008703150040600231,16.205048047170575,16.24476203941516,16.17417404655518,16.207998709234047,16.208982263255205,16.20078783690349,6.781e-4,6.724e-4,6.504e-4,6.255e-4,5.914e-4,5.372e-4
UGA,UGA.58_1,UGA.58.1_1,PIGE,0.17515547261008702,0.16004672380718138,0.14463351385060644,0.12947078909284612,0.11417885248590535,0.0987515260560048,160.12627014092726,160.51869436774973,159.82119615728456,160.15542639577424,160.1651451473899,160.0841739016506,0.001094,9.971e-4,9.05e-4,8.084e-4,7.129e-4,6.169e-4
UGA,UGA.5_1,UGA.5.1_1,PIGE,0.006910585028351895,0.006244824752564591,0.005635589974125302,0.0050388397209126445,0.0045188354656039735,0.00411622448975517,0.22418171859147937,0.22843961677395241,0.23279889348457966,0.23722575588064293,0.24175399680486034,0.23826147834924863,0.03083,0.02734,0.02421,0.02124,0.01869,0.01728
UGA,UGA.5_1,UGA.5.2_1,PIGE,0.003212346199001008,0.0029666218945156946,0.0030352332129088304,0.00424360378459429,0.00395143797764889,0.00362217239029833,1.0658918696843394,1.0861364243391818,1.1068629922000923,1.1279109021983813,1.1494408254027377,1.1328353365611488,0.003014,0.002731,0.002742,0.003762,0.003438,0.003197
UGA,UGA.7_1,UGA.7.1_1,PIGE,0.5640671684573081,0.5051428158206053,0.4455420825759189,0.38325537769900303,0.3202458462141742,0.25421492708574706,6.162514958973152,6.177617541241062,6.150774081063881,6.163637047537908,6.164011077059493,6.160894870626432,0.09153,0.08177,0.07244,0.06218,0.05195,0.04126
UGA,UGA.8_1,UGA.8.1_1,PIGE,0.46803950294805774,0.39158365029708087,0.319610978973268,0.25204544557340985,0.1887219871756632,0.13171133729269108,192.5639890779546,193.03590898504578,192.19711446579734,192.5990516865757,192.6107392227827,192.51336515626352,0.002431,0.002029,0.001663,0.001309,9.798e-4,6.842e-4
UGA,UGA.8_1,UGA.8.2_1,PIGE,0.0010795514560710299,8.536525102673118e-4,6.706744453014527e-4,5.333422847416983e-4,3.7247992552731494e-4,2.8227351603322417e-4,7.6900270593098234,7.708873141969074,7.675375951860441,7.691427281700092,7.6918940224968475,7.688005397162519,1.404e-4,1.107e-4,8.738e-5,6.934e-5,4.842e-5,3.672e-5
UGA,UGA.8_1,UGA.8.3_1,PIGE,1.4643094507373646,1.239605978999077,1.0255872853216734,0.8181001754698393,0.6198738489823923,0.43161679922701723,183.67905535296677,184.12920079891347,183.3291083949883,183.71250016713256,183.72364843852114,183.63076722724296,0.007972,0.006732,0.005594,0.004453,0.003374,0.00235
UGA,UGA.8_1,UGA.8.4_1,PIGE,1.9612698884075441,1.704057490937878,1.4534401862338777,1.2074776888783534,0.9656217587232894,0.7267063236038052,300.3047721226546,301.04073423497766,299.7326288193869,300.3594524849716,300.37767927241055,300.22582379311393,0.006531,0.005661,0.004849,0.00402,0.003215,0.002421
UGA,UGA.8_1,UGA.8.5_1,PIGE,0.5401208880051043,0.45140699948770335,0.3692599356491671,0.2930449309281602,0.2230418859632475,0.16403416194749298,287.032766739385,287.7362029179788,286.4859093779533,287.0850304965382,287.10245174892253,286.95730754072713,0.001882,0.001569,0.001289,0.001021,7.769e-4,5.716e-4
UGA,UGA.9_1,UGA.9.1_1,PIGE,1.452111081484121,1.2541771954661494,1.0566721522663136,0.8587757701693273,0.6607276630482057,0.4620990876882597,23.598311499867688,23.656144291054925,23.553351788446385,23.602608348744784,23.604040631703814,23.5921076448316,0.06153,0.05302,0.04486,0.03638,0.02799,0.01959
UGA,UGA.9_1,UGA.9.2_1,PIGE,0.6671927055296577,0.575931096858045,0.48468516635068204,0.3934334117876208,0.3022206968748978,0.21095417630365396,21.739300003339938,21.79257688281739,21.697882097035208,21.74325835802174,21.744577809582342,21.733584871314175,0.03069,0.02643,0.02234,0.01809,0.0139,0.009706
VCT,VCT.1_1,NA,PIGE,0.0178857131837243,0.016030332784518472,0.01418263037801291,0.01237649708075423,0.01051817725396568,0.008659857427177151,93.23687081914039,28.99711293418242,16.952158330752802,15.390775326604516,9.814407454646355,16.410581483028228,1.918e-4,5.528e-4,8.366e-4,8.042e-4,0.001072,5.277e-4
VCT,VCT.3_1,NA,PIGE,8.415525460741441e-4,7.752453891523993e-4,7.089382322306545e-4,6.426310753089098e-4,5.763239183871649e-4,5.100167614654201e-4,1.7722245899152371,0.5511703270071312,0.32222265271186135,0.2925442504884003,0.18654995683318285,0.31192848691206665,4.749e-4,0.001407,0.0022,0.002197,0.003089,0.001635
VCT,VCT.5_1,NA,PIGE,6.20533299143227e-4,5.749347065981819e-4,5.293361140531368e-4,4.837375215080916e-4,4.3813892896304654e-4,3.925403364180014e-4,5.8896396716534065,1.8317061179783323,1.070843576664256,0.9722132472346532,0.6199620707003586,1.0366329423992453,1.054e-4,3.139e-4,4.943e-4,4.976e-4,7.067e-4,3.787e-4
VCT,VCT.6_1,NA,PIGE,6.03286015027147e-4,5.612568709446171e-4,5.192277268620872e-4,4.771985827795572e-4,4.351694386970272e-4,3.9314029461449734e-4,4.234231945931182,1.3168663946675925,0.7698603538056695,0.6989521633235682,0.4457086258874928,0.745265341449878,1.425e-4,4.262e-4,6.744e-4,6.827e-4,9.764e-4,5.275e-4
VEN,VEN.11_1,VEN.11.1_1,PIGE,0.0036614819174650313,0.003484470307163789,0.0033025816048995395,0.00307986811531433,0.002857154625729111,0.0026344411361438913,0.08453620915668629,0.08453620915668629,0.08453620915668629,0.08453620915668629,0.08453620915668629,0.08453620915668629,0.04331,0.04122,0.03907,0.03643,0.0338,0.03116
VEN,VEN.12_1,VEN.12.10_1,PIGE,0.17543814552999967,0.15205739998247045,0.13121730554190342,0.10992515043219288,0.08885185584765411,0.06804241669427474,0.7242858202896242,0.7242858202896242,0.7242858202896242,0.7242858202896242,0.7242858202896242,0.7242858202896242,0.2422,0.2099,0.1812,0.1518,0.1227,0.09394
VEN,VEN.12_1,VEN.12.11_1,PIGE,0.0717326124549302,0.06495413992869743,0.058638085818283066,0.052678134980490385,0.04783395814210058,0.0418384877827359,0.6998493907907751,0.6998493907907751,0.6998493907907751,0.6998493907907751,0.6998493907907751,0.6998493907907751,0.1025,0.09281,0.08379,0.07527,0.06835,0.05978
VEN,VEN.12_1,VEN.12.13_1,PIGE,0.032923289850836396,0.03158208485083815,0.03016534085211754,0.029287931536752194,0.02854425606681338,0.026152436785587135,2.358614633189222,2.358614633189222,2.358614633189222,2.358614633189222,2.358614633189222,2.358614633189222,0.01396,0.01339,0.01279,0.01242,0.0121,0.01109
VEN,VEN.12_1,VEN.12.14_1,PIGE,0.05444218188945919,0.0466696448310083,0.03889710777255743,0.03112457071410653,0.023352033655655663,0.01557949659720478,0.005188349528763407,0.005188349528763407,0.005188349528763407,0.005188349528763407,0.005188349528763407,0.005188349528763407,10.49,8.995,7.497,5.999,4.501,3.003
VEN,VEN.12_1,VEN.12.15_1,PIGE,0.12243955274276501,0.11278058991021762,0.10526933261275527,0.09845059789941121,0.0922806021038696,0.0844371823117041,1.2413598189761452,1.2413598189761452,1.2413598189761452,1.2413598189761452,1.2413598189761452,1.2413598189761452,0.09863,0.09085,0.0848,0.07931,0.07434,0.06802
VEN,VEN.12_1,VEN.12.16_1,PIGE,8.334701484406921e-4,4.99631489798571e-4,2.5880797293243547e-4,8.721847734428978e-5,6.499519764372714e-6,0,0.20331927971181987,0.20331927971181987,0.20331927971181987,0.20331927971181987,0.20331927971181987,0.20331927971181987,0.004099,0.002457,0.001273,4.29e-4,3.197e-5,0
VEN,VEN.12_1,VEN.12.18_1,PIGE,0.11406998909588903,0.09893945382555602,0.08380924477059701,0.06867869277127049,0.053548300276595864,0.03841774009754359,0.2144082637788221,0.2144082637788221,0.2144082637788221,0.2144082637788221,0.2144082637788221,0.2144082637788221,0.532,0.4615,0.3909,0.3203,0.2497,0.1792
VEN,VEN.12_1,VEN.12.19_1,PIGE,0.00182989351233745,0.0015817154270395134,0.0013287504331209203,0.0010757854392023272,8.228204452837345e-4,5.69855451365141e-4,5.0451132091688e-4,5.0451132091688e-4,5.0451132091688e-4,5.0451132091688e-4,5.0451132091688e-4,5.0451132091688e-4,3.627,3.135,2.634,2.132,1.631,1.13
VEN,VEN.12_1,VEN.12.1_1,PIGE,0.08150287298059351,0.07612639857857949,0.07132951100852347,0.06937287643913,0.0632305038448852,0.05702873369367327,0.19785482666213758,0.19785482666213758,0.19785482666213758,0.19785482666213758,0.19785482666213758,0.19785482666213758,0.4119,0.3848,0.3605,0.3506,0.3196,0.2882
VEN,VEN.12_1,VEN.12.20_1,PIGE,0.013309106526978016,0.01327114468163392,0.012287812506338052,0.011528223644571274,0.010807001213693735,0.00991985293700294,0.41387851181591906,0.41387851181591906,0.41387851181591906,0.41387851181591906,0.41387851181591906,0.41387851181591906,0.03216,0.03207,0.02969,0.02785,0.02611,0.02397
VEN,VEN.12_1,VEN.12.23_1,PIGE,0.24554746127333238,0.20299453803608916,0.16676511509975706,0.13584440587608607,0.10819271814563607,0.08281985284933129,1.4445933825361121,1.4445933825361121,1.4445933825361121,1.4445933825361121,1.4445933825361121,1.4445933825361121,0.17,0.1405,0.1154,0.09404,0.07489,0.05733
VEN,VEN.12_1,VEN.12.24_1,PIGE,0.0023971247926582178,0.002377634480814721,0.002360086989129824,0.002312316974560527,0.0021579919071421797,0.0021346889537343225,0.09027851074121189,0.09027851074121189,0.09027851074121189,0.09027851074121189,0.09027851074121189,0.09027851074121189,0.02655,0.02634,0.02614,0.02561,0.0239,0.02365
VEN,VEN.12_1,VEN.12.3_1,PIGE,0.28639502189942545,0.3025609051890376,0.2915545305111949,0.28263643418151985,0.27073269898499724,0.27090912857611676,5.202208210805375,5.202208210805375,5.202208210805375,5.202208210805375,5.202208210805375,5.202208210805375,0.05505,0.05816,0.05604,0.05433,0.05204,0.05208
VEN,VEN.12_1,VEN.12.4_1,PIGE,0.0029839602041485877,0.0028077191645400554,0.002632661456597342,0.002464227573082012,0.002314727487537675,0.0021033536012574467,0.2658338472404851,0.2658338472404851,0.2658338472404851,0.2658338472404851,0.2658338472404851,0.2658338472404851,0.01122,0.01056,0.009903,0.00927,0.008707,0.007912
VEN,VEN.12_1,VEN.12.7_1,PIGE,0.07167431673137063,0.06915563645857647,0.06491731551302976,0.06092220577973444,0.056526594743140486,0.052827560560733226,4.321311818195867,4.321311818195867,4.321311818195867,4.321311818195867,4.321311818195867,4.321311818195867,0.01659,0.016,0.01502,0.0141,0.01308,0.01222
VEN,VEN.12_1,VEN.12.8_1,PIGE,0.009412299296580355,0.0094988437243595,0.009077979655693352,0.008999324983510202,0.008928919389994332,0.008623480731872796,0.22112929682944293,0.22112929682944293,0.22112929682944293,0.22112929682944293,0.22112929682944293,0.22112929682944293,0.04256,0.04296,0.04105,0.0407,0.04038,0.039
VEN,VEN.13_1,VEN.13.10_1,PIGE,0.02374788982307919,0.022043894105637254,0.02101680582603443,0.019542086523070393,0.017791556461037843,0.015735863212490948,2.6121557738624044,2.6121557738624044,2.6121557738624044,2.6121557738624044,2.6121557738624044,2.6121557738624044,0.009091,0.008439,0.008046,0.007481,0.006811,0.006024
VEN,VEN.13_1,VEN.13.11_1,PIGE,2.896392218143535e-4,1.8194533254571664e-4,1.2174077809964389e-4,9.036142543239656e-5,6.196170980301443e-5,3.650195696878783e-5,0.010362489767559723,0.010362489767559723,0.010362489767559723,0.010362489767559723,0.010362489767559723,0.010362489767559723,0.02795,0.01756,0.01175,0.00872,0.005979,0.003523
VEN,VEN.13_1,VEN.13.12_1,PIGE,1.1691709311918744e-4,1.1720475026476398e-4,1.1222668403311314e-4,1.0347577027411978e-4,9.480247320626437e-5,8.604757910413575e-5,0.20221723420994142,0.20221723420994142,0.20221723420994142,0.20221723420994142,0.20221723420994142,0.20221723420994142,5.782e-4,5.796e-4,5.55e-4,5.117e-4,4.688e-4,4.255e-4
VEN,VEN.13_1,VEN.13.13_1,PIGE,0.01957545552679202,0.0173296081786936,0.0150837608305952,0.01283791348249679,0.01059206613439837,0.00834621878629997,0.14135109282461436,0.14135109282461436,0.14135109282461436,0.14135109282461436,0.14135109282461436,0.14135109282461436,0.1385,0.1226,0.1067,0.09082,0.07493,0.05905
VEN,VEN.13_1,VEN.13.14_1,PIGE,0.01528825055565342,0.014288633652638633,0.013356877123776376,0.0123431405386776,0.011364093728116993,0.010257243622363937,0.36806897502187363,0.36806897502187363,0.36806897502187363,0.36806897502187363,0.36806897502187363,0.36806897502187363,0.04154,0.03882,0.03629,0.03353,0.03087,0.02787
VEN,VEN.13_1,VEN.13.15_1,PIGE,0.07899420744826308,0.07607600649655065,0.07340457294335151,0.06895595309361847,0.06342538751079829,0.056938745794515064,2.533199467944414,2.533199467944414,2.533199467944414,2.533199467944414,2.533199467944414,2.533199467944414,0.03118,0.03003,0.02898,0.02722,0.02504,0.02248
VEN,VEN.13_1,VEN.13.1_1,PIGE,0.0017917823460636701,0.0018324118811813828,0.0017443149226549102,0.0016832069017392146,0.0016000913971991682,0.0014634023707339894,0.40987470388441677,0.40987470388441677,0.40987470388441677,0.40987470388441677,0.40987470388441677,0.40987470388441677,0.004372,0.004471,0.004256,0.004107,0.003904,0.00357
VEN,VEN.13_1,VEN.13.2_1,PIGE,0.0055822855450070215,0.005164084712377415,0.004719698842215645,0.004262018930811899,0.0037773784535151786,0.0032814884056993304,4.291200282175693,4.291200282175693,4.291200282175693,4.291200282175693,4.291200282175693,4.291200282175693,0.001301,0.001203,0.0011,9.932e-4,8.803e-4,7.647e-4
VEN,VEN.13_1,VEN.13.3_1,PIGE,0.007396397086641123,0.0069062603905617375,0.0064013026897094365,0.006188781426390207,0.005723423913949085,0.005115826645818075,1.5567741026838349,1.5567741026838349,1.5567741026838349,1.5567741026838349,1.5567741026838349,1.5567741026838349,0.004751,0.004436,0.004112,0.003975,0.003676,0.003286
VEN,VEN.13_1,VEN.13.4_1,PIGE,0.01002669277560232,0.009181581198169116,0.008370029516682831,0.0075746812876095896,0.006696512774736463,0.0057512720225530245,3.0384039604775444,3.0384039604775444,3.0384039604775444,3.0384039604775444,3.0384039604775444,3.0384039604775444,0.0033,0.003022,0.002755,0.002493,0.002204,0.001893
VEN,VEN.13_1,VEN.13.5_1,PIGE,0.004460583882875957,0.004200866628004129,0.0038828866462197655,0.0035646113908282566,0.003224935406875742,0.0028829123892647078,2.9670126018965464,2.9670126018965464,2.9670126018965464,2.9670126018965464,2.9670126018965464,2.9670126018965464,0.001503,0.001416,0.001309,0.001201,0.001087,9.717e-4
VEN,VEN.13_1,VEN.13.6_1,PIGE,0.05956520964318101,0.052189386856843156,0.04573461949913551,0.03935642716988528,0.03292914866933919,0.026554085012551167,5.6366995730580625,5.6366995730580625,5.6366995730580625,5.6366995730580625,5.6366995730580625,5.6366995730580625,0.01057,0.009259,0.008114,0.006982,0.005842,0.004711
VEN,VEN.13_1,VEN.13.7_1,PIGE,0.8015321178468553,0.6934313693202242,0.585798914899998,0.4767480979893632,0.3674460755656076,0.2578317890444489,18.101523804546883,18.101523804546883,18.101523804546883,18.101523804546883,18.101523804546883,18.101523804546883,0.04428,0.03831,0.03236,0.02634,0.0203,0.01424
VEN,VEN.13_1,VEN.13.8_1,PIGE,0.05071887797383668,0.044692667643715794,0.03873327575375663,0.032835857289506255,0.026946695179402954,0.021078036831710716,5.1214529774870226,5.1214529774870226,5.1214529774870226,5.1214529774870226,5.1214529774870226,5.1214529774870226,0.009903,0.008727,0.007563,0.006411,0.005262,0.004116
VEN,VEN.13_1,VEN.13.9_1,PIGE,0.1579593512917762,0.13675295930075654,0.1156835021702638,0.09504721122782443,0.07402892058473669,0.0530058377140694,2.9936370013021665,2.9936370013021665,2.9936370013021665,2.9936370013021665,2.9936370013021665,2.9936370013021665,0.05277,0.04568,0.03864,0.03175,0.02473,0.01771
VEN,VEN.14_1,VEN.14.1_1,PIGE,0.1084452903577753,0.09154906036559943,0.07535525857584698,0.05998352086818711,0.045773100571894494,0.03327003567053023,1.279473428244782,1.279473428244782,1.279473428244782,1.279473428244782,1.279473428244782,1.279473428244782,0.08476,0.07155,0.0589,0.04688,0.03577,0.026
VEN,VEN.14_1,VEN.14.2_1,PIGE,0.46526239927827046,0.3962164767104936,0.3430528806337618,0.30028770501629526,0.2861062340904696,0.2611118524328145,8.159251689140868,8.159251689140868,8.159251689140868,8.159251689140868,8.159251689140868,8.159251689140868,0.05702,0.04856,0.04204,0.0368,0.03507,0.032
VEN,VEN.14_1,VEN.14.3_1,PIGE,1.5902280652772522,1.3377372256111395,1.1006227236815558,0.8756694038845564,0.6762959099275367,0.4872178052886847,35.788270341550096,35.788270341550096,35.788270341550096,35.788270341550096,35.788270341550096,35.788270341550096,0.04443,0.03738,0.03075,0.02447,0.0189,0.01361
VEN,VEN.14_1,VEN.14.4_1,PIGE,0.00606376930453927,0.006318721646432293,0.005785072985597175,0.005254102733953612,0.004611554215522278,0.003933000140957398,3.810024208694821,3.810024208694821,3.810024208694821,3.810024208694821,3.810024208694821,3.810024208694821,0.001592,0.001658,0.001518,0.001379,0.00121,0.001032
VEN,VEN.14_1,VEN.14.5_1,PIGE,0.08594655185880731,0.07416772367352792,0.061565165441607554,0.050489570299104655,0.042628076430196706,0.03528518327648367,6.336106369240284,6.336106369240284,6.336106369240284,6.336106369240284,6.336106369240284,6.336106369240284,0.01356,0.01171,0.009717,0.007969,0.006728,0.005569
VEN,VEN.14_1,VEN.14.6_1,PIGE,0.06847143181275672,0.05912201053111351,0.04980737890590799,0.04053268065113432,0.031565091445181416,0.023117546935905356,3.621691753133429,3.621691753133429,3.621691753133429,3.621691753133429,3.621691753133429,3.621691753133429,0.01891,0.01632,0.01375,0.01119,0.008716,0.006383
VEN,VEN.14_1,VEN.14.7_1,PIGE,0.2733151120473236,0.2264906379714712,0.1820762334268761,0.1452395262475843,0.12218754042512074,0.10883350187559238,8.49907925703569,8.49907925703569,8.49907925703569,8.49907925703569,8.49907925703569,8.49907925703569,0.03216,0.02665,0.02142,0.01709,0.01438,0.01281
VEN,VEN.14_1,VEN.14.8_1,PIGE,1.7154865107492685,1.6425575027406714,1.5389743867992818,1.453998116081106,1.3497507527334478,1.2790925148656325,112.21388850630032,112.21388850630032,112.21388850630032,112.21388850630032,112.21388850630032,112.21388850630032,0.01529,0.01464,0.01371,0.01296,0.01203,0.0114
VEN,VEN.14_1,VEN.14.9_1,PIGE,2.2387765269436097,1.8738634972041932,1.5854630145162047,1.328686378399921,1.118174818975153,0.9331684414705899,22.4172663084312,22.4172663084312,22.4172663084312,22.4172663084312,22.4172663084312,22.4172663084312,0.09987,0.08359,0.07073,0.05927,0.04988,0.04163
VEN,VEN.15_1,VEN.15.10_1,PIGE,0.01162641797387221,0.011157234795350359,0.010606032090874061,0.009974866216791386,0.009215792967980814,0.008391408450429816,2.483290217026327,2.483290217026327,2.483290217026327,2.483290217026327,2.483290217026327,2.483290217026327,0.004682,0.004493,0.004271,0.004017,0.003711,0.003379
VEN,VEN.15_1,VEN.15.11_1,PIGE,0.001212295006842732,0.0011791206566815304,0.0011141628068578207,0.0010527758175190528,9.714219337519061e-4,9.061782209801514e-4,0.09424527999246823,0.09424527999246823,0.09424527999246823,0.09424527999246823,0.09424527999246823,0.09424527999246823,0.01286,0.01251,0.01182,0.01117,0.01031,0.009615
VEN,VEN.15_1,VEN.15.14_1,PIGE,0.012803070567260766,0.012425777651319605,0.012212347245856613,0.011575220238971107,0.010986324082754892,0.010032203860346915,2.7396780030196166,2.7396780030196166,2.7396780030196166,2.7396780030196166,2.7396780030196166,2.7396780030196166,0.004673,0.004535,0.004458,0.004225,0.00401,0.003662
VEN,VEN.15_1,VEN.15.1_1,PIGE,0.035578491815307374,0.032034299900988356,0.02860547085348197,0.02475916977605117,0.020737979207147136,0.016929508589352885,3.5467909878412978,3.5467909878412978,3.5467909878412978,3.5467909878412978,3.5467909878412978,3.5467909878412978,0.01003,0.009032,0.008065,0.006981,0.005847,0.004773
VEN,VEN.15_1,VEN.15.20_1,PIGE,0.10676349187012506,0.0934519621865807,0.08014043250303633,0.06682890281949196,0.05351737313594761,0.04020584345240323,0.005591401033366156,0.005591401033366156,0.005591401033366156,0.005591401033366156,0.005591401033366156,0.005591401033366156,19.09,16.71,14.33,11.95,9.571,7.191
VEN,VEN.15_1,VEN.15.21_1,PIGE,0.00933385978064486,0.00866180064441415,0.00802782343945607,0.00733557681382189,0.00658644634411564,0.00586461296581038,0.049824837766535325,0.049824837766535325,0.049824837766535325,0.049824837766535325,0.049824837766535325,0.049824837766535325,0.1873,0.1738,0.1611,0.1472,0.1322,0.1177
VEN,VEN.15_1,VEN.15.22_1,PIGE,0.02673412063573507,0.02602230575757355,0.025211805209446887,0.02382459552946255,0.022033728259133568,0.02024843792234812,2.0162343452407128,2.0162343452407128,2.0162343452407128,2.0162343452407128,2.0162343452407128,2.0162343452407128,0.01326,0.01291,0.0125,0.01182,0.01093,0.01004
VEN,VEN.15_1,VEN.15.23_1,PIGE,1.6905782263689138e-4,1.5482633817362617e-4,1.473589086367592e-4,1.327805495618838e-4,1.182021904870084e-4,1.0362383141213304e-4,0.00170956883352029,0.00170956883352029,0.00170956883352029,0.00170956883352029,0.00170956883352029,0.00170956883352029,0.09889,0.09056,0.0862,0.07767,0.06914,0.06061
VEN,VEN.15_1,VEN.15.2_1,PIGE,4.817808606505794e-5,4.409106801659147e-5,4.000404996812502e-5,3.5917031919658555e-5,3.1830013871192096e-5,2.774299582272563e-5,0.13924541105685853,0.13924541105685853,0.13924541105685853,0.13924541105685853,0.13924541105685853,0.13924541105685853,3.46e-4,3.166e-4,2.873e-4,2.579e-4,2.286e-4,1.992e-4
VEN,VEN.15_1,VEN.15.3_1,PIGE,0.012415390907662882,0.01133919988134036,0.01030246792439346,0.009250992422760135,0.008100463385188508,0.006940339695669888,0.05582544931713532,0.05582544931713532,0.05582544931713532,0.05582544931713532,0.05582544931713532,0.05582544931713532,0.2224,0.2031,0.1845,0.1657,0.1451,0.1243
VEN,VEN.15_1,VEN.15.6_1,PIGE,1.06671627806706e-4,9.743362832083444e-5,8.819562883496288e-5,7.895762934909134e-5,6.971962986321978e-5,6.0481630377348214e-5,0.006733970547459742,0.006733970547459742,0.006733970547459742,0.006733970547459742,0.006733970547459742,0.006733970547459742,0.01584,0.01447,0.0131,0.01173,0.01035,0.008982
VEN,VEN.15_1,VEN.15.7_1,PIGE,0.029187355985158835,0.02589679116371892,0.022963658888326494,0.019873643613195456,0.016502519828061946,0.013146356470624114,2.451094484514597,2.451094484514597,2.451094484514597,2.451094484514597,2.451094484514597,2.451094484514597,0.01191,0.01057,0.009369,0.008108,0.006733,0.005363
VEN,VEN.16_1,VEN.16.10_1,PIGE,0.14710568424235737,0.12845057143952376,0.1097714830783891,0.09109239471725443,0.07241330635611978,0.053734217994985144,0.47574527373408876,0.47574527373408876,0.47574527373408876,0.47574527373408876,0.47574527373408876,0.47574527373408876,0.3092,0.27,0.2307,0.1915,0.1522,0.1129
VEN,VEN.16_1,VEN.16.11_1,PIGE,0.024084303656686748,0.02253441933831704,0.02091241950463151,0.018982990818520944,0.017047718296108814,0.015094961353720557,0.319543157224674,0.319543157224674,0.319543157224674,0.319543157224674,0.319543157224674,0.319543157224674,0.07537,0.07052,0.06544,0.05941,0.05335,0.04724
VEN,VEN.16_1,VEN.16.12_1,PIGE,0.23714376261200112,0.20782592936169372,0.1778579866796301,0.1476591645898151,0.11786024304374251,0.08817815180330009,2.155638066530345,2.155638066530345,2.155638066530345,2.155638066530345,2.155638066530345,2.155638066530345,0.11,0.09641,0.08251,0.0685,0.05468,0.04091
VEN,VEN.16_1,VEN.16.13_1,PIGE,1.585606445150729e-4,1.4586608080919807e-4,1.3317151710332334e-4,1.2047695339744856e-4,1.0778238969157377e-4,9.5087825985699e-5,0.012762878588885675,0.012762878588885675,0.012762878588885675,0.012762878588885675,0.012762878588885675,0.012762878588885675,0.01242,0.01143,0.01043,0.00944,0.008445,0.00745
VEN,VEN.16_1,VEN.16.14_1,PIGE,1.0997972614159637,1.020201394385879,0.9474540635595069,0.8467068517091025,0.7460074478120611,0.6433074994462933,4.65698604400098,4.65698604400098,4.65698604400098,4.65698604400098,4.65698604400098,4.65698604400098,0.2362,0.2191,0.2034,0.1818,0.1602,0.1381
VEN,VEN.16_1,VEN.16.15_1,PIGE,0.5854519346136724,0.507074725441279,0.430748344299009,0.3549176135818113,0.27962836939160274,0.20483711136213048,0.7347790795137348,0.7347790795137348,0.7347790795137348,0.7347790795137348,0.7347790795137348,0.7347790795137348,0.7968,0.6901,0.5862,0.483,0.3806,0.2788
VEN,VEN.16_1,VEN.16.16_1,PIGE,0.26780359732399145,0.24955297528631884,0.2322202080509839,0.21483633418745596,0.19790469991743598,0.1821125223796034,1.575862988534592,1.575862988534592,1.575862988534592,1.575862988534592,1.575862988534592,1.575862988534592,0.1699,0.1584,0.1474,0.1363,0.1256,0.1156
VEN,VEN.16_1,VEN.16.17_1,PIGE,0.00549824166250318,0.005133163166315253,0.005030416729729905,0.0047167057617989675,0.0043403683247848004,0.004034900086088853,0.10639746843925639,0.10639746843925639,0.10639746843925639,0.10639746843925639,0.10639746843925639,0.10639746843925639,0.05168,0.04825,0.04728,0.04433,0.04079,0.03792
VEN,VEN.16_1,VEN.16.18_1,PIGE,0.028540427625408427,0.025322471801103457,0.022137724842285184,0.01893068483926269,0.015717132036396565,0.012545080036071701,0.8858645619462979,0.8858645619462979,0.8858645619462979,0.8858645619462979,0.8858645619462979,0.8858645619462979,0.03222,0.02859,0.02499,0.02137,0.01774,0.01416
VEN,VEN.16_1,VEN.16.19_1,PIGE,0.00858318436170298,0.00814877078897362,0.00772055378477718,0.007233260878642249,0.006799923058284909,0.0060847266285240405,0.047147092882776145,0.047147092882776145,0.047147092882776145,0.047147092882776145,0.047147092882776145,0.047147092882776145,0.1821,0.1728,0.1638,0.1534,0.1442,0.1291
VEN,VEN.16_1,VEN.16.1_1,PIGE,164.40870667256135,159.2015087345385,152.36053097792632,143.4508454687505,134.37888777981485,124.96141920022914,1.6857375950660012,1.6857375950660012,1.6857375950660012,1.6857375950660012,1.6857375950660012,1.6857375950660012,97.53,94.44,90.38,85.1,79.72,74.13
VEN,VEN.16_1,VEN.16.20_1,PIGE,0.07885441978015044,0.06900692900082642,0.059053116754262114,0.04918724700207219,0.03944440909590729,0.029721132353795473,1.1497460308003171,1.1497460308003171,1.1497460308003171,1.1497460308003171,1.1497460308003171,1.1497460308003171,0.06858,0.06002,0.05136,0.04278,0.03431,0.02585
VEN,VEN.16_1,VEN.16.21_1,PIGE,0.16994016089088002,0.15645103306278052,0.1448145852880725,0.13322565316100254,0.12064238819086753,0.10671461533462967,0.13166124191970746,0.13166124191970746,0.13166124191970746,0.13166124191970746,0.13166124191970746,0.13166124191970746,1.291,1.188,1.1,1.012,0.9163,0.8105
VEN,VEN.16_1,VEN.16.2_1,PIGE,0.13206045399305275,0.1386564466848051,0.13419396040836834,0.12552841553984895,0.11649449617208893,0.10673411894108059,1.7914821790234416,1.7914821790234416,1.7914821790234416,1.7914821790234416,1.7914821790234416,1.7914821790234416,0.07372,0.0774,0.07491,0.07007,0.06503,0.05958
VEN,VEN.16_1,VEN.16.3_1,PIGE,0.008713423259906967,0.007991098393632046,0.007225885404651236,0.006476071375308785,0.0057385725640079635,0.005001516650113686,0.052111508536993534,0.052111508536993534,0.052111508536993534,0.052111508536993534,0.052111508536993534,0.052111508536993534,0.1672,0.1533,0.1387,0.1243,0.1101,0.09598
VEN,VEN.16_1,VEN.16.4_1,PIGE,1.2555837352347687,1.1871724794264193,1.1222393679420337,1.0538600347653033,0.9931332770977915,0.9238634034796263,3.3313398119892375,3.3313398119892375,3.3313398119892375,3.3313398119892375,3.3313398119892375,3.3313398119892375,0.3769,0.3564,0.3369,0.3163,0.2981,0.2773
VEN,VEN.16_1,VEN.16.5_1,PIGE,0.6502774554221328,0.6165797785780368,0.5788520678082613,0.5394299545748216,0.5003062821667722,0.4625142984044781,3.1590743757674167,3.1590743757674167,3.1590743757674167,3.1590743757674167,3.1590743757674167,3.1590743757674167,0.2058,0.1952,0.1832,0.1708,0.1584,0.1464
VEN,VEN.16_1,VEN.16.6_1,PIGE,6.650542796492512e-4,5.706091728098644e-4,4.761640659704776e-4,3.817189591310907e-4,2.872738522917039e-4,1.928287454523171e-4,0.016454739056860224,0.016454739056860224,0.016454739056860224,0.016454739056860224,0.016454739056860224,0.016454739056860224,0.04042,0.03468,0.02894,0.0232,0.01746,0.01172
VEN,VEN.16_1,VEN.16.8_1,PIGE,0.056708605983020986,0.04901234993276641,0.04131756136389445,0.03362391627714946,0.025931794278717987,0.018240441011069506,0.34473851636526376,0.34473851636526376,0.34473851636526376,0.34473851636526376,0.34473851636526376,0.34473851636526376,0.1645,0.1422,0.1199,0.09753,0.07522,0.05291
VEN,VEN.16_1,VEN.16.9_1,PIGE,0.01311845462497084,0.011551976367527937,0.009995664314626835,0.008431234775624238,0.006896064216161277,0.005346890594103436,0.051375073453530345,0.051375073453530345,0.051375073453530345,0.051375073453530345,0.051375073453530345,0.051375073453530345,0.2553,0.2249,0.1946,0.1641,0.1342,0.1041
VEN,VEN.17_1,VEN.17.11_1,PIGE,1.1715293464832752e-4,1.0805766230990143e-4,9.889249407704615e-5,8.995786012634327e-5,8.078086962260839e-5,7.16038791188735e-5,0.1222119164374787,0.1222119164374787,0.1222119164374787,0.1222119164374787,0.1222119164374787,0.1222119164374787,9.586e-4,8.842e-4,8.092e-4,7.361e-4,6.61e-4,5.859e-4
VEN,VEN.17_1,VEN.17.12_1,PIGE,0,0,0,0,0,0,0.013877986310302072,0.013877986310302072,0.013877986310302072,0.013877986310302072,0.013877986310302072,0.013877986310302072,0,0,0,0,0,0
VEN,VEN.17_1,VEN.17.13_1,PIGE,0,0,0,0,0,0,0.048994352907130063,0.048994352907130063,0.048994352907130063,0.048994352907130063,0.048994352907130063,0.048994352907130063,0,0,0,0,0,0
VEN,VEN.17_1,VEN.17.2_1,PIGE,6.445905235721144e-4,6.039369778676236e-4,5.592472870245627e-4,5.081110355167625e-4,4.5843526042855886e-4,4.064257809671421e-4,0.4098933331887244,0.4098933331887244,0.4098933331887244,0.4098933331887244,0.4098933331887244,0.4098933331887244,0.001573,0.001473,0.001364,0.00124,0.001118,9.915e-4
VEN,VEN.17_1,VEN.17.5_1,PIGE,0.008062497846999707,0.007084882898554232,0.006079548129163119,0.005072326183004847,0.004060320519461886,0.003042613021207589,0.7258976582088902,0.7258976582088902,0.7258976582088902,0.7258976582088902,0.7258976582088902,0.7258976582088902,0.01111,0.00976,0.008375,0.006988,0.005594,0.004192
VEN,VEN.17_1,VEN.17.6_1,PIGE,0.0011260128067627046,0.001018668400610325,9.140694254136376e-4,8.051732007961919e-4,6.90255745743752e-4,5.735506611405722e-4,0.3941093252909041,0.3941093252909041,0.3941093252909041,0.3941093252909041,0.3941093252909041,0.3941093252909041,0.002857,0.002585,0.002319,0.002043,0.001751,0.001455
VEN,VEN.17_1,VEN.17.8_1,PIGE,0.002031130242178237,0.0018744051690404537,0.0017073272604961453,0.0015576435382354775,0.0013946409440453523,0.0012307605962064783,0.6960510762651393,0.6960510762651393,0.6960510762651393,0.6960510762651393,0.6960510762651393,0.6960510762651393,0.002918,0.002693,0.002453,0.002238,0.002004,0.001768
VEN,VEN.17_1,VEN.17.9_1,PIGE,0.0010046364159270263,9.02267747004999e-4,8.029799839527939e-4,6.994748499398185e-4,5.92026477568093e-4,4.7977267290147375e-4,0.014265352321073631,0.014265352321073631,0.014265352321073631,0.014265352321073631,0.014265352321073631,0.014265352321073631,0.07042,0.06325,0.05629,0.04903,0.0415,0.03363
VEN,VEN.18_1,VEN.18.10_1,PIGE,3.7036908658135167e-6,3.381630790525385e-6,3.0595707152372527e-6,2.737510639949122e-6,2.4154505646609896e-6,2.0933904893728574e-6,0.008405072590226773,0.008405072590226773,0.008405072590226773,0.008405072590226773,0.008405072590226773,0.008405072590226773,4.406e-4,4.023e-4,3.64e-4,3.257e-4,2.874e-4,2.491e-4
VEN,VEN.18_1,VEN.18.1_1,PIGE,2.0197738441417936e-4,1.9726229236362953e-4,1.845739732334888e-4,1.9533493777371792e-4,1.814440912758659e-4,1.6755324477801386e-4,0.06770774353047683,0.06770774353047683,0.06770774353047683,0.06770774353047683,0.06770774353047683,0.06770774353047683,0.002983,0.002913,0.002726,0.002885,0.00268,0.002475
VEN,VEN.18_1,VEN.18.2_1,PIGE,0,0,0,0,0,0,4.4729839478674686e-4,4.4729839478674686e-4,4.4729839478674686e-4,4.4729839478674686e-4,4.4729839478674686e-4,4.4729839478674686e-4,0,0,0,0,0,0
VEN,VEN.18_1,VEN.18.3_1,PIGE,6.121430305054198e-5,5.705157081132526e-5,5.2888838572108534e-5,5.0476812949623745e-5,4.635317069184568e-5,4.2094049918030525e-5,0.03425368998860385,0.03425368998860385,0.03425368998860385,0.03425368998860385,0.03425368998860385,0.03425368998860385,0.001787,0.001666,0.001544,0.001474,0.001353,0.001229
VEN,VEN.18_1,VEN.18.4_1,PIGE,4.834994761367856e-6,5.6055254978495e-6,5.13220126521489e-6,4.658877032580281e-6,4.185552799945672e-6,3.7122285673110633e-6,0.009334462384864007,0.009334462384864007,0.009334462384864007,0.009334462384864007,0.009334462384864007,0.009334462384864007,5.18e-4,6.005e-4,5.498e-4,4.991e-4,4.484e-4,3.977e-4
VEN,VEN.18_1,VEN.18.5_1,PIGE,9.9616483118554e-5,9.838231083995011e-5,9.279326210820496e-5,8.912267973093521e-5,8.246795874703548e-5,7.513077981046927e-5,0.0857949581192712,0.0857949581192712,0.0857949581192712,0.0857949581192712,0.0857949581192712,0.0857949581192712,0.001161,0.001147,0.001082,0.001039,9.612e-4,8.757e-4
VEN,VEN.18_1,VEN.18.8_1,PIGE,0,0,0,0,0,0,0.0010532188713786312,0.0010532188713786312,0.0010532188713786312,0.0010532188713786312,0.0010532188713786312,0.0010532188713786312,0,0,0,0,0,0
VEN,VEN.19_1,VEN.19.10_1,PIGE,0.0768319805932011,0.0650304459992671,0.05426895884224533,0.044507718078985015,0.037191596538072656,0.03270061845248044,19.61894170058404,19.61894170058404,19.61894170058404,19.61894170058404,19.61894170058404,19.61894170058404,0.003916,0.003315,0.002766,0.002269,0.001896,0.001667
VEN,VEN.19_1,VEN.19.11_1,PIGE,0.021884122015227346,0.018765853561492955,0.015762640106105667,0.01284311655110545,0.010261880122972267,0.008180854978425585,3.8989221015582154,3.8989221015582154,3.8989221015582154,3.8989221015582154,3.8989221015582154,3.8989221015582154,0.005613,0.004813,0.004043,0.003294,0.002632,0.002098
VEN,VEN.19_1,VEN.19.12_1,PIGE,0.702255324957053,0.6624113795737769,0.6173016338241821,0.5694097789966084,0.5194319080070234,0.47008361568510354,12.205918768805086,12.205918768805086,12.205918768805086,12.205918768805086,12.205918768805086,12.205918768805086,0.05753,0.05427,0.05057,0.04665,0.04256,0.03851
VEN,VEN.19_1,VEN.19.14_1,PIGE,0.26788325873601065,0.24183271757166508,0.21687601216048297,0.1925706192855834,0.1674951502369624,0.14509974497524403,45.67583397086818,45.67583397086818,45.67583397086818,45.67583397086818,45.67583397086818,45.67583397086818,0.005865,0.005295,0.004748,0.004216,0.003667,0.003177
VEN,VEN.19_1,VEN.19.1_1,PIGE,0.06488532508534578,0.057949530225983724,0.05103936494545626,0.044018001251644706,0.0371877432742761,0.030656310459019287,8.053312843831126,8.053312843831126,8.053312843831126,8.053312843831126,8.053312843831126,8.053312843831126,0.008057,0.007196,0.006338,0.005466,0.004618,0.003807
VEN,VEN.19_1,VEN.19.2_1,PIGE,0.2105975458331382,0.17515538183405469,0.1432622819522676,0.1140168735276233,0.08640991132722124,0.061040160815404226,10.06676679064054,10.06676679064054,10.06676679064054,10.06676679064054,10.06676679064054,10.06676679064054,0.02092,0.0174,0.01423,0.01133,0.008584,0.006064
VEN,VEN.19_1,VEN.19.3_1,PIGE,0.03776827865466866,0.03268864359136492,0.02807303842301135,0.024006149125139827,0.020509478036569415,0.01781808806582331,18.385202987677076,18.385202987677076,18.385202987677076,18.385202987677076,18.385202987677076,18.385202987677076,0.002054,0.001778,0.001527,0.001306,0.001116,9.692e-4
VEN,VEN.19_1,VEN.19.4_1,PIGE,0.5299029013549837,0.4870866282099991,0.4396413502521606,0.3928768465093549,0.3472692292552136,0.3097403552717526,17.62793796235382,17.62793796235382,17.62793796235382,17.62793796235382,17.62793796235382,17.62793796235382,0.03006,0.02763,0.02494,0.02229,0.0197,0.01757
VEN,VEN.19_1,VEN.19.5_1,PIGE,0.6579067051534524,0.5784852663932918,0.5054759053202287,0.4474848468121344,0.3987045941446118,0.3551102623263921,26.764806298861078,26.764806298861078,26.764806298861078,26.764806298861078,26.764806298861078,26.764806298861078,0.02458,0.02161,0.01889,0.01672,0.0149,0.01327
VEN,VEN.19_1,VEN.19.6_1,PIGE,4.031330991597213e-4,2.8227920332584463e-4,1.6787607358704853e-4,7.061254449988631e-5,1.377447508994341e-5,0,0.0026400556241437246,0.0026400556241437246,0.0026400556241437246,0.0026400556241437246,0.0026400556241437246,0.0026400556241437246,0.1527,0.1069,0.06359,0.02675,0.005217,0
VEN,VEN.19_1,VEN.19.7_1,PIGE,0.360817610467437,0.2969362718410603,0.2359951117473605,0.1882784135438442,0.14445661162120388,0.11946133410233788,27.68296037552529,27.68296037552529,27.68296037552529,27.68296037552529,27.68296037552529,27.68296037552529,0.01303,0.01073,0.008525,0.006801,0.005218,0.004315
VEN,VEN.19_1,VEN.19.8_1,PIGE,0.08913183231138141,0.07414195147409991,0.06212837407222855,0.05604818722452949,0.04578352742351146,0.03799745575328352,32.12730287042689,32.12730287042689,32.12730287042689,32.12730287042689,32.12730287042689,32.12730287042689,0.002774,0.002308,0.001934,0.001745,0.001425,0.001183
VEN,VEN.19_1,VEN.19.9_1,PIGE,0.9154192785670966,0.8202450738888838,0.7195394424767734,0.648505294779013,0.5785690966252446,0.5232352407320607,58.90236571257983,58.90236571257983,58.90236571257983,58.90236571257983,58.90236571257983,58.90236571257983,0.01554,0.01393,0.01222,0.01101,0.009823,0.008883
VEN,VEN.1_1,VEN.1.3_1,PIGE,0.002706750734078986,0.002692158665340526,0.0025743817650312755,0.0024829829669307606,0.002365535071755395,0.002228651598680733,0.4649337005135015,0.4649337005135015,0.4649337005135015,0.4649337005135015,0.4649337005135015,0.4649337005135015,0.005822,0.00579,0.005537,0.005341,0.005088,0.004793
VEN,VEN.21_1,VEN.21.12_1,PIGE,0,0,0,0,0,0,0.006011294602303562,0.006011294602303562,0.006011294602303562,0.006011294602303562,0.006011294602303562,0.006011294602303562,0,0,0,0,0,0
VEN,VEN.21_1,VEN.21.16_1,PIGE,0,0,0,0,0,0,0.03732959884133339,0.03732959884133339,0.03732959884133339,0.03732959884133339,0.03732959884133339,0.03732959884133339,0,0,0,0,0,0
VEN,VEN.21_1,VEN.21.19_1,PIGE,8.861823180310696e-4,8.367992289519277e-4,7.800564615985943e-4,7.107958285785015e-4,6.552444508260896e-4,5.852807790743208e-4,0.6064441278823448,0.6064441278823448,0.6064441278823448,0.6064441278823448,0.6064441278823448,0.6064441278823448,0.001461,0.00138,0.001286,0.001172,0.00108,9.651e-4
VEN,VEN.21_1,VEN.21.22_1,PIGE,1.9015998088663891e-4,1.734455766219959e-4,1.567311723573529e-4,1.4001676809270993e-4,1.2330236382806695e-4,1.0658795956342396e-4,0.6743556462309735,0.6743556462309735,0.6743556462309735,0.6743556462309735,0.6743556462309735,0.6743556462309735,2.82e-4,2.572e-4,2.324e-4,2.076e-4,1.828e-4,1.581e-4
VEN,VEN.21_1,VEN.21.24_1,PIGE,0,0,0,0,0,0,0.06764447526296659,0.06764447526296659,0.06764447526296659,0.06764447526296659,0.06764447526296659,0.06764447526296659,0,0,0,0,0,0
VEN,VEN.21_1,VEN.21.25_1,PIGE,0,0,0,0,0,0,2.0657722970439127e-4,2.0657722970439127e-4,2.0657722970439127e-4,2.0657722970439127e-4,2.0657722970439127e-4,2.0657722970439127e-4,0,0,0,0,0,0
VEN,VEN.21_1,VEN.21.26_1,PIGE,0,0,0,0,0,0,4.0959899365230915e-4,4.0959899365230915e-4,4.0959899365230915e-4,4.0959899365230915e-4,4.0959899365230915e-4,4.0959899365230915e-4,0,0,0,0,0,0
VEN,VEN.21_1,VEN.21.2_1,PIGE,0,0,0,0,0,0,0.03292139572881106,0.03292139572881106,0.03292139572881106,0.03292139572881106,0.03292139572881106,0.03292139572881106,0,0,0,0,0,0
VEN,VEN.21_1,VEN.21.3_1,PIGE,0.011810465856714027,0.010383465922621899,0.008955070541032308,0.007524209700295525,0.006095179396672754,0.004664047210637001,0.1922823574132893,0.1922823574132893,0.1922823574132893,0.1922823574132893,0.1922823574132893,0.1922823574132893,0.06142,0.054,0.04657,0.03913,0.0317,0.02426
VEN,VEN.21_1,VEN.21.7_1,PIGE,6.34376709134263e-4,6.219453465255331e-4,5.831481221845053e-4,5.431604520573222e-4,5.011210191405832e-4,4.514030374911653e-4,0.009433581538554649,0.009433581538554649,0.009433581538554649,0.009433581538554649,0.009433581538554649,0.009433581538554649,0.06725,0.06593,0.06182,0.05758,0.05312,0.04785
VEN,VEN.21_1,VEN.21.9_1,PIGE,0.0064396909850757585,0.006013929397091343,0.005567439649818406,0.0051358286600713945,0.004702268413373798,0.004215895940068633,0.8723581684459513,0.8723581684459513,0.8723581684459513,0.8723581684459513,0.8723581684459513,0.8723581684459513,0.007382,0.006894,0.006382,0.005887,0.00539,0.004833
VEN,VEN.22_1,VEN.22.10_1,PIGE,3.6981189258090215e-4,3.9086464907972144e-4,3.8697196857489244e-4,3.801875934712966e-4,3.501605204262024e-4,3.192118475014241e-4,0.1825152553201421,0.1825152553201421,0.1825152553201421,0.1825152553201421,0.1825152553201421,0.1825152553201421,0.002026,0.002142,0.00212,0.0020830000000000002,0.001919,0.001749
VEN,VEN.22_1,VEN.22.11_1,PIGE,4.0445233451425193e-4,3.735980694636086e-4,3.6235478634367687e-4,3.3049482991197136e-4,3.0596576600622167e-4,2.737298663680569e-4,0.210252273228697,0.210252273228697,0.210252273228697,0.210252273228697,0.210252273228697,0.210252273228697,0.001924,0.001777,0.001723,0.001572,0.001455,0.001302
VEN,VEN.22_1,VEN.22.17_1,PIGE,7.985241269000058e-4,6.355802752666377e-4,4.991866367501423e-4,4.049894337259806e-4,3.03929453175832e-4,2.3294222581563638e-4,0.17027934273234996,0.17027934273234996,0.17027934273234996,0.17027934273234996,0.17027934273234996,0.17027934273234996,0.004689,0.003733,0.002932,0.002378,0.001785,0.001368
VEN,VEN.22_1,VEN.22.1_1,PIGE,0.0010140683975558814,8.068220674758259e-4,6.107265823912363e-4,4.7806568268074777e-4,4.094760755473216e-4,3.5874595521207355e-4,0.0379872144764903,0.0379872144764903,0.0379872144764903,0.0379872144764903,0.0379872144764903,0.0379872144764903,0.02669,0.02124,0.01608,0.01258,0.01078,0.009444
VEN,VEN.22_1,VEN.22.3_1,PIGE,0,0,0,0,0,0,0.0028005413346217384,0.0028005413346217384,0.0028005413346217384,0.0028005413346217384,0.0028005413346217384,0.0028005413346217384,0,0,0,0,0,0
VEN,VEN.22_1,VEN.22.4_1,PIGE,2.0373147406613657e-4,2.0251179878239068e-4,1.964189481982368e-4,1.969310647965553e-4,1.8296078836607627e-4,1.6779824832865038e-4,0.09136453015268885,0.09136453015268885,0.09136453015268885,0.09136453015268885,0.09136453015268885,0.09136453015268885,0.00223,0.002217,0.00215,0.002155,0.002003,0.001837
VEN,VEN.22_1,VEN.22.5_1,PIGE,0.012995415030352373,0.00924396399669342,0.006145982551775568,0.0038873751555007457,0.0029292113167635257,0.001933504604509741,2.235319467299796,2.235319467299796,2.235319467299796,2.235319467299796,2.235319467299796,2.235319467299796,0.005814,0.004135,0.002749,0.001739,0.00131,8.65e-4
VEN,VEN.22_1,VEN.22.7_1,PIGE,0.0446386692185117,0.04010528206085278,0.03711092698065974,0.03548818154554237,0.032389859179902614,0.02945339570888409,0.6605220801939943,0.6605220801939943,0.6605220801939943,0.6605220801939943,0.6605220801939943,0.6605220801939943,0.06758,0.06072,0.05618,0.05373,0.04904,0.04459
VEN,VEN.22_1,VEN.22.9_1,PIGE,8.040506844411286e-4,5.6224438867075e-4,3.629260941440341e-4,2.3560218975357975e-4,1.7264395224563336e-4,1.3598777153535544e-4,0.3432673645974164,0.3432673645974164,0.3432673645974164,0.3432673645974164,0.3432673645974164,0.3432673645974164,0.002342,0.001638,0.001057,6.864e-4,5.029e-4,3.962e-4
VEN,VEN.24_1,VEN.24.10_1,PIGE,0.24364368580183288,0.23228397596628822,0.22161571653626203,0.20377927167781237,0.18875888324903908,0.17223724042900987,4.794216147974798,4.794216147974798,4.794216147974798,4.794216147974798,4.794216147974798,4.794216147974798,0.05082,0.04845,0.04623,0.04251,0.03937,0.03593
VEN,VEN.24_1,VEN.24.11_1,PIGE,0.07026868533041254,0.05586664808565447,0.04296117324972515,0.031223859804472853,0.020636251625387098,0.014256465577327057,6.142953574117651,6.142953574117651,6.142953574117651,6.142953574117651,6.142953574117651,6.142953574117651,0.01144,0.009094,0.006994,0.005083,0.003359,0.002321
VEN,VEN.24_1,VEN.24.12_1,PIGE,0.01846860586153025,0.01573734533661024,0.013201936410687757,0.010689041622803309,0.008279820034373317,0.006022376866439881,3.224423272420144,3.224423272420144,3.224423272420144,3.224423272420144,3.224423272420144,3.224423272420144,0.005728,0.004881,0.004094,0.003315,0.002568,0.001868
VEN,VEN.24_1,VEN.24.13_1,PIGE,0.053081535807380065,0.050050874851301254,0.047072045986752735,0.04366642593674295,0.04019031985244569,0.03668458044644795,1.8507264709091378,1.8507264709091378,1.8507264709091378,1.8507264709091378,1.8507264709091378,1.8507264709091378,0.02868,0.02704,0.02543,0.02359,0.02172,0.01982
VEN,VEN.24_1,VEN.24.14_1,PIGE,0.2643932490105727,0.23733013611127468,0.21190876059787894,0.18735657759613492,0.1644480196742556,0.14151381763754262,9.318211635431647,9.318211635431647,9.318211635431647,9.318211635431647,9.318211635431647,9.318211635431647,0.02837,0.02547,0.02274,0.02011,0.01765,0.01519
VEN,VEN.24_1,VEN.24.1_1,PIGE,0.007880734410251397,0.006687962969674617,0.00559696510810599,0.004479948337021137,0.0034323216132512973,0.0024840384051265083,1.0915154003214331,1.0915154003214331,1.0915154003214331,1.0915154003214331,1.0915154003214331,1.0915154003214331,0.00722,0.006127,0.005128,0.004104,0.003145,0.002276
VEN,VEN.24_1,VEN.24.2_1,PIGE,0.6758750563137483,0.6326919889558044,0.5884311014111295,0.541969838572594,0.5047641556869616,0.45464694640727127,19.399219673315564,19.399219673315564,19.399219673315564,19.399219673315564,19.399219673315564,19.399219673315564,0.03484,0.03261,0.03033,0.02794,0.02602,0.02344
VEN,VEN.24_1,VEN.24.3_1,PIGE,0.04533381917285141,0.042598261334479325,0.03913502045221252,0.03539651062563211,0.031855366846226106,0.028269242516708506,2.8139769012797307,2.8139769012797307,2.8139769012797307,2.8139769012797307,2.8139769012797307,2.8139769012797307,0.01611,0.01514,0.01391,0.01258,0.01132,0.01005
VEN,VEN.24_1,VEN.24.4_1,PIGE,0.013429142544950574,0.011655783624758267,0.009804165784128856,0.008119531563361333,0.0066171467476563535,0.005083650651935201,1.8010778114756714,1.8010778114756714,1.8010778114756714,1.8010778114756714,1.8010778114756714,1.8010778114756714,0.007456,0.006472,0.005443,0.004508,0.003674,0.002823
VEN,VEN.24_1,VEN.24.5_1,PIGE,0.01382960347570618,0.012510784363200791,0.011025802205210102,0.009415142704502928,0.007890090094134378,0.006613166614759621,2.06969202478882,2.06969202478882,2.06969202478882,2.06969202478882,2.06969202478882,2.06969202478882,0.006682,0.006045,0.005327,0.004549,0.003812,0.003195
VEN,VEN.24_1,VEN.24.6_1,PIGE,0.007099261000111925,0.007178315488835687,0.006745079430093783,0.006267102377901178,0.005693757415282298,0.005130446781976125,1.3283237640959793,1.3283237640959793,1.3283237640959793,1.3283237640959793,1.3283237640959793,1.3283237640959793,0.005345,0.005404,0.005078,0.004718,0.004286,0.003862
VEN,VEN.24_1,VEN.24.7_1,PIGE,0.004007935723848079,0.0034158689770093223,0.0028481879580726315,0.002295646350517742,0.0017791622685517385,0.00130837844946457,0.9228095385215848,0.9228095385215848,0.9228095385215848,0.9228095385215848,0.9228095385215848,0.9228095385215848,0.004343,0.003702,0.003086,0.002488,0.001928,0.001418
VEN,VEN.24_1,VEN.24.8_1,PIGE,0.08326373337936613,0.06486052443883217,0.051896598207208475,0.04188908279693024,0.034703854046305355,0.030174249195397088,3.5860310793476606,3.5860310793476606,3.5860310793476606,3.5860310793476606,3.5860310793476606,3.5860310793476606,0.02322,0.01809,0.01447,0.01168,0.009678,0.008414
VEN,VEN.24_1,VEN.24.9_1,PIGE,0.4136231260407429,0.39431805374473294,0.37441418845899493,0.346499089802378,0.3181505737393528,0.2885524936900053,7.585983295276981,7.585983295276981,7.585983295276981,7.585983295276981,7.585983295276981,7.585983295276981,0.05452,0.05198,0.04936,0.04568,0.04194,0.03804
VEN,VEN.25_1,VEN.25.10_1,PIGE,0.07065618489475987,0.047013737938616296,0.027759903034824986,0.013818167759536497,0.005950120502325765,0.0033765206048980683,3.7016012414682846,3.7016012414682846,3.7016012414682846,3.7016012414682846,3.7016012414682846,3.7016012414682846,0.01909,0.0127,0.007499,0.003733,0.001607,9.122e-4
VEN,VEN.25_1,VEN.25.11_1,PIGE,0.011995230050861505,0.008919776235624066,0.006447650464890265,0.0048580006771325665,0.004211324916685201,0.0035986831441489108,0.1477250626972411,0.1477250626972411,0.1477250626972411,0.1477250626972411,0.1477250626972411,0.1477250626972411,0.0812,0.06038,0.04365,0.03289,0.02851,0.02436
VEN,VEN.25_1,VEN.25.12_1,PIGE,0.4317561652801494,0.3236605958152467,0.2364120445493465,0.17221606179662138,0.13041517762469212,0.10539817299058223,5.454090049056568,5.454090049056568,5.454090049056568,5.454090049056568,5.454090049056568,5.454090049056568,0.07916,0.05934,0.04335,0.03158,0.02391,0.01932
VEN,VEN.25_1,VEN.25.13_1,PIGE,0.007520577981015991,0.005331196345190694,0.003626748865079498,0.0025700002110096067,0.002062136865314746,0.0017085875399428438,0.9453878393666383,0.9453878393666383,0.9453878393666383,0.9453878393666383,0.9453878393666383,0.9453878393666383,0.007955,0.005639,0.003836,0.002718,0.002181,0.001807
VEN,VEN.25_1,VEN.25.14_1,PIGE,6.55642681424856e-4,4.993495255200333e-4,3.7298453733745164e-4,2.7402939136765103e-4,2.0606390475345852e-4,1.7795152495671195e-4,0.1483170400884192,0.1483170400884192,0.1483170400884192,0.1483170400884192,0.1483170400884192,0.1483170400884192,0.004421,0.003367,0.002515,0.001848,0.001389,0.0012
VEN,VEN.25_1,VEN.25.15_1,PIGE,0.01703370624629709,0.012597912215852889,0.00893731361274031,0.006252133487024508,0.004392733871124383,0.0034082841298932035,1.0930008629423629,1.0930008629423629,1.0930008629423629,1.0930008629423629,1.0930008629423629,1.0930008629423629,0.01558,0.01153,0.008177,0.00572,0.004019,0.003118
VEN,VEN.25_1,VEN.25.16_1,PIGE,0.048987240895433264,0.03243453625311658,0.021041195606657653,0.012942218800155534,0.007488303518653457,0.0049396064210743135,2.096896553961351,2.096896553961351,2.096896553961351,2.096896553961351,2.096896553961351,2.096896553961351,0.02336,0.01547,0.01003,0.006172,0.003571,0.002356
VEN,VEN.25_1,VEN.25.17_1,PIGE,6.113435580720725e-5,4.837679504125974e-5,4.02872595876842e-5,3.8174025748962814e-5,3.487652109457527e-5,3.133363332204885e-5,0.08987543689080743,0.08987543689080743,0.08987543689080743,0.08987543689080743,0.08987543689080743,0.08987543689080743,6.802e-4,5.383e-4,4.483e-4,4.247e-4,3.881e-4,3.486e-4
VEN,VEN.25_1,VEN.25.18_1,PIGE,0.0019396821650988477,0.001226871192510071,7.744525600105008e-4,4.740655225585596e-4,2.1633915689213263e-4,8.958371897296433e-5,0.13405734733331204,0.13405734733331204,0.13405734733331204,0.13405734733331204,0.13405734733331204,0.13405734733331204,0.01447,0.009152,0.005777,0.003536,0.001614,6.682e-4
VEN,VEN.25_1,VEN.25.20_1,PIGE,0.008449230647125307,0.006796260124996144,0.005491056059717933,0.004497085720997389,0.0035056228008630273,0.0028279873670445806,0.7209698095809575,0.7209698095809575,0.7209698095809575,0.7209698095809575,0.7209698095809575,0.7209698095809575,0.01172,0.009427,0.007616,0.006238,0.004862,0.003922
VEN,VEN.25_1,VEN.25.21_1,PIGE,0.08089099346419905,0.05440491725033011,0.03151752484295459,0.016680048836942442,0.008730990585277022,0.004817796699961147,0.8153687612228926,0.8153687612228926,0.8153687612228926,0.8153687612228926,0.8153687612228926,0.8153687612228926,0.09921,0.06672,0.03865,0.02046,0.01071,0.005909
VEN,VEN.25_1,VEN.25.2_1,PIGE,0.16804815076117424,0.1260593677970385,0.09087073434845178,0.06751338668972605,0.05529673891238149,0.04755595686398029,2.1362356755528604,2.1362356755528604,2.1362356755528604,2.1362356755528604,2.1362356755528604,2.1362356755528604,0.07867,0.05901,0.04254,0.0316,0.02589,0.02226
VEN,VEN.25_1,VEN.25.4_1,PIGE,0.04692083032613086,0.04047551487243878,0.03408155673773607,0.027729793829246282,0.021413511263478242,0.01512966551874633,0.1297240362814417,0.1297240362814417,0.1297240362814417,0.1297240362814417,0.1297240362814417,0.1297240362814417,0.3617,0.312,0.2627,0.2138,0.1651,0.1166
VEN,VEN.25_1,VEN.25.5_1,PIGE,0,0,0,0,0,0,0.09169404118159581,0.09169404118159581,0.09169404118159581,0.09169404118159581,0.09169404118159581,0.09169404118159581,0,0,0,0,0,0
VEN,VEN.25_1,VEN.25.6_1,PIGE,0.0021278815519474082,0.0017742799601986033,0.0014905165705450093,0.0012881945017277035,0.001085047839027388,9.120189124578128e-4,0.7174741228860537,0.7174741228860537,0.7174741228860537,0.7174741228860537,0.7174741228860537,0.7174741228860537,0.002966,0.002473,0.002077,0.001795,0.001512,0.001271
VEN,VEN.25_1,VEN.25.8_1,PIGE,0.012693964133688947,0.007538399476067116,0.0042617025851862484,0.002333519940147824,0.0015294179492608244,0.0010820930578604791,0.87730514125813,0.87730514125813,0.87730514125813,0.87730514125813,0.87730514125813,0.87730514125813,0.01447,0.008593,0.004858,0.00266,0.001743,0.001233
VEN,VEN.25_1,VEN.25.9_1,PIGE,0.0186430984380916,0.010776427678372377,0.005788177451941032,0.0026996681115031324,9.890353088032127e-4,3.1865315802690326e-4,0.13100613811925885,0.13100613811925885,0.13100613811925885,0.13100613811925885,0.13100613811925885,0.13100613811925885,0.1423,0.08226,0.04418,0.02061,0.00755,0.002432
VEN,VEN.2_1,VEN.2.10_1,PIGE,2.3337289391665226e-4,2.1316894866617588e-4,1.9296500341569947e-4,1.7276105816522313e-4,1.5385300652901224e-4,1.33582605195753e-4,0.2606820359088209,0.2606820359088209,0.2606820359088209,0.2606820359088209,0.2606820359088209,0.2606820359088209,8.952e-4,8.177e-4,7.402e-4,6.627e-4,5.902e-4,5.124e-4
VEN,VEN.2_1,VEN.2.12_1,PIGE,6.947171079359478e-4,6.802126645407082e-4,6.413732647593373e-4,5.980981763236738e-4,5.560243780424449e-4,5.368316716832963e-4,0.05615771327187384,0.05615771327187384,0.05615771327187384,0.05615771327187384,0.05615771327187384,0.05615771327187384,0.01237,0.01211,0.01142,0.01065,0.009901,0.009559
VEN,VEN.2_1,VEN.2.14_1,PIGE,0.004065204185006009,0.0036215328241737932,0.003191457655569468,0.0027493070248432424,0.0022932626108008673,0.001831896739503481,0.092138356568999,0.092138356568999,0.092138356568999,0.092138356568999,0.092138356568999,0.092138356568999,0.04412,0.03931,0.03464,0.02984,0.02489,0.01988
VEN,VEN.2_1,VEN.2.16_1,PIGE,9.971416562122503e-4,9.590285883103764e-4,9.031044649306367e-4,8.41195594945174e-4,7.792362833654415e-4,7.121672429955735e-4,0.5062470772861766,0.5062470772861766,0.5062470772861766,0.5062470772861766,0.5062470772861766,0.5062470772861766,0.00197,0.001894,0.001784,0.001662,0.001539,0.001407
VEN,VEN.2_1,VEN.2.17_1,PIGE,8.645456418706553e-6,4.872426373429913e-6,2.750485571200406e-6,8.447575850428267e-7,0,0,0.008639545987761553,0.008639545987761553,0.008639545987761553,0.008639545987761553,0.008639545987761553,0.008639545987761553,0.001001,5.64e-4,3.184e-4,9.778e-5,0,0
VEN,VEN.2_1,VEN.2.19_1,PIGE,7.63371174758323e-6,7.113087918210463e-6,6.592464088837696e-6,6.071840259464928e-6,5.551216430092161e-6,5.0305926007193936e-6,0.0020577100332722937,0.0020577100332722937,0.0020577100332722937,0.0020577100332722937,0.0020577100332722937,0.0020577100332722937,0.00371,0.003457,0.003204,0.002951,0.002698,0.002445
VEN,VEN.2_1,VEN.2.1_1,PIGE,6.893483327103419e-4,6.600768833272722e-4,6.109440379297474e-4,5.555839517048466e-4,5.00933297505769e-4,4.4524117853992544e-4,0.09790864446381911,0.09790864446381911,0.09790864446381911,0.09790864446381911,0.09790864446381911,0.09790864446381911,0.007041,0.006742,0.00624,0.005675,0.005116,0.004548
VEN,VEN.2_1,VEN.2.20_1,PIGE,6.244054160392122e-5,5.754150335073414e-5,5.321712322521042e-5,4.828861532445083e-5,4.385770194579733e-5,3.890367637723743e-5,0.07231145236736365,0.07231145236736365,0.07231145236736365,0.07231145236736365,0.07231145236736365,0.07231145236736365,8.635e-4,7.957e-4,7.359e-4,6.678e-4,6.065e-4,5.38e-4
VEN,VEN.2_1,VEN.2.21_1,PIGE,2.452431765497681e-4,2.2768478413639297e-4,2.0582241055871922e-4,1.8402368858857067e-4,1.6224522056096496e-4,1.4037511255546583e-4,0.11963690436698438,0.11963690436698438,0.11963690436698438,0.11963690436698438,0.11963690436698438,0.11963690436698438,0.00205,0.001903,0.00172,0.001538,0.001356,0.001173
VEN,VEN.2_1,VEN.2.2_1,PIGE,0.0742606818358562,0.07075235454924865,0.06787120009822659,0.06486660221381328,0.060785315121556556,0.054974357953831744,1.3955910012059287,1.3955910012059287,1.3955910012059287,1.3955910012059287,1.3955910012059287,1.3955910012059287,0.05321,0.0507,0.04863,0.04648,0.04356,0.03939
VEN,VEN.2_1,VEN.2.4_1,PIGE,0.006401694949264061,0.006102884942893656,0.005953744827048934,0.00558683928795194,0.0051672044240039985,0.004687836849640482,1.574301016773449,1.574301016773449,1.574301016773449,1.574301016773449,1.574301016773449,1.574301016773449,0.004066,0.003877,0.003782,0.003549,0.003282,0.002978
VEN,VEN.2_1,VEN.2.5_1,PIGE,0.031369455267539724,0.02980287248925164,0.02919021320541497,0.027844093092258285,0.02594252322106612,0.02341168989696964,1.236467199417288,1.236467199417288,1.236467199417288,1.236467199417288,1.236467199417288,1.236467199417288,0.02537,0.0241,0.02361,0.02252,0.02098,0.01893
VEN,VEN.2_1,VEN.2.6_1,PIGE,6.294589694923978e-4,6.102352447172835e-4,6.396771320585017e-4,6.135612601600722e-4,5.750653867947809e-4,5.221999434869952e-4,0.1024168793341169,0.1024168793341169,0.1024168793341169,0.1024168793341169,0.1024168793341169,0.1024168793341169,0.006146,0.005958,0.006246,0.005991,0.005615,0.005099
VEN,VEN.2_1,VEN.2.7_1,PIGE,0,0,0,0,0,0,0.025128176007761904,0.025128176007761904,0.025128176007761904,0.025128176007761904,0.025128176007761904,0.025128176007761904,0,0,0,0,0,0
VEN,VEN.2_1,VEN.2.8_1,PIGE,0.003693826853193435,0.0033918810161043516,0.0031092702603907354,0.002809900950485131,0.0025105736588057325,0.0021961890534492714,0.9361298715593277,0.9361298715593277,0.9361298715593277,0.9361298715593277,0.9361298715593277,0.9361298715593277,0.003946,0.003623,0.003321,0.003002,0.002682,0.002346
VEN,VEN.2_1,VEN.2.9_1,PIGE,0.034577162415949,0.03260154763636106,0.03065168900007489,0.02835847593778849,0.0259086620575061,0.023302347151369345,0.715768705640855,0.715768705640855,0.715768705640855,0.715768705640855,0.715768705640855,0.715768705640855,0.04831,0.04555,0.04282,0.03962,0.0362,0.03256
VEN,VEN.3_1,VEN.3.1_1,PIGE,0.00928967917531505,0.00869915162986598,0.00841613695563576,0.00767440166283106,0.00693269211379686,0.00618317311762339,0.44825920727431934,0.44825920727431934,0.44825920727431934,0.44825920727431934,0.44825920727431934,0.44825920727431934,0.02072,0.01941,0.01878,0.01712,0.01547,0.01379
VEN,VEN.3_1,VEN.3.2_1,PIGE,0.00132248325550303,0.00125638770878896,0.00150225232513955,0.00154027686674428,0.00152758728142819,0.00151888424808777,0.20623749802518582,0.20623749802518582,0.20623749802518582,0.20623749802518582,0.20623749802518582,0.20623749802518582,0.006412,0.006092,0.007284,0.007468,0.007407,0.007365
VEN,VEN.3_1,VEN.3.4_1,PIGE,0.03647082218406076,0.03584990096655173,0.03513625672586829,0.03352816250282561,0.03202516955064768,0.031087135685359348,0.8338949716133179,0.8338949716133179,0.8338949716133179,0.8338949716133179,0.8338949716133179,0.8338949716133179,0.04374,0.04299,0.04214,0.04021,0.0384,0.03728
VEN,VEN.3_1,VEN.3.5_1,PIGE,0.0020579707259435905,0.0026048535034427526,0.002419150956515169,0.002261163063874372,0.0021059129155413516,0.0019171545574751133,0.8003561424831435,0.8003561424831435,0.8003561424831435,0.8003561424831435,0.8003561424831435,0.8003561424831435,0.002571,0.003255,0.003023,0.002825,0.002631,0.002395
VEN,VEN.3_1,VEN.3.6_1,PIGE,2.485358195314175e-4,2.383552917084615e-4,2.462023444788999e-4,2.3524966620461015e-4,2.2031296434015137e-4,2.0376897598134197e-4,0.07027749472852829,0.07027749472852829,0.07027749472852829,0.07027749472852829,0.07027749472852829,0.07027749472852829,0.003536,0.003392,0.003503,0.003347,0.003135,0.002899
VEN,VEN.3_1,VEN.3.7_1,PIGE,0.2536645098734494,0.21828301033452074,0.1828444694934561,0.14749320215260242,0.11205183842265462,0.07660116769379785,0.6381932855418586,0.6381932855418586,0.6381932855418586,0.6381932855418586,0.6381932855418586,0.6381932855418586,0.3975,0.342,0.2865,0.2311,0.1756,0.12
VEN,VEN.4_1,VEN.4.11_1,PIGE,0.02273079243860319,0.0184280318948009,0.014094576526336158,0.010635975610487992,0.008305222080463508,0.006314600701959618,0.1039403719305763,0.1039403719305763,0.1039403719305763,0.1039403719305763,0.1039403719305763,0.1039403719305763,0.2187,0.1773,0.1356,0.1023,0.0799,0.06075
VEN,VEN.4_1,VEN.4.12_1,PIGE,0.032025602620536525,0.026991946905342182,0.02220933451172904,0.017670505437615225,0.013302898897273622,0.009028622068280156,0.12163562375733465,0.12163562375733465,0.12163562375733465,0.12163562375733465,0.12163562375733465,0.12163562375733465,0.2633,0.2219,0.1826,0.1453,0.1094,0.07423
VEN,VEN.4_1,VEN.4.13_1,PIGE,8.021173450791268e-4,6.284915612117191e-4,5.004169591604746e-4,3.928783241821919e-4,2.975781265280864e-4,2.2716457155251638e-4,0.4096669249639003,0.4096669249639003,0.4096669249639003,0.4096669249639003,0.4096669249639003,0.4096669249639003,0.001958,0.001534,0.001222,9.59e-4,7.264e-4,5.545e-4
VEN,VEN.4_1,VEN.4.14_1,PIGE,0.004275724164368896,0.003716788191899236,0.003183829314522041,0.0026714465552767405,0.0021853718593245713,0.0017176988366436339,0.018052847217239636,0.018052847217239636,0.018052847217239636,0.018052847217239636,0.018052847217239636,0.018052847217239636,0.2368,0.2059,0.1764,0.148,0.1211,0.09515
VEN,VEN.4_1,VEN.4.15_1,PIGE,0.006603182939879939,0.00560561896248014,0.005039939077240579,0.004556607330570529,0.004086837680366413,0.003627530211305872,1.2097043319019354,1.2097043319019354,1.2097043319019354,1.2097043319019354,1.2097043319019354,1.2097043319019354,0.005459,0.004634,0.0041660000000000004,0.003767,0.003378,0.002999
VEN,VEN.4_1,VEN.4.17_1,PIGE,0.19995419414024418,0.16665778234425835,0.14440465640998051,0.12403858928317209,0.10725552257472942,0.09413506010714269,35.56388403352592,35.56388403352592,35.56388403352592,35.56388403352592,35.56388403352592,35.56388403352592,0.005622,0.004686,0.00406,0.003488,0.003016,0.002647
VEN,VEN.4_1,VEN.4.18_1,PIGE,0.05691871907713095,0.049247323092983346,0.04154331349973842,0.0340532827804164,0.026796184099703857,0.019696645845740993,3.3795262044689554,3.3795262044689554,3.3795262044689554,3.3795262044689554,3.3795262044689554,3.3795262044689554,0.01684,0.01457,0.01229,0.01008,0.007929,0.005828
VEN,VEN.4_1,VEN.4.1_1,PIGE,4.2312503229856096e-4,3.227617312969539e-4,2.3550375731852e-4,1.7996404236082046e-4,1.4603927082443614e-4,1.1465377175500384e-4,0.2755763868506105,0.2755763868506105,0.2755763868506105,0.2755763868506105,0.2755763868506105,0.2755763868506105,0.001535,0.001171,8.546e-4,6.53e-4,5.299e-4,4.161e-4
VEN,VEN.4_1,VEN.4.2_1,PIGE,0.03286837785605928,0.026877455477343427,0.02228384471353515,0.01795129051333949,0.013756727704172689,0.009751203508933763,1.4875078624922957,1.4875078624922957,1.4875078624922957,1.4875078624922957,1.4875078624922957,1.4875078624922957,0.0221,0.01807,0.01498,0.012070000000000001,0.009248,0.006555
VEN,VEN.4_1,VEN.4.3_1,PIGE,9.881857276118596e-4,7.694366088335723e-4,6.093432900552071e-4,4.996753306234299e-4,4.089007455907115e-4,3.5263668387079206e-4,0.3447247155959484,0.3447247155959484,0.3447247155959484,0.3447247155959484,0.3447247155959484,0.3447247155959484,0.002867,0.002232,0.001768,0.001449,0.001186,0.001023
VEN,VEN.4_1,VEN.4.4_1,PIGE,0.0016628157566654605,9.384938068347812e-4,6.136208655874449e-4,4.536524608745873e-4,3.555797296228675e-4,3.063972057299242e-4,0.9676003368964622,0.9676003368964622,0.9676003368964622,0.9676003368964622,0.9676003368964622,0.9676003368964622,0.001718,9.699e-4,6.342e-4,4.688e-4,3.675e-4,3.167e-4
VEN,VEN.4_1,VEN.4.5_1,PIGE,1.699878462807597e-4,1.4616204017682392e-4,1.2317796572551418e-4,1.02764561465658e-4,8.408009574462927e-5,6.539563002360054e-5,0.06501288258335053,0.06501288258335053,0.06501288258335053,0.06501288258335053,0.06501288258335053,0.06501288258335053,0.002615,0.002248,0.001895,0.001581,0.001293,0.001006
VEN,VEN.4_1,VEN.4.6_1,PIGE,0.028258434525441127,0.025026611761101297,0.02125850694325549,0.017737093689626563,0.014515315140837409,0.01150882349986374,0.3011596090526619,0.3011596090526619,0.3011596090526619,0.3011596090526619,0.3011596090526619,0.3011596090526619,0.09383,0.0831,0.07059,0.0589,0.0482,0.03822
VEN,VEN.4_1,VEN.4.7_1,PIGE,0.010744825322009807,0.010233557554501865,0.009494849451500083,0.00879154257219692,0.008304921400417614,0.007602858913622451,0.1852507106254472,0.1852507106254472,0.1852507106254472,0.1852507106254472,0.1852507106254472,0.1852507106254472,0.058,0.05524,0.05125,0.04746,0.04483,0.04104
VEN,VEN.4_1,VEN.4.8_1,PIGE,0.006248409908877397,0.0054139306507783,0.004605579410480743,0.003813288217824154,0.0030315999100149786,0.0022483325455069526,0.6816805110931379,0.6816805110931379,0.6816805110931379,0.6816805110931379,0.6816805110931379,0.6816805110931379,0.009166,0.007942,0.006756,0.005594,0.0044470000000000004,0.003298
VEN,VEN.4_1,VEN.4.9_1,PIGE,3.094764452902188e-4,2.871234919052371e-4,2.647705385202554e-4,2.424175851352737e-4,2.2006463175029204e-4,1.9771167836531037e-4,0.4124639183176778,0.4124639183176778,0.4124639183176778,0.4124639183176778,0.4124639183176778,0.4124639183176778,7.503e-4,6.961e-4,6.419e-4,5.877e-4,5.335e-4,4.793e-4
VEN,VEN.5_1,VEN.5.10_1,PIGE,0.018661001399104284,0.01777756409777864,0.017049369019395973,0.016065004108841752,0.014979155864223433,0.013619962305570917,1.0208556122149988,1.0208556122149988,1.0208556122149988,1.0208556122149988,1.0208556122149988,1.0208556122149988,0.01828,0.01741,0.0167,0.01574,0.01467,0.01334
VEN,VEN.5_1,VEN.5.11_1,PIGE,0.03647569396696418,0.03502490077079972,0.033081986022984594,0.030553482427956826,0.02795887286972373,0.025167002856931724,2.248354907760272,2.248354907760272,2.248354907760272,2.248354907760272,2.248354907760272,2.248354907760272,0.01622,0.01558,0.01471,0.01359,0.01244,0.01119
VEN,VEN.5_1,VEN.5.12_1,PIGE,0.0773059076588565,0.07383321323663643,0.07248788051308534,0.06801573086437238,0.06267666526791026,0.05692600318002525,2.4303110053386425,2.4303110053386425,2.4303110053386425,2.4303110053386425,2.4303110053386425,2.4303110053386425,0.03181,0.03038,0.02983,0.02799,0.02579,0.02342
VEN,VEN.5_1,VEN.5.1_1,PIGE,0.01570598758310941,0.01459302959948329,0.013266745320397209,0.011938384570287562,0.010684384552014956,0.009606204058872785,2.081731794507443,2.081731794507443,2.081731794507443,2.081731794507443,2.081731794507443,2.081731794507443,0.007545,0.00701,0.006373,0.005735,0.005132,0.004615
VEN,VEN.5_1,VEN.5.2_1,PIGE,0.01936574125264388,0.01839808144405777,0.01851278807728747,0.01768792383759447,0.01654493769564919,0.01921138365835831,0.35913506792469213,0.35913506792469213,0.35913506792469213,0.35913506792469213,0.35913506792469213,0.35913506792469213,0.05392,0.05123,0.05155,0.04925,0.04607,0.05349
VEN,VEN.5_1,VEN.5.3_1,PIGE,0.028486573765201518,0.026860673734885432,0.02510350184383303,0.023106541879859485,0.021079268743210134,0.0188584657176168,1.7311094533904678,1.7311094533904678,1.7311094533904678,1.7311094533904678,1.7311094533904678,1.7311094533904678,0.01646,0.01552,0.0145,0.01335,0.01218,0.01089
VEN,VEN.5_1,VEN.5.4_1,PIGE,0.016220871971977382,0.01565170151245188,0.01461946709171332,0.01363959211418081,0.012501633374776451,0.011355444871246852,1.0565643953676154,1.0565643953676154,1.0565643953676154,1.0565643953676154,1.0565643953676154,1.0565643953676154,0.01535,0.01481,0.01384,0.01291,0.01183,0.01075
VEN,VEN.5_1,VEN.5.5_1,PIGE,0.06668561008599617,0.06532218685294745,0.06253649174561891,0.05817715593528477,0.05351963233642434,0.048693570821547544,5.239401827890156,5.239401827890156,5.239401827890156,5.239401827890156,5.239401827890156,5.239401827890156,0.01273,0.01247,0.01194,0.0111,0.01021,0.009294
VEN,VEN.5_1,VEN.5.6_1,PIGE,0.05001663065081987,0.04472695299270499,0.038545078842375236,0.03223436687025534,0.02586493834351714,0.01951574521127838,0.04266397332614875,0.04266397332614875,0.04266397332614875,0.04266397332614875,0.04266397332614875,0.04266397332614875,1.172,1.048,0.9035,0.7555,0.6062,0.4574
VEN,VEN.5_1,VEN.5.7_1,PIGE,0.02732703803797599,0.02585343719606487,0.02419276453951716,0.02263575628884319,0.02075322494183068,0.01881959036104767,0.24643074072125115,0.24643074072125115,0.24643074072125115,0.24643074072125115,0.24643074072125115,0.24643074072125115,0.1109,0.1049,0.09817,0.09185,0.08422,0.07637
VEN,VEN.5_1,VEN.5.8_1,PIGE,0.01488196723680572,0.014127906452442534,0.015095734816096312,0.014444208039884375,0.016070822346486702,0.015732799796382445,0.28398476608837653,0.28398476608837653,0.28398476608837653,0.28398476608837653,0.28398476608837653,0.28398476608837653,0.0524,0.04975,0.05316,0.05086,0.05659,0.0554
VEN,VEN.5_1,VEN.5.9_1,PIGE,0.06555467921769267,0.06498323036615006,0.06243037013678387,0.05862692952932249,0.0537834994052449,0.048435933893586976,3.480721527736996,3.480721527736996,3.480721527736996,3.480721527736996,3.480721527736996,3.480721527736996,0.01883,0.01867,0.01794,0.01684,0.01545,0.01392
VEN,VEN.6_1,VEN.6.11_1,PIGE,0.15964796591507027,0.13480261826258877,0.11256423558281704,0.09353529043446414,0.08101930074283448,0.06961042891513791,4.885548730538361,4.885548730538361,4.885548730538361,4.885548730538361,4.885548730538361,4.885548730538361,0.03268,0.02759,0.02304,0.01915,0.01658,0.01425
VEN,VEN.6_1,VEN.6.1_1,PIGE,0.607694246494607,0.5556847552911047,0.5086958292000929,0.4719327890492521,0.4327705314947858,0.39076007825123704,12.84920276627314,12.84920276627314,12.84920276627314,12.84920276627314,12.84920276627314,12.84920276627314,0.04729,0.04325,0.03959,0.03673,0.03368,0.03041
VEN,VEN.6_1,VEN.6.2_1,PIGE,0.06994412109482646,0.05666687759647649,0.04485781554360585,0.034482196808003684,0.02515281825532252,0.01697050688843709,0.34603187994643525,0.34603187994643525,0.34603187994643525,0.34603187994643525,0.34603187994643525,0.34603187994643525,0.2021,0.1638,0.1296,0.09965,0.07269,0.04904
VEN,VEN.6_1,VEN.6.3_1,PIGE,0.09771944154213949,0.09945691611757711,0.09676852605846809,0.09411261881077299,0.09113457312839833,0.08540093838704892,4.340880573536763,4.340880573536763,4.340880573536763,4.340880573536763,4.340880573536763,4.340880573536763,0.02251,0.02291,0.02229,0.02168,0.02099,0.01967
VEN,VEN.6_1,VEN.6.6_1,PIGE,1.3724883423564576e-4,2.77317876842351e-4,2.626563475961282e-4,2.479948183499053e-4,2.333332891036824e-4,2.186717598574595e-4,0.01437658327401519,0.01437658327401519,0.01437658327401519,0.01437658327401519,0.01437658327401519,0.01437658327401519,0.009547,0.01929,0.01827,0.01725,0.01623,0.01521
VEN,VEN.6_1,VEN.6.7_1,PIGE,0.8463565208778893,0.7200622209608422,0.6125973460656049,0.5161920497049374,0.4320080472918604,0.3534723779391297,20.74546604913472,20.74546604913472,20.74546604913472,20.74546604913472,20.74546604913472,20.74546604913472,0.0408,0.03471,0.02953,0.02488,0.02082,0.01704
VEN,VEN.6_1,VEN.6.8_1,PIGE,0.29356241119653437,0.24607877457373517,0.2060319819116412,0.17059301697384446,0.14051114461874575,0.11256788555697698,8.399889379119386,8.399889379119386,8.399889379119386,8.399889379119386,8.399889379119386,8.399889379119386,0.03495,0.0293,0.02453,0.02031,0.01673,0.0134
VEN,VEN.7_1,VEN.7.10_1,PIGE,0.2227341494744664,0.21400263147487808,0.20314988324657365,0.18909722662912556,0.1902761595727648,0.1776926164532422,5.069861343043354,5.069861343043354,5.069861343043354,5.069861343043354,5.069861343043354,5.069861343043354,0.04393,0.04221,0.04007,0.0373,0.03753,0.03505
VEN,VEN.7_1,VEN.7.11_1,PIGE,0.00476759679578254,0.00491470693926135,0.00518960211805787,0.00489778132476324,0.00457646221363486,0.00422393859677743,0.47609239995110353,0.47609239995110353,0.47609239995110353,0.47609239995110353,0.47609239995110353,0.47609239995110353,0.01001,0.01032,0.0109,0.01029,0.009613,0.008872
VEN,VEN.7_1,VEN.7.12_1,PIGE,0.05420630894621428,0.04925419013976294,0.04434341923182699,0.03929212523969276,0.03422456100595166,0.029125577371088944,1.2015897676365312,1.2015897676365312,1.2015897676365312,1.2015897676365312,1.2015897676365312,1.2015897676365312,0.04511,0.04099,0.0369,0.0327,0.02848,0.02424
VEN,VEN.7_1,VEN.7.13_1,PIGE,0.13816514680252698,0.1177373409786815,0.0973096520648138,0.07690204073817349,0.0565143900887828,0.036151546837207726,2.2091091340091964,2.2091091340091964,2.2091091340091964,2.2091091340091964,2.2091091340091964,2.2091091340091964,0.06254,0.0533,0.04405,0.03481,0.02558,0.01636
VEN,VEN.7_1,VEN.7.14_1,PIGE,0.006600193031048551,0.005673774240064958,0.0049480297125897256,0.004316505046445593,0.00382563347409762,0.0034620914657471575,1.6009442446609912,1.6009442446609912,1.6009442446609912,1.6009442446609912,1.6009442446609912,1.6009442446609912,0.004123,0.003544,0.003091,0.002696,0.00239,0.002163
VEN,VEN.7_1,VEN.7.15_1,PIGE,1.2127008656682827,1.1834849507898872,1.1350903199219537,1.0595685424496166,0.9742527383551319,0.8892380605952334,16.849599791688444,16.849599791688444,16.849599791688444,16.849599791688444,16.849599791688444,16.849599791688444,0.07197,0.07024,0.06737,0.06288,0.05782,0.05278
VEN,VEN.7_1,VEN.7.1_1,PIGE,1.0948986024151675,1.064147819792572,1.0090280026475602,0.9399139095594845,0.8749465074440156,0.800493205793819,9.023454856814256,9.023454856814256,9.023454856814256,9.023454856814256,9.023454856814256,9.023454856814256,0.1213,0.1179,0.1118,0.1042,0.09696,0.08871
VEN,VEN.7_1,VEN.7.2_1,PIGE,0.87575179023797,0.8128748453261335,0.7464220015098946,0.6763878710808258,0.5959681475537172,0.5129630083222503,29.78955721102616,29.78955721102616,29.78955721102616,29.78955721102616,29.78955721102616,29.78955721102616,0.0294,0.02729,0.02506,0.02271,0.02001,0.01722
VEN,VEN.7_1,VEN.7.3_1,PIGE,0.00504019084992442,0.0047334487031018,0.00442670655627918,0.00411996440945655,0.00381322226263393,0.00350648011581131,1.864316402823697,1.864316402823697,1.864316402823697,1.864316402823697,1.864316402823697,1.864316402823697,0.002704,0.002539,0.002374,0.00221,0.002045,0.001881
VEN,VEN.7_1,VEN.7.4_1,PIGE,0.017528104382830704,0.013145832403471381,0.009379689723637468,0.007622483500319167,0.006101175314630814,0.004949195190119422,4.9675253228432945,4.9675253228432945,4.9675253228432945,4.9675253228432945,4.9675253228432945,4.9675253228432945,0.003529,0.002646,0.001888,0.001534,0.001228,9.963e-4
VEN,VEN.7_1,VEN.7.5_1,PIGE,1.278787962456231,1.2021148422005932,1.1303691704777343,1.0740285953442066,0.9961619556440231,0.9132394959147027,12.326423870901529,12.326423870901529,12.326423870901529,12.326423870901529,12.326423870901529,12.326423870901529,0.1037,0.09752,0.0917,0.08713,0.08082,0.07409
VEN,VEN.7_1,VEN.7.6_1,PIGE,0.01665348537382574,0.014199873035389787,0.012466896261774406,0.010453698514029284,0.008194829557171126,0.00604386486218833,2.785668229015624,2.785668229015624,2.785668229015624,2.785668229015624,2.785668229015624,2.785668229015624,0.005978,0.005097,0.004475,0.003753,0.002942,0.00217
VEN,VEN.7_1,VEN.7.7_1,PIGE,0.1609722213406647,0.1477385461679033,0.1354147891429719,0.12187677799696531,0.10724880018145636,0.09375051221034351,7.57379071151241,7.57379071151241,7.57379071151241,7.57379071151241,7.57379071151241,7.57379071151241,0.02125,0.01951,0.01788,0.01609,0.01416,0.01238
VEN,VEN.7_1,VEN.7.8_1,PIGE,0.01048581199824748,0.00681367117743664,0.00410474235752721,0.0018705194421078431,5.931886442462083e-4,3.2597123509077046e-4,2.385611784040665,2.385611784040665,2.385611784040665,2.385611784040665,2.385611784040665,2.385611784040665,0.004395,0.002856,0.001721,7.841e-4,2.487e-4,1.366e-4
VEN,VEN.7_1,VEN.7.9_1,PIGE,0.05504745718494687,0.053989450080787114,0.052120482974579066,0.046974047602291916,0.04169839337214075,0.036300084449486375,8.022074543454679,8.022074543454679,8.022074543454679,8.022074543454679,8.022074543454679,8.022074543454679,0.006862,0.00673,0.006497,0.005856,0.005198,0.004525
VEN,VEN.8_1,VEN.8.1_1,PIGE,0.8524587982646801,0.8068997204228284,0.7434197053347323,0.6867053385932653,0.6171624071480388,0.5467291473076219,37.35367599335176,37.35367599335176,37.35367599335176,37.35367599335176,37.35367599335176,37.35367599335176,0.02282,0.0216,0.0199,0.01838,0.01652,0.01464
VEN,VEN.8_1,VEN.8.2_1,PIGE,0.24317992019974188,0.2145024029136335,0.18130436527171254,0.1554838078582694,0.1311896784327834,0.11474307406962858,5.790339831944946,5.790339831944946,5.790339831944946,5.790339831944946,5.790339831944946,5.790339831944946,0.042,0.03704,0.03131,0.02685,0.02266,0.01982
VEN,VEN.8_1,VEN.8.3_1,PIGE,0.2736436999478939,0.23617901243942263,0.19950692045640037,0.1640626275477891,0.12860302396617831,0.09400559280010358,1.6463766002772797,1.6463766002772797,1.6463766002772797,1.6463766002772797,1.6463766002772797,1.6463766002772797,0.1662,0.1435,0.1212,0.09965,0.07811,0.0571
VEN,VEN.8_1,VEN.8.4_1,PIGE,1.3848302584846441,1.2808232675979543,1.1852160453416136,1.0714557746058697,0.96417745809848,0.858766353815346,15.819234409242135,15.819234409242135,15.819234409242135,15.819234409242135,15.819234409242135,15.819234409242135,0.08754,0.08097,0.07492,0.06773,0.06095,0.05429
VEN,VEN.8_1,VEN.8.5_1,PIGE,0.03772648584379458,0.030584856054964582,0.02434459190798054,0.018743837514533648,0.013622433304852088,0.00927600392391451,0.08109255671581274,0.08109255671581274,0.08109255671581274,0.08109255671581274,0.08109255671581274,0.08109255671581274,0.4652,0.3772,0.3002,0.2311,0.168,0.1144
VEN,VEN.8_1,VEN.8.6_1,PIGE,2.9362947596534887,2.5637795858358534,2.201133335623029,1.8466175616340437,1.4996648668144321,1.1579641582243896,30.379964513365326,30.379964513365326,30.379964513365326,30.379964513365326,30.379964513365326,30.379964513365326,0.09665,0.08439,0.07245,0.06078,0.04936,0.03812
VEN,VEN.8_1,VEN.8.7_1,PIGE,1.3431920852093202,1.1580478359039161,0.9724504274942548,0.7854299497145807,0.6001843962933469,0.4163130348466422,38.03954861219028,38.03954861219028,38.03954861219028,38.03954861219028,38.03954861219028,38.03954861219028,0.03531,0.03044,0.02556,0.02065,0.01578,0.01094
VEN,VEN.8_1,VEN.8.8_1,PIGE,1.7432073618159543,1.6195950267033217,1.498999745287144,1.4295901805933893,1.3144335925564539,1.1934486031507456,13.320505066265044,13.320505066265044,13.320505066265044,13.320505066265044,13.320505066265044,13.320505066265044,0.1309,0.1216,0.1125,0.1073,0.09868,0.08959
VEN,VEN.8_1,VEN.8.9_1,PIGE,2.5133982006847067,2.306089149879226,2.1029304823627015,1.9090788464420392,1.7115174930009136,1.5180000939768339,5.312726221665171,5.312726221665171,5.312726221665171,5.312726221665171,5.312726221665171,5.312726221665171,0.4731,0.4341,0.3958,0.3593,0.3222,0.2857
Z07,Z07.3_1,Z07.3.10_1,PIGE,3.0523947208831563,3.106348398244984,3.078502460961577,2.9258136114260167,2.73077483970387,2.4877823170693683,13.855750951909348,13.54849890893086,10.631339207472701,10.969412972175771,11.271291642422026,11.010248446653872,0.2203,0.2293,0.2896,0.2667,0.2423,0.226
Z07,Z07.3_1,Z07.3.12_1,PIGE,1.9485121711362596,1.8913513687493897,1.8061855577410764,1.697958459745851,1.5665391660402324,1.4044917184282844,44.35732543067792,43.373699288223385,34.034804365822396,35.1171021100989,36.08352612155591,35.24783139621469,0.04393,0.04361,0.05307,0.04835,0.04341,0.03985
Z07,Z07.3_1,Z07.3.15_1,PIGE,0.03403820067984235,0.02924715423073586,0.024456107781629356,0.019665061332522864,0.014874014883416373,0.010082968434309881,6.274443716039084e-6,6.135307579932302e-6,4.814299832245097e-6,4.967393288952079e-6,5.104096144835315e-6,4.985885241291573e-6,5425,4767,5080,3959,2914,2022
Z07,Z07.3_1,Z07.3.16_1,PIGE,4.1226133896788255,4.028009922536864,3.9659260145565622,3.749672818542262,3.476264332500916,3.1582162155091846,10.156625062866631,9.931401340878308,7.7930475671240504,8.040864411090036,8.262149311403972,8.070797873735104,0.4059,0.4056,0.5089,0.4663,0.4207,0.3913
Z07,Z07.3_1,Z07.3.17_1,PIGE,2.3892576979402955,2.3943489965322162,2.4936845274442554,2.7009386880470454,2.7431667012816243,2.5855263740064287,34.85181415792395,34.07897325318374,26.741348021821256,27.59171579041033,28.35104087861235,27.694430567292585,0.06855,0.07026,0.09325,0.09789,0.09676,0.09336
Z07,Z07.3_1,Z07.3.18_1,PIGE,3.9660144616245403,3.729017099193054,3.500445904688783,3.1925369762201616,2.8432965955478173,2.473350759432603,8.541505897377753,8.352097532129932,6.553787438358796,6.762196139192296,6.948292039093387,6.787369545331562,0.4643,0.4465,0.5341,0.4721,0.4092,0.3644
Z07,Z07.3_1,Z07.3.1_1,PIGE,0.03868086805551459,0.037900442957792234,0.03771559943827031,0.037819647867156796,0.03711550323972016,0.03637197235342406,0.7637625583608926,0.7468260814264163,0.5860251717921422,0.6046606166944435,0.6213009003067939,0.6069115669726006,0.05065,0.05075,0.06436,0.06255,0.05974,0.05993
Z07,Z07.3_1,Z07.3.3_1,PIGE,0.00491360831848272,0.00460781806690603,0.00430202781532934,0.00399623756375264,0.00369044731217595,0.00338465706059926,0.1203975535769611,0.1177277311736481,0.09237949182755462,0.09531713514548634,0.097940266399856,0.09567196912333295,0.04081,0.03914,0.04657,0.04193,0.03768,0.03538
Z07,Z07.3_1,Z07.3.4_1,PIGE,0.45512884824555927,0.41135934426331755,0.36665261593668663,0.3194302946959332,0.2695387592479891,0.2174419910295492,5.051153280909434,4.939143677796364,3.8756848405164788,3.9989305896423315,4.108981314496103,4.013817277603415,0.0901,0.08329,0.0946,0.07988,0.0656,0.05417
Z07,Z07.3_1,Z07.3.5_1,PIGE,0.36677019057018484,0.3193442144651488,0.27265736343901853,0.22405784078699198,0.1750474305767294,0.12506669588706193,5.671855411597551,5.546081704438662,4.351941589143811,4.49033217645341,4.613906292026422,4.507048189010771,0.06466,0.05758,0.06265,0.0499,0.03794,0.02775
Z07,Z07.3_1,Z07.3.6_1,PIGE,1.3817737235159568,1.3850522706558266,1.3844932584912417,1.3175761207312786,1.2396106579601567,1.144344101800022,1.1488549583532095,1.1233790361700566,0.8815016093196161,0.9095331265009158,0.9345635134021537,0.9129190156882796,1.203,1.233,1.571,1.449,1.326,1.254
Z07,Z07.3_1,Z07.3.9_1,PIGE,0.5833041116919768,0.6226408286696771,0.6374129739138373,0.5969602754778418,0.5739141259113085,0.5358490071466989,1.731269175867582,1.692878186228894,1.328380535416136,1.37062268382306,1.4083422732168935,1.3757250560070897,0.3369,0.3678,0.4798,0.4355,0.4075,0.3895
ZMB,ZMB.1_1,ZMB.1.11_2,PIGE,0.026555789864021958,0.02640382161402066,0.02616623672960807,0.025530394756102442,0.02423600975500787,0.02228146305481966,0.10933465281629343,0.1114112530958914,0.11353729623928932,0.11569630129188722,0.11790474920828507,0.1162014288162479,0.2429,0.237,0.2305,0.2207,0.2056,0.1917
ZMB,ZMB.1_1,ZMB.1.3_2,PIGE,0.0078022505896249575,0.007306725305558866,0.0068321656245240656,0.006503062321549076,0.006076734906374463,0.005550248403733716,0.05785225362846925,0.05895104530124391,0.06007599868051321,0.0612183931974456,0.062386949420872626,0.06148567136499176,0.1349,0.1239,0.1137,0.1062,0.0974,0.09027
ZMB,ZMB.1_1,ZMB.1.8_2,PIGE,0.0039435974771241675,0.003927252315703698,0.0036747295229108646,0.00343045548286669,0.003174861751215596,0.0028808883133848015,0.015385852654277872,0.015678077169568646,0.01597725941141397,0.01628108013762898,0.016591858590398537,0.016352162977892735,0.2563,0.2505,0.23,0.2107,0.1914,0.1762
ZMB,ZMB.2_1,ZMB.2.10_2,PIGE,4.558771790501927e-4,4.186683869707829e-4,3.800212069948408e-4,3.510335843120146e-4,3.164309972701977e-4,2.7919323992430873e-4,0.011463047874107462,0.011680766299211099,0.011903668496341014,0.012130026541488452,0.012361568358662162,0.012182985972420242,0.03977,0.03584,0.03192,0.02894,0.0256,0.02292
ZMB,ZMB.2_1,ZMB.2.1_2,PIGE,0.125882310265855,0.11351065617054497,0.10469345800774744,0.09635026785583994,0.08895099878115657,0.08071825267477865,0.3210406007222646,0.3271381460480115,0.33338087102437153,0.3397203824344735,0.34620507349518853,0.3412035942038892,0.3921,0.347,0.314,0.2836,0.2569,0.2366
ZMB,ZMB.2_1,ZMB.2.4_2,PIGE,0.02178406329418963,0.01990451494606513,0.020354271104077344,0.01849207075287326,0.01664248571376122,0.01474666530977239,0.023929328533465986,0.024383819850200487,0.02484913238876201,0.025321659075208208,0.025805006983481413,0.0254322128856459,0.9103,0.8163,0.8191,0.7303,0.6449,0.5798
ZMB,ZMB.2_1,ZMB.2.7_2,PIGE,0.01475878869437464,0.014424892396243557,0.013420280152805412,0.012873511288281857,0.012169394464665896,0.01105110130140293,0.15726857724957455,0.1602555897207,0.16331372153637608,0.16641926624841924,0.169595930305013,0.16714584912987113,0.09384,0.09001,0.082170000000000007,0.07736,0.07176,0.06612
ZMB,ZMB.2_1,ZMB.2.9_2,PIGE,0.04453115057977297,0.04521576067222729,0.04690059946220538,0.04585919225551541,0.04402467892325051,0.04072829768437155,0.10395423785328209,0.1059286475562537,0.10795006701405795,0.1100028263084173,0.11210259535760932,0.11048309624535906,0.4284,0.4269,0.4345,0.4169,0.3927,0.3686
ZMB,ZMB.3_1,ZMB.3.7_2,PIGE,0.13304136387048168,0.11277665807201939,0.09249094450637402,0.07219881704419005,0.051890695841845046,0.03157928952415063,0.1299028359199691,0.12909682704493947,0.13130469704202746,0.13970606054974796,0.14510673971300095,0.14153154223455264,1.024,0.8736,0.7044,0.5168,0.3576,0.2231
ZMB,ZMB.3_1,ZMB.3.8_2,PIGE,0.1904839591577944,0.16396557861301522,0.13745081583782767,0.11093954709625108,0.08443581691949993,0.05793914519666238,0.12010653630573383,0.1193613105874044,0.12140267955433723,0.1291704751071561,0.13416387546984326,0.13085829262629423,1.586,1.374,1.132,0.8589,0.6293,0.4428
ZMB,ZMB.4_1,ZMB.4.10_2,PIGE,0.002380489049874505,0.0020126786043410125,0.0017514364506968512,0.0015895428990165112,0.0014870110682890692,0.0013544788760854387,0.19322883694748946,0.19689884500528018,0.20065623420730405,0.2044718775054833,0.20837490194789565,0.20536459725652487,0.01232,0.01022,0.008729,0.007774,0.007136,0.006595
ZMB,ZMB.4_1,ZMB.4.11_2,PIGE,0.0034705626508781343,0.003158338887265929,0.0028520734954983378,0.002552320116866064,0.0022550379641913935,0.001956510982193,0.062338588109397165,0.06352258902917166,0.06473478044703604,0.06596576553029365,0.06722494111164115,0.06625377062175125,0.05567,0.04972,0.04406,0.03869,0.03354,0.02953
ZMB,ZMB.4_1,ZMB.4.12_2,PIGE,1.0108379230642877e-4,1.0910887175452622e-4,1.0634036375075295e-4,9.921823992532089e-5,9.300596938104562e-5,8.530179429123706e-5,0.004517863969651901,0.00460367205831276,0.004691523196703639,0.004780736368247866,0.004871992589522113,0.004801608958809094,0.02237,0.0237,0.02267,0.02075,0.01909,0.01777
ZMB,ZMB.4_1,ZMB.4.1_2,PIGE,0,0,0,0,0,0,0.023143997932335653,0.0235835734131126,0.024033614976765198,0.02449063392900155,0.024958118964113547,0.02459755950180245,0,0,0,0,0,0
ZMB,ZMB.4_1,ZMB.4.2_2,PIGE,0.015490315086960419,0.01416635277814955,0.012773802733371573,0.011469243363084802,0.010199548819341594,0.00900322367784053,0.9031606182952456,0.920314407548366,0.9378766203551322,0.9557111155309956,0.9739540342605046,0.9598837293864222,0.01715,0.01539,0.01362,0.012,0.01047,0.009379
ZMB,ZMB.4_1,ZMB.4.8_2,PIGE,0.0016423939192395133,0.001696978925740895,0.0016039043030085947,0.0015051243527575847,0.0014038260262212625,0.0012863007383256075,0.11965093211895292,0.12192347017246331,0.12425011627486685,0.12661283440986576,0.12902966059375778,0.12716562327937675,0.01373,0.01392,0.01291,0.01189,0.01088,0.01012
ZMB,ZMB.4_1,ZMB.4.9_2,PIGE,2.0320562053866405e-4,1.8703228325634195e-4,1.6472811468004782e-4,1.4746828019267412e-4,1.411559351868881e-4,1.2756079357374603e-4,0.025250452443843368,0.025730035954232913,0.026221038119631737,0.026719652721703416,0.027229685978784363,0.02683631014186623,0.008048,0.007269,0.006282,0.005519,0.005184,0.004753
ZMB,ZMB.6_1,ZMB.6.1_2,PIGE,0.009054037144872986,0.007828415930875689,0.006411129880679182,0.005018498928404206,0.0037805637339867098,0.0023750967116051938,0.200110350824816,0.19886872497725205,0.20226986427158633,0.2152118434595735,0.22353138317090548,0.2180239281826168,0.04525,0.03936,0.0317,0.02332,0.01691,0.01089
ZMB,ZMB.6_1,ZMB.6.3_2,PIGE,0.2750113444608511,0.23865592471803948,0.20235973860126702,0.16622348798005807,0.1302919388573181,0.09453010992033437,0.14221055531194907,0.14132818065944386,0.14374523657757574,0.15294259213451328,0.1588549617716246,0.15494103013834412,1.934,1.689,1.408,1.087,0.8202,0.6101
ZMB,ZMB.6_1,ZMB.6.6_2,PIGE,0.038538467167006395,0.03279311170710709,0.027053091746493237,0.02133840432483098,0.01565649523048356,0.00999465407730937,0.007573540004137168,0.007526548416805793,0.007655270716272621,0.00814508344564382,0.00845995154996762,0.008251511904027942,5.089,4.357,3.534,2.62,1.851,1.211
ZMB,ZMB.6_1,ZMB.6.8_2,PIGE,0.0041542656652049795,0.003629312110323036,0.003104358555441092,0.0025794050005591485,0.0020544514456772053,0.0015294978907952617,0.006099050625374254,0.006061207810792936,0.0061648692188839855,0.0065593205100577005,0.006812887073056963,0.006645028455788591,0.6811,0.5988,0.5036,0.3932,0.3016,0.2302
ZMB,ZMB.7_1,ZMB.7.10_2,PIGE,0.0177577676211036,0.017377137043292423,0.0166389029282024,0.015594770160682302,0.01436495284951576,0.012972776534054906,0.6408763091412509,0.6530485151936775,0.6655105356759238,0.6781657657780498,0.6911108103099953,0.6811266226986992,0.02771,0.02661,0.025,0.023,0.02079,0.01905
ZMB,ZMB.7_1,ZMB.7.2_2,PIGE,0.003346695461026853,0.003355667101467143,0.003185431688000437,0.0029624754623116803,0.0027262536321882034,0.00246130996605648,0.016683255277230274,0.01700012144619787,0.017324532047759928,0.017653972271051636,0.017990956926937807,0.017731049128382713,0.2006,0.1974,0.1839,0.1678,0.1515,0.1388
ZMB,ZMB.7_1,ZMB.7.8_2,PIGE,0.0633059184631732,0.0441704817906217,0.02640784361065246,0.013411829671294234,0.005819825613554464,0.0021754211856621145,0.3586356203224427,0.3654472103376112,0.3724209810674266,0.3795028722736732,0.3867469441945667,0.38115977352478353,0.1765,0.1209,0.07091,0.03534,0.01505,0.005707
ZMB,ZMB.7_1,ZMB.7.9_2,PIGE,0.002872995452183712,0.0018440015098003426,0.0011442298483871074,5.261858431075794e-4,1.2901383426732835e-4,0,0.01637995699449944,0.016691062599158306,0.017009575480118576,0.01733302654527978,0.01766388488674239,0.01740870216058235,0.1754,0.1105,0.06727,0.03036,0.007304,0
ZMB,ZMB.8_1,ZMB.8.2_2,PIGE,3.975324189659771e-4,2.927590444074302e-4,1.9244604108904545e-4,1.06226868676108e-4,3.542611862593715e-5,2.774758848105602e-6,0.0070278267622092055,0.007161306739905673,0.007297964812309198,0.00743674161451743,0.007578696511432719,0.0074692102659704605,0.05657,0.04088,0.02637,0.01428,0.004674,3.715e-4
