GID_0,GID_1,crop_type,EF_2020,EF_2021,EF_2022,EF_2023,EF_2024,EF_2025
AFG,AFG.14_1,VEGE,0,0,0,0,0,0
AFG,AFG.16_1,VEGE,0,0,0,0,0,0
AFG,AFG.19_1,VEGE,0.05394,0.02934,0.01646,0.006876,0.001469,5.433e-6
AFG,AFG.1_1,VEGE,0,0,0,0,0,0
AFG,AFG.20_1,VEGE,0,0,0,0.002806,0.002662,0.04473
AFG,AFG.21_1,VEGE,0,0,0,0,0.02358,0.03811
AFG,AFG.23_1,VEGE,0,0,0,0,0,0
AFG,AFG.27_1,VEGE,0,0,0,0,0,0
AFG,AFG.28_1,VEGE,0,0,0,0,0,0
AFG,AFG.29_1,VEGE,0.0599,0.01944,0,0,0,0
AFG,AFG.30_1,VEGE,0,0,0,0.04525,0.04348,0.04113
AFG,AFG.31_1,VEGE,0.01062,0.007327,0.005201,0.003507,0.002478,0.002009
AFG,AFG.32_1,VEGE,0,0,0,0,0.02563,0.02431
AFG,AFG.34_1,VEGE,0,0,0,0,0,0
AFG,AFG.3_1,VEGE,0.003291,0.002875,0.001949,0.001138,6.817e-4,5.506e-4
AFG,AFG.4_1,VEGE,0,6.834e-4,6.483e-4,6.661e-4,0.00367,0.006766
AFG,AFG.9_1,VEGE,0,0,0,0,0,0
AGO,AGO.10_1,VEGE,74.91,72.79,68.35,64.57,59.74,55.22
AGO,AGO.11_1,VEGE,3.688,3.209,2.747,2.289,1.836,1.504
AGO,AGO.12_1,VEGE,2.62,2.077,1.6,1.235,0.9705,0.923
AGO,AGO.13_1,VEGE,1.513,1.194,0.9042,0.6891,0.5394,0.4964
AGO,AGO.14_1,VEGE,1.204,1.147,1.066,1.002,0.9596,0.9445
AGO,AGO.15_1,VEGE,1.82,1.917,2.059,2.171,2.277,2.43
AGO,AGO.16_1,VEGE,0.1316,0.129,0.1242,0.1165,0.1185,0.1146
AGO,AGO.17_1,VEGE,2.281,2.379,2.317,2.283,2.211,2.152
AGO,AGO.18_1,VEGE,1.722,1.583,1.52,1.481,1.43,1.491
AGO,AGO.1_1,VEGE,0.6123,0.5058,0.4458,0.4241,0.4311,0.4895
AGO,AGO.2_1,VEGE,208.3,195.7,180,167.9,160.3,157.1
AGO,AGO.3_1,VEGE,3.076,2.776,2.473,2.154,1.838,1.535
AGO,AGO.4_1,VEGE,62.42,50.2,41.42,39.57,34.67,32.8
AGO,AGO.5_1,VEGE,4.005,3.733,3.496,3.265,3.263,3.463
AGO,AGO.6_1,VEGE,67.75,60.73,53.25,45.65,38.31,31.72
AGO,AGO.7_1,VEGE,99.38,109.5,118.3,128.1,140.6,158.8
AGO,AGO.8_1,VEGE,3.652,3.111,2.585,2.096,1.641,1.204
AGO,AGO.9_1,VEGE,54.74,58.34,61.91,66.36,69.98,76.06
ALB,ALB.10_1,VEGE,0.0149,0.01338,0.0119,0.01042,0.008935,0.01173
ALB,ALB.11_1,VEGE,0.3346,0.2955,0.2566,0.2183,0.1808,0.1439
ALB,ALB.12_1,VEGE,0.001838,0.001531,0.001327,0.001181,0.001124,9.88e-4
ALB,ALB.1_1,VEGE,0.01206,0.01078,0.009328,0.008109,0.007256,0.00643
ALB,ALB.2_1,VEGE,0.03157,0.02827,0.02498,0.02179,0.01871,0.01563
ALB,ALB.3_1,VEGE,0.007398,0.005285,0.003215,0.001144,6.22e-5,9.931e-6
ALB,ALB.4_1,VEGE,0.04806,0.0321,0.01636,0.007455,0.005617,0.004066
ALB,ALB.5_1,VEGE,0.003078,0.002001,0.001505,0.001126,9.06e-4,0.001449
ALB,ALB.6_1,VEGE,0,0.001569,0.001488,0.001408,0.001327,0.001247
ALB,ALB.7_1,VEGE,0.2272,0.1664,0.1154,0.07111,0.0359,0.01898
ALB,ALB.8_1,VEGE,0.04818,0.03179,0.02772,0.02365,0.02026,0.01756
ALB,ALB.9_1,VEGE,0,0,0.004123,0.003912,0.0037,0.003489
ARE,ARE.1_1,VEGE,0,0,0,0,0,0
ARE,ARE.4_1,VEGE,0,0,0,0,0,0
ARG,ARG.10_1,VEGE,0.3663,0.3469,0.3372,0.3189,0.299,0.2786
ARG,ARG.11_1,VEGE,0.003202,0.002076,0.001514,0.001193,9.765e-4,0.001084
ARG,ARG.12_1,VEGE,0.5047,0.426,0.3483,0.2851,0.2198,0.1434
ARG,ARG.13_1,VEGE,0.06243,0.05087,0.04021,0.03059,0.02176,0.01453
ARG,ARG.14_1,VEGE,0.8155,0.8453,0.8352,0.8294,0.8304,0.8372
ARG,ARG.15_1,VEGE,0.2657,0.218,0.1731,0.1336,0.1007,0.08087
ARG,ARG.16_1,VEGE,0.1054,0.09121,0.08033,0.08111,0.06859,0.06062
ARG,ARG.17_1,VEGE,0.4338,0.3857,0.3437,0.296,0.2484,0.2015
ARG,ARG.18_1,VEGE,0.0182,0.01603,0.01247,0.009068,0.006286,0.004376
ARG,ARG.19_1,VEGE,0.02282,0.01964,0.01644,0.01357,0.01211,0.009633
ARG,ARG.1_1,VEGE,0.1677,0.1265,0.09439,0.06753,0.04622,0.03099
ARG,ARG.20_1,VEGE,0.07695,0.03893,0.01947,0.01793,0.0164,0.01486
ARG,ARG.21_1,VEGE,1.213,1.045,0.8826,0.7256,0.5743,0.4289
ARG,ARG.22_1,VEGE,0.2323,0.2016,0.1703,0.1421,0.1238,0.1208
ARG,ARG.24_1,VEGE,0.4592,0.404,0.3512,0.2969,0.2419,0.1873
ARG,ARG.2_1,VEGE,0.6059,0.4138,0.232,0.1068,0.05264,0.03204
ARG,ARG.3_1,VEGE,0.6758,0.6644,0.6814,0.7297,0.755,0.7154
ARG,ARG.4_1,VEGE,0.1353,0.1257,0.1167,0.1365,0.1572,0.1544
ARG,ARG.6_1,VEGE,0.1036,0.08863,0.07403,0.05982,0.04599,0.03248
ARG,ARG.7_1,VEGE,0.3699,0.3352,0.3038,0.2798,0.3237,0.3072
ARG,ARG.8_1,VEGE,2.579,2.241,1.912,1.585,1.26,0.9329
ARG,ARG.9_1,VEGE,1.026,1.007,0.9661,0.9178,0.857,0.8188
ARM,ARM.10_1,VEGE,0.1736,0.111,0.04922,0.01593,0.3339,0.6001
ARM,ARM.11_1,VEGE,0,0,0,0,0,0
ARM,ARM.1_1,VEGE,0.001938,6.459e-4,0,0,0,0
ARM,ARM.2_1,VEGE,0.002583,0.002156,0.001852,0.002468,0.002172,0.001903
ARM,ARM.3_1,VEGE,2.689e-4,5.515e-5,0,0,1.501e-4,1.424e-4
ARM,ARM.4_1,VEGE,0.1585,0.1132,0.06793,0.02264,0,0
ARM,ARM.5_1,VEGE,0.4745,0.4026,0.3341,0.269,0.2096,0.1464
ARM,ARM.6_1,VEGE,0,0,0,0,0,0
ARM,ARM.7_1,VEGE,0.5865,0.4984,0.3966,0.3277,0.284,0.2758
ARM,ARM.8_1,VEGE,0,0,0,0,0,0
ARM,ARM.9_1,VEGE,0.713,0.2904,0.06439,0.04613,0.03903,0.8612
ATG,ATG.1_1,VEGE,3.416,2.939,2.463,1.986,1.509,1.033
ATG,ATG.3_1,VEGE,0.09572,0.1279,0.3913,0.6373,0.6157,2.006
ATG,ATG.4_1,VEGE,0.07899,0.06195,0.04557,0.03243,0.02291,0.01662
ATG,ATG.5_1,VEGE,0.1402,0.09849,0.05929,0.02639,0.006245,0
ATG,ATG.6_1,VEGE,0.03096,0.02192,0.01506,0.009223,0.005597,0.003172
ATG,ATG.7_1,VEGE,4.633,4.662,4.402,4.131,4.106,3.771
ATG,ATG.8_1,VEGE,0.1278,0.1097,0.09166,0.07359,0.05552,0.03745
AUS,AUS.10_1,VEGE,0.2719,0.2423,0.2124,0.1865,0.1646,0.15
AUS,AUS.11_1,VEGE,0.4663,0.3443,0.2459,0.1844,0.1542,0.1391
AUS,AUS.5_1,VEGE,0.6436,0.6468,0.8212,0.8363,0.818,0.7997
AUS,AUS.6_1,VEGE,2.17,2.208,1.925,1.772,1.516,1.339
AUS,AUS.7_1,VEGE,0.05578,0.04987,0.04472,0.03899,0.03445,0.03431
AUS,AUS.8_1,VEGE,0.03733,0.03118,0.02571,0.02204,0.02062,0.01913
AUS,AUS.9_1,VEGE,593.5,488.3,394.5,334.9,281.1,230.7
AUT,AUT.1_1,VEGE,0.01363,0.01179,0.01001,0.008331,0.006719,0.005273
AUT,AUT.2_1,VEGE,0.4113,0.4116,0.3806,0.3601,0.3513,0.3447
AUT,AUT.3_1,VEGE,0.01243,0.01134,0.01025,0.01171,0.01107,0.01411
AUT,AUT.4_1,VEGE,0.05486,0.04958,0.04577,0.04056,0.0355,0.03126
AUT,AUT.5_1,VEGE,0.1576,0.148,0.1496,0.1345,0.129,0.1153
AUT,AUT.6_1,VEGE,0.2261,0.205,0.1813,0.1613,0.1443,0.1254
AUT,AUT.7_1,VEGE,0.2764,0.2242,0.1845,0.1586,0.1345,0.1157
AUT,AUT.8_1,VEGE,0.04369,0.04022,0.03363,0.02722,0.02498,0.0221
AUT,AUT.9_1,VEGE,0.005649,0.001883,0,0,0,0
AZE,AZE.10_1,VEGE,0.103,0.08082,0.0597,0.05364,0.03688,0.02663
AZE,AZE.1_1,VEGE,0.008561,0.005017,0.002905,0.001963,0.001423,0.001195
AZE,AZE.2_1,VEGE,0.0337,0.023,0.01544,0.009831,0.006161,0.004406
AZE,AZE.3_1,VEGE,0.5433,0.506,0.4693,0.4756,0.5101,0.4759
AZE,AZE.4_1,VEGE,0.009301,0.007304,0.005615,0.00834,0.007266,0.0118
AZE,AZE.5_1,VEGE,0.05608,0.05106,0.04604,0.04243,0.1563,0.249
AZE,AZE.6_1,VEGE,0.1221,0.09866,0.07845,0.06167,0.04835,0.03344
AZE,AZE.7_1,VEGE,0,0,0,0,0,0
AZE,AZE.8_1,VEGE,0.02492,0.02129,0.01824,0.03056,0.03673,0.03712
AZE,AZE.9_1,VEGE,0.09588,0.1665,0.1517,0.1514,0.1504,0.141
BDI,BDI.10_1,VEGE,1.722,1.509,1.296,1.082,0.8695,0.6588
BDI,BDI.11_1,VEGE,0.1349,0.138,0.135,0.134,0.1295,0.1233
BDI,BDI.12_1,VEGE,0.3237,0.3668,0.3756,0.3744,0.4029,0.4284
BDI,BDI.13_1,VEGE,8.374,7.224,6.119,5.036,3.973,2.942
BDI,BDI.14_1,VEGE,0.1609,0.1813,0.1858,0.2032,0.2167,0.2322
BDI,BDI.15_1,VEGE,0.04484,0.04337,0.04186,0.04093,0.0387,0.0508
BDI,BDI.16_1,VEGE,0.7465,0.649,0.5518,0.4554,0.3606,0.2668
BDI,BDI.17_1,VEGE,0.09559,0.08842,0.08127,0.07638,0.07483,0.07576
BDI,BDI.1_1,VEGE,0.8541,0.8196,0.7276,0.6455,0.5683,0.5815
BDI,BDI.2_1,VEGE,0.1719,0.1628,0.1514,0.14,0.1286,0.1246
BDI,BDI.3_1,VEGE,0.7469,0.822,0.8308,0.8875,0.9626,1.056
BDI,BDI.4_1,VEGE,1.445,1.881,1.892,2.009,2.123,2.297
BDI,BDI.5_1,VEGE,0.06898,0.06645,0.06488,0.06746,0.07777,0.0885
BDI,BDI.6_1,VEGE,0.1027,0.1247,0.141,0.1621,0.1853,0.217
BDI,BDI.7_1,VEGE,0.08219,0.07378,0.05383,0.04387,0.03664,0.03821
BDI,BDI.8_1,VEGE,0.4523,0.3281,0.2315,0.1584,0.1073,0.07435
BDI,BDI.9_1,VEGE,0.2365,0.2644,0.2828,0.2825,0.2902,0.3039
BEL,BEL.2_1,VEGE,0.01524,0.01448,0.01478,0.01412,0.01419,0.01386
BEL,BEL.3_1,VEGE,0.01972,0.01873,0.01699,0.01552,0.01433,0.01287
BEN,BEN.10_1,VEGE,0.3174,0.3199,0.3253,0.3454,0.3493,0.3535
BEN,BEN.11_1,VEGE,0.5042,0.5514,0.5688,0.5758,0.579,0.5967
BEN,BEN.12_1,VEGE,0.1351,0.1388,0.1893,0.2028,0.2018,0.2373
BEN,BEN.1_1,VEGE,0.2385,0.2404,0.2595,0.2575,0.2563,0.2932
BEN,BEN.2_1,VEGE,0.1653,0.1657,0.1841,0.2108,0.2384,0.2515
BEN,BEN.3_1,VEGE,2.171,2.359,2.461,2.593,2.653,2.76
BEN,BEN.4_1,VEGE,0.4058,0.3413,0.2906,0.2455,0.2133,0.1906
BEN,BEN.5_1,VEGE,0.1797,0.1828,0.1912,0.223,0.2255,0.2719
BEN,BEN.6_1,VEGE,0.3811,0.346,0.3383,0.3286,0.3278,0.3167
BEN,BEN.7_1,VEGE,0.3297,0.3724,0.4196,0.422,0.4215,0.4356
BEN,BEN.8_1,VEGE,0.3152,0.4297,0.4068,0.384,0.3611,0.4138
BEN,BEN.9_1,VEGE,0.7594,0.8363,0.8401,0.926,0.9727,1.069
BFA,BFA.10_1,VEGE,0.003687,0.003277,0.002867,0.002457,0.002046,0.001636
BFA,BFA.11_1,VEGE,0,0,0,0,0,0
BFA,BFA.13_1,VEGE,0.06804,0.07669,0.07597,0.0787,0.08764,0.09451
BFA,BFA.1_1,VEGE,0.02522,0.02429,0.0234,0.02303,0.02228,0.02116
BFA,BFA.2_1,VEGE,0.06541,0.0666,0.06848,0.07291,0.07878,0.07825
BFA,BFA.3_1,VEGE,0.007364,0.007291,0.007035,0.0141,0.0412,0.04732
BFA,BFA.4_1,VEGE,0,0,0,0,0,0
BFA,BFA.5_1,VEGE,0.01479,0.01406,0.01392,0.01649,0.01938,0.02328
BFA,BFA.6_1,VEGE,0.01072,0.009473,0.008323,0.00724,0.0063,0.006048
BFA,BFA.7_1,VEGE,0,0,0,0,0,0
BFA,BFA.8_1,VEGE,0.02966,0.03061,0.03181,0.03316,0.04539,0.07028
BFA,BFA.9_1,VEGE,0.01967,0.01945,0.01994,0.02088,0.02327,0.02491
BGD,BGD.1_1,VEGE,5.23e-4,0.004915,0.0112,0.01868,0.02113,0.02106
BGD,BGD.2_1,VEGE,0.9477,0.8839,0.822,0.7806,0.7359,0.6848
BGD,BGD.3_1,VEGE,0.03716,0.03633,0.03832,0.04646,0.05609,0.06327
BGD,BGD.4_1,VEGE,0.001817,0.002216,0.002409,0.00753,0.01312,0.01391
BGD,BGD.5_1,VEGE,0.004682,0.004595,0.005032,0.00592,0.0077,0.007792
BGD,BGD.6_1,VEGE,0.006328,0.005899,0.005825,0.005741,0.00638,0.006151
BGD,BGD.7_1,VEGE,0.1613,0.1615,0.1681,0.172,0.1681,0.1754
BGD,BGD.8_1,VEGE,0.1722,0.1817,0.1745,0.1796,0.1684,0.1629
BGR,BGR.10_1,VEGE,0.05822,0.03459,0.02145,0.01217,0.0051,0.002285
BGR,BGR.11_1,VEGE,0.02319,0.02074,0.01851,0.01696,0.01748,0.0165
BGR,BGR.12_1,VEGE,0.009837,0.009181,0.008526,0.007924,0.007376,0.006829
BGR,BGR.13_1,VEGE,0.01127,0.006101,0.002066,2.141e-4,5.083e-5,0
BGR,BGR.14_1,VEGE,0.00504,0.004415,0.003934,0.003463,0.003076,0.003636
BGR,BGR.15_1,VEGE,0.01581,0.02594,0.02429,0.02264,0.021,0.0214
BGR,BGR.16_1,VEGE,0.09901,0.08475,0.07105,0.05791,0.04481,0.03172
BGR,BGR.17_1,VEGE,0.004918,0.003443,0.002092,7.42e-4,3.691e-4,3.399e-4
BGR,BGR.18_1,VEGE,0.08478,0.07433,0.0737,0.06281,0.05194,0.04126
BGR,BGR.19_1,VEGE,0.01975,0.01767,0.01571,0.01385,0.01205,0.01049
BGR,BGR.1_1,VEGE,0.06998,0.04748,0.03038,0.06957,0.09909,0.09074
BGR,BGR.21_1,VEGE,0.2292,0.1868,0.1445,0.103,0.06407,0.04005
BGR,BGR.22_1,VEGE,0.01579,0.01192,0.01,0.007686,0.006416,0.00564
BGR,BGR.23_1,VEGE,0,0,0,0,0,0
BGR,BGR.24_1,VEGE,0.01666,0.0167,0.01266,0.00903,0.006802,0.006375
BGR,BGR.25_1,VEGE,0.009799,0.008217,0.006641,0.005141,0.003715,0.002295
BGR,BGR.26_1,VEGE,0.1219,0.1116,0.1025,0.09344,0.08435,0.07665
BGR,BGR.27_1,VEGE,0.01071,0.008546,0.006919,0.005352,0.003913,0.00296
BGR,BGR.28_1,VEGE,0.01118,0.004795,0.003414,0.002244,0.001991,0.001526
BGR,BGR.2_1,VEGE,0.02333,0.016,0.0109,0.006267,0.003734,0.003624
BGR,BGR.3_1,VEGE,0.009443,0.003477,6.92e-4,3.474e-4,1.158e-4,0
BGR,BGR.4_1,VEGE,0.08876,0.07289,0.05756,0.04328,0.02964,0.01599
BGR,BGR.5_1,VEGE,0.6774,0.4381,0.1987,0.04525,0.007029,0.1643
BGR,BGR.6_1,VEGE,0.03371,0.02583,0.02194,0.01883,0.01772,0.01619
BGR,BGR.7_1,VEGE,0.353,0.3278,0.3026,0.2774,0.2541,0.2326
BGR,BGR.8_1,VEGE,0.4991,0.368,0.2509,0.1339,0.05354,0.0242
BGR,BGR.9_1,VEGE,0.0355,0.02483,0.01837,0.01233,0.007505,0.00436
BHR,BHR.4_1,VEGE,0,0,0,0,0,0
BHS,BHS.16_1,VEGE,0.01688,0.01553,0.01418,0.01283,0.01148,0.01013
BIH,BIH.1_1,VEGE,0.005621,0.00654,0.006197,0.006566,0.005978,0.005411
BIH,BIH.2_1,VEGE,0.05946,0.05253,0.04575,0.04059,0.04285,0.03622
BIH,BIH.3_1,VEGE,0.18,0.1898,0.1899,0.1954,0.1922,0.1781
BLR,BLR.1_1,VEGE,0.0693,0.07128,0.06755,0.06989,0.06873,0.06743
BLR,BLR.2_1,VEGE,0.02357,0.02007,0.02239,0.02025,0.02077,0.08281
BLR,BLR.3_1,VEGE,0.07129,0.06395,0.05819,0.05096,0.04433,0.03869
BLR,BLR.4_1,VEGE,0.1095,0.1026,0.09813,0.0916,0.09114,0.08558
BLR,BLR.5_1,VEGE,0.04056,0.04121,0.0384,0.03535,0.0317,0.02913
BLR,BLR.6_1,VEGE,0.101,0.09991,0.09489,0.09012,0.0825,0.07533
BLR,BLR.7_1,VEGE,0.03118,0.0278,0.02466,0.0213,0.01798,0.0147
BLZ,BLZ.1_1,VEGE,9.365,8.839,8.313,9.183,9.01,8.171
BLZ,BLZ.2_1,VEGE,5.221,5.018,4.818,5.058,5.259,5.2
BLZ,BLZ.3_1,VEGE,0.8274,0.8866,0.9028,0.9717,0.9643,0.9755
BLZ,BLZ.4_1,VEGE,1.787,1.561,1.383,1.3,1.192,1.145
BLZ,BLZ.5_1,VEGE,3.607,3.809,3.99,4.131,4.578,4.739
BLZ,BLZ.6_1,VEGE,8.036,8.206,8.117,8.166,10.38,10.11
BOL,BOL.1_1,VEGE,3.184,3.056,2.882,2.706,2.683,2.446
BOL,BOL.2_1,VEGE,6.82,6.626,6.486,6.153,5.983,6.038
BOL,BOL.3_1,VEGE,13.1,14.02,17.07,17.67,19.64,19.58
BOL,BOL.4_1,VEGE,17.84,10.99,5.917,2.519,0.5996,0.06947
BOL,BOL.6_1,VEGE,10.52,13.43,15.08,15.89,17.51,17.51
BOL,BOL.7_1,VEGE,0.9925,0.7218,0.454,0.2057,0.07146,0.06196
BOL,BOL.8_1,VEGE,2.288,2.284,2.606,2.508,2.415,2.346
BOL,BOL.9_1,VEGE,5.888,5.261,4.932,4.479,3.836,3.172
BRA,BRA.10_1,VEGE,1547,1450,1389,1312,1207,1127
BRA,BRA.11_1,VEGE,2.18,1.633,1.184,0.8067,0.5458,0.3875
BRA,BRA.12_1,VEGE,13.21,12.92,12.43,11.55,10.56,9.876
BRA,BRA.13_1,VEGE,0.787,0.8032,0.8215,0.8413,0.8434,0.8336
BRA,BRA.14_1,VEGE,16.92,17.45,17.93,17.59,17.51,16.83
BRA,BRA.15_1,VEGE,103.3,95.78,92.54,87.54,79.08,72.04
BRA,BRA.16_1,VEGE,0.9217,0.9459,0.9978,0.9842,0.9681,0.9709
BRA,BRA.17_1,VEGE,1138,1039,968.9,868.2,770.7,672.1
BRA,BRA.19_1,VEGE,5.154,4.918,4.891,4.839,4.798,5.015
BRA,BRA.1_1,VEGE,61.09,62.8,61.31,55.97,51.51,46.12
BRA,BRA.20_1,VEGE,5152,4520,4043,3436,2865,2401
BRA,BRA.21_1,VEGE,0.6427,0.6865,0.7124,0.72,0.7136,0.7129
BRA,BRA.22_1,VEGE,14.09,12.99,11.9,10.58,9.159,7.62
BRA,BRA.23_1,VEGE,11.83,10.96,10.25,9.575,9.478,8.938
BRA,BRA.24_1,VEGE,1.114,1.125,1.154,1.168,1.164,1.173
BRA,BRA.25_1,VEGE,0.7694,0.8017,0.8264,0.8305,0.8256,0.7955
BRA,BRA.27_1,VEGE,1.063,0.889,0.9339,0.8819,0.8317,0.9174
BRA,BRA.3_1,VEGE,55.26,53.33,53.97,63.88,65.61,65.18
BRA,BRA.4_1,VEGE,880.8,729.1,609.7,528.1,472.3,409.3
BRA,BRA.5_1,VEGE,2.376,2.354,2.344,2.384,2.402,2.444
BRA,BRA.6_1,VEGE,19270,16220,13630,11670,9734,7975
BRA,BRA.7_1,VEGE,0.06192,0.05594,0.04837,0.04104,0.0401,0.0336
BRA,BRA.8_1,VEGE,4.289,4.18,4.124,4.135,4.149,4.179
BRA,BRA.9_1,VEGE,0.7125,0.7753,0.8267,0.8621,0.8392,0.8201
BRB,BRB.10_1,VEGE,0.003136,0.00278,0.002423,0.002066,0.00171,0.001353
BRB,BRB.11_1,VEGE,0.01933,0.01705,0.015,0.01305,0.01121,0.009582
BRB,BRB.1_1,VEGE,0,0,0,0,0,0
BRB,BRB.2_1,VEGE,0.004288,0.003029,0.001919,9.143e-4,2.129e-4,0
BRB,BRB.3_1,VEGE,0.01976,0.04107,0.03801,0.03668,0.03358,0.03055
BRB,BRB.4_1,VEGE,0.01086,0.006422,0.00379,0.001868,6.948e-4,3.534e-4
BRB,BRB.5_1,VEGE,0.00314,0.002679,0.002305,0.001939,0.001599,0.001304
BRB,BRB.6_1,VEGE,0.001836,0.001229,7.613e-4,3.334e-4,5.97e-5,0
BRB,BRB.8_1,VEGE,0.1645,0.1895,0.1762,0.1664,0.153,0.1397
BRB,BRB.9_1,VEGE,0.01251,0.008158,0.004696,0.002236,6.58e-4,0
BRN,BRN.2_1,VEGE,5.177,4.965,4.864,4.677,4.526,4.278
BRN,BRN.4_1,VEGE,1.56,1.397,1.238,1.169,1.09,1.071
BTN,BTN.10_1,VEGE,4.591,4.741,4.913,4.899,4.73,4.664
BTN,BTN.11_1,VEGE,0.4481,0.4488,0.4467,0.4404,0.4321,0.4157
BTN,BTN.12_1,VEGE,0.1886,0.3363,0.3652,0.3556,0.3682,0.4109
BTN,BTN.13_1,VEGE,0.1274,0.3267,0.4668,0.4875,0.5001,0.4816
BTN,BTN.15_1,VEGE,3.094,2.793,2.655,2.476,2.44,2.161
BTN,BTN.16_1,VEGE,9.359,9.553,9.187,9.068,8.694,8.334
BTN,BTN.17_1,VEGE,16.37,18.18,17.69,18.47,18.31,19.6
BTN,BTN.18_1,VEGE,76.68,95.09,100.8,108.6,105.8,307.6
BTN,BTN.19_1,VEGE,20.47,22.25,28.59,27.08,26.42,26.89
BTN,BTN.1_1,VEGE,0.7626,0.6427,1.7,1.52,1.352,1.235
BTN,BTN.20_1,VEGE,30.99,32.56,32.77,46.24,47.17,50.18
BTN,BTN.2_1,VEGE,0.1901,0.2343,0.2631,0.2582,0.2849,0.4295
BTN,BTN.3_1,VEGE,3.988,4.039,3.789,3.759,3.665,3.428
BTN,BTN.4_1,VEGE,0,0,0,0,0,0
BTN,BTN.5_1,VEGE,0.01204,0.03131,0.02955,0.0278,0.02604,0.2462
BTN,BTN.6_1,VEGE,11.3,10.6,10.29,13.93,20.73,19.61
BTN,BTN.7_1,VEGE,10.41,10.73,11.08,11.73,12.17,12.36
BTN,BTN.8_1,VEGE,3.267,3.052,3.431,4.354,4.485,5.173
BTN,BTN.9_1,VEGE,1.481,1.462,1.453,1.429,1.372,1.298
BWA,BWA.11_1,VEGE,0.4226,0.4,0.3679,0.3548,0.355,0.3328
BWA,BWA.12_1,VEGE,57.16,49.15,41.14,33.15,25.17,17.2
BWA,BWA.14_1,VEGE,0.3706,0.3588,0.3471,0.2997,0.2525,0.2106
BWA,BWA.15_1,VEGE,0.5183,0.4515,0.3993,0.3364,0.2745,0.2136
BWA,BWA.1_1,VEGE,0.3193,0.3663,0.3659,0.3582,0.3947,0.3898
BWA,BWA.2_1,VEGE,1.713,1.523,1.334,1.144,0.9548,0.7654
BWA,BWA.3_1,VEGE,0.0255,0.01526,0.0116,0.007938,0.004875,0.003338
BWA,BWA.4_1,VEGE,0.4939,0.7179,0.626,0.534,0.442,0.3789
BWA,BWA.8_1,VEGE,1.93,1.865,1.739,1.646,1.518,1.41
BWA,BWA.9_1,VEGE,0.003129,0.003011,0.002696,0.00238,0.002064,0.001748
CAF,CAF.10_1,VEGE,8.95,9.129,9.009,8.729,8.348,7.985
CAF,CAF.11_1,VEGE,1.949,2.357,2.473,2.757,2.982,3.198
CAF,CAF.12_1,VEGE,61.52,65.76,62.35,55.94,50.74,49.41
CAF,CAF.13_1,VEGE,9.499,10.54,11.34,12.26,13.1,14.09
CAF,CAF.14_1,VEGE,1.375,1.51,1.655,1.745,1.977,2.186
CAF,CAF.15_1,VEGE,3.319,3.619,3.67,3.755,3.88,3.944
CAF,CAF.16_1,VEGE,12.92,13.99,14.24,14.12,15.45,17.66
CAF,CAF.17_1,VEGE,1.405,1.482,1.47,1.663,1.731,1.962
CAF,CAF.1_1,VEGE,3.791,4.129,4.411,4.974,5.911,6.441
CAF,CAF.2_1,VEGE,50.94,44.99,39.15,33.35,27.57,21.85
CAF,CAF.3_1,VEGE,2.142,2.34,2.291,2.269,2.522,2.568
CAF,CAF.4_1,VEGE,9.279,7.467,5.85,4.362,3.111,2.172
CAF,CAF.5_1,VEGE,5.517,6.418,7.342,7.527,7.923,8.548
CAF,CAF.6_1,VEGE,4.627,4.867,4.954,5.189,5.382,5.574
CAF,CAF.7_1,VEGE,17.83,22.09,23.53,23.27,24.48,25.96
CAF,CAF.8_1,VEGE,19.74,24.85,26.14,36.79,36.79,39.88
CAF,CAF.9_1,VEGE,7.842,7.863,7.617,7.547,7.468,7.566
CAN,CAN.10_1,VEGE,0.07557,0.06383,0.05301,0.04346,0.03414,0.02674
CAN,CAN.11_1,VEGE,0.09719,0.09965,0.09833,0.09322,0.08753,0.08313
CAN,CAN.12_1,VEGE,0.1069,0.09262,0.07815,0.06368,0.04941,0.03496
CAN,CAN.1_1,VEGE,0.8611,0.8758,0.8451,0.7837,0.7868,0.754
CAN,CAN.2_1,VEGE,0.08626,0.08474,0.07888,0.07367,0.06847,0.0644
CAN,CAN.3_1,VEGE,0.8734,0.7496,0.6233,0.4973,0.3734,0.2479
CAN,CAN.4_1,VEGE,0.5189,0.4715,0.427,0.3679,0.3299,0.2851
CAN,CAN.5_1,VEGE,20.84,22.66,23,21.7,20.5,19.48
CAN,CAN.7_1,VEGE,0.09655,0.09409,0.09084,0.08199,0.07482,0.07018
CAN,CAN.9_1,VEGE,0.06593,0.06429,0.06498,0.06165,0.06148,0.05929
CHE,CHE.10_1,VEGE,3.425,2.586,1.791,0.9957,0.2991,0
CHE,CHE.11_1,VEGE,0.009403,0,0,0,0,0
CHE,CHE.12_1,VEGE,0.01715,0.01617,0.01519,0.01421,0.01323,0.01225
CHE,CHE.13_1,VEGE,0,0,0,0,0.2599,0.2466
CHE,CHE.16_1,VEGE,0.04092,0.03828,0.03564,0.033,0.03036,0.02772
CHE,CHE.1_1,VEGE,0.03473,0.02851,0.0223,0.01608,0.01094,0.006979
CHE,CHE.20_1,VEGE,0.02406,0.01819,0.01341,0.008641,0.004418,0.00129
CHE,CHE.21_1,VEGE,0.7952,0.6496,0.511,0.3768,0.284,0.434
CHE,CHE.23_1,VEGE,0.02486,0.02107,0.01749,0.01413,0.01103,0.008104
CHE,CHE.24_1,VEGE,0.01401,0.01286,0.01174,0.01068,0.009544,0.008463
CHE,CHE.25_1,VEGE,0.04656,0.04099,0.03543,0.02987,0.02431,0.01874
CHE,CHE.6_1,VEGE,0.07316,0.0665,0.05985,0.0532,0.04655,0.03992
CHE,CHE.7_1,VEGE,0.01968,0.01803,0.01642,0.01774,0.01601,0.01459
CHE,CHE.8_1,VEGE,0,0,0,0,0,0
CHL,CHL.12_1,VEGE,0.06734,0.06742,0.06551,0.06316,0.06113,0.05717
CHL,CHL.13_1,VEGE,0.03281,0.03113,0.03067,0.02936,0.02783,0.02708
CHL,CHL.14_1,VEGE,0.129,0.1083,0.08893,0.07117,0.05433,0.03863
CHL,CHL.16_1,VEGE,0.5722,0.4736,0.3801,0.2925,0.2118,0.1422
CHL,CHL.3_1,VEGE,3317000,2116000,1175000,521400,143200,1113
CHL,CHL.6_1,VEGE,0.1057,0.1001,0.09177,0.09185,0.08824,0.08604
CHL,CHL.8_1,VEGE,0.1213,0.1179,0.1146,0.1143,0.1091,0.106
CHN,CHN.10_1,VEGE,0.001645,0.001773,0.001722,0.00175,0.001973,0.002185
CHN,CHN.11_1,VEGE,0.09478,0.08304,0.07127,0.05966,0.04878,0.03772
CHN,CHN.12_1,VEGE,7.98e-4,0.001051,0.001125,0.001243,0.001424,0.001898
CHN,CHN.13_1,VEGE,0.01196,0.01205,0.0126,0.01333,0.01525,0.01901
CHN,CHN.14_1,VEGE,0.05083,0.05071,0.05073,0.04987,0.05091,0.05207
CHN,CHN.15_1,VEGE,0.001208,0.001334,0.001702,0.001822,0.00197,0.001939
CHN,CHN.16_1,VEGE,0.2512,0.2391,0.2282,0.2169,0.2062,0.1927
CHN,CHN.17_1,VEGE,0.1256,0.1084,0.09133,0.07461,0.05889,0.04492
CHN,CHN.18_1,VEGE,0.009391,0.00847,0.00782,0.006992,0.006212,0.005832
CHN,CHN.19_1,VEGE,0.007053,0.005952,0.005132,0.004434,0.003934,0.003316
CHN,CHN.1_1,VEGE,0.02756,0.02814,0.02876,0.02897,0.02935,0.02916
CHN,CHN.20_1,VEGE,2.846e-4,2.401e-4,2.027e-4,2.118e-4,1.791e-4,1.465e-4
CHN,CHN.21_1,VEGE,4.331e-4,3.502e-4,2.927e-4,2.395e-4,1.863e-4,1.33e-4
CHN,CHN.22_1,VEGE,0.005494,0.005481,0.006069,0.007378,0.008678,0.01168
CHN,CHN.23_1,VEGE,3.956e-4,7.114e-4,8.807e-4,0.001244,0.001512,0.001711
CHN,CHN.24_1,VEGE,2.214e-5,1.904e-5,1.595e-5,1.285e-5,9.761e-6,6.667e-6
CHN,CHN.25_1,VEGE,0.006911,0.006197,0.005528,0.005059,0.004474,0.003893
CHN,CHN.26_1,VEGE,0.02085,0.02092,0.0227,0.02363,0.02508,0.02733
CHN,CHN.27_1,VEGE,0.009072,0.007823,0.006679,0.005672,0.004609,0.003559
CHN,CHN.28_1,VEGE,0.003855,0.003324,0.00284,0.002647,0.002442,0.002057
CHN,CHN.29_1,VEGE,0.3982,0.5044,0.49370000000000003,0.5012,0.4717,0.4438
CHN,CHN.2_1,VEGE,8.833e-4,7.734e-4,6.974e-4,6.167e-4,5.213e-4,4.418e-4
CHN,CHN.30_1,VEGE,0.2867,0.2722,0.2647,0.2632,0.2665,0.2755
CHN,CHN.31_1,VEGE,0.08824,0.08523,0.08454,0.08133,0.07584,0.07352
CHN,CHN.3_1,VEGE,0.02032,0.02289,0.02481,0.02806,0.03461,0.03946
CHN,CHN.4_1,VEGE,0.358,0.3615,0.3875,0.3904,0.3892,0.4048
CHN,CHN.5_1,VEGE,0.02017,0.01761,0.01577,0.01359,0.01162,0.009582
CHN,CHN.6_1,VEGE,0.08887,0.08412,0.08163,0.07767,0.07385,0.06958
CHN,CHN.7_1,VEGE,0.1752,0.177,0.1798,0.1807,0.1838,0.1843
CHN,CHN.8_1,VEGE,0.0706,0.0703,0.07057,0.07266,0.07477,0.07695
CHN,CHN.9_1,VEGE,0.1631,0.1637,0.1623,0.1597,0.1671,0.1718
CIV,CIV.10_1,VEGE,0.3089,0.3166,0.3189,0.3506,0.3686,0.3761
CIV,CIV.11_1,VEGE,0.1926,0.1909,0.18,0.1876,0.1895,0.1971
CIV,CIV.12_1,VEGE,1.064,1.062,1.028,1.01,0.9934,0.9979
CIV,CIV.13_1,VEGE,0.4533,0.4451,0.4138,0.3816,0.3629,0.3275
CIV,CIV.14_1,VEGE,0.1136,0.09994,0.08929,0.08829,0.08558,0.09196
CIV,CIV.1_1,VEGE,4.001,3.393,3.046,2.921,2.82,2.827
CIV,CIV.2_1,VEGE,0.4356,0.3181,0.236,0.1809,0.1436,0.116
CIV,CIV.3_1,VEGE,0.5526,0.4521,0.3804,0.325,0.2822,0.2528
CIV,CIV.4_1,VEGE,3.554,3.56,3.519,3.627,3.652,3.74
CIV,CIV.5_1,VEGE,0.1136,0.09323,0.07852,0.06879,0.06014,0.05897
CIV,CIV.6_1,VEGE,0.1261,0.1011,0.08063,0.06349,0.04845,0.03972
CIV,CIV.7_1,VEGE,0.437,0.4145,0.4077,0.4142,0.4265,0.4346
CIV,CIV.8_1,VEGE,32.02,31.74,31.89,30.3,29.42,28.47
CIV,CIV.9_1,VEGE,0.1436,0.1206,0.1004,0.08389,0.06904,0.05534
CMR,CMR.10_1,VEGE,10.61,11.4,11.78,12.31,13.28,13.57
CMR,CMR.1_1,VEGE,1.996,2.355,2.666,3.107,3.489,4.045
CMR,CMR.2_1,VEGE,8.543,9.098,9.462,10.48,10.82,11.64
CMR,CMR.3_1,VEGE,12.94,15.13,16.3,18.74,19.96,22.07
CMR,CMR.4_1,VEGE,0.02622,0.02418,0.02578,0.03491,0.04044,0.0599
CMR,CMR.5_1,VEGE,5.969,7.048,7.718,8.581,9.063,9.674
CMR,CMR.6_1,VEGE,0.628,0.6411,0.6417,0.6701,0.6897,0.7134
CMR,CMR.7_1,VEGE,0.721,0.7444,0.8067,0.865,0.9526,1.04
CMR,CMR.8_1,VEGE,2.24,2.483,2.824,3.959,4.815,5.864
CMR,CMR.9_1,VEGE,1.369,1.366,1.374,1.433,1.538,1.561
COD,COD.10_1,VEGE,9.62,9.158,8.447,8.093,7.597,7.248
COD,COD.11_1,VEGE,3.553,3.874,3.832,4.288,4.469,4.639
COD,COD.12_1,VEGE,3.365,3.719,3.857,4.129,4.496,4.945
COD,COD.13_1,VEGE,7.335,7.936,8.595,9.383,10.27,11.17
COD,COD.14_1,VEGE,1.118,1.085,1.019,0.9904,1.121,1.16
COD,COD.15_1,VEGE,5.349,5.494,5.607,5.702,6.172,6.64
COD,COD.16_1,VEGE,13.82,13.07,12.49,13.01,13.34,13.11
COD,COD.17_1,VEGE,3140,2609,2182,1895,1748,1647
COD,COD.18_1,VEGE,9.586,8.425,7.344,6.373,5.47,4.661
COD,COD.19_1,VEGE,2.775,2.11,1.577,1.194,0.9943,0.7668
COD,COD.1_1,VEGE,23.24,20.72,19.02,17.93,17.04,16.99
COD,COD.20_1,VEGE,3.646,3.833,3.853,3.867,3.991,4.161
COD,COD.21_1,VEGE,34.08,32.37,30.46,28.19,26.12,24.34
COD,COD.22_1,VEGE,2.746,2.079,1.509,1.077,0.774,0.6446
COD,COD.23_1,VEGE,6.853,7.19,7.363,7.59,7.846,7.977
COD,COD.24_1,VEGE,7.39,6.159,5.058,4.356,3.829,3.416
COD,COD.25_1,VEGE,35.28,32.97,31.48,30.04,28.4,26.88
COD,COD.2_1,VEGE,48.22,43.19,39.66,37.24,38.37,37.98
COD,COD.3_1,VEGE,5.213,5.306,5.308,5.467,5.779,6.104
COD,COD.4_1,VEGE,3.609,3.413,3.208,3.026,3.148,3.297
COD,COD.5_1,VEGE,19.91,19.17,19.84,20.38,20.67,21
COD,COD.6_1,VEGE,2.576,2.605,2.623,2.574,2.578,2.633
COD,COD.7_1,VEGE,6.031,6.857,7.473,8.112,8.626,8.979
COD,COD.8_1,VEGE,1.118,1.076,1.007,0.965,0.9401,0.9071
COD,COD.9_1,VEGE,9.863,10.51,11.49,12.35,12.89,13.92
COG,COG.11_1,VEGE,3.029,3.181,3.096,3.109,3.026,3.218
COG,COG.12_1,VEGE,22.39,22.93,23.61,23.68,24.35,24.12
COG,COG.1_1,VEGE,0.113,0.09529,0.08457,0.07615,0.06734,0.05837
COG,COG.2_1,VEGE,0,0,0,0,0,0
COG,COG.3_1,VEGE,2.99,2.911,2.782,2.785,2.811,2.868
COG,COG.4_1,VEGE,11.38,10.29,9.364,8.448,7.48,6.377
COG,COG.5_1,VEGE,2.214,2.013,1.932,1.833,1.912,1.71
COG,COG.6_1,VEGE,4.575,4.178,3.921,3.749,3.573,3.317
COG,COG.7_1,VEGE,23.79,23.83,24.29,23.94,24.13,23.26
COG,COG.8_1,VEGE,2.522,2.386,2.287,2.404,2.37,2.212
COG,COG.9_1,VEGE,5.035,5.297,5.601,6.25,7.449,7.626
COL,COL.10_2,VEGE,10.28,7.89,5.788,3.949,2.594,2.097
COL,COL.11_2,VEGE,2.247,2.066,1.943,1.835,1.729,1.667
COL,COL.12_2,VEGE,1.233,1.167,1.151,1.198,1.201,1.235
COL,COL.13_2,VEGE,6.613,6.351,5.997,5.687,5.343,4.753
COL,COL.14_2,VEGE,0.5495,0.4453,0.3792,0.3387,0.3115,0.3019
COL,COL.15_2,VEGE,0.2628,0.2343,0.2043,0.1785,0.1512,0.1245
COL,COL.16_2,VEGE,19.04,17.9,16.89,16.41,15.81,15.35
COL,COL.17_2,VEGE,10.28,7.232,4.916,3.129,1.932,1.564
COL,COL.18_2,VEGE,1.914,1.785,1.719,1.662,1.672,1.565
COL,COL.19_2,VEGE,1.32,1.229,1.161,1.141,1.047,1.018
COL,COL.1_2,VEGE,189.2,188.7,195.8,205.7,202.7,195
COL,COL.20_2,VEGE,2.316,2.752,3.08,3.187,3.176,3.077
COL,COL.21_2,VEGE,4.307,4.301,5.011,5.336,5.269,5.271
COL,COL.22_2,VEGE,1.336,1.363,1.343,1.262,1.165,1.08
COL,COL.23_2,VEGE,2.271,2.16,2.008,1.84,1.643,1.471
COL,COL.24_2,VEGE,9.981,10.18,10.55,10.15,9.821,9.296
COL,COL.25_2,VEGE,2.311,1.945,1.643,1.411,1.186,0.9923
COL,COL.26_2,VEGE,2.963,2.696,2.488,2.344,2.223,2.075
COL,COL.28_2,VEGE,1.29,1.245,1.187,1.143,1.106,1.08
COL,COL.29_2,VEGE,4.01,4.018,4.044,4.023,3.964,3.825
COL,COL.2_2,VEGE,1.047,0.9717,0.9169,0.8907,0.8577,0.7938
COL,COL.30_2,VEGE,0.2837,0.2592,0.2401,0.2228,0.208,0.1928
COL,COL.31_2,VEGE,0.3714,0.3486,0.3221,0.3035,0.2944,0.2738
COL,COL.33_2,VEGE,14.37,13.18,12.47,11.31,10.19,8.999
COL,COL.3_2,VEGE,11.08,8.194,5.889,4.06,2.762,2.409
COL,COL.4_2,VEGE,0.5593,0.5052,0.4852,0.4535,0.4132,0.3755
COL,COL.5_2,VEGE,0.1622,0.1462,0.1302,0.1121,0.09263,0.07313
COL,COL.6_2,VEGE,0.9313,0.9085,0.8818,0.8435,0.8002,0.7766
COL,COL.7_2,VEGE,0.4505,0.3989,0.3471,0.2996,0.2578,0.2139
COL,COL.8_2,VEGE,1.279,1.24,1.215,1.161,1.135,1.131
COL,COL.9_2,VEGE,1.634,1.491,1.408,1.269,1.222,1.224
CRI,CRI.1_1,VEGE,0.9609,0.9172,0.8764,0.8237,0.781,0.7248
CRI,CRI.2_1,VEGE,0.6567,0.6855,0.7019,0.725,0.731,0.7544
CRI,CRI.3_1,VEGE,4.405,3.891,3.369,2.874,2.384,1.874
CRI,CRI.4_1,VEGE,1.026,0.9441,0.8462,0.7698,0.668,0.5775
CRI,CRI.5_1,VEGE,0.5555,0.5868,0.6108,0.6438,0.6443,0.6228
CRI,CRI.6_1,VEGE,1.128,1.038,0.9504,0.867,0.7716,0.6641
CRI,CRI.7_1,VEGE,0.4843,0.4614,0.4494,0.4274,0.4071,0.3707
CUB,CUB.10_1,VEGE,0.07008,0.06478,0.05896,0.05859,0.05582,0.05352
CUB,CUB.11_1,VEGE,0.1463,0.1463,0.1371,0.1295,0.1214,0.1205
CUB,CUB.12_1,VEGE,0.1018,0.09299,0.08301,0.0862,0.07892,0.07827
CUB,CUB.13_1,VEGE,0.4054,0.3494,0.3007,0.2662,0.2177,0.1726
CUB,CUB.14_1,VEGE,0.06631,0.05631,0.04849,0.0405,0.03405,0.02927
CUB,CUB.15_1,VEGE,0.1578,0.1155,0.08869,0.06517,0.04969,0.03714
CUB,CUB.16_1,VEGE,0.06022,0.05509,0.04937,0.04912,0.04589,0.04245
CUB,CUB.1_1,VEGE,0.1145,0.1047,0.09083,0.08228,0.07364,0.06921
CUB,CUB.2_1,VEGE,0.1022,0.1081,0.1092,0.1084,0.1038,0.1034
CUB,CUB.3_1,VEGE,0.09683,0.09082,0.08427,0.08082,0.07285,0.08302
CUB,CUB.4_1,VEGE,0.2996,0.2529,0.2034,0.1578,0.122,0.0936
CUB,CUB.5_1,VEGE,0.08055,0.07054,0.06133,0.05313,0.04552,0.04304
CUB,CUB.6_1,VEGE,0.7685,0.6842,0.6024,0.5257,0.4608,0.4041
CUB,CUB.7_1,VEGE,0.05541,0.05184,0.04613,0.04838,0.04525,0.04635
CUB,CUB.8_1,VEGE,1.019,0.9513,0.8196,0.7495,0.7377,0.6677
CUB,CUB.9_1,VEGE,0.06717,0.06415,0.0556,0.0469,0.06689,0.07134
CYP,CYP.1_1,VEGE,0,0,0,0,0,0
CYP,CYP.4_1,VEGE,0.001338,5.459e-4,1.465e-4,0,0,0
CYP,CYP.5_1,VEGE,0.0133,0.01118,0.009055,0.006931,0.004808,0.003198
CZE,CZE.10_1,VEGE,0.05116,0.03284,0.01671,0.006727,0.003841,0.002409
CZE,CZE.11_1,VEGE,0,0,0,0,0,0
CZE,CZE.12_1,VEGE,0.01122,0.02221,0.02553,0.02401,0.0227,0.04359
CZE,CZE.13_1,VEGE,0.0348,0.03281,0.03034,0.0279,0.02555,0.02341
CZE,CZE.14_1,VEGE,0.05159,0.03883,0.02725,0.01606,0.00653,0.002373
CZE,CZE.1_1,VEGE,0.01517,0.01023,0.006084,0.002494,3.82e-4,6.176e-5
CZE,CZE.2_1,VEGE,0.004242,0.002928,0.002064,0.001483,9.968e-4,7.487e-4
CZE,CZE.3_1,VEGE,0.033890000000000003,0.02945,0.02758,0.02395,0.02215,0.02104
CZE,CZE.4_1,VEGE,0.01622,0.01256,0.008974,0.005384,0.001795,0
CZE,CZE.5_1,VEGE,0.00832,0.0077,0.006709,0.006103,0.005294,0.005252
CZE,CZE.6_1,VEGE,0.0377,0.03246,0.02833,0.02628,0.0237,0.02151
CZE,CZE.7_1,VEGE,0.04889,0.04206,0.03585,0.0314,0.02596,0.02513
CZE,CZE.8_1,VEGE,0.02389,0.0191,0.01473,0.01078,0.007071,0.004884
CZE,CZE.9_1,VEGE,0.0226,0.01736,0.01345,0.009757,0.00646,0.00476
DEU,DEU.10_1,VEGE,0.01255,0.01098,0.01037,0.009664,0.00868,0.008006
DEU,DEU.11_1,VEGE,0.01816,0.01544,0.0129,0.01055,0.008184,0.006021
DEU,DEU.12_1,VEGE,0.02222,0.0169,0.01348,0.01042,0.009999,0.008608
DEU,DEU.13_1,VEGE,0.008127,0.007289,0.006735,0.006176,0.006476,0.006093
DEU,DEU.14_1,VEGE,0.02288,0.01863,0.01489,0.01165,0.009206,0.007742
DEU,DEU.15_1,VEGE,0.01489,0.01225,0.01013,0.007949,0.006024,0.004663
DEU,DEU.16_1,VEGE,0.03468,0.03081,0.02677,0.02323,0.01983,0.01823
DEU,DEU.1_1,VEGE,0.005941,0.004676,0.004021,0.00336,0.003267,0.003239
DEU,DEU.2_1,VEGE,0.01312,0.01122,0.00914,0.007313,0.006787,0.006498
DEU,DEU.4_1,VEGE,0.04178,0.04045,0.03756,0.03601,0.03376,0.03224
DEU,DEU.5_1,VEGE,0.02507,0.02339,0.02183,0.02026,0.01873,0.01723
DEU,DEU.6_1,VEGE,4.711e-4,4.215e-4,3.719e-4,3.223e-4,2.727e-4,2.232e-4
DEU,DEU.7_1,VEGE,0.01286,0.009664,0.007276,0.005265,0.003382,0.002454
DEU,DEU.8_1,VEGE,0.01411,0.01312,0.01264,0.01166,0.01082,0.01014
DEU,DEU.9_1,VEGE,0.02694,0.02703,0.02471,0.02251,0.02124,0.02001
DMA,DMA.10_1,VEGE,3.096,2.903,2.761,2.566,2.372,2.186
DMA,DMA.1_1,VEGE,5.178,4.854,4.532,4.216,3.903,3.589
DMA,DMA.2_1,VEGE,0.138,0.1179,0.09787,0.07845,0.06121,0.04595
DMA,DMA.3_1,VEGE,0.3283,0.3039,0.2794,0.255,0.2321,0.211
DMA,DMA.4_1,VEGE,12.96,12.19,11.4,10.62,9.854,9.082
DMA,DMA.5_1,VEGE,7.688,7.27,6.815,6.353,5.934,5.502
DMA,DMA.6_1,VEGE,0.9869,0.9271,0.8673,0.8075,0.7477,0.6878
DMA,DMA.8_1,VEGE,1.95,1.823,1.696,1.571,1.448,1.33
DMA,DMA.9_1,VEGE,6.104,6.107,5.72,5.703,5.298,4.901
DNK,DNK.2_1,VEGE,0.07277,0.06159,0.05106,0.04138,0.03319,0.02604
DNK,DNK.3_1,VEGE,0.06083,0.05228,0.0456,0.03766,0.03009,0.02313
DNK,DNK.5_1,VEGE,0.01639,0.01367,0.01194,0.01046,0.009325,0.008475
DOM,DOM.10_1,VEGE,0.362,0.3139,0.2728,0.2255,0.1792,0.133
DOM,DOM.11_1,VEGE,0.07658,0.07877,0.07561,0.07269,0.06866,0.06706
DOM,DOM.12_1,VEGE,0.319,0.2753,0.2317,0.1903,0.1493,0.1099
DOM,DOM.13_1,VEGE,0.1272,0.1192,0.1247,0.1151,0.1073,0.1007
DOM,DOM.14_1,VEGE,0.1985,0.1775,0.1565,0.1373,0.1173,0.09904
DOM,DOM.15_1,VEGE,0.4357,0.4601,0.4588,0.4755,0.4679,0.5125
DOM,DOM.16_1,VEGE,0.9466,0.7142,0.5189,0.3573,0.2388,0.1586
DOM,DOM.17_1,VEGE,0.1295,0.1388,0.1347,0.1345,0.1392,0.1439
DOM,DOM.19_1,VEGE,2168,1836,1521,1219,930.4,658.2
DOM,DOM.1_1,VEGE,0.1355,0.1243,0.1118,0.09809,0.08486,0.07583
DOM,DOM.20_1,VEGE,0.3145,0.2689,0.2239,0.1797,0.1374,0.09906
DOM,DOM.21_1,VEGE,2.274,1.805,1.411,1.087,0.9506,1.368
DOM,DOM.22_1,VEGE,0.04011,0.03696,0.03382,0.05549,0.05112,0.04679
DOM,DOM.24_1,VEGE,1.409,1.215,1.022,0.8332,0.6493,0.4747
DOM,DOM.26_1,VEGE,0.1307,0.1111,0.09231,0.07509,0.05975,0.04518
DOM,DOM.28_1,VEGE,0.2676,0.2751,0.2711,0.3235,0.3043,0.3063
DOM,DOM.29_1,VEGE,0.2103,0.2002,0.1836,0.1654,0.1568,0.1474
DOM,DOM.2_1,VEGE,0.2245,0.2103,0.1927,0.1686,0.1455,0.125
DOM,DOM.30_1,VEGE,0.5498,0.5725,0.5577,0.553,0.5531,0.5721
DOM,DOM.32_1,VEGE,0.2192,0.2306,0.2329,0.2356,0.2532,0.2631
DOM,DOM.3_1,VEGE,0.1634,0.1657,0.1613,0.1546,0.1434,0.1352
DOM,DOM.4_1,VEGE,0.08319,0.09601,0.09709,0.09239,0.09106,0.08763
DOM,DOM.6_1,VEGE,0.1041,0.09392,0.08407,0.08144,0.07558,0.07767
DOM,DOM.8_1,VEGE,0.08399,0.1744,0.1528,0.1338,0.1188,0.1086
DZA,DZA.10_1,VEGE,0.01446,0.01618,0.0201,0.02429,0.02648,0.03525
DZA,DZA.11_1,VEGE,0,0,0,0,0,0
DZA,DZA.12_1,VEGE,0.09884,0.1042,0.1117,0.1092,0.1119,0.1133
DZA,DZA.13_1,VEGE,0.01003,0.007923,0.006409,0.005156,0.003982,0.003053
DZA,DZA.14_1,VEGE,0.06323,0.1069,0.1106,0.1052,0.1021,0.09624
DZA,DZA.15_1,VEGE,0.01861,0.01783,0.01981,0.02248,0.0207,0.02029
DZA,DZA.16_1,VEGE,0,0,0,0,0,1.564e-4
DZA,DZA.17_1,VEGE,0,0,0,0,0,0
DZA,DZA.19_1,VEGE,0.07995,0.07248,0.07179,0.06875,0.06902,0.06876
DZA,DZA.21_1,VEGE,0.04029,0.03908,0.03508,0.03337,0.03102,0.0287
DZA,DZA.23_1,VEGE,0.4124,0.3556,0.2982,0.2454,0.1989,0.1485
DZA,DZA.24_1,VEGE,0.01268,0.009608,0.008462,0.00757,0.006796,0.006144
DZA,DZA.26_1,VEGE,0.09868,0.09009,0.08151,0.07293,0.06435,0.05577
DZA,DZA.27_1,VEGE,0.001694,0.001422,0.00116,9.089e-4,7.221e-4,0.001179
DZA,DZA.28_1,VEGE,0.02845,0.02557,0.02537,0.02705,0.02507,0.02276
DZA,DZA.29_1,VEGE,0.01252,0.01152,0.01042,0.009369,0.01376,0.02322
DZA,DZA.2_1,VEGE,0.0442,0.0378,0.03179,0.02636,0.02254,0.01868
DZA,DZA.30_1,VEGE,0.002446,0.002175,0.001907,0.001673,0.001589,0.00202
DZA,DZA.32_1,VEGE,0.01594,0.01449,0.01286,0.02248,0.03852,0.04205
DZA,DZA.34_1,VEGE,0.03331,0.02904,0.02477,0.02098,0.01776,0.01507
DZA,DZA.35_1,VEGE,0.003562,0.003171,0.00278,0.002392,0.002123,0.002804
DZA,DZA.36_1,VEGE,4.088e-4,2.577e-4,2.06e-4,1.65e-4,1.309e-4,0.006512
DZA,DZA.37_1,VEGE,0.2949,0.2776,0.2533,0.2287,0.2227,0.2464
DZA,DZA.38_1,VEGE,0.002999,0.002497,0.001998,0.001672,0.001785,0.02274
DZA,DZA.39_1,VEGE,0.06834,0.06344,0.06467,0.06047,0.05608,0.05056
DZA,DZA.3_1,VEGE,0.003389,0.002569,0.002006,0.001493,0.00182,0.003183
DZA,DZA.40_1,VEGE,0.05416,0.04973,0.04807,0.05189,0.07065,0.08098
DZA,DZA.42_1,VEGE,0,0,0,0,0,0
DZA,DZA.43_1,VEGE,0.002568,0.002291,0.002017,0.001805,0.004213,0.009784
DZA,DZA.45_1,VEGE,0.01799,0.01924,0.02282,0.02263,0.04072,0.07812
DZA,DZA.46_1,VEGE,3.246e-5,1.948e-5,6.493e-6,0,0,0
DZA,DZA.47_1,VEGE,0.1567,0.136,0.1172,0.09883,0.08422,0.06917
DZA,DZA.48_1,VEGE,7.41e-4,6.717e-4,6.052e-4,7.714e-4,0.006095,0.006578
DZA,DZA.4_1,VEGE,0.004752,0.003854,0.003016,0.002246,0.001577,0.001191
DZA,DZA.5_1,VEGE,0.05756,0.04873,0.04499,0.03693,0.02909,0.02141
DZA,DZA.6_1,VEGE,8.761e-4,5.276e-4,1.79e-4,4.371e-6,3.576e-6,2.782e-6
DZA,DZA.8_1,VEGE,0.2411,0.228,0.2123,0.2112,0.2163,0.1977
ECU,ECU.10_1,VEGE,1.629,1.514,1.468,1.678,2.746,3.255
ECU,ECU.11_1,VEGE,0.8243,0.7281,0.6752,0.6047,0.5952,0.5856
ECU,ECU.12_1,VEGE,3.725,3.086,2.495,2.145,1.731,1.618
ECU,ECU.13_1,VEGE,0.6822,0.6202,0.6245,0.5945,0.6731,0.9672
ECU,ECU.14_1,VEGE,6.632,5.847,5.125,4.478,3.947,3.449
ECU,ECU.15_1,VEGE,41.24,30.94,24.9,21.43,20.83,20.74
ECU,ECU.16_1,VEGE,2.185,1.881,1.837,1.659,1.531,1.457
ECU,ECU.17_1,VEGE,7.183,7.24,7.927,8.135,8.566,8.557
ECU,ECU.18_1,VEGE,82.62,83.63,94.43,95.35,110.3,110.4
ECU,ECU.19_1,VEGE,2.082,1.978,1.923,1.898,1.792,1.83
ECU,ECU.1_1,VEGE,0.4082,0.3191,0.2515,0.2006,0.1577,0.1385
ECU,ECU.20_1,VEGE,2.733,2.187,1.677,1.222,0.8942,0.6748
ECU,ECU.21_1,VEGE,2.648,2.142,1.78,1.446,1.229,1.191
ECU,ECU.22_1,VEGE,5.283,5.445,5.096,4.869,4.591,4.151
ECU,ECU.23_1,VEGE,0.17,0.1539,0.1571,0.1406,0.144,0.1302
ECU,ECU.24_1,VEGE,77.17,53.47,38.3,24.95,17.5,15.38
ECU,ECU.2_1,VEGE,0.353,0.3143,0.3384,0.3084,0.3068,0.326
ECU,ECU.3_1,VEGE,0.59,0.4634,0.3554,0.2689,0.2171,0.2271
ECU,ECU.4_1,VEGE,0.1566,0.1396,0.1274,0.1162,0.1202,0.1201
ECU,ECU.5_1,VEGE,0.4356,0.4123,0.3873,0.3435,0.3522,0.3128
ECU,ECU.6_1,VEGE,0.2728,0.2516,0.2484,0.2408,0.2394,0.242
ECU,ECU.7_1,VEGE,117,101.6,86.32,71.04,55.86,40.77
ECU,ECU.8_1,VEGE,11.81,10.16,8.543,6.947,5.344,3.781
EGY,EGY.10_1,VEGE,5.634e-5,5.183e-5,4.733e-5,1.115e-4,1.035e-4,1.099e-4
EGY,EGY.12_1,VEGE,0.02394,0.02062,0.01744,0.01658,0.01364,0.01084
EGY,EGY.13_1,VEGE,4.286e-4,3.943e-4,3.6e-4,3.257e-4,4.527e-4,4.102e-4
EGY,EGY.14_1,VEGE,0,0,0,0,0,0
EGY,EGY.15_1,VEGE,0,0,0,0,0,0
EGY,EGY.16_1,VEGE,0.002927,0.00254,0.002154,0.002084,0.001898,0.001523
EGY,EGY.17_1,VEGE,0.002943,0.002633,0.002323,0.0038,0.01299,0.01399
EGY,EGY.18_1,VEGE,1.684e-5,1.549e-5,1.414e-5,3.925e-5,3.654e-5,3.384e-5
EGY,EGY.19_1,VEGE,0,0,0,0.001112,0.001055,9.982e-4
EGY,EGY.1_1,VEGE,0.02543,0.02327,0.0208,0.02028,0.02014,0.01834
EGY,EGY.20_1,VEGE,0.5303,0.4677,0.4068,0.3459,0.2851,0.2242
EGY,EGY.21_1,VEGE,0.02734,0.0253,0.0231,0.02084,0.02009,0.01839
EGY,EGY.23_1,VEGE,0.02611,0.02563,0.02348,0.02265,0.02134,0.02004
EGY,EGY.24_1,VEGE,0,0,0,0.003906,0.003706,0.003506
EGY,EGY.25_1,VEGE,0,0,0,0,0,3.302e-4
EGY,EGY.26_1,VEGE,0,0,0,0,0,0
EGY,EGY.27_1,VEGE,1.109e-4,9.604e-5,8.118e-5,6.632e-5,5.146e-5,3.66e-5
EGY,EGY.3_1,VEGE,0.01325,0.01278,0.01197,0.01208,0.01183,0.01153
EGY,EGY.4_1,VEGE,6.885e-5,5.967e-5,5.049e-5,4.131e-5,3.213e-5,2.295e-5
EGY,EGY.5_1,VEGE,0.00725,0.00534,0.003624,0.007491,0.008514,0.008074
EGY,EGY.6_1,VEGE,2.747e-4,2.215e-4,1.726e-4,1.287e-4,9.142e-5,6.063e-5
EGY,EGY.7_1,VEGE,7.111e-4,6.61e-4,6.118e-4,0.002131,0.002645,0.003257
EGY,EGY.8_1,VEGE,0.003511,0.003192,0.00291,0.004208,0.005663,0.006516
EGY,EGY.9_1,VEGE,0.00304,0.00294,0.00267,0.02007,0.03215,0.03655
ERI,ERI.1_1,VEGE,0.06311,0.05929,0.05546,0.05164,0.04781,0.04399
ERI,ERI.4_1,VEGE,0.007754,0.003935,0.00322,0.002504,0.001789,0.001073
ERI,ERI.5_1,VEGE,0,0,0,0,0,0
ESP,ESP.10_1,VEGE,0.01351,0.01387,0.01427,0.0149,0.01496,0.01607
ESP,ESP.11_1,VEGE,0.03138,0.02777,0.02499,0.02153,0.01835,0.01535
ESP,ESP.12_1,VEGE,1.069,0.9324,0.8016,0.6678,0.5399,0.4187
ESP,ESP.13_1,VEGE,0.01372,0.01269,0.0116,0.01072,0.009249,0.00839
ESP,ESP.14_1,VEGE,0.02863,0.02245,0.01699,0.0122,0.01009,0.008342
ESP,ESP.15_1,VEGE,0.01109,0.009805,0.009085,0.008812,0.008016,0.007675
ESP,ESP.16_1,VEGE,0.08917,0.07089,0.05504,0.04248,0.03163,0.02268
ESP,ESP.17_1,VEGE,1.813,1.532,1.28,1.029,0.7959,0.5837
ESP,ESP.18_1,VEGE,0.002979,0.002503,0.002047,0.001666,0.001315,0.001071
ESP,ESP.1_1,VEGE,0.01231,0.01169,0.01143,0.01159,0.01131,0.01072
ESP,ESP.2_1,VEGE,0.00565,0.004591,0.003806,0.003186,0.002725,0.002403
ESP,ESP.3_1,VEGE,0.3477,0.2978,0.2515,0.2104,0.1784,0.1463
ESP,ESP.4_1,VEGE,0.02421,0.02153,0.01989,0.01814,0.01572,0.01361
ESP,ESP.5_1,VEGE,0.01299,0.01121,0.009487,0.007557,0.006313,0.005632
ESP,ESP.6_1,VEGE,0.009875,0.009639,0.009306,0.009267,0.009233,0.008951
ESP,ESP.7_1,VEGE,0,0,0,0,0,0
ESP,ESP.8_1,VEGE,0.04188,0.03388,0.02659,0.02103,0.01652,0.014
ESP,ESP.9_1,VEGE,0.008745,0.008022,0.008093,0.00754,0.007213,0.006802
EST,EST.10_1,VEGE,0.007936,0.005513,0.003226,0.001075,0,0
EST,EST.11_1,VEGE,0.06835,0.03692,0.02341,0.009904,0.002526,0.00128
EST,EST.12_1,VEGE,7.226e-4,5.752e-4,4.277e-4,2.802e-4,1.721e-4,1.033e-4
EST,EST.13_1,VEGE,0.0906,0.06946,0.05304,0.04074,0.0317,0.02576
EST,EST.14_1,VEGE,0,0,0,0,0,0
EST,EST.15_1,VEGE,0,0,0,0,0,0
EST,EST.1_1,VEGE,0.2109,0.1719,0.1384,0.1054,0.08623,0.06091
EST,EST.3_1,VEGE,0.06318,0.05476,0.04634,0.03793,0.02951,0.02109
EST,EST.4_1,VEGE,1.771,1.668,1.564,1.46,1.357,1.253
EST,EST.5_1,VEGE,0,0,0,0,0,0
EST,EST.6_1,VEGE,0.4227,0.399,0.3838,0.3596,0.3355,0.3338
EST,EST.7_1,VEGE,0.09446,0.07972,0.08687,0.08438,0.07255,0.06054
EST,EST.8_1,VEGE,0.02022,0.01698,0.01403,0.01108,0.00813,0.005181
ETH,ETH.10_1,VEGE,0.1553,0.1431,0.1313,0.1202,0.1117,0.1082
ETH,ETH.11_1,VEGE,0.04905,0.04373,0.04157,0.04129,0.03704,0.03176
ETH,ETH.1_1,VEGE,0,0,0,0,0,0
ETH,ETH.2_1,VEGE,56.14,99.85,201.2,306.1,288.8,272
ETH,ETH.3_1,VEGE,0.05669,0.092,0.174,0.262,0.3071,0.3315
ETH,ETH.4_1,VEGE,0.9224,0.7353,0.5761,0.4817,0.9698,1.312
ETH,ETH.5_1,VEGE,0,37.57,52.59,49.8,51.58,48.55
ETH,ETH.6_1,VEGE,49.76,43.55,37.38,31.22,25.03,18.92
ETH,ETH.7_1,VEGE,0.04065,0.04055,0.0416,0.03413,0.03496,0.03449
ETH,ETH.8_1,VEGE,0.2444,0.2266,0.2105,0.1928,0.1768,0.1691
ETH,ETH.9_1,VEGE,0.003875,0.01191,0.03585,0.03463,0.03418,0.03201
FIN,FIN.4_1,VEGE,2.367,2.215,2.48,2.434,2.261,2.117
FIN,FIN.5_1,VEGE,1.54,1.6,1.513,1.422,1.312,1.242
FJI,FJI.1_1,VEGE,0.8626,0.9706,0.9533,0.8966,0.8372,0.7951
FJI,FJI.3_1,VEGE,0.1882,0.4249,0.4004,0.392,0.36870000000000003,0.3399
FJI,FJI.5_1,VEGE,0.2076,0.2092,0.2,0.1942,0.1956,0.2064
FRA,FRA.10_1,VEGE,0.08208,0.0554,0.03573,0.01956,0.008868,0.005405
FRA,FRA.11_1,VEGE,0.05762,0.05536,0.05183,0.04902,0.04624,0.04517
FRA,FRA.12_1,VEGE,0.04312,0.02968,0.01802,0.009718,0.003744,0.001993
FRA,FRA.13_1,VEGE,0.04194,0.04166,0.04032,0.04586,0.04962,0.04824
FRA,FRA.1_1,VEGE,0.2232,0.1684,0.1186,0.07776,0.05076,0.04017
FRA,FRA.2_1,VEGE,0.07882,0.05876,0.03983,0.02525,0.01709,0.01505
FRA,FRA.3_1,VEGE,0.08187,0.05513,0.04249,0.03135,0.02203,0.0154
FRA,FRA.4_1,VEGE,0.03474,0.03555,0.03625,0.04059,0.03764,0.03531
FRA,FRA.5_1,VEGE,0.05298,0.05196,0.05085,0.05422,0.05419,0.06238
FRA,FRA.6_1,VEGE,0.1537,0.1125,0.07608,0.04425,0.02361,0.01843
FRA,FRA.7_1,VEGE,0.0836,0.0553,0.03474,0.01844,0.007089,0.002664
FRA,FRA.8_1,VEGE,0.08588,0.0663,0.05274,0.04116,0.03292,0.02845
FRA,FRA.9_1,VEGE,0.07171,0.04178,0.02769,0.01741,0.01097,0.007505
GAB,GAB.1_1,VEGE,29.28,27.21,24.93,22.33,20.39,19.48
GAB,GAB.2_1,VEGE,3.292,3.119,3.671,3.68,3.518,3.614
GAB,GAB.3_1,VEGE,11.64,10.92,10.89,10.33,10.02,9.489
GAB,GAB.4_1,VEGE,8.074,7.847,7.667,7.421,7.684,7.474
GAB,GAB.5_1,VEGE,7.328,6.937,6.343,6.039,5.977,5.403
GAB,GAB.6_1,VEGE,30.42,29.91,30.29,29.02,29.29,27.36
GAB,GAB.7_1,VEGE,34.03,32.11,31.64,29.7,28.61,26.15
GAB,GAB.8_1,VEGE,9.982,9.659,9.461,9.127,9.1,8.99
GAB,GAB.9_1,VEGE,15.93,15.81,15.68,15.11,15.13,14.4
GBR,GBR.1_1,VEGE,0.02438,0.01409,0.01094,0.008386,0.006569,0.006107
GBR,GBR.2_1,VEGE,0.002619,0.00237,0.00212,0.001871,0.001621,0.001372
GBR,GBR.3_1,VEGE,0.00525,0.007336,0.009048,0.009822,0.01944,0.01824
GBR,GBR.4_1,VEGE,0.01183,0.009855,0.008253,0.006721,0.00522,0.004229
GEO,GEO.11_1,VEGE,0.001182,1.934e-4,8.1e-6,3.679e-4,3.487e-4,3.295e-4
GEO,GEO.12_1,VEGE,0,0,0,0,0,0
GEO,GEO.5_1,VEGE,0.02411,0.02037,0.03185,0.09112,0.09025,0.09051
GEO,GEO.6_1,VEGE,0.105,0.07195,0.04493,0.02379,0.01213,0.009592
GEO,GEO.7_1,VEGE,32.87,24.58,18.08,13.35,8.617,3.886
GEO,GEO.8_1,VEGE,15.4,14.43,13.47,12.5,11.53,10.56
GHA,GHA10_2,VEGE,1.166,1.122,1.074,1.179,1.238,1.3
GHA,GHA11_2,VEGE,1.193,1.055,0.956,0.8985,0.8363,0.8552
GHA,GHA12_2,VEGE,0.02437,0.02122,0.01975,0.01739,0.01506,0.01359
GHA,GHA13_2,VEGE,0.1308,0.1041,0.07933,0.05619,0.03711,0.02489
GHA,GHA14_2,VEGE,0.4972,0.4548,0.4292,0.4528,0.5421,0.5522
GHA,GHA15_2,VEGE,9.027,9.289,9.298,9.708,9.796,9.697
GHA,GHA16_2,VEGE,3.335,3.637,4.226,4.432,4.651,4.971
GHA,GHA1_2,VEGE,5.04,5.267,5.685,5.819,6.251,6.617
GHA,GHA2_2,VEGE,2.017,1.938,1.891,1.847,1.86,1.906
GHA,GHA3_2,VEGE,0.5181,0.4729,0.4371,0.4155,0.3824,0.3573
GHA,GHA4_2,VEGE,0.4679,0.4555,0.4527,0.4519,0.444,0.5137
GHA,GHA5_2,VEGE,1.191,1.159,1.13,1.134,1.074,1.06
GHA,GHA6_2,VEGE,1.352,1.481,1.623,1.731,1.862,1.955
GHA,GHA7_2,VEGE,0.232,0.2395,0.232,0.232,0.2378,0.2367
GHA,GHA8_2,VEGE,0.163,0.1409,0.1262,0.118,0.1075,0.1006
GHA,GHA9_2,VEGE,0.2279,0.2152,0.2048,0.2028,0.2068,0.2178
GIN,GIN.1_1,VEGE,0.5524,0.5504,0.531,0.5392,0.5351,0.5194
GIN,GIN.2_1,VEGE,0,0,0,0,0,0
GIN,GIN.3_1,VEGE,0.8076,0.8124,0.8122,0.8583,0.9166,0.9308
GIN,GIN.4_1,VEGE,0.9432,1.003,1.063,1.173,1.297,1.373
GIN,GIN.5_1,VEGE,0.3179,0.3246,0.3195,0.3348,0.3441,0.3443
GIN,GIN.6_1,VEGE,0.3542,0.3746,0.3807,0.4028,0.4282,0.4387
GIN,GIN.7_1,VEGE,1.115,1.162,1.181,1.269,1.311,1.309
GIN,GIN.8_1,VEGE,3.278,3.503,3.689,3.889,4.19,4.335
GLP,GLP.1_1,VEGE,3.92,3.122,2.418,1.759,1.218,0.8633
GLP,GLP.2_1,VEGE,4.974,4.054,3.292,2.562,1.891,1.317
GMB,GMB.2_1,VEGE,0.09105,0.08533,0.07769,0.1227,0.1674,0.2185
GMB,GMB.3_1,VEGE,0.0173,0.0152,0.01275,0.01125,0.00984,0.008817
GMB,GMB.4_1,VEGE,0.7823,0.7806,0.7892,0.7757,0.8377,0.9882
GMB,GMB.5_1,VEGE,0.0394,0.03509,0.02993,0.02641,0.02438,0.02264
GMB,GMB.6_1,VEGE,0.6913,0.5951,0.5011,0.4095,0.3202,0.2329
GNB,GNB.1_1,VEGE,1.68,1.501,1.346,1.237,1.187,1.197
GNB,GNB.2_1,VEGE,0.1575,0.1689,0.1981,0.2303,0.2608,0.2744
GNB,GNB.3_1,VEGE,1.566,1.393,1.222,1.052,0.8832,0.7147
GNB,GNB.4_1,VEGE,1.964,2.017,2.074,2.17,2.238,2.274
GNB,GNB.5_1,VEGE,0.3506,0.2349,0.1552,0.1069,0.06979,0.05411
GNB,GNB.6_1,VEGE,1.261,1.37,1.372,1.369,1.401,1.357
GNB,GNB.7_1,VEGE,1.274,1.2,1.148,1.102,1.104,1.117
GNB,GNB.8_1,VEGE,3.741,3.985,3.94,4.149,4.181,4.228
GNB,GNB.9_1,VEGE,0.6773,0.5988,0.5158,0.4496,0.3821,0.3248
GNQ,GNQ.4_1,VEGE,9.709,19.95,44.73,43.96,42.08,40.42
GNQ,GNQ.5_1,VEGE,6.504,6.839,6.82,6.775,6.811,6.64
GNQ,GNQ.6_1,VEGE,307.5,442,416,390,437.2,407.5
GNQ,GNQ.7_1,VEGE,4.932,4.329,3.726,3.124,2.521,1.918
GRC,GRC.1_1,VEGE,0.1579,0.1466,0.1255,0.1065,0.0879,0.0784
GRC,GRC.3_1,VEGE,0.4009,0.3503,0.2999,0.2496,0.1994,0.1492
GRC,GRC.4_1,VEGE,141.8,122.4,102.9,83.56,64.23,44.95
GRC,GRC.5_1,VEGE,0.09168,0.08325,0.07811,0.07331,0.06365,0.05579
GRC,GRC.6_1,VEGE,0.009132,0.007318,0.006794,0.005832,0.005012,0.00438
GRC,GRC.7_1,VEGE,0.08433,0.07635,0.0676,0.05823,0.05069,0.04343
GRC,GRC.8_1,VEGE,0.03879,0.03502,0.03161,0.03131,0.0285,0.02624
GRD,GRD.2_1,VEGE,0.2875,0.2699,0.2444,0.2248,0.2423,0.2368
GRD,GRD.3_1,VEGE,0.3918,0.3565,0.3184,0.2824,0.2497,0.2416
GRD,GRD.4_1,VEGE,0.1551,0.1218,0.09585,0.06338,0.04467,0.03899
GRD,GRD.5_1,VEGE,0.2341,0.1909,0.1533,0.1129,0.08694,0.07473
GRD,GRD.6_1,VEGE,0.3031,0.2334,0.1638,0.09446,0.05589,0.04827
GRD,GRD.7_1,VEGE,0.2181,0.1884,0.1624,0.1267,0.1264,0.1206
GTM,GTM.10_1,VEGE,0.3856,0.3206,0.2762,0.2261,0.1919,0.1579
GTM,GTM.11_1,VEGE,0.07754,0.0777,0.08002,0.07947,0.08031,0.07798
GTM,GTM.12_1,VEGE,2.054,2.038,2.031,2.143,2.236,2.193
GTM,GTM.13_1,VEGE,0.5763,0.422,0.32,0.2591,0.2124,0.1678
GTM,GTM.14_1,VEGE,5.803,5.716,5.737,5.893,5.929,5.906
GTM,GTM.15_1,VEGE,0.3073,0.3219,0.3472,0.4182,0.4753,0.5391
GTM,GTM.16_1,VEGE,0.7332,0.6233,0.6425,0.5534,0.5443,0.4596
GTM,GTM.17_1,VEGE,0.6355,0.7498,0.7068,0.6952,0.6921,0.7807
GTM,GTM.18_1,VEGE,0.198,0.2013,0.2187,0.2184,0.2266,0.2286
GTM,GTM.19_1,VEGE,1.014,0.8421,0.6894,0.5939,0.475,0.3772
GTM,GTM.1_1,VEGE,9.323,9.547,9.725,9.951,11.04,10.84
GTM,GTM.20_1,VEGE,0.2987,0.3261,0.3367,0.3938,0.4551,0.5205
GTM,GTM.21_1,VEGE,0.7465,0.7364,0.7524,0.7386,0.6885,0.7178
GTM,GTM.22_1,VEGE,0.2536,0.2407,0.2295,0.2308,0.2386,0.2308
GTM,GTM.2_1,VEGE,44.01,38.06,32.21,26.45,20.8,15.3
GTM,GTM.3_1,VEGE,3.901,3.272,2.681,2.133,1.625,1.185
GTM,GTM.4_1,VEGE,0.3111,0.2263,0.1687,0.1235,0.08916,0.06866
GTM,GTM.5_1,VEGE,1.363,1.168,0.9878,0.8206,0.6656,0.5229
GTM,GTM.6_1,VEGE,0.3492,0.356,0.3563,0.3887,0.3957,0.4565
GTM,GTM.7_1,VEGE,4.387,3.777,3.189,2.618,2.081,1.581
GTM,GTM.8_1,VEGE,2.073,2.056,2.019,2.027,2.08,2.036
GTM,GTM.9_1,VEGE,1.107,1.19,1.169,1.171,1.254,1.271
GUF,GUF.1_1,VEGE,9.152,7.22,5.588,4.149,3.029,2.249
GUF,GUF.2_1,VEGE,30.98,22.13,14.51,8.141,4.161,2.554
GUY,GUY.10_1,VEGE,0.2838,0.2275,0.1823,0.1558,0.1259,0.09978
GUY,GUY.1_1,VEGE,0,0,0,0,0,0
GUY,GUY.2_1,VEGE,884.4,525.7,241.6,112.7,76.61,50.2
GUY,GUY.3_1,VEGE,0.2375,0.2001,0.1682,0.1376,0.1079,0.08005
GUY,GUY.4_1,VEGE,0.1126,0.101,0.09212,0.1518,0.1747,0.1754
GUY,GUY.5_1,VEGE,0.1265,0.1215,0.1177,0.1212,0.1567,0.177
GUY,GUY.6_1,VEGE,0.007568,0.006676,0.006347,0.009491,0.01053,0.01041
GUY,GUY.7_1,VEGE,0.3583,0.3451,0.3282,0.4109,0.4289,0.4413
GUY,GUY.9_1,VEGE,276.9,232.3,190.5,151.1,114.2,78.54
HND,HND.10_1,VEGE,1.404,1.361,1.327,1.295,1.259,1.259
HND,HND.12_1,VEGE,0.1432,0.1238,0.1081,0.09381,0.08443,0.07868
HND,HND.13_1,VEGE,0.7617,0.6562,0.5824,0.5366,0.5047,0.4987
HND,HND.14_1,VEGE,0.5757,0.5288,0.5071,0.4818,0.4851,0.492
HND,HND.15_1,VEGE,1.946,1.821,1.7,1.614,1.528,1.339
HND,HND.16_1,VEGE,4.609,4.61,4.493,4.557,4.463,4.441
HND,HND.17_1,VEGE,0.0927,0.06223,0.03576,0.02113,0.01532,0.01103
HND,HND.18_1,VEGE,1.095,1.085,1.024,1.013,1.002,0.9762
HND,HND.1_1,VEGE,1.828,1.873,1.915,2.031,2.071,2.154
HND,HND.2_1,VEGE,0.04651,0.03627,0.02808,0.0212,0.01593,0.01203
HND,HND.3_1,VEGE,1.029,1.043,1.031,1.047,1.034,1.014
HND,HND.4_1,VEGE,0.3129,0.2562,0.2065,0.163,0.1267,0.09594
HND,HND.5_1,VEGE,1.209,1.135,1.081,1.108,1.071,1.059
HND,HND.6_1,VEGE,0.3244,0.4074,0.3952,0.4015,0.4018,0.3888
HND,HND.7_1,VEGE,2.16,1.86,1.571,1.288,1.012,0.7377
HND,HND.8_1,VEGE,1.021,0.8933,0.7727,0.6717,0.5878,0.505
HND,HND.9_1,VEGE,4.534,5.392,5.779,6.654,7.299,7.012
HRV,HRV.10_1,VEGE,0.04695,0.04265,0.03835,0.03404,0.02974,0.02544
HRV,HRV.11_1,VEGE,0.1023,0.102,0.09627,0.1113,0.1032,0.09587
HRV,HRV.12_1,VEGE,0.2001,0.1891,0.1759,0.1692,0.1644,0.1807
HRV,HRV.13_1,VEGE,0.4991,0.4626,0.4254,0.4184,0.3929,0.3509
HRV,HRV.14_1,VEGE,0.0104,0.009512,0.008671,0.008259,0.007455,0.006673
HRV,HRV.15_1,VEGE,0.4557,0.4273,0.4068,0.4757,0.4434,0.4091
HRV,HRV.16_1,VEGE,0.03346,0.03056,0.02774,0.02581,0.0245,0.02173
HRV,HRV.17_1,VEGE,0.1447,0.1268,0.1066,0.08647,0.06636,0.04633
HRV,HRV.18_1,VEGE,1.604,1.597,1.658,1.635,1.507,1.401
HRV,HRV.19_1,VEGE,0.01139,0.01474,0.01508,0.01504,0.01397,0.01289
HRV,HRV.1_1,VEGE,0.2307,0.2252,0.3226,0.3138,0.3077,0.2856
HRV,HRV.20_1,VEGE,0.0053,0.004483,0.003682,0.003017,0.002556,0.005657
HRV,HRV.21_1,VEGE,0.03971,0.0364,0.03679,0.03284,0.02889,0.02616
HRV,HRV.2_1,VEGE,0.4019,0.3776,0.3571,0.3333,0.309,0.2836
HRV,HRV.3_1,VEGE,0.006291,0.005585,0.004974,0.004299,0.00367,0.003119
HRV,HRV.4_1,VEGE,0.01428,0.01317,0.0121,0.01109,0.01008,0.009176
HRV,HRV.5_1,VEGE,0.04034,0.03428,0.02862,0.02167,0.01653,0.01444
HRV,HRV.6_1,VEGE,0.1657,0.1766,0.1886,0.2495,0.238,0.2361
HRV,HRV.7_1,VEGE,0.03898,0.03508,0.03118,0.02728,0.02343,0.02076
HRV,HRV.8_1,VEGE,0.1754,0.1562,0.1372,0.1181,0.099030000000000007,0.07996
HRV,HRV.9_1,VEGE,0.4048,0.2874,0.2386,0.1791,0.1853,0.1641
HTI,HTI.10_1,VEGE,0.3247,0.3079,0.2892,0.2769,0.2622,0.2519
HTI,HTI.1_1,VEGE,0.07319,0.06827,0.06231,0.05882,0.06033,0.05747
HTI,HTI.2_1,VEGE,1.554,1.468,1.401,1.34,1.274,1.213
HTI,HTI.3_1,VEGE,0.05203,0.04655,0.04013,0.03574,0.03246,0.029760000000000002
HTI,HTI.4_1,VEGE,0.08014,0.06416,0.05086,0.03954,0.03,0.02266
HTI,HTI.5_1,VEGE,0.2744,0.2815,0.3024,0.3296,0.3368,0.3382
HTI,HTI.6_1,VEGE,0.1626,0.1478,0.1319,0.1242,0.1202,0.1115
HTI,HTI.7_1,VEGE,0.2963,0.2905,0.2818,0.3009,0.2987,0.2989
HTI,HTI.8_1,VEGE,0.03858,0.03128,0.02519,0.02013,0.01615,0.0129
HTI,HTI.9_1,VEGE,0.112,0.09759,0.08524,0.07683,0.0705,0.06858
HUN,HUN.10_1,VEGE,0.005963,0.0747,0.06961,0.06512,0.06075,0.05676
HUN,HUN.11_1,VEGE,0.1709,0.1686,0.1575,0.1453,0.1401,0.1295
HUN,HUN.12_1,VEGE,0.4164,0.3822,0.3479,0.3146,0.2823,0.25
HUN,HUN.13_1,VEGE,0.009971,0.008416,0.007014,0.005764,0.004515,0.003265
HUN,HUN.14_1,VEGE,0.1158,0.1131,0.1011,0.08904,0.07814,0.07027
HUN,HUN.15_1,VEGE,0.004768,0.008616,0.008697,0.00815,0.007618,0.007151
HUN,HUN.16_1,VEGE,0.01278,0.01012,0.008445,0.007518,0.006375,0.00569
HUN,HUN.17_1,VEGE,0.0687,0.06317,0.05779,0.05242,0.04704,0.04248
HUN,HUN.18_1,VEGE,0.006533,0.004488,0.002814,0.001512,4.303e-4,0
HUN,HUN.19_1,VEGE,0.004269,0.003981,0.01371,0.01673,0.01662,0.01709
HUN,HUN.1_1,VEGE,0.1794,0.1735,0.1695,0.1589,0.1527,0.1615
HUN,HUN.20_1,VEGE,0.022,0.02035,0.0187,0.01705,0.01561,0.01438
HUN,HUN.2_1,VEGE,0.051,0.04594,0.05756,0.05015,0.04505,0.04126
HUN,HUN.3_1,VEGE,0.09162,0.08732,0.08466,0.1205,0.117,0.1105
HUN,HUN.4_1,VEGE,0.03219,0.02746,0.02804,0.02733,0.02564,0.02261
HUN,HUN.5_1,VEGE,0,0,0,0,0,0
HUN,HUN.6_1,VEGE,0.01482,0.01313,0.01169,0.02458,0.02281,0.03692
HUN,HUN.7_1,VEGE,0.1491,0.139,0.1289,0.1189,0.109,0.1004
HUN,HUN.8_1,VEGE,0.01234,0.007772,0.004475,0.001703,2.126e-4,0
HUN,HUN.9_1,VEGE,0.2371,0.2231,0.2065,0.2019,0.1863,0.2018
IDN,IDN.10_1,VEGE,0.1878,0.184,0.1841,0.2018,0.2054,0.206
IDN,IDN.11_1,VEGE,0.1064,0.102,0.09674,0.1069,0.1082,0.1068
IDN,IDN.12_1,VEGE,29.43,24.94,20.71,16.7,12.97,9.596
IDN,IDN.13_1,VEGE,10.76,10.41,9.901,9.835,9.995,10.08
IDN,IDN.14_1,VEGE,8.839,7.656,6.521,5.651,4.754,3.982
IDN,IDN.16_1,VEGE,5.608,5.304,4.944,4.575,4.189,3.812
IDN,IDN.17_1,VEGE,0.9447,0.8081,0.6777,0.5557,0.4413,0.3374
IDN,IDN.18_1,VEGE,1.179,1.153,1.105,1.123,1.09,1.073
IDN,IDN.19_1,VEGE,3.303,3.063,2.843,2.82,2.616,2.402
IDN,IDN.1_1,VEGE,660.1,688.8,669.2,715.3,787.3,846.5
IDN,IDN.20_1,VEGE,335.7,307.1,286.5,302.7,290.1,266
IDN,IDN.21_1,VEGE,0.5871,0.6353,0.6365,0.6849,0.7058,0.7396
IDN,IDN.22_1,VEGE,10.32,9.205,8.373,7.82,6.978,6.08
IDN,IDN.23_1,VEGE,30.07,30.43,30.8,31.18,31.26,31.47
IDN,IDN.24_1,VEGE,6.09,5.862,5.615,5.537,5.37,5.472
IDN,IDN.25_1,VEGE,4.781,4.142,3.502,2.882,2.268,1.67
IDN,IDN.26_1,VEGE,0.6312,0.5949,0.5712,0.5785,0.5466,0.524
IDN,IDN.27_1,VEGE,2.517,2.257,2.034,2.112,1.911,1.766
IDN,IDN.28_1,VEGE,4.543,3.952,3.335,2.845,2.355,1.924
IDN,IDN.29_1,VEGE,0.5301,0.5001,0.4729,0.5191,0.4902,0.471
IDN,IDN.2_1,VEGE,0.03362,0.0308,0.03071,0.03228,0.03158,0.03092
IDN,IDN.30_1,VEGE,197.4,194.7,185.5,177.9,170.7,182.6
IDN,IDN.31_1,VEGE,3.511,3.079,2.661,2.284,1.894,1.533
IDN,IDN.32_1,VEGE,421.6,406,399.8,396.1,402.4,412.4
IDN,IDN.33_1,VEGE,1.484,1.355,1.223,1.138,1.089,1.013
IDN,IDN.34_1,VEGE,4.015,3.385,2.799,2.277,1.797,1.412
IDN,IDN.35_1,VEGE,2685,2081,1613,1299,1066,943.6
IDN,IDN.3_1,VEGE,45.11,39.18,33.3,27.47,21.71,16.03
IDN,IDN.4_1,VEGE,0.4635,0.4433,0.4449,0.488,0.5103,0.5263
IDN,IDN.5_1,VEGE,268.4,244,236.8,259.2,280,305.6
IDN,IDN.6_1,VEGE,0.7001,0.547,0.4247,0.3443,0.2729,0.2246
IDN,IDN.7_1,VEGE,4.114e-4,0,0,0,0,0
IDN,IDN.8_1,VEGE,2.833,2.861,2.849,2.827,2.872,3.037
IDN,IDN.9_1,VEGE,0.5087,0.5116,0.525,0.5667,0.5991,0.6023
IND,IND.10_1,VEGE,10.85,9.356,7.878,6.434,4.999,3.609
IND,IND.11_1,VEGE,4.859e-4,0.00044270000000000003,3.818e-4,0.002102,0.002385,0.002816
IND,IND.12_1,VEGE,0.001457,0.001343,0.001191,0.001179,0.001449,0.001836
IND,IND.13_1,VEGE,0.03246,0.02873,0.02765,0.03015,0.03527,0.04249
IND,IND.15_1,VEGE,0.03123,0.03123,0.03002,0.03547,0.03973,0.04267
IND,IND.16_1,VEGE,0.03558,0.0389,0.04347,0.0558,0.06364,0.06969
IND,IND.17_1,VEGE,0.1872,0.1993,0.2105,0.2486,0.2774,0.3034
IND,IND.19_1,VEGE,0.05699,0.04964,0.04389,0.04306,0.04441,0.04631
IND,IND.1_1,VEGE,20.01,17.39,14.83,12.34,9.865,7.44
IND,IND.20_1,VEGE,0.572,0.5635,0.5919,0.7229,0.7807,0.8085
IND,IND.21_1,VEGE,3.246,3.538,3.629,3.801,4.02,4.339
IND,IND.22_1,VEGE,2.396,2.312,2.203,2.091,1.964,1.799
IND,IND.23_1,VEGE,3.678,3.628,3.49,3.361,3.232,3.069
IND,IND.24_1,VEGE,0.6712,0.6174,0.5575,0.5064,0.4486,0.3913
IND,IND.25_1,VEGE,0,0,0,0,0,0
IND,IND.26_1,VEGE,0.3042,0.2646,0.2318,0.2025,0.1729,0.1454
IND,IND.27_1,VEGE,0.02688,0.0425,0.04597,0.05733,0.06308,0.07229
IND,IND.28_1,VEGE,0.03172,0.02653,0.02157,0.01687,0.01262,0.008986
IND,IND.29_1,VEGE,0.006388,0.005343,0.00433,0.003972,0.00342,0.004442
IND,IND.2_1,VEGE,0.02534,0.02533,0.02583,0.03161,0.03429,0.03716
IND,IND.30_1,VEGE,0.07267,0.06357,0.0545,0.04548,0.03668,0.02811
IND,IND.31_1,VEGE,0.008477,0.009128,0.00898,0.00998,0.01094,0.0118
IND,IND.32_1,VEGE,0.1232,0.1099,0.09832,0.1569,0.1518,0.15
IND,IND.33_1,VEGE,0.7679,0.6924,0.6104,0.5306,0.4453,0.3646
IND,IND.34_1,VEGE,0.006832,0.005809,0.005406,0.005358,0.005309,0.005593
IND,IND.35_1,VEGE,0.4086,0.7244,0.7921,1.069,1.293,1.386
IND,IND.36_1,VEGE,0.07966,0.08114,0.08417,0.08687,0.08996,0.09073
IND,IND.3_1,VEGE,1.799,1.655,1.459,1.25,1.124,1.083
IND,IND.4_1,VEGE,0.4617,0.4909,0.5228,0.5406,0.5537,0.5633
IND,IND.5_1,VEGE,0.01273,0.01175,0.0117,0.01179,0.01313,0.01305
IND,IND.6_1,VEGE,0.1215,0.1004,0.0794,0.05836,0.03732,0.01628
IND,IND.7_1,VEGE,0.07742,0.0717,0.06775,0.07473,0.07785,0.08394
IND,IND.8_1,VEGE,0,0,0,0,0,0
IRL,IRL.10_1,VEGE,0.005789,0.0053,0.004812,0.004323,0.003835,0.003346
IRL,IRL.11_1,VEGE,0.002344,0.002156,0.002506,0.00227,0.002034,0.001797
IRL,IRL.13_1,VEGE,6.45e-4,5.853e-4,5.256e-4,4.659e-4,4.062e-4,4.425e-4
IRL,IRL.15_1,VEGE,0.03382,0.01883,0.01139,0.005404,0.001328,2.293e-4
IRL,IRL.17_1,VEGE,0.004953,0.003858,0.003371,0.00293,0.003014,0.002635
IRL,IRL.1_1,VEGE,0.01076,0.009767,0.00877,0.007774,0.007165,0.006258
IRL,IRL.22_1,VEGE,0.001174,0.001145,0.00104,9.338e-4,8.28e-4,7.221e-4
IRL,IRL.23_1,VEGE,0.1488,0.1403,0.1319,0.1234,0.1149,0.1064
IRL,IRL.25_1,VEGE,0.004026,0.003388,0.002726,0.002092,0.001459,0.001335
IRL,IRL.26_1,VEGE,0,0,0,0,0,0
IRL,IRL.4_1,VEGE,0.02183,0.01347,0.00827,0.003804,0.001033,4.461e-4
IRL,IRL.6_1,VEGE,9.703e-4,8.358e-4,7.475e-4,6.592e-4,0.001226,0.00163
IRL,IRL.7_1,VEGE,0,0,0,0,0,0
IRL,IRL.9_1,VEGE,0.01434,0.01303,0.01171,0.0104,0.009088,0.007775
IRN,IRN.11_1,VEGE,0,0,0,3.27e-4,3.102e-4,2.934e-4
IRN,IRN.12_1,VEGE,0,0,0,0,0,0
IRN,IRN.13_1,VEGE,0,0,0,0,0,0
IRN,IRN.14_1,VEGE,0.004144,0.0025959999999999998,0.001683,9.478e-4,3.159e-4,0
IRN,IRN.15_1,VEGE,1.93e-4,8.284e-5,5.311e-5,3.388e-5,1.966e-4,1.794e-4
IRN,IRN.16_1,VEGE,0,0,0,0,0,0
IRN,IRN.17_1,VEGE,3.669e-4,3.19e-4,2.712e-4,2.234e-4,1.756e-4,1.278e-4
IRN,IRN.18_1,VEGE,8.598e-6,7.586e-6,6.575e-6,5.563e-6,4.552e-6,3.54e-6
IRN,IRN.19_1,VEGE,0,0,0,0,0,0
IRN,IRN.1_1,VEGE,0.01229,0.01057,0.008942,0.007316,0.00569,0.004064
IRN,IRN.20_1,VEGE,0.06333,0.05466,0.04601,0.03737,0.02909,0.02101
IRN,IRN.21_1,VEGE,84.67,73.76,62.85,51.94,41.03,30.11
IRN,IRN.22_1,VEGE,0,0,0,0,0,0
IRN,IRN.24_1,VEGE,0.00971,0.003585,7.223e-4,0,0,0
IRN,IRN.25_1,VEGE,0,0,0,0,0,0
IRN,IRN.26_1,VEGE,0,0,0,0,0,0
IRN,IRN.28_1,VEGE,0.005485,0.004641,0.003797,0.002953,0.00211,0.001266
IRN,IRN.29_1,VEGE,0.001776,0.001049,5.618e-4,4.925e-4,3.05e-4,5.475e-4
IRN,IRN.2_1,VEGE,0.1295,0.07569,0.02516,0.001711,0.001437,0.001324
IRN,IRN.31_1,VEGE,3.801e-4,3.439e-4,3.077e-4,2.715e-4,2.353e-4,1.991e-4
IRN,IRN.3_1,VEGE,0,0,0,0,0,0
IRN,IRN.5_1,VEGE,0.007188,0.006431,0.005675,0.01122,0.01014,0.009058
IRN,IRN.6_1,VEGE,0,0,0,0,0,0
IRN,IRN.7_1,VEGE,0,0,1.567e-5,0.002692,0.005452,0.00521
IRN,IRN.8_1,VEGE,0.05501,0.04982,0.0475,0.04626,0.04073,0.03519
IRN,IRN.9_1,VEGE,0.02542,0.01753,0.01273,0.009605,0.007297,0.005596
IRQ,IRQ.12_1,VEGE,0.06664,0.05767,0.04871,0.03975,0.03078,0.02182
IRQ,IRQ.13_1,VEGE,0.1329,0.08242,0.03509,0.009235,0.003078,0
IRQ,IRQ.16_1,VEGE,0.02689,0.01859,0.01328,0.008605,0.0051919999999999996,0.002587
IRQ,IRQ.17_1,VEGE,0.009614,0.006519,0.003732,0.001858,6.194e-4,0
IRQ,IRQ.18_1,VEGE,0,0,0,0,0,0
IRQ,IRQ.5_1,VEGE,0,0,0,0,0,0
ISR,ISR.1_1,VEGE,6.709e-4,0.008039,0.01132,0.01064,0.009978,0.03414
ISR,ISR.2_1,VEGE,0.001812,0.001629,0.001462,0.001385,0.001474,0.001567
ISR,ISR.3_1,VEGE,0.01541,0.01335,0.01147,0.009653,0.00787,0.01126
ISR,ISR.4_1,VEGE,0.01255,0.01208,0.01154,0.01157,0.01141,0.0128
ISR,ISR.5_1,VEGE,0.02195,0.02198,0.02011,0.02022,0.02093,0.0199
ISR,ISR.7_1,VEGE,0.02042,0.01784,0.01526,0.01292,0.01082,0.008798
ITA,ITA.10_1,VEGE,0.01172,0.009924,0.008747,0.007197,0.005844,0.004809
ITA,ITA.11_1,VEGE,0.03443,0.0262,0.01918,0.01316,0.009097,0.00703
ITA,ITA.12_1,VEGE,0.01425,0.01093,0.008401,0.005569,0.004057,0.003775
ITA,ITA.13_1,VEGE,0.02209,0.0183,0.0151,0.01224,0.009522,0.007706
ITA,ITA.14_1,VEGE,0.1413,0.115,0.09129,0.0702,0.05287,0.03885
ITA,ITA.15_1,VEGE,0.1001,0.08832,0.07799,0.06801,0.05814,0.05064
ITA,ITA.16_1,VEGE,0.06266,0.05077,0.03996,0.03327,0.02541,0.02026
ITA,ITA.17_1,VEGE,1.484,1.451,1.45,1.436,1.377,1.322
ITA,ITA.18_1,VEGE,0.04146,0.03155,0.0236,0.01713,0.0118,0.008455
ITA,ITA.19_1,VEGE,3.452,3.512,3.048,8.877,11.49,10.57
ITA,ITA.1_1,VEGE,0.03,0.02615,0.02321,0.0208,0.01833,0.01582
ITA,ITA.20_1,VEGE,0.003894,0.004184,0.003845,0.00356,0.0034,0.003096
ITA,ITA.2_1,VEGE,0.01648,0.01412,0.01225,0.01102,0.009497,0.008791
ITA,ITA.3_1,VEGE,0.01645,0.01501,0.01413,0.01127,0.01048,0.01114
ITA,ITA.4_1,VEGE,0.0697,0.07127,0.07165,0.07441,0.07308,0.07362
ITA,ITA.5_1,VEGE,0.03656,0.03072,0.02564,0.02201,0.01903,0.01662
ITA,ITA.6_1,VEGE,0.005945,0.005272,0.004589,0.003936,0.00327,0.002776
ITA,ITA.7_1,VEGE,0.01375,0.01194,0.01012,0.008502,0.007396,0.006283
ITA,ITA.8_1,VEGE,0.02055,0.01609,0.01321,0.01084,0.009007,0.008516
ITA,ITA.9_1,VEGE,1.04,1.027,1.023,1.043,1.002,0.9716
JAM,JAM.10_1,VEGE,0.6409,0.6376,0.6169,0.6948,0.6578,3.56
JAM,JAM.11_1,VEGE,2.962,2.943,2.94,3.21,3.238,3.404
JAM,JAM.12_1,VEGE,0.8291,0.7669,0.6975,0.627,0.5549,0.5133
JAM,JAM.13_1,VEGE,0.2694,0.2623,0.2452,0.3503,0.3475,1.542
JAM,JAM.14_1,VEGE,0.1978,0.1905,0.1759,0.1677,0.1618,0.2753
JAM,JAM.1_1,VEGE,0.1264,0.1119,0.09741,0.08554,0.08775,0.08493
JAM,JAM.2_1,VEGE,0.3562,0.3511,0.3358,0.335,0.3363,0.37
JAM,JAM.4_1,VEGE,0.3475,0.2975,0.2494,0.2052,0.1559,0.2231
JAM,JAM.5_1,VEGE,7.476,7.348,7.161,7.269,6.959,8.742
JAM,JAM.6_1,VEGE,1.001,0.9246,0.8649,0.8138,0.7433,0.7566
JAM,JAM.7_1,VEGE,0.6393,0.5902,0.5408,0.5342,0.4865,0.8762
JAM,JAM.8_1,VEGE,0.3288,0.3209,0.2966,0.2755,0.3046,0.2991
JAM,JAM.9_1,VEGE,0.1997,0.1904,0.1745,0.1642,0.1617,0.6027
JOR,JOR.10_1,VEGE,0,0,0,0,0,0
JOR,JOR.1_1,VEGE,0,0,0,0,0,0
JOR,JOR.4_1,VEGE,0,0,0,0,0,0
JOR,JOR.5_1,VEGE,0,0,0,0,0,0
JOR,JOR.6_1,VEGE,0,0,0,0,0,0
JPN,JPN.10_1,VEGE,0.1258,0.1068,0.09016,0.07368,0.05714,0.04252
JPN,JPN.11_1,VEGE,0.8121,0.7761,0.7845,0.7485,0.7433,0.6876
JPN,JPN.12_1,VEGE,0.1372,0.1302,0.13,0.125,0.1185,0.1135
JPN,JPN.13_1,VEGE,0.3263,0.2744,0.2241,0.2175,0.167,0.1429
JPN,JPN.14_1,VEGE,0.03746,0.04001,0.05219,0.05314,0.05128,0.05222
JPN,JPN.15_1,VEGE,0.04318,0.03726,0.04617,0.04068,0.03965,0.03669
JPN,JPN.16_1,VEGE,0.09415,0.08368,0.07768,0.07474,0.07346,0.06764
JPN,JPN.17_1,VEGE,0.04333,0.03847,0.03587,0.03383,0.02972,0.02986
JPN,JPN.18_1,VEGE,0.1219,0.1113,0.09963,0.0922,0.08271,0.07806
JPN,JPN.19_1,VEGE,0.01557,0.01271,0.0105,0.008926,0.007355,0.005872
JPN,JPN.1_1,VEGE,0.05557,0.04723,0.03905,0.06813,0.05924,0.04958
JPN,JPN.20_1,VEGE,1.373,1.226,1.107,1.067,0.9691,0.8759
JPN,JPN.21_1,VEGE,0.04811,0.04031,0.03757,0.03216,0.02754,0.02925
JPN,JPN.22_1,VEGE,0.4453,0.4119,0.4183,0.4326,0.3852,0.3562
JPN,JPN.23_1,VEGE,0.01961,0.01463,0.0103,0.007648,0.006217,0.004695
JPN,JPN.24_1,VEGE,0.1701,0.1541,0.1395,0.1245,0.1124,0.09834
JPN,JPN.25_1,VEGE,0.06252,0.0682,0.06324,0.05808,0.06165,0.05802
JPN,JPN.26_1,VEGE,0.0461,0.04371,0.05064,0.04683,0.04422,0.05083
JPN,JPN.27_1,VEGE,0.1181,0.1258,0.1505,0.154,0.1438,0.1333
JPN,JPN.28_1,VEGE,0.1672,0.1334,0.1066,0.07529,0.05531,0.04618
JPN,JPN.29_1,VEGE,0.2054,0.1705,0.146,0.1266,0.1061,0.1009
JPN,JPN.2_1,VEGE,0.07949,0.08172,0.08268,0.08626,0.08091,0.0888
JPN,JPN.30_1,VEGE,0.3256,0.1886,0.1031,0.06625,0.04477,0.03763
JPN,JPN.31_1,VEGE,0.4709,0.6598,1.27,1.202,1.271,1.205
JPN,JPN.32_1,VEGE,0.1536,0.1361,0.1237,0.1091,0.09703,0.08377
JPN,JPN.33_1,VEGE,0.07498,0.02362,0.01092,0.008687,0.006637,0.004769
JPN,JPN.34_1,VEGE,0.108,0.1018,0.09655,0.1058,0.09743,0.09134
JPN,JPN.35_1,VEGE,0.08025,0.1038,0.07861,0.06277,0.04917,0.04353
JPN,JPN.36_1,VEGE,0.1143,0.09414,0.07635,0.05893,0.04381,0.05524
JPN,JPN.37_1,VEGE,7.961,6.839,5.841,4.923,4.246,4.007
JPN,JPN.38_1,VEGE,0.06806,0.06011,0.05592,0.05551,0.05395,0.05564
JPN,JPN.39_1,VEGE,0.04689,0.04484,0.04305,0.04254,0.04691,0.04948
JPN,JPN.3_1,VEGE,0.07359,0.07874,0.07622,0.07471,0.08366,0.08294
JPN,JPN.40_1,VEGE,0.1897,0.1506,0.116,0.08791,0.06623,0.05004
JPN,JPN.42_1,VEGE,0.09524,0.08686,0.08463,0.07431,0.06525,0.06508
JPN,JPN.43_1,VEGE,0.06604,0.05322,0.04203,0.03179,0.02483,0.0346
JPN,JPN.44_1,VEGE,0.1583,0.1192,0.08568,0.05551,0.03331,0.02168
JPN,JPN.45_1,VEGE,0.06346,0.04912,0.03864,0.02916,0.02389,0.02117
JPN,JPN.46_1,VEGE,0.1413,0.1539,0.1496,0.1709,0.1525,0.1463
JPN,JPN.47_1,VEGE,0.143,0.1055,0.07662,0.0556,0.03051,0.01537
JPN,JPN.4_1,VEGE,0.04278,0.03643,0.03143,0.02838,0.02851,0.02523
JPN,JPN.5_1,VEGE,0.07794,0.06872,0.06076,0.07859,0.09261,0.1435
JPN,JPN.6_1,VEGE,0.1578,0.1064,0.05913,0.0227,0.003889,0
JPN,JPN.7_1,VEGE,0.0337,0.02798,0.02337,0.02524,0.02372,0.0305
JPN,JPN.8_1,VEGE,0.5143,0.5575,0.6314,0.6927,0.6927,0.7444
JPN,JPN.9_1,VEGE,0.5552,0.512,0.4724,0.4271,0.3899,0.3489
KAZ,KAZ.10_1,VEGE,0.01403,0.01019,0.006891,0.003709,0.001435,4.175e-4
KAZ,KAZ.11_1,VEGE,0.01001,0.008408,0.00723,0.006173,0.005213,0.004379
KAZ,KAZ.12_1,VEGE,0.00575,0.004637,0.003774,0.003168,0.002638,0.002142
KAZ,KAZ.13_1,VEGE,3.113,1.763,0.7168,0.3144,0.2541,0.2015
KAZ,KAZ.14_1,VEGE,0.004544,0.002349,0.001248,6.638e-4,4.253e-4,3.455e-4
KAZ,KAZ.1_1,VEGE,0.01579,0.009266,0.006594,0.005156,0.004031,0.003336
KAZ,KAZ.2_1,VEGE,0.6683,0.4786,0.2897,0.1013,0.006708,0.005747
KAZ,KAZ.3_1,VEGE,0,0,0,0,0,0
KAZ,KAZ.5_1,VEGE,0.1935,0.1124,0.03749,1.586e-5,0,0
KAZ,KAZ.7_1,VEGE,0.02594,0.0191,0.01778,0.01272,0.00734,0.004507
KAZ,KAZ.8_1,VEGE,1.662,1.214,0.8072,0.4002,0.09834,0
KEN,KEN.10_1,VEGE,0.3076,0.3028,0.2916,0.3139,0.3055,0.3066
KEN,KEN.11_1,VEGE,0.0948,0.0947,0.09449,0.1051,0.1088,0.1116
KEN,KEN.12_1,VEGE,0.4777,0.4504,0.4379,0.448,0.4873,0.4855
KEN,KEN.13_1,VEGE,0.1225,0.1218,0.1296,0.1308,0.1717,0.1737
KEN,KEN.14_1,VEGE,0.1147,0.1477,0.1387,0.1322,0.1344,0.1297
KEN,KEN.15_1,VEGE,0.05306,0.04977,0.05395,0.05636,0.0733,0.07007
KEN,KEN.16_1,VEGE,0.04293,0.04348,0.04325,0.04539,0.04854,0.05033
KEN,KEN.17_1,VEGE,0.01999,0.01865,0.01728,0.01608,0.01492,0.01399
KEN,KEN.18_1,VEGE,0.2028,0.2036,0.2101,0.2188,0.2884,0.2946
KEN,KEN.19_1,VEGE,0.1246,0.1183,0.1067,0.1018,0.1107,0.1093
KEN,KEN.1_1,VEGE,4.236,3.998,3.793,3.747,3.841,4.385
KEN,KEN.20_1,VEGE,0.1949,0.2147,0.2343,0.2546,0.2641,0.2526
KEN,KEN.21_1,VEGE,1.178,1.326,1.278,1.229,1.149,1.101
KEN,KEN.22_1,VEGE,0.1641,0.1633,0.1588,0.1826,0.2123,0.2261
KEN,KEN.23_1,VEGE,0.05441,0.05102,0.0446,0.04262,0.04508,0.0424
KEN,KEN.24_1,VEGE,0.3996,0.387,0.3622,0.3416,0.322,0.3727
KEN,KEN.25_1,VEGE,5.423e-4,0.003463,0.01046,0.009852,0.009246,0.02331
KEN,KEN.26_1,VEGE,0.0446,0.04437,0.04416,0.04806,0.07378,0.0855
KEN,KEN.27_1,VEGE,0.02126,0.02072,0.02109,0.02108,0.02218,0.02249
KEN,KEN.28_1,VEGE,0.313,0.2691,0.219,0.1773,0.1407,0.1039
KEN,KEN.29_1,VEGE,0.05899,0.05723,0.05756,0.06517,0.1097,0.1112
KEN,KEN.2_1,VEGE,1.489,1.414,1.337,1.295,1.386,1.293
KEN,KEN.30_1,VEGE,0.1592,0.1417,0.6403,0.6006,0.5713,0.5827
KEN,KEN.31_1,VEGE,0.3488,0.3463,0.3363,0.3381,0.3347,0.3347
KEN,KEN.32_1,VEGE,0.1348,0.1206,0.1101,0.1052,0.1014,0.103
KEN,KEN.33_1,VEGE,0.9036,0.9181,0.9322,0.9754,1,0.987
KEN,KEN.34_1,VEGE,0.07725,0.07194,0.06699,0.06555,0.06373,0.06132
KEN,KEN.35_1,VEGE,0.08014,0.08169,0.08017,0.07867,0.08459,0.08931
KEN,KEN.36_1,VEGE,0.01009,0.01023,0.01077,0.01197,0.0211,0.02219
KEN,KEN.37_1,VEGE,0.5204,0.527,0.5155,0.5299,0.5044,0.4947
KEN,KEN.38_1,VEGE,0.03846,0.03735,0.03603,0.03681,0.04076,0.04453
KEN,KEN.39_1,VEGE,1.427,1.416,1.345,1.257,1.418,1.44
KEN,KEN.3_1,VEGE,1.35,1.292,1.24,1.202,1.136,1.093
KEN,KEN.40_1,VEGE,0.6157,0.6311,0.6095,0.6069,0.5943,0.6109
KEN,KEN.41_1,VEGE,0.1895,0.1577,0.1273,0.09887,0.07181,0.05311
KEN,KEN.42_1,VEGE,0.493,0.4617,0.4314,0.4095,0.4204,0.4152
KEN,KEN.43_1,VEGE,37.2,31.43,25.84,20.48,15.51,10.91
KEN,KEN.44_1,VEGE,0.05827,0.05294,0.04911,0.0491,0.04814,0.04916
KEN,KEN.45_1,VEGE,0.01152,0.01005,0.009756,0.00895,0.008886,0.008325
KEN,KEN.46_1,VEGE,0,0,0,0,0,0
KEN,KEN.47_1,VEGE,0.7141,0.7072,0.7651,0.8082,0.7806,0.7448
KEN,KEN.4_1,VEGE,0.3856,0.43,0.4304,0.433,0.4714,0.4823
KEN,KEN.5_1,VEGE,0.23,0.2246,0.2179,0.2074,0.2105,0.2391
KEN,KEN.6_1,VEGE,1.048,0.9889,0.9453,1.039,1.261,1.251
KEN,KEN.7_1,VEGE,0.4528,0.445,0.4199,0.4866,0.4539,0.4112
KEN,KEN.8_1,VEGE,0.1108,0.1147,0.113,0.121,0.126,0.1324
KEN,KEN.9_1,VEGE,0.009318,0.008411,0.007504,0.006596,0.005689,0.004867
KGZ,KGZ.1_1,VEGE,0.006128,0.004567,0.003132,0.002055,0.001233,4.11e-4
KGZ,KGZ.3_1,VEGE,0.02544,0.02041,0.01679,0.01356,0.01547,0.01246
KGZ,KGZ.4_1,VEGE,0.005657,0.00493,0.004268,0.003637,0.00304,0.002527
KGZ,KGZ.5_1,VEGE,0.001845,6.149e-4,0,0,0,0
KGZ,KGZ.7_1,VEGE,6.855e-4,5.186e-4,3.836e-4,2.591e-4,1.693e-4,1.035e-4
KGZ,KGZ.8_1,VEGE,0.004374,0.002278,0.001082,7.847e-4,4.871e-4,1.895e-4
KGZ,KGZ.9_1,VEGE,6.516e-4,4.968e-4,3.456e-4,1.979e-4,9.644e-5,4.785e-5
KHM,KHM.11_1,VEGE,5.182,4.842,4.43,4.037,3.623,3.186
KHM,KHM.12_1,VEGE,2.856,2.387,1.934,1.587,1.298,1.083
KHM,KHM.13_1,VEGE,7.29,6.107,4.96,3.957,3.023,4.82
KHM,KHM.14_1,VEGE,4.638,5.077,4.999,4.723,4.431,4.165
KHM,KHM.15_1,VEGE,7.526,7.735,7.582,7.502,7.171,6.743
KHM,KHM.16_1,VEGE,11.21,10.32,15.28,19.03,17.58,16.13
KHM,KHM.17_1,VEGE,5.826,7.136,7.024,6.904,6.591,6.171
KHM,KHM.18_1,VEGE,5.869,7.083,7.994,8.199,8.433,8.311
KHM,KHM.19_1,VEGE,0.03586,0.03142,0.02707,0.0228,0.01859,0.01443
KHM,KHM.1_1,VEGE,0.2924,0.2629,0.2355,0.2164,0.2031,0.1834
KHM,KHM.20_1,VEGE,8.09,8.514,8.48,8.416,8.428,8.4
KHM,KHM.21_1,VEGE,3.704,3.973,3.898,4.111,4.106,3.901
KHM,KHM.22_1,VEGE,11.47,10.93,10.12,9.77,8.947,7.824
KHM,KHM.23_1,VEGE,0.0137,0.01172,0.009907,0.008506,0.007727,0.006652
KHM,KHM.24_1,VEGE,0.2762,0.2068,0.1401,0.07511,0.03337,0.02097
KHM,KHM.25_1,VEGE,0.4478,0.3914,0.3337,0.2769,0.2258,0.1814
KHM,KHM.2_1,VEGE,1.325,1.234,1.075,0.9311,0.8018,0.6861
KHM,KHM.3_1,VEGE,1.34,1.304,1.308,1.37,1.389,1.318
KHM,KHM.4_1,VEGE,0.3508,0.326,0.302,0.2847,0.2675,0.2517
KHM,KHM.5_1,VEGE,1.572,1.44,1.32,1.278,1.302,1.216
KHM,KHM.6_1,VEGE,3.726,3.757,3.719,3.648,3.495,3.249
KHM,KHM.7_1,VEGE,2.045,1.907,1.634,1.373,1.135,0.9034
KHM,KHM.8_1,VEGE,0.9631,0.9594,1.011,1.046,0.9729,0.8944
KHM,KHM.9_1,VEGE,18.52,17.67,17.25,17.49,16.46,16
KNA,KNA.10_1,VEGE,0.5393,0.4886,0.451,0.4168,1.119,1.053
KNA,KNA.11_1,VEGE,0.046,0.04657,0.04236,0.03705,0.03276,0.02902
KNA,KNA.12_1,VEGE,0.7422,0.7124,0.6389,0.5448,0.4706,0.4105
KNA,KNA.13_1,VEGE,0.2732,0.2416,0.21,0.1784,0.1468,0.1152
KNA,KNA.14_1,VEGE,0,0,0,0,0,0
KNA,KNA.1_1,VEGE,1.071,0.9419,0.8127,0.6835,0.5543,0.4252
KNA,KNA.2_1,VEGE,0,0,0,0,0,0
KNA,KNA.3_1,VEGE,0.04624,0.03094,0.02441,0.02018,0.01823,0.01628
KNA,KNA.5_1,VEGE,0,0,0,0,0,0
KNA,KNA.6_1,VEGE,0.1417,0.1245,0.1074,0.09026,0.07312,0.05598
KNA,KNA.7_1,VEGE,0.1578,0.1435,0.1296,0.1178,0.1086,0.1699
KNA,KNA.8_1,VEGE,0.2093,0.175,0.1407,0.1064,0.07211,0.03783
KNA,KNA.9_1,VEGE,0.08765,0.07419,0.06072,0.04725,0.03378,0.02031
KOR,KOR.10_1,VEGE,0.02447,0.01979,0.02154,0.0168,0.01328,0.01285
KOR,KOR.11_1,VEGE,0.04335,0.09012,0.08312,0.07613,0.06934,0.06352
KOR,KOR.12_1,VEGE,0.007758,0.007633,0.007642,0.007307,0.00674,0.007685
KOR,KOR.13_1,VEGE,0.005951,0.005991,0.005007,0.00406,0.002959,0.002646
KOR,KOR.14_1,VEGE,0.01198,0.00963,0.007381,0.00611,0.004826,0.004016
KOR,KOR.15_1,VEGE,1.62,2.087,6.963,6.54,6.117,5.75
KOR,KOR.17_1,VEGE,0.3625,0.2154,0.07762,0.01006,0.006447,0.005933
KOR,KOR.1_1,VEGE,2.21,2.149,2.297,2.11,1.94,1.781
KOR,KOR.2_1,VEGE,0.0641,0.05511,0.04879,0.04214,0.03641,0.04138
KOR,KOR.3_1,VEGE,0.00384,0.003663,0.003104,0.002783,0.002944,0.002698
KOR,KOR.4_1,VEGE,0.01998,0.01877,0.01757,0.01636,0.04071,0.03831
KOR,KOR.5_1,VEGE,0.10780000000000001,0.1016,0.09547,0.08956,0.08339,0.1024
KOR,KOR.6_1,VEGE,0.1181,0.1461,0.3399,0.3751,0.3715,0.3766
KOR,KOR.7_1,VEGE,0.02094,0.01846,0.01597,0.01349,0.01122,0.009184
KOR,KOR.8_1,VEGE,0.09934,0.09021,0.07927,0.06616,0.05872,0.05118
KOR,KOR.9_1,VEGE,0.09106,0.08496,0.09413,0.08956,0.08517,0.08312
LAO,LAO.10_1,VEGE,48.11,51.17,53.44,57.2,59.8,59.41
LAO,LAO.11_1,VEGE,2.753,2.87,2.995,2.969,2.87,2.748
LAO,LAO.12_1,VEGE,3.814,4.097,4.599,5.112,5.703,5.907
LAO,LAO.13_1,VEGE,1.033,1.185,1.366,1.867,2.203,2.456
LAO,LAO.14_1,VEGE,1.852,1.888,1.922,2.134,2.255,2.228
LAO,LAO.15_1,VEGE,8.464,8.756,8.917,9.743,10.38,10.17
LAO,LAO.16_1,VEGE,134.3,134.1,133.2,155.1,160.9,161.7
LAO,LAO.17_1,VEGE,4.723,4.857,4.949,5.104,5.247,5.321
LAO,LAO.18_1,VEGE,14.01,15.14,16.24,18.36,19.51,19.89
LAO,LAO.1_1,VEGE,8.713,9.005,9.6,10.61,10.96,10.63
LAO,LAO.2_1,VEGE,8.533,9.064,9.32,9.765,9.902,9.97
LAO,LAO.3_1,VEGE,5.386,5.376,5.414,6.013,6.318,6.453
LAO,LAO.4_1,VEGE,1.181,1.279,1.389,1.432,1.448,1.444
LAO,LAO.5_1,VEGE,28.34,28.59,28.51,30.52,31.32,30.69
LAO,LAO.6_1,VEGE,9.089,9.598,11.2,13.29,14.62,14.97
LAO,LAO.7_1,VEGE,31.49,31.73,31.69,32.19,33.01,33.26
LAO,LAO.8_1,VEGE,50.89,53.99,56.13,60.42,62.18,60.67
LAO,LAO.9_1,VEGE,49.48,50.5,51.57,55.53,56.27,54.48
LBN,LBN.1_1,VEGE,0.00309,0.002926,0.002594,0.002213,0.002236,0.001909
LBN,LBN.4_1,VEGE,2.519e-4,1.855e-4,1.325e-4,7.951e-5,3.135e-4,8.935e-4
LBN,LBN.5_1,VEGE,0.2226,0.1956,0.1721,0.1463,0.1243,0.1061
LBN,LBN.6_1,VEGE,0.02297,0.01945,0.01616,0.01388,0.0155,0.01499
LBN,LBN.7_1,VEGE,0.009473,0.008646,0.01116,0.01167,0.01358,0.01284
LBN,LBN.8_1,VEGE,0.01276,0.0119,0.01286,0.0157,0.02357,0.026950000000000002
LBR,LBR.10_1,VEGE,4.893,4.534,4.267,4.229,4.194,4.019
LBR,LBR.11_1,VEGE,4.985,5.059,5.397,5.764,6.17,6.311
LBR,LBR.12_1,VEGE,21.39,21.56,23.17,24.63,27.41,28.85
LBR,LBR.13_1,VEGE,13.62,12.87,12.73,12.76,13.66,12.98
LBR,LBR.14_1,VEGE,30.05,33.84,35.27,39.54,43.88,47.93
LBR,LBR.15_1,VEGE,46.15,46.28,46.51,47.75,49.39,49.3
LBR,LBR.1_1,VEGE,9.499,9.444,9.647,10.16,10.63,10.84
LBR,LBR.2_1,VEGE,13.95,14.08,14.45,14.72,15.33,15.68
LBR,LBR.3_1,VEGE,96.86,104.3,108.5,115.9,122.2,126
LBR,LBR.4_1,VEGE,9.074,9.323,9.616,10.09,10.48,10.71
LBR,LBR.5_1,VEGE,8.847,8.87,9.132,9.427,9.651,9.619
LBR,LBR.6_1,VEGE,19.82,21.16,23.48,28.28,39.57,50.63
LBR,LBR.7_1,VEGE,10.21,10.06,9.703,9.998,9.797,10.07
LBR,LBR.8_1,VEGE,448.9,491.4,514.7,545.1,569.4,576.7
LBR,LBR.9_1,VEGE,4.162,4.206,4.349,4.517,4.675,4.761
LBY,LBY.11_1,VEGE,1.379e-4,8.549e-5,3.451e-5,7.3e-6,2.433e-6,0
LBY,LBY.12_1,VEGE,0,0,0,0,0,0
LBY,LBY.20_1,VEGE,1.515e-4,9.367e-5,5.795e-5,4.436e-5,3.076e-5,2.225e-5
LBY,LBY.2_1,VEGE,0.06423,0.05767,0.05126,0.05859,0.07976,0.07369
LBY,LBY.4_1,VEGE,0,0,0,0,0,0
LBY,LBY.7_1,VEGE,0.08189,0.070930000000000007,0.06003,0.04916,0.0383,0.02744
LBY,LBY.8_1,VEGE,0.004896,0.004496,0.004098,0.003837,0.004787,0.004313
LCA,LCA.10_1,VEGE,0.6875,0.5701,0.4645,0.3638,0.2719,0.1931
LCA,LCA.1_1,VEGE,1.298,1.066,0.8587,0.6735,0.4993,0.3543
LCA,LCA.2_1,VEGE,0.5714,0.5091,0.4468,0.3845,0.3222,0.2599
LCA,LCA.3_1,VEGE,0.2769,0.1853,0.1155,0.06373,0.03194,0.01752
LCA,LCA.4_1,VEGE,0.2566,0.1877,0.1199,0.06247,0.0192,0
LCA,LCA.5_1,VEGE,0.5672,0.4352,0.3235,0.2234,0.1384,0.08549
LCA,LCA.6_1,VEGE,0.1427,0.1313,0.1206,0.11,0.134,0.1222
LCA,LCA.7_1,VEGE,0.4332,0.34,0.2522,0.1682,0.09019,0.04666
LCA,LCA.8_1,VEGE,1.316,1.129,0.9453,0.7661,0.6058,0.4655
LCA,LCA.9_1,VEGE,1.271,1.085,0.9026,0.7248,0.5487,0.4075
LKA,LKA.10_1,VEGE,8.677,9.699,10.16,10.51,11.07,11.3
LKA,LKA.11_1,VEGE,0.1184,0.116,0.1158,0.1295,0.1305,0.1392
LKA,LKA.12_1,VEGE,2.87,2.489,2.104,1.717,1.332,0.947
LKA,LKA.13_1,VEGE,0.2797,0.2743,0.2528,0.241,0.2176,0.1971
LKA,LKA.14_1,VEGE,0.1679,0.2024,0.2124,0.2326,0.2329,0.247
LKA,LKA.15_1,VEGE,0.6848,0.6792,0.6986,0.7053,0.6838,0.6289
LKA,LKA.16_1,VEGE,0.06485,0.07105,0.06768,0.07469,0.07917,0.09089
LKA,LKA.17_1,VEGE,0.2989,0.2853,0.2913,0.2708,0.2618,0.2487
LKA,LKA.18_1,VEGE,0.1558,0.148,0.1383,0.1442,0.1505,0.1616
LKA,LKA.19_1,VEGE,0.9051,0.9424,0.9126,0.8697,0.8567,0.8152
LKA,LKA.1_1,VEGE,0.1688,0.1563,0.1445,0.1398,0.1414,0.1725
LKA,LKA.20_1,VEGE,0.2054,0.1888,0.1746,0.1727,0.172,0.1793
LKA,LKA.21_1,VEGE,0.2293,0.2203,0.2043,0.2013,0.1915,0.1856
LKA,LKA.22_1,VEGE,0.2045,0.2072,0.203,0.1984,0.1869,0.1993
LKA,LKA.23_1,VEGE,1.163,1.14,1.093,1.046,1.015,1.037
LKA,LKA.24_1,VEGE,1.019,0.9029,0.7869,0.6751,0.5681,0.4598
LKA,LKA.25_1,VEGE,0.5708,0.594,0.5892,0.6149,0.6426,0.656
LKA,LKA.2_1,VEGE,0.1063,0.09837,0.08702,0.08183,0.08284,0.08873
LKA,LKA.3_1,VEGE,0.2664,0.2643,0.2954,0.3281,0.366,0.4901
LKA,LKA.4_1,VEGE,0.1851,0.1713,0.1573,0.1467,0.1416,0.1374
LKA,LKA.5_1,VEGE,0.969,0.8972,0.8743,0.7873,0.7004,0.604
LKA,LKA.6_1,VEGE,0.4788,0.4314,0.3846,0.3406,0.2877,0.2319
LKA,LKA.7_1,VEGE,0.4082,0.4103,0.3805,0.3525,0.3247,0.2979
LKA,LKA.8_1,VEGE,0.1632,0.1506,0.1377,0.1234,0.1075,0.095
LKA,LKA.9_1,VEGE,0.2031,0.1922,0.1786,0.1713,0.1683,0.1625
LSO,LSO.1_1,VEGE,0.2848,0.2668,0.2489,0.231,0.2132,0.234
LSO,LSO.2_1,VEGE,0.1482,0.2932,0.2757,0.2582,0.2813,0.3146
LSO,LSO.3_1,VEGE,0.005836,0.005383,0.00493,0.004486,0.004054,0.003626
LSO,LSO.4_1,VEGE,498.5,424.8,351.8,279.9,208.4,137
LSO,LSO.5_1,VEGE,0.02062,0.01744,0.01444,0.01196,0.01044,0.009533
LSO,LSO.6_1,VEGE,1.67,1.559,1.447,1.336,1.224,1.112
LSO,LSO.8_1,VEGE,1.044,1.629,1.497,1.365,1.233,5.977
LSO,LSO.9_1,VEGE,0.3185,1.146,1.328,1.352,1.264,1.176
LTU,LTU.10_1,VEGE,0.2401,0.2162,0.1998,0.1771,0.1538,0.1339
LTU,LTU.1_1,VEGE,0.001607,0.001554,0.001739,0.001644,0.001471,0.001633
LTU,LTU.2_1,VEGE,0.03421,0.0287,0.02267,0.0239,0.02123,0.01941
LTU,LTU.3_1,VEGE,0.0119,0.02992,0.05071,0.0509,0.05306,0.05904
LTU,LTU.4_1,VEGE,0.01106,0.01424,0.01474,0.01459,0.0146,0.01395
LTU,LTU.5_1,VEGE,7.989e-4,6.214e-4,4.438e-4,2.663e-4,8.825e-4,7.53e-4
LTU,LTU.6_1,VEGE,0.03088,0.02865,0.02324,0.01892,0.02601,0.02409
LTU,LTU.7_1,VEGE,0.001299,0.001222,0.001528,0.001432,0.001335,0.001239
LTU,LTU.8_1,VEGE,0.01199,0.009931,0.008415,0.006898,0.005458,0.004379
LTU,LTU.9_1,VEGE,0.09363,0.08493,0.07675,0.06845,0.06015,0.05243
LUX,LUX.1_1,VEGE,0.4542,0.4254,0.3967,0.368,0.3393,0.3106
LUX,LUX.2_1,VEGE,0.008608,0.007985,0.007388,0.006806,0.00623,0.005667
LUX,LUX.3_1,VEGE,0.001232,0.001144,0.001065,9.861e-4,9.072e-4,8.283e-4
LVA,LVA.1_1,VEGE,0.04664,0.03723,0.03082,0.02303,0.01547,0.01015
LVA,LVA.2_1,VEGE,0.6204,0.4267,0.3061,0.1908,0.08425,0.04096
LVA,LVA.3_1,VEGE,0.3852,0.3003,0.2238,0.1486,0.08064,0.04999
LVA,LVA.4_1,VEGE,0.2885,0.2526,0.218,0.1868,0.1536,0.1203
LVA,LVA.5_1,VEGE,0.02941,0.02944,0.02535,0.02454,0.0257,0.02439
MAR,MAR.10_1,VEGE,0.01204,0.01186,0.01163,0.02645,0.03951,0.0432
MAR,MAR.11_1,VEGE,0.01173,0.01148,0.01143,0.0117,0.02711,0.02644
MAR,MAR.12_1,VEGE,0.003832,0.003595,0.003422,0.005628,0.006236,0.006139
MAR,MAR.13_1,VEGE,0.001564,0.001377,0.001185,9.953e-4,8.084e-4,6.187e-4
MAR,MAR.14_1,VEGE,0.1535,0.1497,0.1498,0.1473,0.1406,0.1487
MAR,MAR.15_1,VEGE,0.2439,0.2335,0.2217,0.2033,0.1864,0.1664
MAR,MAR.1_1,VEGE,0.005885,0.005747,0.007855,0.00811,0.00814,0.01098
MAR,MAR.2_1,VEGE,0.007898,0.007919,0.007988,0.008196,0.007657,0.007189
MAR,MAR.3_1,VEGE,0.03751,0.03501,0.0342,0.05081,0.04736,0.04586
MAR,MAR.4_1,VEGE,0.03426,0.03681,0.03855,0.04118,0.04051,0.04063
MAR,MAR.5_1,VEGE,0.01055,0.009969,0.01129,0.01084,0.01241,0.02712
MAR,MAR.6_1,VEGE,0,0,0,0,0,0
MAR,MAR.8_1,VEGE,0.006244,0.005459,0.004778,0.005152,0.005137,0.005526
MAR,MAR.9_1,VEGE,0.05981,0.05714,0.05728,0.05474,0.05127,0.05221
MDA,MDA.10_1,VEGE,0.01255,0.008965,0.005379,0.001793,0,0.07989
MDA,MDA.11_1,VEGE,1.058,0.9896,1.127,1.049,0.9706,1.201
MDA,MDA.12_1,VEGE,1.969e-4,1.85e-4,1.731e-4,1.611e-4,1.492e-4,1.373e-4
MDA,MDA.13_1,VEGE,0.1275,0.119,0.1105,0.102,0.09354,0.2191
MDA,MDA.14_1,VEGE,0.01788,0.01629,0.01483,0.01336,0.0119,0.01044
MDA,MDA.15_1,VEGE,0.08632,0.1256,0.1327,0.1676,0.1578,0.1665
MDA,MDA.16_1,VEGE,0.1514,0.232,1.463,1.354,1.263,1.189
MDA,MDA.17_1,VEGE,0.06114,0.04564,0.0315,0.0259,0.02083,0.01906
MDA,MDA.18_1,VEGE,1.686,1.659,2.053,2.341,2.216,2.052
MDA,MDA.19_1,VEGE,0.06408,0.05818,0.05229,0.04641,0.04052,0.04049
MDA,MDA.1_1,VEGE,0.009779,0.009217,0.008656,0.01494,0.02442,0.02592
MDA,MDA.20_1,VEGE,0.1842,0.1316,0.0962,0.07546,0.06287,0.054
MDA,MDA.21_1,VEGE,0.4064,0.3809,0.3555,0.3812,0.3536,0.4125
MDA,MDA.22_1,VEGE,0.1694,0.1549,0.1403,0.1289,0.1205,0.1122
MDA,MDA.23_1,VEGE,0.256,0.2769,0.2645,0.248,0.2511,0.3126
MDA,MDA.24_1,VEGE,4.495,3.276,2.164,1.061,0.4465,0.6237
MDA,MDA.25_1,VEGE,0.3526,0.4177,0.3858,0.36870000000000003,0.3457,0.4012
MDA,MDA.26_1,VEGE,0.01605,0.02143,0.02197,0.02048,0.019,0.01752
MDA,MDA.27_1,VEGE,0,0,0,0,0,0
MDA,MDA.28_1,VEGE,0.07832,0.04947,0.03649,0.03178,0.04402,0.03917
MDA,MDA.29_1,VEGE,0.182,0.159,0.1399,0.1211,0.1217,0.1085
MDA,MDA.2_1,VEGE,0,0,0,0,0,0
MDA,MDA.30_1,VEGE,0.335,0.2948,0.2546,0.2144,0.1804,0.1527
MDA,MDA.31_1,VEGE,0.2368,0.2221,0.2765,0.2674,0.299,0.4306
MDA,MDA.32_1,VEGE,0.09109,0.08426,0.07754,0.08975,0.08212,0.0745
MDA,MDA.33_1,VEGE,0.04395,0.04121,0.03848,0.03574,0.03301,0.03027
MDA,MDA.34_1,VEGE,0.06012,0.05333,0.04825,0.131,0.1215,0.1119
MDA,MDA.35_1,VEGE,0.07941,0.07283,0.06626,0.05989,0.06186,0.05587
MDA,MDA.36_1,VEGE,0.03224,0.02943,0.02842,0.04061,0.04089,0.04831
MDA,MDA.37_1,VEGE,0.3712,0.2696,0.1872,0.1077,0.03884,0.009302
MDA,MDA.3_1,VEGE,0.002033,0.005126,0.004781,0.004437,0.004092,0.00541
MDA,MDA.4_1,VEGE,0.1652,0.1552,0.1452,0.1352,0.1252,0.1257
MDA,MDA.5_1,VEGE,0,0,0,0,0,0
MDA,MDA.6_1,VEGE,0.3459,0.1691,0.07736,0.06021,0.05672,0.1526
MDA,MDA.7_1,VEGE,0.4699,0.4565,0.422,0.4533,0.4493,0.4162
MDA,MDA.8_1,VEGE,0.01965,0.01794,0.03705,0.03428,0.2615,0.7426
MDA,MDA.9_1,VEGE,0.08859,0.08081,0.07306,0.06545,0.0958,0.1003
MDG,MDG.1_1,VEGE,1.116,1.065,1.072,1.079,1.041,1.122
MDG,MDG.2_1,VEGE,0.6777,0.539,0.4281,0.348,0.2943,0.2574
MDG,MDG.3_1,VEGE,2.462,2.552,2.683,2.852,2.876,3.032
MDG,MDG.4_1,VEGE,2.44,2.213,2.073,1.935,1.864,1.807
MDG,MDG.5_1,VEGE,5.816,4.992,4.26,3.702,3.229,2.978
MDG,MDG.6_1,VEGE,2.791,2.724,2.609,2.521,2.411,2.287
MEX,MEX.10_1,VEGE,0.01794,0.01533,0.01329,0.01152,0.009952,0.008672
MEX,MEX.11_1,VEGE,0.003474,0.003008,0.002632,0.002325,0.002019,0.00174
MEX,MEX.12_1,VEGE,15.51,14.49,13.44,12.93,12.15,11.04
MEX,MEX.13_1,VEGE,0.1176,0.09001,0.06682,0.0489,0.04659,0.04008
MEX,MEX.14_1,VEGE,0.2615,0.2742,0.3036,0.3246,0.3372,0.3554
MEX,MEX.15_1,VEGE,0.07045,0.06915,0.07861,0.09055,0.1011,0.1044
MEX,MEX.16_1,VEGE,0.1471,0.1448,0.1414,0.1408,0.1366,0.1283
MEX,MEX.17_1,VEGE,0.01663,0.01601,0.01724,0.0177,0.02083,0.02007
MEX,MEX.18_1,VEGE,0.08465,0.07476,0.0659,0.06476,0.05921,0.05759
MEX,MEX.19_1,VEGE,0.2107,0.187,0.1636,0.1404,0.117,0.09796
MEX,MEX.1_1,VEGE,0.003095,0.002667,0.002246,0.001827,0.00141,0.001005
MEX,MEX.20_1,VEGE,1.723,1.65,1.57,1.469,1.389,1.307
MEX,MEX.21_1,VEGE,0.6549,0.7284,0.7555,0.7998,0.8843,0.9135
MEX,MEX.22_1,VEGE,0.006708,0.005073,0.003771,0.002664,0.001836,0.001261
MEX,MEX.23_1,VEGE,14.37,13.22,12.24,11.62,12,11.64
MEX,MEX.24_1,VEGE,0.175,0.1661,0.1606,0.1484,0.1512,0.1431
MEX,MEX.25_1,VEGE,0.01945,0.01793,0.01611,0.01543,0.01436,0.01314
MEX,MEX.26_1,VEGE,0.002887,0.002517,0.002258,0.002481,0.00668,0.007147
MEX,MEX.27_1,VEGE,36.18,35.1,33.09,31.46,31.49,31
MEX,MEX.28_1,VEGE,0.3278,0.33,0.325,0.3226,0.3464,0.3571
MEX,MEX.29_1,VEGE,0.04202,0.09365,0.1019,0.09591,0.09109,0.08531
MEX,MEX.2_1,VEGE,0.003455,0.002144,0.001239,5.947e-4,3.296e-4,2.216e-4
MEX,MEX.30_1,VEGE,0.6023,0.5949,0.5784,0.5655,0.5524,0.5297
MEX,MEX.31_1,VEGE,4.809,4.593,4.439,4.399,4.278,4.059
MEX,MEX.32_1,VEGE,0.00535,0.005643,0.005062,0.007458,0.006956,0.006386
MEX,MEX.3_1,VEGE,0.02927,0.0212,0.01399,0.009196,0.008704,0.0072
MEX,MEX.4_1,VEGE,131.8,131.9,132.4,139.9,145.3,144.5
MEX,MEX.5_1,VEGE,2.595,2.479,2.358,2.277,2.218,2.059
MEX,MEX.6_1,VEGE,0.005694,0.004502,0.003428,0.002558,0.001877,0.001307
MEX,MEX.7_1,VEGE,0.01428,0.01212,0.01027,0.008515,0.007042,0.009357
MEX,MEX.8_1,VEGE,0.03993,0.03946,0.03722,0.0374,0.0388,0.03908
MEX,MEX.9_1,VEGE,0.01708,0.0141,0.01193,0.01019,0.00864,0.007112
MKD,MKD.11_1,VEGE,0.4679,0.471,1.395,2.044,2.159,2.023
MKD,MKD.14_1,VEGE,0.004208,0.003162,0.002743,0.002338,0.001968,0.001653
MKD,MKD.15_1,VEGE,0,0,0,0,0,0
MKD,MKD.16_1,VEGE,0.2337,0.2067,0.1801,0.1534,0.1268,0.1002
MKD,MKD.18_1,VEGE,0.3987,0.4666,0.4356,0.4045,0.3734,0.3424
MKD,MKD.19_1,VEGE,0.1751,0.156,0.1369,0.1178,0.09888,0.08003
MKD,MKD.1_1,VEGE,0,0,0,0,0,0
MKD,MKD.20_1,VEGE,0.03266,0.03043,0.02819,0.02595,0.02372,0.02148
MKD,MKD.21_1,VEGE,0.3211,0.2837,0.2472,0.2119,0.1769,0.1421
MKD,MKD.23_1,VEGE,0.01517,0.009271,0.004925,0.001376,0,0
MKD,MKD.24_1,VEGE,0,0,0,0,0,0
MKD,MKD.25_1,VEGE,0.1668,0.1493,0.1317,0.1142,0.0966,0.07903
MKD,MKD.26_1,VEGE,2.922,2.532,2.141,1.751,1.362,0.9744
MKD,MKD.27_1,VEGE,0.002447,0.002078,0.001791,0.001503,0.001216,9.29e-4
MKD,MKD.29_1,VEGE,0.008073,0.00471,0.003985,0.00326,0.002536,0.001811
MKD,MKD.2_1,VEGE,0,0,0,0,0,0
MKD,MKD.30_1,VEGE,0.1534,0.1285,0.1037,0.07902,0.05441,0.02986
MKD,MKD.32_1,VEGE,0.01926,0.01761,0.01959,0.01776,0.01626,0.01511
MKD,MKD.33_1,VEGE,0.8416,0.738,0.6347,0.539,0.4364,0.338
MKD,MKD.35_1,VEGE,0.01873,0.0126,0.0104,0.008302,0.006664,0.005588
MKD,MKD.36_1,VEGE,2.636,2.435,2.235,2.035,1.834,1.634
MKD,MKD.3_1,VEGE,0.09606,0.06808,0.04816,0.0289,0.009632,0
MKD,MKD.40_1,VEGE,0.0383,0.03322,0.02815,0.02307,0.018,0.01293
MKD,MKD.41_1,VEGE,7.721e-4,6.074e-4,4.724e-4,3.374e-4,2.025e-4,6.749e-5
MKD,MKD.43_1,VEGE,0.09727,0.08945,0.08788,0.08025,0.07313,0.06602
MKD,MKD.44_1,VEGE,0.1145,0.1071,0.09967,0.09228,0.0849,0.1197
MKD,MKD.45_1,VEGE,0.6653,0.6368,0.5943,0.5809,0.5905,0.6166
MKD,MKD.46_1,VEGE,0.03985,0.03454,0.02951,0.02447,0.01943,0.01439
MKD,MKD.48_1,VEGE,0.02066,0.01725,0.01555,0.01387,0.01228,0.01078
MKD,MKD.49_1,VEGE,0.002032,6.773e-4,0,0,0,0
MKD,MKD.4_1,VEGE,0.007699,0.006241,0.005808,0.005376,0.004943,0.00451
MKD,MKD.50_1,VEGE,0.005193,0.007739,0.00706,0.006501,0.006062,0.005661
MKD,MKD.51_1,VEGE,0.4139,0.4972,0.7429,0.7704,0.7222,0.6739
MKD,MKD.52_1,VEGE,0.07899,0.06846,0.05793,0.04739,0.03686,0.02633
MKD,MKD.59_1,VEGE,0.002337,0.001786,0.001335,9.007e-4,6.431e-4,5.723e-4
MKD,MKD.5_1,VEGE,0,0,0,0,0,0
MKD,MKD.60_1,VEGE,0,0,0,0,0,0
MKD,MKD.61_1,VEGE,0.09247,0.07497,0.06375,0.05706,0.04667,0.03704
MKD,MKD.62_1,VEGE,0.005206,0.0049,0.005018,0.006678,0.006249,0.005819
MKD,MKD.63_1,VEGE,0.02652,0.01986,0.01523,0.01146,0.008361,0.00593
MKD,MKD.64_1,VEGE,0,0,0,0,0,0
MKD,MKD.65_1,VEGE,0.0015,0.001072,6.43e-4,2.143e-4,0,0
MKD,MKD.67_1,VEGE,0.02348,0.02213,0.02077,0.01941,0.01806,0.0167
MKD,MKD.68_1,VEGE,0.02062,0.01787,0.01512,0.01237,0.00962,0.006872
MKD,MKD.69_1,VEGE,0,0,0,0,0,0
MKD,MKD.6_1,VEGE,0.008308,0.006461,0.004615,0.002769,9.231e-4,0
MKD,MKD.72_1,VEGE,0.3031,0.2788,0.2544,0.23,0.2056,0.1813
MKD,MKD.73_1,VEGE,0.1034,0.09625,0.08912,0.08199,0.07486,0.06773
MKD,MKD.75_1,VEGE,0.01052,0.00912,0.007717,0.006314,0.004911,0.003508
MKD,MKD.76_1,VEGE,0.04163,0.02512,0.013,0.006657,0.002933,9.941e-4
MKD,MKD.77_1,VEGE,0.2357,0.1626,0.09174,0.04209,0.02301,0.01533
MKD,MKD.79_1,VEGE,0.04112,0.03292,0.02948,0.02462,0.01999,0.01638
MKD,MKD.7_1,VEGE,0,0,0,0,0,0
MKD,MKD.85_1,VEGE,0.04471,0.03841,0.03217,0.02595,0.01976,0.01409
MKD,MKD.8_1,VEGE,1.05e-4,0,0,0,0,0
MLI,MLI.1_1,VEGE,0,0,0,0.01413,0.0172,0.01628
MLI,MLI.3_1,VEGE,0.0907,0.08274,0.07889,0.1065,0.139,0.1666
MLI,MLI.5_1,VEGE,0.03403,0.0326,0.03239,0.03406,0.03778,0.04078
MLI,MLI.6_1,VEGE,0.0242,0.02177,0.01981,0.01709,0.0147,0.01266
MLI,MLI.7_1,VEGE,0.09349,0.09808,0.1011,0.1025,0.1031,0.1025
MLI,MLI.8_1,VEGE,0.1524,0.1602,0.1676,0.1803,0.1912,0.2025
MMR,MMR.10_1,VEGE,0.3427,0.2973,0.2527,0.2087,0.166,0.1255
MMR,MMR.11_1,VEGE,0.412,0.4004,0.3788,0.3724,0.3683,0.3596
MMR,MMR.12_1,VEGE,0.2969,0.2956,0.2829,0.2841,0.278,0.2639
MMR,MMR.13_1,VEGE,1.397,1.462,1.5,1.583,1.598,1.603
MMR,MMR.14_1,VEGE,9.627,10.11,10.3,10.6,10.62,10.4
MMR,MMR.15_1,VEGE,0.1038,0.1032,0.09702,0.0915,0.09026,0.09274
MMR,MMR.1_1,VEGE,0.1203,0.1267,0.1272,0.1451,0.1791,0.1917
MMR,MMR.2_1,VEGE,1.229,1.353,1.404,1.436,1.45,1.471
MMR,MMR.3_1,VEGE,8.863,9.111,9.538,10.55,11.44,11.77
MMR,MMR.4_1,VEGE,1.974,2.082,2.058,2.083,2.008,1.896
MMR,MMR.5_1,VEGE,1.297,1.359,1.425,1.466,1.465,1.435
MMR,MMR.6_1,VEGE,4.97,4.319,3.672,3.027,2.386,1.749
MMR,MMR.7_1,VEGE,0.3755,0.3512,0.3308,0.3453,0.3435,0.3318
MMR,MMR.8_1,VEGE,0.5467,0.6058,0.6522,0.7248,0.753,0.7548
MMR,MMR.9_1,VEGE,0.93,0.969,0.9975,1.046,1.065,1.067
MNE,MNE.16_1,VEGE,3.631,3.115,2.6,2.085,1.57,1.056
MNE,MNE.20_1,VEGE,0.0663,0.06204,0.05779,0.05353,0.04927,0.04501
MNG,MNG.14_1,VEGE,0.5243,0.4787,0.4331,0.3875,0.3419,0.2964
MNG,MNG.18_1,VEGE,0.01626,0.005419,0,0,0,0
MNG,MNG.20_1,VEGE,0,0,0,0,0,0
MNG,MNG.22_1,VEGE,22.83,20.84,18.86,16.87,14.89,12.9
MNG,MNG.4_1,VEGE,0,0,0,0,0,0
MOZ,MOZ.10_1,VEGE,5.925,5.496,4.97,4.574,4.052,3.488
MOZ,MOZ.11_1,VEGE,12.5,13.67,14.69,15.52,16.24,16.75
MOZ,MOZ.1_1,VEGE,13.47,13.28,12.84,12.98,13.8,13.54
MOZ,MOZ.2_1,VEGE,0.2796,0.3241,0.3265,0.3264,0.3234,0.3273
MOZ,MOZ.3_1,VEGE,30.37,31.13,31.05,31.51,31.62,31.72
MOZ,MOZ.4_1,VEGE,6.389,5.784,5.246,4.721,4.166,3.544
MOZ,MOZ.5_1,VEGE,4.175,3.8,3.462,3.201,2.927,2.785
MOZ,MOZ.6_1,VEGE,0.1394,0.1558,0.1537,0.155,0.148,0.1457
MOZ,MOZ.7_1,VEGE,3.223,3.246,3.225,3.265,3.428,3.397
MOZ,MOZ.8_1,VEGE,1.897,2.095,2.172,2.379,2.647,2.798
MOZ,MOZ.9_1,VEGE,2.612,2.83,3.088,3.191,3.366,3.392
MRT,MRT.13_1,VEGE,1.465e-5,5.491e-6,5.239e-4,0.003495,0.009881,0.009368
MRT,MRT.3_1,VEGE,0,0,0,0,0,0
MRT,MRT.5_1,VEGE,0,0,0,0,0,0
MRT,MRT.6_1,VEGE,2.162e-5,1.544e-5,9.264e-6,3.088e-6,0,0
MRT,MRT.8_1,VEGE,0,0,0,0,0,0
MTQ,MTQ.1_1,VEGE,105.2,85.61,67.31,50.08,35.4,24.02
MTQ,MTQ.2_1,VEGE,60.13,46.95,35.38,25.54,17.77,11.84
MTQ,MTQ.3_1,VEGE,142.4,119.7,97.88,76.67,57.16,39.84
MTQ,MTQ.4_1,VEGE,216,173.8,134.2,101,75.79,54.02
MUS,MUS.12_1,VEGE,0.2211,0.1886,0.1569,0.1255,0.09628,0.06947
MUS,MUS.2_1,VEGE,0.3006,0.244,0.1923,0.1501,0.121,0.1222
MUS,MUS.3_1,VEGE,0.3004,0.2701,0.241,0.2133,0.1877,0.1644
MUS,MUS.4_1,VEGE,0.1058,0.08967,0.07455,0.06004,0.04874,0.04099
MUS,MUS.5_1,VEGE,0.1543,0.1149,0.08258,0.0574,0.04059,0.03018
MUS,MUS.6_1,VEGE,0.1045,0.09376,0.08348,0.07407,0.06547,0.06223
MUS,MUS.7_1,VEGE,0.1594,0.133,0.109,0.08701,0.06664,0.04769
MUS,MUS.8_1,VEGE,0.09065,0.0801,0.0701,0.06032,0.0509,0.04187
MUS,MUS.9_1,VEGE,0.1797,0.1644,0.1492,0.1343,0.1198,0.1211
MWI,MWI.11_1,VEGE,0.6011,0.7029,0.7099,0.681,0.6364,0.5758
MWI,MWI.12_1,VEGE,0.1527,0.1801,0.2123,0.2395,0.2471,0.2673
MWI,MWI.13_1,VEGE,0.1208,0.1377,0.1436,0.1609,0.1746,0.1904
MWI,MWI.14_1,VEGE,0.151,0.1636,0.1559,0.1536,0.1648,0.1629
MWI,MWI.15_1,VEGE,7.757,6.33,4.941,3.672,2.549,1.682
MWI,MWI.16_1,VEGE,0.2159,0.1568,0.1056,0.06077,0.02839,0.01425
MWI,MWI.17_1,VEGE,1.208,1.015,0.8453,0.7124,0.6687,0.7361
MWI,MWI.18_1,VEGE,0.144,0.1382,0.1332,0.1281,0.1274,0.1255
MWI,MWI.19_1,VEGE,7.924,8.551,8.883,9.677,10.19,10.51
MWI,MWI.1_1,VEGE,0.01646,0.01531,0.01474,0.0139,0.01701,0.01852
MWI,MWI.20_1,VEGE,0.1379,0.1458,0.1478,0.1543,0.1644,0.1658
MWI,MWI.21_1,VEGE,2.626,2.316,1.85,1.531,1.225,1.123
MWI,MWI.22_1,VEGE,0.3765,0.3249,0.275,0.225,0.1807,0.133
MWI,MWI.23_1,VEGE,0.3974,0.3997,0.4089,0.4222,0.5178,0.5447
MWI,MWI.24_1,VEGE,0.1976,0.1445,0.09495,0.04957,0.01572,0.002749
MWI,MWI.25_1,VEGE,0.2213,0.2323,0.2285,0.2347,0.2601,0.2834
MWI,MWI.26_1,VEGE,0.05394,0.05459,0.05136,0.04794,0.0495,0.04563
MWI,MWI.27_1,VEGE,0.2598,0.2476,0.264,0.2823,0.2819,0.2697
MWI,MWI.28_1,VEGE,0.2435,0.2448,0.2778,0.2907,0.278,0.2866
MWI,MWI.2_1,VEGE,0.1033,0.09682,0.1379,0.1744,0.228,0.2152
MWI,MWI.3_1,VEGE,2.325,1.777,1.266,0.8181,0.5047,0.3511
MWI,MWI.4_1,VEGE,0.1582,0.1504,0.1487,0.1678,0.1834,0.194
MWI,MWI.5_1,VEGE,0.6135,0.6728,0.6931,0.7547,0.7916,0.8455
MWI,MWI.6_1,VEGE,0.1125,0.1238,0.1229,0.1134,0.1076,0.09641
MWI,MWI.7_1,VEGE,0.03892,0.03462,0.0295,0.02499,0.02091,0.01994
MWI,MWI.8_1,VEGE,0.1519,0.1699,0.1737,0.1979,0.2132,0.2193
MWI,MWI.9_1,VEGE,0.161,0.1487,0.136,0.1292,0.1329,0.1305
MYS,MYS.10_1,VEGE,0.2049,0.218,0.2288,0.2361,0.2543,0.2591
MYS,MYS.11_1,VEGE,0.34,0.3427,0.3295,0.342,0.3715,0.3625
MYS,MYS.13_1,VEGE,583700,376900,223200,107100,27460,579.2
MYS,MYS.14_1,VEGE,18.59,13.42,8.871,5.004,1.948,0.608
MYS,MYS.15_1,VEGE,1.582,1.363,1.144,0.9347,0.7393,0.5671
MYS,MYS.2_1,VEGE,9.81,8.681,7.505,6.349,5.193,4.016
MYS,MYS.3_1,VEGE,4.337,4.568,4.656,4.872,5.306,5.463
MYS,MYS.6_1,VEGE,0.2694,0.2541,0.2377,0.2352,0.2223,0.1997
MYS,MYS.9_1,VEGE,0.1308,0.1247,0.12,0.1103,0.1077,0.1068
NAM,NAM.10_1,VEGE,0.3255,0.3059,0.2863,0.2667,0.247,0.2274
NAM,NAM.11_1,VEGE,0.169,0.2113,0.1958,0.2029,0.3037,0.3159
NAM,NAM.12_1,VEGE,11.35,10.75,10.31,9.647,10.08,9.53
NAM,NAM.13_1,VEGE,37.89,33.06,28.23,23.43,18.71,13.96
NAM,NAM.3_1,VEGE,0,0,0,0,0,0
NAM,NAM.4_1,VEGE,0.8067,0.7099,0.6046,0.5371,0.4576,0.3734
NAM,NAM.6_1,VEGE,1.274,1.069,0.8635,0.6583,0.4531,0.2856
NAM,NAM.7_1,VEGE,0.5744,0.5459,0.5341,0.6003,0.7619,0.8799
NAM,NAM.8_1,VEGE,0,0,0,0,0,0
NAM,NAM.9_1,VEGE,0.00365,0.0215,0.02003,0.01856,0.0171,0.06474
NCL,NCL.2_1,VEGE,1.808,1.796,1.653,1.505,1.57,1.462
NCL,NCL.3_1,VEGE,1.596,1.559,1.439,1.324,1.288,1.242
NER,NER.2_1,VEGE,0,0,0,0,0,0
NER,NER.3_1,VEGE,0.07533,0.08001,0.1063,0.1194,0.1346,0.1661
NER,NER.6_1,VEGE,0,0,0,0,0,0
NER,NER.7_1,VEGE,3.379e-5,3.146e-5,0.001239,0.004414,0.004891,0.005876
NGA,NGA.10_1,VEGE,1.553,1.662,1.94,1.976,2.456,2.93
NGA,NGA.11_1,VEGE,0.2829,0.2771,0.2705,0.2537,0.2491,0.2367
NGA,NGA.12_1,VEGE,0.8489,0.8911,0.9564,0.9406,1.033,1.102
NGA,NGA.13_1,VEGE,0.9084,1.095,1.208,1.282,1.452,1.552
NGA,NGA.14_1,VEGE,0.05462,0.05068,0.04619,0.0423,0.04637,0.04708
NGA,NGA.15_1,VEGE,2.148,1.882,1.656,1.417,1.244,1.052
NGA,NGA.16_1,VEGE,0.08141,0.07309,0.06782,0.06631,0.07488,0.09429
NGA,NGA.17_1,VEGE,0.4371,0.4245,0.4105,0.3831,0.3751,0.3916
NGA,NGA.18_1,VEGE,0.01006,0.009426,0.008886,0.0103,0.01396,0.0159
NGA,NGA.19_1,VEGE,0.1976,0.1967,0.2167,0.2309,0.2341,0.2696
NGA,NGA.1_1,VEGE,0.2277,0.2259,0.2217,0.2169,0.2097,0.2024
NGA,NGA.20_1,VEGE,0.003375,0.002916,0.002501,0.002043,0.001587,0.001134
NGA,NGA.21_1,VEGE,0.006256,0.005768,0.004942,0.00412,0.003322,0.002548
NGA,NGA.22_1,VEGE,0.42,0.4696,0.4657,0.4945,0.5041,0.5043
NGA,NGA.23_1,VEGE,1.008,1.132,1.353,1.486,1.824,2.04
NGA,NGA.24_1,VEGE,0.4213,0.4284,0.4372,0.4525,0.4985,0.5437
NGA,NGA.25_1,VEGE,1.036,1.178,1.261,1.338,1.428,1.464
NGA,NGA.26_1,VEGE,0.1848,0.1621,0.1423,0.1342,0.1502,0.1788
NGA,NGA.27_1,VEGE,0.03216,0.03062,0.02849,0.02614,0.024140000000000002,0.02317
NGA,NGA.28_1,VEGE,1.747,1.991,2.107,2.197,2.417,2.77
NGA,NGA.29_1,VEGE,0.7116,0.786,0.7828,0.7801,0.797,0.8435
NGA,NGA.2_1,VEGE,0.1149,0.1141,0.1189,0.1252,0.1461,0.1575
NGA,NGA.30_1,VEGE,0.1079,0.1119,0.1143,0.1161,0.1169,0.1254
NGA,NGA.31_1,VEGE,0.286,0.2727,0.2559,0.2613,0.3078,0.3595
NGA,NGA.32_1,VEGE,0.03158,0.03777,0.0456,0.04747,0.05554,0.07799
NGA,NGA.33_1,VEGE,0.6094,0.6042,0.6704,0.6746,0.7567,0.8733
NGA,NGA.34_1,VEGE,0.02046,0.02088,0.0194,0.01822,0.01989,0.02831
NGA,NGA.35_1,VEGE,0.1886,0.1935,0.2162,0.2328,0.2448,0.267
NGA,NGA.36_1,VEGE,0.009937,0.01347,0.02043,0.02855,0.02873,0.03213
NGA,NGA.37_1,VEGE,0.009771,0.01033,0.01032,0.009881,0.01078,0.0122
NGA,NGA.3_1,VEGE,0.2405,0.2561,0.2899,0.3016,0.3125,0.3158
NGA,NGA.4_1,VEGE,0.06687,0.05964,0.05393,0.04649,0.04205,0.03711
NGA,NGA.5_1,VEGE,0.3254,0.2911,0.3341,0.5565,1.217,1.896
NGA,NGA.6_1,VEGE,0.2076,0.218,0.2792,0.2728,0.2973,0.3397
NGA,NGA.7_1,VEGE,0.04882,0.04457,0.04309,0.03958,0.04419,0.06097
NGA,NGA.8_1,VEGE,0.04443,0.04053,0.03506,0.02969,0.02466,0.02025
NGA,NGA.9_1,VEGE,0.6283,0.7178,0.7521,0.792,0.7973,0.8175
NIC,NIC.10_1,VEGE,0.5179,0.6059,0.58,0.5477,0.5342,0.5113
NIC,NIC.11_1,VEGE,0.1317,0.1135,0.09601,0.07912,0.06323,0.04793
NIC,NIC.12_1,VEGE,0.1218,0.1005,0.08103,0.06235,0.04475,0.02866
NIC,NIC.13_1,VEGE,0.126,0.1074,0.08956,0.07232,0.05604,0.04051
NIC,NIC.14_1,VEGE,0.02196,0.01826,0.015,0.0119,0.008937,0.006238
NIC,NIC.15_1,VEGE,0.3296,0.2648,0.2149,0.1781,0.1461,0.1175
NIC,NIC.16_1,VEGE,8.976,7.68,6.398,5.124,3.854,2.588
NIC,NIC.17_1,VEGE,0.1471,0.148,0.1387,0.1327,0.1308,0.1263
NIC,NIC.18_1,VEGE,0.06892,0.0574,0.04704,0.03699,0.02772,0.01958
NIC,NIC.1_1,VEGE,0.6857,0.6572,0.6154,0.6122,0.6039,0.5672
NIC,NIC.2_1,VEGE,0.3814,0.3589,0.3433,0.3367,0.3295,0.3055
NIC,NIC.3_1,VEGE,0.2895,0.2501,0.2125,0.176,0.1398,0.1046
NIC,NIC.4_1,VEGE,0.07376,0.06112,0.04995,0.03907,0.029760000000000002,0.02187
NIC,NIC.5_1,VEGE,0.0726,0.06127,0.05106,0.04183,0.0333,0.02586
NIC,NIC.6_1,VEGE,0.1241,0.1051,0.08793,0.07189,0.05625,0.04337
NIC,NIC.7_1,VEGE,0.06704,0.04818,0.03186,0.01932,0.01139,0.007259
NIC,NIC.8_1,VEGE,0.01449,0.01175,0.00953,0.007323,0.005942,0.004677
NIC,NIC.9_1,VEGE,1.975,1.816,1.652,1.683,1.844,1.735
NLD,NLD.10_1,VEGE,0.03015,0.02356,0.02208,0.01588,0.009848,0.006588
NLD,NLD.11_1,VEGE,0.00957,0.01174,0.01161,0.01822,0.01916,0.01813
NLD,NLD.12_1,VEGE,0.00153,7.704e-4,5.546e-4,3.754e-4,1.989e-4,9.965e-5
NLD,NLD.13_1,VEGE,0,0,0,0,0,0
NLD,NLD.14_1,VEGE,0.004818,0.002593,0.001233,7.4e-4,2.467e-4,0
NLD,NLD.1_1,VEGE,0.05272,0.04597,0.03938,0.03284,0.02636,0.01988
NLD,NLD.2_1,VEGE,0.04146,0.03426,0.02765,0.02172,0.0159,0.01114
NLD,NLD.3_1,VEGE,0.06014,0.04047,0.02559,0.0199,0.00949,0.004159
NLD,NLD.4_1,VEGE,0.01029,0.02245,0.02042,0.01861,0.0171,0.01563
NLD,NLD.5_1,VEGE,0.1601,0.1426,0.1256,0.1087,0.09191,0.07527
NLD,NLD.6_1,VEGE,0.1047,0.09934,0.09397,0.0886,0.08323,0.07786
NLD,NLD.7_1,VEGE,0.01521,0.01475,0.01355,0.01242,0.01182,0.01078
NLD,NLD.8_1,VEGE,0.006278,0.006064,0.00575,0.005477,0.005203,0.006201
NLD,NLD.9_1,VEGE,0.00421,0.003622,0.003138,0.002688,0.002239,0.001871
NOR,NOR.11_1,VEGE,0.2341,0.2222,0.2104,0.181,0.1515,0.122
NOR,NOR.12_1,VEGE,0,0,0,0,0,0
NOR,NOR.13_1,VEGE,0.2174,0.2028,0.1885,0.1713,0.1535,0.1401
NOR,NOR.16_1,VEGE,0.124,0.1109,0.09769,0.08451,0.07134,0.05816
NOR,NOR.18_1,VEGE,2.883,2.694,2.505,2.364,2.208,2.015
NOR,NOR.19_1,VEGE,0.1107,0.09952,0.08917,0.08485,0.07756,0.06917
NOR,NOR.1_1,VEGE,0.7272,0.6832,0.6737,0.6334,0.6055,0.5786
NOR,NOR.2_1,VEGE,0.8076,0.7507,0.6947,0.6066,0.563,0.4748
NOR,NOR.3_1,VEGE,2.064,1.934,1.804,1.674,1.545,1.415
NOR,NOR.4_1,VEGE,0.7046,0.685,0.6367,0.6235,0.5763,0.5724
NOR,NOR.6_1,VEGE,0.9666,0.8557,0.745,0.6477,0.5416,0.4293
NOR,NOR.7_1,VEGE,2.22,2.095,1.875,1.884,1.586,1.288
NPL,NPL.1_1,VEGE,0.07067,0.06956,0.06371,0.06026,0.06062,0.05664
NPL,NPL.2_1,VEGE,0.04872,0.04904,0.05043,0.04944,0.05187,0.06044
NPL,NPL.3_1,VEGE,0.174,0.1706,0.1573,0.1553,0.1506,0.1417
NPL,NPL.4_1,VEGE,0.07758,0.07124,0.06762,0.06611,0.06326,0.06172
NPL,NPL.5_1,VEGE,0.05895,0.06027,0.05432,0.05838,0.05694,0.05566
NZL,NZL.11_1,VEGE,6.276,5.411,4.601,3.836,3.097,2.42
NZL,NZL.12_1,VEGE,1.523,1.649,1.578,1.575,1.462,1.539
NZL,NZL.14_1,VEGE,0.3649,0.3176,0.2693,0.2197,0.1742,0.126
NZL,NZL.15_1,VEGE,0.02191,0.01975,0.0187,0.01694,0.01708,0.0186
NZL,NZL.16_1,VEGE,3.561,2.733,2.023,1.55,1.156,0.9796
NZL,NZL.17_1,VEGE,7.543,5.505,3.61,1.888,0.6189,0.1882
NZL,NZL.18_1,VEGE,1.384,1.357,1.776,1.816,1.715,1.619
NZL,NZL.19_1,VEGE,1.047,1.086,1.034,0.9681,0.8999,0.8301
NZL,NZL.1_1,VEGE,6.941,5.094,3.4,1.857,0.5888,0.06598
NZL,NZL.2_1,VEGE,2.492,1.656,1.064,0.68,0.4652,0.391
NZL,NZL.3_1,VEGE,0.05885,0.05386,0.04851,0.04439,0.04037,0.03801
NZL,NZL.5_1,VEGE,3428,2407,1564,902.4,369.5,96.73
NZL,NZL.6_1,VEGE,0.2343,0.1776,0.1389,0.1217,0.09004,0.07129
NZL,NZL.7_1,VEGE,4.766,4.265,4.126,3.697,3.32,3.126
NZL,NZL.8_1,VEGE,1.169,1.216,1.229,1.18,1.076,1.011
OMN,OMN.2_1,VEGE,0,0,0,0,0,0
OMN,OMN.9_1,VEGE,0,0,0,0,0,0
PAK,PAK.2_1,VEGE,0,0,0,0,0,0
PAK,PAK.3_1,VEGE,0.001831,0.001329,8.283e-4,0.06548,0.06389,0.0603
PAK,PAK.4_1,VEGE,0.003776,0.003491,0.003207,0.005165,0.004765,0.006806
PAK,PAK.5_1,VEGE,0.01886,0.01413,0.01002,0.008542,0.009843,0.0145
PAK,PAK.7_1,VEGE,0.002992,0.002689,0.002405,0.002187,0.002095,0.002105
PAK,PAK.8_1,VEGE,7.3e-4,5.988e-4,4.677e-4,3.366e-4,2.552e-4,1.257e-4
PAN,PAN.10_1,VEGE,20.38,17.78,15.3,13.35,11.28,9.321
PAN,PAN.11_1,VEGE,16.25,14.48,12.54,10.85,9.042,7.319
PAN,PAN.12_1,VEGE,13.45,12.53,11.34,10.27,9.186,7.807
PAN,PAN.13_1,VEGE,0.891,0.7394,0.6111,0.5155,0.4252,0.357
PAN,PAN.1_1,VEGE,8.662,7.568,6.527,5.528,4.483,3.454
PAN,PAN.2_1,VEGE,2.403,2.126,1.847,1.603,1.355,1.11
PAN,PAN.3_1,VEGE,0.1039,0.093,0.08466,0.07648,0.06884,0.065
PAN,PAN.4_1,VEGE,16.7,16.07,14.77,14.16,13.47,12.82
PAN,PAN.5_1,VEGE,5.975,5.39,4.735,4.219,3.76,3.199
PAN,PAN.6_1,VEGE,12,11.98,12.62,12.29,12.59,12.29
PAN,PAN.7_1,VEGE,12.82,10.98,9.151,7.343,5.55,3.822
PAN,PAN.8_1,VEGE,196.7,138.2,91.71,56.2,29.93,15.67
PAN,PAN.9_1,VEGE,0.6723,0.6072,0.5662,0.5133,0.4802,0.4817
PER,PER.10_1,VEGE,2.376,2.059,1.765,1.521,1.283,1.172
PER,PER.11_1,VEGE,0,0,0,0,0,0
PER,PER.12_1,VEGE,5.714,4.875,4.077,3.396,2.851,2.657
PER,PER.13_1,VEGE,0.08035,0.07353,0.0671,0.06134,0.05559,0.05674
PER,PER.14_1,VEGE,0.008154,0.006804,0.005541,0.004887,0.004178,0.003724
PER,PER.16_1,VEGE,0,0,1.154e-4,1.779e-4,2.315e-4,2.189e-4
PER,PER.17_1,VEGE,185,191.1,200,209.5,211.2,211
PER,PER.18_1,VEGE,189.8,151.9,121.8,97.88,83.15,77.77
PER,PER.1_1,VEGE,0.7977,0.8124,0.8681,0.916,1.005,1.041
PER,PER.20_1,VEGE,7.709,8.006,8.14,8.226,8.062,8.302
PER,PER.21_1,VEGE,0.3654,0.3086,0.2532,0.2009,0.1502,0.1011
PER,PER.22_1,VEGE,10.45,10.48,10.1,9.657,9.549,9.363
PER,PER.23_1,VEGE,123.5,107.4,91.46,75.7,60.33,45.38
PER,PER.24_1,VEGE,0,0,0,0,0,0
PER,PER.25_1,VEGE,0.339,0.2642,0.1995,0.1638,0.1194,0.0952
PER,PER.26_1,VEGE,34.83,31.97,30.83,29.98,29.11,29.04
PER,PER.2_1,VEGE,0.5508,0.5814,0.5582,0.533,0.6015,0.5783
PER,PER.3_1,VEGE,0.09255,0.09083,0.09343,0.08814,0.08149,0.09585
PER,PER.4_1,VEGE,0,0,0,0,0,0
PER,PER.5_1,VEGE,1.888,1.854,1.79,1.713,1.674,1.678
PER,PER.6_1,VEGE,0.1865,0.1815,0.1797,0.1782,0.2004,0.214
PER,PER.8_1,VEGE,3.16,3.351,3.424,3.436,3.63,3.785
PER,PER.9_1,VEGE,0.8757,0.8595,0.842,0.8262,0.835,0.8161
PHL,PHL.10_1,VEGE,0.4473,0.3081,0.1914,0.09541,0.03988,0.02265
PHL,PHL.12_1,VEGE,0.06267,0.05257,0.04555,0.04365,0.06171,0.05929
PHL,PHL.13_1,VEGE,0.06589,0.06052,0.05321,0.04729,0.04285,0.0397
PHL,PHL.14_1,VEGE,0.1149,0.113,0.106,0.09769,0.09296,0.0869
PHL,PHL.15_1,VEGE,0.4079,0.3542,0.3533,0.2983,0.2478,0.1999
PHL,PHL.16_1,VEGE,0.2155,0.2024,0.1929,0.1857,0.1839,0.1761
PHL,PHL.17_1,VEGE,0.2371,0.2275,0.2241,0.2167,0.2196,0.2163
PHL,PHL.18_1,VEGE,0.3109,0.2548,0.2016,0.1629,0.133,0.1223
PHL,PHL.19_1,VEGE,0.9145,0.8997,0.905,0.9347,0.9198,0.9175
PHL,PHL.1_1,VEGE,2.58,1.821,1.196,0.6917,0.3362,0.2066
PHL,PHL.20_1,VEGE,2.394,2.029,1.678,1.337,1.013,0.715
PHL,PHL.22_1,VEGE,0.3316,0.3165,0.3198,0.3131,0.3031,0.2842
PHL,PHL.23_1,VEGE,1.443,1.061,0.7122,0.3756,0.1753,0.1174
PHL,PHL.24_1,VEGE,0.01795,0.01611,0.01592,0.01499,0.02101,0.02256
PHL,PHL.25_1,VEGE,0.1562,0.135,0.1246,0.106,0.08893,0.076
PHL,PHL.26_1,VEGE,0.9527,0.85,0.7632,0.6771,0.6034,0.5213
PHL,PHL.27_1,VEGE,0.4368,0.4114,0.3968,0.401,0.4104,0.3951
PHL,PHL.28_1,VEGE,0.09362,0.08944,0.08695,0.084,0.08679,0.08872
PHL,PHL.29_1,VEGE,0.6409,0.6195,0.5805,0.5654,0.5441,0.5104
PHL,PHL.2_1,VEGE,2.798,2.445,2.089,1.735,1.41,1.077
PHL,PHL.30_1,VEGE,0.3755,0.2847,0.255,0.1846,0.1432,0.1301
PHL,PHL.31_1,VEGE,5.04,4.378,3.718,3.067,2.431,1.808
PHL,PHL.32_1,VEGE,0.3355,0.2838,0.2352,0.1877,0.1421,0.09911
PHL,PHL.33_1,VEGE,1.708,1.333,0.9608,0.6416,0.4025,0.3072
PHL,PHL.34_1,VEGE,0.09492,0.09055,0.09301,0.09258,0.08917,0.08347
PHL,PHL.35_1,VEGE,0.0953,0.07538,0.0588,0.04462,0.0358,0.03663
PHL,PHL.36_1,VEGE,0.08658,0.08033,0.07499,0.06911,0.0647,0.05682
PHL,PHL.37_1,VEGE,0.806,0.6327,0.4688,0.3535,0.2862,0.2268
PHL,PHL.38_1,VEGE,15.52,10.47,6.16,2.952,0.9,0.124
PHL,PHL.39_1,VEGE,0.06638,0.05429,0.04362,0.03396,0.02778,0.02476
PHL,PHL.3_1,VEGE,2.025,1.934,1.814,1.681,1.592,1.479
PHL,PHL.40_1,VEGE,0.2633,0.2638,0.2788,0.295,0.3007,0.3303
PHL,PHL.41_1,VEGE,0.2276,0.2213,0.211,0.1993,0.1849,0.1732
PHL,PHL.42_1,VEGE,3.122,2.755,2.392,2.051,1.701,1.341
PHL,PHL.43_1,VEGE,0.6255,0.5581,0.4929,0.4269,0.3618,0.2984
PHL,PHL.44_1,VEGE,0.9779,0.8836,0.7961,0.6964,0.6064,0.5189
PHL,PHL.45_1,VEGE,0.1566,0.1465,0.1361,0.1263,0.1166,0.1071
PHL,PHL.46_1,VEGE,0.1004,0.08079,0.06578,0.05418,0.04803,0.08276
PHL,PHL.47_1,VEGE,8.76e-5,5.455e-5,3.083e-5,1.423e-5,4.743e-6,0
PHL,PHL.48_1,VEGE,0.2186,0.2358,0.2321,0.2238,0.2148,0.2092
PHL,PHL.49_1,VEGE,0.1393,0.1446,0.1446,0.14,0.1444,0.149
PHL,PHL.4_1,VEGE,0.2339,0.2097,0.205,0.1845,0.167,0.1473
PHL,PHL.50_1,VEGE,0.5974,0.4317,0.2799,0.1605,0.0717,0.03484
PHL,PHL.51_1,VEGE,0.08453,0.08514,0.08523,0.08269,0.08877,0.08688
PHL,PHL.52_1,VEGE,0.05063,0.04676,0.04658,0.04151,0.03885,0.03608
PHL,PHL.53_1,VEGE,0.5171,0.4987,0.4869,0.4538,0.4755,0.4363
PHL,PHL.54_1,VEGE,9.289,8.145,7.014,5.893,4.786,3.685
PHL,PHL.55_1,VEGE,0.2743,0.2391,0.2118,0.1852,0.1613,0.1344
PHL,PHL.56_1,VEGE,0.3723,0.3504,0.3203,0.3083,0.2866,0.2685
PHL,PHL.57_1,VEGE,1.316,1.191,1.066,0.9306,0.7962,0.6676
PHL,PHL.58_1,VEGE,0.5189,0.5371,0.5398,0.5178,0.4994,0.4923
PHL,PHL.59_1,VEGE,1278,890.9,547.6,260.4,67.29,0.3354
PHL,PHL.5_1,VEGE,0.368,0.3213,0.2722,0.2246,0.1781,0.1322
PHL,PHL.60_1,VEGE,0.03752,0.02874,0.02304,0.01812,0.01656,0.01603
PHL,PHL.61_1,VEGE,0.2191,0.1496,0.09892,0.06559,0.04165,0.03003
PHL,PHL.62_1,VEGE,0.4169,0.4081,0.4062,0.3932,0.3791,0.371
PHL,PHL.63_1,VEGE,0.5107,0.4822,0.4376,0.409,0.3951,0.3768
PHL,PHL.64_1,VEGE,0.8478,0.7644,0.7317,0.639,0.581,0.5967
PHL,PHL.65_1,VEGE,0.04594,0.04272,0.04114,0.03857,0.03692,0.03457
PHL,PHL.66_1,VEGE,10.21,8.978,7.733,6.487,5.252,4.014
PHL,PHL.67_1,VEGE,0.3919,0.3491,0.3237,0.3022,0.3079,0.3151
PHL,PHL.68_1,VEGE,188.2,120.2,69.26,32.06,8.51,0
PHL,PHL.69_1,VEGE,0.3234,0.2686,0.2202,0.1759,0.134,0.09533
PHL,PHL.6_1,VEGE,0.3704,0.3244,0.2827,0.2388,0.1955,0.1538
PHL,PHL.70_1,VEGE,0.1512,0.1381,0.1275,0.1231,0.1323,0.1267
PHL,PHL.71_1,VEGE,1.827,1.6,1.392,1.163,0.936,0.7135
PHL,PHL.72_1,VEGE,0.3989,0.3522,0.3183,0.2768,0.2519,0.2373
PHL,PHL.73_1,VEGE,0.1131,0.1213,0.1301,0.1269,0.125,0.1305
PHL,PHL.74_1,VEGE,0.606,0.5162,0.5039,0.4191,0.3387,0.2829
PHL,PHL.75_1,VEGE,1.396,1.267,1.141,1.003,0.8792,0.7589
PHL,PHL.76_1,VEGE,0.05214,0.03871,0.0274,0.01929,0.01348,0.01113
PHL,PHL.77_1,VEGE,0.9378,0.8856,0.8336,0.8109,0.7961,0.7251
PHL,PHL.78_1,VEGE,0.2944,0.2076,0.1391,0.08907,0.0545,0.04378
PHL,PHL.79_1,VEGE,1.049,0.9844,0.9642,0.9057,0.8656,0.8242
PHL,PHL.7_1,VEGE,14.99,11.31,8.149,5.481,3.576,2.516
PHL,PHL.80_1,VEGE,0.3454,0.3174,0.3085,0.2755,0.2457,0.219
PHL,PHL.81_1,VEGE,2.515,2.381,2.323,2.162,2.044,1.919
PHL,PHL.8_1,VEGE,0.4095,0.3314,0.2569,0.1978,0.1573,0.135
PHL,PHL.9_1,VEGE,1.234,1.163,1.207,1.186,1.137,1.061
PNG,PNG.10_1,VEGE,0.5011,0.5121,0.5161,0.5149,0.5086,0.4925
PNG,PNG.11_1,VEGE,2.741,2.744,2.805,2.923,2.984,2.924
PNG,PNG.12_1,VEGE,714,469.6,280.8,117.8,23.42,0
PNG,PNG.13_1,VEGE,4.291,4.14,4.106,4.077,4.042,4.331
PNG,PNG.14_1,VEGE,2.497,2.451,3.072,3.085,3.165,3.378
PNG,PNG.15_1,VEGE,0.3691,0.441,0.4352,0.4162,0.3852,0.3541
PNG,PNG.16_1,VEGE,105.3,117.6,145.3,139.2,135.4,128.2
PNG,PNG.17_1,VEGE,2.183,2.117,2.303,2.418,2.487,2.539
PNG,PNG.18_1,VEGE,16.29,13.9,12.11,10.8,9.598,8.896
PNG,PNG.19_1,VEGE,0.4031,0.3551,0.3108,0.2669,0.2229,0.1793
PNG,PNG.1_1,VEGE,18.89,19.95,22.77,22.62,23.11,23.34
PNG,PNG.20_1,VEGE,23.81,20.79,19.21,18.42,17.59,17.93
PNG,PNG.21_1,VEGE,0.1552,0.1416,0.1291,0.1161,0.1018,0.08725
PNG,PNG.22_1,VEGE,43.57,32.18,24.09,18.65,14.37,12.68
PNG,PNG.2_1,VEGE,7.187,6.858,6.867,6.657,6.487,6.167
PNG,PNG.3_1,VEGE,1.045,1.092,1.143,1.18,1.187,1.187
PNG,PNG.4_1,VEGE,24.89,23.7,24.74,23.31,22.17,21.32
PNG,PNG.5_1,VEGE,4.254,4.035,4.178,4.239,4.176,3.978
PNG,PNG.6_1,VEGE,0.7592,0.7663,0.8597,0.839,0.8019,0.7709
PNG,PNG.7_1,VEGE,0.7197,0.6691,0.6281,0.5793,0.5316,0.4792
PNG,PNG.8_1,VEGE,468,302.4,181.9,89.43,43.23,34.98
PNG,PNG.9_1,VEGE,4.336,3.876,3.423,3.042,2.59,2.148
POL,POL.10_1,VEGE,0.01113,0.009184,0.007176,0.005203,0.003427,0.002548
POL,POL.11_1,VEGE,0.00222,0.001702,0.001533,0.001299,0.001015,8.873e-4
POL,POL.12_1,VEGE,0.01412,0.01264,0.01168,0.01078,0.009811,0.008851
POL,POL.13_1,VEGE,0.001618,0.001336,0.001008,7.783e-4,5.521e-4,4.568e-4
POL,POL.14_1,VEGE,0.007081,0.006583,0.006092,0.005388,0.004752,0.004299
POL,POL.15_1,VEGE,0.008995,0.007891,0.006292,0.0049,0.003669,0.002975
POL,POL.16_1,VEGE,0.006264,0.005663,0.004738,0.004046,0.00347,0.004035
POL,POL.1_1,VEGE,0.0182,0.01371,0.009541,0.005934,0.002957,0.001523
POL,POL.2_1,VEGE,0.006446,0.006008,0.005622,0.005022,0.004463,0.004024
POL,POL.3_1,VEGE,0.009946,0.007715,0.0058,0.003939,0.002238,0.00134
POL,POL.4_1,VEGE,0.0262,0.02252,0.01911,0.01597,0.01404,0.01238
POL,POL.5_1,VEGE,0.004858,0.003793,0.003314,0.005926,0.005123,0.004767
POL,POL.6_1,VEGE,0.01184,0.01241,0.01134,0.01032,0.009766,0.008931
POL,POL.7_1,VEGE,0.007727,0.006588,0.005687,0.004899,0.004479,0.004374
POL,POL.8_1,VEGE,0.004981,0.004016,0.004238,0.003429,0.00275,0.002254
POL,POL.9_1,VEGE,0.04365,0.03825,0.03303,0.02782,0.02266,0.01786
PRI,PRI.12_1,VEGE,0.1079,0.1098,0.116,0.1279,0.1285,0.1302
PRI,PRI.22_1,VEGE,0.005186,0.002335,7.409e-4,3.049e-4,5.838e-5,0
PRI,PRI.29_1,VEGE,0.2107,0.1845,0.1622,0.1359,0.11,0.09114
PRI,PRI.35_1,VEGE,0.09188,0.08505,0.07822,0.1206,0.126,0.1289
PRI,PRI.37_1,VEGE,0.05143,0.05454,0.05318,0.1165,0.2158,0.2009
PRI,PRI.3_1,VEGE,0.198,0.258,0.3892,0.481,0.5024,0.4682
PRI,PRI.41_1,VEGE,0.01793,0.01677,0.01525,0.01371,0.01257,0.01361
PRI,PRI.50_1,VEGE,0.7617,0.7155,0.6694,0.6232,0.577,0.5309
PRI,PRI.51_1,VEGE,0.3448,0.3164,0.2941,0.2667,0.24,0.2197
PRI,PRI.62_1,VEGE,0.04441,0.0421,0.05007,0.04529,0.04057,0.03837
PRI,PRI.63_1,VEGE,0,0,0,0,0,0
PRI,PRI.64_1,VEGE,0.04243,0.03962,0.03712,0.03692,0.03506,0.03272
PRI,PRI.68_1,VEGE,0.001946,9.995e-4,5.131e-4,2.801e-4,8.854e-5,0
PRK,PRK.10_1,VEGE,0.3127,0.2629,0.2215,0.1806,0.1412,0.1069
PRK,PRK.11_1,VEGE,0.09263,0.07941,0.06619,0.05482,0.04457,0.03625
PRK,PRK.12_1,VEGE,5.497e-4,4.873e-4,4.248e-4,3.624e-4,3e-4,2.376e-4
PRK,PRK.13_1,VEGE,0.5151,0.4516,0.3832,0.3193,0.2612,0.2111
PRK,PRK.1_1,VEGE,0.5153,0.4503,0.3905,0.3339,0.2753,0.2202
PRK,PRK.2_1,VEGE,0.2679,0.2588,0.2345,0.2164,0.1888,0.1667
PRK,PRK.3_1,VEGE,0.1789,0.1544,0.134,0.1144,0.0958,0.08847
PRK,PRK.4_1,VEGE,0.1518,0.1273,0.1079,0.08863,0.07213,0.06184
PRK,PRK.5_1,VEGE,0.004655,0.003557,0.002516,0.001718,0.001559,0.002023
PRK,PRK.6_1,VEGE,0.005306,0.006814,0.007557,0.007001,0.006459,0.01242
PRK,PRK.7_1,VEGE,0.1107,0.09845,0.08629,0.07445,0.06303,0.05832
PRK,PRK.8_1,VEGE,0.09278,0.07271,0.05457,0.03784,0.02317,0.01595
PRK,PRK.9_1,VEGE,0.1528,0.1276,0.1037,0.08162,0.06236,0.04554
PRT,PRT.10_1,VEGE,0.08369,0.06868,0.05445,0.04068,0.02991,0.02284
PRT,PRT.11_1,VEGE,0.01649,0.01076,0.00617,0.003337,0.001928,0.001474
PRT,PRT.12_1,VEGE,0.04646,0.04382,0.04076,0.03784,0.03506,0.03269
PRT,PRT.14_1,VEGE,0.005768,0.004907,0.00407,0.0035,0.002983,0.002758
PRT,PRT.15_1,VEGE,0.05231,0.0418,0.03128,0.02401,0.01607,0.01227
PRT,PRT.16_1,VEGE,0.00897,0.007886,0.006634,0.005646,0.005437,0.005115
PRT,PRT.17_1,VEGE,0.008502,0.005961,0.007863,0.007278,0.006574,0.006054
PRT,PRT.18_1,VEGE,0.0355,0.01724,0.005389,0.001265,4.217e-4,0
PRT,PRT.19_1,VEGE,0.03934,0.03461,0.02967,0.02393,0.01921,0.01571
PRT,PRT.1_1,VEGE,0.01324,0.01244,0.01163,0.01083,0.01003,0.009227
PRT,PRT.20_1,VEGE,0.02746,0.01995,0.01264,0.005588,0.001054,2.151e-5
PRT,PRT.3_1,VEGE,0.005206,0.00453,0.007766,0.007644,0.00731,0.007266
PRT,PRT.4_1,VEGE,0.1236,0.08974,0.05599,0.02652,0.00696,0
PRT,PRT.5_1,VEGE,0.05174,0.04363,0.03774,0.03179,0.03046,0.02931
PRT,PRT.6_1,VEGE,0.02544,0.02152,0.01781,0.01419,0.01074,0.007507
PRT,PRT.7_1,VEGE,0.002302,0.001976,0.001692,0.001439,0.001219,0.001139
PRT,PRT.8_1,VEGE,0.0131,0.008525,0.005087,0.003164,0.001833,0.001328
PRT,PRT.9_1,VEGE,0.006458,0.004706,0.003214,0.001974,0.001155,7.533e-4
PRY,PRY.10_1,VEGE,5.147,4.652,4.35,4.136,4.073,4.679
PRY,PRY.11_1,VEGE,3.458,2.936,2.514,2.138,1.91,1.936
PRY,PRY.12_1,VEGE,1.348,1.451,1.433,1.483,1.487,1.517
PRY,PRY.13_1,VEGE,0.565,0.564,0.5723,0.5576,0.561,0.5581
PRY,PRY.14_1,VEGE,2.248,2.802,3.439,3.889,4.563,5.007
PRY,PRY.15_1,VEGE,0.4263,0.386,0.3962,0.3659,0.3869,0.5476
PRY,PRY.16_1,VEGE,1.876,1.914,1.966,1.913,1.951,1.96
PRY,PRY.17_1,VEGE,1.844,1.599,1.375,1.152,0.9752,0.8352
PRY,PRY.18_1,VEGE,5.726,5.962,6.085,6.083,6.136,6.038
PRY,PRY.1_1,VEGE,4.6,4.077,3.585,3.232,2.917,2.553
PRY,PRY.2_1,VEGE,2.134,2.024,1.902,1.773,1.689,1.587
PRY,PRY.3_1,VEGE,4.867,5.012,4.86,4.768,4.742,4.722
PRY,PRY.4_1,VEGE,1.171,0.8362,0.5017,0.1672,0,0
PRY,PRY.5_1,VEGE,2.272,1.989,1.754,1.554,1.441,1.331
PRY,PRY.6_1,VEGE,3.773,3.993,4.087,4.078,4.096,4.11
PRY,PRY.7_1,VEGE,2.124,2.099,2.099,2.073,2.031,2.001
PRY,PRY.8_1,VEGE,4.153,4.144,4.067,3.896,3.831,3.68
PRY,PRY.9_1,VEGE,0.8305,0.68,0.6002,0.6105,0.5644,0.4929
PSE,PSE.1_1,VEGE,0,0,0,1.773e-4,7.162e-4,6.79e-4
PSE,PSE.2_1,VEGE,0.001181,9.79e-4,8.298e-4,6.806e-4,5.555e-4,4.545e-4
ROU,ROU.10_1,VEGE,0.2398,0.2233,0.2067,0.1902,0.1737,0.1571
ROU,ROU.11_1,VEGE,0.01083,0.007209,0.004286,0.002081,6.639e-4,5.647e-4
ROU,ROU.12_1,VEGE,0,0,0,0,0,0
ROU,ROU.13_1,VEGE,0.005034,0.003286,0.002213,0.001079,4.819e-4,3.532e-4
ROU,ROU.14_1,VEGE,0.1081,0.07825,0.05061,0.02358,0.007512,0.003762
ROU,ROU.15_1,VEGE,1.124e-4,6.956e-5,5.025e-5,4.053e-5,3.423e-5,2.967e-5
ROU,ROU.16_1,VEGE,0.032,0.0287,0.02611,0.02363,0.02103,0.01842
ROU,ROU.17_1,VEGE,0.02027,0.01548,0.01069,0.005906,0.002979,0.001913
ROU,ROU.18_1,VEGE,0.05539,0.04077,0.02758,0.01607,0.007309,0.003332
ROU,ROU.19_1,VEGE,0.002233,0.00151,9.696e-4,5.239e-4,2.092e-4,9.687e-5
ROU,ROU.1_1,VEGE,0.007045,0.004933,0.003146,0.00137,4.37e-4,3.363e-4
ROU,ROU.20_1,VEGE,0.01065,0.008822,0.007058,0.006666,0.00525,0.004186
ROU,ROU.21_1,VEGE,0.1833,0.1518,0.1224,0.09497,0.06786,0.04458
ROU,ROU.22_1,VEGE,0.1329,0.1168,0.1008,0.08635,0.07183,0.05854
ROU,ROU.23_1,VEGE,0.03045,0.01631,0.01001,0.004555,0.001609,0.001169
ROU,ROU.24_1,VEGE,0.1587,0.1148,0.0743,0.03934,0.01159,0
ROU,ROU.25_1,VEGE,0.02933,0.02154,0.01464,0.008943,0.004515,0.001516
ROU,ROU.26_1,VEGE,0.006183,0.004618,0.003053,0.001487,3.522e-4,0
ROU,ROU.27_1,VEGE,0.27,0.2329,0.1959,0.1589,0.1229,0.08814
ROU,ROU.28_1,VEGE,0.02748,0.01699,0.009899,0.003832,5.988e-4,1.996e-4
ROU,ROU.29_1,VEGE,0.01728,0.01347,0.01003,0.007171,0.005098,0.003704
ROU,ROU.2_1,VEGE,0.001084,9.243e-4,7.719e-4,6.195e-4,4.67e-4,3.146e-4
ROU,ROU.30_1,VEGE,0.02789,0.02293,0.01848,0.01416,0.01084,0.00857
ROU,ROU.31_1,VEGE,0.002422,0.001694,0.001254,8.143e-4,4.743e-4,2.653e-4
ROU,ROU.32_1,VEGE,0.03768,0.02601,0.01586,0.006414,0.001597,0.001274
ROU,ROU.33_1,VEGE,0.04568,0.03163,0.02025,0.009454,0.002332,3.528e-4
ROU,ROU.34_1,VEGE,0.04391,0.03842,0.03293,0.02744,0.0222,0.01721
ROU,ROU.35_1,VEGE,0.006119,0.004537,0.002994,0.001666,8.739e-4,5.752e-4
ROU,ROU.36_1,VEGE,0.008021,0.005778,0.004205,0.003353,0.002563,0.002231
ROU,ROU.37_1,VEGE,0.002589,0.002051,0.001624,0.001292,9.983e-4,7.174e-4
ROU,ROU.38_1,VEGE,0.007795,0.005517,0.003529,0.00182,5.286e-4,3.115e-5
ROU,ROU.39_1,VEGE,0.1083,0.08111,0.0633,0.04988,0.03869,0.03069
ROU,ROU.3_1,VEGE,0.1448,0.09521,0.06268,0.03497,0.01916,0.01307
ROU,ROU.40_1,VEGE,0.1423,0.1069,0.07535,0.04401,0.02571,0.02053
ROU,ROU.41_1,VEGE,0.003119,0.001266,2.94e-4,1.479e-4,3.743e-5,0
ROU,ROU.42_1,VEGE,0.00648,0.005339,0.004197,0.003055,0.002073,0.001459
ROU,ROU.4_1,VEGE,0.1487,0.1057,0.06657,0.03246,0.01332,0.009428
ROU,ROU.5_1,VEGE,0.01923,0.01441,0.01002,0.00585,0.002372,7.538e-4
ROU,ROU.6_1,VEGE,0.03052,0.02456,0.019,0.01367,0.009832,0.00749
ROU,ROU.7_1,VEGE,0.02187,0.01479,0.008499,0.003486,6.176e-4,0
ROU,ROU.8_1,VEGE,0.02102,0.01733,0.01363,0.009939,0.006589,0.004535
ROU,ROU.9_1,VEGE,0.01123,0.006418,0.002927,0.001538,0.001068,0.001708
RUS,RUS.10_1,VEGE,0.01343,0.01617,0.03048,0.03629,0.0395,0.05058
RUS,RUS.11_1,VEGE,0.03876,0.02494,0.01524,0.008183,0.002922,9.178e-4
RUS,RUS.13_1,VEGE,0.002622,0.001943,0.001417,0.001042,8.014e-4,6.522e-4
RUS,RUS.14_1,VEGE,0.003122,0.005777,0.005429,0.00508,0.004731,0.01135
RUS,RUS.15_1,VEGE,0.02255,0.01886,0.01587,0.01315,0.01051,0.008058
RUS,RUS.16_1,VEGE,0.06662,0.05014,0.03366,0.0174,0.00724,0.002971
RUS,RUS.17_1,VEGE,0.1009,0.09979,0.09124,0.08281,0.07444,0.06718
RUS,RUS.18_1,VEGE,0.2374,0.206,0.175,0.1442,0.1134,0.08305
RUS,RUS.19_1,VEGE,0.007996,0.003932,0.001907,0.001377,9.093e-4,6.295e-4
RUS,RUS.1_1,VEGE,0.009064,0.00843,0.007085,0.008387,0.01022,0.01137
RUS,RUS.20_1,VEGE,0.009468,0.01197,0.01334,0.01613,0.01846,0.02138
RUS,RUS.21_1,VEGE,0.02581,0.02223,0.01866,0.01509,0.01153,0.007997
RUS,RUS.22_1,VEGE,0.0679,0.05563,0.04505,0.03546,0.02707,0.01987
RUS,RUS.23_1,VEGE,0.007343,0.003441,0.001664,0.001175,7.306e-4,4.494e-4
RUS,RUS.24_1,VEGE,0.3735,0.3224,0.2736,0.226,0.2263,0.2568
RUS,RUS.25_1,VEGE,0.0182,0.01265,0.008891,0.006927,0.005213,0.004148
RUS,RUS.26_1,VEGE,0.5449,0.5062,0.526,0.4952,0.4559,0.422
RUS,RUS.27_1,VEGE,0.007491,0.006379,0.006308,0.006093,0.006305,0.005884
RUS,RUS.28_1,VEGE,0.0821,0.07062,0.05981,0.04919,0.03884,0.02879
RUS,RUS.29_1,VEGE,0.02398,0.01907,0.01458,0.01008,0.006067,0.003591
RUS,RUS.2_1,VEGE,0.1157,0.07767,0.05007,0.0268,0.01255,0.008885
RUS,RUS.31_1,VEGE,0.001413,9.41e-4,6.268e-4,3.706e-4,2.178e-4,1.621e-4
RUS,RUS.32_1,VEGE,0.05994,0.05587,0.05412,0.05219,0.0496,0.04532
RUS,RUS.33_1,VEGE,0.003622,0.002409,0.001583,0.001154,7.781e-4,4.609e-4
RUS,RUS.34_1,VEGE,0.00715,0.007091,0.006966,0.0065,0.006319,0.006308
RUS,RUS.35_1,VEGE,0.07709,0.06808,0.06002,0.05025,0.04094,0.03451
RUS,RUS.36_1,VEGE,0.04189,0.03394,0.02705,0.02112,0.01594,0.01181
RUS,RUS.37_1,VEGE,0.004108,0.002341,0.001507,8.514e-4,3.458e-4,1.497e-4
RUS,RUS.38_1,VEGE,0.009395,0.007859,0.006641,0.005613,0.004413,0.003447
RUS,RUS.39_1,VEGE,0.007024,0.004592,0.00237,9.86e-4,4.158e-4,1.546e-4
RUS,RUS.3_1,VEGE,0.0144,0.01238,0.01044,0.008469,0.006794,0.005677
RUS,RUS.40_1,VEGE,0.0734,0.06895,0.0645,0.06005,0.05561,0.05116
RUS,RUS.41_1,VEGE,6.445e-4,4.465e-4,2.98e-4,1.715e-4,6.41e-5,1.542e-5
RUS,RUS.42_1,VEGE,0.004696,0.003087,0.002033,0.001412,9.091e-4,6.761e-4
RUS,RUS.43_1,VEGE,0.1115,0.1033,0.09568,0.08803,0.08038,0.07279
RUS,RUS.44_1,VEGE,0.01251,0.008543,0.007475,0.006575,0.006024,0.005566
RUS,RUS.45_1,VEGE,55.5,76.6,72.02,67.44,62.86,58.28
RUS,RUS.47_1,VEGE,0.01009,0.007912,0.006344,0.00486,0.003619,0.002594
RUS,RUS.48_1,VEGE,0.03553,0.03463,0.03289,0.02828,0.02597,0.03742
RUS,RUS.49_1,VEGE,0.0112,0.01118,0.01156,0.01099,0.01036,0.01003
RUS,RUS.4_1,VEGE,0.2512,0.2202,0.1903,0.1609,0.1319,0.1027
RUS,RUS.50_1,VEGE,0.1313,0.09763,0.0659,0.03457,0.02035,0.01788
RUS,RUS.51_1,VEGE,0.06014,0.05181,0.04446,0.03839,0.03371,0.0319
RUS,RUS.52_1,VEGE,0.01016,0.005973,0.003447,0.001794,6.104e-4,1.407e-4
RUS,RUS.53_1,VEGE,0.01146,0.00713,0.004542,0.002605,0.001438,0.001051
RUS,RUS.54_1,VEGE,0.01095,0.008554,0.006784,0.005194,0.003842,0.002745
RUS,RUS.55_1,VEGE,0.01074,0.009291,0.008679,0.007658,0.006683,0.005906
RUS,RUS.56_1,VEGE,0.3154,0.2747,0.2378,0.2028,0.1692,0.1732
RUS,RUS.57_1,VEGE,0.08291,0.07207,0.06441,0.05512,0.04732,0.04116
RUS,RUS.58_1,VEGE,0.009294,0.006644,0.004937,0.004047,0.003233,0.006259
RUS,RUS.59_1,VEGE,0.008392,0.006818,0.005723,0.004587,0.003577,0.00278
RUS,RUS.5_1,VEGE,0.008689,0.007239,0.005999,0.004858,0.007082,0.006028
RUS,RUS.60_1,VEGE,0.01035,0.009002,0.007883,0.006764,0.005645,0.004526
RUS,RUS.61_1,VEGE,5.082e-4,3.52e-4,2.171e-4,8.843e-5,1.204e-5,0
RUS,RUS.62_1,VEGE,0.0118,0.008971,0.006404,0.004277,0.002916,0.002192
RUS,RUS.63_1,VEGE,0.008708,0.006532,0.004932,0.003948,0.005679,0.004946
RUS,RUS.64_1,VEGE,0.01015,0.008234,0.006835,0.005695,0.004672,0.003814
RUS,RUS.65_1,VEGE,0.03684,0.03375,0.03046,0.02913,0.02639,0.0243
RUS,RUS.66_1,VEGE,0.03807,0.03549,0.04279,0.04374,0.04736,0.04424
RUS,RUS.67_1,VEGE,0.001982,0.001429,9.999e-4,6.416e-4,3.833e-4,2.362e-4
RUS,RUS.68_1,VEGE,0.01975,0.01385,0.008715,0.004096,0.001213,4.437e-4
RUS,RUS.69_1,VEGE,0.01825,0.01804,0.0167,0.0264,0.02539,0.02395
RUS,RUS.6_1,VEGE,0.01287,0.009273,0.007154,0.00522,0.004141,0.003502
RUS,RUS.70_1,VEGE,0.01858,0.01359,0.01053,0.008069,0.006199,0.004499
RUS,RUS.71_1,VEGE,0,0,0,0,0,0
RUS,RUS.72_1,VEGE,0.005472,0.008778,0.008686,0.008799,0.008308,0.00784
RUS,RUS.73_1,VEGE,0.05329,0.04877,0.04986,0.04534,0.04091,0.03667
RUS,RUS.74_1,VEGE,0.003564,0.002298,0.001593,0.0011,7.827e-4,7.776e-4
RUS,RUS.75_1,VEGE,0.005903,0.004494,0.003434,0.002352,0.001672,0.001306
RUS,RUS.76_1,VEGE,0.1614,0.1361,0.1124,0.08963,0.067,0.04456
RUS,RUS.77_1,VEGE,0.01583,0.01406,0.012,0.01007,0.008247,0.006683
RUS,RUS.78_1,VEGE,0.01217,0.01084,0.0173,0.01576,0.01627,0.01588
RUS,RUS.79_1,VEGE,0.009328,0.00662,0.004221,0.002473,0.001379,8.706e-4
RUS,RUS.7_1,VEGE,0.01352,0.009297,0.006745,0.004646,0.003147,0.002419
RUS,RUS.81_1,VEGE,0.003905,0.003005,0.003403,0.0032,0.002825,0.002599
RUS,RUS.82_1,VEGE,0.03954,0.0306,0.02311,0.01653,0.01091,0.006602
RUS,RUS.83_1,VEGE,0.002137,0.00195,0.001763,0.001577,0.00139,0.001203
RUS,RUS.8_1,VEGE,0.003382,0.002708,0.002101,0.001553,0.001084,7.419e-4
RUS,RUS.9_1,VEGE,0.02566,0.02183,0.018,0.01417,0.01033,0.006504
RWA,RWA.1_1,VEGE,0.1591,0.1746,0.1966,0.2408,0.294,0.3558
RWA,RWA.2_1,VEGE,0.2147,0.2619,0.3159,0.3495,0.4094,0.5078
RWA,RWA.3_1,VEGE,0.0728,0.08357,0.08536,0.09383,0.1044,0.1306
RWA,RWA.4_1,VEGE,0.4496,0.4074,0.366,0.328,0.291,0.2534
RWA,RWA.5_1,VEGE,0.07689,0.07555,0.07603,0.08205,0.08726,0.1234
SAU,SAU.10_1,VEGE,0,0,0,0,0,0
SAU,SAU.4_1,VEGE,0.00141,5.18e-4,3.108e-4,1.036e-4,0,0
SDN,SDN.11_1,VEGE,6.681e-4,6.107e-4,5.533e-4,0.002025,0.001889,0.001753
SDN,SDN.13_1,VEGE,1.012e-4,9.409e-5,9.56e-5,1.662e-4,1.747e-4,3.863e-4
SDN,SDN.14_1,VEGE,0.03434,0.03152,0.03026,0.1465,0.2183,0.3517
SDN,SDN.15_1,VEGE,0.04134,0.03836,0.03606,0.03233,0.02924,0.02685
SDN,SDN.16_1,VEGE,0.004131,0.01656,0.01788,0.0559,0.05442,0.05137
SDN,SDN.17_1,VEGE,0.09056,0.08277,0.07497,0.06736,0.05966,0.05192
SDN,SDN.18_1,VEGE,0,0,0,0,0,0
SDN,SDN.2_1,VEGE,0.00195,0.00177,0.00159,0.00141,0.00123,0.00105
SDN,SDN.3_1,VEGE,0.7453,0.5406,0.3964,0.296,0.2339,0.1768
SDN,SDN.4_1,VEGE,0.0037200000000000002,0.003441,0.003129,0.006649,0.008569,0.009134
SDN,SDN.5_1,VEGE,0.1109,0.09788,0.08483,0.07178,0.05873,0.04568
SDN,SDN.6_1,VEGE,0,0,0,0,0,0
SEN,SEN.10_1,VEGE,0.002508,0.004084,0.004211,0.004073,0.03268,0.05732
SEN,SEN.11_1,VEGE,0.2015,0.15,0.1186,0.1064,0.1116,0.1252
SEN,SEN.12_1,VEGE,0.05826,0.04959,0.04109,0.04326,0.0359,0.03037
SEN,SEN.13_1,VEGE,8.87e-4,0.003429,0.003813,0.004133,0.02928,0.02823
SEN,SEN.14_1,VEGE,1.622,1.626,1.608,1.671,1.686,1.708
SEN,SEN.1_1,VEGE,3.143e-4,2.94e-4,2.738e-4,2.535e-4,2.332e-4,2.129e-4
SEN,SEN.3_1,VEGE,2.924,2.519,2.118,1.729,1.339,0.953
SEN,SEN.5_1,VEGE,0.008448,0.005871,0.00419,0.003566,0.002957,0.002356
SEN,SEN.6_1,VEGE,0.05316,0.05902,0.05761,0.06192,0.0615,0.05782
SEN,SEN.7_1,VEGE,0.08924,0.06958,0.05242,0.03827,0.02652,0.02015
SEN,SEN.8_1,VEGE,0,0,0,0,0,0
SEN,SEN.9_1,VEGE,0,0,0,0,0,0
SLB,SLB.10_1,VEGE,67.13,51.4,38.07,27.27,18.17,11.75
SLB,SLB.1_1,VEGE,11.69,9.578,7.559,5.634,3.988,2.718
SLB,SLB.2_1,VEGE,44.31,33.33,23.68,15.14,8.504,4.954
SLB,SLB.3_1,VEGE,0.6465,0.6548,0.6678,0.6745,0.6605,0.6384
SLB,SLB.4_1,VEGE,0.4355,0.406,0.3765,0.3472,0.318,0.2888
SLB,SLB.5_1,VEGE,17.08,15.95,14.37,14.23,13.24,11.95
SLB,SLB.6_1,VEGE,24.22,21.48,17.78,14.28,10.94,8.094
SLB,SLB.7_1,VEGE,15.09,12.72,10.64,8.594,6.627,5.149
SLB,SLB.8_1,VEGE,92.04,79.98,67.93,55.88,43.82,31.77
SLB,SLB.9_1,VEGE,0.4804,0.3252,0.1879,0.09273,0.02861,0
SLE,SLE.1_1,VEGE,7.545,7.818,7.841,7.911,7.951,7.911
SLE,SLE.2_1,VEGE,0.9385,0.9133,0.8926,0.8634,0.8982,0.8725
SLE,SLE.3_1,VEGE,5.48,5.422,5.433,5.423,5.594,5.698
SLE,SLE.4_1,VEGE,1.765,2.016,2.118,2.288,2.382,2.511
SLV,SLV.10_1,VEGE,0.02842,0.0222,0.01839,0.01583,0.01382,0.01238
SLV,SLV.11_1,VEGE,0.1471,0.1202,0.1005,0.08266,0.06553,0.05565
SLV,SLV.12_1,VEGE,0.304,0.2893,0.2739,0.2593,0.244,0.2263
SLV,SLV.13_1,VEGE,0.05719,0.05445,0.05022,0.04646,0.04521,0.0466
SLV,SLV.14_1,VEGE,0.6019,0.5235,0.4465,0.3718,0.2987,0.2256
SLV,SLV.1_1,VEGE,0.1057,0.0953,0.08565,0.07551,0.06688,0.0599
SLV,SLV.2_1,VEGE,0.2173,0.1371,0.07931,0.03925,0.0161,0.006931
SLV,SLV.3_1,VEGE,0.1297,0.09428,0.07084,0.05137,0.03576,0.02504
SLV,SLV.4_1,VEGE,1.213,0.7695,0.4925,0.2733,0.1121,0.04408
SLV,SLV.5_1,VEGE,0.07366,0.07303,0.07486,0.07262,0.07287,0.07173
SLV,SLV.6_1,VEGE,0.03176,0.02642,0.02211,0.01891,0.01609,0.01445
SLV,SLV.7_1,VEGE,0.2525,0.188,0.1326,0.08943,0.05763,0.03495
SLV,SLV.8_1,VEGE,0.2895,0.1851,0.0948,0.04005,0.01731,0.008547
SLV,SLV.9_1,VEGE,0.3453,0.2368,0.1463,0.08335,0.04864,0.03406
SMR,SMR.4_1,VEGE,0,0,0,0,0,0
SMR,SMR.6_1,VEGE,0,0,0,0,0,0
SMR,SMR.9_1,VEGE,0,0,0,0,0,0
SOM,SOM.10_1,VEGE,0.4118,0.4166,0.4121,0.3912,0.4223,0.4155
SOM,SOM.14_1,VEGE,0.096560000000000007,0.09358,0.08835,0.08117,0.07551,0.07745
SOM,SOM.15_1,VEGE,0.105,0.128,0.1321,0.1328,0.1275,0.1298
SOM,SOM.5_1,VEGE,0.1924,0.1776,0.1629,0.2412,0.4729,0.544
SOM,SOM.9_1,VEGE,0.2256,0.1619,0.1168,0.08092,0.05646,0.04233
SRB,SRB.10_1,VEGE,0.004388,0.004125,0.003862,0.003599,0.003336,0.003072
SRB,SRB.11_1,VEGE,0.8211,0.7593,0.6915,0.6277,0.5635,0.4883
SRB,SRB.12_1,VEGE,2.235,1.941,1.649,1.357,1.064,0.7724
SRB,SRB.13_1,VEGE,0.0346,0.03245,0.0303,0.02815,0.026,0.02385
SRB,SRB.14_1,VEGE,0.01121,0.00918,0.00715,0.00512,0.00309,0.00106
SRB,SRB.15_1,VEGE,0.006571,0.005444,0.007793,0.006487,0.005181,0.003876
SRB,SRB.16_1,VEGE,0.86,0.848,0.7843,0.7063,0.6282,0.5595
SRB,SRB.17_1,VEGE,0.001534,0.001427,0.008105,0.00765,0.007309,0.006857
SRB,SRB.18_1,VEGE,0.02139,0.01736,0.01257,0.00871,0.003871,0.002114
SRB,SRB.19_1,VEGE,0.01424,0.01242,0.01328,0.01431,0.01257,0.0115
SRB,SRB.1_1,VEGE,1.606,1.375,1.148,0.9213,0.6958,0.4734
SRB,SRB.20_1,VEGE,0.07963,0.06871,0.0582,0.04813,0.03877,0.03045
SRB,SRB.21_1,VEGE,0.00409,0.003185,0.00228,0.001375,4.703e-4,8.909e-6
SRB,SRB.22_1,VEGE,0.1467,0.1263,0.1059,0.08542,0.06498,0.04454
SRB,SRB.23_1,VEGE,0.2809,0.2058,0.1625,0.1186,0.1012,0.09227
SRB,SRB.24_1,VEGE,0.01813,0.01631,0.0145,0.01268,0.01118,0.01003
SRB,SRB.25_1,VEGE,0.1617,0.1475,0.1334,0.1226,0.1082,0.09468
SRB,SRB.2_1,VEGE,0.3167,0.3089,0.3865,0.3596,0.3327,0.3074
SRB,SRB.3_1,VEGE,0.4643,0.458,0.4292,0.3963,0.3706,0.3307
SRB,SRB.4_1,VEGE,0.03966,0.03496,0.03027,0.02557,0.02088,0.01618
SRB,SRB.5_1,VEGE,0.01789,0.0153,0.01275,0.0102,0.007652,0.00523
SRB,SRB.6_1,VEGE,0.2084,0.21,0.1958,0.1834,0.1703,0.1579
SRB,SRB.7_1,VEGE,0.2071,0.1596,0.1181,0.07886,0.05229,0.04306
SRB,SRB.8_1,VEGE,0.00787,0.006548,0.005227,0.003906,0.002585,0.001263
SRB,SRB.9_1,VEGE,0.0994,0.088,0.0766,0.0657,0.05531,0.04584
SSD,SSD.10_1,VEGE,0.4101,0.3357,0.2841,0.2567,0.2399,0.2473
SSD,SSD.1_1,VEGE,1.343,1.074,0.8252,0.6108,0.4107,0.2903
SSD,SSD.2_1,VEGE,0.3811,0.3117,0.2493,0.1932,0.1455,0.1043
SSD,SSD.3_1,VEGE,0.3656,0.3046,0.2479,0.2269,0.1986,0.2072
SSD,SSD.4_1,VEGE,0.3601,0.2956,0.2357,0.2028,0.1707,0.154
SSD,SSD.5_1,VEGE,0.1626,0.1884,0.2024,0.5158,0.8885,1.576
SSD,SSD.6_1,VEGE,0.8205,0.7351,0.6513,0.6675,0.7162,0.9173
SSD,SSD.7_1,VEGE,0.1732,0.15310000000000001,0.1343,0.1285,0.1355,0.1184
SSD,SSD.8_1,VEGE,0.2572,0.2308,0.21,0.3469,0.4928,0.7477
SSD,SSD.9_1,VEGE,1.187,1.207,1.279,2.26,2.864,3.608
STP,STP.1_1,VEGE,17.86,0,0,0,0,0
SUR,SUR.10_1,VEGE,0.4233,0.3673,0.3146,0.2778,0.2424,0.2112
SUR,SUR.2_1,VEGE,7.44,7.088,6.645,6.653,6.702,6.343
SUR,SUR.4_1,VEGE,495.9,411.2,368.3,378.2,378.9,355.5
SUR,SUR.5_1,VEGE,0.2603,0.2448,0.239,0.4261,0.8285,0.7873
SUR,SUR.6_1,VEGE,4.133,4.064,3.994,4.243,4.21,3.982
SUR,SUR.7_1,VEGE,1.542,1.424,1.302,1.361,1.305,1.19
SUR,SUR.8_1,VEGE,1.569,1.458,1.39,1.459,1.548,1.458
SUR,SUR.9_1,VEGE,83.14,49.87,28.34,12.74,2.911,0
SVK,SVK.1_1,VEGE,0.04334,0.03243,0.02391,0.01711,0.01195,0.008308
SVK,SVK.2_1,VEGE,0.4818,0.3799,0.2958,0.2133,0.1327,0.08368
SVK,SVK.3_1,VEGE,0.04504,0.0257,0.01318,0.008483,0.006103,0.004426
SVK,SVK.4_1,VEGE,0.02155,0.01555,0.01262,0.009236,0.006519,0.005596
SVK,SVK.5_1,VEGE,0.5755,0.4823,0.4023,0.3296,0.252,0.2335
SVK,SVK.6_1,VEGE,0.2298,0.1815,0.1394,0.1018,0.07039,0.05348
SVK,SVK.7_1,VEGE,0.04037,0.02892,0.0193,0.01027,0.003083,1.947e-4
SVK,SVK.8_1,VEGE,0.4089,0.2979,0.2129,0.1481,0.1019,0.07725
SVN,SVN.10_1,VEGE,0.7508,0.6433,0.5898,0.5111,0.4822,0.465
SVN,SVN.11_1,VEGE,0.3269,0.3113,0.2878,0.4041,0.3934,0.381
SVN,SVN.12_1,VEGE,1.061,1.273,1.921,1.806,1.915,1.789
SVN,SVN.1_1,VEGE,1.304,1.191,1.155,1.187,1.268,1.144
SVN,SVN.2_1,VEGE,0.01739,0.01358,0.0108,0.008363,0.007019,0.006296
SVN,SVN.3_1,VEGE,0.8076,0.6668,0.5545,0.4696,0.4126,0.3805
SVN,SVN.4_1,VEGE,1.469,1.432,1.303,1.275,1.202,1.247
SVN,SVN.5_1,VEGE,0.3198,0.2624,0.206,0.1603,0.1276,0.1062
SVN,SVN.6_1,VEGE,0.07147,0.0523,0.03555,0.02027,0.008027,0.003181
SVN,SVN.7_1,VEGE,0.9533,0.8716,0.7936,0.7646,0.6852,0.613
SVN,SVN.8_1,VEGE,0.2259,0.1932,0.1677,0.1467,0.1346,0.1264
SVN,SVN.9_1,VEGE,0.2205,0.2069,0.1934,0.1798,0.1663,0.1527
SWE,SWE.11_1,VEGE,0.4244,0.446,0.4901,0.4639,0.4321,0.4008
SWE,SWE.12_1,VEGE,0.01377,0.007433,0.004886,0.002762,0.001057,2.933e-4
SWE,SWE.13_1,VEGE,0.02296,0.01962,0.01657,0.01364,0.01083,0.008248
SWE,SWE.14_1,VEGE,0.1595,0.1471,0.1363,0.1321,0.122,0.3494
SWE,SWE.15_1,VEGE,0.5777,0.4624,0.3497,0.249,0.1605,0.07875
SWE,SWE.16_1,VEGE,0.07558,0.07027,0.2828,0.3089,0.291,0.2734
SWE,SWE.17_1,VEGE,0.4712,0.4951,0.4999,0.4859,0.4894,0.4622
SWE,SWE.1_1,VEGE,0.4807,0.4252,0.3708,0.3171,0.265,0.2146
SWE,SWE.20_1,VEGE,0.3664,0.3706,0.3718,0.3697,0.3574,0.3315
SWE,SWE.21_1,VEGE,0.09448,0.0879,0.08336,0.07434,0.06524,0.06165
SWE,SWE.4_1,VEGE,13.75,12.11,10.47,8.829,7.191,5.556
SWE,SWE.5_1,VEGE,0.01327,0.01055,0.008401,0.006735,0.005558,0.004397
SWE,SWE.7_1,VEGE,2.858,2.464,2.081,1.793,1.43,1.116
SWE,SWE.8_1,VEGE,1.415,1.222,1.034,0.8528,0.6777,0.5075
SWE,SWE.9_1,VEGE,1.502,1.289,1.092,0.8909,0.6964,0.5423
SWZ,SWZ.1_1,VEGE,0.3033,0.2403,0.1798,0.1343,0.1077,0.090939999999999993
SWZ,SWZ.2_1,VEGE,0.1752,0.2393,0.2482,0.2405,0.3349,0.3206
SWZ,SWZ.3_1,VEGE,0.3656,0.3916,0.4027,0.4355,0.5116,0.5192
SWZ,SWZ.4_1,VEGE,0.237,0.2261,0.2263,0.2328,0.2622,0.2942
SYR,SYR.10_1,VEGE,0.04112,0.03777,0.03444,0.03113,0.02783,0.02454
SYR,SYR.11_1,VEGE,0.06958,0.06758,0.06325,0.06045,0.0615,0.05996
SYR,SYR.13_1,VEGE,0.00512,0.00348,0.002486,0.001541,7.276e-4,3.541e-4
SYR,SYR.14_1,VEGE,0.06103,0.05938,0.05475,0.05546,0.05632,0.05192
SYR,SYR.1_1,VEGE,0.01245,0.01113,0.009824,0.009744,0.02459,0.02239
SYR,SYR.2_1,VEGE,0.005301,0.004196,0.003496,0.002833,0.00238,0.001984
SYR,SYR.3_1,VEGE,0.009551,0.008019,0.006663,0.005439,0.004221,0.003006
SYR,SYR.5_1,VEGE,0,0,0,0,0,0
SYR,SYR.6_1,VEGE,0,0,0,0,0,0
SYR,SYR.7_1,VEGE,0.006786,0.006122,0.00559,0.005058,0.004525,0.003993
SYR,SYR.8_1,VEGE,0.009498,0.01171,0.01077,0.00985,0.00893,0.01078
SYR,SYR.9_1,VEGE,9.83e-4,5.922e-4,4.027e-4,2.383e-4,9.932e-5,3.183e-5
TCD,TCD.11_1,VEGE,0.1398,0.1377,0.1375,0.1364,0.1366,0.1304
TCD,TCD.12_1,VEGE,0.2904,0.3039,0.3209,0.3468,0.3774,0.4071
TCD,TCD.13_1,VEGE,0.62,0.6494,0.7167,0.8028,0.8408,0.852
TCD,TCD.14_1,VEGE,0.04305,0.04048,0.03721,0.03424,0.03483,0.05825
TCD,TCD.15_1,VEGE,0.2796,0.2808,0.2997,0.3047,0.3232,0.3568
TCD,TCD.16_1,VEGE,0.3639,0.3664,0.3844,0.4561,0.5231,0.5647
TCD,TCD.17_1,VEGE,0,0,0,0,0,0
TCD,TCD.18_1,VEGE,0.1245,0.1181,0.1208,0.1275,0.197,0.2258
TCD,TCD.19_1,VEGE,0.007861,0.005926,0.004113,0.002436,0.001123,5.636e-4
TCD,TCD.20_1,VEGE,0.1532,0.1646,0.1864,0.2096,0.2234,0.2246
TCD,TCD.4_1,VEGE,0.0177,0.01775,0.01837,0.02201,0.0314,0.04042
TCD,TCD.7_1,VEGE,0.1382,0.139,0.1475,0.1543,0.1877,0.2082
TCD,TCD.8_1,VEGE,0.005744,0.004852,0.003993,0.003166,0.002478,0.001928
TGO,TGO.1_1,VEGE,0.289,0.3103,0.3406,0.3842,0.4596,0.5128
TGO,TGO.2_1,VEGE,0.09686,0.08956,0.08763,0.08973,0.1041,0.1158
TGO,TGO.3_1,VEGE,0.2049,0.1919,0.187,0.1944,0.1842,0.1837
TGO,TGO.4_1,VEGE,0.2577,0.2263,0.1981,0.1765,0.1512,0.1741
TGO,TGO.5_1,VEGE,0.01051,0.009585,0.008727,0.008234,0.007761,0.007888
THA,THA.10_1,VEGE,0.6823,0.7279,0.759,0.7875,0.8016,0.8042
THA,THA.11_1,VEGE,0.1806,0.1831,0.1856,0.1985,0.2023,0.2029
THA,THA.12_1,VEGE,0.1362,0.1037,0.07387,0.0483,0.02934,0.01843
THA,THA.13_1,VEGE,0.4081,0.3625,0.3121,0.2764,0.2483,0.2276
THA,THA.14_1,VEGE,0.06355,0.05017,0.03927,0.03329,0.03245,0.03372
THA,THA.15_1,VEGE,0.1194,0.09375,0.07345,0.0663,0.06436,0.0615
THA,THA.16_1,VEGE,1.659,1.501,1.36,1.261,1.201,1.097
THA,THA.17_1,VEGE,0.03058,0.02272,0.01572,0.01052,0.006006,0.003836
THA,THA.18_1,VEGE,12.8,9.168,6.125,3.962,2.727,2.33
THA,THA.19_1,VEGE,0.6109,0.5654,0.5302,0.527,0.5095,0.4761
THA,THA.1_1,VEGE,2.883,2.039,1.349,0.7582,0.4267,0.3468
THA,THA.20_1,VEGE,0.4275,0.3851,0.3489,0.3149,0.2746,0.2357
THA,THA.21_1,VEGE,0.6416,0.5766,0.5085,0.4514,0.3823,0.3109
THA,THA.22_1,VEGE,0.03005,0.02772,0.02538,0.02236,0.019,0.01581
THA,THA.23_1,VEGE,1.282,1.293,1.287,1.288,1.269,1.238
THA,THA.24_1,VEGE,0.01758,0.01172,0.007164,0.003069,0.001081,0.001057
THA,THA.25_1,VEGE,1.007,0.6922,0.447,0.2753,0.1811,0.1546
THA,THA.26_1,VEGE,0.25,0.3368,0.4301,0.4917,0.516,0.5236
THA,THA.27_1,VEGE,0.1791,0.1545,0.1308,0.1081,0.08649,0.066
THA,THA.28_1,VEGE,0.3861,0.3604,0.3435,0.3304,0.3228,0.3359
THA,THA.29_1,VEGE,0.02724,0.02219,0.01759,0.01352,0.01024,0.00749
THA,THA.30_1,VEGE,0.02074,0.01777,0.01484,0.01458,0.01522,0.01578
THA,THA.31_1,VEGE,3.379,3.251,3.091,3.199,3.685,3.756
THA,THA.32_1,VEGE,1.837,1.678,1.501,1.346,1.205,1.045
THA,THA.33_1,VEGE,0.9803,0.983,1.003,1.041,1.17,1.214
THA,THA.34_1,VEGE,0.03603,0.024,0.01522,0.009284,0.005455,0.003524
THA,THA.35_1,VEGE,0.1134,0.1032,0.09011,0.1298,0.1395,0.1395
THA,THA.36_1,VEGE,0.0182,0.01678,0.02343,0.02166,0.01992,0.01821
THA,THA.38_1,VEGE,3.926,4.144,4.307,4.465,4.972,5.397
THA,THA.39_1,VEGE,11.28,9.142,7.189,5.494,4.293,3.343
THA,THA.3_1,VEGE,0.008031,0.007242,0.006543,0.005844,0.005148,0.004456
THA,THA.40_1,VEGE,11.48,12.12,12.28,13.04,14.11,15.52
THA,THA.41_1,VEGE,0.7039,0.6708,0.6175,0.5754,0.5323,0.4885
THA,THA.42_1,VEGE,0.312,0.2769,0.2412,0.2103,0.1755,0.1409
THA,THA.43_1,VEGE,0.5803,0.5248,0.4621,0.4091,0.352,0.3166
THA,THA.44_1,VEGE,0.1125,0.07277,0.04101,0.01825,0.004842,2.243e-4
THA,THA.45_1,VEGE,0.2948,0.2869,0.2755,0.2859,0.2704,0.2537
THA,THA.46_1,VEGE,0.05508,0.04809,0.1457,0.1346,0.1438,0.1345
THA,THA.47_1,VEGE,0.4831,0.4548,0.4275,0.4066,0.3964,0.3602
THA,THA.48_1,VEGE,0.4852,0.5337,0.5493,0.5609,0.5992,0.6613
THA,THA.49_1,VEGE,1.59,1.734,2.011,2.19,2.2,2.167
THA,THA.4_1,VEGE,2.246,2.095,1.934,1.804,1.773,1.922
THA,THA.50_1,VEGE,1.108,1.119,1.103,1.178,1.243,1.259
THA,THA.51_1,VEGE,0.7642,0.8291,0.8732,0.9747,1.082,1.118
THA,THA.52_1,VEGE,0.2895,0.256,0.2231,0.1937,0.167,0.1367
THA,THA.53_1,VEGE,2.906,2.306,1.833,1.436,1.17,1.027
THA,THA.54_1,VEGE,0.2073,0.1486,0.1017,0.06697,0.05147,0.05171
THA,THA.55_1,VEGE,0.04475,0.03512,0.02645,0.01895,0.01383,0.01058
THA,THA.56_1,VEGE,0.09844,0.07445,0.05363,0.03962,0.0314,0.02889
THA,THA.57_1,VEGE,0.03622,0.03238,0.02904,0.02592,0.02287,0.04474
THA,THA.58_1,VEGE,2.282,2.006,1.742,1.472,1.23,0.9788
THA,THA.59_1,VEGE,0.5316,0.5382,0.5622,0.5756,0.614,0.6492
THA,THA.5_1,VEGE,0.02443,0.01878,0.0139,0.00977,0.007408,0.006922
THA,THA.60_1,VEGE,0.57,0.55,0.5256,0.4801,0.4345,0.3793
THA,THA.61_1,VEGE,1.452,1.283,1.132,1.021,0.9473,0.9014
THA,THA.62_1,VEGE,0.1694,0.1414,0.1148,0.09081,0.07033,0.05288
THA,THA.64_1,VEGE,1.586,1.565,1.521,1.572,1.674,1.833
THA,THA.65_1,VEGE,0.1185,0.1305,0.1391,0.1458,0.1514,0.1507
THA,THA.66_1,VEGE,0.1737,0.1517,0.1296,0.1087,0.09083,0.07222
THA,THA.67_1,VEGE,1.349,1.381,1.351,1.384,1.454,1.492
THA,THA.68_1,VEGE,0.09838,0.07143,0.04978,0.03674,0.05323,0.05786
THA,THA.69_1,VEGE,1.627,1.549,1.454,1.363,1.264,1.167
THA,THA.6_1,VEGE,0.7036,0.5824,0.4677,0.3616,0.2707,0.1951
THA,THA.70_1,VEGE,21.08,22.17,22.48,24.65,26.46,26.78
THA,THA.71_1,VEGE,1.226,1.377,1.676,1.838,1.88,1.903
THA,THA.72_1,VEGE,1.337,0.977,0.7112,0.4622,0.2917,0.2364
THA,THA.73_1,VEGE,0.1951,0.1363,0.08967,0.0558,0.03409,0.02663
THA,THA.74_1,VEGE,0.1825,0.1593,0.1336,0.1221,0.132,0.1257
THA,THA.75_1,VEGE,0.5095,0.4777,0.4462,0.4264,0.4104,0.3762
THA,THA.76_1,VEGE,8.722,9.668,10.06,11,12.68,13.53
THA,THA.77_1,VEGE,1.2,0.7524,0.3954,0.1542,0.03569,0.0164
THA,THA.7_1,VEGE,0.2308,0.1694,0.1169,0.07503,0.04381,0.02676
THA,THA.8_1,VEGE,0.3082,0.2613,0.2163,0.1745,0.1371,0.1031
THA,THA.9_1,VEGE,11.34,11.93,13.08,13.92,13.95,13.44
TJK,TJK.3_1,VEGE,0.005065,0.003958,0.003146,0.002494,0.001974,0.001607
TJK,TJK.4_1,VEGE,0.007235,0.005806,0.004657,0.003798,0.003015,0.002259
TJK,TJK.5_1,VEGE,1.415e-5,0,0,0,0,0
TKM,TKM.1_1,VEGE,0.1038,0.04059,0.009537,0.002302,0.001051,3.187e-4
TKM,TKM.3_1,VEGE,0.1421,0.1207,0.09976,0.07948,0.05974,0.04105
TKM,TKM.4_1,VEGE,1.034,0.5948,0.275,0.08337,0.007696,0
TKM,TKM.5_1,VEGE,0.1415,0.07513,0.04636,0.02334,0.007352,0
TLS,TLS.10_1,VEGE,0.1187,0.1006,0.0824,0.06425,0.04609,0.02793
TLS,TLS.11_1,VEGE,0.5075,0.5833,0.5521,0.5896,0.5714,0.577
TLS,TLS.12_1,VEGE,1.073,0.9965,0.9729,1.019,1.038,1.085
TLS,TLS.13_1,VEGE,1.342,1.256,1.208,1.211,1.107,1.008
TLS,TLS.1_1,VEGE,1.162,1.339,1.343,1.362,1.275,1.28
TLS,TLS.2_1,VEGE,0.3638,0.3404,0.3345,0.3171,0.2876,0.2603
TLS,TLS.3_1,VEGE,0.6073,0.6167,0.6463,0.654,0.6661,0.6671
TLS,TLS.4_1,VEGE,0.4393,0.4243,0.401,0.4414,0.437,0.4523
TLS,TLS.5_1,VEGE,0.4213,0.4072,0.3939,0.3953,0.3977,0.3889
TLS,TLS.6_1,VEGE,0.8395,0.8364,0.8081,0.7796,0.7977,0.841
TLS,TLS.7_1,VEGE,0.9126,0.942,0.8698,0.8039,0.7289,0.6547
TLS,TLS.8_1,VEGE,0.1786,0.1657,0.1688,0.1574,0.1631,0.142
TLS,TLS.9_1,VEGE,1.251,1.137,1.079,1.024,0.9475,0.9246
TTO,TTO.11_1,VEGE,0.502,0.4236,0.3625,0.3124,0.2736,0.2461
TTO,TTO.12_1,VEGE,10.78,9.495,8.342,7.165,6.048,4.881
TTO,TTO.13_1,VEGE,6.884,5.944,5.033,4.17,3.338,2.501
TTO,TTO.14_1,VEGE,536.1,463.4,392.5,323.6,256.6,190.1
TTO,TTO.15_1,VEGE,0.5574,0.5027,0.4538,0.4016,0.3379,0.2822
TTO,TTO.2_1,VEGE,0.03625,0.03344,0.03081,0.02827,0.02581,0.02347
TTO,TTO.3_1,VEGE,2.144,1.912,1.69,1.524,1.381,1.179
TTO,TTO.4_1,VEGE,1.894,1.831,1.774,1.933,1.829,1.862
TTO,TTO.5_1,VEGE,7.918,7.471,6.852,6.615,7.135,6.754
TTO,TTO.6_1,VEGE,0.8718,0.7689,0.6846,0.6351,0.5846,0.51
TTO,TTO.7_1,VEGE,0.2015,0.1434,0.08809,0.03773,0.007512,0
TTO,TTO.9_1,VEGE,2.084,1.834,1.615,1.4,1.198,1.021
TUN,TUN.11_1,VEGE,0.008852,0.005381,0.00191,1.305e-4,4.349e-5,0
TUN,TUN.12_1,VEGE,0.01223,0.01094,0.009657,0.008369,0.007081,0.005794
TUN,TUN.13_1,VEGE,0.008866,0.008146,0.007574,0.01538,0.02995,0.02868
TUN,TUN.14_1,VEGE,0,0,0,0,0,0
TUN,TUN.16_1,VEGE,0.006073,0.005557,0.004919,0.004787,0.004813,0.006763
TUN,TUN.17_1,VEGE,0,0,0,0,0,0
TUN,TUN.18_1,VEGE,0,0,0,0,0,0
TUN,TUN.19_1,VEGE,0.05118,0.04761,0.05702,0.05894,0.05439,0.04983
TUN,TUN.1_1,VEGE,0.01725,0.01614,0.01647,0.03703,0.03478,0.03249
TUN,TUN.20_1,VEGE,0,0,0,0,0,0
TUN,TUN.23_1,VEGE,0.01647,0.01535,0.01423,0.01311,0.01199,0.01087
TUN,TUN.24_1,VEGE,0.001189,8.424e-4,4.953e-4,2.923e-4,2.332e-4,1.741e-4
TUN,TUN.2_1,VEGE,0.0314,0.02904,0.02671,0.02512,0.02376,0.02201
TUN,TUN.3_1,VEGE,0.01451,0.01486,0.01387,0.014,0.01466,0.01446
TUN,TUN.4_1,VEGE,0.01792,0.01536,0.01287,0.01051,0.008255,0.006117
TUN,TUN.5_1,VEGE,0,0,0,0,0,0
TUN,TUN.6_1,VEGE,0,0,0,0,0,0
TUN,TUN.7_1,VEGE,0.01736,0.01678,0.01481,0.01322,0.01208,0.01769
TUN,TUN.8_1,VEGE,3.067e-5,2.552e-5,2.037e-5,1.652e-5,1.396e-5,1.141e-5
TUN,TUN.9_1,VEGE,0,0,0,0,0,0
TUR,TUR.10_1,VEGE,0.05776,0.05522,0.0548,0.05251,0.05147,0.04756
TUR,TUR.11_1,VEGE,0.01392,0.013,0.01143,0.01007,0.008978,0.008362
TUR,TUR.12_1,VEGE,0.01443,0.01512,0.01431,0.01504,0.01541,0.0151
TUR,TUR.13_1,VEGE,0.009539,0.007957,0.006768,0.00636,0.008383,0.0194
TUR,TUR.14_1,VEGE,0.003679,0.002261,0.001548,9.047e-4,3.208e-4,4.619e-5
TUR,TUR.15_1,VEGE,0.02416,0.01917,0.01453,0.01138,0.01517,0.01691
TUR,TUR.16_1,VEGE,0.01147,0.009528,0.007669,0.005714,0.004376,0.003987
TUR,TUR.17_1,VEGE,0.05781,0.0509,0.04876,0.04898,0.04744,0.04636
TUR,TUR.18_1,VEGE,0.01524,0.007838,0.003567,0.002618,0.004757,0.006116
TUR,TUR.19_1,VEGE,0.02656,0.02398,0.0227,0.0202,0.01871,0.02063
TUR,TUR.1_1,VEGE,0.004465,0.004836,0.005307,0.006909,0.007135,0.007157
TUR,TUR.20_1,VEGE,0.01522,0.01206,0.01088,0.009589,0.008144,0.007011
TUR,TUR.21_1,VEGE,0.01302,0.01335,0.01575,0.01616,0.01545,0.01619
TUR,TUR.22_1,VEGE,0.0123,0.01107,0.01055,0.01302,0.01323,0.01426
TUR,TUR.23_1,VEGE,0.02191,0.01847,0.01331,0.01199,0.009705,0.01444
TUR,TUR.24_1,VEGE,0.0102,0.008033,0.008088,0.00888,0.008921,0.008408
TUR,TUR.25_1,VEGE,0.00585,0.005568,0.005876,0.005677,0.00529,0.004955
TUR,TUR.26_1,VEGE,0.004739,0.00378,0.002918,0.002082,0.001518,0.001198
TUR,TUR.27_1,VEGE,0.02913,0.02779,0.02657,0.03437,0.03954,0.03836
TUR,TUR.28_1,VEGE,0.005487,0.004158,0.003013,0.002157,0.001592,0.001262
TUR,TUR.29_1,VEGE,0.1709,0.139,0.1072,0.07555,0.0453,0.01975
TUR,TUR.2_1,VEGE,0.002344,0.00208,0.001687,0.00146,0.001144,0.001644
TUR,TUR.30_1,VEGE,0.04332,0.03437,0.02614,0.02472,0.02164,0.01863
TUR,TUR.31_1,VEGE,0.01053,0.007953,0.005776,0.004147,0.003016,0.004372
TUR,TUR.32_1,VEGE,0.01245,0.008498,0.004844,0.005153,0.004254,0.00397
TUR,TUR.33_1,VEGE,0.002824,0.002639,0.002011,0.002173,0.002108,0.001966
TUR,TUR.34_1,VEGE,0.02481,0.02213,0.02085,0.01894,0.01848,0.01765
TUR,TUR.35_1,VEGE,0.01963,0.03679,0.03423,0.02972,0.02618,0.06704
TUR,TUR.36_1,VEGE,0.002172,0,0,0,0,0
TUR,TUR.37_1,VEGE,0.0115,0.01166,0.01161,0.01233,0.01231,0.01317
TUR,TUR.38_1,VEGE,7.038e-4,0.001092,0.001004,0.001874,0.00305,0.002853
TUR,TUR.39_1,VEGE,0.01578,0.01528,0.01374,0.01259,0.01189,0.01135
TUR,TUR.3_1,VEGE,0.01698,0.01196,0.008565,0.006237,0.004871,0.004885
TUR,TUR.40_1,VEGE,0.01175,0.01338,0.01212,0.01282,0.01175,0.01046
TUR,TUR.41_1,VEGE,0.02073,0.02017,0.01891,0.01857,0.01807,0.01876
TUR,TUR.42_1,VEGE,0.01272,0.01183,0.01143,0.01969,0.02808,0.02713
TUR,TUR.43_1,VEGE,0.0126,0.008545,0.005089,0.002815,0.001615,0.001441
TUR,TUR.44_1,VEGE,0.02616,0.02085,0.01659,0.01322,0.01422,0.01504
TUR,TUR.45_1,VEGE,0.009161,0.003054,0,0,0,0
TUR,TUR.46_1,VEGE,0.03146,0.03418,0.03852,0.06491,0.07643,0.08466
TUR,TUR.47_1,VEGE,0.008975,0.006209,0.004288,0.006795,0.005871,0.004972
TUR,TUR.48_1,VEGE,0,0,0,0,0,0
TUR,TUR.49_1,VEGE,0.005566,0.00351,0.00206,0.001122,4.927e-4,2.581e-4
TUR,TUR.4_1,VEGE,0.004225,0.003018,0.001811,0.004098,0.003315,0.004913
TUR,TUR.50_1,VEGE,0.03004,0.03076,0.03313,0.03692,0.04229,0.04919
TUR,TUR.51_1,VEGE,0.0255,0.01777,0.01033,0.003588,2.556e-4,4.929e-5
TUR,TUR.52_1,VEGE,0.01906,0.01651,0.0158,0.01788,0.01644,0.01968
TUR,TUR.53_1,VEGE,0.01355,0.0141,0.01232,0.01252,0.01135,0.01358
TUR,TUR.54_1,VEGE,0.01345,0.009868,0.007282,0.006103,0.005248,0.01121
TUR,TUR.55_1,VEGE,0.02677,0.02192,0.01817,0.01853,0.01579,0.01369
TUR,TUR.56_1,VEGE,0.007105,0.006525,0.006018,0.005677,0.005629,0.005553
TUR,TUR.57_1,VEGE,0.03722,0.02572,0.01755,0.01733,0.01427,0.01212
TUR,TUR.58_1,VEGE,0.02502,0.02848,0.03288,0.03552,0.03548,0.03558
TUR,TUR.59_1,VEGE,0.02407,0.0239,0.0234,0.02357,0.02279,0.02337
TUR,TUR.5_1,VEGE,0.00947,0.00665,0.004014,0.001506,1.689e-4,5.127e-5
TUR,TUR.60_1,VEGE,0.003826,0.002673,0.001909,0.002378,0.002515,0.002996
TUR,TUR.61_1,VEGE,0.005857,0.003932,0.002006,6.232e-4,1.799e-4,1.328e-4
TUR,TUR.62_1,VEGE,0.0052,0.004084,0.003036,0.002685,0.002319,0.002816
TUR,TUR.63_1,VEGE,0.04178,0.03048,0.02201,0.0168,0.01201,0.02079
TUR,TUR.64_1,VEGE,0.004725,0.004214,0.004065,0.004639,0.00434,0.003862
TUR,TUR.65_1,VEGE,0.08781,0.08851,0.0929,0.09199,0.08603,0.08148
TUR,TUR.66_1,VEGE,0.0105,0.009928,0.01176,0.01163,0.01105,0.01187
TUR,TUR.67_1,VEGE,0.01073,0.0107,0.01034,0.01059,0.01014,0.0107
TUR,TUR.68_1,VEGE,0.02799,0.02412,0.02039,0.01675,0.01315,0.009593
TUR,TUR.69_1,VEGE,0.01244,0.007926,0.003889,0.005418,0.006702,0.006732
TUR,TUR.6_1,VEGE,0.009462,0.009532,0.009418,0.01002,0.01079,0.01089
TUR,TUR.70_1,VEGE,0.01521,0.01408,0.01278,0.01409,0.01351,0.01387
TUR,TUR.71_1,VEGE,0.004579,0.003287,0.002005,0.008498,0.00967,0.07941
TUR,TUR.72_1,VEGE,0.01243,0.01109,0.009515,0.008238,0.007072,0.007492
TUR,TUR.73_1,VEGE,0.008804,0.007846,0.006925,0.006278,0.005908,0.005441
TUR,TUR.74_1,VEGE,0.01747,0.01814,0.01637,0.01595,0.01473,0.01503
TUR,TUR.75_1,VEGE,0.0307,0.03454,0.03622,0.03966,0.03934,0.03622
TUR,TUR.76_1,VEGE,0.1565,0.1152,0.07683,0.0433,0.02168,0.04478
TUR,TUR.77_1,VEGE,0.003317,0.002399,0.001867,0.002331,0.002055,0.001827
TUR,TUR.78_1,VEGE,0.008727,0.004882,0.002686,0.001169,3.679e-4,3.026e-4
TUR,TUR.79_1,VEGE,0.109,0.1706,0.1825,0.1844,0.1786,0.184
TUR,TUR.7_1,VEGE,0.005807,0.00462,0.003639,0.002809,0.002257,0.001907
TUR,TUR.80_1,VEGE,0.01274,0.01006,0.008879,0.02261,0.02672,0.0374
TUR,TUR.81_1,VEGE,0.01094,0.01147,0.01416,0.01678,0.01906,0.0272
TUR,TUR.8_1,VEGE,0.01058,0.01149,0.01163,0.01248,0.01233,0.01234
TWN,TWN.1_1,VEGE,0.198,0.1396,0.08196,0.03805,0.01994,0.015
TWN,TWN.2_1,VEGE,0.1139,0.121,0.1246,0.1303,0.1326,0.1534
TWN,TWN.3_1,VEGE,0.5319,0.5463,0.5759,0.5898,0.5695,0.5443
TWN,TWN.4_1,VEGE,0.3107,0.3233,0.3214,0.3356,0.3448,0.3773
TWN,TWN.5_1,VEGE,0.05455,0.05564,0.05324,0.06113,0.06172,0.07501
TWN,TWN.6_1,VEGE,0.01576,0.01415,0.01269,0.01122,0.009748,0.008278
TWN,TWN.7_1,VEGE,0.1294,0.1388,0.14,0.1471,0.1602,0.1645
TZA,TZA.10_1,VEGE,0.9347,0.9792,1.065,1.258,1.596,1.939
TZA,TZA.11_1,VEGE,0.3905,0.4174,0.4483,0.4912,0.5212,0.5508
TZA,TZA.12_1,VEGE,0.4372,0.437,0.4228,0.4449,0.5061,0.5129
TZA,TZA.13_1,VEGE,0.525,0.5849,0.6302,0.6828,0.7152,0.7532
TZA,TZA.14_1,VEGE,0.8822,0.8964,0.936,0.9435,0.9718,0.9863
TZA,TZA.15_1,VEGE,2.988,3.18,3.38,3.712,3.947,3.938
TZA,TZA.16_1,VEGE,0.1487,0.1834,0.2093,0.2455,0.2803,0.3016
TZA,TZA.17_1,VEGE,0.322,0.309,0.3041,0.3059,0.3168,0.3077
TZA,TZA.18_1,VEGE,0.119,0.1018,0.08462,0.06773,0.05093,0.03381
TZA,TZA.19_1,VEGE,0.06523,0.05699,0.04872,0.04063,0.03248,0.02431
TZA,TZA.1_1,VEGE,0.1493,0.1359,0.1268,0.1182,0.1116,0.101
TZA,TZA.20_1,VEGE,0.538,0.5328,0.5303,0.5409,0.5379,0.54990000000000006
TZA,TZA.21_1,VEGE,0.3594,0.3536,0.3631,0.3697,0.3714,0.3828
TZA,TZA.22_1,VEGE,0.6548,0.7219,0.7916,0.9991,1.233,1.369
TZA,TZA.23_1,VEGE,0.5909,0.6545,0.6434,0.6571,0.6613,0.7311
TZA,TZA.24_1,VEGE,0.03924,0.03717,0.03461,0.03188,0.03,0.02876
TZA,TZA.25_1,VEGE,15.06,16.01,15.89,16.86,17.22,16.79
TZA,TZA.26_1,VEGE,15.66,14.42,13.21,12.46,11.2,10.06
TZA,TZA.27_1,VEGE,0.451,0.4797,0.517,0.5289,0.5588,0.5987
TZA,TZA.28_1,VEGE,0.1307,0.1139,0.09718,0.08044,0.06371,0.04697
TZA,TZA.29_1,VEGE,1.154,1.055,0.9538,0.8616,0.7765,0.6798
TZA,TZA.2_1,VEGE,0.05765,0.0595,0.0577,0.05868,0.0554,0.05249
TZA,TZA.30_1,VEGE,0.2347,0.205,0.1752,0.1455,0.1157,0.08595
TZA,TZA.31_1,VEGE,2.13,2.4,2.692,2.941,3.205,3.607
TZA,TZA.3_1,VEGE,0.2453,0.253,0.2568,0.2946,0.3312,0.3537
TZA,TZA.4_1,VEGE,0.6616,0.6701,0.6806,0.7195,0.8089,0.8422
TZA,TZA.5_1,VEGE,0.1901,0.2074,0.209,0.2219,0.245,0.2636
TZA,TZA.6_1,VEGE,0.09258,0.09604,0.1038,0.1159,0.1555,0.1854
TZA,TZA.7_1,VEGE,2.066,2.21,2.286,2.643,2.843,3.265
TZA,TZA.8_1,VEGE,0.1773,0.1892,0.24,0.3422,0.3523,0.3762
TZA,TZA.9_1,VEGE,0.1295,0.1285,0.1227,0.116,0.1358,0.1373
UGA,UGA.10_1,VEGE,0.03763,0.04309,0.04861,0.05387,0.06372,0.0691
UGA,UGA.11_1,VEGE,0.1293,0.1356,0.1601,0.1872,0.2001,0.2283
UGA,UGA.12_1,VEGE,0.4366,0.6242,0.7215,0.7884,0.9483,1.189
UGA,UGA.13_1,VEGE,0.4674,0.4979,0.533,0.5691,0.6004,0.6687
UGA,UGA.14_1,VEGE,0.1653,0.1741,0.1745,0.1674,0.1656,0.1696
UGA,UGA.17_1,VEGE,0.1117,0.1117,0.1115,0.1102,0.1115,0.1058
UGA,UGA.18_1,VEGE,0.1895,0.2219,0.2648,0.2815,0.3293,0.4687
UGA,UGA.19_1,VEGE,0.2199,0.2582,0.3063,0.3759,0.4508,0.5142
UGA,UGA.1_1,VEGE,0.253,0.235,0.2367,0.2217,0.2084,0.1917
UGA,UGA.20_1,VEGE,0.2029,0.182,0.1706,0.1611,0.1594,0.184
UGA,UGA.21_1,VEGE,0.2824,0.2769,0.2745,0.2777,0.2731,0.2707
UGA,UGA.22_1,VEGE,0.05281,0.05224,0.04814,0.05022,0.05011,0.04708
UGA,UGA.23_1,VEGE,0.3859,0.379,0.3762,0.3585,0.3603,0.3376
UGA,UGA.24_1,VEGE,0.8627,0.7912,0.761,0.7223,0.7052,0.6736
UGA,UGA.25_1,VEGE,0.7614,0.7397,0.7841,0.8855,0.9133,0.9283
UGA,UGA.26_1,VEGE,1.483,1.647,1.783,1.91,2.03,2.191
UGA,UGA.27_1,VEGE,0.03743,0.03397,0.03093,0.03059,0.02789,0.02523
UGA,UGA.28_1,VEGE,0.04321,0.03879,0.03465,0.0342,0.02977,0.02555
UGA,UGA.29_1,VEGE,0.04804,0.0466,0.04396,0.04079,0.03873,0.03741
UGA,UGA.2_1,VEGE,0.09139,0.09799,0.1072,0.1114,0.1134,0.1178
UGA,UGA.30_1,VEGE,0.5925,0.5766,0.6112,0.6071,0.6021,0.5908
UGA,UGA.31_1,VEGE,0,0,0,0,0,0
UGA,UGA.32_1,VEGE,0.05033,0.04483,0.03971,0.03493,0.03035,0.02642
UGA,UGA.33_1,VEGE,0.06674,0.08529,0.08996,0.08955,0.0887,0.09365
UGA,UGA.34_1,VEGE,1.64,1.663,1.79,2.025,2.106,2.127
UGA,UGA.35_1,VEGE,0.1725,0.1986,0.2121,0.2171,0.2351,0.2735
UGA,UGA.36_1,VEGE,0.5967,0.5906,0.5996,0.6604,0.6934,0.6833
UGA,UGA.37_1,VEGE,1.254,1.091,0.9346,0.7746,0.6054,0.4458
UGA,UGA.38_1,VEGE,0.1845,0.1964,0.1979,0.204,0.2448,0.2906
UGA,UGA.39_1,VEGE,0.3888,0.3988,0.3958,0.3901,0.3913,0.4129
UGA,UGA.3_1,VEGE,0.2953,0.2635,0.2353,0.2154,0.1946,0.1757
UGA,UGA.40_1,VEGE,0.01135,0.03125,0.03705,0.04735,0.04507,0.04935
UGA,UGA.41_1,VEGE,0.3071,0.2681,0.2347,0.2034,0.1701,0.1454
UGA,UGA.42_1,VEGE,0.5283,0.5323,0.5607,0.5516,0.5488,0.5659
UGA,UGA.43_1,VEGE,0.7487,0.7552,0.8105,0.833,0.8464,0.8646
UGA,UGA.44_1,VEGE,0.7987,0.8087,0.8431,0.842,0.8802,0.8902
UGA,UGA.45_1,VEGE,0.1607,0.1592,0.1523,0.1688,0.1746,0.1641
UGA,UGA.46_1,VEGE,0.7619,0.8093,0.8612,0.9999,1.088,1.129
UGA,UGA.47_1,VEGE,0.1708,0.1559,0.1416,0.1305,0.1193,0.106
UGA,UGA.48_1,VEGE,0.1856,0.2221,0.2402,0.2532,0.2913,0.3353
UGA,UGA.49_1,VEGE,0.02384,0.02295,0.02174,0.02154,0.02151,0.02119
UGA,UGA.4_1,VEGE,0.1226,0.12,0.1153,0.1151,0.117,0.1205
UGA,UGA.50_1,VEGE,0.1471,0.1288,0.1113,0.09537,0.08608,0.07868
UGA,UGA.51_1,VEGE,0.2188,0.233,0.2452,0.2526,0.2705,0.28
UGA,UGA.52_1,VEGE,0.1931,0.2448,0.3087,0.407,0.4907,0.5618
UGA,UGA.53_1,VEGE,0.6141,0.595,0.5937,0.5664,0.5511,0.543
UGA,UGA.54_1,VEGE,0.1061,0.1025,0.104,0.1067,0.1226,0.143
UGA,UGA.55_1,VEGE,0.1807,0.1832,0.2008,0.2173,0.2126,0.2132
UGA,UGA.56_1,VEGE,0.08508,0.09081,0.08871,0.09508,0.1043,0.1098
UGA,UGA.57_1,VEGE,0.792,0.853,0.8886,0.9017,0.976,1.041
UGA,UGA.58_1,VEGE,0.08363,0.07755,0.07111,0.06677,0.06288,0.06022
UGA,UGA.5_1,VEGE,0.09856,0.08295,0.06871,0.05837,0.04613,0.03472
UGA,UGA.6_1,VEGE,0.6228,0.6273,0.6814,0.7353,0.8078,1.065
UGA,UGA.7_1,VEGE,0.1021,0.08005,0.0683,0.05994,0.05257,0.05373
UGA,UGA.8_1,VEGE,0.3671,0.3429,0.321,0.3037,0.2817,0.2631
UGA,UGA.9_1,VEGE,0.4471,0.422,0.4156,0.4339,0.4627,0.4714
UKR,UKR.10_1,VEGE,0.0026,0.002593,0.003412,0.003308,0.005353,0.005064
UKR,UKR.12_1,VEGE,0.03683,0.0352,0.04059,0.0419,0.05575,0.05527
UKR,UKR.13_1,VEGE,0.01257,0.01424,0.01671,0.0169,0.01865,0.02016
UKR,UKR.14_1,VEGE,0.004927,0.004944,0.00456,0.005622,0.005953,0.005495
UKR,UKR.15_1,VEGE,0.03264,0.02807,0.02227,0.01741,0.014,0.01331
UKR,UKR.16_1,VEGE,0.003496,0.0025959999999999998,0.001946,0.001437,0.001023,7.478e-4
UKR,UKR.17_1,VEGE,0.01185,0.01007,0.008881,0.007669,0.006606,0.005981
UKR,UKR.18_1,VEGE,0.02505,0.02547,0.02543,0.02452,0.02377,0.0225
UKR,UKR.19_1,VEGE,0.01995,0.01824,0.01648,0.01472,0.01291,0.01113
UKR,UKR.1_1,VEGE,0.04237,0.04332,0.043,0.04191,0.03983,0.0391
UKR,UKR.21_1,VEGE,0.008061,0.007139,0.00662,0.005504,0.004936,0.004553
UKR,UKR.22_1,VEGE,0.001733,0.001321,0.001455,0.00117,9.29e-4,7.655e-4
UKR,UKR.23_1,VEGE,0.008734,0.007522,0.006311,0.005101,0.003931,0.002907
UKR,UKR.24_1,VEGE,0.004442,0.004805,0.004633,0.004273,0.004392,0.004148
UKR,UKR.25_1,VEGE,0.006529,0.006273,0.005703,0.005064,0.004468,0.003977
UKR,UKR.26_1,VEGE,0.018,0.01597,0.01409,0.0155,0.01518,0.01405
UKR,UKR.27_1,VEGE,0.007332,0.009543,0.01065,0.01058,0.01024,0.01076
UKR,UKR.2_1,VEGE,0.005344,0.006714,0.006741,0.006674,0.00618,0.005918
UKR,UKR.3_1,VEGE,0.003461,0.003646,0.003352,0.003086,0.002871,0.002868
UKR,UKR.4_1,VEGE,3.76,2.737,1.854,1.192,0.815,0.5316
UKR,UKR.5_1,VEGE,0.008906,0.009746,0.008922,0.008103,0.008073,0.008512
UKR,UKR.6_1,VEGE,0.01023,0.008223,0.006647,0.005497,0.004758,0.01272
UKR,UKR.7_1,VEGE,0.005198,0.006347,0.005839,0.005255,0.004692,0.004178
UKR,UKR.8_1,VEGE,0.007028,0.006144,0.005484,0.004818,0.004248,0.00446
UKR,UKR.9_1,VEGE,0.03121,0.02282,0.01715,0.01415,0.03879,0.03467
URY,URY.10_2,VEGE,0.5865,0.5078,0.4291,0.3504,0.2718,0.1931
URY,URY.11_2,VEGE,0.009953,0.0121,0.01087,0.01231,0.03515,0.03315
URY,URY.12_2,VEGE,0.03434,0.03787,0.03435,0.04539,0.04939,0.07373
URY,URY.13_2,VEGE,0.4492,0.3832,0.3397,0.2996,0.2396,0.1827
URY,URY.14_2,VEGE,0.1164,0.1273,0.1211,0.112,0.1017,0.08595
URY,URY.15_2,VEGE,1.106,0.9505,0.7961,0.6436,0.4909,0.3384
URY,URY.16_2,VEGE,0.0766,0.0682,0.06288,0.05697,0.04943,0.04599
URY,URY.17_2,VEGE,0.2257,0.2212,0.2275,0.2627,0.2959,0.3177
URY,URY.18_2,VEGE,0.5236,0.3766,0.2433,0.161,0.1031,0.09251
URY,URY.19_2,VEGE,0.0951,0.1157,0.1265,0.1365,0.3782,0.3576
URY,URY.1_2,VEGE,0.1027,0.08671,0.0724,0.06928,0.05985,0.05134
URY,URY.2_2,VEGE,0.06968,0.06146,0.05479,0.04952,0.04138,0.03347
URY,URY.3_2,VEGE,0.1059,0.1238,0.1539,0.1913,0.1862,0.1892
URY,URY.4_2,VEGE,0.02564,0.02216,0.0193,0.01829,0.01664,0.01636
URY,URY.5_2,VEGE,0.1273,0.1276,0.1653,0.2404,0.3171,0.3364
URY,URY.6_2,VEGE,0.5739,0.5064,0.4324,0.3861,0.318,0.2848
URY,URY.7_2,VEGE,0.4527,0.3897,0.3318,0.2852,0.246,0.1894
URY,URY.8_2,VEGE,0.02591,0.02605,0.0252,0.02686,0.02571,0.02705
URY,URY.9_2,VEGE,4.106,3.637,3.16,2.687,2.211,1.734
USA,USA.10_1,VEGE,0.1736,0.1469,0.1216,0.1009,0.0839,0.06834
USA,USA.11_1,VEGE,1.124,0.9234,0.7595,0.6192,0.5161,0.4536
USA,USA.13_1,VEGE,0.4742,0.4032,0.3409,0.2793,0.2214,0.1752
USA,USA.14_1,VEGE,0.0378,0.03384,0.03061,0.02919,0.02591,0.02299
USA,USA.15_1,VEGE,0.3226,0.2881,0.2634,0.2311,0.1951,0.1596
USA,USA.16_1,VEGE,6.665,6.67,7.304,7.528,8.193,7.877
USA,USA.17_1,VEGE,0.3481,0.3371,0.3174,0.2998,0.2883,0.2823
USA,USA.18_1,VEGE,1.322,1.296,1.291,1.237,1.217,1.146
USA,USA.19_1,VEGE,1.622,1.663,2.4,2.934,2.921,2.907
USA,USA.1_1,VEGE,1.142,1.08,1.056,0.997,0.9711,0.9337
USA,USA.20_1,VEGE,0.1624,0.178,0.1788,0.1711,0.1668,0.1542
USA,USA.21_1,VEGE,0.9875,0.7286,0.5077,0.3391,0.2289,0.1782
USA,USA.22_1,VEGE,0.7399,0.8403,1.134,1.203,1.183,1.129
USA,USA.23_1,VEGE,0.2849,0.2771,0.2758,0.2584,0.2445,0.2344
USA,USA.24_1,VEGE,0.6205,0.5579,0.4926,0.4395,0.4358,0.3989
USA,USA.25_1,VEGE,2.629,2.385,2.503,2.292,2.094,1.954
USA,USA.26_1,VEGE,2.683,2.668,2.544,2.486,2.42,2.365
USA,USA.27_1,VEGE,0.03101,0.04425,0.04281,0.04218,0.04641,0.04512
USA,USA.28_1,VEGE,0.03405,0.0338,0.03364,0.0323,0.03152,0.02962
USA,USA.29_1,VEGE,1.876e-5,1.459e-5,1.042e-5,6.254e-6,2.085e-6,0
USA,USA.2_1,VEGE,1,1.095,1.154,1.193,1.174,1.134
USA,USA.30_1,VEGE,0.1938,0.1524,0.1184,0.09557,0.07653,0.05748
USA,USA.31_1,VEGE,0.144,0.1219,0.1039,0.09849,0.08536,0.07937
USA,USA.32_1,VEGE,0.1684,0.1216,0.08021,0.0434,0.02196,0.01656
USA,USA.33_1,VEGE,0.07845,0.06596,0.05645,0.04736,0.03829,0.03355
USA,USA.34_1,VEGE,1.423,1.232,1.076,0.9204,0.7767,0.6613
USA,USA.35_1,VEGE,0.003429,0.002881,0.003396,0.003377,0.0979,0.09269
USA,USA.36_1,VEGE,3.548,2.955,2.406,1.894,1.412,0.9846
USA,USA.37_1,VEGE,1.5,1.081,0.7449,0.4799,0.3138,0.2607
USA,USA.38_1,VEGE,0.4653,0.382,0.3083,0.2454,0.1926,0.1534
USA,USA.39_1,VEGE,0.4645,0.3809,0.3219,0.257,0.211,0.1726
USA,USA.3_1,VEGE,0.004099,0.003618,0.002875,0.002163,0.00337,0.002956
USA,USA.41_1,VEGE,2.528,2.203,1.982,1.738,1.556,1.447
USA,USA.42_1,VEGE,0.01824,0.01678,0.01612,0.01499,0.01426,0.01321
USA,USA.43_1,VEGE,1.606,1.244,0.9391,0.6746,0.4607,0.3121
USA,USA.44_1,VEGE,0.1735,0.1485,0.1285,0.1154,0.1062,0.1026
USA,USA.45_1,VEGE,0.0327,0.0285,0.02419,0.02031,0.01744,0.01809
USA,USA.46_1,VEGE,0.3801,0.3331,0.3421,0.3276,0.285,0.2429
USA,USA.47_1,VEGE,0.7689,0.6242,0.4738,0.3393,0.2338,0.1725
USA,USA.48_1,VEGE,0.4004,0.3347,0.2718,0.2155,0.1657,0.122
USA,USA.49_1,VEGE,2.805,2.838,2.94,2.869,2.823,2.707
USA,USA.4_1,VEGE,2.997,2.286,1.678,1.166,0.7988,0.6357
USA,USA.50_1,VEGE,0.6926,0.6314,0.5697,0.501,0.4692,0.4087
USA,USA.51_1,VEGE,0.003745,0.003521,0.004995,0.004684,0.005064,0.005009
USA,USA.5_1,VEGE,0.02088,0.01988,0.01882,0.01962,0.01917,0.01769
USA,USA.6_1,VEGE,4.018,3.499,3.001,2.522,2.051,1.587
USA,USA.7_1,VEGE,0.03284,0.02481,0.02606,0.02378,0.03629,0.03373
USA,USA.8_1,VEGE,0.4545,0.2695,0.1543,0.06732,0.0139,2.832e-6
UZB,UZB.10_1,VEGE,0.003411,0.001195,3.304e-4,1.121e-4,8.774e-6,0
UZB,UZB.11_1,VEGE,0.005624,0.002924,0.002321,0.002079,0.0018600000000000001,0.001642
UZB,UZB.12_1,VEGE,9.993e-4,7.138e-4,4.283e-4,1.428e-4,0,0
UZB,UZB.14_1,VEGE,0.003386,0.001715,7.053e-4,2.987e-4,1.312e-4,5.686e-5
UZB,UZB.1_1,VEGE,0.00178,0.001543,0.001673,0.002154,0.001932,0.00172
UZB,UZB.3_1,VEGE,8.288e-4,6.769e-4,0.001334,0.001141,9.497e-4,9.479e-4
UZB,UZB.5_1,VEGE,0.001617,0.001098,7.885e-4,5.788e-4,4.072e-4,2.729e-4
UZB,UZB.6_1,VEGE,0.004142,0.003557,0.003062,0.002679,0.002346,0.002041
UZB,UZB.8_1,VEGE,9.754e-4,7.924e-4,6.015e-4,0.001941,0.001717,0.001512
UZB,UZB.9_1,VEGE,0.001948,0.002172,0.002252,0.002023,0.002533,0.004148
VCT,VCT.1_1,VEGE,0.05044,0.0424,0.03476,0.0276,0.02145,0.01652
VCT,VCT.3_1,VEGE,0.08224,0.07453,0.06736,0.06073,0.0541,0.04747
VCT,VCT.5_1,VEGE,0.0198,0.01662,0.01357,0.01065,0.008264,0.006839
VCT,VCT.6_1,VEGE,0.02622,0.02192,0.01779,0.01366,0.01092,0.01582
VEN,VEN.11_1,VEGE,0.8915,0.7865,0.6833,0.5761,0.4692,0.4019
VEN,VEN.12_1,VEGE,2.686,2.491,2.274,2.08,1.919,1.753
VEN,VEN.13_1,VEGE,0.401,0.3755,0.3671,0.3578,0.344,0.3127
VEN,VEN.14_1,VEGE,0.5957,0.5889,0.5758,0.5696,0.5856,0.5723
VEN,VEN.15_1,VEGE,0.7202,0.6868,0.6701,0.6469,0.6119,0.6082
VEN,VEN.16_1,VEGE,13.48,13.43,12.75,12.26,11.91,11.47
VEN,VEN.17_1,VEGE,0.2709,0.2456,0.2187,0.2041,0.1968,0.1766
VEN,VEN.18_1,VEGE,0.1308,0.1211,0.1079,0.09805,0.08569,0.07211
VEN,VEN.19_1,VEGE,0.8958,0.8664,0.8517,0.8201,0.782,0.786
VEN,VEN.1_1,VEGE,73.29,77.38,76.33,80.52,86.29,85.34
VEN,VEN.20_1,VEGE,3.353,3.298,3.253,3.248,3.247,3.091
VEN,VEN.21_1,VEGE,0.5548,0.5416,0.5198,0.5225,0.5245,0.5375
VEN,VEN.22_1,VEGE,1.448,1.533,1.541,1.593,1.584,1.579
VEN,VEN.23_1,VEGE,41.09,39.83,36.62,35.63,33.45,31.96
VEN,VEN.24_1,VEGE,0.5924,0.5741,0.5594,0.5417,0.5751,0.5844
VEN,VEN.25_1,VEGE,0.6298,0.5998,0.5733,0.5578,0.5316,0.5098
VEN,VEN.2_1,VEGE,0.6522,0.629,0.641,0.6439,0.6523,0.6439
VEN,VEN.3_1,VEGE,0.5148,0.4745,0.4409,0.4424,0.4163,0.3932
VEN,VEN.4_1,VEGE,0.3812,0.3465,0.3112,0.2701,0.2329,0.1918
VEN,VEN.5_1,VEGE,1.187,1.145,1.091,1.034,0.9682,0.946
VEN,VEN.6_1,VEGE,0.9658,0.935,0.9015,0.9085,0.9374,0.9163
VEN,VEN.7_1,VEGE,0.5944,0.6141,0.625,0.6164,0.6027,0.5934
VEN,VEN.8_1,VEGE,0.6439,0.5891,0.5356,0.5006,0.4503,0.42
VEN,VEN.9_1,VEGE,4.158,3.935,3.722,3.624,4.098,3.814
VNM,VNM.10_1,VEGE,1.136,1.084,1.095,1.067,1.082,1.126
VNM,VNM.11_1,VEGE,0.3602,0.2972,0.2657,0.2372,0.2188,0.2072
VNM,VNM.12_1,VEGE,0.01431,0.01273,0.01117,0.009749,0.00842,0.007213
VNM,VNM.13_1,VEGE,0.9799,0.9541,0.8859,0.8411,0.7805,0.9857
VNM,VNM.14_1,VEGE,0.1215,0.1311,0.1588,0.172,0.1849,0.1882
VNM,VNM.15_1,VEGE,0.4792,0.4638,0.457,0.4438,0.4339,0.4295
VNM,VNM.16_1,VEGE,1.457,1.379,1.289,1.215,1.147,1.099
VNM,VNM.17_1,VEGE,0.3789,0.4,0.4087,0.3994,0.4105,0.4163
VNM,VNM.18_1,VEGE,0.02625,0.02376,0.02119,0.02326,0.0245,0.07955
VNM,VNM.19_1,VEGE,0.8245,0.7219,0.6395,0.5377,0.4426,0.5036
VNM,VNM.1_1,VEGE,0.1359,0.1229,0.1218,0.1259,0.1183,0.128
VNM,VNM.20_1,VEGE,0.796,0.8243,0.8319,0.8479,0.8507,0.8046
VNM,VNM.21_1,VEGE,0.5452,0.5196,0.4984,0.4918,0.4831,0.4671
VNM,VNM.22_1,VEGE,0.0645,0.08021,0.09016,0.0985,0.1249,0.1286
VNM,VNM.23_1,VEGE,0.02496,0.02525,0.02284,0.02186,0.1316,0.125
VNM,VNM.24_1,VEGE,0.01188,0.01263,0.01298,0.01955,0.02213,0.02435
VNM,VNM.25_1,VEGE,0.5126,0.4862,0.4972,0.5146,0.5438,0.5425
VNM,VNM.26_1,VEGE,0.1763,0.1859,0.1966,0.2055,0.2182,0.2274
VNM,VNM.27_1,VEGE,0.06906,0.06562,0.07939,0.07467,0.08809,0.08272
VNM,VNM.28_1,VEGE,0.03303,0.02718,0.02157,0.01608,0.01171,0.008611
VNM,VNM.29_1,VEGE,0.7139,0.5148,0.3762,0.2727,0.1987,0.1617
VNM,VNM.2_1,VEGE,0.01135,0.01101,0.01038,0.01112,0.01026,0.01095
VNM,VNM.30_1,VEGE,0.4343,0.4565,0.4774,0.4879,0.5079,0.5228
VNM,VNM.31_1,VEGE,0.006559,0.005451,0.004619,0.003993,0.003222,0.002482
VNM,VNM.32_1,VEGE,0.8725,0.7578,0.6676,0.5955,0.5373,0.5051
VNM,VNM.33_1,VEGE,0.04608,0.04751,0.04786,0.04767,0.04816,0.05411
VNM,VNM.34_1,VEGE,11.58,9.82,8.11,6.571,5.299,4.325
VNM,VNM.35_1,VEGE,0.6654,0.887,1.225,1.378,1.491,1.677
VNM,VNM.36_1,VEGE,0.2134,0.201,0.1909,0.1824,0.1687,0.1524
VNM,VNM.37_1,VEGE,1.396,1.322,1.254,1.177,1.111,1.066
VNM,VNM.38_1,VEGE,0.1319,0.1435,0.1557,0.1645,0.1713,0.1792
VNM,VNM.39_1,VEGE,0.08518,0.08174,0.07888,0.1098,0.1336,0.2131
VNM,VNM.3_1,VEGE,0.4062,0.4159,0.5761,0.6319,0.683,0.7242
VNM,VNM.40_1,VEGE,0.01163,0.009509,0.007918,0.006357,0.005034,0.003942
VNM,VNM.41_1,VEGE,1.723,1.469,1.252,1.058,0.9007,0.8485
VNM,VNM.42_1,VEGE,0.02272,0.01882,0.01504,0.01131,0.0081,0.00571
VNM,VNM.43_1,VEGE,0.3511,0.2937,0.2357,0.1818,0.1397,0.1173
VNM,VNM.44_1,VEGE,0.5643,0.632,0.6634,0.6896,0.7101,0.7291
VNM,VNM.45_1,VEGE,0.6338,0.6099,0.5871,0.5734,0.5665,0.5757
VNM,VNM.46_1,VEGE,20.29,17.03,14.11,11.52,9.19,7.077
VNM,VNM.47_1,VEGE,0.8623,0.921,0.9137,0.8977,0.8661,0.8288
VNM,VNM.48_1,VEGE,0.3683,0.3852,0.3792,0.3659,0.3544,0.3425
VNM,VNM.49_1,VEGE,2.234,2.491,2.838,2.966,3.31,3.63
VNM,VNM.4_1,VEGE,0.6656,0.7775,0.9238,1.01,1.117,1.194
VNM,VNM.50_1,VEGE,1.52,1.29,1.056,0.827,0.6508,0.545
VNM,VNM.51_1,VEGE,0.02051,0.0202,0.01952,0.02034,0.01941,0.02088
VNM,VNM.52_1,VEGE,0.3387,0.332,0.3291,0.3347,0.3295,0.3224
VNM,VNM.53_1,VEGE,0.1079,0.1364,0.1573,0.1747,0.2064,0.218
VNM,VNM.54_1,VEGE,0.4045,0.4564,0.4773,0.4844,0.4786,0.4817
VNM,VNM.55_1,VEGE,0.02534,0.02074,0.01743,0.01427,0.01129,0.008539
VNM,VNM.56_1,VEGE,0.5113,0.5815,0.6532,0.6657,0.7031,0.7741
VNM,VNM.57_1,VEGE,0.8069,0.8038,0.8029,0.7763,0.7911,0.7921
VNM,VNM.58_1,VEGE,0.05993,0.05949,0.05561,0.06234,0.06634,0.07592
VNM,VNM.59_1,VEGE,0.01107,0.0103,0.009675,0.009589,0.01064,0.01106
VNM,VNM.5_1,VEGE,0.001537,0.001109,8.923e-4,7.239e-4,5.602e-4,4.035e-4
VNM,VNM.60_1,VEGE,0.9632,1.019,1.036,1.075,1.228,1.356
VNM,VNM.61_1,VEGE,0.006713,0.006447,0.006425,0.006412,0.009958,0.01503
VNM,VNM.62_1,VEGE,0.06777,0.0628,0.05708,0.05642,0.04859,0.04226
VNM,VNM.63_1,VEGE,1.072,1.203,1.293,1.349,1.387,1.454
VNM,VNM.6_1,VEGE,0.005503,0.005777,0.005472,0.0108,0.01155,0.01387
VNM,VNM.7_1,VEGE,1.289,1.085,0.9107,0.7419,0.5861,0.4439
VNM,VNM.8_1,VEGE,0.3633,0.319,0.3353,0.37,0.3887,0.394
VNM,VNM.9_1,VEGE,1.947,1.978,1.942,1.861,1.806,1.778
VUT,VUT.1_1,VEGE,0.07819,0.06981,0.06173,0.0992,0.1031,0.09642
VUT,VUT.2_1,VEGE,20.18,19.04,17.94,16.87,15.81,14.76
VUT,VUT.3_1,VEGE,0.03662,0.03431,0.03191,0.03016,0.02926,0.02693
VUT,VUT.4_1,VEGE,0.06371,0.05917,0.05485,0.06565,0.06545,0.07492
VUT,VUT.5_1,VEGE,0.5194,0.4088,0.3002,0.2127,0.1534,0.1043
VUT,VUT.6_1,VEGE,2.108,1.664,1.285,0.9305,0.6613,0.4702
XAD,XAD.2_1,VEGE,0,0,0,0,0,0
XCA,NA,VEGE,0.008111,0.00751,0.006909,0.006308,0.005707,0.005107
XKO,XKO.1_1,VEGE,2.444,2.068,1.692,1.316,0.9399,0.5639
XKO,XKO.3_1,VEGE,0,0,0,0,0,0
XKO,XKO.4_1,VEGE,15.87,14.54,13.21,13.24,11.84,10.43
XKO,XKO.5_1,VEGE,29.61,25.66,21.71,17.76,13.82,9.868
XKO,XKO.7_1,VEGE,0.03599,0.03238,0.02878,0.02517,0.0269,0.02849
YEM,YEM.2_1,VEGE,0,0,0,0,0,0
YEM,YEM.5_1,VEGE,0,0,0,0,0,0
YEM,YEM.7_1,VEGE,0,0,0,0,0,0
Z01,Z01.14_1,VEGE,0.03785,0.03206,0.02763,0.03071,0.03462,0.03885
Z06,Z06.1_1,VEGE,0.002783,0.002381,0.001979,0.001582,0.001405,0.001237
Z07,Z07.3_1,VEGE,3.159,2.889,2.702,2.479,2.362,2.303
ZAF,ZAF.1_1,VEGE,2.336,2.504,2.578,2.591,2.548,2.453
ZAF,ZAF.2_1,VEGE,0.02336,0.02082,0.01917,0.01712,0.01505,0.01312
ZAF,ZAF.3_1,VEGE,0.06601,0.06917,0.07411,0.07096,0.06928,0.07058
ZAF,ZAF.4_1,VEGE,1.321,1.345,1.329,1.28,1.286,1.267
ZAF,ZAF.5_1,VEGE,0.5541,0.5865,0.5953,0.5771,0.5703,0.5659
ZAF,ZAF.6_1,VEGE,0.1582,0.1556,0.1455,0.1374,0.1281,0.121
ZAF,ZAF.7_1,VEGE,0.04299,0.04687,0.04299,0.0457,0.04263,0.0489
ZAF,ZAF.8_1,VEGE,0.09082,0.08499,0.08153,0.07489,0.06775,0.06142
ZAF,ZAF.9_1,VEGE,0.1306,0.1312,0.1323,0.1419,0.143,0.1497
ZMB,ZMB.10_1,VEGE,48.78,56.06,60.28,60.45,60.89,64.39
ZMB,ZMB.1_1,VEGE,31.56,34.85,35.34,36.09,36.29,36.23
ZMB,ZMB.2_1,VEGE,10.92,12.28,12.81,13.22,14.12,14.78
ZMB,ZMB.3_1,VEGE,6.364,5.596,4.78,4.177,3.716,3.404
ZMB,ZMB.4_1,VEGE,21.32,22.29,23.05,23.86,25.45,27.06
ZMB,ZMB.5_1,VEGE,0.7316,0.7982,0.7747,0.7821,0.7679,0.741
ZMB,ZMB.6_1,VEGE,8.199,8.267,8.211,8.504,8.709,9.162
ZMB,ZMB.7_1,VEGE,90.96,105.6,117.8,127.1,146.7,166.5
ZMB,ZMB.8_1,VEGE,13.38,15.37,17.75,19.43,20.56,22.48
ZMB,ZMB.9_1,VEGE,0.3466,0.3763,0.3797,0.395,0.4261,0.4487
ZNC,ZNC.1_1,VEGE,0.001016,0,0,0,0,0
ZNC,ZNC.3_1,VEGE,0.00801,0.00543,0.003226,0.001184,1.025e-4,0
ZWE,ZWE.10_1,VEGE,2.541,2.805,2.741,2.666,2.55,2.418
ZWE,ZWE.1_1,VEGE,0.6962,0.6895,0.639,0.7223,0.7419,0.7378
ZWE,ZWE.2_1,VEGE,0.1747,0.1774,0.1654,0.1767,0.18,0.1853
ZWE,ZWE.3_1,VEGE,0.3691,0.353,0.3326,0.3119,0.2916,0.2819
ZWE,ZWE.4_1,VEGE,0.6661,0.711,0.7056,0.738,0.7599,0.8608
ZWE,ZWE.5_1,VEGE,0.4776,0.4806,0.4668,0.4474,0.4289,0.411
ZWE,ZWE.6_1,VEGE,0.914,0.9219,0.8787,0.8355,0.798,0.7644
ZWE,ZWE.7_1,VEGE,0.2789,0.3445,0.3836,0.3943,0.4121,0.4537
ZWE,ZWE.8_1,VEGE,2.253,2.615,2.609,2.559,2.509,2.416
ZWE,ZWE.9_1,VEGE,0.4999,0.563,0.5613,0.5961,0.5857,0.5786
