GID_0,GID_1,crop_type,EF_2020,EF_2021,EF_2022,EF_2023,EF_2024,EF_2025
AFG,AFG.14_1,REST,0,0,0,0,0,0
AFG,AFG.16_1,REST,0,0,0,0,0,0
AFG,AFG.19_1,REST,0.07136,0.03891,0.02246,0.01023,0.002873,5.864e-4
AFG,AFG.1_1,REST,0,0,0,0,0,0
AFG,AFG.20_1,REST,0,0,0,0.01198,0.01137,0.1911
AFG,AFG.21_1,REST,0,0,0,0,0.1386,0.207
AFG,AFG.22_1,REST,0,0,0,0,0,0
AFG,AFG.23_1,REST,0,0,0,0,0,0
AFG,AFG.27_1,REST,0,0,0,0,0,0
AFG,AFG.28_1,REST,0,0,0,0,0,0
AFG,AFG.29_1,REST,0.04606,0.01495,0,0,0,0
AFG,AFG.30_1,REST,0,0,0,0.3584,0.3463,0.3276
AFG,AFG.31_1,REST,0.09416,0.07877,0.06506,0.0521,0.04027,0.02946
AFG,AFG.32_1,REST,0,0,0,0,0.0948,0.08994
AFG,AFG.34_1,REST,0,0,0,0,0,0
AFG,AFG.3_1,REST,0.1129,0.09753,0.08249,0.0678,0.05397,0.04134
AFG,AFG.4_1,REST,0,0.006327,0.006003,0.006165,0.03055,0.05864
AFG,AFG.9_1,REST,0,0,0,0,0,0
AGO,AGO.10_1,REST,0.03895,0.03732,0.03401,0.03186,0.02942,0.02868
AGO,AGO.11_1,REST,0.005415,0.004963,0.004619,0.004172,0.003764,0.008673
AGO,AGO.12_1,REST,15.36,13.57,11.77,10.01,8.28,6.648
AGO,AGO.13_1,REST,0.5558,0.6121,0.6423,0.6996,0.7574,0.8498
AGO,AGO.14_1,REST,0.2416,0.2415,0.2367,0.2467,0.263,0.2826
AGO,AGO.15_1,REST,1.094,1.154,1.242,1.312,1.374,1.453
AGO,AGO.16_1,REST,0.02302,0.02623,0.02715,0.02871,0.03155,0.03591
AGO,AGO.17_1,REST,3.433,3.488,3.371,3.436,3.462,3.573
AGO,AGO.18_1,REST,3.481,4.086,4.195,4.982,5.42,6.364
AGO,AGO.1_1,REST,0.04052,0.03811,0.03615,0.03638,0.03736,0.04516
AGO,AGO.2_1,REST,0.2882,0.3026,0.2994,0.3058,0.3258,0.3602
AGO,AGO.3_1,REST,1.691,1.649,1.616,1.579,1.572,1.641
AGO,AGO.4_1,REST,0.4096,0.4081,0.4053,0.4251,0.4147,0.4318
AGO,AGO.5_1,REST,0.6659,0.7339,0.7756,0.7943,0.9025,1.08
AGO,AGO.6_1,REST,6.279,7.46,7.65,7.671,7.91,9.728
AGO,AGO.7_1,REST,0.1175,0.1152,0.1102,0.1061,0.1033,0.1018
AGO,AGO.8_1,REST,0.1278,0.1466,0.1369,0.1335,0.1272,0.1288
AGO,AGO.9_1,REST,0.04264,0.04395,0.04534,0.04666,0.04801,0.05047
ALB,ALB.10_1,REST,0.002378,0.0021,0.001853,0.001606,0.001359,0.001112
ALB,ALB.11_1,REST,0.08155,0.07172,0.06194,0.05246,0.04342,0.03458
ALB,ALB.12_1,REST,0.05644,0.04892,0.04151,0.0342,0.02697,0.01974
ALB,ALB.1_1,REST,0.002749,0.001534,5.788e-4,7.28e-5,2.443e-5,4.13e-6
ALB,ALB.2_1,REST,0.1823,0.1523,0.1222,0.09384,0.06703,0.04022
ALB,ALB.3_1,REST,0.005883,0.004241,0.002629,0.001017,1.498e-4,5.824e-5
ALB,ALB.4_1,REST,0.02035,0.01274,0.005242,0.001183,7.229e-4,4.811e-4
ALB,ALB.5_1,REST,0.08075,0.07078,0.06157,0.05251,0.04367,0.03494
ALB,ALB.6_1,REST,0,0,0,0,0,0
ALB,ALB.7_1,REST,1.047,0.8888,0.736,0.5833,0.4305,0.2956
ALB,ALB.8_1,REST,2.691,2.247,1.821,1.395,0.9707,0.5471
ALB,ALB.9_1,REST,0,0,0.01346,0.01277,0.01208,0.01139
ARE,ARE.1_1,REST,0,0,0,0,0,0
ARE,ARE.4_1,REST,0,0,0,0,0,0
ARG,ARG.10_1,REST,0.03089,0.03483,0.03526,0.03432,0.03511,0.03527
ARG,ARG.11_1,REST,0.003998,0.00403,0.003977,0.005386,0.005066,0.005238
ARG,ARG.12_1,REST,0.04642,0.1093,0.0947,0.09793,0.1036,0.09667
ARG,ARG.13_1,REST,0.07911,0.06802,0.05695,0.04603,0.03529,0.02477
ARG,ARG.14_1,REST,5.333,5.408,5.31,5.134,5.051,4.966
ARG,ARG.15_1,REST,0.4014,0.3676,0.3303,0.2918,0.2502,0.2223
ARG,ARG.16_1,REST,0.09814,0.08828,0.08081,0.08296,0.07291,0.06473
ARG,ARG.17_1,REST,0.6023,0.6151,0.6372,0.6334,0.6213,0.6016
ARG,ARG.18_1,REST,0.2629,0.2269,0.191,0.1545,0.1217,0.08804
ARG,ARG.19_1,REST,0.004276,0.003856,0.003384,0.003065,0.002967,0.002621
ARG,ARG.1_1,REST,0.01941,0.01737,0.01523,0.01305,0.01074,0.008449
ARG,ARG.20_1,REST,0.7295,0.6352,0.5409,0.4466,0.3524,0.2581
ARG,ARG.21_1,REST,0.01269,0.01088,0.009104,0.00734,0.006011,0.004313
ARG,ARG.22_1,REST,0.002774,0.002584,0.002864,0.002905,0.002617,0.02467
ARG,ARG.24_1,REST,0.01299,0.01208,0.01149,0.01064,0.01037,0.009611
ARG,ARG.2_1,REST,0.1683,0.166,0.1619,0.153,0.1452,0.142
ARG,ARG.3_1,REST,0.05386,0.04633,0.0389,0.03145,0.02399,0.01655
ARG,ARG.4_1,REST,0.1325,0.117,0.101,0.0889,0.07319,0.05786
ARG,ARG.6_1,REST,0.02596,0.02244,0.01894,0.01546,0.01199,0.008541
ARG,ARG.7_1,REST,1.097,1.107,1.064,1.016,0.9646,1.074
ARG,ARG.8_1,REST,0.03771,0.03804,0.03893,0.04458,0.04735,0.0492
ARG,ARG.9_1,REST,0.005148,0.004704,0.004564,0.004054,0.004029,0.003527
ARM,ARM.10_1,REST,7.669,6.829,5.989,5.149,5.411,5.491
ARM,ARM.11_1,REST,0,0,0,0,0,0
ARM,ARM.1_1,REST,0.03674,0.03338,0.03002,0.02667,0.02331,0.01995
ARM,ARM.2_1,REST,0.006361,0.004903,0.003895,0.003139,0.002324,0.001606
ARM,ARM.3_1,REST,0,0,0,0,4.163e-5,3.949e-5
ARM,ARM.4_1,REST,0,0,0,0,0,0
ARM,ARM.5_1,REST,58.52,49.39,40.25,34.27,27.62,18.5
ARM,ARM.6_1,REST,0,0,0,0,0,0
ARM,ARM.7_1,REST,7.552,7.339,6.698,6.057,5.416,5.095
ARM,ARM.8_1,REST,0,0,0,0,0,0
ARM,ARM.9_1,REST,0,0,0,0,0,0
ATG,ATG.1_1,REST,0,0,0,0,0,0
ATG,ATG.3_1,REST,0,0,0,0,0,0
ATG,ATG.4_1,REST,0,0,0,0,0,0
ATG,ATG.5_1,REST,0,0,0,0,0,0
ATG,ATG.6_1,REST,0,0,0,0,0,0
ATG,ATG.7_1,REST,0,0,0,0,0,0
ATG,ATG.8_1,REST,0,0,0,0,0,0
AUS,AUS.10_1,REST,1.336,1.272,1.205,1.09,1.001,0.8999
AUS,AUS.11_1,REST,1.13,0.9682,0.8117,0.6539,0.5033,0.3499
AUS,AUS.2_1,REST,792.7,529.1,266,125.1,105.9,86.62
AUS,AUS.5_1,REST,3.039,3.113,3.231,3.322,3.5,3.615
AUS,AUS.6_1,REST,7.68,7.183,6.713,6.948,6.551,6.749
AUS,AUS.7_1,REST,0.8572,0.8931,0.9797,1.027,1.032,1.092
AUS,AUS.8_1,REST,0.4381,0.3806,0.3269,0.2707,0.2165,0.1672
AUS,AUS.9_1,REST,3.894,4.1,4.062,4.036,3.892,3.702
AUT,AUT.1_1,REST,0.02528,0.01933,0.01339,0.007676,0.002463,0
AUT,AUT.2_1,REST,0.03133,0.02495,0.01857,0.01264,0.007148,0.004163
AUT,AUT.3_1,REST,0.06004,0.05215,0.0445,0.03719,0.0305,0.0258
AUT,AUT.4_1,REST,0.02878,0.02388,0.02252,0.01843,0.01435,0.01185
AUT,AUT.5_1,REST,9.4840000000000007e-05,0,0,0,0,0
AUT,AUT.6_1,REST,0.03164,0.02107,0.01217,0.006197,0.002634,0.00127
AUT,AUT.7_1,REST,0.02186,0.01201,0.0067,0.005926,0.005152,0.004379
AUT,AUT.8_1,REST,0.06084,0.04215,0.02571,0.009982,0.002031,0.001854
AUT,AUT.9_1,REST,0.03029,0.0101,0,0,0,0
AZE,AZE.10_1,REST,0.00194,0.001518,0.001159,8.037e-4,4.496e-4,0.01519
AZE,AZE.1_1,REST,0.01062,0.005113,0.001989,8.051e-4,2.564e-4,1.981e-4
AZE,AZE.2_1,REST,0.07482,0.06247,0.05174,0.04203,0.03293,0.02424
AZE,AZE.3_1,REST,0.04706,0.03239,0.0191,0.00721,0.001181,0.001902
AZE,AZE.4_1,REST,0.002977,0.002476,0.002017,0.001588,0.001235,9.578e-4
AZE,AZE.5_1,REST,0.004067,0.003679,0.003292,0.002905,0.002518,0.00213
AZE,AZE.6_1,REST,3.966e-4,3.626e-4,3.451e-4,3.103e-4,4.634e-4,4.19e-4
AZE,AZE.7_1,REST,0,0,0,0,0,0
AZE,AZE.8_1,REST,0.06996,0.06317,0.05676,0.1075,0.125,0.135
AZE,AZE.9_1,REST,0.9895,0.9073,0.8162,0.9789,1.181,1.141
BDI,BDI.10_1,REST,3.521e-4,3.072e-4,2.624e-4,2.175e-4,1.726e-4,0.001135
BDI,BDI.11_1,REST,0,0,0,0,0,0
BDI,BDI.13_1,REST,0.2543,0.2253,0.1969,0.1688,0.1419,0.1186
BDI,BDI.15_1,REST,0.2592,0.1948,0.1328,0.1868,0.2888,0.2664
BDI,BDI.16_1,REST,0,0,0,0,0,0
BDI,BDI.17_1,REST,0.002922,0.002714,0.002506,0.002298,0.00209,0.002923
BDI,BDI.1_1,REST,0.6992,0.5458,0.3962,0.2815,0.2041,0.1367
BDI,BDI.5_1,REST,0.04192,0.04815,0.04419,0.04147,0.05088,0.05723
BDI,BDI.6_1,REST,0.5621,0.6326,0.67,0.7756,0.8165,0.9032
BDI,BDI.9_1,REST,0.1386,0.1105,0.08582,0.06249,0.04027,0.02572
BEL,BEL.2_1,REST,5.839e-4,3.224e-4,1.668e-4,8.776e-5,2.563e-5,1.113e-6
BEL,BEL.3_1,REST,7.621e-4,4.97e-4,3.181e-4,1.935e-4,9.385e-5,5.103e-5
BEN,BEN.10_1,REST,0.8518,0.7647,0.6979,0.6712,0.646,0.6585
BEN,BEN.11_1,REST,0.51,0.5278,0.5625,0.6892,0.6845,0.7397
BEN,BEN.12_1,REST,1.172,1.229,1.621,1.754,1.833,3.102
BEN,BEN.1_1,REST,0.5429,0.5887,0.6453,0.714,0.7188,0.7332
BEN,BEN.2_1,REST,7.738,8.132,9.059,10.47,11.39,11.72
BEN,BEN.3_1,REST,0.01147,0.006522,0.002795,9.322e-4,3.12e-4,1.359e-4
BEN,BEN.4_1,REST,9.991,10.58,13.82,16.6,18.73,20.71
BEN,BEN.5_1,REST,4.555,3.96,3.52,3.132,2.683,2.643
BEN,BEN.6_1,REST,21.07,24.29,32.97,40.21,47.95,53.44
BEN,BEN.7_1,REST,0.03971,0.03833,0.04089,0.04312,0.04969,0.1189
BEN,BEN.8_1,REST,0,0,0,0,0,0
BEN,BEN.9_1,REST,0.02002,0.01006,0.003227,8.191e-4,2.249e-4,1.319e-5
BFA,BFA.10_1,REST,0.04422,0.03981,0.03541,0.031,0.02659,0.02236
BFA,BFA.11_1,REST,0,0,0,0,0,0
BFA,BFA.13_1,REST,9.557,8.377,7.168,6.003,4.861,3.724
BFA,BFA.1_1,REST,0.6534,0.6255,0.6057,0.598,0.575,0.5449
BFA,BFA.2_1,REST,2.154,1.91,1.665,1.43,1.224,0.9898
BFA,BFA.3_1,REST,0.1292,0.1341,0.1349,0.3083,0.9406,1.077
BFA,BFA.4_1,REST,0,0,0,0,0.008033,0.007621
BFA,BFA.5_1,REST,0.779,0.762,0.7844,0.9632,1.228,1.558
BFA,BFA.6_1,REST,0.3541,0.3243,0.2978,0.2726,0.254,0.2501
BFA,BFA.7_1,REST,0,0,0,0,0,0
BFA,BFA.8_1,REST,0.5751,0.5919,0.6128,0.6408,0.9352,1.489
BFA,BFA.9_1,REST,0.472,0.4421,0.4185,0.3975,0.4031,0.405
BGD,BGD.1_1,REST,0.01435,0.08977,0.1389,0.3084,0.3749,0.4253
BGD,BGD.2_1,REST,25.71,28.08,29.27,31.05,32.13,32.08
BGD,BGD.3_1,REST,0.1617,0.1588,0.1672,0.201,0.2474,0.2804
BGD,BGD.4_1,REST,0.009201,0.01037,0.01019,0.02093,0.02471,0.02469
BGD,BGD.5_1,REST,0.01669,0.01259,0.009685,0.009308,0.01174,0.01024
BGD,BGD.6_1,REST,0.05381,0.04748,0.0459,0.04355,0.04515,0.04281
BGD,BGD.7_1,REST,1.439,1.469,1.603,1.737,1.784,1.942
BGD,BGD.8_1,REST,0.9822,0.9868,0.9556,0.9719,0.9077,0.8521
BGR,BGR.10_1,REST,1.255,1.047,0.8584,0.679,0.5095,0.3562
BGR,BGR.11_1,REST,0.02541,0.01905,0.01375,0.009497,0.007717,0.00659
BGR,BGR.12_1,REST,0.3565,0.3057,0.2549,0.2045,0.1545,0.1046
BGR,BGR.13_1,REST,0.4675,0.3675,0.2778,0.195,0.1183,0.04442
BGR,BGR.14_1,REST,0.007601,0.005095,0.003855,0.002706,0.001781,0.001246
BGR,BGR.15_1,REST,0.06511,0.05504,0.04501,0.03499,0.02498,0.01499
BGR,BGR.16_1,REST,0.992,0.8477,0.7055,0.5656,0.4261,0.2868
BGR,BGR.17_1,REST,0.06522,0.06064,0.04195,0.02325,0.01635,0.01526
BGR,BGR.18_1,REST,2.918,2.55,2.183,1.816,1.449,1.083
BGR,BGR.19_1,REST,0.1479,0.124,0.1051,0.08675,0.06921,0.05273
BGR,BGR.1_1,REST,0.4216,0.3075,0.2138,0.542,0.6146,0.5624
BGR,BGR.21_1,REST,0.8013,0.6407,0.4807,0.3476,0.2151,0.1364
BGR,BGR.22_1,REST,0.284,0.2367,0.2278,0.1931,0.1672,0.1446
BGR,BGR.23_1,REST,0,0,0,0,0,0
BGR,BGR.24_1,REST,0.2535,0.2296,0.1633,0.09447,0.05773,0.05414
BGR,BGR.25_1,REST,1.143,0.9786,0.8143,0.6502,0.4862,0.3222
BGR,BGR.26_1,REST,0.09914,0.07159,0.05113,0.03068,0.01023,0
BGR,BGR.27_1,REST,0.06874,0.05155,0.03843,0.02577,0.01406,0.006138
BGR,BGR.28_1,REST,0.1288,0.09769,0.0761,0.05551,0.04679,0.03392
BGR,BGR.2_1,REST,0.5361,0.4499,0.378,0.3063,0.2426,0.1791
BGR,BGR.3_1,REST,0.1384,0.05474,0.01428,0.007213,0.002423,2.273e-5
BGR,BGR.4_1,REST,2.432,2.026,1.62,1.221,0.8297,0.438
BGR,BGR.5_1,REST,1.003,0.6477,0.2922,0.06075,0.004344,0.1015
BGR,BGR.6_1,REST,0.1701,0.1406,0.1249,0.1112,0.09926,0.09255
BGR,BGR.7_1,REST,0.1056,0.07545,0.04527,0.01509,0,0
BGR,BGR.8_1,REST,2.792,2.227,1.705,1.183,0.7844,0.543
BGR,BGR.9_1,REST,1.171,0.9443,0.7584,0.5741,0.4053,0.2549
BHR,BHR.4_1,REST,0,0,0,0,0,0
BHS,BHS.16_1,REST,0,0,0,0,0,0
BIH,BIH.1_1,REST,0.03686,0.04519,0.04366,0.05424,0.05033,0.04646
BIH,BIH.2_1,REST,0.2557,0.236,0.2176,0.2025,0.3684,0.3486
BIH,BIH.3_1,REST,0.1742,0.1837,0.1848,0.1882,0.1818,0.1677
BLR,BLR.1_1,REST,0.101,0.1045,0.09796,0.09111,0.08522,0.08086
BLR,BLR.2_1,REST,0.0214,0.01792,0.01511,0.01252,0.01125,0.009849
BLR,BLR.3_1,REST,0.1557,0.1517,0.1508,0.1412,0.136,0.1274
BLR,BLR.4_1,REST,0.04095,0.0376,0.03645,0.03511,0.03233,0.03229
BLR,BLR.5_1,REST,0.09604,0.1044,0.09825,0.1025,0.0967,0.09597
BLR,BLR.6_1,REST,0.08458,0.07822,0.09052,0.08409,0.08095,0.07941
BLR,BLR.7_1,REST,0.1237,0.1159,0.113,0.1045,0.096,0.08816
BLZ,BLZ.1_1,REST,1.808,1.176,0.6854,0.3573,0.1468,0.05425
BLZ,BLZ.2_1,REST,0.1661,0.1524,0.1395,0.1433,0.1819,0.2108
BLZ,BLZ.3_1,REST,0.1063,0.07038,0.04292,0.02115,0.00584,0
BLZ,BLZ.4_1,REST,0.6601,0.466,0.3044,0.1747,0.05718,0.001009
BLZ,BLZ.5_1,REST,0.00345,0.002461,0.001643,0.001034,5.522e-4,2.749e-4
BLZ,BLZ.6_1,REST,5.077,5.037,4.968,4.911,5.474,5.494
BOL,BOL.1_1,REST,73.86,75.95,85.07,86.68,87.42,86.16
BOL,BOL.2_1,REST,9.048,8.561,8.159,7.863,7.769,8.11
BOL,BOL.3_1,REST,40.12,42.08,46.19,53.79,57.47,57.4
BOL,BOL.4_1,REST,82.93,52.45,29.31,13.24,3.744,0.8482
BOL,BOL.6_1,REST,42.54,44.15,44.82,42.85,43.7,43.32
BOL,BOL.7_1,REST,1.218,1.076,0.9341,0.7927,0.6528,0.5141
BOL,BOL.8_1,REST,1.472,1.299,1.168,1.014,0.8452,0.6654
BOL,BOL.9_1,REST,3.44,3.473,3.845,3.956,3.965,4.013
BRA,BRA.10_1,REST,243.7,224.5,207.6,196.1,184.6,170.1
BRA,BRA.11_1,REST,54.32,54.35,59.85,63.78,71.79,82.44
BRA,BRA.12_1,REST,124,87.23,57.18,34.9,21.41,16.08
BRA,BRA.13_1,REST,0.6088,0.4927,0.4068,0.3423,0.3039,0.2965
BRA,BRA.14_1,REST,14.81,13.68,12.6,11.85,10.84,9.846
BRA,BRA.15_1,REST,9.585,8.938,8.4,7.707,6.856,6.078
BRA,BRA.16_1,REST,0.5895,0.5941,0.5944,0.5784,0.5736,0.5549
BRA,BRA.17_1,REST,2.197,1.958,1.771,1.543,1.338,1.183
BRA,BRA.18_1,REST,136.3,130.8,132.9,146.3,142.5,138
BRA,BRA.19_1,REST,0.1813,0.1661,0.1638,0.1584,0.1733,0.1781
BRA,BRA.1_1,REST,13.84,12.68,12.22,11.18,10.27,9.385
BRA,BRA.20_1,REST,19.69,17.51,15.17,12.98,10.64,8.577
BRA,BRA.21_1,REST,0.4716,0.4975,0.5101,0.5081,0.5119,0.5092
BRA,BRA.22_1,REST,31.26,29.89,27.98,26.16,24.46,22.59
BRA,BRA.23_1,REST,0.7381,0.4641,0.275,0.1619,0.09691,0.07012
BRA,BRA.24_1,REST,1.568,1.67,1.799,1.898,1.951,1.996
BRA,BRA.25_1,REST,0.0413,0.05141,0.05279,0.05976,0.06421,0.06634
BRA,BRA.26_1,REST,0.03836,0.02725,0.01888,0.013,0.009343,0.007498
BRA,BRA.27_1,REST,115.9,101.3,89.97,81.27,72.45,63.93
BRA,BRA.2_1,REST,0.2478,0.1989,0.1691,0.141,0.126,0.1117
BRA,BRA.3_1,REST,2.635,1.642,0.9155,0.4717,0.2003,0.09663
BRA,BRA.4_1,REST,175.8,207.1,257.3,272.2,287.9,299.6
BRA,BRA.5_1,REST,6.328,6.057,5.908,5.978,5.848,5.746
BRA,BRA.6_1,REST,12.85,12.51,11.95,11.62,10.96,10.24
BRA,BRA.7_1,REST,0.01322,0.008833,0.005366,0.002866,0.001169,4.192e-4
BRA,BRA.8_1,REST,6.787,6.549,6.455,6.324,6.39,6.66
BRA,BRA.9_1,REST,0.7634,0.7053,0.6875,0.6826,0.6425,0.6177
BRB,BRB.10_1,REST,0,0,0,0,0,0
BRB,BRB.11_1,REST,0,0,0,0,0,0
BRB,BRB.1_1,REST,0,0,0,0,0,0
BRB,BRB.2_1,REST,0,0,0,0,0,0
BRB,BRB.3_1,REST,0,0,0,0,0,0
BRB,BRB.4_1,REST,0,0,0,0,0,0
BRB,BRB.5_1,REST,0,0,0,0,0,0
BRB,BRB.6_1,REST,0,0,0,0,0,0
BRB,BRB.7_1,REST,0,0,0,0,0,0
BRB,BRB.8_1,REST,0,0,0,0,0,0
BRB,BRB.9_1,REST,0,0,0,0,0,0
BRN,BRN.1_1,REST,431.4,394.9,354.7,313.9,273.2,232.5
BRN,BRN.2_1,REST,124.3,112.4,101.7,89.45,80.48,68.12
BRN,BRN.3_1,REST,56.04,49.93,62.43,55.29,47.5,38.65
BRN,BRN.4_1,REST,52.13,43.09,34.66,27.39,21.57,17.23
BTN,BTN.10_1,REST,27.26,27.53,28.34,27.25,25.44,24.23
BTN,BTN.11_1,REST,3.421,3.469,3.461,3.432,3.373,3.23
BTN,BTN.12_1,REST,1.754,1.748,1.611,1.585,1.482,1.521
BTN,BTN.13_1,REST,1.105,2.6,3.636,3.796,3.876,3.732
BTN,BTN.15_1,REST,11.92,11.15,11.43,11.35,12.27,11.59
BTN,BTN.16_1,REST,57.26,59.63,57.06,55.17,52.09,49.96
BTN,BTN.17_1,REST,12.32,11.89,10.98,10.03,8.989,7.998
BTN,BTN.18_1,REST,39.15,41.77,55.86,55.76,53.68,53.38
BTN,BTN.19_1,REST,50.52,54.22,68.75,65.22,63.74,65.07
BTN,BTN.1_1,REST,2.226,2.099,9.802,9.273,8.744,8.216
BTN,BTN.20_1,REST,124.9,134.5,135.6,193.1,196.2,202.5
BTN,BTN.2_1,REST,2.24,2.563,2.676,2.653,2.903,3.335
BTN,BTN.3_1,REST,18.35,20.24,19.6,20.8,21.4,20.75
BTN,BTN.4_1,REST,0,0,0,0,0,0
BTN,BTN.5_1,REST,0.06203,0.1613,0.1522,0.1432,0.1341,1.268
BTN,BTN.6_1,REST,6.595,6.624,6.383,9.22,9.109,8.841
BTN,BTN.7_1,REST,40.95,42.72,44.18,46.32,47.75,49.2
BTN,BTN.8_1,REST,637.4,556.1,474.7,398.5,329.7,263.4
BTN,BTN.9_1,REST,10,9.911,9.439,9.505,9.092,8.557
BWA,BWA.11_1,REST,0.01445,0.01301,0.01157,0.05727,0.06048,0.06666
BWA,BWA.14_1,REST,0,0,0,0,0,0
BWA,BWA.15_1,REST,0,0,0,0,0,0
BWA,BWA.1_1,REST,0.003595,0.003253,0.00291,0.002568,0.003821,0.003397
BWA,BWA.2_1,REST,3.1,2.852,2.604,2.356,2.108,1.86
BWA,BWA.3_1,REST,0,0,0,0,0,0
BWA,BWA.4_1,REST,0,0,0,0,0,0
BWA,BWA.8_1,REST,0,0,0,0,0,0
BWA,BWA.9_1,REST,0,0,0,0,0,0
CAF,CAF.10_1,REST,1.183,1.015,0.8721,0.7325,0.6553,0.5817
CAF,CAF.11_1,REST,23.62,26.99,27.55,30.11,32.93,35.83
CAF,CAF.12_1,REST,63.63,83.83,94.37,90.94,96.25,128.8
CAF,CAF.13_1,REST,19.45,20.27,20.64,22.09,24.09,26.57
CAF,CAF.14_1,REST,1.064,1.141,1.091,1.072,1.199,1.29
CAF,CAF.15_1,REST,0.8699,0.8028,0.7892,0.8062,0.8629,0.8646
CAF,CAF.16_1,REST,237.8,274.5,275.5,285.8,291.4,318
CAF,CAF.17_1,REST,0.5443,0.3849,0.2478,0.1293,0.04617,0.02713
CAF,CAF.1_1,REST,1.587,1.67,1.815,2.027,2.603,2.84
CAF,CAF.2_1,REST,25.82,22.27,19.08,16.04,13.04,10.23
CAF,CAF.3_1,REST,27.66,32.64,32.44,32.9,34.95,37.69
CAF,CAF.4_1,REST,217.6,150.5,95.49,48.19,16.75,5.971
CAF,CAF.5_1,REST,16.56,17.32,17.33,17.26,17.34,18.22
CAF,CAF.6_1,REST,13.74,14.26,14.81,16.67,17.62,18.28
CAF,CAF.7_1,REST,342.1,417.8,461.1,475.9,506.4,546.4
CAF,CAF.8_1,REST,164.2,196.1,204.4,235.4,233.5,263.9
CAF,CAF.9_1,REST,136.5,144,148.1,156.3,155.6,169.1
CAN,CAN.10_1,REST,0,0,0,0,0,0
CAN,CAN.11_1,REST,0.8267,0.7476,0.6664,0.5723,0.4814,0.3883
CAN,CAN.12_1,REST,9.851,6.039,3.01,0.9437,0,0
CAN,CAN.1_1,REST,0,0,0,0,0,0
CAN,CAN.2_1,REST,0,0,0,0,0,0
CAN,CAN.3_1,REST,0,0,0,0,0,0
CAN,CAN.4_1,REST,0,0,0,0,0,0
CAN,CAN.5_1,REST,0,0,0,0,0,0
CAN,CAN.7_1,REST,0,0,0,0,0,0
CAN,CAN.9_1,REST,0.07407,0.07313,0.07129,0.06707,0.0617,0.05751
CHE,CHE.10_1,REST,57.59,43.47,30.11,16.74,5.029,0
CHE,CHE.11_1,REST,0,0,0,0,0,0
CHE,CHE.12_1,REST,0.02942,0.02774,0.02606,0.02437,0.02269,0.02101
CHE,CHE.13_1,REST,0,0,0,0,0,0
CHE,CHE.16_1,REST,0.1,0.09163,0.08322,0.0748,0.06766,0.06177
CHE,CHE.1_1,REST,0.06357,0.05602,0.04848,0.04093,0.03423,0.02849
CHE,CHE.20_1,REST,0.08361,0.06731,0.05181,0.03632,0.02123,0.006941
CHE,CHE.21_1,REST,0.6823,0.484,0.2984,0.1207,0.01887,0.005242
CHE,CHE.23_1,REST,0,0,0,0,0,0
CHE,CHE.24_1,REST,0.1138,0.1065,0.09942,0.0938,0.08639,0.0791
CHE,CHE.25_1,REST,0.1107,0.09748,0.08425,0.07102,0.0578,0.04457
CHE,CHE.6_1,REST,0.3367,0.2958,0.2548,0.2139,0.1729,0.1408
CHE,CHE.7_1,REST,0.0305,0.02743,0.02437,0.02463,0.02143,0.01831
CHE,CHE.8_1,REST,0,0,0,0,0,0
CHL,CHL.10_1,REST,66.13,63.58,62.09,61.35,58.94,55.65
CHL,CHL.11_1,REST,5.473,4.997,4.521,4.046,3.57,3.094
CHL,CHL.12_1,REST,0.1134,0.1219,0.1226,0.1232,0.1191,0.1131
CHL,CHL.13_1,REST,0.2273,0.2613,0.2672,0.2791,0.2833,0.275
CHL,CHL.14_1,REST,0.2932,0.2706,0.2712,0.2594,0.229,0.1993
CHL,CHL.16_1,REST,0.9488,1.026,1.113,1.072,1.097,1.033
CHL,CHL.1_1,REST,46.47,48.14,45.95,46.96,54.23,49.58
CHL,CHL.3_1,REST,21.21,21.25,22.2,21.46,21.66,21.24
CHL,CHL.5_1,REST,4.261,3.606,32.15,30,39.76,48.87
CHL,CHL.6_1,REST,0.4178,0.4146,0.4035,0.437,0.4267,0.4179
CHL,CHL.7_1,REST,0.7136,0.67490000000000006,0.9509,0.9195,1.048,0.9506
CHL,CHL.8_1,REST,0.07052,0.07031,0.0686,0.07201,0.06888,0.06471
CHL,CHL.9_1,REST,36.29,40.93,44.2,44.67,45.21,45.25
CHN,CHN.10_1,REST,0.00388,0.00403,0.003874,0.00382,0.003914,0.003994
CHN,CHN.11_1,REST,0.2387,0.2089,0.1792,0.1514,0.1254,0.1021
CHN,CHN.12_1,REST,5.059e-4,4.977e-4,4.795e-4,4.72e-4,4.506e-4,4.645e-4
CHN,CHN.13_1,REST,0.007601,0.007485,0.007582,0.007883,0.008796,0.01066
CHN,CHN.14_1,REST,0.01446,0.01337,0.01231,0.01138,0.01059,0.009931
CHN,CHN.15_1,REST,0.004327,0.003969,0.003512,0.003108,0.002733,0.002216
CHN,CHN.16_1,REST,0.04052,0.03701,0.03355,0.02883,0.02471,0.02146
CHN,CHN.17_1,REST,0.5143,0.4989,0.5185,0.5087,0.497,0.4854
CHN,CHN.18_1,REST,0.01885,0.0173,0.01591,0.01411,0.01311,0.0133
CHN,CHN.19_1,REST,0.01349,0.01046,0.009151,0.00911,0.009277,0.009026
CHN,CHN.1_1,REST,0.04136,0.04513,0.04959,0.04911,0.04913,0.049
CHN,CHN.20_1,REST,4.55e-4,3.768e-4,3.192e-4,5.365e-4,4.865e-4,0.001739
CHN,CHN.21_1,REST,0.06583,0.0601,0.05438,0.04866,0.04293,0.03721
CHN,CHN.22_1,REST,0.05583,0.05812,0.06585,0.08289,0.09835,0.125
CHN,CHN.23_1,REST,5.108e-4,7.78e-4,0.001412,0.001644,0.002242,0.002533
CHN,CHN.24_1,REST,4.096e-5,3.531e-5,2.966e-5,2.401e-5,1.836e-5,1.271e-5
CHN,CHN.25_1,REST,0.03253,0.03131,0.02924,0.03555,0.04006,0.04187
CHN,CHN.26_1,REST,0.02977,0.02937,0.03064,0.03084,0.03236,0.03494
CHN,CHN.27_1,REST,0.01926,0.01683,0.01442,0.01209,0.009748,0.007415
CHN,CHN.28_1,REST,0.003947,0.003253,0.002564,0.00227,0.00183,0.001405
CHN,CHN.29_1,REST,0.1584,0.1493,0.1442,0.1316,0.1212,0.1166
CHN,CHN.2_1,REST,0.005497,0.004832,0.004209,0.003605,0.002977,0.002371
CHN,CHN.30_1,REST,2.858,2.852,2.906,3.033,3.212,3.5
CHN,CHN.31_1,REST,0.1664,0.1578,0.1535,0.1461,0.1369,0.1288
CHN,CHN.3_1,REST,0.01652,0.0183,0.01962,0.022,0.02674,0.03071
CHN,CHN.4_1,REST,0.09176,0.09033,0.1016,0.09835,0.09458,0.09975
CHN,CHN.5_1,REST,0.2998,0.2745,0.2485,0.2251,0.2011,0.1782
CHN,CHN.6_1,REST,0.2051,0.1884,0.1759,0.1608,0.1421,0.1232
CHN,CHN.7_1,REST,0.09192,0.08839,0.08628,0.08396,0.08208,0.07947
CHN,CHN.8_1,REST,0.162,0.1662,0.1712,0.1676,0.1626,0.1656
CHN,CHN.9_1,REST,6.704,7.297,7.898,8.404,9.157,9.962
CIV,CIV.10_1,REST,17.43,17.69,17.59,18.99,19.58,19.58
CIV,CIV.11_1,REST,6.851,7.357,7.427,8.23,8.599,9.086
CIV,CIV.12_1,REST,31.8,32.45,31.83,31.77,31.36,31.24
CIV,CIV.13_1,REST,10.49,10.46,9.873,9.184,8.754,7.862
CIV,CIV.14_1,REST,4.225,3.916,3.641,3.655,3.562,3.729
CIV,CIV.1_1,REST,82.5,78.31,74.81,73.01,70.92,69.27
CIV,CIV.2_1,REST,18.62,15.9,13.5,11.38,9.378,7.476
CIV,CIV.3_1,REST,33.24,30.3,27.71,25.01,22.42,19.95
CIV,CIV.4_1,REST,21.95,23.95,25.29,27.5,28.63,29.78
CIV,CIV.5_1,REST,4.246,3.738,3.286,2.89,2.479,2.222
CIV,CIV.6_1,REST,6.657,5.815,4.997,4.215,3.45,2.765
CIV,CIV.7_1,REST,12.15,11.79,11.54,11.54,11.56,11.55
CIV,CIV.8_1,REST,467.4,449.4,437.1,413.3,387.9,364.5
CIV,CIV.9_1,REST,3.375,2.913,2.48,2.078,1.684,1.302
CMR,CMR.10_1,REST,7231,8198,9520,10030,11310,11480
CMR,CMR.1_1,REST,74.37,89.36,98.13,117.4,128.4,148.2
CMR,CMR.2_1,REST,2325,2564,2715,3045,3260,3527
CMR,CMR.3_1,REST,3165,3688,3959,5004,5314,6140
CMR,CMR.4_1,REST,0.01235,0.009687,0.008533,0.009891,0.01067,0.01583
CMR,CMR.5_1,REST,161.4,175.6,181.1,193.2,196.4,202.6
CMR,CMR.6_1,REST,32.68,32.54,32.26,33.05,34.05,35.03
CMR,CMR.7_1,REST,0.5713,0.5978,0.6682,0.7403,0.8386,0.9377
CMR,CMR.8_1,REST,69.06,79.9,89.73,113.1,135.3,163.4
CMR,CMR.9_1,REST,27.04,27.2,27.54,28.66,29.86,30.21
COD,COD.10_1,REST,230,218.1,200.9,190.9,177.7,167
COD,COD.11_1,REST,119.1,131.1,130.2,145.6,151.4,156.7
COD,COD.12_1,REST,90.77,101.3,106.2,114.5,126.3,139.9
COD,COD.13_1,REST,240.7,262.5,286.1,314.3,344.3,374.6
COD,COD.14_1,REST,12.93,13.31,13.06,13.55,17.84,19.73
COD,COD.15_1,REST,13.51,13.63,13.71,13.85,14.91,16.01
COD,COD.16_1,REST,336,339.3,344.1,381.9,407.6,412.3
COD,COD.17_1,REST,234.6,249.4,254.4,265.1,284.5,287.7
COD,COD.18_1,REST,2694,2352,2031,1721,1429,1134
COD,COD.19_1,REST,42.21,34.38,27.56,21.58,16.4,12.28
COD,COD.1_1,REST,289,278.4,274.9,276.4,273.1,274.8
COD,COD.20_1,REST,99.19,106.4,108.5,110.1,114.6,119.9
COD,COD.21_1,REST,392.5,412.7,425.7,428.6,430.8,432.1
COD,COD.22_1,REST,10.2,9.217,8.403,8.108,8.006,7.724
COD,COD.23_1,REST,180.9,191.5,197.5,205.5,214.2,219.2
COD,COD.24_1,REST,29.42,25.82,22.74,21.92,20.42,18.59
COD,COD.25_1,REST,777.6,786.6,802,806.7,799.5,775.1
COD,COD.2_1,REST,780.3,745.6,720.5,708.9,779.4,797.9
COD,COD.3_1,REST,7.688,7.742,7.637,7.736,8.065,8.481
COD,COD.4_1,REST,6.304,5.828,5.39,4.999,5.188,5.374
COD,COD.5_1,REST,378,385.9,420,452.1,469.9,485.5
COD,COD.6_1,REST,52.64,54.03,55.56,55.49,56.68,58.98
COD,COD.7_1,REST,165.8,187.9,204.3,221.4,234.2,242.5
COD,COD.8_1,REST,17.03,17.66,17.51,18.22,20.71,22.3
COD,COD.9_1,REST,275.1,292.7,319.6,341.7,353.7,379.6
COG,COG.11_1,REST,10.73,11.94,12.07,12.72,12.86,14.37
COG,COG.12_1,REST,227.9,235.1,239.6,240.9,248.2,246.9
COG,COG.1_1,REST,1.596,1.487,1.442,1.444,1.462,1.42
COG,COG.2_1,REST,0,0,0,0,0,0
COG,COG.3_1,REST,14.78,14.57,14.14,14.57,15.13,15.9
COG,COG.4_1,REST,71.17,73.07,77.14,80.62,81.62,80.45
COG,COG.5_1,REST,9.25,8.296,7.882,7.439,7.803,7.007
COG,COG.6_1,REST,25.48,23.3,22.02,21.29,20.54,19.41
COG,COG.7_1,REST,201.5,205,213.4,213.1,216.7,210.5
COG,COG.8_1,REST,16.91,15.7,14.79,15.27,14.73,13.54
COG,COG.9_1,REST,53.73,57.83,62.43,70.7,85.06,88.12
COL,COL.10_2,REST,6.582,6.755,7.054,7.14,7.583,7.726
COL,COL.11_2,REST,0.2092,0.2177,0.2413,0.2341,0.2338,0.2344
COL,COL.12_2,REST,0.07868,0.08299,0.1016,0.1627,0.2835,0.3291
COL,COL.13_2,REST,11.22,11.66,12.83,13.62,13.36,13.01
COL,COL.14_2,REST,23.52,23.9,24.24,25.75,26.36,27.5
COL,COL.15_2,REST,0.1213,0.1186,0.1127,0.1159,0.1224,0.116
COL,COL.16_2,REST,301.4,323.3,342.5,351.3,349.3,353.5
COL,COL.17_2,REST,556.2,619.1,721.1,777.7,785.2,796.2
COL,COL.18_2,REST,0.004213,0.002694,0.001612,8.705e-4,3.454e-4,1.375e-4
COL,COL.19_2,REST,2.059,1.938,1.882,1.916,1.785,1.734
COL,COL.1_2,REST,139.3,130.8,129.4,130.1,125.1,117.3
COL,COL.20_2,REST,0.6569,0.6948,0.7557,0.8107,0.8772,0.8935
COL,COL.21_2,REST,7.932,9.152,10.46,11.22,11.99,12.43
COL,COL.22_2,REST,0.04952,0.06133,0.06622,0.06566,0.06309,0.06425
COL,COL.23_2,REST,0.02616,0.02459,0.02321,0.02155,0.02055,0.02199
COL,COL.24_2,REST,206.1,229.4,276.5,277.6,279.9,287.8
COL,COL.25_2,REST,0.03517,0.03257,0.03004,0.02939,0.02836,0.02635
COL,COL.26_2,REST,0.01921,0.01992,0.01935,0.0188,0.01814,0.0199
COL,COL.28_2,REST,1.802,1.88,1.904,1.954,1.994,2.018
COL,COL.29_2,REST,1.874,1.976,2.019,2.142,2.157,2.131
COL,COL.2_2,REST,1.114,1.131,1.159,1.221,1.275,1.278
COL,COL.30_2,REST,0.9462,0.9164,0.8996,0.9407,0.9643,0.9783
COL,COL.31_2,REST,0.06419,0.05864,0.05295,0.04734,0.04308,0.03706
COL,COL.32_2,REST,3914,3966,4129,4447,4661,4614
COL,COL.33_2,REST,25.54,27.65,29.92,30.17,29.62,28.98
COL,COL.3_2,REST,0.1512,0.1583,0.1576,0.1621,0.1638,0.1646
COL,COL.4_2,REST,0.2011,0.2158,0.2333,0.2633,0.2667,0.268
COL,COL.5_2,REST,0.06027,0.05226,0.04425,0.03624,0.02823,0.02022
COL,COL.6_2,REST,23.06,24.82,26.14,27.04,27.5,26.78
COL,COL.7_2,REST,0.09519,0.1034,0.1124,0.1177,0.1171,0.1154
COL,COL.8_2,REST,1.125,1.186,1.239,1.298,1.336,1.375
COL,COL.9_2,REST,15.05,15.62,16.68,16.49,17.46,17.67
CRI,CRI.1_1,REST,0.1092,0.09481,0.08069,0.06694,0.05346,0.04014
CRI,CRI.2_1,REST,0.01519,0.01247,0.009976,0.007731,0.005666,0.003868
CRI,CRI.3_1,REST,0.2539,0.2181,0.1842,0.1508,0.1184,0.08877
CRI,CRI.4_1,REST,6.826,6.074,5.273,4.524,3.717,2.927
CRI,CRI.5_1,REST,0.1167,0.102,0.08726,0.07256,0.05786,0.04317
CRI,CRI.6_1,REST,0.2345,0.212,0.1963,0.1892,0.1874,0.1975
CRI,CRI.7_1,REST,0.01998,0.01662,0.01367,0.01099,0.008457,0.006085
CUB,CUB.10_1,REST,0,0,0,0,0,0
CUB,CUB.11_1,REST,0,0,0,0,0,0
CUB,CUB.12_1,REST,0,0,0,0,0,0
CUB,CUB.13_1,REST,0,0,0,0,0,0
CUB,CUB.14_1,REST,0,0,0,0,0,0
CUB,CUB.15_1,REST,0,0,0,0,0,0
CUB,CUB.16_1,REST,0,0,0,0,0,0
CUB,CUB.1_1,REST,0,0,0,0,0,0
CUB,CUB.2_1,REST,0,0,0,0,0,0
CUB,CUB.3_1,REST,0,0,0,0,0,0
CUB,CUB.4_1,REST,0,0,0,0,0,0
CUB,CUB.5_1,REST,0,0,0,0,0,0
CUB,CUB.6_1,REST,0,0,0,0,0,0
CUB,CUB.7_1,REST,0,0,0,0,0,0
CUB,CUB.8_1,REST,0,0,0,0,0,0
CUB,CUB.9_1,REST,0,0,0,0,0,0
CYP,CYP.1_1,REST,0.01131,0.01062,0.00993,0.009239,0.008548,0.007857
CYP,CYP.4_1,REST,0.002672,0.001108,3.181e-4,0,0,0
CYP,CYP.5_1,REST,0.003011,0.002589,0.002167,0.001745,0.001322,0.001065
CZE,CZE.10_1,REST,0.7808,0.5182,0.2804,0.1407,0.08992,0.06065
CZE,CZE.11_1,REST,0,0,0,0,0,0
CZE,CZE.12_1,REST,0.03287,0.02753,0.02314,0.01856,0.01501,0.01303
CZE,CZE.13_1,REST,0.04181,0.03794,0.03128,0.02451,0.01893,0.01464
CZE,CZE.14_1,REST,0.2429,0.1927,0.1536,0.1091,0.06678,0.04315
CZE,CZE.1_1,REST,0.6488,0.658,0.6869,0.7051,0.6535,0.6516
CZE,CZE.2_1,REST,0.1468,0.1201,0.1012,0.08673,0.07358,0.06393
CZE,CZE.3_1,REST,0.0209,0.01971,0.01853,0.01734,0.03293,0.03089
CZE,CZE.4_1,REST,0.1938,0.1964,0.1835,0.1706,0.1576,0.1447
CZE,CZE.5_1,REST,0.05058,0.04631,0.0421,0.03788,0.03427,0.03127
CZE,CZE.6_1,REST,0.1456,0.1379,0.1292,0.1868,0.1747,0.1625
CZE,CZE.7_1,REST,0.6414,0.4763,0.34,0.2417,0.136,0.09867
CZE,CZE.8_1,REST,0.02656,0.02028,0.014,0.0077210000000000004,0.003383,0.001655
CZE,CZE.9_1,REST,0.05885,0.05251,0.0469,0.04201,0.03716,0.0333
DEU,DEU.10_1,REST,0.1277,0.1089,0.09064,0.07267,0.0609,0.04352
DEU,DEU.11_1,REST,0.1061,0.08906,0.07221,0.05642,0.04252,0.03154
DEU,DEU.12_1,REST,0,0,0,0,0,0
DEU,DEU.13_1,REST,0.1908,0.1677,0.1439,0.1203,0.1021,0.08036
DEU,DEU.14_1,REST,0.04569,0.04163,0.03812,0.03469,0.03132,0.02803
DEU,DEU.15_1,REST,0.0132,0.01013,0.007212,0.00434,0.001469,2.874e-5
DEU,DEU.16_1,REST,0,0,0,0,0,0
DEU,DEU.1_1,REST,0.1323,0.1284,0.1142,0.1033,0.1009,0.09017
DEU,DEU.2_1,REST,0.1708,0.1599,0.1451,0.1303,0.139,0.1256
DEU,DEU.4_1,REST,0.09264,0.0826,0.07256,0.06252,0.05274,0.04325
DEU,DEU.5_1,REST,0,0,0,0,0,0
DEU,DEU.6_1,REST,0,0,0,0,0,0
DEU,DEU.7_1,REST,1.425,1.23,1.06,0.8885,0.7044,0.5318
DEU,DEU.8_1,REST,0,0,0,0,0,0
DEU,DEU.9_1,REST,0.2159,0.1707,0.1284,0.08976,0.0591,0.03766
DMA,DMA.10_1,REST,1.496,1.403,1.334,1.24,1.146,1.056
DMA,DMA.1_1,REST,2.736,2.565,2.395,2.229,2.065,1.899
DMA,DMA.2_1,REST,0.0499,0.04257,0.03527,0.0282,0.02196,0.01648
DMA,DMA.3_1,REST,0.137,0.1267,0.1163,0.106,0.09641,0.08766
DMA,DMA.4_1,REST,6.037,5.675,5.311,4.945,4.588,4.23
DMA,DMA.5_1,REST,4.153,3.929,3.684,3.436,3.209,2.975
DMA,DMA.6_1,REST,0.5123,0.4813,0.4502,0.4192,0.3881,0.3571
DMA,DMA.8_1,REST,0.8409,0.7857,0.731,0.6766,0.6237,0.5732
DMA,DMA.9_1,REST,3.316,3.318,3.108,3.099,2.879,2.663
DNK,DNK.2_1,REST,0.00144,9.469e-4,5.9e-4,3.029e-4,8.871e-5,0
DNK,DNK.3_1,REST,8.422e-4,6.178e-4,4.172e-4,2.276e-4,6.907e-5,0
DNK,DNK.5_1,REST,7.066e-4,4.573e-4,3.431e-4,2.537e-4,1.883e-4,1.402e-4
DOM,DOM.10_1,REST,0.463,0.3981,0.3348,0.2722,0.2102,0.1489
DOM,DOM.11_1,REST,0.1177,0.1207,0.1161,0.1122,0.1061,0.1032
DOM,DOM.12_1,REST,0.1789,0.1532,0.1281,0.1038,0.08056,0.05849
DOM,DOM.13_1,REST,0.08458,0.07926,0.08286,0.07658,0.07142,0.06705
DOM,DOM.14_1,REST,0.145,0.1361,0.1287,0.1266,0.1216,0.1203
DOM,DOM.15_1,REST,0.5687,0.5969,0.5925,0.6099,0.5988,0.6545
DOM,DOM.16_1,REST,0.1564,0.1574,0.1288,0.1093,0.09524,0.08682
DOM,DOM.17_1,REST,0.185,0.1965,0.1897,0.189,0.1951,0.2011
DOM,DOM.18_1,REST,0.04894,0.04149,0.03475,0.03132,0.02931,0.02854
DOM,DOM.19_1,REST,8.774,7.58,6.393,5.213,4.038,2.871
DOM,DOM.1_1,REST,0.5198,0.452,0.3845,0.3181,0.2529,0.1893
DOM,DOM.20_1,REST,0.4929,0.5242,0.5065,0.5218,0.5134,0.5335
DOM,DOM.21_1,REST,0.0415,0.03391,0.0276,0.02249,0.02025,0.02574
DOM,DOM.22_1,REST,0.01769,0.01635,0.01505,0.02423,0.02245,0.02068
DOM,DOM.23_1,REST,0.01894,0.02045,0.02167,0.02887,0.02822,0.026950000000000002
DOM,DOM.24_1,REST,0.634,0.6747,0.66,0.7538,0.7491,0.7403
DOM,DOM.25_1,REST,0.9936,0.6946,0.4469,0.2489,0.1289,0.07998
DOM,DOM.26_1,REST,0.1777,0.1493,0.1226,0.09815,0.07629,0.05627
DOM,DOM.27_1,REST,0.002116,0.002202,0.00223,0.002403,0.002533,0.002875
DOM,DOM.28_1,REST,0.3223,0.3286,0.3221,0.3833,0.3605,0.363
DOM,DOM.29_1,REST,0.2132,0.1949,0.1738,0.1515,0.1402,0.1315
DOM,DOM.2_1,REST,0.2577,0.2287,0.1982,0.1647,0.1321,0.1007
DOM,DOM.30_1,REST,0.7305,0.7549,0.7301,0.719,0.7194,0.747
DOM,DOM.31_1,REST,0.00774,0.008004,0.008098,0.009208,0.009923,0.01009
DOM,DOM.32_1,REST,0.2744,0.2878,0.2911,0.2965,0.3197,0.3336
DOM,DOM.3_1,REST,0.9017,0.7768,0.6541,0.5305,0.411,0.2955
DOM,DOM.4_1,REST,0.08641,0.1001,0.1015,0.0962,0.09491,0.09115
DOM,DOM.6_1,REST,0.06849,0.06393,0.05933,0.06691,0.06433,0.0649
DOM,DOM.7_1,REST,0.00591,0.006011,0.006566,0.006661,0.006394,0.006268
DOM,DOM.8_1,REST,0.01487,0.02161,0.01999,0.01862,0.01748,0.01696
DOM,DOM.9_1,REST,0.009349,0.009668,0.01006,0.01136,0.01149,0.01109
DZA,DZA.10_1,REST,0.05093,0.0568,0.07597,0.09369,0.1039,0.1425
DZA,DZA.11_1,REST,0,0,0,0,0,0
DZA,DZA.12_1,REST,0.3264,0.348,0.3667,0.3537,0.3609,0.3659
DZA,DZA.13_1,REST,0.1032,0.1034,0.1112,0.1089,0.104,0.1044
DZA,DZA.14_1,REST,0.01754,0.02288,0.02372,0.02588,0.03313,0.04113
DZA,DZA.15_1,REST,0.03921,0.04103,0.05344,0.05093,0.04744,0.047
DZA,DZA.16_1,REST,0,0,0,0,0,1.881e-4
DZA,DZA.17_1,REST,0,0,0,0,0,0
DZA,DZA.19_1,REST,0.09292,0.09153,0.09365,0.09565,0.0988,0.101
DZA,DZA.21_1,REST,0.3151,0.3379,0.3241,0.3278,0.3371,0.3524
DZA,DZA.23_1,REST,5.746,5.808,5.661,5.725,5.758,5.9
DZA,DZA.24_1,REST,0.001752,0.001631,0.00151,0.001388,0.001267,0.001146
DZA,DZA.26_1,REST,0,0,0,0,0,0
DZA,DZA.27_1,REST,1.124e-4,3.98e-4,3.693e-4,3.798e-4,7.642e-4,0.001607
DZA,DZA.28_1,REST,0.06327,0.04855,0.03491,0.02243,0.01399,0.009582
DZA,DZA.29_1,REST,0.04596,0.04603,0.04245,0.03888,0.04104,0.05812
DZA,DZA.2_1,REST,0.07255,0.06056,0.04954,0.0397,0.0316,0.02562
DZA,DZA.30_1,REST,0.001929,0.001813,0.001696,0.001629,0.001936,0.002863
DZA,DZA.32_1,REST,0.004086,0.004043,0.003698,0.004783,0.01183,0.01337
DZA,DZA.34_1,REST,0.004213,0.003694,0.003174,0.002654,0.002135,0.001615
DZA,DZA.35_1,REST,3.457e-4,3.164e-4,2.876e-4,2.593e-4,3.18e-4,3.657e-4
DZA,DZA.36_1,REST,0.001672,0.001213,0.001005,8.24e-4,6.623e-4,5.096e-4
DZA,DZA.37_1,REST,0.03678,0.04247,0.04105,0.04138,0.04172,0.03814
DZA,DZA.38_1,REST,0.007969,0.00499,0.002035,3.934e-4,2.129e-4,0.002419
DZA,DZA.39_1,REST,1.585,1.653,1.678,1.672,1.662,1.704
DZA,DZA.3_1,REST,0.002352,0.001755,0.001383,0.001346,0.001297,0.002045
DZA,DZA.40_1,REST,0.1464,0.1293,0.1303,0.1261,0.132,0.1429
DZA,DZA.42_1,REST,0,0,0,0,0,0
DZA,DZA.43_1,REST,6.058e-4,5.613e-4,5.169e-4,4.884e-4,7.349e-4,0.002444
DZA,DZA.45_1,REST,0.104,0.1111,0.1177,0.1152,0.1532,0.1876
DZA,DZA.46_1,REST,0.006146,0.003688,0.001229,0,0,0
DZA,DZA.47_1,REST,2.423,2.569,2.662,2.601,2.555,2.528
DZA,DZA.48_1,REST,0.005579,0.004721,0.003873,0.003127,0.004518,0.005143
DZA,DZA.4_1,REST,0.01813,0.02419,0.03498,0.0501,0.059,0.06361
DZA,DZA.5_1,REST,0.2879,0.3604,0.3758,0.3944,0.4058,0.3947
DZA,DZA.6_1,REST,4.112e-4,3.628e-4,3.144e-4,2.661e-4,2.177e-4,1.693e-4
DZA,DZA.8_1,REST,0.9107,0.9492,1.02,1.045,1.093,1.055
ECU,ECU.10_1,REST,2.559,2.324,2.079,1.908,3.269,3.358
ECU,ECU.11_1,REST,0.0832,0.08976,0.09608,0.09447,0.1034,0.1195
ECU,ECU.12_1,REST,0.2647,0.2035,0.1513,0.1081,0.07451,0.05199
ECU,ECU.13_1,REST,4.721,4.4,4.52,4.379,4.434,5.77
ECU,ECU.14_1,REST,5.471,4.721,3.98,3.234,2.488,1.75
ECU,ECU.15_1,REST,8.494,8.48,9.437,10.23,11.58,11.6
ECU,ECU.16_1,REST,133.1,131.8,150.1,152,174.1,183.7
ECU,ECU.17_1,REST,94.51,97.05,104.5,105.4,111.3,113.2
ECU,ECU.18_1,REST,134.5,136.4,156.5,165.1,190.7,194.5
ECU,ECU.19_1,REST,2.207,2.181,2.304,2.562,2.511,2.558
ECU,ECU.1_1,REST,0.2721,0.24,0.2112,0.1797,0.1534,0.1278
ECU,ECU.20_1,REST,1.287,1.101,0.9153,0.7296,0.5441,0.36
ECU,ECU.21_1,REST,3.61,3.27,3.045,3.025,3.351,3.594
ECU,ECU.22_1,REST,66.86,69.86,76.55,80,86.67,87.94
ECU,ECU.23_1,REST,0,0,0,0,0,0
ECU,ECU.24_1,REST,2.355,2.303,2.494,2.647,2.755,3.015
ECU,ECU.2_1,REST,0.01481,0.014,0.01476,0.01486,0.01516,0.01634
ECU,ECU.3_1,REST,0.4476,0.4009,0.3515,0.3028,0.2529,0.2376
ECU,ECU.4_1,REST,0.001841,0.001776,0.001651,0.001521,0.001539,0.001499
ECU,ECU.5_1,REST,0.008333,0.007658,0.006796,0.007036,0.006122,0.005763
ECU,ECU.6_1,REST,0.1736,0.1556,0.1398,0.1345,0.1261,0.1314
ECU,ECU.7_1,REST,0.07065,0.06491,0.05923,0.05431,0.05757,0.06153
ECU,ECU.8_1,REST,35.94,34.08,32.81,34.12,33.68,36.5
EGY,EGY.12_1,REST,0.002507,0.002336,0.002775,0.004981,0.004666,0.004353
EGY,EGY.13_1,REST,0,0,0,0,0,0
EGY,EGY.14_1,REST,0,0,0,0,0,0
EGY,EGY.15_1,REST,0,0,0,0,0,0
EGY,EGY.16_1,REST,1.796e-4,1.609e-4,1.429e-4,8.036e-4,9.555e-4,9.193e-4
EGY,EGY.17_1,REST,0.001013,9.065e-4,7.998e-4,6.932e-4,5.865e-4,4.799e-4
EGY,EGY.19_1,REST,0,0,0,2.908e-4,2.759e-4,2.61e-4
EGY,EGY.1_1,REST,0.004153,0.004458,0.004689,0.005801,0.006304,0.005829
EGY,EGY.20_1,REST,0.1152,0.105,0.09481,0.08461,0.07441,0.06421
EGY,EGY.21_1,REST,0.007332,0.006896,0.006417,0.005905,0.005956,0.005665
EGY,EGY.23_1,REST,0.0074,0.01387,0.01295,0.01208,0.01118,0.01028
EGY,EGY.24_1,REST,0,0,0,0,0,0
EGY,EGY.25_1,REST,0,0,0,0,0,0
EGY,EGY.26_1,REST,0,0,0,0,0,0
EGY,EGY.27_1,REST,0,0,0,0,0,0
EGY,EGY.3_1,REST,0.01128,0.01065,0.01013,0.0104,0.01039,0.01032
EGY,EGY.4_1,REST,0.4339,0.3375,0.241,0.1446,0.04821,0
EGY,EGY.5_1,REST,0.005074,0.004901,0.004507,0.009063,0.009697,0.009659
EGY,EGY.6_1,REST,1.346e-4,1.166e-4,9.854e-5,8.05e-5,6.247e-5,4.443e-5
EGY,EGY.7_1,REST,9.931e-5,9.269e-5,8.609e-5,3.67e-4,4.325e-4,5.146e-4
EGY,EGY.8_1,REST,4.85e-4,4.55e-4,4.363e-4,9.261e-4,0.001268,0.001427
EGY,EGY.9_1,REST,9.058e-4,8.68e-4,8.484e-4,0.005312,0.008046,0.008981
ERI,ERI.1_1,REST,0.7691,0.7225,0.6759,0.6293,0.5827,0.5361
ERI,ERI.4_1,REST,0,0,0,0,0,0
ESP,ESP.10_1,REST,0.03616,0.0365,0.03648,0.03721,0.03685,0.0394
ESP,ESP.11_1,REST,0.1142,0.1014,0.08839,0.07616,0.06521,0.05345
ESP,ESP.12_1,REST,6.444,5.565,4.704,3.86,3.03,2.219
ESP,ESP.13_1,REST,0.1262,0.1088,0.0935,0.07925,0.06479,0.05035
ESP,ESP.14_1,REST,0.8812,0.8448,1.26,1.223,1.277,1.27
ESP,ESP.15_1,REST,0.08229,0.07076,0.0598,0.04902,0.03867,0.02843
ESP,ESP.16_1,REST,0.3547,0.3058,0.2574,0.2103,0.1665,0.1256
ESP,ESP.17_1,REST,6.584,5.703,4.831,3.962,3.113,2.28
ESP,ESP.18_1,REST,0.2907,0.28,0.2784,0.268,0.2482,0.2349
ESP,ESP.1_1,REST,0.3732,0.3776,0.3945,0.4254,0.4356,0.4226
ESP,ESP.2_1,REST,0.07673,0.06446,0.05263,0.04155,0.03081,0.02064
ESP,ESP.3_1,REST,0.1127,0.09732,0.08237,0.06703,0.05173,0.03856
ESP,ESP.4_1,REST,0.2793,0.2516,0.2227,0.1914,0.1766,0.1741
ESP,ESP.5_1,REST,0.2829,0.25,0.2151,0.1784,0.143,0.112
ESP,ESP.6_1,REST,0.09934,0.09399,0.09048,0.08489,0.08194,0.08068
ESP,ESP.7_1,REST,0,0,0,0,0,0
ESP,ESP.8_1,REST,0.278,0.2358,0.1946,0.1569,0.1188,0.09363
ESP,ESP.9_1,REST,0.1128,0.105,0.1038,0.09276,0.0843,0.07389
EST,EST.10_1,REST,0,0,0,0,0,0
EST,EST.11_1,REST,0,0,0,0,0,0
EST,EST.12_1,REST,0,0,0,0,0,0
EST,EST.13_1,REST,0,0,0,0,0,0
EST,EST.14_1,REST,0,0,0,0,0,0
EST,EST.15_1,REST,0,0,0,0,0,0
EST,EST.1_1,REST,0,0,0,0,0,0
EST,EST.3_1,REST,0,0,0,0,0,0
EST,EST.4_1,REST,0,0,0,0,0,0
EST,EST.5_1,REST,0,0,0,0,0,0
EST,EST.6_1,REST,0,0,0,0,0,0
EST,EST.7_1,REST,0,0,0,0,0,0
EST,EST.8_1,REST,0,0,0,0,0,0
ETH,ETH.10_1,REST,8.667,8.563,8.418,8.341,7.868,8.411
ETH,ETH.11_1,REST,0.4974,0.5536,0.6231,0.6585,0.6579,0.6259
ETH,ETH.1_1,REST,0,0,0,0,0,0
ETH,ETH.2_1,REST,469.4,653.9,761.3,877.9,832.8,767.6
ETH,ETH.3_1,REST,0.2006,0.2884,0.5113,0.7144,0.8109,0.8494
ETH,ETH.4_1,REST,14.5,12.88,11.29,10.08,14.73,17.61
ETH,ETH.5_1,REST,0,0,0,0,0,0
ETH,ETH.6_1,REST,103,101.9,103.1,119.5,124.4,146
ETH,ETH.7_1,REST,0.01975,0.01415,0.009133,0.00445,0.001054,0
ETH,ETH.8_1,REST,6.312,6.83,7.275,8.025,8.389,8.464
ETH,ETH.9_1,REST,0.0543,0.04568,0.0373,0.02916,0.02105,0.01297
FIN,FIN.4_1,REST,0,0,0,0,0,0
FIN,FIN.5_1,REST,0,0,0,0,0,0
FJI,FJI.1_1,REST,5.07,5.535,5.414,5.099,4.767,4.622
FJI,FJI.3_1,REST,1.576,0.7672,0.2207,0,0,0
FJI,FJI.5_1,REST,1.73,1.641,1.534,1.554,1.442,1.351
FRA,FRA.10_1,REST,0.1038,0.08734,0.07742,0.06322,0.05056,0.04072
FRA,FRA.11_1,REST,0.07238,0.06185,0.05188,0.04269,0.0348,0.0271
FRA,FRA.12_1,REST,0.03671,0.03081,0.02604,0.02303,0.01908,0.01713
FRA,FRA.13_1,REST,1.564,1.596,1.611,1.923,2.001,1.971
FRA,FRA.1_1,REST,0.6255,0.6674,0.6561,0.6643,0.6989,0.7059
FRA,FRA.2_1,REST,0.4663,0.3971,0.3297,0.264,0.2014,0.1425
FRA,FRA.3_1,REST,0.02357,0.01773,0.01436,0.01107,0.008228,0.00601
FRA,FRA.4_1,REST,0.02144,0.01858,0.01644,0.0187,0.01639,0.01482
FRA,FRA.5_1,REST,0.2655,0.2628,0.2572,0.2786,0.2803,0.3267
FRA,FRA.6_1,REST,0.1389,0.1056,0.07465,0.04495,0.01986,0.007264
FRA,FRA.7_1,REST,0.05913,0.04358,0.03096,0.0202,0.01164,0.006764
FRA,FRA.8_1,REST,0.2123,0.2863,0.2612,0.238,0.2179,0.202
FRA,FRA.9_1,REST,0.01572,0.01299,0.01063,0.00846,0.006478,0.004702
GAB,GAB.1_1,REST,336.3,338.4,336.5,326.8,324.4,343.8
GAB,GAB.2_1,REST,112.8,108,123.7,124.4,119.2,121.3
GAB,GAB.3_1,REST,273.9,262.1,273.8,264.1,267.4,257.8
GAB,GAB.4_1,REST,144.6,143.3,139.9,138.1,148.9,145.6
GAB,GAB.5_1,REST,91.03,81.69,68.92,59.19,51.49,42.62
GAB,GAB.6_1,REST,427.3,415.7,414,392.7,392.1,361.4
GAB,GAB.7_1,REST,678.2,684.3,759.7,745.7,796.7,764.6
GAB,GAB.8_1,REST,272.4,266.8,272.7,270.9,275.4,260.9
GAB,GAB.9_1,REST,256.9,257.5,260.1,254.8,258.1,246.5
GBR,GBR.1_1,REST,0.003557,0.001794,0.00123,8.876e-4,6.201e-4,5.078e-4
GBR,GBR.2_1,REST,0.02196,0.006723,0.002713,8.956e-4,0,0
GBR,GBR.3_1,REST,0.1116,0.04343,0.01796,0.005511,1.536e-4,9.587e-5
GBR,GBR.4_1,REST,2.651e-5,1.535e-5,9.714e-6,4.38e-6,8.563e-7,0
GEO,GEO.10_1,REST,75080,65890,56700,47510,38320,29120
GEO,GEO.11_1,REST,0.006679,0.001051,0,0.003919,0.003718,0.003517
GEO,GEO.12_1,REST,0,0,0,0,0,0
GEO,GEO.1_1,REST,0,0,0,0,0,0
GEO,GEO.2_1,REST,0.4595,0.3995,0.3396,0.2796,0.2196,0.1597
GEO,GEO.3_1,REST,0.764,0.6586,0.5532,0.4478,0.3424,0.237
GEO,GEO.4_1,REST,2.656,2.274,1.904,1.537,1.185,0.8534
GEO,GEO.5_1,REST,0.1283,0.1335,0.328,0.5196,0.5462,0.5769
GEO,GEO.6_1,REST,0.171,0.1442,0.1203,0.2096,0.1877,0.1704
GEO,GEO.7_1,REST,818.1,707.7,597.3,487,376.6,266.2
GEO,GEO.9_1,REST,2.53,2.182,1.835,1.488,1.142,0.7968
GHA,GHA10_2,REST,14.18,14.57,14.67,16.87,18.08,19.44
GHA,GHA11_2,REST,12.52,12.17,12.01,12.39,12.27,13.01
GHA,GHA12_2,REST,0.3503,0.3211,0.3424,0.3373,0.3171,0.3149
GHA,GHA13_2,REST,0.7359,0.6153,0.5078,0.4083,0.3213,0.2771
GHA,GHA14_2,REST,5.181,5.908,6.558,7.804,9.654,10.67
GHA,GHA15_2,REST,131.7,141.2,148.1,162.6,169.2,171.8
GHA,GHA16_2,REST,60.88,66.42,78,82.68,87.27,93.42
GHA,GHA1_2,REST,21.83,23.81,27.06,28.36,30.19,32.67
GHA,GHA2_2,REST,9.705,10.76,11.78,12.53,13.72,14.87
GHA,GHA3_2,REST,11.75,12.36,13.32,13.74,14.67,15.51
GHA,GHA4_2,REST,1.194,1.148,1.124,1.104,1.063,1.176
GHA,GHA5_2,REST,18.05,19.36,21.19,23.23,23.45,24.87
GHA,GHA6_2,REST,7.364,8.198,9.024,9.725,10.46,11.03
GHA,GHA7_2,REST,0.4384,0.4708,0.4843,0.5202,0.6389,0.6992
GHA,GHA8_2,REST,1.821,1.698,1.629,1.621,1.569,1.513
GHA,GHA9_2,REST,5.144,4.931,4.718,4.71,4.809,4.972
GIN,GIN.1_1,REST,4.313,3.835,3.354,3.103,2.85,2.612
GIN,GIN.2_1,REST,0.01587,0.01362,0.01137,0.009125,0.0068780000000000004,0.004631
GIN,GIN.3_1,REST,49.97,54.02,57.06,64.01,72.37,75.12
GIN,GIN.4_1,REST,7.037,7.462,7.805,8.628,9.755,10.31
GIN,GIN.5_1,REST,11.71,12.62,13.02,13.51,13.74,13.75
GIN,GIN.6_1,REST,1.321,1.415,1.453,1.553,1.666,1.718
GIN,GIN.7_1,REST,2.261,2.235,2.164,2.229,2.239,2.191
GIN,GIN.8_1,REST,524.2,558.9,586.8,606.5,644.2,654.7
GLP,GLP.1_1,REST,0.1653,0.134,0.106,0.07942,0.05681,0.04077
GLP,GLP.2_1,REST,0.3331,0.2735,0.2228,0.1741,0.1289,0.08944
GMB,GMB.2_1,REST,5.966,5.311,4.642,4.535,4.351,4.345
GMB,GMB.3_1,REST,0.4774,0.4642,0.4112,0.3851,0.3852,0.4089
GMB,GMB.4_1,REST,0.8143,0.7741,0.7014,0.646,0.6688,0.6425
GMB,GMB.5_1,REST,1.46,1.266,1.038,0.8186,0.6366,0.4624
GMB,GMB.6_1,REST,1796,1566,1334,1102,868.1,635.6
GNB,GNB.1_1,REST,74.05,51.76,34.35,19.83,9.656,5.582
GNB,GNB.2_1,REST,4.958,5.41,6.219,7.134,8.031,8.468
GNB,GNB.3_1,REST,2.28,2.105,1.932,2.341,2.455,3.052
GNB,GNB.4_1,REST,2365,1462,862.6,468.8,203.7,131.1
GNB,GNB.5_1,REST,20.69,20.19,19.6,18.85,17.86,16.61
GNB,GNB.6_1,REST,1040,737.6,486.1,270.2,87.67,7.528
GNB,GNB.7_1,REST,6.431,5.575,5.027,4.568,4.279,4.161
GNB,GNB.8_1,REST,87.24,76.26,75.32,68.14,59.68,52.84
GNB,GNB.9_1,REST,48.81,48.64,46.61,45.52,43.06,41.14
GNQ,GNQ.4_1,REST,180.7,378.4,604.3,603.7,581,563
GNQ,GNQ.5_1,REST,808.3,907.8,864,1142,1093,1308
GNQ,GNQ.6_1,REST,2412,3652,3436,3220,3472,3232
GNQ,GNQ.7_1,REST,88.76,77.92,67.09,56.25,45.42,34.58
GRC,GRC.1_1,REST,0.1515,0.1684,0.1555,0.169,0.1767,0.1628
GRC,GRC.3_1,REST,0.5485,0.4791,0.4097,0.3402,0.2708,0.2014
GRC,GRC.4_1,REST,4.28,3.704,3.125,2.566,1.993,1.413
GRC,GRC.5_1,REST,0.07297,0.06721,0.08939,0.118,0.1134,0.1035
GRC,GRC.6_1,REST,0.02002,0.01936,0.02058,0.02135,0.02232,0.02313
GRC,GRC.7_1,REST,0.06076,0.05199,0.04349,0.03507,0.02684,0.01884
GRC,GRC.8_1,REST,0.03216,0.02964,0.02729,0.02709,0.02507,0.02375
GRD,GRD.2_1,REST,5.258,4.512,3.689,2.969,2.96,2.896
GRD,GRD.3_1,REST,18.09,15.36,12.56,9.9,8.092,7.812
GRD,GRD.4_1,REST,1.809,1.333,0.9026,0.4461,0.2123,0.1877
GRD,GRD.5_1,REST,1.039,0.7755,0.531,0.2897,0.1607,0.1388
GRD,GRD.6_1,REST,1.873,1.373,0.8724,0.3743,0.116,0.09863
GRD,GRD.7_1,REST,13.39,12.2,11.16,9.236,9.663,9.288
GTM,GTM.10_1,REST,0.6018,0.61,0.6508,0.6141,0.6061,0.5792
GTM,GTM.11_1,REST,0.2982,0.3135,0.3374,0.3973,0.4217,0.43
GTM,GTM.12_1,REST,14.48,14.3,14.13,14.57,15.57,15.12
GTM,GTM.13_1,REST,22.92,24.41,24.73,24.82,25.54,27.01
GTM,GTM.14_1,REST,19.93,18.5,17.32,16.72,15.58,14.69
GTM,GTM.15_1,REST,4.306,4.358,4.393,4.729,5.169,5.287
GTM,GTM.16_1,REST,4.926,5.012,5.169,5.22,5.17,5.209
GTM,GTM.17_1,REST,12.65,13.08,13.39,13.16,12.81,12.55
GTM,GTM.18_1,REST,1.183,1.203,1.238,1.213,1.219,1.274
GTM,GTM.19_1,REST,6.52,6.677,6.407,6.287,6.221,5.945
GTM,GTM.1_1,REST,37.73,35.99,34.51,33.45,36.85,34.73
GTM,GTM.20_1,REST,11.96,11.98,12.58,12.55,12.56,12.4
GTM,GTM.21_1,REST,2.616,2.589,2.659,2.62,2.409,2.447
GTM,GTM.22_1,REST,1.033,1.037,1.029,1.108,1.308,1.337
GTM,GTM.2_1,REST,28.04,21.84,16.77,12.7,9.655,7.438
GTM,GTM.3_1,REST,13.64,13.56,13.56,14.7,14.56,14.26
GTM,GTM.4_1,REST,0.03826,0.03415,0.033,0.02965,0.04097,0.06148
GTM,GTM.5_1,REST,1.129,1.111,1.139,1.138,1.16,1.225
GTM,GTM.6_1,REST,2.167,2.079,2.008,1.867,1.806,1.798
GTM,GTM.7_1,REST,4.789,4.078,3.515,3.035,2.758,2.692
GTM,GTM.8_1,REST,12.21,12.02,11.73,11.76,11.82,11.44
GTM,GTM.9_1,REST,19.15,19.13,18.47,18.24,19.93,19.79
GUF,GUF.1_1,REST,0,0,0,0,0,0
GUF,GUF.2_1,REST,0,0,0,0,0,0
GUY,GUY.10_1,REST,0.43120000000000003,0.3852,0.3397,0.3649,0.3575,0.323
GUY,GUY.1_1,REST,0,0,0,0,0,0
GUY,GUY.2_1,REST,1.026,0.5373,0.1872,0.0461,0.01845,0.008291
GUY,GUY.3_1,REST,11.07,10.62,10.87,11.48,14.57,14.77
GUY,GUY.4_1,REST,1.878,1.744,1.708,3.432,4.274,4.335
GUY,GUY.5_1,REST,2.446,2.513,2.575,2.876,3.573,3.894
GUY,GUY.6_1,REST,0.2963,0.2891,0.3002,0.5426,0.7563,0.7963
GUY,GUY.7_1,REST,3.815,3.94,3.931,5.569,6.704,7.346
GUY,GUY.8_1,REST,175.7,144.7,117.4,91.74,67.43,46.47
GUY,GUY.9_1,REST,3.25,2.674,2.165,1.709,1.643,1.995
HND,HND.10_1,REST,0.6542,0.6312,0.6095,0.5844,0.5655,0.5668
HND,HND.11_1,REST,551.4,537.3,525.4,535.4,529.6,525.9
HND,HND.12_1,REST,0.1027,0.09022,0.08002,0.0705,0.06499,0.06197
HND,HND.13_1,REST,0.4858,0.4203,0.3723,0.3407,0.3176,0.3104
HND,HND.14_1,REST,0.2763,0.2463,0.2317,0.2148,0.2122,0.213
HND,HND.15_1,REST,0.7762,0.7891,0.8084,0.8483,0.8851,0.851
HND,HND.16_1,REST,2.35,2.321,2.24,2.168,2.142,2.06
HND,HND.17_1,REST,0.2115,0.1712,0.1351,0.1169,0.1056,0.09351
HND,HND.18_1,REST,0.2634,0.2519,0.2238,0.2118,0.1981,0.1926
HND,HND.1_1,REST,0.2273,0.2244,0.2313,0.2306,0.2203,0.2176
HND,HND.2_1,REST,0.02736,0.02156,0.01731,0.01397,0.01178,0.01089
HND,HND.3_1,REST,0.9001,0.9036,0.8925,0.906,0.8889,0.8476
HND,HND.4_1,REST,0.09825,0.07375,0.05429,0.03942,0.0308,0.02517
HND,HND.5_1,REST,1.041,0.974,0.9169,0.9209,0.9026,0.8802
HND,HND.6_1,REST,0.3958,0.457,0.4348,0.4177,0.4064,0.3904
HND,HND.7_1,REST,0.3116,0.3038,0.3208,0.3275,0.3358,0.34
HND,HND.8_1,REST,0.6909,0.6542,0.612,0.5816,0.5586,0.5382
HND,HND.9_1,REST,220.2,197,172.6,149.5,125.5,98.69
HRV,HRV.10_1,REST,0.7195,0.6346,0.5496,0.4646,0.3797,0.2947
HRV,HRV.11_1,REST,5.429,5.425,5.103,5.927,5.486,5.095
HRV,HRV.12_1,REST,34.26,30.38,26.37,22.37,18.83,16.44
HRV,HRV.13_1,REST,1.01,0.8873,0.8014,0.7108,0.6002,0.5058
HRV,HRV.14_1,REST,0.2466,0.2244,0.2025,0.181,0.1597,0.1388
HRV,HRV.15_1,REST,5.524,5.214,5.118,4.985,4.61,4.268
HRV,HRV.16_1,REST,0.8467,0.7659,0.6902,0.6376,0.5994,0.5264
HRV,HRV.17_1,REST,14.66,12.56,10.47,8.369,6.274,4.183
HRV,HRV.18_1,REST,118.4,118,122.9,120.8,111.3,103.5
HRV,HRV.19_1,REST,0.5396,0.6836,0.6313,0.5777,0.5208,0.4638
HRV,HRV.1_1,REST,16.05,15.84,23.19,22.56,21.98,20.41
HRV,HRV.20_1,REST,0.01918,0.01672,0.01427,0.01184,0.009556,0.007368
HRV,HRV.21_1,REST,2.209,1.907,1.606,1.305,1.004,0.7031
HRV,HRV.2_1,REST,4.602,4.364,4.242,4.024,3.778,3.505
HRV,HRV.3_1,REST,1.959,1.716,1.474,1.232,0.99,0.7484
HRV,HRV.4_1,REST,0.2695,0.2258,0.1856,0.149,0.1129,0.08462
HRV,HRV.5_1,REST,0.1157,0.09586,0.07666,0.05784,0.0415,0.02871
HRV,HRV.6_1,REST,17.22,17.95,19.37,26.28,25,25.53
HRV,HRV.7_1,REST,0.6544,0.5484,0.4424,0.3364,0.2328,0.1606
HRV,HRV.8_1,REST,11.53,10.22,8.902,7.589,6.276,4.963
HRV,HRV.9_1,REST,0.6941,0.9218,1.151,1.222,6.283,6.177
HTI,HTI.10_1,REST,0,0,0,0,0,0
HTI,HTI.1_1,REST,0.002826,0.002437,0.002063,0.001702,0.001347,0.001
HTI,HTI.2_1,REST,0,0,0,0,0,0
HTI,HTI.3_1,REST,0,0,0,0,0,0
HTI,HTI.4_1,REST,0,0,0,0,0,0
HTI,HTI.5_1,REST,0.03708,0.03936,0.04462,0.05469,0.05552,0.05738
HTI,HTI.6_1,REST,0,0,0,0,0,0
HTI,HTI.7_1,REST,0,0,0,0,0,0
HTI,HTI.8_1,REST,0.007425,0.006246,0.005216,0.004192,0.003189,0.002225
HTI,HTI.9_1,REST,0.1162,0.1008,0.08539,0.07004,0.05479,0.03967
HUN,HUN.10_1,REST,0.00701,2.955,2.802,2.65,2.498,2.347
HUN,HUN.11_1,REST,0.002159,0.001563,0.001112,8.511e-4,7.057e-4,0.001331
HUN,HUN.12_1,REST,0.01796,0.01077,0.003592,0,0,0
HUN,HUN.13_1,REST,0.06236,0.05745,0.05254,0.04764,0.04273,0.03782
HUN,HUN.14_1,REST,0.01276,0.009503,0.0065,0.003497,0.001231,4.078e-4
HUN,HUN.15_1,REST,1.604e-5,1.313e-5,1.021e-5,7.292e-6,4.375e-6,1.458e-6
HUN,HUN.16_1,REST,0.01179,0.006202,0.003742,0.001613,2.98e-4,0
HUN,HUN.17_1,REST,0.1599,0.148,0.1362,0.1243,0.1125,0.1006
HUN,HUN.18_1,REST,0.006927,0.003788,0.001664,5.546e-4,0,0
HUN,HUN.19_1,REST,0,0,0.02359,0.03076,0.02912,0.02748
HUN,HUN.1_1,REST,0.07345,0.05601,0.03897,0.02244,0.007185,0
HUN,HUN.20_1,REST,0,0,0,0,0,0
HUN,HUN.2_1,REST,0.2822,0.2697,0.3609,0.3242,0.2948,0.2723
HUN,HUN.3_1,REST,0.1292,0.123,0.1232,0.2866,0.2784,0.263
HUN,HUN.4_1,REST,0.007872,0.005992,0.004542,0.003164,0.001788,9.18e-4
HUN,HUN.5_1,REST,0,0,0,0,0,0
HUN,HUN.6_1,REST,0.04543,0.03945,0.03434,0.04962,0.04478,0.09042
HUN,HUN.7_1,REST,0.185,0.1732,0.1615,0.1501,0.1388,0.1276
HUN,HUN.8_1,REST,0.03511,0.02167,0.0125,0.004686,5.352e-4,0
HUN,HUN.9_1,REST,0.01752,0.01417,0.01383,0.01205,0.01313,0.01181
IDN,IDN.10_1,REST,1.739,1.79,1.812,2.05,2.069,2.068
IDN,IDN.11_1,REST,1.375,1.412,1.408,1.553,1.587,1.58
IDN,IDN.12_1,REST,178.2,159.1,141.4,125.9,110.5,95.88
IDN,IDN.13_1,REST,57.89,54.22,49.34,47.32,43.85,42.14
IDN,IDN.14_1,REST,430.6,384.1,338.9,305.9,274.4,245.9
IDN,IDN.16_1,REST,71.42,64.71,57.07,50.32,43.67,38.16
IDN,IDN.17_1,REST,31.57,31.88,31.49,36.55,37.96,39.44
IDN,IDN.18_1,REST,237.7,227.5,215.8,211.8,203.6,192.7
IDN,IDN.19_1,REST,237.2,221.7,207.6,212.7,197.2,181.4
IDN,IDN.1_1,REST,75.16,71.78,68.77,67.37,66.62,66.73
IDN,IDN.20_1,REST,1.606,1.376,1.182,1.077,0.9567,0.8564
IDN,IDN.21_1,REST,19.68,18.42,17.59,17.15,16.01,15.17
IDN,IDN.22_1,REST,7901,7612,7306,7030,6639,6226
IDN,IDN.23_1,REST,209.6,195.8,180.3,164.7,149.3,135
IDN,IDN.24_1,REST,119.9,107.6,95.95,84.66,73.9,64.48
IDN,IDN.25_1,REST,47.46,45.59,44.94,45.23,44.72,44.94
IDN,IDN.26_1,REST,14.39,13.9,13.88,14.65,14.05,13.79
IDN,IDN.27_1,REST,471.8,451.5,435.7,447.3,444,450.3
IDN,IDN.28_1,REST,90.29,83.11,76.01,78.66,74.73,73.9
IDN,IDN.29_1,REST,59.1,56.45,54.01,56.43,55.21,53.84
IDN,IDN.2_1,REST,0.3478,0.3298,0.3144,0.3181,0.295,0.3025
IDN,IDN.30_1,REST,12.28,11.73,11.08,10.49,9.965,9.907
IDN,IDN.31_1,REST,59.15,53.85,49.26,46.39,43.21,40.62
IDN,IDN.32_1,REST,24.14,23.05,21.98,21.15,20.29,20.51
IDN,IDN.33_1,REST,1.152,1.034,0.9131,0.8142,0.7368,0.621
IDN,IDN.34_1,REST,233.6,210.2,186.8,167.8,148.5,130
IDN,IDN.35_1,REST,242.4,235.8,227.7,225.5,220.3,218.3
IDN,IDN.3_1,REST,132.5,139.4,146.2,161.8,164,166.2
IDN,IDN.4_1,REST,30.71,29.22,27.39,29.56,30.64,31.74
IDN,IDN.5_1,REST,46.58,42.11,38.84,36.03,33.08,31.76
IDN,IDN.6_1,REST,93.75,87.73,82.55,83.72,78.5,73.17
IDN,IDN.7_1,REST,0.01465,0.009201,0.008232,0.007264,0.006295,0.005327
IDN,IDN.8_1,REST,103.4,95.08,87.86,81.55,75.2,68.72
IDN,IDN.9_1,REST,2.089,1.984,1.896,1.946,1.967,1.954
IND,IND.10_1,REST,30.21,32.31,33.48,43.22,48.61,51.64
IND,IND.11_1,REST,0.00171,0.001931,0.001731,0.01101,0.01859,0.02679
IND,IND.12_1,REST,0.001541,0.001925,0.002019,0.002088,0.002356,0.003129
IND,IND.13_1,REST,0.06145,0.06837,0.07603,0.1219,0.1618,0.1881
IND,IND.15_1,REST,0.212,0.1984,0.1803,0.183,0.1818,0.1744
IND,IND.16_1,REST,0.7943,0.8481,0.9347,1.119,1.207,1.296
IND,IND.17_1,REST,13.23,13.66,14.41,17.42,19.23,20.9
IND,IND.19_1,REST,0.02545,0.02144,0.01778,0.01483,0.0126,0.01069
IND,IND.1_1,REST,8.891,8.088,7.298,6.887,6.736,6.437
IND,IND.20_1,REST,0.2426,0.2394,0.2462,0.3155,0.3447,0.3734
IND,IND.21_1,REST,7.029,6.773,6.369,6.113,5.725,5.337
IND,IND.22_1,REST,43.02,43.63,43.88,43.88,43.05,41.78
IND,IND.23_1,REST,109.4,120,124,127.8,132.5,135.4
IND,IND.24_1,REST,6.915,7.014,7.061,7.101,6.965,6.862
IND,IND.25_1,REST,0,0,0,0,0,0
IND,IND.26_1,REST,1.194,1.143,1.164,1.311,1.417,1.474
IND,IND.27_1,REST,3.908,4.402,5.163,7.123,7.812,9.291
IND,IND.28_1,REST,0.005133,0.005447,0.006103,0.007957,0.01035,0.01304
IND,IND.29_1,REST,0.01448,0.01082,0.007677,0.005981,0.007284,0.007805
IND,IND.2_1,REST,0.1824,0.1811,0.1828,0.2059,0.2196,0.2276
IND,IND.30_1,REST,0.1505,0.1364,0.1258,0.1156,0.1012,0.09044
IND,IND.31_1,REST,0.3085,0.3333,0.3357,0.3698,0.4077,0.4307
IND,IND.32_1,REST,0.7178,0.6819,0.6442,0.6785,0.7394,0.8152
IND,IND.33_1,REST,19.26,21.55,24.08,27.27,29.14,30.69
IND,IND.34_1,REST,0.1145,0.09302,0.07756,0.0796,0.0819,0.08389
IND,IND.35_1,REST,3.09,5.538,6.08,8.269,10.06,10.78
IND,IND.36_1,REST,0.1369,0.1289,0.1238,0.1211,0.1262,0.1247
IND,IND.3_1,REST,46.49,47.3,47.7,47.42,46.82,45.75
IND,IND.4_1,REST,4.85,5.175,5.441,5.708,5.856,5.95
IND,IND.5_1,REST,0.6805,0.5982,0.5162,0.4345,0.3536,0.2721
IND,IND.6_1,REST,0,0,0,0,0.0297,0.04753
IND,IND.7_1,REST,0.8402,0.7265,0.6147,0.5108,0.404,0.3012
IND,IND.8_1,REST,0,0,0,0,0,0
IRL,IRL.10_1,REST,0,0,0,0,0,0
IRL,IRL.11_1,REST,0,0,0,0,0,0
IRL,IRL.13_1,REST,0,0,0,0,0,0
IRL,IRL.15_1,REST,0,0,0,0,0,0
IRL,IRL.17_1,REST,0,0,0,0,0,0
IRL,IRL.1_1,REST,4.585e-4,2.034e-4,8.837e-5,1.676e-5,0,0
IRL,IRL.22_1,REST,0,0,0,0,0,0
IRL,IRL.23_1,REST,0,0,0,0,0,0
IRL,IRL.25_1,REST,1.914e-4,1.23e-4,7.339e-5,3.414e-5,9.441e-6,0
IRL,IRL.26_1,REST,2.304e-4,4.702e-5,0,0,0,0
IRL,IRL.4_1,REST,0,0,0,0,0,0
IRL,IRL.6_1,REST,0,0,0,0,0,0
IRL,IRL.7_1,REST,0,0,0,0,0,0
IRL,IRL.9_1,REST,0,0,0,0,0,0
IRN,IRN.11_1,REST,0,0,0,1.512e-5,1.435e-5,1.357e-5
IRN,IRN.12_1,REST,0,0,0,0,0,0
IRN,IRN.13_1,REST,0,0,0,6.851e-5,1.417e-4,1.342e-4
IRN,IRN.14_1,REST,0.007784,0.006161,0.004787,0.00349,0.00224,0.001165
IRN,IRN.15_1,REST,0.004118,0.001293,6.657e-4,3.397e-4,8.832e-5,0
IRN,IRN.16_1,REST,0,0,0,0,0,0
IRN,IRN.17_1,REST,0.02062,0.01811,0.0156,0.01309,0.01058,0.008071
IRN,IRN.18_1,REST,0,0,0,0,0,0
IRN,IRN.19_1,REST,0,0,0,0,0,0
IRN,IRN.1_1,REST,0.00301,0,0,0,0,0
IRN,IRN.20_1,REST,0.003482,0.00318,0.002857,0.002488,0.002183,0.002053
IRN,IRN.21_1,REST,0,0,0,0,0,0
IRN,IRN.22_1,REST,130.5,122.1,113.7,105.2,96.83,88.41
IRN,IRN.24_1,REST,0.0363,0.02733,0.02122,0.01699,0.0134,0.009801
IRN,IRN.25_1,REST,0,0,0,0,0,0
IRN,IRN.26_1,REST,0,0,0,0,0,0
IRN,IRN.28_1,REST,0,0,0,0,0,0
IRN,IRN.29_1,REST,0.01384,0.01109,0.008824,0.01036,0.008538,0.007247
IRN,IRN.2_1,REST,0.435,0.2539,0.08388,0.001395,1.032e-4,0
IRN,IRN.31_1,REST,0,0,0,0,0,0
IRN,IRN.3_1,REST,0,0,0,0,0,0
IRN,IRN.5_1,REST,0,0,0,0.1504,0.1426,0.1349
IRN,IRN.6_1,REST,0,0,0,0,0,0
IRN,IRN.7_1,REST,0,0,0,0.00932,0.01347,0.05832
IRN,IRN.8_1,REST,0.048280000000000003,0.04445,0.04193,0.0401,0.03609,0.03208
IRN,IRN.9_1,REST,0.01188,0.01,0.008493,0.00719,0.006063,0.005105
IRQ,IRQ.12_1,REST,0.02632,0.02278,0.01923,0.01569,0.01215,0.008604
IRQ,IRQ.13_1,REST,0.001073,9.401e-4,8.077e-4,0.001384,0.00124,0.00178
IRQ,IRQ.15_1,REST,0,0,0,0,0,0
IRQ,IRQ.16_1,REST,0.01082,0.008353,0.006752,0.005294,0.003894,0.002493
IRQ,IRQ.17_1,REST,4.999e-6,3e-6,9.999e-7,0,0,0
IRQ,IRQ.18_1,REST,0,0,0,0,0,0
IRQ,IRQ.1_1,REST,0,0,0,0,0,0
IRQ,IRQ.5_1,REST,0,0,0,0,0,0
IRQ,IRQ.6_1,REST,19.02,17.61,16.2,14.79,13.39,11.98
ISR,ISR.1_1,REST,2.301e-4,2.17e-4,2.038e-4,1.907e-4,1.775e-4,1.644e-4
ISR,ISR.2_1,REST,4.617e-5,3.051e-5,1.959e-5,1.103e-5,5.512e-6,3.651e-6
ISR,ISR.3_1,REST,2.695e-4,1.351e-4,7.339e-5,3.676e-5,1.099e-5,0
ISR,ISR.4_1,REST,8.102e-5,4.598e-5,2.798e-5,1.769e-5,1.118e-5,9.001e-6
ISR,ISR.5_1,REST,0.001327,0.001054,8.373e-4,6.556e-4,4.901e-4,3.505e-4
ISR,ISR.6_1,REST,0.001837,0.001414,0.001038,7.062e-4,4.738e-4,3.333e-4
ISR,ISR.7_1,REST,1.977e-4,1.305e-4,6.332e-5,2.23e-5,7.433e-6,0
ITA,ITA.10_1,REST,0.0297,0.02783,0.02632,0.0241,0.02314,0.02162
ITA,ITA.11_1,REST,0.02382,0.01511,0.008396,0.003201,4.589e-4,1.315e-5
ITA,ITA.12_1,REST,0.1179,0.1283,0.1166,0.1133,0.1037,0.1157
ITA,ITA.13_1,REST,0.01135,0.009242,0.007369,0.005587,0.004081,0.002956
ITA,ITA.14_1,REST,0.06707,0.04663,0.03064,0.01789,0.01057,0.009137
ITA,ITA.15_1,REST,0.1684,0.1431,0.1188,0.09492,0.07225,0.05068
ITA,ITA.16_1,REST,0.0312,0.02274,0.01518,0.009913,0.005742,0.00574
ITA,ITA.17_1,REST,0.2042,0.1755,0.1472,0.1195,0.09286,0.06735
ITA,ITA.18_1,REST,0.02908,0.01852,0.01085,0.005391,0.002021,9.125e-4
ITA,ITA.19_1,REST,4.365,3.623,2.965,2.372,1.8,1.248
ITA,ITA.1_1,REST,0.04672,0.03987,0.03317,0.02658,0.02023,0.01418
ITA,ITA.20_1,REST,0.01382,0.01668,0.01626,0.01582,0.01603,0.01498
ITA,ITA.2_1,REST,0.0318,0.02835,0.02588,0.02577,0.02399,0.02613
ITA,ITA.3_1,REST,0.2635,0.2527,0.2361,0.2293,0.2326,0.2445
ITA,ITA.4_1,REST,0.1349,0.1274,0.1369,0.137,0.1301,0.1283
ITA,ITA.5_1,REST,0.04541,0.03967,0.03562,0.03768,0.03538,0.03467
ITA,ITA.6_1,REST,0.003432,0.002486,0.001765,0.001285,8.554e-4,5.761e-4
ITA,ITA.7_1,REST,0.002861,0.002183,0.001553,9.981e-4,5.9e-4,3.49e-4
ITA,ITA.8_1,REST,0.02214,0.01737,0.01459,0.01162,0.009632,0.0105
ITA,ITA.9_1,REST,2.795,2.445,2.1,1.761,1.443,1.145
JAM,JAM.10_1,REST,0.2307,0.2271,0.2169,0.2473,0.2329,1.122
JAM,JAM.11_1,REST,1.564,1.511,1.478,1.569,1.606,1.685
JAM,JAM.12_1,REST,0.6138,0.5889,0.5511,0.5168,0.4775,0.4625
JAM,JAM.13_1,REST,0.10780000000000001,0.102,0.09277,0.1256,0.1224,0.5209
JAM,JAM.14_1,REST,0.09022,0.08112,0.07108,0.06371,0.0564,0.1218
JAM,JAM.1_1,REST,0.1421,0.1358,0.1264,0.1233,0.1356,0.1402
JAM,JAM.2_1,REST,0.1237,0.1131,0.09962,0.09634,0.0849,0.1191
JAM,JAM.4_1,REST,0.1055,0.09238,0.08738,0.07791,0.06475,0.09679
JAM,JAM.5_1,REST,2.247,2.197,2.133,2.155,2.054,2.556
JAM,JAM.6_1,REST,0.3547,0.3266,0.304,0.2841,0.259,0.2591
JAM,JAM.7_1,REST,0.2425,0.2304,0.2152,0.2195,0.2115,0.3623
JAM,JAM.8_1,REST,0.176,0.1739,0.1639,0.1571,0.2241,0.2331
JAM,JAM.9_1,REST,0.1677,0.1659,0.1609,0.1593,0.1644,0.3831
JOR,JOR.10_1,REST,0,0,0,0,0,0
JOR,JOR.1_1,REST,0,0,0,0,0,0
JOR,JOR.3_1,REST,0,0,0,0,0,0
JOR,JOR.4_1,REST,0,0,0,0,0,0
JOR,JOR.5_1,REST,0,0,0,0,0,0
JOR,JOR.6_1,REST,0,0,0,0,0,0
JPN,JPN.10_1,REST,0.3746,0.2817,0.2111,0.1736,0.1331,0.1262
JPN,JPN.11_1,REST,2.032,1.748,1.474,1.212,0.9634,0.7249
JPN,JPN.12_1,REST,2.24e-4,1.573e-4,1.009e-4,5.587e-5,2.358e-5,1.003e-5
JPN,JPN.13_1,REST,1.148,0.9847,0.8219,0.6677,0.5027,0.3396
JPN,JPN.14_1,REST,0.229,0.1936,0.1697,0.147,0.1173,0.08475
JPN,JPN.15_1,REST,1.602,1.414,1.396,1.199,1.04,0.8532
JPN,JPN.16_1,REST,1.392,1.203,1.015,0.8272,0.6399,0.4527
JPN,JPN.17_1,REST,0.03684,0.03422,0.0338,0.03142,0.02799,0.02562
JPN,JPN.18_1,REST,0.3452,0.3024,0.2596,0.2368,0.1933,0.1498
JPN,JPN.19_1,REST,0.09644,0.08591,0.07579,0.1642,0.1495,0.1353
JPN,JPN.1_1,REST,0.08781,0.07514,0.06274,0.05007,0.03763,0.02497
JPN,JPN.20_1,REST,0.4684,0.362,0.2927,0.2573,0.2208,0.1915
JPN,JPN.21_1,REST,0.2939,0.2696,0.2637,0.2391,0.2139,0.2091
JPN,JPN.22_1,REST,28.69,26.74,23.82,20.92,17.61,14.34
JPN,JPN.23_1,REST,0.4923,0.4264,0.3607,0.2951,0.2295,0.164
JPN,JPN.24_1,REST,0.03191,0.0284,0.02533,0.02853,0.0265,0.02269
JPN,JPN.25_1,REST,1.759,1.945,1.844,1.704,1.553,1.4
JPN,JPN.26_1,REST,0.3335,0.2919,0.2586,0.2171,0.1966,0.1644
JPN,JPN.27_1,REST,0.01235,0.009444,0.00755,0.00593,0.004343,0.003684
JPN,JPN.28_1,REST,0.1329,0.1145,0.1003,0.08327,0.06955,0.0557
JPN,JPN.29_1,REST,0.2217,0.1932,0.1647,0.1362,0.1076,0.07911
JPN,JPN.2_1,REST,0.2814,0.2399,0.1986,0.1571,0.116,0.07386
JPN,JPN.30_1,REST,2.656,2.34,2.029,1.714,1.401,1.106
JPN,JPN.31_1,REST,12.12,11.58,12.53,11.19,11.59,10.19
JPN,JPN.32_1,REST,0.03575,0.02821,0.0219,0.01598,0.01106,0.007521
JPN,JPN.33_1,REST,0.1074,0.09316,0.07893,0.0647,0.05048,0.03627
JPN,JPN.34_1,REST,6.93e-4,5.776e-4,4.7e-4,3.763e-4,2.899e-4,2.196e-4
JPN,JPN.35_1,REST,0.3894,0.3377,0.2862,0.265,0.215,0.1671
JPN,JPN.36_1,REST,4.782,4.204,3.626,3.048,2.47,1.892
JPN,JPN.37_1,REST,26.72,23.18,19.68,16.24,12.86,9.56
JPN,JPN.38_1,REST,0.01516,0.01091,0.007707,0.005309,0.003582,0.002896
JPN,JPN.39_1,REST,0.06231,0.05331,0.04616,0.03987,0.03565,0.04063
JPN,JPN.3_1,REST,0.0504,0.04389,0.03732,0.03083,0.02443,0.01788
JPN,JPN.40_1,REST,0.6444,0.5625,0.4816,0.4023,0.3251,0.2496
JPN,JPN.42_1,REST,0.07548,0.06447,0.05342,0.0424,0.03142,0.02052
JPN,JPN.43_1,REST,0.01937,0.01785,0.01633,0.01481,0.0133,0.01178
JPN,JPN.44_1,REST,0.006012,0.004294,0.002748,0.001286,2.856e-4,0
JPN,JPN.45_1,REST,0.164,0.1434,0.1228,0.1021,0.08146,0.06082
JPN,JPN.46_1,REST,2.791,2.504,2.167,1.823,1.475,1.141
JPN,JPN.47_1,REST,0.2639,0.2254,0.1794,0.1496,0.09463,0.06325
JPN,JPN.4_1,REST,0.01386,0.00992,0.006708,0.004691,0.003228,0.002825
JPN,JPN.5_1,REST,0.1845,0.1663,0.1508,0.1581,0.1526,0.1503
JPN,JPN.6_1,REST,0.05991,0.05119,0.04248,0.033890000000000003,0.02567,0.01768
JPN,JPN.7_1,REST,0.03029,0.02935,0.02693,0.02831,0.02683,0.03199
JPN,JPN.8_1,REST,0.04877,0.03735,0.02957,0.02282,0.01698,0.01199
JPN,JPN.9_1,REST,1.187,1.147,1.101,1.012,0.9484,0.8837
KAZ,KAZ.10_1,REST,0.002175,0.001902,0.01019,0.009493,0.02987,0.02816
KAZ,KAZ.11_1,REST,0.00187,0.001459,0.001206,0.001003,8.274e-4,6.881e-4
KAZ,KAZ.12_1,REST,0.002071,0.00174,0.001478,0.001287,0.001173,0.001022
KAZ,KAZ.13_1,REST,0.1753,0.1197,0.06431,0.03364,0.02767,0.02221
KAZ,KAZ.14_1,REST,7.701e-5,5.135e-5,3.704e-5,2.83e-5,2.302e-5,1.965e-5
KAZ,KAZ.1_1,REST,9.872e-4,6.68e-4,5.195e-4,4.411e-4,3.724e-4,3.168e-4
KAZ,KAZ.2_1,REST,0.01919,0.01645,0.01412,0.01208,0.01033,0.008848
KAZ,KAZ.3_1,REST,0.001399,0.001266,0.003081,0.002848,0.002615,0.002382
KAZ,KAZ.5_1,REST,0.03809,0.02213,0.007376,0,0,0
KAZ,KAZ.7_1,REST,0.2112,0.194,0.3411,0.3708,0.346,0.3188
KAZ,KAZ.8_1,REST,0.1657,0.121,0.08036,0.03969,0.009676,0
KEN,KEN.10_1,REST,0.02162,0.02183,0.02238,0.02446,0.02394,0.02398
KEN,KEN.11_1,REST,0.01609,0.01469,0.01365,0.01338,0.01281,0.01224
KEN,KEN.12_1,REST,0.047,0.04154,0.03738,0.03501,0.034,0.03261
KEN,KEN.13_1,REST,0.03731,0.02679,0.02343,0.02111,0.02324,0.02153
KEN,KEN.14_1,REST,1.27,1.452,1.362,1.303,1.292,1.24
KEN,KEN.15_1,REST,0.008053,0.007292,0.006805,0.006415,0.007835,0.007552
KEN,KEN.16_1,REST,0.005271,0.004856,0.005153,0.004931,0.005267,0.005971
KEN,KEN.17_1,REST,0.002124,0.001528,0.001021,6.612e-4,4.966e-4,3.828e-4
KEN,KEN.18_1,REST,0.2132,0.217,0.2158,0.2224,0.284,0.3033
KEN,KEN.19_1,REST,2.592,2.397,2.115,1.887,1.936,1.801
KEN,KEN.1_1,REST,1.738,1.583,1.43,1.31,1.207,1.1
KEN,KEN.20_1,REST,0.02383,0.02118,0.01929,0.01568,0.01322,0.0113
KEN,KEN.21_1,REST,2.191,2.142,1.949,1.842,1.695,1.783
KEN,KEN.22_1,REST,0.01146,0.01113,0.0107,0.01246,0.01494,0.0148
KEN,KEN.23_1,REST,0.03906,0.02859,0.02009,0.02283,0.01828,0.01489
KEN,KEN.24_1,REST,0,0,0,0,2.908e-4,2.759e-4
KEN,KEN.25_1,REST,14.7,13.9,13.32,12.35,11.38,10.41
KEN,KEN.26_1,REST,0.05179,0.05002,0.04866,0.05322,0.07724,0.09192
KEN,KEN.27_1,REST,0.04344,0.04425,0.04375,0.04445,0.0582,0.06253
KEN,KEN.28_1,REST,2.91,2.572,2.275,1.935,1.696,1.373
KEN,KEN.29_1,REST,0.2652,0.2508,0.2402,0.2596,0.2658,0.3296
KEN,KEN.2_1,REST,0.03528,0.03399,0.03263,0.03176,0.03461,0.0329
KEN,KEN.30_1,REST,0.04128,0.02835,0.0205,0.01323,0.007779,0.004863
KEN,KEN.31_1,REST,0.07006,0.06433,0.05897,0.05518,0.05354,0.05169
KEN,KEN.32_1,REST,0.0514,0.03458,0.0229,0.01541,0.0114,0.008485
KEN,KEN.33_1,REST,0.03381,0.03428,0.0346,0.03622,0.03783,0.03784
KEN,KEN.34_1,REST,0.03993,0.03605,0.03283,0.03077,0.02875,0.02689
KEN,KEN.35_1,REST,1.146,1.133,1.123,1.169,1.138,1.431
KEN,KEN.36_1,REST,0.07893,0.07319,0.06889,0.07039,0.07376,0.07735
KEN,KEN.37_1,REST,0.7583,0.8402,1.01,1.156,1.209,1.174
KEN,KEN.38_1,REST,0.008573,0.007304,0.006432,0.005577,0.004894,0.004308
KEN,KEN.39_1,REST,0.02362,0.01633,0.01155,0.007975,0.005469,0.003809
KEN,KEN.3_1,REST,0.04118,0.03846,0.03626,0.03463,0.03219,0.03045
KEN,KEN.40_1,REST,0.7813,0.7481,0.6984,0.6667,0.6338,0.641
KEN,KEN.41_1,REST,3.657,2.717,1.946,1.206,0.615,0.3034
KEN,KEN.42_1,REST,0.111,0.1075,0.1019,0.1011,0.1063,0.1094
KEN,KEN.43_1,REST,1.241,1.458,1.424,1.319,1.228,1.125
KEN,KEN.44_1,REST,0.1646,0.1517,0.1413,0.1386,0.1363,0.1368
KEN,KEN.45_1,REST,0.007969,0.007249,0.006971,0.00639,0.005702,0.005166
KEN,KEN.46_1,REST,0,0,0,0,0,0
KEN,KEN.47_1,REST,0.02642,0.02478,0.02445,0.02383,0.02356,0.02304
KEN,KEN.4_1,REST,0.07292,0.07207,0.06936,0.06924,0.07792,0.08132
KEN,KEN.5_1,REST,0.2287,0.2374,0.2406,0.2438,0.2571,0.2659
KEN,KEN.6_1,REST,1.995,1.883,1.806,1.966,2.37,2.348
KEN,KEN.7_1,REST,0.7067,0.6223,0.5362,0.46,0.3773,0.2936
KEN,KEN.8_1,REST,0.003974,0.002496,0.001611,0.001017,6.439e-4,4.558e-4
KEN,KEN.9_1,REST,0.005467,0.00491,0.004353,0.003796,0.003239,0.002771
KGZ,KGZ.1_1,REST,5.642e-4,3.314e-4,1.217e-4,1.397e-5,8.384e-6,2.795e-6
KGZ,KGZ.3_1,REST,0.02451,0.02017,0.01676,0.01365,0.05877,0.05361
KGZ,KGZ.4_1,REST,0.001349,9.983e-4,6.996e-4,4.208e-4,1.988e-4,1.016e-4
KGZ,KGZ.5_1,REST,3.91e-4,1.303e-4,0.8483,1.227,1.161,1.096
KGZ,KGZ.7_1,REST,0.00403,0.003144,0.002423,0.001764,0.001283,9.162e-4
KGZ,KGZ.8_1,REST,0.002602,8.674e-4,0,0,0,0
KGZ,KGZ.9_1,REST,0.002707,0.002106,0.001529,9.747e-4,5.419e-4,2.739e-4
KHM,KHM.10_1,REST,54.15,34.64,19.58,8.413,2.033,0
KHM,KHM.11_1,REST,912,893.7,849.3,806.1,758.8,699.5
KHM,KHM.12_1,REST,12.34,9.26,6.336,4.277,2.959,2.471
KHM,KHM.13_1,REST,609.4,596.8,577.6,556.3,524.3,613.8
KHM,KHM.14_1,REST,737.5,786,803.2,808.4,816.4,785.8
KHM,KHM.15_1,REST,206.1,217.1,216.8,229.6,227.1,215.8
KHM,KHM.16_1,REST,27.75,16.49,8.463,4.692,2.215,0.9523
KHM,KHM.17_1,REST,30.03,30.35,31.16,37.61,38.18,35.95
KHM,KHM.18_1,REST,142.2,144.5,146.3,152.4,160.3,153.3
KHM,KHM.19_1,REST,0.6323,0.5775,0.5249,0.4731,0.6072,0.548
KHM,KHM.1_1,REST,21.03,18.22,15.79,13.88,12.57,11.12
KHM,KHM.20_1,REST,539.6,552,549,543.3,539.2,531.1
KHM,KHM.21_1,REST,46.94,48.96,47.22,49.71,49.06,46.42
KHM,KHM.22_1,REST,277.3,279.4,281.4,301.6,313.1,307.3
KHM,KHM.23_1,REST,11.84,10.24,8.65,7.075,5.517,3.951
KHM,KHM.24_1,REST,0.1186,0.07983,0.0464,0.01967,0.00494,0.001145
KHM,KHM.25_1,REST,148.6,164.4,175.3,183.5,190,196
KHM,KHM.2_1,REST,3.638,2.688,1.962,1.449,1.188,1.206
KHM,KHM.3_1,REST,101.7,101.6,111.7,127.5,133.5,136
KHM,KHM.4_1,REST,0.611,0.4994,0.4186,0.3582,0.3069,0.2667
KHM,KHM.5_1,REST,1499,1289,1070,898,2035,1871
KHM,KHM.6_1,REST,92.51,93.2,92.07,90.04,85.97,80.05
KHM,KHM.7_1,REST,43.7,70.14,60.28,52.32,47.74,42.45
KHM,KHM.8_1,REST,0.02988,0.02429,0.01929,0.01586,0.01212,0.008689
KHM,KHM.9_1,REST,331.6,353.5,373.1,407.8,413.3,411.7
KNA,KNA.10_1,REST,0,0,0,0,0,0
KNA,KNA.11_1,REST,0,0,0,0,0,0
KNA,KNA.12_1,REST,0,0,0,0,0,0
KNA,KNA.13_1,REST,0,0,0,0,0,0
KNA,KNA.14_1,REST,0,0,0,0,0,0
KNA,KNA.1_1,REST,0,0,0,0,0,0
KNA,KNA.2_1,REST,0,0,0,0,0,0
KNA,KNA.3_1,REST,0,0,0,0,0,0
KNA,KNA.5_1,REST,0,0,0,0,0,0
KNA,KNA.6_1,REST,0,0,0,0,0,0
KNA,KNA.7_1,REST,0,0,0,0,0,0
KNA,KNA.8_1,REST,0,0,0,0,0,0
KNA,KNA.9_1,REST,0,0,0,0,0,0
KOR,KOR.10_1,REST,0.7971,0.7388,0.7654,0.7671,0.8139,0.9911
KOR,KOR.11_1,REST,0.2152,0.165,0.1148,0.06454,0.01972,0
KOR,KOR.12_1,REST,0.01686,0.01722,0.0172,0.01755,0.01682,0.01761
KOR,KOR.13_1,REST,0.05458,0.05873,0.05816,0.05884,0.05893,0.05559
KOR,KOR.14_1,REST,0.07944,0.06821,0.05977,0.04935,0.03803,0.02884
KOR,KOR.15_1,REST,10,12.88,42.97,40.36,37.75,35.49
KOR,KOR.17_1,REST,15.92,14.84,13.77,12.8,11.9,11.01
KOR,KOR.1_1,REST,0.07058,0.04039,0.01983,0.008117,0.002741,0.002114
KOR,KOR.2_1,REST,1.659,1.665,3.219,3.136,3.042,3.028
KOR,KOR.3_1,REST,0.1433,0.1412,0.1664,0.1522,0.1596,0.1564
KOR,KOR.4_1,REST,0.05448,0.05013,0.04577,0.04142,0.1014,0.09542
KOR,KOR.5_1,REST,0.7135,0.6427,0.572,1.031,0.933,3.799
KOR,KOR.6_1,REST,0.9767,1.059,1.736,1.802,1.735,1.688
KOR,KOR.7_1,REST,0.8156,0.7373,0.659,0.5808,0.5025,0.4242
KOR,KOR.8_1,REST,0.6536,0.5974,0.56,0.4924,0.4307,0.3835
KOR,KOR.9_1,REST,1.508,1.813,2.506,2.63,2.722,2.921
LAO,LAO.10_1,REST,54.32,57.44,60.08,64.43,66.9,66.92
LAO,LAO.11_1,REST,45.34,49.39,53.88,55.77,55.88,54.55
LAO,LAO.12_1,REST,78.73,86.23,95.47,105.5,116.3,119.9
LAO,LAO.13_1,REST,82.66,91.34,101.2,131.7,151.4,166.3
LAO,LAO.14_1,REST,282,296.5,310.9,362.1,399.1,407
LAO,LAO.15_1,REST,65.75,68.62,70.56,78.21,84.06,81.92
LAO,LAO.16_1,REST,918.8,1000,1061,1291,1373,1397
LAO,LAO.17_1,REST,120.2,127.3,132.4,139.1,145.3,148.2
LAO,LAO.18_1,REST,77.99,84.32,90.42,101.4,106.3,107.1
LAO,LAO.1_1,REST,85.86,92.33,102.7,116.4,122.5,119.5
LAO,LAO.2_1,REST,628.1,674.1,700.3,734.8,747,761.9
LAO,LAO.3_1,REST,278.9,303.8,333.3,390.6,420.8,433.7
LAO,LAO.4_1,REST,37.28,46.21,54.88,60.06,62.44,63.03
LAO,LAO.5_1,REST,53.56,53.74,53.25,58.83,59.32,56.94
LAO,LAO.6_1,REST,104.2,116,139.1,170.1,188.9,191.2
LAO,LAO.7_1,REST,123.5,125.3,124,125.8,129.1,134.2
LAO,LAO.8_1,REST,133.3,142.2,152,170.6,179,175.7
LAO,LAO.9_1,REST,37.38,37.95,39.35,43,43.36,41.86
LBN,LBN.1_1,REST,0.006291,0.006208,0.00659,0.008137,0.008245,0.007728
LBN,LBN.4_1,REST,0,0,0,0,0.001875,0.002148
LBN,LBN.5_1,REST,0.6081,0.5108,0.4217,0.3367,0.2532,0.1724
LBN,LBN.6_1,REST,0.008251,0.007664,0.007077,0.00649,0.00759,0.006916
LBN,LBN.7_1,REST,0.005552,0.004773,0.004007,0.003251,0.002687,0.001959
LBN,LBN.8_1,REST,0.01428,0.01297,0.01303,0.01371,0.01885,0.0201
LBR,LBR.10_1,REST,210.8,205.7,200.5,200.8,198.4,190.5
LBR,LBR.11_1,REST,180.7,182.5,193.2,204.3,216.5,220.2
LBR,LBR.12_1,REST,493.8,499.4,535,537.8,569.3,578.9
LBR,LBR.13_1,REST,586.1,586.5,582.6,574.5,591.9,584.7
LBR,LBR.14_1,REST,475.1,478.4,477.9,472.8,475.7,479.2
LBR,LBR.15_1,REST,348,336.6,331,324.5,322.4,315.7
LBR,LBR.1_1,REST,342,340.8,348.1,365.9,382.6,390.6
LBR,LBR.2_1,REST,730.5,750.5,778.6,789.7,811.2,817
LBR,LBR.3_1,REST,394.3,399.3,395.9,401,400.9,397.9
LBR,LBR.4_1,REST,257.7,262.6,271,285,293.9,300.7
LBR,LBR.5_1,REST,252.9,253.6,263.1,275.6,286.4,291.7
LBR,LBR.6_1,REST,483.6,476.2,490,498.7,517.4,514.9
LBR,LBR.7_1,REST,316.6,323.2,324.1,327.2,327.2,315.6
LBR,LBR.8_1,REST,1468,1524,1518,1544,1552,1516
LBR,LBR.9_1,REST,154.9,155.9,160.9,167.1,174,177.8
LBY,LBY.10_1,REST,0,0,0,0,0,0
LBY,LBY.11_1,REST,0.006718,0.004167,0.001687,3.614e-4,1.205e-4,0
LBY,LBY.12_1,REST,0,0,0,0,0,0
LBY,LBY.13_1,REST,6.248,5.848,5.454,6.497,6.351,5.871
LBY,LBY.15_1,REST,0,0,0,0,0.01857,0.01762
LBY,LBY.20_1,REST,0.001667,9.335e-4,5.321e-4,4.629e-4,3.937e-4,3.367e-4
LBY,LBY.2_1,REST,0.4665,0.418,0.3697,0.3427,0.324,0.3724
LBY,LBY.4_1,REST,0,0,0,0,0,0
LBY,LBY.7_1,REST,0.1211,0.09136,0.06897,0.04857,0.03119,0.0193
LBY,LBY.8_1,REST,0.00529,0.003475,0.002365,0.001935,0.001505,0.001075
LCA,LCA.10_1,REST,10.11,8.596,7.162,5.764,4.429,3.188
LCA,LCA.1_1,REST,18.01,13.89,10.15,6.774,4.113,2.669
LCA,LCA.2_1,REST,7.711,6.87,6.029,5.189,4.348,3.508
LCA,LCA.3_1,REST,3.421,2.219,1.311,0.6466,0.2562,0.1051
LCA,LCA.4_1,REST,2.556,1.87,1.195,0.6223,0.1912,0
LCA,LCA.5_1,REST,6.151,4.449,3.056,1.872,0.9551,0.5044
LCA,LCA.6_1,REST,1.361,1.242,1.133,1.026,1.238,1.126
LCA,LCA.7_1,REST,4.894,3.924,2.999,2.107,1.269,0.7561
LCA,LCA.8_1,REST,10.51,8.937,7.413,5.957,4.673,3.573
LCA,LCA.9_1,REST,28.8,22.81,17.16,11.87,7.189,4.546
LKA,LKA.10_1,REST,3.354,2.383,1.589,0.9673,0.5037,0.2478
LKA,LKA.11_1,REST,2.712,2.897,2.848,2.995,3.093,3.292
LKA,LKA.12_1,REST,3.683,3.341,2.939,2.601,2.37,2.322
LKA,LKA.13_1,REST,0.5015,0.4836,0.4422,0.4126,0.3697,0.328
LKA,LKA.14_1,REST,10.32,11.76,12.07,12.68,12.78,13.57
LKA,LKA.15_1,REST,8.642,7.79,6.987,6.193,5.285,4.321
LKA,LKA.16_1,REST,2.565,2.594,2.535,2.633,2.609,2.763
LKA,LKA.17_1,REST,4.743,4.393,4.142,3.734,3.505,3.175
LKA,LKA.18_1,REST,6.111,6.06,5.865,6.676,7.419,8.506
LKA,LKA.19_1,REST,2.822,3.044,3.172,3.186,3.495,3.705
LKA,LKA.1_1,REST,7.555,7.348,7.21,7.646,8.657,12.01
LKA,LKA.20_1,REST,3.908,3.53,3.155,3.019,2.83,2.779
LKA,LKA.21_1,REST,6.406,6.301,5.931,5.865,5.606,5.464
LKA,LKA.22_1,REST,6.596,6.76,6.774,6.802,6.46,7.058
LKA,LKA.23_1,REST,5.509,5.962,5.967,6.199,6.346,6.684
LKA,LKA.24_1,REST,14.56,14.06,13.65,13.83,14.14,14.22
LKA,LKA.25_1,REST,1.978,2.02,1.996,2.037,2.092,2.1
LKA,LKA.2_1,REST,2.364,2.539,2.555,2.601,2.7,2.839
LKA,LKA.3_1,REST,2.42,2.395,2.633,2.922,3.252,4.494
LKA,LKA.4_1,REST,6.255,6.133,6.01,6.113,6.438,6.84
LKA,LKA.5_1,REST,4.025,2.944,2.007,1.204,0.5791,0.2886
LKA,LKA.6_1,REST,8.246,7.35,6.477,5.55,4.679,3.78
LKA,LKA.7_1,REST,8.693,9.798,9.617,9.551,9.471,9.503
LKA,LKA.8_1,REST,5.246,5.208,5.157,4.988,4.726,4.763
LKA,LKA.9_1,REST,0.01426,0.01307,0.01171,0.01134,0.01138,0.01045
LSO,LSO.3_1,REST,0,0,0,0,0,0
LTU,LTU.10_1,REST,0.1615,0.138,0.1145,0.1038,0.07961,0.05546
LTU,LTU.1_1,REST,0.04691,0.04032,0.03372,0.02713,0.02054,0.01397
LTU,LTU.2_1,REST,0.4756,0.4114,0.3473,0.2832,0.2193,0.1555
LTU,LTU.3_1,REST,0.008124,0.007204,0.006285,0.005365,0.004445,0.003525
LTU,LTU.4_1,REST,0.09989,0.08844,0.07748,0.06709,0.05675,0.04642
LTU,LTU.5_1,REST,0.06441,0.05712,0.04984,0.04256,0.03528,0.02804
LTU,LTU.6_1,REST,0.1372,0.09217,0.05432,0.02807,0.009312,0.001157
LTU,LTU.7_1,REST,0,0,0,0,0,0
LTU,LTU.8_1,REST,0.3775,0.3351,0.2933,0.2515,0.2097,0.1688
LTU,LTU.9_1,REST,0.4719,0.4013,0.3307,0.2601,0.1895,0.1189
LUX,LUX.1_1,REST,2.109e-4,2.001e-4,1.893e-4,1.785e-4,1.677e-4,1.569e-4
LUX,LUX.2_1,REST,0.02201,0.01476,0.009396,0.005467,0.002774,0.001948
LUX,LUX.3_1,REST,0.001435,4.819e-4,4.487e-4,4.155e-4,3.822e-4,3.49e-4
LVA,LVA.1_1,REST,0,0,0,0,0,0
LVA,LVA.2_1,REST,0,0,0,0,0,0
LVA,LVA.3_1,REST,0,0,0,0,0,0
LVA,LVA.4_1,REST,0,0,0,0,0,0
LVA,LVA.5_1,REST,0,0,0,0,0,0
MAR,MAR.10_1,REST,0.01923,0.01886,0.01852,0.04465,0.06645,0.07219
MAR,MAR.11_1,REST,0.02832,0.02801,0.0279,0.029760000000000002,0.04172,0.04332
MAR,MAR.12_1,REST,0.002311,0.002169,0.002064,0.003488,0.003857,0.003842
MAR,MAR.13_1,REST,0.01056,0.01025,0.03703,0.1281,0.202,0.246
MAR,MAR.14_1,REST,0.2058,0.2024,0.2009,0.1978,0.1914,0.1975
MAR,MAR.15_1,REST,0.4349,0.4117,0.4011,0.375,0.351,0.3223
MAR,MAR.1_1,REST,0.06687,0.07694,0.07421,0.07652,0.0829,0.08308
MAR,MAR.2_1,REST,0.01331,0.01331,0.01534,0.03563,0.03399,0.03199
MAR,MAR.3_1,REST,0.05258,0.04914,0.04693,0.06412,0.06072,0.06171
MAR,MAR.4_1,REST,0.1454,0.1499,0.1494,0.1517,0.1498,0.1511
MAR,MAR.5_1,REST,0.03093,0.02916,0.03231,0.03131,0.03942,0.08977
MAR,MAR.6_1,REST,0,0,0,0,0,0
MAR,MAR.8_1,REST,6.583e-4,5.983e-4,6.982e-4,0.002396,0.002743,0.003259
MAR,MAR.9_1,REST,0.02599,0.02603,0.02598,0.02739,0.02718,0.02922
MDA,MDA.10_1,REST,0.1139,0.1032,0.09257,0.08191,0.07159,1.845
MDA,MDA.11_1,REST,2.536,2.364,2.727,2.542,2.356,2.687
MDA,MDA.12_1,REST,0.5472,0.5101,0.473,0.4359,0.4506,0.5962
MDA,MDA.13_1,REST,3.609,3.377,3.146,2.916,2.686,4.52
MDA,MDA.14_1,REST,0.7291,0.6702,0.6113,0.5524,0.4936,0.4347
MDA,MDA.15_1,REST,0.02051,0.02987,0.03156,0.03985,0.03753,0.03959
MDA,MDA.16_1,REST,1.334,2.454,14.65,13.83,13,12.18
MDA,MDA.17_1,REST,1.21,1.122,1.035,1.216,1.117,1.019
MDA,MDA.18_1,REST,2.385,2.136,2.538,2.821,2.56,2.255
MDA,MDA.19_1,REST,0.5509,0.4955,0.4421,0.3938,0.3487,0.3638
MDA,MDA.1_1,REST,0.2454,0.2263,0.2072,0.3191,0.375,0.3933
MDA,MDA.20_1,REST,4.01,3.734,3.477,3.196,2.917,2.638
MDA,MDA.21_1,REST,1.919,1.801,1.682,1.807,1.677,1.956
MDA,MDA.22_1,REST,0.4531,0.4281,0.4032,0.3785,0.354,0.3296
MDA,MDA.23_1,REST,3.752,4.058,3.876,3.635,3.679,4.58
MDA,MDA.24_1,REST,1.38,1.301,1.284,1.167,1.091,1.794
MDA,MDA.25_1,REST,6.441,7.628,7.049,6.773,6.375,7.509
MDA,MDA.26_1,REST,0.2953,0.4061,0.417,0.3883,0.3597,0.3312
MDA,MDA.27_1,REST,0,0,0,0,0,0
MDA,MDA.28_1,REST,0.732,0.6919,0.6552,0.5879,0.9908,0.9006
MDA,MDA.29_1,REST,1.988,1.856,1.725,1.594,1.673,1.533
MDA,MDA.2_1,REST,0,0,0,0,0,0
MDA,MDA.30_1,REST,1.264,1.143,1.021,0.899,0.7783,0.6586
MDA,MDA.31_1,REST,6.699,6.311,7.32,7.055,7.579,10.2
MDA,MDA.32_1,REST,0.1261,0.1167,0.1246,0.1405,0.1286,0.1409
MDA,MDA.33_1,REST,0.3555,0.572,0.5376,0.5033,0.4689,0.4345
MDA,MDA.34_1,REST,0.8706,0.7937,0.717,1.028,0.931,0.9278
MDA,MDA.35_1,REST,0.8301,0.7708,0.7114,0.6526,0.6864,0.6244
MDA,MDA.36_1,REST,0.03365,0.0396,0.04056,0.04483,0.04148,0.04125
MDA,MDA.37_1,REST,0.2711,0.2233,0.3473,0.2922,0.2374,0.2024
MDA,MDA.3_1,REST,0,0,0,0,0,0.2327
MDA,MDA.4_1,REST,2.218,2.084,1.949,1.815,1.681,1.688
MDA,MDA.5_1,REST,0.463,1,0.942,1.469,1.381,1.304
MDA,MDA.6_1,REST,0.8918,0.9138,1.232,1.183,1.091,2.329
MDA,MDA.7_1,REST,5.733,5.411,4.899,4.976,4.732,4.198
MDA,MDA.8_1,REST,0.3139,0.2865,0.5686,0.5254,3.899,11.05
MDA,MDA.9_1,REST,1.492,1.359,1.229,1.101,1.683,1.759
MDG,MDG.1_1,REST,1.321,1.239,1.23,1.217,1.156,1.162
MDG,MDG.2_1,REST,255.5,256.7,262.6,283.8,295.6,294.4
MDG,MDG.3_1,REST,69.15,70.36,74.13,75.66,75.78,76.76
MDG,MDG.4_1,REST,126.1,118.1,111.8,107,99.61,93.82
MDG,MDG.5_1,REST,512.2,512.2,507.3,513.8,505.1,504.4
MDG,MDG.6_1,REST,2.159,2.187,2.073,2.092,2.088,2.32
MEX,MEX.10_1,REST,0.01087,0.007675,0.00538,0.00474,0.004529,0.02625
MEX,MEX.11_1,REST,0.01544,0.01611,0.01718,0.02432,0.02346,0.02132
MEX,MEX.12_1,REST,1.597,1.633,1.603,1.605,1.579,1.521
MEX,MEX.13_1,REST,0.06125,0.0465,0.0341,0.02376,0.01614,0.0118
MEX,MEX.14_1,REST,1.343,1.453,1.492,1.619,1.655,1.691
MEX,MEX.15_1,REST,0.02481,0.02215,0.02134,0.019,0.01622,0.01347
MEX,MEX.16_1,REST,0.002513,0.002659,0.002707,0.002651,0.002855,0.002916
MEX,MEX.17_1,REST,0.01893,0.01627,0.01394,0.01228,0.01022,0.008274
MEX,MEX.18_1,REST,0.1504,0.1725,0.1938,0.3072,0.3111,0.3216
MEX,MEX.19_1,REST,0.04244,0.044,0.04293,0.04092,0.03868,0.03529
MEX,MEX.1_1,REST,0.004619,0.003913,0.003235,0.00257,0.001918,0.001322
MEX,MEX.20_1,REST,5.601,5.877,6.186,6.313,6.589,6.658
MEX,MEX.21_1,REST,0.1724,0.203,0.2019,0.1991,0.2042,0.2375
MEX,MEX.22_1,REST,0.01041,0.008811,0.007874,0.006556,0.01162,0.01071
MEX,MEX.23_1,REST,1.173,1.144,1.112,1.094,1.254,1.263
MEX,MEX.24_1,REST,0.1201,0.1024,0.08877,0.07717,0.07282,0.06831
MEX,MEX.25_1,REST,0.01367,0.01422,0.01444,0.01648,0.01779,0.018
MEX,MEX.26_1,REST,0.004626,0.003818,0.00308,0.003032,0.003042,0.003257
MEX,MEX.27_1,REST,10.08,10.98,11.01,11.2,11.88,12.03
MEX,MEX.28_1,REST,0.05732,0.06775,0.07109,0.08228,0.0867,0.08987
MEX,MEX.29_1,REST,0.07597,0.06456,0.0535,0.04244,0.03138,0.02032
MEX,MEX.2_1,REST,0.007211,0.006228,0.00525,0.004279,0.003314,0.002351
MEX,MEX.30_1,REST,0.8184,0.8493,0.8729,0.9035,0.9459,0.9501
MEX,MEX.31_1,REST,2.01,1.829,1.666,1.516,1.364,1.31
MEX,MEX.32_1,REST,0.001894,0.001713,0.001435,0.002544,0.00228,0.002129
MEX,MEX.3_1,REST,0.1161,0.1009,0.08571,0.07055,0.05565,0.04046
MEX,MEX.4_1,REST,1.494,1.527,1.556,1.698,1.751,1.742
MEX,MEX.5_1,REST,3.628,3.657,3.708,3.871,4.014,3.991
MEX,MEX.6_1,REST,0.04201,0.02748,0.01621,0.009616,0.006882,0.005761
MEX,MEX.7_1,REST,0.2089,0.1804,0.1569,0.1361,0.1253,0.1118
MEX,MEX.8_1,REST,0.001126,0.001182,0.001227,0.001348,0.001435,0.00194
MEX,MEX.9_1,REST,0.07518,0.05553,0.03743,0.02017,0.01128,0.0103
MKD,MKD.11_1,REST,1.875,1.835,4.692,6.671,7.051,6.546
MKD,MKD.14_1,REST,0.03079,0.02664,0.02377,0.02094,0.01816,0.01551
MKD,MKD.15_1,REST,0,0,0,0,0,0
MKD,MKD.16_1,REST,6.829,6.02,5.218,4.415,3.612,2.81
MKD,MKD.18_1,REST,1.587,1.856,1.731,1.607,1.483,1.359
MKD,MKD.19_1,REST,0.3824,0.3423,0.3023,0.2623,0.2225,0.1829
MKD,MKD.1_1,REST,0,0,0,0,0,0
MKD,MKD.20_1,REST,0.2,0.1863,0.1726,0.1589,0.1452,0.1315
MKD,MKD.21_1,REST,0.7426,0.6801,0.6202,0.5631,0.5068,0.4509
MKD,MKD.23_1,REST,0.04459,0.02725,0.01447,0.004044,0,0
MKD,MKD.24_1,REST,0,0,0,0,1.186,1.125
MKD,MKD.25_1,REST,0.1942,0.1737,0.1533,0.1329,0.1124,0.09198
MKD,MKD.26_1,REST,1.251,1.067,0.8822,0.6977,0.5273,0.3747
MKD,MKD.27_1,REST,0.008043,0.006872,0.005922,0.004972,0.004022,0.003072
MKD,MKD.29_1,REST,0.002677,0,0,0,0,0
MKD,MKD.2_1,REST,0,0,0,0,0,0
MKD,MKD.30_1,REST,0.002968,0.001658,8.31e-4,3.454e-4,5.405e-5,0
MKD,MKD.32_1,REST,0.08301,0.07761,0.08918,0.0829,0.07683,0.07096
MKD,MKD.33_1,REST,0.6993,0.5473,0.3988,0.2539,0.1263,0.06085
MKD,MKD.35_1,REST,0.08446,0.07097,0.06266,0.05449,0.04693,0.04012
MKD,MKD.36_1,REST,7.484,6.913,6.343,5.772,5.202,4.631
MKD,MKD.3_1,REST,0.214,0.1561,0.1099,0.06596,0.02199,0
MKD,MKD.40_1,REST,0.01159,0.01005,0.008517,0.006982,0.005446,0.003911
MKD,MKD.41_1,REST,3.098e-4,0,0,0,0,0
MKD,MKD.43_1,REST,0.5202,0.4845,0.4856,0.4491,0.4136,0.3781
MKD,MKD.44_1,REST,0.6149,0.5751,0.5354,0.4957,0.456,0.6427
MKD,MKD.45_1,REST,2.332,2.232,2.083,2.036,2.07,2.161
MKD,MKD.46_1,REST,0.005999,0,0,0,0,0
MKD,MKD.48_1,REST,0.3976,0.3667,0.3397,0.3127,0.2861,0.2597
MKD,MKD.49_1,REST,0.001768,5.894e-4,0,0,0,0
MKD,MKD.4_1,REST,1.078e-5,0,0,0,0,0
MKD,MKD.50_1,REST,0.003668,0.002122,8.806e-4,1.702e-4,0,0
MKD,MKD.51_1,REST,0.3961,0.4868,0.6463,0.6537,0.6083,0.563
MKD,MKD.52_1,REST,0,0,0,0,0,0
MKD,MKD.59_1,REST,0.006122,0.004847,0.003958,0.003139,0.002567,0.002286
MKD,MKD.5_1,REST,0,0,0,0,0,0
MKD,MKD.60_1,REST,0,0,0,0,0,0
MKD,MKD.61_1,REST,0.1824,0.1591,0.1377,0.1167,0.09616,0.07611
MKD,MKD.62_1,REST,0.03263,0.03067,0.03066,0.03772,0.0352,0.03267
MKD,MKD.63_1,REST,0.155,0.1338,0.1181,0.1041,0.0917,0.08089
MKD,MKD.64_1,REST,0,0,0,0,0,0
MKD,MKD.65_1,REST,0.03048,0.02607,0.02167,0.01727,0.01302,0.008898
MKD,MKD.67_1,REST,0.1339,0.1182,0.1024,0.0867,0.07096,0.05523
MKD,MKD.68_1,REST,0.09616,0.08334,0.07051,0.05769,0.04487,0.03205
MKD,MKD.69_1,REST,0,0,0,0,0,0
MKD,MKD.6_1,REST,0.3637,0.3302,0.2968,0.2634,0.23,0.1999
MKD,MKD.72_1,REST,1.279,1.177,1.074,0.9708,0.868,0.7651
MKD,MKD.73_1,REST,0.1497,0.1393,0.129,0.1187,0.1084,0.09805
MKD,MKD.75_1,REST,0.1404,0.1218,0.1033,0.0847,0.06614,0.04758
MKD,MKD.76_1,REST,0.1209,0.1019,0.08577,0.07346,0.06287,0.05347
MKD,MKD.77_1,REST,0.5247,0.4125,0.3014,0.202,0.1192,0.04297
MKD,MKD.79_1,REST,0.1658,0.1433,0.1322,0.1142,0.09657,0.08053
MKD,MKD.7_1,REST,0,0,0,0,0,0
MKD,MKD.85_1,REST,0.02027,0.01738,0.01471,0.01209,0.009557,0.007797
MKD,MKD.8_1,REST,1.434e-4,0,0,0,0,0
MLI,MLI.1_1,REST,0,0,0,9.426e-4,0.001377,0.001304
MLI,MLI.3_1,REST,0.121,0.1132,0.1128,0.1846,0.2635,0.3283
MLI,MLI.5_1,REST,0.02812,0.02697,0.02699,0.02901,0.03424,0.03753
MLI,MLI.6_1,REST,0.07198,0.06323,0.0571,0.04866,0.04132,0.03512
MLI,MLI.7_1,REST,0.194,0.2007,0.2045,0.205,0.2054,0.2019
MLI,MLI.8_1,REST,0.1193,0.1247,0.1292,0.1374,0.144,0.1509
MLI,MLI.9_1,REST,0.01123,0.01016,0.009087,0.008018,0.006949,0.00588
MMR,MMR.10_1,REST,0.06205,0.06092,0.07688,0.08769,0.089,0.1686
MMR,MMR.11_1,REST,15.99,15.87,15.42,15.6,15.87,15.79
MMR,MMR.12_1,REST,0.8816,0.8805,0.8321,0.8192,0.7994,0.7871
MMR,MMR.13_1,REST,70.7,73.76,75.57,80.18,80.89,81.86
MMR,MMR.14_1,REST,210.4,218.9,218.3,219.8,218.2,210.4
MMR,MMR.15_1,REST,0.5942,0.4381,0.2872,0.1551,0.07852,0.08398
MMR,MMR.1_1,REST,3.537,3.634,3.682,4.9,7.422,8.079
MMR,MMR.2_1,REST,22.5,23.79,25.77,29.5,30.56,30.85
MMR,MMR.3_1,REST,197.2,202.1,206,215.1,223.2,229.5
MMR,MMR.4_1,REST,340.3,360.5,363.1,385.3,390.4,382.3
MMR,MMR.5_1,REST,18.82,19.17,19.85,20.44,20.6,20.17
MMR,MMR.6_1,REST,143.8,151.6,155.7,161,165.1,165.9
MMR,MMR.7_1,REST,1.817,1.755,1.665,1.78,1.776,1.723
MMR,MMR.8_1,REST,0.9657,1.078,1.156,1.342,1.455,1.452
MMR,MMR.9_1,REST,35.96,39.34,41.84,45.36,47.55,47.98
MNE,MNE.16_1,REST,0.4712,0.4042,0.3373,0.2704,0.2037,0.137
MNE,MNE.20_1,REST,0.09192,0.08615,0.08039,0.07463,0.06887,0.0631
MNG,MNG.14_1,REST,0,0,0,0,0,0
MNG,MNG.18_1,REST,0.4689,0.2981,0.1868,0.07549,0.01785,0.01388
MNG,MNG.19_1,REST,0,0,0,0,0,0
MNG,MNG.20_1,REST,0.003138,0.002839,0.00254,0.002241,0.001942,0.001643
MNG,MNG.22_1,REST,96.98,88.55,80.12,71.68,63.25,54.82
MNG,MNG.4_1,REST,0,0,0,0,0,0
MNG,MNG.5_1,REST,0,0,0,0,0,0
MNG,MNG.6_1,REST,0,0,0,0,0,0
MOZ,MOZ.10_1,REST,10.36,11.4,12.12,13.74,14.66,14.84
MOZ,MOZ.11_1,REST,23.12,25.87,26.84,28.94,30.04,30.79
MOZ,MOZ.1_1,REST,16.8,16.47,15.63,15.52,16.63,16.44
MOZ,MOZ.2_1,REST,0.7855,0.9049,0.8977,0.902,0.8942,0.8926
MOZ,MOZ.3_1,REST,24.25,21.7,18.89,16.58,14.72,13.29
MOZ,MOZ.4_1,REST,19.07,21.81,23.88,26.19,27.92,28.28
MOZ,MOZ.5_1,REST,1.385,0.8954,0.5327,0.3254,0.167,0.08125
MOZ,MOZ.6_1,REST,0.09959,0.09104,0.07984,0.06953,0.05929,0.04962
MOZ,MOZ.7_1,REST,16.55,17.5,18.02,18.8,20.36,20.64
MOZ,MOZ.8_1,REST,17.56,17.98,17.72,18,18.77,18.98
MOZ,MOZ.9_1,REST,8.32,9.075,9.798,10.24,10.87,10.95
MRT,MRT.13_1,REST,0,0,3.923e-5,3.933e-5,4.195e-5,2.03e-4
MRT,MRT.3_1,REST,0.005512,0.01734,0.0275,0.04567,0.05323,0.05054
MRT,MRT.5_1,REST,0,1.718,1.63,1.542,1.454,1.366
MRT,MRT.6_1,REST,0,0,0,0,0,0
MTQ,MTQ.1_1,REST,45.46,39.48,33.53,27.61,21.74,15.94
MTQ,MTQ.2_1,REST,5.213,4.454,3.713,2.989,2.286,1.601
MTQ,MTQ.3_1,REST,21.24,18.31,15.41,12.51,9.66,6.856
MTQ,MTQ.4_1,REST,52,45.15,38.36,31.7,25.22,18.8
MUS,MUS.12_1,REST,0.02672,0.02333,0.02008,0.01691,0.01411,0.01177
MUS,MUS.2_1,REST,0.11,0.09727,0.08494,0.07327,0.06248,0.06123
MUS,MUS.3_1,REST,0.1052,0.0948,0.08484,0.07531,0.0664,0.05821
MUS,MUS.4_1,REST,0.1785,0.1626,0.1468,0.1311,0.116,0.1016
MUS,MUS.5_1,REST,0.9514,0.8669,0.7849,0.7055,0.629,0.5548
MUS,MUS.6_1,REST,0.07868,0.07194,0.06529,0.05879,0.05245,0.0491
MUS,MUS.7_1,REST,0.1822,0.1582,0.1349,0.1121,0.08972,0.06766
MUS,MUS.8_1,REST,0.3289,0.3009,0.273,0.2453,0.2177,0.1902
MUS,MUS.9_1,REST,0.05783,0.05304,0.04826,0.04353,0.03886,0.03788
MWI,MWI.11_1,REST,1.43,1.613,1.729,1.712,1.607,1.495
MWI,MWI.12_1,REST,0.03736,0.03743,0.03836,0.03825,0.0367,0.0389
MWI,MWI.13_1,REST,0.07055,0.06984,0.06675,0.06794,0.06747,0.06889
MWI,MWI.14_1,REST,0.002113,0.00196,0.001741,0.001527,0.001357,0.001249
MWI,MWI.15_1,REST,4.808,4.064,3.328,2.613,1.939,1.324
MWI,MWI.16_1,REST,0.2692,0.2345,0.2031,0.2036,0.2741,0.2896
MWI,MWI.17_1,REST,0.6249,0.5089,0.4107,0.3344,0.3058,0.3412
MWI,MWI.18_1,REST,0.1018,0.09708,0.09272,0.088,0.0861,0.08413
MWI,MWI.19_1,REST,3.368,3.65,3.815,4.197,4.445,4.603
MWI,MWI.1_1,REST,0.0139,0.01257,0.0117,0.01058,0.01249,0.01331
MWI,MWI.20_1,REST,0.08274,0.087,0.08717,0.09025,0.09589,0.09617
MWI,MWI.21_1,REST,2.206,2.746,2.571,2.686,2.691,2.995
MWI,MWI.22_1,REST,0.5001,0.4301,0.3616,0.2937,0.2295,0.1694
MWI,MWI.23_1,REST,0.008913,0.008721,0.008762,0.008663,0.008893,0.008258
MWI,MWI.24_1,REST,0.214,0.1618,0.1122,0.06574,0.03071,0.01564
MWI,MWI.25_1,REST,0.149,0.1544,0.1496,0.1524,0.1657,0.1787
MWI,MWI.26_1,REST,0.03904,0.03925,0.03683,0.03427,0.03531,0.0325
MWI,MWI.27_1,REST,0.8752,0.8581,0.943,0.9793,0.9845,0.9382
MWI,MWI.28_1,REST,0.1253,0.1242,0.1375,0.1412,0.1332,0.135
MWI,MWI.2_1,REST,0.05676,0.0527,0.07435,0.09302,0.1177,0.1126
MWI,MWI.3_1,REST,3.593,2.768,2.004,1.339,0.9425,0.9028
MWI,MWI.4_1,REST,0.08004,0.07574,0.07445,0.08381,0.09099,0.09582
MWI,MWI.5_1,REST,0.356,0.3793,0.3833,0.4119,0.4246,0.4489
MWI,MWI.6_1,REST,0.1104,0.1179,0.1167,0.1065,0.09727,0.08717
MWI,MWI.7_1,REST,0.00959,0.008136,0.006755,0.005399,0.004079,0.002882
MWI,MWI.8_1,REST,0.09882,0.1101,0.1105,0.124,0.1326,0.1354
MWI,MWI.9_1,REST,0.04546,0.041,0.03587,0.0312,0.02847,0.02498
MYS,MYS.10_1,REST,2.994,2.517,2.136,1.79,1.7,1.555
MYS,MYS.11_1,REST,2.922,2.548,2.199,1.849,1.538,1.271
MYS,MYS.12_1,REST,2.224,1.88,1.538,1.196,0.8544,0.5126
MYS,MYS.13_1,REST,922.9,721.5,548.2,398.6,278.5,197.8
MYS,MYS.14_1,REST,402.4,385.9,367.9,350.6,330.6,311.3
MYS,MYS.15_1,REST,51.04,49.86,47.53,45.24,42.86,41.4
MYS,MYS.16_1,REST,729.6,633.9,572.3,514.7,491.2,478
MYS,MYS.1_1,REST,110.4,99.86,91.1,84.46,76.67,70.63
MYS,MYS.2_1,REST,13.89,11.59,9.329,7.571,6.163,5.433
MYS,MYS.3_1,REST,434.9,363,296.2,234.2,179.6,134.4
MYS,MYS.5_1,REST,397.4,308.4,240.4,184.7,129.3,78.22
MYS,MYS.6_1,REST,40.22,35.53,31.96,28.55,25.53,23.7
MYS,MYS.7_1,REST,237.5,231.5,221.2,212.4,205.8,200.8
MYS,MYS.8_1,REST,238.8,218.2,193.7,172.1,153.6,138.9
MYS,MYS.9_1,REST,85.38,84.29,81.52,80.8,77.98,77.86
NAM,NAM.10_1,REST,0.1936,0.182,0.1705,0.1589,0.1474,0.1359
NAM,NAM.11_1,REST,0.02047,0.02219,0.02114,0.02416,0.06115,0.06787
NAM,NAM.12_1,REST,0.1123,0.1448,0.1432,0.1366,0.1551,0.1884
NAM,NAM.13_1,REST,3.643,3.493,3.287,3.149,2.989,2.911
NAM,NAM.3_1,REST,0,0,0,0,0,0
NAM,NAM.4_1,REST,0.0354,0.04077,0.04027,0.05939,0.07401,0.08578
NAM,NAM.6_1,REST,0,0,0,0,0,0
NAM,NAM.7_1,REST,1.156,1.126,1.11,1.447,1.752,2.025
NAM,NAM.8_1,REST,0,0,0,0,0,0
NAM,NAM.9_1,REST,3.302e-4,0.004941,0.004675,0.004408,0.004141,0.01591
NCL,NCL.2_1,REST,0,0,0,0,0,0
NCL,NCL.3_1,REST,0,0,0,0,0,0
NER,NER.1_1,REST,0,0,0,0,0,0
NER,NER.2_1,REST,0,0,0,0,0,0
NER,NER.3_1,REST,1.204e-5,1.216e-5,1.212e-5,1.464e-5,1.365e-5,1.272e-5
NER,NER.4_1,REST,0,0,0,0,0,0
NER,NER.6_1,REST,0,0,0,0,0,0
NER,NER.7_1,REST,0,0,0,0,2.833e-5,3.378e-5
NGA,NGA.10_1,REST,6.359,6.781,7.628,7.594,8.988,10.15
NGA,NGA.11_1,REST,0.294,0.3161,0.3281,0.3174,0.3264,0.3204
NGA,NGA.12_1,REST,6.483,7.049,7.691,7.676,8.299,9.041
NGA,NGA.13_1,REST,0.0454,0.0501,0.05151,0.05263,0.06421,0.06815
NGA,NGA.14_1,REST,0.1077,0.1348,0.1502,0.1482,0.2128,0.2526
NGA,NGA.15_1,REST,0.08709,0.08007,0.08287,0.08399,0.09404,0.09922
NGA,NGA.16_1,REST,1.2,1.036,0.8739,0.7142,0.5605,0.4071
NGA,NGA.17_1,REST,6.194,6.313,6.311,6.171,6.923,7.395
NGA,NGA.18_1,REST,0.03058,0.02639,0.0222,0.01801,0.01382,0.009624
NGA,NGA.19_1,REST,0.2295,0.2281,0.2489,0.2657,0.2694,0.3106
NGA,NGA.1_1,REST,0.4051,0.4372,0.4631,0.4654,0.479,0.484
NGA,NGA.20_1,REST,0.01116,0.009675,0.00825,0.006758,0.005267,0.003776
NGA,NGA.21_1,REST,0.007734,0.006693,0.005655,0.004618,0.003586,0.002561
NGA,NGA.22_1,REST,1.263,1.109,0.9527,0.7971,0.639,0.4814
NGA,NGA.23_1,REST,0.268,0.2493,0.2646,0.2694,0.2801,0.3091
NGA,NGA.24_1,REST,0.6061,0.4356,0.2978,0.2019,0.1356,0.1132
NGA,NGA.25_1,REST,2.534,3.075,3.394,3.761,4.094,4.302
NGA,NGA.26_1,REST,0.175,0.1421,0.1188,0.1021,0.1082,0.1142
NGA,NGA.27_1,REST,0.7905,0.8239,0.739,0.6341,0.5463,0.4833
NGA,NGA.28_1,REST,6.461,7.292,7.706,7.992,8.925,10.24
NGA,NGA.29_1,REST,0.4524,0.4409,0.4297,0.4138,0.4005,0.3884
NGA,NGA.2_1,REST,0.5024,0.4366,0.3714,0.3068,0.2451,0.1805
NGA,NGA.30_1,REST,0.03558,0.03496,0.0333,0.03208,0.03107,0.03274
NGA,NGA.31_1,REST,0.06415,0.05628,0.04726,0.04093,0.0394,0.0434
NGA,NGA.32_1,REST,0.2035,0.1785,0.1529,0.1283,0.1049,0.0822
NGA,NGA.33_1,REST,0.3634,0.366,0.397,0.4155,0.4801,0.523
NGA,NGA.34_1,REST,0.01201,0.01186,0.01083,0.009942,0.01028,0.01378
NGA,NGA.35_1,REST,0.06391,0.05499,0.04756,0.04289,0.03816,0.03711
NGA,NGA.36_1,REST,2.783e-5,2.047e-5,1.462e-5,8.773e-6,2.924e-6,0
NGA,NGA.37_1,REST,0.00121,0.001169,9.88e-4,8.098e-4,6.353e-4,4.628e-4
NGA,NGA.3_1,REST,10.27,10.99,12.54,13.09,13.7,13.94
NGA,NGA.4_1,REST,1.835,2.368,2.803,3.28,3.609,3.773
NGA,NGA.5_1,REST,8.12,7.004,5.888,4.773,3.657,2.542
NGA,NGA.6_1,REST,0.2515,0.2521,0.3015,0.2882,0.3033,0.3483
NGA,NGA.7_1,REST,0.01043,0.007577,0.00525,0.003406,0.002552,0.002371
NGA,NGA.8_1,REST,0.03723,0.03252,0.0278,0.02309,0.01839,0.01369
NGA,NGA.9_1,REST,2.979,3.346,3.496,3.602,3.592,3.66
NIC,NIC.10_1,REST,0,0,0,0,0,0
NIC,NIC.11_1,REST,0,0,0,0,0,0
NIC,NIC.12_1,REST,0.003395,0.002905,0.002494,0.002054,0.001634,0.001304
NIC,NIC.13_1,REST,0,0,0,0,0,0
NIC,NIC.14_1,REST,0,0,0,0,0,0
NIC,NIC.15_1,REST,0,0,0,0,0,0
NIC,NIC.16_1,REST,0.08357,0.08377,0.08255,0.076,0.07239,0.07199
NIC,NIC.17_1,REST,7.272e-5,5.702e-5,4.285e-5,3.248e-5,2.526e-5,1.837e-5
NIC,NIC.18_1,REST,0,0,0,0,0,0
NIC,NIC.1_1,REST,0.1193,0.1064,0.09268,0.082170000000000007,0.07888,0.06537
NIC,NIC.2_1,REST,0,0,0,0,0,0
NIC,NIC.3_1,REST,0,0,0,0,0,0
NIC,NIC.4_1,REST,0,0,0,0,0,0
NIC,NIC.5_1,REST,0.003394,0.00307,0.002858,0.003129,0.002839,0.002637
NIC,NIC.6_1,REST,0,0,0,0,0,0
NIC,NIC.7_1,REST,0,0,0,0,0,0
NIC,NIC.8_1,REST,0,0,0,0,0,0
NIC,NIC.9_1,REST,0.8457,0.8335,0.8137,0.95,1.178,1.193
NLD,NLD.10_1,REST,0,0,0,0,0,0
NLD,NLD.11_1,REST,0,0,0,0,0,0
NLD,NLD.12_1,REST,5.37e-6,4.744e-6,4.118e-6,3.492e-6,2.866e-6,2.239e-6
NLD,NLD.13_1,REST,0,0,0,0,0,0
NLD,NLD.14_1,REST,0,0,0,0,0,0
NLD,NLD.1_1,REST,0,0,0,0,0,0
NLD,NLD.2_1,REST,0,0,0,0,0,0
NLD,NLD.3_1,REST,0,0,0,0,0,0
NLD,NLD.4_1,REST,0,0,0,0,0,0
NLD,NLD.5_1,REST,0,0,0,0,0,0
NLD,NLD.6_1,REST,0,0,0,0,0,0
NLD,NLD.7_1,REST,0.002061,0.001858,0.001663,0.001471,0.002148,0.00193
NLD,NLD.8_1,REST,6.442e-7,2.147e-7,0,0,0,0
NLD,NLD.9_1,REST,0,0,0,0,0,0
NOR,NOR.11_1,REST,0,0,0,0,0,0
NOR,NOR.12_1,REST,0,0,0,0,0,0
NOR,NOR.13_1,REST,0,0,0,0,0,0
NOR,NOR.16_1,REST,0,0,0,0,0,0
NOR,NOR.18_1,REST,0,0,0,0,0,0
NOR,NOR.19_1,REST,0,0,0,0,0,0
NOR,NOR.1_1,REST,0,0,0,0,0,0
NOR,NOR.2_1,REST,0,0,0,0,0,0
NOR,NOR.3_1,REST,0,0,0,0,0,0
NOR,NOR.4_1,REST,0,0,0,0,0,0
NOR,NOR.6_1,REST,0,0,0,0,0,0
NOR,NOR.7_1,REST,0,0,0,0,0,0
NPL,NPL.1_1,REST,1.433,1.243,1.05,0.8613,0.6855,0.5177
NPL,NPL.2_1,REST,0.2016,0.1958,0.1957,0.2055,0.2162,0.246
NPL,NPL.3_1,REST,0.5811,0.5436,0.4991,0.4442,0.402,0.3591
NPL,NPL.4_1,REST,0.3814,0.3864,0.3752,0.3524,0.3371,0.3287
NPL,NPL.5_1,REST,0.673,0.7333,0.6967,0.6936,0.6982,0.6908
NZL,NZL.11_1,REST,0.08463,0.08337,0.07888,0.07925,0.0772,0.07342
NZL,NZL.12_1,REST,786.6,768.8,710.3,687.2,617.7,559.6
NZL,NZL.14_1,REST,958.7,895.7,835.8,749,660.8,595.1
NZL,NZL.15_1,REST,0.2909,0.3363,0.3308,0.3185,0.3672,0.428
NZL,NZL.16_1,REST,1.555,1.476,1.398,1.473,1.393,1.313
NZL,NZL.17_1,REST,0.02616,0.02468,0.02307,0.022,0.02105,0.02359
NZL,NZL.18_1,REST,53.06,54.51,66.6,68.38,68.02,64.47
NZL,NZL.19_1,REST,0,0,0,0,0,0
NZL,NZL.1_1,REST,0.6795,0.6672,0.6455,0.6553,0.7105,0.7043
NZL,NZL.2_1,REST,0.5547,0.5539,0.4941,0.4307,0.3672,0.3355
NZL,NZL.3_1,REST,0.01979,0.01841,0.01646,0.01464,0.01288,0.01095
NZL,NZL.5_1,REST,0.2466,0.255,0.2397,0.223,0.2061,0.19
NZL,NZL.6_1,REST,0.6519,0.7353,0.7128,0.6825,0.6578,0.6059
NZL,NZL.7_1,REST,0.6182,0.5722,0.5541,0.5136,0.4706,0.5173
NZL,NZL.8_1,REST,0.01058,0.005615,0.002667,9.9e-4,1.772e-4,1.145e-6
NZL,NZL.9_1,REST,61070,57890,72240,68160,64090,60010
OMN,OMN.2_1,REST,0,0,0,0,0,0
OMN,OMN.9_1,REST,0,0,0,0,0,0
PAK,PAK.2_1,REST,0,0,0,0,0,0
PAK,PAK.3_1,REST,0.001342,8.738e-4,0.00661,0.06893,0.1268,0.1249
PAK,PAK.4_1,REST,0,0,0,0,0,0
PAK,PAK.5_1,REST,0.02215,0.02129,0.02029,0.02091,0.02219,0.02234
PAK,PAK.7_1,REST,0.005404,0.004925,0.004449,0.004047,0.003657,0.003409
PAK,PAK.8_1,REST,2.978e-4,2.58e-4,2.182e-4,1.783e-4,1.544e-4,1.693e-4
PAN,PAN.10_1,REST,0,0,0,0,0,0
PAN,PAN.11_1,REST,0,0,0,0,0,0
PAN,PAN.12_1,REST,0,0,0,0,0,0
PAN,PAN.13_1,REST,0,0,0,0,0,0
PAN,PAN.1_1,REST,0,0,0,0,0,0
PAN,PAN.2_1,REST,0.01384,0.01294,0.0186,0.01958,0.01873,0.0179
PAN,PAN.3_1,REST,0,0,0,0,0,0
PAN,PAN.4_1,REST,0,0,0,0,0,0
PAN,PAN.5_1,REST,0,0,0,0,0,0
PAN,PAN.6_1,REST,0,0,0,0,0,0
PAN,PAN.7_1,REST,0,0,0,0,0,0
PAN,PAN.8_1,REST,0,0,0,0,0,0
PAN,PAN.9_1,REST,0,0,0,0,0,0
PER,PER.10_1,REST,0.004556,0.005049,0.005383,0.005294,0.005412,0.005646
PER,PER.11_1,REST,0,0,0,0,0,0
PER,PER.12_1,REST,6.992e-4,8.4e-4,7.828e-4,6.983e-4,6.489e-4,6.064e-4
PER,PER.13_1,REST,0.02527,0.01997,0.01564,0.01225,0.01037,0.01186
PER,PER.14_1,REST,0.02137,0.01476,0.009041,0.004453,0.001252,0
PER,PER.16_1,REST,0,0,0,0,0,0
PER,PER.17_1,REST,0.5423,0.5258,0.5632,0.5921,0.6475,0.615
PER,PER.18_1,REST,0.02942,0.02289,0.01696,0.01254,0.01105,0.009884
PER,PER.1_1,REST,0.01911,0.0197,0.02287,0.02634,0.02878,0.028
PER,PER.20_1,REST,1.837e-5,4.915e-5,4.632e-5,4.35e-5,4.067e-5,3.785e-5
PER,PER.21_1,REST,0.8248,0.7054,0.5862,0.4672,0.3486,0.2303
PER,PER.22_1,REST,0.01344,0.00793,0.005201,0.003031,9.89e-4,0
PER,PER.23_1,REST,0.07433,0.07418,0.07503,0.07931,0.08697,0.08625
PER,PER.25_1,REST,0.06056,0.05592,0.05089,0.1116,0.1103,0.1336
PER,PER.26_1,REST,0.001239,8.468e-4,5.13e-4,2.224e-4,3.852e-5,0
PER,PER.2_1,REST,0.08655,0.07728,0.07286,0.09486,0.1096,0.1181
PER,PER.3_1,REST,0.1461,0.1541,0.1558,0.1554,0.1583,0.1638
PER,PER.4_1,REST,0,0,0,0,0,0
PER,PER.5_1,REST,0.005327,0.003627,0.002381,0.001272,4.465e-4,7.255e-5
PER,PER.6_1,REST,0.7358,0.7236,0.7435,0.7319,0.7791,0.859
PER,PER.8_1,REST,0.01873,0.01209,0.007228,0.003264,0.001052,3.032e-4
PER,PER.9_1,REST,0.7372,0.7452,0.6991,0.6623,0.6105,0.5756
PHL,PHL.10_1,REST,0.318,0.3305,0.363,0.3348,0.3368,0.3278
PHL,PHL.12_1,REST,0.4189,0.4105,0.4031,0.4097,0.4934,0.4879
PHL,PHL.13_1,REST,0.9419,0.9113,0.8921,0.9518,0.9936,0.9952
PHL,PHL.14_1,REST,0,0,0,0,0,0
PHL,PHL.15_1,REST,0.294,0.2919,0.5984,0.562,0.5335,0.4993
PHL,PHL.16_1,REST,2.352,2.1,1.851,1.603,1.376,1.138
PHL,PHL.17_1,REST,0.3703,0.4597,0.4725,0.4971,0.6302,0.6719
PHL,PHL.18_1,REST,12.68,11.28,9.772,8.165,6.567,5.53
PHL,PHL.19_1,REST,3.058,3.081,3.116,3.366,3.302,3.34
PHL,PHL.1_1,REST,1.425,1.482,1.453,1.544,1.607,1.566
PHL,PHL.20_1,REST,3.129,3.151,3.076,3.008,3.074,2.96
PHL,PHL.21_1,REST,0.319,0.3,0.2779,0.2558,0.3479,0.3199
PHL,PHL.22_1,REST,1.734,1.71,1.788,1.804,1.793,1.721
PHL,PHL.23_1,REST,17.14,12.03,7.425,3.007,0.6496,0.3823
PHL,PHL.24_1,REST,1.455,1.485,1.553,1.622,1.912,1.982
PHL,PHL.25_1,REST,0.4499,0.439,0.5052,0.4791,0.4522,0.434
PHL,PHL.26_1,REST,13.29,12.2,11.25,10.23,9.356,8.284
PHL,PHL.27_1,REST,0.9885,0.8902,0.8133,0.7672,0.7462,0.72
PHL,PHL.28_1,REST,0.5271,0.464,0.413,0.3648,0.3427,0.3278
PHL,PHL.29_1,REST,6.063,6.448,6.412,6.473,6.452,6.309
PHL,PHL.2_1,REST,2.808,2.205,1.665,1.242,1.083,1.04
PHL,PHL.30_1,REST,1.867,1.862,2.754,2.637,2.614,2.555
PHL,PHL.31_1,REST,1.807,1.771,1.667,1.566,1.491,1.377
PHL,PHL.32_1,REST,5.676,6.829,7.662,8.446,9.687,10.38
PHL,PHL.33_1,REST,0.9297,1.203,1.326,1.42,1.54,1.634
PHL,PHL.34_1,REST,0.4553,0.4072,0.3657,0.3214,0.2726,0.2192
PHL,PHL.35_1,REST,0.3726,0.3879,0.3829,0.371,0.3482,0.3277
PHL,PHL.36_1,REST,2.444,2.463,2.561,2.554,2.603,2.501
PHL,PHL.37_1,REST,0.4497,0.4766,0.48,0.4752,0.4816,0.4717
PHL,PHL.38_1,REST,1.761,1.81,1.951,2.139,2.18,2.099
PHL,PHL.39_1,REST,0.1973,0.1823,0.17,0.1909,0.2046,0.2014
PHL,PHL.3_1,REST,21.8,21.51,20.83,19.93,19.7,19.11
PHL,PHL.40_1,REST,6.071,5.944,5.862,6.297,7.604,7.688
PHL,PHL.41_1,REST,1.213,1.331,1.365,1.402,1.416,1.437
PHL,PHL.42_1,REST,4.385,4.226,3.876,3.542,3.577,3.392
PHL,PHL.43_1,REST,1.554,1.466,1.4,1.297,1.192,1.082
PHL,PHL.44_1,REST,2.915,2.618,2.367,2.111,1.918,1.749
PHL,PHL.45_1,REST,12.97,8.661,5.354,2.581,0.6375,0.02939
PHL,PHL.46_1,REST,0.5136,0.4198,0.3481,0.2937,0.2647,0.4052
PHL,PHL.47_1,REST,4.72e-4,2.327e-4,1.315e-4,6.071e-5,2.024e-5,0
PHL,PHL.48_1,REST,1.111,1.135,1.09,1.029,0.985,0.9535
PHL,PHL.49_1,REST,0.8193,0.7538,0.6797,0.6002,0.5381,0.4703
PHL,PHL.4_1,REST,0.5559,0.5333,0.5889,0.5703,0.5634,0.5358
PHL,PHL.50_1,REST,2.982,3.115,3.276,3.717,3.99,3.81
PHL,PHL.51_1,REST,1.005,1.01,1.019,1.025,1.069,1.041
PHL,PHL.52_1,REST,1.889,2.038,3.326,3.204,3.05,3.012
PHL,PHL.53_1,REST,52.25,45.84,39.5,33.14,26.9,20.65
PHL,PHL.54_1,REST,1.974,1.925,1.865,1.786,1.77,1.665
PHL,PHL.55_1,REST,0.273,0.2577,0.2457,0.2323,0.2275,0.2227
PHL,PHL.56_1,REST,2.019,1.844,1.645,1.474,1.28,1.089
PHL,PHL.57_1,REST,0.6229,0.4278,0.2694,0.1395,0.05673,0.03002
PHL,PHL.58_1,REST,0.7782,0.617,0.4803,0.3515,0.2553,0.2241
PHL,PHL.59_1,REST,80.1,56.08,34.75,16.79,4.563,0.2495
PHL,PHL.5_1,REST,0.2725,0.2613,0.2444,0.2294,0.242,0.2407
PHL,PHL.60_1,REST,0.4286,0.5669,0.5585,0.5568,0.5886,0.6387
PHL,PHL.61_1,REST,0.214,0.2241,0.2301,0.241,0.2593,0.2755
PHL,PHL.62_1,REST,5.999,5.874,5.975,5.904,5.947,5.847
PHL,PHL.63_1,REST,0.6397,0.6891,0.6946,0.7019,0.7106,0.6902
PHL,PHL.64_1,REST,0.3477,0.3537,0.3788,0.3686,0.3689,0.3784
PHL,PHL.65_1,REST,1.195,0.8834,0.6313,0.4029,0.2677,0.2265
PHL,PHL.66_1,REST,3.223,3.14,2.979,2.799,2.709,2.485
PHL,PHL.67_1,REST,6.377,4.504,2.977,1.768,1.076,0.8721
PHL,PHL.68_1,REST,0.006482,0.006206,0.005861,0.005951,0.00558,0.005136
PHL,PHL.69_1,REST,0.8675,0.8042,0.7444,0.7049,0.669,0.611
PHL,PHL.6_1,REST,0.1233,0.1232,0.1429,0.1405,0.1414,0.1354
PHL,PHL.70_1,REST,1.823,1.539,1.27,1.078,1.031,0.9681
PHL,PHL.71_1,REST,0.259,0.2501,0.9868,0.9359,0.8821,0.8397
PHL,PHL.72_1,REST,4.158,3.634,3.243,2.801,2.557,2.409
PHL,PHL.73_1,REST,0.03703,0.02345,0.01264,0.00562,0.001462,0
PHL,PHL.74_1,REST,1.01,1.85,7.576,7.371,7.02,6.682
PHL,PHL.75_1,REST,22.32,17.87,13.99,10.46,8.062,6.977
PHL,PHL.76_1,REST,2.432,2.295,2.183,2.049,1.957,1.916
PHL,PHL.77_1,REST,3.311,2.233,1.379,0.83,0.4958,0.3336
PHL,PHL.78_1,REST,1.233,1.213,1.199,1.176,1.201,1.267
PHL,PHL.79_1,REST,11.51,10.12,9.157,8.04,7.279,6.646
PHL,PHL.7_1,REST,7.843,7.08,6.285,5.541,4.682,3.994
PHL,PHL.80_1,REST,11.43,9.314,7.566,6.004,4.891,3.946
PHL,PHL.81_1,REST,566.7,489.1,413,338.2,265.8,196.5
PHL,PHL.8_1,REST,0.5919,0.5779,0.5448,0.5242,0.5032,0.4785
PHL,PHL.9_1,REST,104.4,90.01,75.62,61.32,47.1,32.92
PNG,PNG.10_1,REST,74.72,80.12,83.19,85.44,87.17,87.29
PNG,PNG.11_1,REST,899.1,916.6,947.7,980.1,1001,995.8
PNG,PNG.12_1,REST,1222,1272,1257,1207,1140,1108
PNG,PNG.13_1,REST,1307,1284,1319,1307,1319,1339
PNG,PNG.14_1,REST,925.4,939.9,1098,1129,1175,1175
PNG,PNG.15_1,REST,36.2,35.47,31.3,28.8,26.65,24.5
PNG,PNG.16_1,REST,1520,1609,2353,2377,2460,2474
PNG,PNG.17_1,REST,437.8,451.8,491.5,509.9,524.2,542.2
PNG,PNG.18_1,REST,2497,2460,2437,2363,2313,2214
PNG,PNG.19_1,REST,102.8,101.5,105,105.1,103.4,102.4
PNG,PNG.1_1,REST,2636,2889,3338,3398,3563,3740
PNG,PNG.20_1,REST,2783,2787,3053,3359,3426,3480
PNG,PNG.21_1,REST,35.76,37.73,39.42,41.63,42.81,44.21
PNG,PNG.22_1,REST,2999,2876,2801,2748,2660,2568
PNG,PNG.2_1,REST,2262,2321,2467,2536,2619,2658
PNG,PNG.3_1,REST,303.8,324.4,347.8,355.7,358.2,361.7
PNG,PNG.4_1,REST,9075,9328,12590,12200,11890,11570
PNG,PNG.5_1,REST,1341,1185,1035,892.5,755.8,615.4
PNG,PNG.6_1,REST,654.4,686.7,857.8,864.3,884.9,888.6
PNG,PNG.7_1,REST,187.1,193.1,203.1,207.9,211.4,212.8
PNG,PNG.8_1,REST,7695,8167,8690,9098,9359,9530
PNG,PNG.9_1,REST,792.9,849.1,928.7,995.9,1019,1038
POL,POL.10_1,REST,0.1012,0.08801,0.07559,0.06282,0.04978,0.0368
POL,POL.11_1,REST,0.004642,0.004362,0.004061,0.003766,0.003478,0.003193
POL,POL.12_1,REST,0.01301,0.01082,0.008711,0.006669,0.00463,0.002733
POL,POL.13_1,REST,0.08899,0.07811,0.06726,0.05642,0.04561,0.03485
POL,POL.14_1,REST,0.04006,0.03537,0.03088,0.02627,0.02158,0.01705
POL,POL.15_1,REST,0.0296,0.02572,0.02181,0.01798,0.01422,0.01065
POL,POL.16_1,REST,0.03941,0.03412,0.02886,0.02366,0.01851,0.01345
POL,POL.1_1,REST,0.1204,0.1054,0.08937,0.07518,0.059520000000000003,0.04536
POL,POL.2_1,REST,0.01115,0.009753,0.008502,0.007142,0.005787,0.004618
POL,POL.3_1,REST,0.02628,0.02255,0.0189,0.01532,0.01177,0.00859
POL,POL.4_1,REST,0.1066,0.09288,0.07925,0.0658,0.05261,0.0396
POL,POL.5_1,REST,0.1195,0.1055,0.09161,0.07792,0.06413,0.05045
POL,POL.6_1,REST,0.01393,0.01173,0.009544,0.007368,0.005193,0.003091
POL,POL.7_1,REST,0.03224,0.02797,0.02374,0.01965,0.01566,0.01172
POL,POL.8_1,REST,0.01594,0.01384,0.01175,0.009695,0.007654,0.00575
POL,POL.9_1,REST,0.1648,0.1448,0.1249,0.105,0.08728,0.06855
PRI,PRI.12_1,REST,0.004476,0.004563,0.00485,0.005405,0.005462,0.00555
PRI,PRI.22_1,REST,0,0,0,0,0,0
PRI,PRI.29_1,REST,0.002459,0.002286,0.002241,0.002061,0.001881,0.001905
PRI,PRI.35_1,REST,0.003392,0.003163,0.002934,0.004705,0.004973,0.005141
PRI,PRI.37_1,REST,3.514e-4,5.718e-4,6.771e-4,0.002319,0.004814,0.004563
PRI,PRI.3_1,REST,0.003338,0.005014,0.008388,0.0108,0.0115,0.01086
PRI,PRI.41_1,REST,5.663e-4,5.38e-4,4.977e-4,4.563e-4,4.281e-4,5.024e-4
PRI,PRI.50_1,REST,0.03097,0.02909,0.02722,0.02534,0.02346,0.02159
PRI,PRI.51_1,REST,0.006445,0.006052,0.005792,0.005393,0.004993,0.004736
PRI,PRI.62_1,REST,8.667e-4,8.699e-4,0.001205,0.001122,0.00104,0.001037
PRI,PRI.63_1,REST,0,0,0,0,0,0
PRI,PRI.64_1,REST,0.001791,0.00169,0.0016,0.001628,0.001575,0.001483
PRI,PRI.68_1,REST,0,0,0,0,0,0
PRK,PRK.10_1,REST,1.345,1.136,0.9563,0.7751,0.6061,0.4633
PRK,PRK.11_1,REST,0.7596,0.6808,0.585,0.4978,0.4139,0.3418
PRK,PRK.12_1,REST,0.00179,0.001585,0.001379,0.001174,9.681e-4,7.626e-4
PRK,PRK.13_1,REST,2.146,2.019,1.817,1.714,1.5,1.302
PRK,PRK.1_1,REST,3.247,2.827,2.4,1.991,1.58,1.193
PRK,PRK.2_1,REST,1.891,1.648,1.403,1.168,0.9261,0.7017
PRK,PRK.3_1,REST,0.5503,0.4942,0.4611,0.4231,0.3739,0.3373
PRK,PRK.4_1,REST,0.7021,0.5873,0.4952,0.406,0.3277,0.2706
PRK,PRK.5_1,REST,0.04258,0.03553,0.02874,0.02292,0.02339,0.02693
PRK,PRK.6_1,REST,0.004667,0.003936,0.003345,0.00281,0.002332,0.1232
PRK,PRK.7_1,REST,0.7015,0.6217,0.5477,0.4798,0.409,0.3622
PRK,PRK.8_1,REST,1.12,0.9666,0.8145,0.6642,0.5236,0.4114
PRK,PRK.9_1,REST,0.5636,0.47,0.3827,0.3105,0.2579,0.211
PRT,PRT.10_1,REST,1.497,1.807,2.39,2.385,2.337,2.213
PRT,PRT.11_1,REST,0.1398,0.1411,0.1329,0.1318,0.1266,0.1359
PRT,PRT.12_1,REST,0.7303,0.7095,0.6681,0.6258,0.5825,0.5425
PRT,PRT.14_1,REST,0.03646,0.03718,0.03617,0.03499,0.0328,0.03285
PRT,PRT.15_1,REST,4.489,4.375,4.486,4.296,4.026,3.75
PRT,PRT.16_1,REST,0.1807,0.1794,0.169,0.1573,0.1571,0.1484
PRT,PRT.17_1,REST,0.1849,0.1942,0.2288,0.2288,0.2238,0.2101
PRT,PRT.18_1,REST,26.56,25.31,23.55,21.91,20.58,18.8
PRT,PRT.19_1,REST,2.135,2.262,2.306,2.331,2.278,2.239
PRT,PRT.1_1,REST,0.07056,0.06628,0.06201,0.05773,0.05345,0.04918
PRT,PRT.20_1,REST,14.42,13.84,13.22,12.7,11.82,11.73
PRT,PRT.3_1,REST,0.07782,0.08233,0.15,0.1533,0.1577,0.1801
PRT,PRT.4_1,REST,14.13,13.78,13.1,13.14,13.06,12.43
PRT,PRT.5_1,REST,0.6101,0.5848,0.6196,0.6276,0.6524,0.6449
PRT,PRT.6_1,REST,0.1839,0.1886,0.186,0.2166,0.2087,0.2192
PRT,PRT.7_1,REST,0.03753,0.03531,0.03603,0.03432,0.03192,0.03433
PRT,PRT.8_1,REST,0.1424,0.1309,0.1231,0.1326,0.123,0.1149
PRT,PRT.9_1,REST,0.7283,0.7514,0.7499,0.7627,0.8401,0.9403
PRY,PRY.10_1,REST,38.39,43.23,48.16,51.24,60.41,63.97
PRY,PRY.11_1,REST,1.913,1.836,1.772,1.693,1.636,1.638
PRY,PRY.12_1,REST,3.874,4.58,4.628,4.547,4.506,4.601
PRY,PRY.13_1,REST,1.353,1.397,1.485,1.443,1.427,1.395
PRY,PRY.14_1,REST,7.471,9.648,10.9,12.02,12.6,13.11
PRY,PRY.15_1,REST,0.2816,0.2975,0.3639,0.4197,0.4583,0.614
PRY,PRY.16_1,REST,2.157,2.41,2.758,2.834,2.892,2.882
PRY,PRY.17_1,REST,1.599,1.704,1.921,1.994,2.095,2.183
PRY,PRY.18_1,REST,5.788,4.056,2.533,1.298,0.5363,0.2846
PRY,PRY.1_1,REST,2.149,2.341,2.41,2.395,2.431,2.35
PRY,PRY.2_1,REST,1.302,1.195,1.131,1.028,0.9657,0.9026
PRY,PRY.3_1,REST,7.7,8.329,8.512,8.718,8.996,8.678
PRY,PRY.4_1,REST,5.333,4.98,4.626,4.272,3.918,3.564
PRY,PRY.5_1,REST,1.741,1.787,1.828,1.854,1.947,1.911
PRY,PRY.6_1,REST,26.46,27.59,28.39,28.64,28.72,29.05
PRY,PRY.7_1,REST,12.73,13.45,14.41,14.69,14.54,15.07
PRY,PRY.8_1,REST,4.565,4.732,4.778,4.644,4.546,4.368
PRY,PRY.9_1,REST,1.027,1.184,1.436,1.694,1.784,1.976
PSE,PSE.1_1,REST,0,0,0,0,0,0
PSE,PSE.2_1,REST,1.184e-4,7.124e-5,4.275e-5,1.425e-5,0,0
ROU,ROU.10_1,REST,0,0,0,0,0,0
ROU,ROU.11_1,REST,0.01993,0.01553,0.01152,0.007926,0.005043,0.003216
ROU,ROU.12_1,REST,0,0,0,0,0,0
ROU,ROU.13_1,REST,0.237,0.1937,0.1505,0.1073,0.06435,0.02153
ROU,ROU.14_1,REST,0.2433,0.2084,0.1735,0.1387,0.1045,0.07052
ROU,ROU.15_1,REST,0.2261,0.2007,0.1755,0.1503,0.125,0.09982
ROU,ROU.16_1,REST,0.007522,0.00789,0.006789,0.01056,0.009212,0.007903
ROU,ROU.17_1,REST,0.01388,0.0111,0.008331,0.005559,0.003585,0.002408
ROU,ROU.18_1,REST,9.935,8.679,7.427,6.18,4.939,3.713
ROU,ROU.19_1,REST,0.08698,0.0746,0.06274,0.05111,0.03971,0.02874
ROU,ROU.1_1,REST,0.2385,0.2072,0.1761,0.1449,0.1141,0.08362
ROU,ROU.20_1,REST,0.1099,0.09486,0.08001,0.06533,0.05158,0.03875
ROU,ROU.21_1,REST,0.1192,0.09691,0.07548,0.0549,0.03446,0.01564
ROU,ROU.22_1,REST,0.05099,0.04743,0.04388,0.04032,0.03724,0.03406
ROU,ROU.23_1,REST,0.2887,0.2471,0.2091,0.1716,0.1352,0.1002
ROU,ROU.24_1,REST,0.2084,0.1706,0.1341,0.09956,0.06728,0.04018
ROU,ROU.25_1,REST,0.4911,0.393,0.2986,0.2089,0.1244,0.04596
ROU,ROU.26_1,REST,0.07593,0.06392,0.0519,0.03988,0.02814,0.0168
ROU,ROU.27_1,REST,0.02025,0.01702,0.0138,0.01058,0.007788,0.005427
ROU,ROU.28_1,REST,0.07663,0.06176,0.04855,0.03579,0.02436,0.01424
ROU,ROU.29_1,REST,0.9062,0.77,0.6339,0.4981,0.3625,0.2272
ROU,ROU.2_1,REST,0.09709,0.08562,0.07419,0.06275,0.05131,0.03987
ROU,ROU.30_1,REST,0.8924,0.7773,0.6624,0.5476,0.433,0.3188
ROU,ROU.31_1,REST,0.09111,0.0767,0.06345,0.0502,0.03725,0.02469
ROU,ROU.32_1,REST,0.08301,0.06903,0.0564,0.04409,0.03377,0.02537
ROU,ROU.33_1,REST,0.05086,0.04082,0.03175,0.0229,0.01542,0.009869
ROU,ROU.34_1,REST,0.6925,0.6104,0.5283,0.4462,0.3645,0.2832
ROU,ROU.35_1,REST,0.1743,0.1486,0.123,0.09743,0.07204,0.04681
ROU,ROU.36_1,REST,0.008438,0.006929,0.00564,0.004533,0.003508,0.002643
ROU,ROU.37_1,REST,0.08687,0.07459,0.06284,0.05143,0.04009,0.02881
ROU,ROU.38_1,REST,0.3588,0.3053,0.2522,0.1993,0.147,0.09558
ROU,ROU.39_1,REST,0.1656,0.1183,0.08437,0.06066,0.03909,0.0231
ROU,ROU.3_1,REST,0.3824,0.2397,0.1429,0.06208,0.02071,0.0103
ROU,ROU.40_1,REST,0.1245,0.09513,0.06942,0.04415,0.02423,0.01271
ROU,ROU.41_1,REST,0.1257,0.1082,0.09119,0.07459,0.058,0.04144
ROU,ROU.42_1,REST,0.05975,0.05024,0.04074,0.03123,0.02244,0.015
ROU,ROU.4_1,REST,1.226,1.061,0.898,0.7375,0.5849,0.4405
ROU,ROU.5_1,REST,0.1053,0.09019,0.07533,0.06056,0.04606,0.03226
ROU,ROU.6_1,REST,0.3724,0.3168,0.2612,0.2058,0.1508,0.09619
ROU,ROU.7_1,REST,0.02144,0.01718,0.01322,0.00977,0.007202,0.005549
ROU,ROU.8_1,REST,0.005664,0.005105,0.004496,0.003886,0.00336,0.002917
ROU,ROU.9_1,REST,0.06089,0.04409,0.03079,0.0213,0.01487,0.01078
RUS,RUS.10_1,REST,8.386e-4,0.001213,0.001793,0.00199,0.002089,0.002971
RUS,RUS.11_1,REST,0.5389,0.4977,2.331,2.214,2.086,1.956
RUS,RUS.13_1,REST,0.02715,0.02514,0.03045,0.02963,0.02751,0.02583
RUS,RUS.14_1,REST,0.006728,0.0153,0.01445,0.01361,0.01277,0.01192
RUS,RUS.15_1,REST,1.85e-4,1.495e-4,1.276e-4,2.119e-4,2.005e-4,2.488e-4
RUS,RUS.16_1,REST,0.1471,0.1322,0.1186,0.1055,0.09339,0.0824
RUS,RUS.17_1,REST,0.01913,0.02686,0.0315,0.03037,0.02852,0.02909
RUS,RUS.18_1,REST,6.23,5.881,5.47,5.071,4.661,4.484
RUS,RUS.19_1,REST,0.004351,0.005608,0.005135,0.00467,0.004205,0.01431
RUS,RUS.1_1,REST,0.0225,0.03501,0.0488,0.0586,0.06514,0.06468
RUS,RUS.20_1,REST,0.001268,0.002577,0.003002,0.004348,0.004608,0.00488
RUS,RUS.21_1,REST,0.00846,0.01312,0.02203,0.02127,0.02032,0.01887
RUS,RUS.22_1,REST,0.01569,0.01309,0.01096,0.009285,0.007851,0.006657
RUS,RUS.23_1,REST,0.147,0.1358,0.1441,0.148,0.1462,0.1363
RUS,RUS.24_1,REST,28.95,26.37,23.79,21.21,19.17,17.46
RUS,RUS.25_1,REST,0.04161,0.04398,0.04279,0.04214,0.03842,0.04599
RUS,RUS.26_1,REST,0.01674,0.01464,0.01255,0.01045,0.008352,0.006255
RUS,RUS.27_1,REST,0.1423,0.1909,0.1982,0.1866,0.186,0.1753
RUS,RUS.28_1,REST,0.07229,0.0643,0.05631,0.04832,0.04068,0.03268
RUS,RUS.29_1,REST,0,0,0,0,0,0
RUS,RUS.2_1,REST,0.4492,0.4089,0.3843,0.3547,0.3206,0.2815
RUS,RUS.31_1,REST,0.0588,0.059520000000000003,0.06673,0.06071,0.05514,0.04912
RUS,RUS.32_1,REST,0,0,0,0,0,0
RUS,RUS.33_1,REST,0.002675,0.001617,9.465e-4,6.533e-4,4.027e-4,2.072e-4
RUS,RUS.34_1,REST,0.08041,0.08375,0.08516,0.08491,0.08605,0.09675
RUS,RUS.35_1,REST,0.3528,0.343,0.3659,0.3321,0.2999,0.2722
RUS,RUS.36_1,REST,4.815,4.554,4.819,4.47,4.144,3.808
RUS,RUS.37_1,REST,0.05049,0.0575,0.06075,0.06973,0.07165,0.06947
RUS,RUS.38_1,REST,0.05432,0.05629,0.05497,0.05134,0.04756,0.04698
RUS,RUS.39_1,REST,0.07948,0.0862,0.09812,0.1131,0.1306,0.1361
RUS,RUS.3_1,REST,0.06566,0.06046,0.05601,0.052,0.05981,0.06788
RUS,RUS.41_1,REST,0.03532,0.03539,0.03427,0.03179,0.02882,0.02589
RUS,RUS.42_1,REST,0.03566,0.04813,0.05001,0.04891,0.08572,0.08192
RUS,RUS.43_1,REST,0.1318,0.1211,0.1108,0.1005,0.09018,0.07991
RUS,RUS.44_1,REST,0.04467,0.04234,0.04095,0.03965,0.03981,0.03717
RUS,RUS.45_1,REST,0,0,0,0,0,0
RUS,RUS.47_1,REST,0.03237,0.04454,0.1214,0.1205,0.118,0.1281
RUS,RUS.48_1,REST,0.01524,0.02146,0.03317,0.04058,0.04538,0.06217
RUS,RUS.49_1,REST,0.05769,0.06393,0.0691,0.06517,0.0613,0.05786
RUS,RUS.4_1,REST,25.34,23.67,21.99,20.34,18.67,17
RUS,RUS.50_1,REST,1.836,1.702,1.616,1.499,1.492,1.373
RUS,RUS.51_1,REST,0.7654,0.7068,0.6554,0.6504,0.6236,0.7442
RUS,RUS.52_1,REST,0.04871,0.06057,0.1407,0.1491,0.1509,0.1556
RUS,RUS.53_1,REST,0.0643,0.05703,0.05611,0.05442,0.05094,0.045469999999999997
RUS,RUS.54_1,REST,0.02173,0.03025,0.04759,0.04973,0.05251,0.0514
RUS,RUS.55_1,REST,0.6455,0.5954,0.5421,0.4891,0.5189,0.4811
RUS,RUS.56_1,REST,0.02975,0.02494,0.0212,0.01851,0.01857,0.06188
RUS,RUS.57_1,REST,0.3522,0.3305,0.3168,0.2867,0.2609,0.2369
RUS,RUS.58_1,REST,0.02087,0.02431,0.02553,0.028,0.03032,0.03269
RUS,RUS.59_1,REST,0.04256,0.06831,0.1015,0.1093,0.1065,0.1159
RUS,RUS.5_1,REST,9.906e-4,8.955e-4,8.005e-4,7.054e-4,6.109e-4,5.169e-4
RUS,RUS.60_1,REST,0.006214,0.005525,0.004836,0.004147,0.003459,0.00277
RUS,RUS.61_1,REST,0.06967,0.05916,0.04866,0.03816,0.02766,0.01716
RUS,RUS.62_1,REST,0.0308,0.03371,0.03345,0.03191,0.03101,0.03086
RUS,RUS.63_1,REST,0.03397,0.03668,0.0364,0.03589,0.04361,0.04248
RUS,RUS.64_1,REST,0.5839,0.5827,0.5727,0.5382,0.5001,0.4678
RUS,RUS.65_1,REST,0.02185,0.02215,0.02289,0.02439,0.02312,0.02292
RUS,RUS.66_1,REST,3.313,3.559,3.458,3.447,3.709,3.627
RUS,RUS.67_1,REST,0.06402,0.07499,0.08603,0.09055,0.1016,0.1017
RUS,RUS.68_1,REST,0.6291,0.6474,0.6704,0.6526,0.7074,0.6737
RUS,RUS.69_1,REST,0.08651,0.07818,0.07316,0.0653,0.09506,0.1041
RUS,RUS.6_1,REST,0.0908,0.1249,0.1803,0.1916,0.2074,0.1983
RUS,RUS.70_1,REST,0.06294,0.06324,0.07996,0.1031,0.1031,0.1075
RUS,RUS.71_1,REST,0,0,0,0,0,0
RUS,RUS.72_1,REST,0.09827,0.1952,0.1986,0.2044,0.1969,0.1883
RUS,RUS.73_1,REST,1.062,0.976,0.9122,0.8703,0.7796,0.6969
RUS,RUS.74_1,REST,0.2294,0.2393,0.2275,0.2133,0.1929,0.2052
RUS,RUS.75_1,REST,0.0361,0.03668,0.05399,0.05493,0.05444,0.05586
RUS,RUS.76_1,REST,0.01739,0.0158,0.01846,0.02314,0.02297,0.02208
RUS,RUS.77_1,REST,0.006327,0.006797,0.00638,0.00586,0.005313,0.004878
RUS,RUS.78_1,REST,0.1506,0.1457,0.223,0.2349,0.2571,0.2536
RUS,RUS.79_1,REST,0.0459,0.05257,0.05289,0.06265,0.07822,0.08156
RUS,RUS.7_1,REST,0.02754,0.03434,0.04588,0.054,0.05231,0.05099
RUS,RUS.81_1,REST,0.0126,0.01045,0.009027,0.007691,0.006313,0.004996
RUS,RUS.82_1,REST,0.1098,0.09483,0.09353,0.08161,0.07524,0.06655
RUS,RUS.83_1,REST,0,0,0,0,0,0
RUS,RUS.8_1,REST,0.1393,0.1439,0.15310000000000001,0.1458,0.1374,0.1297
RUS,RUS.9_1,REST,0.2086,0.1905,0.1724,0.1543,0.1361,0.118
RWA,RWA.1_1,REST,0.3781,0.4027,0.4489,0.5558,0.6635,0.7754
RWA,RWA.2_1,REST,0.1431,0.1644,0.1886,0.2181,0.2523,0.3432
RWA,RWA.3_1,REST,0.1683,0.1888,0.192,0.2085,0.2501,0.3577
RWA,RWA.4_1,REST,2.152,2.444,2.715,3.128,3.439,3.848
RWA,RWA.5_1,REST,0.1157,0.1142,0.1169,0.1242,0.1307,0.1777
SAU,SAU.10_1,REST,0,0,0,0,0,0
SAU,SAU.11_1,REST,0,0,0,0,0,0
SAU,SAU.13_1,REST,0,0,0,0,0,0
SAU,SAU.4_1,REST,0,0,0,0,0,0
SAU,SAU.5_1,REST,0,0,0,0,0,0
SAU,SAU.6_1,REST,0,0,0,0,0,0
SAU,SAU.7_1,REST,0,0,0,0,0,0
SDN,SDN.11_1,REST,1.038e-5,9.491e-6,8.599e-6,3.154e-5,2.942e-5,2.731e-5
SDN,SDN.12_1,REST,0,0,0,0,0,0
SDN,SDN.13_1,REST,6.021e-6,5.599e-6,5.89e-6,9.838e-6,1.037e-5,2.226e-5
SDN,SDN.14_1,REST,2.762e-4,2.365e-4,1.974e-4,6.89e-4,9.656e-4,0.001689
SDN,SDN.15_1,REST,6.583e-4,6.199e-4,5.954e-4,5.338e-4,4.795e-4,4.586e-4
SDN,SDN.16_1,REST,3.162e-5,2.892e-4,3.064e-4,0.001134,0.001107,0.001046
SDN,SDN.17_1,REST,0.008106,0.007395,0.006685,0.005994,0.005293,0.004581
SDN,SDN.18_1,REST,0,0,0,0,0,0
SDN,SDN.2_1,REST,9.032e-5,8.209e-5,7.386e-5,6.564e-5,5.741e-5,4.919e-5
SDN,SDN.3_1,REST,187.9,166.4,144.8,123.3,101.8,80.38
SDN,SDN.4_1,REST,1.173e-5,1.061e-5,9.495e-6,1.631e-5,1.668e-5,1.698e-5
SDN,SDN.5_1,REST,0.01005,0.008864,0.007682,0.006501,0.005319,0.004137
SDN,SDN.6_1,REST,0,0,0,0,0,0
SDN,SDN.9_1,REST,0,0,0,0,0,0
SEN,SEN.10_1,REST,1.111e-5,6.074e-5,7.769e-5,7.972e-5,8.344e-5,1.367e-4
SEN,SEN.11_1,REST,18.47,16.19,14.23,12.58,11.59,9.999
SEN,SEN.12_1,REST,0.4725,0.3783,0.3027,0.329,0.2956,0.2992
SEN,SEN.13_1,REST,0.005848,0.004309,0.00277,0.001369,0.01274,0.01192
SEN,SEN.14_1,REST,70.93,73.5,75.41,80.35,83.04,85.77
SEN,SEN.1_1,REST,0.007197,0.006728,0.00626,0.005791,0.005323,0.004855
SEN,SEN.3_1,REST,2.244,1.712,1.278,0.9595,0.6999,0.4714
SEN,SEN.5_1,REST,0.01271,0.01125,0.009821,0.008868,0.007922,0.006978
SEN,SEN.6_1,REST,111.8,96.48,81.21,66.11,50.99,35.89
SEN,SEN.7_1,REST,1.779,1.497,1.271,1.316,1.46,1.632
SEN,SEN.8_1,REST,0.03673,0.1335,0.1627,0.1487,0.1347,0.191
SEN,SEN.9_1,REST,0,0,0,0,0,0
SGP,SGP.4_1,REST,0.9145,0.249,0.05354,0.2671,0.2495,0.4952
SGP,SGP.5_1,REST,8.662,7.691,6.751,5.793,4.842,4.05
SLB,SLB.10_1,REST,1403,1213,1388,1196,1005,899.3
SLB,SLB.3_1,REST,37.96,38.61,39.44,39.82,39.14,37.94
SLB,SLB.4_1,REST,30.31,28.24,26.18,24.13,22.1,20.07
SLB,SLB.5_1,REST,1939,1812,1635,1594,1491,1349
SLB,SLB.6_1,REST,5151,4466,3677,2931,2218,1612
SLB,SLB.7_1,REST,1737,1499,1293,1070,855.2,682.9
SLE,SLE.1_1,REST,32.25,32.26,31.3,31.04,30.06,28.75
SLE,SLE.2_1,REST,31.28,31.34,31.31,31.56,32.91,33.19
SLE,SLE.3_1,REST,150.7,150.9,152.5,152,157.7,161.6
SLE,SLE.4_1,REST,23.29,26.79,28.52,29.9,31.87,33.08
SLV,SLV.10_1,REST,0.03248,0.01998,0.01343,0.009038,0.006388,0.005049
SLV,SLV.11_1,REST,0.1801,0.1294,0.09379,0.06343,0.03927,0.02745
SLV,SLV.12_1,REST,0.1316,0.119,0.1061,0.09438,0.08318,0.07251
SLV,SLV.13_1,REST,0.101,0.08307,0.06434,0.04763,0.03609,0.03124
SLV,SLV.14_1,REST,1.814,1.557,1.305,1.063,0.8292,0.6022
SLV,SLV.1_1,REST,0.1319,0.1156,0.1014,0.08739,0.07514,0.06599
SLV,SLV.2_1,REST,0.3571,0.22,0.1218,0.05378,0.01505,7.441e-5
SLV,SLV.3_1,REST,0.1496,0.09369,0.06014,0.03421,0.01547,0.006101
SLV,SLV.4_1,REST,1.416,0.8799,0.5487,0.2861,0.09195,0.004871
SLV,SLV.5_1,REST,0.07163,0.06576,0.06361,0.05944,0.05869,0.05758
SLV,SLV.6_1,REST,0.04408,0.02854,0.01717,0.008828,0.003362,0.001317
SLV,SLV.7_1,REST,0.5286,0.3341,0.1778,0.0738,0.01854,0.003319
SLV,SLV.8_1,REST,0.4287,0.2677,0.1292,0.04559,0.01213,0.001715
SLV,SLV.9_1,REST,1.719,1.132,0.6431,0.3074,0.1318,0.07289
SMR,SMR.4_1,REST,0.001293,0.001094,8.949e-4,6.96e-4,4.971e-4,2.983e-4
SMR,SMR.6_1,REST,0,0,0,0,0,0
SMR,SMR.9_1,REST,0,0,0,0,0,0
SOM,SOM.10_1,REST,2.373e-4,1.593e-4,8.826e-5,4.038e-5,1.255e-5,0
SOM,SOM.14_1,REST,0,0,0,0,0,0
SOM,SOM.15_1,REST,0,0,0,0,0,0
SOM,SOM.5_1,REST,0,0,0,0,0,0
SOM,SOM.6_1,REST,0,0,0,0,0,0
SOM,SOM.7_1,REST,0,0,0,0,0,0
SOM,SOM.8_1,REST,0,0,0,0,0,0
SOM,SOM.9_1,REST,0,0,0,0,0,0
SRB,SRB.10_1,REST,0.01181,0.0111,0.01039,0.009687,0.008978,0.00827
SRB,SRB.11_1,REST,2.227,2.098,1.99,1.9,1.799,1.674
SRB,SRB.12_1,REST,2.62,2.51,2.417,2.217,2.017,1.817
SRB,SRB.13_1,REST,0.06374,0.05978,0.05582,0.05186,0.0479,0.04394
SRB,SRB.14_1,REST,0.02782,0.02276,0.01771,0.01265,0.007588,0.002529
SRB,SRB.15_1,REST,0.03599,0.08195,0.07843,0.07321,0.06798,0.06276
SRB,SRB.16_1,REST,1.119,1.187,1.141,1.18,1.065,0.9695
SRB,SRB.17_1,REST,0.003002,0.002801,0.02097,0.02084,0.01999,0.01879
SRB,SRB.18_1,REST,0.02948,0.03007,0.02315,0.01968,0.01259,0.01138
SRB,SRB.19_1,REST,0.08019,0.07205,0.07651,0.1059,0.0957,0.08981
SRB,SRB.1_1,REST,5.484,4.704,3.928,3.153,2.38,1.61
SRB,SRB.20_1,REST,0.7972,0.8902,0.8319,0.7693,0.7078,0.6517
SRB,SRB.21_1,REST,0.05609,0.04889,0.04168,0.03448,0.02727,0.02081
SRB,SRB.22_1,REST,0.066,0.0604,0.05219,0.0936,0.09104,0.07986
SRB,SRB.23_1,REST,0.4716,0.3411,0.2114,0.137,0.1011,0.07872
SRB,SRB.24_1,REST,0.1051,0.09747,0.08987,0.08228,0.07505,0.06935
SRB,SRB.25_1,REST,0.6257,0.5699,0.5141,0.4616,0.4056,0.3504
SRB,SRB.2_1,REST,0.6994,0.6377,0.5801,0.5248,0.4695,0.5479
SRB,SRB.3_1,REST,0.8828,0.8731,0.8185,0.756,0.7062,0.63
SRB,SRB.4_1,REST,0.01618,0.01408,0.01198,0.009885,0.007787,0.00569
SRB,SRB.5_1,REST,0.1223,0.1174,0.1092,0.09984,0.09046,0.09112
SRB,SRB.6_1,REST,0.3744,0.377,0.3506,0.3295,0.3035,0.2787
SRB,SRB.7_1,REST,0.4316,0.3229,0.2259,0.1336,0.06568,0.03119
SRB,SRB.8_1,REST,0.05979,0.04996,0.04013,0.0303,0.02047,0.01064
SRB,SRB.9_1,REST,0.3652,0.3222,0.2791,0.2372,0.2207,0.1804
SSD,SSD.10_1,REST,3.092,2.421,1.84,1.296,0.8564,0.5653
SSD,SSD.1_1,REST,2.623,2.107,1.638,1.271,0.9227,0.7933
SSD,SSD.2_1,REST,0.152,0.1206,0.09318,0.06949,0.05028,0.03502
SSD,SSD.3_1,REST,11.13,10.05,8.98,8.428,7.553,7.142
SSD,SSD.4_1,REST,0.9196,0.7393,0.5663,0.4042,0.2721,0.1761
SSD,SSD.5_1,REST,0.3732,0.3365,0.305,0.314,0.3253,0.3483
SSD,SSD.6_1,REST,13.92,11.88,9.924,8.051,6.308,4.701
SSD,SSD.7_1,REST,2.192,1.968,1.746,1.525,1.304,1.083
SSD,SSD.8_1,REST,0.2513,0.2019,0.1597,0.1279,0.1129,0.1073
SSD,SSD.9_1,REST,0.237,0.1913,0.1523,0.135,0.1749,0.2385
STP,STP.1_1,REST,98.7,0,0,0,0,0
SUR,SUR.10_1,REST,0,0,0,0,0,0
SUR,SUR.2_1,REST,0,0,0,0,0,0
SUR,SUR.4_1,REST,0,0,0,0,0,0
SUR,SUR.5_1,REST,0.02183,0.02025,0.01867,0.07592,0.07244,0.08043
SUR,SUR.6_1,REST,0,0,0,0,0,0
SUR,SUR.7_1,REST,0,0,0,0,0,0
SUR,SUR.8_1,REST,0,0,0,0,0,0
SUR,SUR.9_1,REST,0.3169,0.2137,0.1216,0.04052,0,0
SVK,SVK.1_1,REST,0.7146,0.6629,0.6111,0.5648,0.5201,0.4786
SVK,SVK.2_1,REST,0.5369,0.4471,0.3659,0.2851,0.2047,0.1396
SVK,SVK.3_1,REST,0.1073,0.09095,0.07818,0.06398,0.05041,0.03695
SVK,SVK.4_1,REST,0.09583,0.08485,0.08842,0.08616,0.07607,0.06719
SVK,SVK.5_1,REST,0.1665,0.152,0.1378,0.1238,0.1099,0.09706
SVK,SVK.6_1,REST,0.03595,0.02768,0.01971,0.01264,0.006408,0.002874
SVK,SVK.7_1,REST,0.0522,0.04114,0.03182,0.02269,0.0149,0.009668
SVK,SVK.8_1,REST,0.01195,0.00794,0.00478,0.002459,6.543e-4,0
SVN,SVN.10_1,REST,2.549,2.297,2.112,1.838,1.77,1.763
SVN,SVN.11_1,REST,0.2598,0.2014,0.1505,0.1113,0.07962,0.05476
SVN,SVN.12_1,REST,7.9,9.612,14.77,13.89,14.79,13.82
SVN,SVN.1_1,REST,6.914,6.344,6.236,6.478,7.058,6.37
SVN,SVN.2_1,REST,0.8722,0.7335,0.5964,0.4616,0.3297,0.2013
SVN,SVN.3_1,REST,3.505,2.901,2.393,2.023,1.767,1.588
SVN,SVN.4_1,REST,7.531,7.518,6.957,6.953,6.638,6.936
SVN,SVN.5_1,REST,0.1874,0.1356,0.08694,0.04226,0.01482,0.008251
SVN,SVN.6_1,REST,0.8484,0.6545,0.5015,0.3593,0.238,0.1509
SVN,SVN.7_1,REST,2.165,1.848,1.692,1.847,1.677,1.478
SVN,SVN.8_1,REST,0.953,0.8868,0.8264,0.7615,0.7021,0.6574
SVN,SVN.9_1,REST,0,0,0,0,0,0
SWE,SWE.11_1,REST,0,0,0,0,0,0
SWE,SWE.12_1,REST,0,0,0,0,0,0
SWE,SWE.13_1,REST,0,0,0,0,0,0
SWE,SWE.14_1,REST,0,0,0,0,0,0
SWE,SWE.15_1,REST,0,0,0,0,0,0
SWE,SWE.16_1,REST,0,0,0,0,0,0
SWE,SWE.17_1,REST,0,0,0,0,0,0
SWE,SWE.1_1,REST,0,0,0,0,0,0
SWE,SWE.20_1,REST,0,0,0,0,0,0
SWE,SWE.21_1,REST,0,0,0,0,0,0
SWE,SWE.4_1,REST,0,0,0,0,0,0
SWE,SWE.5_1,REST,0,0,0,0,0,0
SWE,SWE.7_1,REST,0,0,0,0,0,0
SWE,SWE.8_1,REST,0,0,0,0,0,0
SWE,SWE.9_1,REST,0,0,0,0,0,0
SWZ,SWZ.1_1,REST,0.2331,0.1937,0.1566,0.1265,0.1028,0.08104
SWZ,SWZ.2_1,REST,0.1153,0.1006,0.086,0.07178,0.07871,0.0666
SWZ,SWZ.3_1,REST,0.3427,0.2981,0.2622,0.2215,0.1839,0.1499
SWZ,SWZ.4_1,REST,0.7992,0.6993,0.5995,0.5003,0.4014,0.3028
SYR,SYR.10_1,REST,0.02313,0.02053,0.01808,0.0159,0.01385,0.01185
SYR,SYR.11_1,REST,0.09251,0.09726,0.09114,0.08518,0.08373,0.08916
SYR,SYR.13_1,REST,0.01824,0.01262,0.009132,0.005791,0.002906,0.001549
SYR,SYR.14_1,REST,0.1621,0.1575,0.1478,0.146,0.1444,0.1416
SYR,SYR.1_1,REST,0.06151,0.05542,0.04933,0.05073,0.2044,0.1897
SYR,SYR.2_1,REST,0.9226,0.8449,0.7694,0.6941,0.6195,0.5461
SYR,SYR.3_1,REST,0.0681,0.06009,0.05233,0.04474,0.03717,0.02962
SYR,SYR.5_1,REST,0,0,0,0,0,0
SYR,SYR.6_1,REST,0,0,0,0,0,0
SYR,SYR.7_1,REST,0.05772,0.05144,0.04516,0.03887,0.03259,0.02631
SYR,SYR.8_1,REST,0.08787,0.09124,0.08452,0.07787,0.07125,0.1189
SYR,SYR.9_1,REST,0.04684,0.04196,0.08927,0.08359,0.07793,0.07239
TCD,TCD.11_1,REST,0,0,0,0,0,0
TCD,TCD.12_1,REST,0.4296,0.4929,0.5217,0.5686,0.5826,0.616
TCD,TCD.13_1,REST,0.01794,0.01778,0.02027,0.02198,0.02687,0.02942
TCD,TCD.14_1,REST,0.002729,0.001485,8.288e-4,7.361e-4,6.552e-4,5.816e-4
TCD,TCD.15_1,REST,0.5109,0.527,0.5518,0.5803,0.6413,0.7912
TCD,TCD.16_1,REST,0.01451,0.01297,0.01233,0.01569,0.01797,0.01999
TCD,TCD.17_1,REST,0,0,0,0,0,0
TCD,TCD.18_1,REST,0,0,0,0,0,0
TCD,TCD.19_1,REST,0,0,0,0,0,0
TCD,TCD.20_1,REST,0,0,0,0,0,0
TCD,TCD.4_1,REST,7.204e-4,4.112e-4,2.004e-4,8.821e-5,2.98e-5,2.522e-5
TCD,TCD.7_1,REST,0,0,0,0,0,0
TCD,TCD.8_1,REST,0.05571,0.04827,0.04127,0.03427,0.02727,0.02199
TGO,TGO.1_1,REST,2.616,2.576,2.629,2.795,3.089,3.307
TGO,TGO.2_1,REST,4.065,3.698,3.454,3.497,3.749,4.074
TGO,TGO.3_1,REST,0.4587,0.4056,0.3801,0.3892,0.3677,0.3602
TGO,TGO.4_1,REST,8.114,7.144,6.194,5.322,4.671,4.316
TGO,TGO.5_1,REST,0.2528,0.232,0.2117,0.1952,0.1801,0.1727
THA,THA.10_1,REST,35.2,29.27,23.98,20.29,18.67,18.88
THA,THA.11_1,REST,4.253,4.36,4.42,4.759,4.858,5.061
THA,THA.12_1,REST,10.95,11.95,13.13,14.49,15.23,15.92
THA,THA.13_1,REST,20.14,20.55,20.28,21.07,21.04,20.63
THA,THA.14_1,REST,1.415,1.498,1.62,1.821,2.038,2.113
THA,THA.15_1,REST,2.911,2.529,2.27,2.643,3.051,3.129
THA,THA.16_1,REST,22.69,22.64,22.59,25.01,28.12,28.2
THA,THA.17_1,REST,0.4549,0.5721,0.7242,0.8404,1.103,1.14
THA,THA.18_1,REST,25.98,25.51,24.56,25.09,25.43,24.9
THA,THA.19_1,REST,23.14,20.28,18.15,16.72,16.03,15.45
THA,THA.1_1,REST,13.81,10.7,8.244,6.04,4.954,4.791
THA,THA.20_1,REST,134.5,115.7,97.29,79.42,61.59,44.23
THA,THA.21_1,REST,2.125,2.141,2.149,2.264,2.276,2.185
THA,THA.22_1,REST,5.379,4.553,3.761,3.052,2.373,1.774
THA,THA.23_1,REST,53.45,49.43,46.82,41.83,37.14,32.63
THA,THA.24_1,REST,1.151,1.058,0.9101,0.7252,0.6409,0.7238
THA,THA.25_1,REST,2.068,1.884,1.817,1.794,1.745,1.69
THA,THA.26_1,REST,38,39.36,40.91,41.46,40.94,38.77
THA,THA.27_1,REST,2.618,2.164,2.277,2.062,2.067,2.351
THA,THA.28_1,REST,19.05,20.78,22.42,23.83,24.95,26.3
THA,THA.29_1,REST,2.342,2.386,2.511,2.831,3.349,3.548
THA,THA.30_1,REST,10,7.254,5.013,5.694,6.772,8.631
THA,THA.31_1,REST,32.67,32.18,31.76,32.41,33.02,32.75
THA,THA.32_1,REST,21.34,20.55,19.68,19.31,19.17,18.81
THA,THA.33_1,REST,28.85,29.11,29.5,30.28,33.43,33.94
THA,THA.34_1,REST,0.7745,0.8727,0.9258,1.065,1.171,1.234
THA,THA.35_1,REST,3.325,3.378,3.335,3.457,3.602,4.052
THA,THA.36_1,REST,0.3254,0.176,0.09064,0.0307,7.058e-4,6.553e-4
THA,THA.37_1,REST,2591000,2208000,1827000,1472000,1153000,855000
THA,THA.38_1,REST,30.98,33.56,34.87,36.63,40.78,44.3
THA,THA.39_1,REST,30.39,29.96,29.13,29.01,28.73,27.89
THA,THA.3_1,REST,0.3968,0.3447,0.3083,0.2719,0.2372,0.204
THA,THA.40_1,REST,18.52,18.92,18.68,19.03,19.8,21.06
THA,THA.41_1,REST,6.016,6.045,5.872,5.881,5.825,5.781
THA,THA.42_1,REST,1.725,1.874,2.037,2.249,2.318,2.294
THA,THA.43_1,REST,0.916,0.9457,0.9695,1.112,1.245,1.249
THA,THA.44_1,REST,4836,3851,2987,2238,1615,1120
THA,THA.45_1,REST,1.229,1.376,1.466,1.611,1.671,1.71
THA,THA.46_1,REST,12320,8216,4786,1882,403.8,159.1
THA,THA.47_1,REST,1.379,1.348,1.272,1.244,1.225,1.208
THA,THA.48_1,REST,10.47,10.53,11.08,10.81,10.77,12.51
THA,THA.49_1,REST,0.5664,0.6444,0.7596,0.9007,1.015,1.094
THA,THA.4_1,REST,7.52,8.043,8.345,9.014,9.905,11.04
THA,THA.50_1,REST,2.55,2.668,2.707,3.03,3.423,3.534
THA,THA.51_1,REST,15.91,15.79,15.19,15.13,15.23,14.71
THA,THA.52_1,REST,1.454,1.488,1.53,1.746,2.056,2.15
THA,THA.53_1,REST,17.98,18.6,19.58,20.61,20.6,20.21
THA,THA.54_1,REST,7.7,7.567,7.945,7.987,8.091,8.54
THA,THA.55_1,REST,0.8882,1.08,1.234,1.497,1.72,1.924
THA,THA.56_1,REST,6.037,6.267,6.702,7.429,7.894,8.196
THA,THA.57_1,REST,257.5,239.2,221.9,204.9,188,172.1
THA,THA.58_1,REST,3.307,3.171,3.899,5.136,6.028,6.587
THA,THA.59_1,REST,22.52,22.85,23.92,24.51,26.33,27.95
THA,THA.5_1,REST,11.56,13.06,14.62,16.34,18.14,20.19
THA,THA.60_1,REST,0.9629,0.9937,0.9997,1.007,1.044,1.007
THA,THA.61_1,REST,23.62,23.97,24.59,25.87,27.39,28.22
THA,THA.62_1,REST,4.602,6.371,7.857,9.632,11.88,13.14
THA,THA.64_1,REST,33.64,34.52,35,36.34,38.46,39.99
THA,THA.65_1,REST,9.787,10.1,10.16,10.22,10.32,10.42
THA,THA.66_1,REST,11.79,10.56,9.325,8.5,7.658,7.015
THA,THA.67_1,REST,46.43,49.11,50.34,52.65,54.88,55.53
THA,THA.68_1,REST,9.462,12.05,13.88,15.81,19.18,20.81
THA,THA.69_1,REST,6.488,6.727,6.956,7.375,7.526,7.684
THA,THA.6_1,REST,2.943,3.497,3.944,4.615,5.2,5.646
THA,THA.70_1,REST,30.02,30.03,29.25,30.05,30.59,30.84
THA,THA.71_1,REST,11.42,13.13,15.31,17.01,17.44,17.49
THA,THA.72_1,REST,13.85,14.49,15.47,16.24,16.79,17.47
THA,THA.73_1,REST,1.86,1.969,2.082,2.25,2.381,2.475
THA,THA.74_1,REST,15,15.3,14.7,15.71,18.23,18.43
THA,THA.75_1,REST,0.222,0.2179,0.2123,0.2118,0.2125,0.2058
THA,THA.76_1,REST,26.98,29.17,30.85,32.62,35.46,36.77
THA,THA.77_1,REST,3.956,3.646,3.607,3.542,3.595,3.662
THA,THA.7_1,REST,0.5723,0.5311,0.4798,0.546,0.5411,0.4828
THA,THA.8_1,REST,2.354,3.202,3.477,3.712,3.952,4.428
THA,THA.9_1,REST,13.22,14.56,16.44,17.74,18.38,18.15
TJK,TJK.3_1,REST,0.00238,0.00171,0.001246,8.882e-4,6.158e-4,4.574e-4
TJK,TJK.4_1,REST,6.782e-4,3.932e-4,2.336e-4,1.612e-4,1.162e-4,8.817e-5
TJK,TJK.5_1,REST,1.11e-5,0,0,0,0,0
TKM,TKM.1_1,REST,0.9928,0.7795,0.6101,0.473,0.3441,0.2159
TKM,TKM.3_1,REST,0.01635,0.01377,0.01129,0.00893,0.006661,0.004572
TKM,TKM.4_1,REST,0.8435,0.4838,0.222,0.06753,0.007067,0
TKM,TKM.5_1,REST,0.03613,0.01918,0.01181,0.005914,0.001851,0
TLS,TLS.10_1,REST,0.9647,0.8171,0.6696,0.5221,0.3745,0.227
TLS,TLS.11_1,REST,0.6834,0.7654,0.7243,0.7743,0.7642,0.8188
TLS,TLS.12_1,REST,4.428,4.168,4.143,4.413,4.532,4.782
TLS,TLS.13_1,REST,2.809,2.673,2.655,2.765,2.576,2.406
TLS,TLS.1_1,REST,1.164,1.313,1.309,1.331,1.241,1.247
TLS,TLS.2_1,REST,0.5586,0.5266,0.5174,0.4906,0.4415,0.3896
TLS,TLS.3_1,REST,5.787,6.483,6.616,7.071,7.034,7.449
TLS,TLS.4_1,REST,0.5893,0.5859,0.5806,0.6712,0.6833,0.7358
TLS,TLS.5_1,REST,4.646,5.361,5.668,6.405,6.413,6.538
TLS,TLS.6_1,REST,2.047,1.565,1.1,0.7108,0.5308,0.4983
TLS,TLS.7_1,REST,3.983,4.096,3.777,3.485,3.154,2.828
TLS,TLS.8_1,REST,0.7615,0.679,0.636,0.5597,0.5243,0.4242
TLS,TLS.9_1,REST,1.667,1.506,1.426,1.36,1.269,1.267
TTO,TTO.11_1,REST,0.0119,0.009934,0.008411,0.007164,0.006219,0.005576
TTO,TTO.12_1,REST,8.932,7.833,6.803,5.764,4.769,3.75
TTO,TTO.13_1,REST,13.69,11.8,9.978,8.248,6.578,4.905
TTO,TTO.14_1,REST,0.06274,0.05424,0.04594,0.03788,0.03003,0.02225
TTO,TTO.15_1,REST,0.7436,0.6603,0.5843,0.506,0.418,0.3383
TTO,TTO.2_1,REST,0.1684,0.1545,0.1418,0.1295,0.1177,0.1065
TTO,TTO.3_1,REST,7.734,6.864,6.035,5.373,4.768,3.998
TTO,TTO.4_1,REST,0.4035,0.3779,0.3599,0.3873,0.3647,0.3707
TTO,TTO.5_1,REST,10.69,10.01,9.141,8.73,9.265,8.689
TTO,TTO.6_1,REST,4.127,3.617,3.193,2.925,2.656,2.29
TTO,TTO.7_1,REST,0.3352,0.2386,0.1466,0.06279,0.0125,0
TTO,TTO.9_1,REST,8.268,7.25,6.351,5.467,4.635,3.882
TUN,TUN.11_1,REST,0.3558,0.3152,0.2747,0.2388,0.2077,0.178
TUN,TUN.12_1,REST,0.04153,0.03757,0.03362,0.02966,0.02571,0.02175
TUN,TUN.13_1,REST,0.003132,0.002703,0.002337,0.002027,0.002105,0.001831
TUN,TUN.14_1,REST,0,0,0,0,0,0
TUN,TUN.16_1,REST,0.2996,0.3195,0.3192,0.4207,0.5418,0.8075
TUN,TUN.17_1,REST,0,0,0,0,0,0
TUN,TUN.18_1,REST,0,0,0,0,0,0
TUN,TUN.19_1,REST,1.374,1.269,1.194,1.11,1.107,1.31
TUN,TUN.1_1,REST,0.001311,0.001185,0.001166,0.001642,0.001485,0.001336
TUN,TUN.20_1,REST,4.784e-6,1.595e-6,0,0,0,0
TUN,TUN.23_1,REST,0.007103,0.006591,0.006078,0.005584,0.005108,0.004631
TUN,TUN.24_1,REST,0.04991,0.04426,0.03862,0.03835,0.034,0.02956
TUN,TUN.2_1,REST,0.2956,0.2725,0.2515,0.2659,0.2512,0.2444
TUN,TUN.3_1,REST,0.04575,0.04853,0.04456,0.04551,0.04663,0.04639
TUN,TUN.4_1,REST,0.7248,0.6954,0.7402,0.7652,0.8465,0.8396
TUN,TUN.5_1,REST,0,0,0,0,0,0
TUN,TUN.6_1,REST,0,0,0,0,0,0
TUN,TUN.7_1,REST,0.18,0.173,0.1566,0.2166,0.2378,0.227
TUN,TUN.8_1,REST,0.00489,0.004362,0.003836,0.003315,0.009636,0.008769
TUN,TUN.9_1,REST,0,0,0,8.396e-4,7.965e-4,7.535e-4
TUR,TUR.10_1,REST,0.004668,0.003931,0.003223,0.002546,0.001928,0.001368
TUR,TUR.11_1,REST,0.7793,0.8606,0.9039,0.909,0.9203,0.938
TUR,TUR.12_1,REST,0.04069,0.04212,0.06668,0.06666,0.06398,0.06686
TUR,TUR.13_1,REST,0.03849,0.03174,0.0255,0.01968,0.01453,0.00995
TUR,TUR.14_1,REST,0.006576,0.004338,0.003069,0.001886,8.657e-4,3.384e-4
TUR,TUR.15_1,REST,0.08712,0.0642,0.04354,0.02514,0.01124,0.005891
TUR,TUR.16_1,REST,0.431,0.5318,0.6639,0.6953,0.7333,0.8047
TUR,TUR.17_1,REST,0.04176,0.02934,0.02237,0.01547,0.009005,0.005194
TUR,TUR.18_1,REST,0.05969,0.03451,0.01629,0.00546,0.002222,0.001495
TUR,TUR.19_1,REST,0.1039,0.08181,0.06156,0.04722,0.03496,0.02539
TUR,TUR.1_1,REST,0.001225,0.001031,8.449e-4,6.659e-4,4.968e-4,3.422e-4
TUR,TUR.20_1,REST,0.4899,0.5543,0.6734,0.6628,0.6517,0.6122
TUR,TUR.21_1,REST,0.121,0.1341,0.1567,0.1797,0.1876,0.2159
TUR,TUR.22_1,REST,0.01843,0.0186,0.01902,0.02339,0.02425,0.02657
TUR,TUR.23_1,REST,0.05295,0.03391,0.01999,0.01131,0.006212,0.004562
TUR,TUR.24_1,REST,0.2597,0.3017,0.3419,0.5562,0.5336,0.5473
TUR,TUR.25_1,REST,0.3573,0.4324,0.4578,0.486,0.4692,0.454
TUR,TUR.26_1,REST,0.01462,0.01159,0.008861,0.006194,0.004311,0.003208
TUR,TUR.27_1,REST,0.04114,0.03354,0.02654,0.0206,0.01546,0.01078
TUR,TUR.28_1,REST,0.008999,0.007021,0.005089,0.003636,0.002618,0.001945
TUR,TUR.29_1,REST,0.09993,0.07659,0.05355,0.03081,0.009728,0
TUR,TUR.2_1,REST,0.009332,0.007271,0.005521,0.003847,0.002374,0.00108
TUR,TUR.30_1,REST,0.04031,0.02736,0.01556,0.00727,0.003454,0.002081
TUR,TUR.31_1,REST,0.06729,0.05332,0.04216,0.03376,0.02536,0.01771
TUR,TUR.32_1,REST,0.1943,0.1783,0.16,0.2112,0.1926,0.3496
TUR,TUR.33_1,REST,0.005353,0.003548,0.00206,8.353e-4,2.547e-4,2.047e-4
TUR,TUR.34_1,REST,0.02563,0.02083,0.01653,0.01267,0.009373,0.006749
TUR,TUR.35_1,REST,0.001377,0.001074,7.972e-4,5.317e-4,3.401e-4,2.313e-4
TUR,TUR.36_1,REST,0.005206,0,0,0,0,0
TUR,TUR.37_1,REST,0.003451,0.002838,0.002255,0.00172,0.001245,8.413e-4
TUR,TUR.38_1,REST,0.006357,0.005539,0.004668,0.003948,0.003156,0.002299
TUR,TUR.39_1,REST,0.4881,0.5347,0.5234,0.5371,0.5724,0.5811
TUR,TUR.3_1,REST,0.7754,0.7672,0.7159,0.7232,0.7545,0.7146
TUR,TUR.40_1,REST,0.0272,0.02362,0.02015,0.01676,0.0136,0.01067
TUR,TUR.41_1,REST,0.2214,0.2264,0.2238,0.2236,0.218,0.2179
TUR,TUR.42_1,REST,0.01369,0.01072,0.008191,0.00606,0.004364,0.003072
TUR,TUR.43_1,REST,0.04882,0.03439,0.0217,0.01194,0.006266,0.003491
TUR,TUR.44_1,REST,0.4021,0.367,0.4003,0.4489,0.5409,0.699
TUR,TUR.45_1,REST,0,0,0,0,0,0
TUR,TUR.46_1,REST,0.04989,0.04105,0.03264,0.02466,0.01775,0.01208
TUR,TUR.47_1,REST,0.01228,0.007547,0.004396,0.00289,0.001529,7.222e-4
TUR,TUR.48_1,REST,0,0,0,0,0,0
TUR,TUR.49_1,REST,0.02087,0.01342,0.007966,0.004169,0.001525,4.397e-4
TUR,TUR.4_1,REST,0,0,0,0,0,0
TUR,TUR.50_1,REST,0.05075,0.05036,0.05083,0.05667,0.06019,0.06626
TUR,TUR.51_1,REST,0.0932,0.06522,0.03846,0.01453,0.002488,0.00121
TUR,TUR.52_1,REST,0.01691,0.01351,0.0108,0.008587,0.006435,0.005044
TUR,TUR.53_1,REST,0.1203,0.1534,0.1512,0.163,0.1617,0.1625
TUR,TUR.54_1,REST,0.5433,0.5346,0.5752,0.6123,0.6188,0.6871
TUR,TUR.55_1,REST,0.05177,0.04104,0.03115,0.02191,0.01469,0.01007
TUR,TUR.56_1,REST,0.5237,0.537,0.568,0.5817,0.5976,0.6038
TUR,TUR.57_1,REST,0.04424,0.02654,0.01438,0.006413,0.001548,0
TUR,TUR.58_1,REST,0.001533,0.001188,8.983e-4,6.338e-4,4.279e-4,2.933e-4
TUR,TUR.59_1,REST,0.8209,0.8581,0.9063,0.968,0.9894,1.015
TUR,TUR.5_1,REST,0.03436,0.02506,0.01661,0.008534,0.003824,0.00239
TUR,TUR.60_1,REST,0.05003,0.03792,0.02709,0.01625,0.005417,0
TUR,TUR.61_1,REST,0.008091,0.005464,0.002837,9.845e-4,3.908e-4,2.82e-4
TUR,TUR.62_1,REST,0.005234,0.004226,0.003338,0.002592,0.001988,0.001474
TUR,TUR.63_1,REST,0.05747,0.04706,0.03817,0.03031,0.02366,0.01895
TUR,TUR.64_1,REST,0.007462,0.006189,0.004949,0.00378,0.002756,0.001864
TUR,TUR.65_1,REST,0.003206,0.002322,0.001588,9.893e-4,5.243e-4,2.588e-4
TUR,TUR.66_1,REST,0.02372,0.01944,0.01566,0.01187,0.008476,0.005646
TUR,TUR.67_1,REST,0.02027,0.02195,0.0239,0.02393,0.02559,0.0284
TUR,TUR.68_1,REST,0.1097,0.09452,0.0798,0.06534,0.05103,0.03687
TUR,TUR.69_1,REST,0.04556,0.02719,0.01011,0.001282,3.108e-4,0
TUR,TUR.6_1,REST,0.794,0.7859,0.7819,0.7613,0.7352,0.6982
TUR,TUR.70_1,REST,0.0232,0.01891,0.01495,0.01126,0.008219,0.005924
TUR,TUR.71_1,REST,0.01685,0.01076,0.004713,0.001285,4.391e-4,8.019e-6
TUR,TUR.72_1,REST,0.02871,0.02353,0.01887,0.01459,0.01067,0.007343
TUR,TUR.73_1,REST,0.0089,0.007355,0.00598,0.005403,0.005664,0.004988
TUR,TUR.74_1,REST,0.1421,0.2379,0.2537,0.2495,0.2504,0.2607
TUR,TUR.75_1,REST,0.01069,0.008555,0.006554,0.004644,0.00306,0.001895
TUR,TUR.76_1,REST,0.2779,0.2227,0.1675,0.1131,0.06888,0.04505
TUR,TUR.77_1,REST,0.3781,0.4067,0.4451,0.4706,0.452,0.4224
TUR,TUR.78_1,REST,0.01883,0.011,0.00631,0.003016,0.001254,0.001023
TUR,TUR.79_1,REST,0.2813,0.3574,0.3794,0.4614,0.4872,0.4752
TUR,TUR.7_1,REST,0.01466,0.01137,0.008622,0.00616,0.004279,0.002997
TUR,TUR.80_1,REST,0.02603,0.02134,0.01678,0.01236,0.008906,0.006545
TUR,TUR.81_1,REST,0.01659,0.01398,0.01139,0.008821,0.006492,0.004689
TUR,TUR.8_1,REST,0.2458,0.3056,0.329,0.3495,0.3646,0.3796
TWN,TWN.1_1,REST,0.3452,0.375,0.3478,0.3206,0.305,0.2776
TWN,TWN.2_1,REST,0.207,0.242,0.2476,0.2895,0.2914,0.3225
TWN,TWN.3_1,REST,2.167,2.253,2.322,2.409,2.354,2.269
TWN,TWN.4_1,REST,0.7101,0.7466,0.746,0.7846,0.8005,0.8721
TWN,TWN.5_1,REST,0.003817,0.003459,0.003144,0.003903,0.003862,0.004173
TWN,TWN.6_1,REST,0.04748,0.04268,0.03844,0.03421,0.02997,0.02573
TWN,TWN.7_1,REST,0.9289,0.9915,1.024,1.108,1.226,1.289
TZA,TZA.10_1,REST,60.81,60.3,59.62,60.61,61.44,60.83
TZA,TZA.11_1,REST,0.1378,0.1286,0.1238,0.1152,0.1054,0.09871
TZA,TZA.12_1,REST,0.007348,0.006775,0.006214,0.007543,0.008389,0.008914
TZA,TZA.13_1,REST,6.573,7.208,7.694,8.253,8.574,9.014
TZA,TZA.14_1,REST,3.599,2.816,2.373,2.058,1.893,1.83
TZA,TZA.15_1,REST,14.75,14.92,14.89,15.4,16,15.81
TZA,TZA.16_1,REST,0.004625,0.004735,0.00469,0.004802,0.004867,0.004793
TZA,TZA.17_1,REST,23.16,31.29,34.01,37.53,43.15,46.35
TZA,TZA.18_1,REST,4.185,3.949,3.78,3.939,3.821,3.645
TZA,TZA.19_1,REST,1.145,1.116,1.087,1.125,1.086,1.052
TZA,TZA.1_1,REST,0.01114,0.0113,0.01146,0.01137,0.01209,0.01158
TZA,TZA.20_1,REST,31.75,31.89,32.43,33.22,32.71,32
TZA,TZA.21_1,REST,0.09325,0.09961,0.102,0.1029,0.109,0.1237
TZA,TZA.22_1,REST,73.43,75.71,80.27,95.17,108.6,112.1
TZA,TZA.23_1,REST,1.309,1.527,1.54,1.571,1.538,1.584
TZA,TZA.24_1,REST,0.001783,0.001534,0.001286,0.001037,7.882e-4,5.396e-4
TZA,TZA.25_1,REST,0.2561,0.2917,0.3008,0.3452,0.3747,0.3825
TZA,TZA.26_1,REST,2.802,2.824,2.816,3.049,3.07,3.234
TZA,TZA.27_1,REST,0.9494,1.004,1.019,1.031,1.077,1.112
TZA,TZA.28_1,REST,0.06501,0.06043,0.05475,0.04863,0.04591,0.0404
TZA,TZA.29_1,REST,0.09737,0.1023,0.1049,0.1132,0.1194,0.1284
TZA,TZA.2_1,REST,6.975,6.298,5.61,5.359,5.067,4.522
TZA,TZA.30_1,REST,0.02225,0.0207,0.01843,0.01727,0.01606,0.01539
TZA,TZA.31_1,REST,35.05,38.12,41.35,43.71,46.48,51.73
TZA,TZA.3_1,REST,0.01969,0.01996,0.01973,0.02219,0.02502,0.02653
TZA,TZA.4_1,REST,0.002429,0.002688,0.002736,0.002854,0.002694,0.002817
TZA,TZA.5_1,REST,0.08068,0.07486,0.06898,0.06517,0.06218,0.05997
TZA,TZA.6_1,REST,0.1484,0.1533,0.1615,0.1762,0.2143,0.2582
TZA,TZA.7_1,REST,66.43,69.64,72.96,81.03,84.92,94.59
TZA,TZA.8_1,REST,5.633,5.679,5.678,5.789,5.815,6.321
TZA,TZA.9_1,REST,0.6292,0.6007,0.564,0.5384,0.673,0.6394
UGA,UGA.10_1,REST,0.01145,0.01446,0.01571,0.01644,0.02012,0.02165
UGA,UGA.11_1,REST,0.1308,0.1379,0.1641,0.1931,0.2072,0.2372
UGA,UGA.12_1,REST,0.1136,0.165,0.1863,0.1988,0.2404,0.3069
UGA,UGA.13_1,REST,0.08821,0.0838,0.08147,0.07966,0.07921,0.08567
UGA,UGA.14_1,REST,0.04111,0.04132,0.0393,0.03654,0.03549,0.03586
UGA,UGA.17_1,REST,0.02074,0.02041,0.02064,0.01979,0.01984,0.01884
UGA,UGA.18_1,REST,0.02603,0.02618,0.0269,0.02645,0.02935,0.04243
UGA,UGA.19_1,REST,0.0706,0.06828,0.06604,0.0657,0.06751,0.06803
UGA,UGA.1_1,REST,0.1171,0.1086,0.1091,0.1021,0.09614,0.08841
UGA,UGA.20_1,REST,0.102,0.08222,0.07695,0.07006,0.07009,0.07818
UGA,UGA.21_1,REST,0.05056,0.05559,0.06032,0.06268,0.0669,0.07677
UGA,UGA.22_1,REST,0.01198,0.01193,0.01093,0.01122,0.01137,0.01063
UGA,UGA.23_1,REST,0.1305,0.1382,0.1484,0.1446,0.1575,0.1468
UGA,UGA.24_1,REST,0.3164,0.2745,0.2452,0.2175,0.1991,0.1801
UGA,UGA.25_1,REST,0.1594,0.1501,0.1508,0.1627,0.1612,0.162
UGA,UGA.26_1,REST,0.454,0.5186,0.5691,0.6174,0.6623,0.722
UGA,UGA.27_1,REST,0.01764,0.01591,0.01442,0.01421,0.01292,0.0117
UGA,UGA.28_1,REST,0.01653,0.0146,0.01285,0.01224,0.01058,0.009136
UGA,UGA.29_1,REST,0.01422,0.01345,0.01224,0.01086,0.009976,0.009402
UGA,UGA.2_1,REST,0.02294,0.02399,0.02558,0.02646,0.02683,0.02782
UGA,UGA.30_1,REST,0.08099,0.06627,0.05678,0.04667,0.03831,0.03265
UGA,UGA.31_1,REST,0,0,0,0,0,0
UGA,UGA.32_1,REST,0.01232,0.009949,0.007935,0.006242,0.004749,0.003791
UGA,UGA.33_1,REST,0.01601,0.0206,0.02184,0.02138,0.02084,0.02131
UGA,UGA.34_1,REST,0.4559,0.4581,0.4965,0.5674,0.5835,0.5805
UGA,UGA.35_1,REST,0.02045,0.02512,0.02753,0.02828,0.0317,0.03915
UGA,UGA.36_1,REST,0.1287,0.125,0.1244,0.128,0.1322,0.1299
UGA,UGA.37_1,REST,0.5707,0.482,0.3931,0.3055,0.2215,0.1474
UGA,UGA.38_1,REST,0.0499,0.05266,0.05237,0.05328,0.06382,0.07524
UGA,UGA.39_1,REST,0.1148,0.1151,0.1119,0.108,0.1052,0.1086
UGA,UGA.3_1,REST,0.2141,0.1967,0.1822,0.1793,0.1741,0.208
UGA,UGA.40_1,REST,0.01416,0.02228,0.02384,0.02751,0.02542,0.02646
UGA,UGA.41_1,REST,0.1174,0.1026,0.0902,0.07861,0.06615,0.05732
UGA,UGA.42_1,REST,0.01804,0.01578,0.01548,0.0139,0.01283,0.01263
UGA,UGA.43_1,REST,0.124,0.1194,0.1239,0.1245,0.1246,0.1281
UGA,UGA.44_1,REST,0.124,0.1286,0.1376,0.1428,0.1621,0.1595
UGA,UGA.45_1,REST,0.0705,0.06909,0.06554,0.07644,0.07796,0.0733
UGA,UGA.46_1,REST,0.3093,0.3284,0.3508,0.4117,0.449,0.4683
UGA,UGA.47_1,REST,0.07816,0.06947,0.06112,0.05377,0.04645,0.03898
UGA,UGA.48_1,REST,0.0627,0.07446,0.07831,0.08142,0.0916,0.1045
UGA,UGA.49_1,REST,0.007509,0.006887,0.006405,0.005968,0.005717,0.005717
UGA,UGA.4_1,REST,0.03493,0.03294,0.02967,0.0284,0.02996,0.02988
UGA,UGA.50_1,REST,0.01326,0.0098,0.007406,0.005585,0.004338,0.004816
UGA,UGA.51_1,REST,0.03254,0.03247,0.03298,0.03069,0.02878,0.02789
UGA,UGA.52_1,REST,0.04858,0.05869,0.07291,0.09515,0.1139,0.1286
UGA,UGA.53_1,REST,0.09619,0.0924,0.09183,0.0874,0.08477,0.08308
UGA,UGA.54_1,REST,0.03492,0.03292,0.03344,0.03451,0.04011,0.04737
UGA,UGA.55_1,REST,0.06833,0.06946,0.07755,0.0848,0.08251,0.08245
UGA,UGA.56_1,REST,0.007936,0.007449,0.007006,0.006503,0.006855,0.008289
UGA,UGA.57_1,REST,0.03476,0.02969,0.0247,0.0201,0.01727,0.01686
UGA,UGA.58_1,REST,0.03383,0.03131,0.02867,0.02669,0.02484,0.0231
UGA,UGA.5_1,REST,2.941,2.535,2.154,1.915,1.516,1.115
UGA,UGA.6_1,REST,0.02086,0.01824,0.01736,0.01662,0.01655,0.01912
UGA,UGA.7_1,REST,0.07684,0.05836,0.04939,0.04361,0.03994,0.04083
UGA,UGA.8_1,REST,0.1635,0.1511,0.1397,0.1302,0.1189,0.1086
UGA,UGA.9_1,REST,0.1259,0.1115,0.1029,0.1013,0.1038,0.1036
UKR,UKR.10_1,REST,8.972e-4,7.963e-4,8.885e-4,8.082e-4,0.001589,0.001473
UKR,UKR.12_1,REST,0.003915,0.003751,0.005405,0.005184,0.004729,0.004667
UKR,UKR.13_1,REST,9.151e-4,6.903e-4,5.376e-4,4.233e-4,5.746e-4,5.557e-4
UKR,UKR.14_1,REST,0.001878,0.0019,0.001805,0.00188,0.002213,0.002104
UKR,UKR.15_1,REST,0.01115,0.009666,0.007893,0.006402,0.005465,0.00536
UKR,UKR.16_1,REST,0.003027,0.002459,0.001979,0.001554,0.001167,8.393e-4
UKR,UKR.17_1,REST,0.007607,0.009153,0.008288,0.008166,0.0073,0.007691
UKR,UKR.18_1,REST,0.007049,0.007079,0.00668,0.006124,0.005656,0.005162
UKR,UKR.19_1,REST,0.01483,0.01304,0.01134,0.009526,0.007693,0.00594
UKR,UKR.1_1,REST,0.01752,0.01888,0.02056,0.02004,0.01882,0.01867
UKR,UKR.20_1,REST,0.02322,0.0215,0.01978,0.01805,0.01633,0.0164
UKR,UKR.21_1,REST,0.003363,0.002947,0.002663,0.002249,0.001822,0.001525
UKR,UKR.22_1,REST,0.002699,0.002595,0.004549,0.004399,0.004052,0.004056
UKR,UKR.23_1,REST,0.01107,0.009504,0.007945,0.006386,0.004875,0.003437
UKR,UKR.24_1,REST,0.01484,0.01891,0.0217,0.02035,0.01905,0.01767
UKR,UKR.25_1,REST,0.006946,0.006788,0.006423,0.006043,0.005543,0.005067
UKR,UKR.26_1,REST,0.001683,0.001417,0.001162,0.001002,8.344e-4,7.065e-4
UKR,UKR.27_1,REST,0.00137,0.001315,0.001433,0.001322,0.001194,0.001361
UKR,UKR.2_1,REST,0.002462,0.002878,0.002729,0.002534,0.002251,0.002119
UKR,UKR.3_1,REST,0.01468,0.01358,0.01248,0.01143,0.01037,0.009414
UKR,UKR.4_1,REST,0.002459,0.002101,0.001761,0.001473,0.001204,9.292e-4
UKR,UKR.5_1,REST,0.001131,9.446e-4,7.908e-4,6.595e-4,5.535e-4,5.365e-4
UKR,UKR.6_1,REST,0.004749,0.004132,0.003563,0.003066,0.002696,0.002814
UKR,UKR.7_1,REST,0.00125,0.001396,0.001308,0.001176,0.001061,9.722e-4
UKR,UKR.8_1,REST,0.00211,0.00175,0.001697,0.001463,0.00123,0.001045
UKR,UKR.9_1,REST,0.0153,0.01308,0.01095,0.008928,0.01017,0.008242
URY,URY.10_2,REST,0,0,0,0,0,0
URY,URY.11_2,REST,7.926e-5,6.948e-5,5.969e-5,4.991e-5,4.013e-5,3.036e-5
URY,URY.12_2,REST,1.311e-4,1.076e-4,8.413e-5,6.061e-5,3.71e-5,1.359e-5
URY,URY.13_2,REST,0.103,0.07584,0.05149,0.02748,0.007758,0
URY,URY.14_2,REST,0,0,0,0,0,0
URY,URY.15_2,REST,0,0,0,0,0,0
URY,URY.16_2,REST,0,0,0,0,0,0
URY,URY.17_2,REST,0,0,0,0,0,0
URY,URY.18_2,REST,0,0,0,0,0,0
URY,URY.19_2,REST,0,0,0,0,0,0
URY,URY.1_2,REST,0.01378,0.008669,0.003637,7.17e-4,1.493e-4,0
URY,URY.2_2,REST,0,0,0,0,0,0
URY,URY.3_2,REST,2.52e-6,0,0,0,0,0
URY,URY.4_2,REST,0,0,0,0,0,0
URY,URY.5_2,REST,0,0,0,0,0,0
URY,URY.6_2,REST,0,0,0,0,0,0
URY,URY.7_2,REST,0,0,0,0,0,0
URY,URY.8_2,REST,0,0,0,0,0,0
URY,URY.9_2,REST,0,0,0,0,0,0
USA,USA.10_1,REST,1.03e-4,9.402e-5,8.547e-5,7.859e-5,7.443e-5,6.66e-5
USA,USA.11_1,REST,20.93,21.12,20.78,19.83,19.1,19.18
USA,USA.13_1,REST,0.2462,0.1806,0.1328,0.08942,0.05341,0.04207
USA,USA.14_1,REST,0.07123,0.06672,0.06252,0.05832,0.05491,0.05077
USA,USA.15_1,REST,0.08698,0.07436,0.07116,0.06302,0.05587,0.05932
USA,USA.16_1,REST,1.156e-4,1.011e-4,8.662e-5,7.211e-5,5.759e-5,4.308e-5
USA,USA.17_1,REST,0.1773,0.1661,0.2232,0.2084,0.1936,0.1788
USA,USA.18_1,REST,0.001129,9.42e-4,7.98e-4,6.783e-4,6.154e-4,5.701e-4
USA,USA.19_1,REST,0.08643,0.07572,0.065,0.05429,0.04358,0.03287
USA,USA.1_1,REST,0.1022,0.09778,0.09319,0.08891,0.08177,0.07487
USA,USA.20_1,REST,0,0,0,0,0,0
USA,USA.21_1,REST,0,0,0,0,0,0
USA,USA.22_1,REST,0,0,0,0,0,0
USA,USA.23_1,REST,0.02673,0.022,0.01767,0.01364,0.01007,0.007161
USA,USA.24_1,REST,0.00888,0.007803,0.006738,0.006087,0.005093,0.004311
USA,USA.25_1,REST,0,0,0,0,0,0
USA,USA.26_1,REST,1.163,1.344,1.384,1.313,1.339,1.264
USA,USA.28_1,REST,0,0,0,0,0,0
USA,USA.29_1,REST,0,0,0,0,0,0
USA,USA.2_1,REST,0,0,0,0,0,0
USA,USA.30_1,REST,0,0,0,0,0,0
USA,USA.31_1,REST,0,0,0,0,0,0
USA,USA.32_1,REST,0.8641,0.7761,0.763,0.6711,0.5882,0.5844
USA,USA.33_1,REST,2.366e-4,2.244e-4,2.123e-4,2.037e-4,1.913e-4,1.79e-4
USA,USA.34_1,REST,0.06746,0.06806,0.08041,0.07399,0.06887,0.06239
USA,USA.35_1,REST,0,0,0,0,0,0
USA,USA.36_1,REST,3.214e-6,2.231e-6,1.324e-6,4.414e-7,0,0
USA,USA.37_1,REST,9.651,9.844,9.844,9.805,9.763,10.1
USA,USA.38_1,REST,0.6862,0.5628,0.4531,0.3628,0.2915,0.2447
USA,USA.39_1,REST,0,0,0,0,0,0
USA,USA.3_1,REST,0.05693,0.05057,0.04326,0.03535,0.03408,0.02598
USA,USA.41_1,REST,0.05068,0.04636,0.04204,0.03772,0.03372,0.03448
USA,USA.42_1,REST,0,0,0,0,0,0
USA,USA.43_1,REST,0.0173,0.0214,0.02244,0.02119,0.0249,0.03062
USA,USA.44_1,REST,1.472,1.489,1.519,1.605,1.666,1.724
USA,USA.45_1,REST,0,0,0,0,0,0
USA,USA.46_1,REST,0.9391,0.875,0.8108,0.7467,0.6826,0.6185
USA,USA.47_1,REST,0,0,0,0,0,0
USA,USA.48_1,REST,0.1983,0.1696,0.1405,0.1195,0.1058,0.1042
USA,USA.49_1,REST,0,0,0,0,0,0
USA,USA.4_1,REST,0.6693,0.6672,0.6819,0.6648,0.7095,0.6659
USA,USA.50_1,REST,0.2671,0.2074,0.1541,0.1054,0.06449,0.03924
USA,USA.51_1,REST,0,0,0,0,0,0
USA,USA.5_1,REST,0.09694,0.09948,0.1043,0.1228,0.1288,0.1257
USA,USA.6_1,REST,0,0,0,0,0,0
USA,USA.7_1,REST,0,0,0,0,0,0
USA,USA.8_1,REST,0,0,0,0,0,0
UZB,UZB.10_1,REST,0.001992,9.521e-4,5.2e-4,3.725e-4,3.021e-4,2.652e-4
UZB,UZB.11_1,REST,0.005381,0.001546,9.93e-4,8.123e-4,6.596e-4,5.069e-4
UZB,UZB.12_1,REST,6.742e-4,4.816e-4,2.89e-4,9.632e-5,0,0
UZB,UZB.14_1,REST,0.001711,9.562e-4,4.891e-4,2.766e-4,1.668e-4,1.103e-4
UZB,UZB.1_1,REST,0.001207,0.001102,0.001712,0.002807,0.002795,0.002815
UZB,UZB.3_1,REST,7.173e-6,4.393e-6,7.323e-4,6.934e-4,6.552e-4,7.903e-4
UZB,UZB.5_1,REST,0.01049,0.008229,0.006566,0.00512,0.003768,0.00251
UZB,UZB.6_1,REST,0.002208,0.0017,0.001296,0.001021,8.018e-4,6.134e-4
UZB,UZB.8_1,REST,2.417e-4,1.741e-4,1.048e-4,0.001695,0.001614,0.00152
UZB,UZB.9_1,REST,0.00287,0.002876,0.002692,0.002347,0.002482,0.003494
VCT,VCT.1_1,REST,0.223,0.1831,0.146,0.113,0.08602,0.06754
VCT,VCT.3_1,REST,0.3277,0.2985,0.2729,0.2508,0.2288,0.2067
VCT,VCT.5_1,REST,0.1088,0.09036,0.07279,0.05605,0.0429,0.03612
VCT,VCT.6_1,REST,0.1405,0.1156,0.09185,0.06812,0.05359,0.08436
VEN,VEN.11_1,REST,0,0,0,0,0,0
VEN,VEN.12_1,REST,0,0,0,0,0,0
VEN,VEN.13_1,REST,0,0,0,0,0,0
VEN,VEN.14_1,REST,0,0,0,0,0,0
VEN,VEN.15_1,REST,0,0,0,0,0,0
VEN,VEN.16_1,REST,0,0,0,0,0,0
VEN,VEN.17_1,REST,0,0,0,0,0,0
VEN,VEN.18_1,REST,0,0,0,0,0,0
VEN,VEN.19_1,REST,0,0,0,0,0,0
VEN,VEN.1_1,REST,0,0,0,0,0,0
VEN,VEN.20_1,REST,0,0,0,0,0,0
VEN,VEN.21_1,REST,1.976e-4,1.752e-4,1.596e-4,1.509e-4,1.453e-4,1.37e-4
VEN,VEN.22_1,REST,0,0,0,0,0,0
VEN,VEN.23_1,REST,0,0,0,0,0,0
VEN,VEN.24_1,REST,0,0,0,0,0,0
VEN,VEN.25_1,REST,0.0153,0.02271,0.02523,0.03755,0.044,0.05266
VEN,VEN.2_1,REST,0,0,0,0,0,0
VEN,VEN.3_1,REST,0.001418,0.001718,0.001932,0.00206,0.002198,0.002481
VEN,VEN.4_1,REST,0,0,0,0,0,0
VEN,VEN.5_1,REST,0,0,0,0,0,0
VEN,VEN.6_1,REST,2.469e-5,1.427e-5,7.645e-6,3.824e-6,9.569e-7,0
VEN,VEN.7_1,REST,0,0,0,0,0,0
VEN,VEN.8_1,REST,0,0,0,0,0,0
VEN,VEN.9_1,REST,0,0,0,0,0,0
VNM,VNM.10_1,REST,62.54,57.28,54.85,51.72,49.15,47.21
VNM,VNM.11_1,REST,13.34,12.57,12.38,11.69,11.19,10.36
VNM,VNM.12_1,REST,0.21,0.1893,0.169,0.1563,0.1393,0.1243
VNM,VNM.13_1,REST,5.278,5.065,5.006,4.878,4.919,6.702
VNM,VNM.14_1,REST,0.9968,1.02,1.18,1.239,1.309,1.333
VNM,VNM.15_1,REST,10.43,10.38,10.39,10.17,9.956,9.743
VNM,VNM.16_1,REST,38.46,36.22,33.68,31.22,28.63,26.17
VNM,VNM.17_1,REST,24.04,27.05,32.83,33.19,33.12,32.84
VNM,VNM.18_1,REST,0.3193,0.2842,0.2512,0.2725,0.2846,0.8972
VNM,VNM.19_1,REST,25.55,25.86,27.5,27.7,26.23,32.84
VNM,VNM.1_1,REST,0.2175,0.1754,0.1585,0.1393,0.1233,0.1256
VNM,VNM.20_1,REST,4.21,4.309,4.385,4.493,4.481,4.26
VNM,VNM.21_1,REST,14,13.28,12.51,11.92,11.23,10.35
VNM,VNM.22_1,REST,0.8179,1.052,1.217,1.365,1.761,1.83
VNM,VNM.23_1,REST,0.9521,0.8876,2.107,1.994,5.853,5.68
VNM,VNM.24_1,REST,0.3818,0.4075,0.4199,0.6312,0.7146,0.7874
VNM,VNM.25_1,REST,30.59,29.06,29.42,30.39,32.12,32.16
VNM,VNM.26_1,REST,7.59,7.999,8.059,8.382,8.946,9.502
VNM,VNM.27_1,REST,3.914,4.21,4.512,4.91,5.898,6.328
VNM,VNM.28_1,REST,0.1678,0.1181,0.07253,0.02953,0.004488,0
VNM,VNM.29_1,REST,24.44,24.3,24.51,23.95,23.36,22.62
VNM,VNM.2_1,REST,0.5937,0.5602,0.5292,0.555,0.5242,0.6865
VNM,VNM.30_1,REST,2.999,3.16,3.298,3.362,3.531,3.624
VNM,VNM.31_1,REST,0.08891,0.114,0.1057,0.1191,0.1112,0.1077
VNM,VNM.32_1,REST,31.81,31.38,31.09,30.79,30.73,30.29
VNM,VNM.33_1,REST,3.801,4.138,4.564,4.608,4.57,4.709
VNM,VNM.34_1,REST,235.7,206.8,177.8,148.5,119.6,90.88
VNM,VNM.35_1,REST,5.444,6.941,9.278,10.27,11.03,12.32
VNM,VNM.36_1,REST,7.546,7.924,8.353,8.732,8.865,8.491
VNM,VNM.37_1,REST,52.82,50.4,48.12,45.3,42.42,39.72
VNM,VNM.38_1,REST,7.853,9.233,10.77,11.69,12.39,13.11
VNM,VNM.39_1,REST,1.919,1.823,1.793,2.488,2.876,4.368
VNM,VNM.3_1,REST,14.72,17.06,18.38,18.78,21.27,21.01
VNM,VNM.40_1,REST,0.03849,0.02155,0.01335,0.005613,0.001502,9.548e-4
VNM,VNM.41_1,REST,104.1,103.2,103.2,102.9,99.12,96.63
VNM,VNM.42_1,REST,0.4359,0.4422,0.538,0.49,0.509,0.4974
VNM,VNM.43_1,REST,7.57,7.397,7.027,6.614,6.4,5.922
VNM,VNM.44_1,REST,9.363,10.64,11.14,11.43,11.74,11.93
VNM,VNM.45_1,REST,20.4,20.95,20.79,20.8,20.9,21.31
VNM,VNM.46_1,REST,31.77,27.94,24.61,21.17,18.33,15.83
VNM,VNM.47_1,REST,39.53,44.01,43.94,43.39,42.21,40.6
VNM,VNM.48_1,REST,59.1,62.77,62.77,61.08,59.04,57.32
VNM,VNM.49_1,REST,16.81,18.83,21.1,22.02,24.53,26.76
VNM,VNM.4_1,REST,7.967,9.066,10.82,11.73,12.85,13.88
VNM,VNM.50_1,REST,72.36,74.65,71.31,67.32,63.69,59.04
VNM,VNM.51_1,REST,0.8254,0.8102,0.7877,0.8251,0.7892,0.8487
VNM,VNM.52_1,REST,3.087,3.039,2.977,3.066,2.977,2.844
VNM,VNM.53_1,REST,5.514,6.045,6.252,6.591,7.089,7.236
VNM,VNM.54_1,REST,20.84,27.66,29.19,31.63,31.53,38.35
VNM,VNM.55_1,REST,0.05848,0.03623,0.02763,0.02066,0.01575,0.01372
VNM,VNM.56_1,REST,14.94,16.01,17.42,17.58,18.03,19.3
VNM,VNM.57_1,REST,46.88,48.05,50.44,50.38,50.75,49.91
VNM,VNM.58_1,REST,2.494,2.481,2.32,2.776,2.938,3.333
VNM,VNM.59_1,REST,0.4625,0.433,0.4093,0.4046,0.4081,0.4315
VNM,VNM.5_1,REST,0.01622,0.008993,0.006836,0.005823,0.08586,0.08097
VNM,VNM.60_1,REST,10.02,9.791,9.503,9.552,10.74,11.96
VNM,VNM.61_1,REST,0.2143,0.2089,0.2127,0.2198,0.357,0.5695
VNM,VNM.62_1,REST,1.087,1.496,1.825,2.193,2.335,2.326
VNM,VNM.63_1,REST,48.35,56.61,62.75,66.6,69.74,74.74
VNM,VNM.6_1,REST,0.2631,0.2762,0.2619,0.5037,0.5297,0.6335
VNM,VNM.7_1,REST,108.6,94.16,80.34,66.36,52.61,39.08
VNM,VNM.8_1,REST,11.1,11.1,13.02,15.1,16.24,16.56
VNM,VNM.9_1,REST,42.14,37.44,32.53,27.56,22.78,18.12
VUT,VUT.1_1,REST,0.2385,0.2213,0.2041,0.1869,0.1697,0.1525
VUT,VUT.2_1,REST,0,0,0,0,0,0
VUT,VUT.3_1,REST,0.5511,0.5209,0.4889,0.4637,0.4783,0.4408
VUT,VUT.4_1,REST,0.4034,0.3805,0.3566,0.4389,0.4436,0.5283
VUT,VUT.5_1,REST,0,0,0,0,0,0
VUT,VUT.6_1,REST,0,0,0,0,0,0
XAD,XAD.2_1,REST,0,0,0,0,0,0
XCA,NA,REST,0,0,0,0,0,0
XKO,XKO.1_1,REST,0.2161,0.1829,0.1496,0.1164,0.08312,0.04987
XKO,XKO.3_1,REST,1.105,1.023,0.9416,0.8598,0.778,0.6962
XKO,XKO.4_1,REST,0,0,0,0,0,0
XKO,XKO.5_1,REST,0,0,0,0,0,0
XKO,XKO.7_1,REST,4.433,4.011,3.588,3.166,4.062,4.924
YEM,YEM.12_1,REST,0,0,0,0,0,0
YEM,YEM.18_1,REST,0,0,0,0,0,0
YEM,YEM.2_1,REST,0,0,0,0,0,0
YEM,YEM.5_1,REST,0,0,0,0,0,0
YEM,YEM.7_1,REST,0,0,0,0,0,0
Z01,Z01.14_1,REST,0.3968,0.3441,0.2867,0.2805,0.3955,0.4267
Z06,Z06.1_1,REST,0.1071,0.09315,0.07917,0.06566,0.06479,0.05786
Z07,Z07.3_1,REST,68.28,71.23,76.85,78.38,80.45,84.03
ZAF,ZAF.1_1,REST,0.03614,0.0388,0.03985,0.03996,0.03908,0.0376
ZAF,ZAF.2_1,REST,0.01072,0.008211,0.006753,0.005497,0.004593,0.004178
ZAF,ZAF.3_1,REST,0.03149,0.03121,0.03186,0.02939,0.02766,0.02651
ZAF,ZAF.4_1,REST,0.5461,0.561,0.5641,0.5555,0.5558,0.5618
ZAF,ZAF.5_1,REST,1.058,1.111,1.127,1.091,1.077,1.078
ZAF,ZAF.6_1,REST,0.04029,0.042659999999999997,0.04157,0.04018,0.03912,0.03875
ZAF,ZAF.7_1,REST,0.05361,0.05049,0.04625,0.04321,0.03907,0.03947
ZAF,ZAF.8_1,REST,0.006666,0.005185,0.004281,0.003314,0.002517,0.002101
ZAF,ZAF.9_1,REST,0.1363,0.1427,0.1399,0.1421,0.1481,0.1505
ZMB,ZMB.10_1,REST,204.1,242.3,273.3,277.6,279.8,298.8
ZMB,ZMB.1_1,REST,23.69,20.45,17.26,14.13,11.06,8.128
ZMB,ZMB.2_1,REST,33.7,30.99,28.04,25.16,22.47,20.26
ZMB,ZMB.3_1,REST,0.5993,0.6123,0.611,0.62,0.6406,0.5929
ZMB,ZMB.4_1,REST,1.48,1.152,0.8747,0.6707,0.5131,0.4088
ZMB,ZMB.5_1,REST,0.4365,0.3689,0.3142,0.2711,0.2412,0.2138
ZMB,ZMB.6_1,REST,35.43,40.05,45.55,52.52,57.39,64.99
ZMB,ZMB.7_1,REST,131.6,141.4,149.6,155.1,178.9,188
ZMB,ZMB.8_1,REST,1.162,0.8732,0.6368,0.4643,0.3207,0.2841
ZMB,ZMB.9_1,REST,0.2229,0.2206,0.2094,0.2189,0.2383,0.2403
ZNC,ZNC.1_1,REST,0.01614,0.01112,0.01001,0.0089,0.007792,0.006684
ZNC,ZNC.3_1,REST,0.005981,0.004279,0.002819,0.001483,8.008e-4,7.365e-4
ZWE,ZWE.10_1,REST,6.017,6.362,5.963,5.576,5.162,4.815
ZWE,ZWE.1_1,REST,1.19,0.8638,0.6065,0.4582,0.3712,0.3805
ZWE,ZWE.2_1,REST,0.5466,0.5137,0.447,0.4386,0.42,0.4274
ZWE,ZWE.3_1,REST,2.795,2.784,2.716,2.533,2.392,2.378
ZWE,ZWE.4_1,REST,2.108,1.749,1.35,1.034,0.7843,0.6601
ZWE,ZWE.5_1,REST,2.404,2.14,1.931,1.811,1.609,1.38
ZWE,ZWE.6_1,REST,5.195,4.574,3.912,3.301,2.757,2.333
ZWE,ZWE.7_1,REST,0.7643,0.8021,0.8895,0.882,0.896,0.9624
ZWE,ZWE.8_1,REST,3.473,3.212,2.806,2.42,2.145,1.956
ZWE,ZWE.9_1,REST,1.588,1.799,1.776,1.752,1.681,1.607
