GID_0,GID_1,crop_type,LD_2020,LD_2021,LD_2022,LD_2023,LD_2024,LD_2025,production_2020,production_2021,production_2022,production_2023,production_2024,production_2025,EF_2020,EF_2021,EF_2022,EF_2023,EF_2024,EF_2025
AFG,AFG.13_1,RICE,0,0,0,0,0,0,0.010840291017500663,0.010837716523651493,0.010846689539811332,0.010888386786382062,0.010752496754597444,0.010795334994717593,0,0,0,0,0,0
AFG,AFG.14_1,RICE,0,0,0,0,0,0,8.472722319459724,8.044820108940778,7.653115064266336,7.717752860417233,8.454623736537473,8.10834074851487,0,0,0,0,0,0
AFG,AFG.19_1,RICE,0.836918958920605,0.6364236771212878,0.47390712802265894,0.3502951773246558,0.24861581381540152,0.156359162713689,7237.5441023329495,6875.524233689405,6543.557929774268,6602.029677660198,7229.17069855807,6934.148024449167,1.156e-4,9.256e-5,7.242e-5,5.306e-5,3.439e-5,2.255e-5
AFG,AFG.1_1,RICE,0,0,0,0,0,0,17.656403991441614,16.764693628126516,15.948414957176436,16.083114407828262,17.6186881452591,16.89706502327291,0,0,0,0,0,0
AFG,AFG.20_1,RICE,0,0,0,0,0,0,78.44646114214967,74.48463956173289,70.8579569669707,71.4564194413539,78.27889164932236,75.07275860968386,0,0,0,0,0,0
AFG,AFG.22_1,RICE,0,0,0,0.03069111833640388,0.0862655755618409,0.08176098689177566,644.6371697800475,612.0807304762337,582.2783102071836,587.1962013406902,643.2601602626657,616.9136240579829,0,0,0,5.227e-5,1.341e-4,1.325e-4
AFG,AFG.2_1,RICE,0.0018217277857226948,1.2567518548035825e-5,1.1088986954149256e-5,9.610455360262688e-6,8.13192376637612e-6,6.653392172489553e-6,2.178986221642725,2.1784687275444594,2.1802723764084337,2.1886538604120807,2.1613388643073406,2.1699496972481294,8.36e-4,5.769e-6,5.086e-6,4.391e-6,3.762e-6,3.066e-6
AFG,AFG.30_1,RICE,0,0,0,0,0,0,0.6457106779733914,0.6131000227385437,0.5832479727803597,0.5881740536315451,0.6443313753350595,0.6179409644923511,0,0,0,0,0,0
AFG,AFG.31_1,RICE,0.05360760923330706,0.04021595458104184,0.02849923551466558,0.018565371373480105,0.01210477429982379,0.008875537068846931,3871.5232452433024,3679.0620733962414,3502.3823568301323,3534.768324361646,3869.4552110390027,3711.9057768416983,1.385e-5,1.093e-5,8.137e-6,5.252e-6,3.128e-6,2.391e-6
AFG,AFG.32_1,RICE,0,0,0,0,0.01203337514455406,0.01141627898329488,5.379341010715618,5.107665411913836,4.858971434762962,4.900010044853865,5.367850199890165,5.147994738027003,0,0,0,0,0.002242,0.002218
AFG,AFG.3_1,RICE,0,0,0,0,0,0,1336.3251610958291,1268.8360508848557,1207.0559892717895,1217.2507189109094,1333.4706367968754,1278.8545816133797,0,0,0,0,0,0
AFG,AFG.4_1,RICE,0,0,0,0,0,0,142.113904328811,134.9366534388451,128.366541596973,129.45071846856908,141.8103348047641,136.0020921201771,0,0,0,0,0,0
AGO,AGO.10_1,RICE,0,0,0,0,0,0,0.2703928705826452,0.2690366841398629,0.27029051688885036,1.0191869059625966,1.2369443895112209,1.047468293477698,0,0,0,0,0,0
AGO,AGO.12_1,RICE,0.005466708584618456,0.011117605584548777,0.012475572155340115,0.017924476493608555,0.020977984177979737,0.023624909369700936,38.836914297205375,38.64212330091959,38.82221308993853,146.38727135967542,177.66408981990233,150.44936745253204,1.408e-4,2.877e-4,3.214e-4,1.224e-4,1.181e-4,1.57e-4
AGO,AGO.13_1,RICE,0.27494679526371607,0.26358528794987524,0.2387390382039714,0.23752156425435134,0.2732554452207464,0.2666650823703036,59.56597345976545,59.26721349067606,59.54342553757003,224.52093526094993,272.49163973171784,230.75116009823896,0.004616,0.0044470000000000004,0.004009,0.001058,0.001003,0.001156
AGO,AGO.14_1,RICE,0.022195968528153535,0.01934624764691753,0.016423094937796867,0.01355012375975088,0.011222141539907441,0.008703439125787806,15.061824914596032,14.986280604907984,15.056123457261085,56.77226141273398,68.90211189283356,58.34763322699971,0.001474,0.001291,0.001091,2.387e-4,1.629e-4,1.492e-4
AGO,AGO.15_1,RICE,1.7466514258062624,1.725297503674021,1.7677422573203736,1.8812034452850042,2.7616017921791665,2.6869222272707565,161.62225069235527,160.81499799752993,161.56404855759249,609.1924923581785,739.3458258789949,626.094202884075,0.01081,0.01073,0.01094,0.003088,0.003735,0.004292
AGO,AGO.17_1,RICE,0.48395868793659846,0.5753833911427826,0.5621637954597458,0.6211051755640838,0.6559580129900433,0.6869420978997794,155.17441082585455,154.72603403165675,155.75520186847243,573.8169337957975,695.652863762335,589.6790072430094,0.003119,0.003719,0.003609,0.001082,9.429e-4,0.001165
AGO,AGO.18_1,RICE,0.011032327804814957,0.009291499268778624,0.007647910140560887,0.0060099540502992444,0.00438075809892795,0.002763521143173288,3.0535772692685654,3.1968567769757685,3.359850120990064,6.183938536909382,7.137599552243698,6.326330535483841,0.003613,0.002906,0.002276,9.719e-4,6.138e-4,4.368e-4
AGO,AGO.1_1,RICE,6.190519738063165e-4,5.303483519409832e-4,4.475962120219307e-4,3.706699315125474e-4,3.0180596200379513e-4,2.440539115481056e-4,0.33773932552023,0.336045355211479,0.3376114787044752,1.2730346678783724,1.545028768396699,1.3083600694821367,0.001833,0.001578,0.001326,2.912e-4,1.953e-4,1.865e-4
AGO,AGO.3_1,RICE,0.09257424754853605,0.07952656692120148,0.08001435632834422,0.06624028453210895,0.0549583974039774,0.04284251981528794,339.0241273785431,337.3237129987699,338.8957942178055,1277.8774480446077,1550.9062475138426,1313.337231812949,2.731e-4,2.358e-4,2.361e-4,5.184e-5,3.544e-5,3.262e-5
AGO,AGO.4_1,RICE,0.03279390763200726,0.027266674899839513,0.021233960920865796,0.016152474282062998,0.012619449220914424,0.011268190315836504,1.1454084392435449,1.2195901067099064,1.3026275403315544,1.3918491266643962,1.4871849882766668,1.413938084345315,0.02863,0.02236,0.0163,0.01161,0.008485,0.007969
AGO,AGO.5_1,RICE,0.0614935680446269,0.18062227406128073,0.17240194524090155,0.16281016438338952,0.15386966261647808,0.14500198621561156,87.92876154359031,87.74842430185768,88.12499043515741,330.86535363081634,401.13006956404087,339.83426320040365,6.994e-4,0.002058,0.001956,4.921e-4,3.836e-4,4.267e-4
AGO,AGO.6_1,RICE,2.515182014071298e-4,2.1987823626555146e-4,2.90029318287727e-4,7.283413163244117e-4,6.732409355253584e-4,6.185897573397365e-4,0.6985277865145584,0.6950242403155168,0.6982633679334987,2.632948020902324,3.1954985521069132,2.7060096181919095,3.601e-4,3.164e-4,4.154e-4,2.766e-4,2.107e-4,2.286e-4
AGO,AGO.7_1,RICE,0,0,0,0,0,0,0.011871632898787007,0.011812089362907785,0.011867139047022537,0.04474752894470393,0.054308198573612555,0.04598922681093892,0,0,0,0,0,0
AGO,AGO.8_1,RICE,0,0,0,0,0,0,0.031609992704876654,0.031451449162399274,0.031598027154501,0.11914696786554717,0.1446036762897452,0.12245317357692485,0,0,0,0,0,0
AGO,AGO.9_1,RICE,0,0,0,0,0,0,0.6480942761929301,0.6448436850470775,0.6478489485592809,2.442849912062497,2.964784452651296,2.510636482513988,0,0,0,0,0,0
ALB,ALB.2_1,RICE,0.00508083301806031,0.00463084652972059,0.00418086004138086,0.00373609641958816,0.0032965556643425,0.00285701490909683,0.369714514329955,0.35918263247897364,0.3595425349163273,0.3787878441979768,0.3524770818040682,0.36037821574770695,0.01374,0.01289,0.01163,0.009863,0.009353,0.007928
ARG,ARG.14_1,RICE,15.5794207920953,14.515314773990402,14.094037962691104,12.596297026990138,11.214270397854825,10.3250922312951,327.06444526556993,325.32774435798973,269.11721151459085,269.8545621235224,289.9278064558102,277.6440308503817,0.04763,0.04462,0.05237,0.04668,0.03868,0.03719
ARG,ARG.17_1,RICE,0.36542969895113275,0.2876618271478769,0.21879975904289165,0.1599325359650546,0.11133132706650345,0.07585181977397483,3.276842139376074,3.276842139376074,3.276842139376074,3.276842139376074,3.276842139376074,3.276842139376074,0.1115,0.087790000000000007,0.06677,0.04881,0.03398,0.02315
ARG,ARG.21_1,RICE,15.77353511849628,13.581019015957496,11.573795009498493,9.410078970094736,7.361506378936968,5.534679443381609,13662.645711826113,16235.35594118247,13657.238346995895,12995.651728915082,14130.3157361918,13825.67094080387,0.001155,8.365e-4,8.474e-4,7.241e-4,5.21e-4,4.003e-4
ARG,ARG.3_1,RICE,4.74003768107681,4.925656048842028,4.569487020246189,4.70272507881461,4.236581224422267,3.718218869900896,6644.491541018787,7895.665853593861,6641.8618021943,6320.115430356218,6871.931349268819,6723.774849520137,7.134e-4,6.238e-4,6.88e-4,7.441e-4,6.165e-4,5.53e-4
ARG,ARG.7_1,RICE,89.44700400432639,83.20339575736172,102.01454931314024,127.37454900617385,132.5691982551002,121.72600209183642,63257.883513345376,72803.30326733211,62745.954155140724,59758.75568633018,64178.28128369388,62997.99811585134,0.001414,0.001143,0.001626,0.002131,0.002066,0.001932
ARG,ARG.8_1,RICE,225.9409040031288,194.15003103607708,182.74668196468951,168.42335011346114,141.46538877419488,115.87885130367128,79482.5052891757,94449.1337378761,79451.23385281529,75602.48334674421,82203.23234819325,80431.02215057073,0.002843,0.002056,0.0023,0.002228,0.001721,0.001441
ARG,ARG.9_1,RICE,20.729560833636896,19.369677023316463,21.452896006989278,19.325432250544953,18.848115456857215,17.359375420350425,10832.191871389594,12871.920590238882,10827.904735896589,10303.37725141443,11202.975945226892,10961.443598866925,0.001914,0.001505,0.001981,0.001876,0.001682,0.001584
AUS,AUS.10_1,RICE,4.0157845668625685,3.660466436446639,4.465194217223182,4.385405365082976,4.035227525155734,3.7021776153552057,410.63054428226746,3458.096529636439,5652.975703448159,4060.2743441245925,5062.169989499419,4647.940877598991,0.00978,0.001059,7.899e-4,0.00108,7.971e-4,7.965e-4
AUS,AUS.5_1,RICE,10.271003337998533,7.591429619894361,4.95194315204282,3.3035726818658437,2.4802093906709497,2.338636500706255,8210.658356571292,69145.48750511868,113032.63443331598,81186.18046747733,101219.32940793829,92936.71681002487,0.001251,1.098e-4,4.381e-5,4.069e-5,2.45e-5,2.516e-5
AUS,AUS.6_1,RICE,0.01501470326830038,0.01402919587367645,0.0136366669349694,0.01262075038875999,0.011604833842550578,0.010588917296341168,7.569544556591775,63.74639229001163,104.20669397444388,74.84691041081128,93.31580863165784,85.6799282451945,0.001984,2.201e-4,1.309e-4,1.686e-4,1.244e-4,1.236e-4
AUS,AUS.7_1,RICE,0.1894270215262507,0.1551472655403694,0.12666361395150613,0.10676216627370487,0.08674201767544555,0.0685408023995977,105.0448352590619,884.627764114624,1446.1074797300084,1038.6729762898003,1294.9714043551649,1189.0060069316908,0.001803,1.754e-4,8.759e-5,1.028e-4,6.698e-5,5.765e-5
AZE,AZE.2_1,RICE,0.026070894737421454,0.01831775882390503,0.01186714727044116,0.0061994536086099885,0.003091732421983429,0.0025439837105614756,157.26708687702532,167.75593265455,178.0570832971085,229.43034582639532,250.219869065466,235.4568168986031,1.658e-4,1.092e-4,6.665e-5,2.702e-5,1.236e-5,1.08e-5
AZE,AZE.3_1,RICE,0,0,0,0,0,0,0.5962760959872817,0.638471578075918,0.6799119831166526,0.8865810127570998,0.9702149963308876,0.9108248483114291,0,0,0,0,0,0
AZE,AZE.4_1,RICE,0,0,0,0,0,0,0.3417748854700246,0.36596058762251166,0.3897134929996384,0.5081725162791354,0.5561100327244417,0.522068652944174,0,0,0,0,0,0
AZE,AZE.5_1,RICE,0,0,0,0,0,0,0.08139572038037396,0.08139572038037396,0.08139572038037396,0.08139572038037396,0.08139572038037396,0.08139572038037396,0,0,0,0,0,0
AZE,AZE.6_1,RICE,2.0308844155205645,1.8803802452186433,1.7298760749167226,1.5793719046148018,1.4288677343128804,1.2783635640109599,349.5488219574596,374.26428418813583,398.53746972626317,519.5912021045121,568.5787348900573,533.791717712109,0.00581,0.005024,0.004341,0.00304,0.002513,0.002395
AZE,AZE.9_1,RICE,0,0,0,0,0,0,1.487191513691264,1.5924326315234807,1.695790487247121,2.2112504043769152,2.419844630213171,2.2717177394560224,0,0,0,0,0,0
BDI,BDI.10_1,RICE,1.6006069196747684e-6,0,0,0,0,0,9796.931772856302,7837.67294905552,7511.132373605847,8164.230681296946,8882.671553175913,8295.320458416609,1.634e-10,0,0,0,0,0
BDI,BDI.11_1,RICE,0,0,0,0,0,0,8608.45989544399,6890.122383087099,6605.082427849646,7172.25154220433,7804.585379686664,7289.336313917448,0,0,0,0,0,0
BDI,BDI.13_1,RICE,0.01499088463150581,0.01268459468819722,0.01037830474488864,0.00807201480158005,0.00576572485827146,0.00345943491496288,8.267172884088726,8.886742099778456,9.105351919162054,8.791197528971233,9.441372619842948,9.117237275545442,0.001813,0.001427,0.00114,9.182e-4,6.107e-4,3.794e-4
BDI,BDI.16_1,RICE,0,0,0,0,0,0,14958.720909817892,11968.924471131206,11471.408716235663,12464.75009640953,13562.330766370922,12666.003079136392,0,0,0,0,0,0
BDI,BDI.17_1,RICE,0,0,0,0,0,0,40.994127040297144,36.628965550263516,37.44386813085473,32.48744954623659,36.68999994265518,35.21146203035461,0,0,0,0,0,0
BDI,BDI.1_1,RICE,0.16850695559143058,0.14167701787806622,0.6137994814093691,0.5679162109115662,0.526471037417154,0.49040745945487507,52127.42487774228,42697.05630497318,41360.20531248439,44889.16530314209,48761.61471990395,45611.438137896206,3.233e-6,3.318e-6,1.484e-5,1.265e-5,1.08e-5,1.075e-5
BDI,BDI.3_1,RICE,0,0,0,0,0,0,1133.9631104196042,1214.1007333189516,1299.9016811836673,1392.0925924807575,1490.6012642335859,1414.9166782419095,0,0,0,0,0,0
BDI,BDI.5_1,RICE,0,0,0,0,0,0,70.99488041373364,63.43516051368704,64.84643367486561,56.262756692319456,63.54086173729673,60.980284653467976,0,0,0,0,0,0
BDI,BDI.6_1,RICE,0.00494663358206589,0.38848824185647834,0.36848393774833693,0.3484796336401955,0.3284753295320541,0.3084710254239127,10886.81672501476,9262.335845994881,9122.085758164596,9877.763665708091,10703.783111839926,10037.212432222652,4.544e-7,4.194e-5,4.039e-5,3.528e-5,3.069e-5,3.073e-5
BEN,BEN.10_1,RICE,0.04711965178045213,0.0425762355545112,0.03803281932857026,0.03348940310262932,0.02894598687668837,0.02440836892031237,978.3807255588611,1235.3231878837892,1248.0346117043478,1171.0436783287485,1190.0112473608058,1201.0384271801647,4.816e-5,3.447e-5,3.047e-5,2.86e-5,2.432e-5,2.032e-5
BEN,BEN.11_1,RICE,0.04272088333539914,0.038831025511830514,0.03494116768826192,0.031051309864693313,0.02716279787717913,0.023275631725719382,1588.4162948542255,1998.692022636526,2019.5164964174553,1898.150151702283,1929.1853142549232,1946.1724385363273,2.69e-5,1.943e-5,1.73e-5,1.636e-5,1.408e-5,1.196e-5
BEN,BEN.12_1,RICE,0.027918785387646673,0.025177805300426962,0.02253920946734515,0.020006304183340522,0.017491468631125953,0.015151242163505255,2655.7386307095003,3352.5223068407745,3387.0630430105593,3178.556082549464,3229.93186890819,3259.839241145883,1.051e-5,7.51e-6,6.654e-6,6.294e-6,5.415e-6,4.648e-6
BEN,BEN.1_1,RICE,0.023086887757683743,0.02135474476008558,0.020393387602056976,0.019606118197408297,0.0174687150613284,0.014996985095340868,203350.04748118983,256736.93853430555,259379.6296932441,243386.53944248805,247329.9715436831,249619.30457571757,1.135e-7,8.318e-8,7.862e-8,8.056e-8,7.063e-8,6.008e-8
BEN,BEN.2_1,RICE,0.0022865000594588973,0.006886106065610546,0.012354980645165218,0.026345076937856576,0.0867211982220034,0.2197597858239259,8636.578869402998,10895.90429061529,11008.596725451254,10335.29711284215,10501.274880416478,10598.285251161093,2.647e-7,6.32e-7,1.122e-6,2.549e-6,8.258e-6,2.074e-5
BEN,BEN.3_1,RICE,0.18704277932107793,0.16326304528717273,0.13948331125326752,0.11570369944299932,0.09192420985636825,0.09759718773933443,613.171362287906,774.2024982635163,782.1690095173216,733.9172050117007,745.8045713905029,752.7155322213878,3.05e-4,2.109e-4,1.783e-4,1.577e-4,1.233e-4,1.297e-4
BEN,BEN.4_1,RICE,0.014161204402135127,0.013284674603020963,0.015322848313297265,0.015381630676190085,0.10809998602937056,0.16116005949115567,82017.88382017614,103437.04968553694,104505.93086350596,98115.3234844633,99709.59984021168,100617.97602637325,1.727e-7,1.284e-7,1.466e-7,1.568e-7,1.084e-6,1.602e-6
BEN,BEN.5_1,RICE,0.07724674680841345,0.14617392062575407,0.1766426658548763,0.1659225553724479,0.19227727991883817,0.17631460325651505,32471.431691850703,40980.182762001365,41403.00073918329,38860.65841748384,39487.754571899466,39852.68768627369,2.379e-6,3.567e-6,4.266e-6,4.27e-6,4.869e-6,4.424e-6
BEN,BEN.6_1,RICE,0.011815636479073337,0.017365525834448413,0.015862040531281936,0.018864751808622668,0.027309386978011347,0.04061168837479756,2977.3610606500297,3746.45133164099,3785.837404680534,3560.7553197467028,3616.3565830564175,3649.4320683930287,3.968e-6,4.635e-6,4.19e-6,5.298e-6,7.552e-6,1.113e-5
BEN,BEN.7_1,RICE,0.0028887493669368714,0.002594640360791518,0.0023021597194398525,0.0025401914259187246,0.0022222168938203966,0.0019042423617220683,1416.9322768687737,1746.8236673575618,1767.5483519424924,1686.379517943913,1706.869553917315,1721.2529968478214,2.039e-6,1.485e-6,1.302e-6,1.506e-6,1.302e-6,1.106e-6
BEN,BEN.9_1,RICE,0.24652912061286408,0.2248774567645517,0.20289741473078657,0.18073262422520142,0.15857269305077967,0.13641281925192966,510.34682749517054,631.4250935188777,638.7657813134086,607.9078693658272,615.6613102896048,620.926779049771,4.831e-4,3.561e-4,3.176e-4,2.973e-4,2.576e-4,2.197e-4
BFA,BFA.10_1,RICE,0,0,0,0,0,0,3.177374866389633,3.1745101534706044,3.0898243125594576,3.5492455731488737,3.61245247229939,3.546955669018086,0,0,0,0,0,0
BFA,BFA.11_1,RICE,0,0,0,0,0,0,7.816616444058043,7.809569002993645,7.601234524224031,8.731450482768954,8.886944910733392,8.725817120941436,0,0,0,0,0,0
BFA,BFA.12_1,RICE,0,0,0,0,0,0,0.0014318432063707177,0.0014305522602583462,0.0013923896728762037,0.001599421967930734,0.0016279053458606604,0.0015983900520219149,0,0,0,0,0,0
BFA,BFA.13_1,RICE,0.0719255394299108,0.0624009635702379,0.05314797099221229,0.04361019291439262,0.03407241483657296,0.025847530779384842,7351.140544603144,7350.632945366407,7182.9591234330355,8121.324522707137,8258.429945618094,8120.326299768799,9.784e-6,8.489e-6,7.399e-6,5.37e-6,4.126e-6,3.183e-6
BFA,BFA.1_1,RICE,5.725357967384958e-4,4.961976905066963e-4,4.198595842748969e-4,3.435214780430974e-4,2.67183371811298e-4,1.9084526557949e-4,2226.6173262794164,2224.512815584978,2165.2539906475054,2487.158222124374,2531.3977880154102,2485.5175090718444,2.571e-7,2.231e-7,1.939e-7,1.381e-7,1.055e-7,7.678e-8
BFA,BFA.2_1,RICE,0.010568658211164962,0.009584776172337819,0.008600894133510667,0.00764296072558285,0.012922433163289854,0.011615954519003525,42511.45697105612,41722.52812894572,41300.24870591218,46883.34157588484,47280.74162421114,46574.60205563542,2.486e-7,2.297e-7,2.083e-7,1.63e-7,2.733e-7,2.494e-7
BFA,BFA.3_1,RICE,0,0,0,0,0,0,208.72649966856778,209.3168876740346,204.50979654575363,234.77785961576043,240.10939846205395,235.163399042103,0,0,0,0,0,0
BFA,BFA.4_1,RICE,0,0,0,0,0,0,11.448744202375556,11.43842204436703,11.133281300537687,12.788671902779631,13.016419540571535,12.780420900696537,0,0,0,0,0,0
BFA,BFA.5_1,RICE,0,0,0,0,0,0,3472.4161710085023,3469.2854496162754,3376.7359407289414,3878.817653356227,3947.893751694899,3876.315115736912,0,0,0,0,0,0
BFA,BFA.6_1,RICE,0,0,0,0,0,0,827.5552878833905,828.7084904278927,808.4962196202788,928.3683054809787,947.7077916739478,929.0793778378245,0,0,0,0,0,0
BFA,BFA.7_1,RICE,0,0,0,0,0,0,23.01099073546743,22.990244086044086,22.376937446892022,25.704130118719316,26.161883274053743,25.687546314492735,0,0,0,0,0,0
BFA,BFA.8_1,RICE,0,0,0,0,0,0,513.3663098548004,513.6371431869592,500.39782255945613,573.7971618457535,583.747925686201,573.3833221017162,0,0,0,0,0,0
BFA,BFA.9_1,RICE,0.035779390424641205,0.033158098640687826,0.030463616172169344,0.029216292658957296,0.050457952165784276,0.048573161322952814,27902.295891313755,27876.81767061166,27133.43162235407,31167.71401448078,31722.58959399869,31147.485703916358,1.282e-6,1.189e-6,1.123e-6,9.374e-7,1.591e-6,1.559e-6
BGD,BGD.1_1,RICE,0,0,0,0.8263690801081987,1.035860314126389,0.9805660466561121,21686.61470088079,21963.479861436477,22351.72146982764,23444.686436508753,23432.798908308218,23357.655475628024,0,0,0,3.525e-5,4.421e-5,4.198e-5
BGD,BGD.2_1,RICE,32.06193483037607,27.229321667052073,23.572629420294785,25.40483625065814,23.21872387002353,22.359547141850214,430843.77339975355,437446.2714747378,444617.26845695655,466859.5788395598,467732.6542562903,465578.0342524505,7.442e-5,6.225e-5,5.302e-5,5.442e-5,4.964e-5,4.803e-5
BGD,BGD.3_1,RICE,7.516074453923397,6.437153133875214,5.390666176373221,4.360765567379248,11.069442998857102,9.692150498846562,310738.7675298773,314705.8569050365,320268.81454315915,335929.4693472503,335759.13774349564,334682.4377614528,2.419e-5,2.045e-5,1.683e-5,1.298e-5,3.297e-5,2.896e-5
BGD,BGD.4_1,RICE,1.3561147963681452,1.2713321171215095,1.186549437874874,1.2397381247027652,1.147879990785641,1.1770740417013543,128386.19865736051,130113.66798388601,132368.43420448762,138882.79857240946,138900.90591073723,138403.0153267714,1.056e-5,9.771e-6,8.964e-6,8.927e-6,8.264e-6,8.505e-6
BGD,BGD.5_1,RICE,6.961796824667346,5.910886840089066,4.909202151573927,3.9150439708052,2.999074759948638,2.1713931271644733,77747.25667336734,78739.84285739808,80131.69487004398,84050.01922371323,84007.41713853835,83738.0163006341,8.954e-5,7.507e-5,6.126e-5,4.658e-5,3.57e-5,2.593e-5
BGD,BGD.6_1,RICE,3.11633682879361,3.0005491891666,4.320323852300659,4.021877734770784,3.7690358823493373,3.5778507075724004,301469.68551394355,305355.3931579604,310734.16756415076,325946.04362331284,325817.7767086949,324751.02561180765,1.034e-5,9.826e-6,1.39e-5,1.234e-5,1.157e-5,1.102e-5
BGD,BGD.7_1,RICE,37.342840538977576,35.57411220674417,35.15431326577736,35.90841957094243,36.402926518556214,33.590655543919794,347986.2395978277,353170.9959316963,359034.3568632754,376941.0580580443,377493.06480918656,375842.0942560071,1.073e-4,1.007e-4,9.791e-5,9.526e-5,9.643e-5,8.937e-5
BGD,BGD.8_1,RICE,7.5136959629944275,6.346018090493104,5.336026641690022,4.3387169937261225,3.3460367755357012,2.358287180895178,158476.88416631182,160503.18108199842,163338.7708727332,171327.24120634748,171243.45446835144,170692.48946484324,4.741e-5,3.954e-5,3.267e-5,2.532e-5,1.954e-5,1.382e-5
BGR,BGR.10_1,RICE,0,0,0,0,0,0,0.34838773786005606,0.21154634427011104,0.23866042844892368,0.17045156043659815,0.20335563134109474,0.20092044765578523,0,0,0,0,0,0
BGR,BGR.11_1,RICE,6.865734472051745e-5,0,0,0,0,9.604344362578316e-4,288.3374896885928,254.64480931015063,281.809259030091,281.10824097280226,288.4689305743345,281.169580052815,2.381e-7,0,0,0,0,3.416e-6
BGR,BGR.13_1,RICE,0,0,0,0,0,0,0.3708677466786838,0.22519654824672405,0.25406019127968205,0.18145008927489717,0.2164773227471847,0.21388500680728723,0,0,0,0,0,0
BGR,BGR.14_1,RICE,0,0,0,0,0,0,401.54967475853965,354.62797594539313,392.4582142602837,391.48195004570584,401.73272429877295,391.5673731644814,0,0,0,0,0,0
BGR,BGR.16_1,RICE,0,0,0,0,0,0,0.2955464879360937,0.1794603319530881,0.20246192323145454,0.14459854517181397,0.17251193458774824,0.17044610417106007,0,0,0,0,0,0
BGR,BGR.18_1,RICE,0,0,0,0,0,0,0.19822369464380724,0.12036444855144837,0.13579166759142042,0.09698256969399079,0.11570414279979017,0.11431858568976273,0,0,0,0,0,0
BGR,BGR.19_1,RICE,4.060335234292196e-5,0,0,0,0,0,8.633881495501939,7.62499912655482,8.438402336889299,8.417411286300021,8.637817317487428,8.419248003226583,4.703e-6,0,0,0,0,0
BGR,BGR.1_1,RICE,0.00363082801543984,0.00336187779207392,0.00309292756870801,0.0028239773453421,0.00255502712197618,0.00228607689861027,0.26725138879124954,0.2596383253540155,0.25989848399665477,0.2738101250977876,0.2547911590648413,0.26050256323648985,0.01359,0.01295,0.0119,0.01031,0.01003,0.008776
BGR,BGR.22_1,RICE,4.949329966405165e-4,2.7209538172496043e-4,1.6325722903497625e-4,5.4419076344992084e-5,0,0,16.04729198305703,14.172141164796756,15.683966271846652,15.644951430374395,16.054607265833077,15.648365229003218,3.084e-5,1.92e-5,1.041e-5,3.478e-6,0,0
BGR,BGR.26_1,RICE,0,0,0,0,0,0,0.002267189107179743,0.0013766717805250323,0.0015531210341036747,0.0011092408805699026,0.0013233694018398175,0.0013075220532527865,0,0,0,0,0,0
BGR,BGR.27_1,RICE,0,0,0,0,0,0,0.021066107621320655,0.012791661620080396,0.014431180332400447,0.01030676607172032,0.012296390342400385,0.012149141068050144,0,0,0,0,0,0
BGR,BGR.28_1,RICE,1.1654945982779712e-4,6.992967589667825e-5,2.330989196555942e-5,0,0,0,13.47745427809192,12.467615957993868,13.281789896174354,13.26077895583421,13.481393829405697,13.262617413113974,8.648e-6,5.609e-6,1.755e-6,0,0,0
BGR,BGR.2_1,RICE,0.024999364347655588,0.016398534752929787,0.01004023168209385,0.0037248475484871627,2.9411096211426585e-4,0,1.9372433465947427,1.9372433465947427,1.9372433465947427,1.9372433465947427,1.9372433465947427,1.9372433465947427,0.0129,0.008465,0.005183,0.001923,1.518e-4,0
BGR,BGR.3_1,RICE,0,0,0,0,0,0,0.07443510873064255,0.04519813250040637,0.050991217573889705,0.036417987935908204,0.043448138051124956,0.042927846597962754,0,0,0,0,0,0
BGR,BGR.6_1,RICE,0.17467176999834025,0.14957470792265598,0.12616719631464968,0.102817242092924,0.07946728787119835,0.05611733364947269,62.19923599531388,61.5316975305298,61.046315984588624,60.660581254878586,61.60706733580017,61.2283867967347,0.002808,0.002431,0.002067,0.001695,0.00129,9.165e-4
BGR,BGR.7_1,RICE,0,0,0,0,0,0,0.030955910732919135,0.026424700390433112,0.023129960091487368,0.02051161629719606,0.02693630602691537,0.02436584564802681,0,0,0,0,0,0
BGR,BGR.8_1,RICE,0,0,0,0,0,0,0.04429264988299603,0.04303090619332773,0.04307402333380201,0.04537965568758436,0.04222756578659648,0.043174139821101166,0,0,0,0,0,0
BLR,BLR.1_1,RICE,0,0,0,0,0,0,0.0014550741820505955,0.0011865041286727666,7.409655936941891e-5,2.6569251709163805e-4,3.596920357738783e-4,2.5334129206988935e-4,0,0,0,0,0,0
BLR,BLR.2_1,RICE,0,0,0,0,0,0,0.005551803732498058,0.004527080564996767,2.827138024624093e-4,0.0010137439907066327,0.0013723970993320843,9.666181616440677e-4,0,0,0,0,0,0
BLZ,BLZ.1_1,RICE,5.335806552330421,4.632705547650409,3.941956479110323,4.263805410001483,3.9539762413880006,3.235646507382418,3.474307240023817,3.735465896424976,3.8286656459421833,4.4110394818291185,4.180781277139548,4.248647058736966,1.536,1.24,1.03,0.9666,0.9458,0.7616
BLZ,BLZ.2_1,RICE,226.33499278173454,217.51571914501184,205.6804403650403,222.40787589197538,251.07112279755506,249.13219639775716,1897.7291468953547,2040.3787054914194,2091.2860861354347,2409.3891571650174,2283.617981456274,2320.687492848528,0.1193,0.1066,0.09835,0.09231,0.1099,0.1074
BLZ,BLZ.3_1,RICE,0.08616129426506938,0.06537616733866002,0.05611543539821079,0.050711059307207255,0.0671269204923844,0.08085541677769911,216.6233398740299,232.90660340781153,238.71761539410383,275.02867157582864,260.6720537273418,264.9034907469111,3.977e-4,2.807e-4,2.351e-4,1.844e-4,2.575e-4,3.052e-4
BLZ,BLZ.4_1,RICE,61.707741536596224,50.38642016249532,42.87709267283996,38.321745699168474,35.15543804545009,32.97954254362039,6824.025421751424,7336.977555017491,7520.034900286105,8663.898579143735,8211.639255538921,8344.937143979161,0.009043,0.006867,0.005702,0.004423,0.004281,0.003952
BLZ,BLZ.5_1,RICE,0.6919444649510464,0.4358090493738908,0.26507601530780184,0.18164872552516212,0.12437187308175747,0.08866422229020669,0.14760309884796255,0.15869821056741923,0.16265772562760697,0.1873994012844488,0.17761706995927898,0.180500292132068,4.688,2.746,1.63,0.9693,0.7002,0.4912
BLZ,BLZ.6_1,RICE,91.32378127850377,91.27348676598271,85.24672564686387,91.55401307458874,311.6549753227177,303.28549404915105,1973.6759706309695,2121.9592240569045,2175.0968856581235,2507.128364920843,2375.21377965327,2414.231436692107,0.04627,0.04301,0.03919,0.03652,0.1312,0.1256
BOL,BOL.1_1,RICE,42.75666130125474,30.71678192112754,21.109517132814055,15.02194635012561,11.445997947941947,9.319461460432217,157.30338119426395,157.30338119426395,157.30338119426395,157.30338119426395,157.30338119426395,157.30338119426395,0.2718,0.1953,0.1342,0.0955,0.07276,0.05925
BOL,BOL.2_1,RICE,771.7785254490523,745.0635632754959,728.7189032157413,682.4329248942398,722.9398682821378,713.7818445011615,8944.07963400423,8944.07963400423,8944.07963400423,8944.07963400423,8944.07963400423,8944.07963400423,0.08629,0.0833,0.08148,0.0763,0.08083,0.0798
BOL,BOL.3_1,RICE,2303.1229860964354,2371.6606556720903,2505.2732724033376,5357.068557022425,6415.746889943,6157.5093525740895,69223.95861115673,69224.05170656745,69223.9067967061,69223.82698371189,69223.89004393203,69223.87377376508,0.03327,0.03426,0.03619,0.07739,0.09268,0.08895
BOL,BOL.4_1,RICE,183.89704194812197,149.81161530826066,118.0993638429561,109.94390717087694,118.40514073735672,97.42332702292501,546.8582076999556,546.9407453298489,546.7897092183248,546.8330046727958,547.0214966023009,546.9470706601714,0.3363,0.2739,0.216,0.2011,0.2165,0.1781
BOL,BOL.6_1,RICE,154.06940903989798,200.08977304913097,208.70626411853053,209.2695140519353,230.09939929152497,225.24665026812525,1665.1233777087918,1666.8806524248037,1664.1072896612916,1662.7930284996708,1664.2068851888907,1663.7986102161512,0.09253,0.12,0.1254,0.1259,0.1383,0.1354
BOL,BOL.7_1,RICE,0,0,0,0,0,0,0.05271051607491819,0.05271051607491819,0.05271051607491819,0.05271051607491819,0.05271051607491819,0.05271051607491819,0,0,0,0,0,0
BOL,BOL.8_1,RICE,2300.861626377343,2094.8627900141178,1956.1648400580616,1795.5651163015914,1839.9047304872772,1717.5979949483074,334843.4700812727,334843.88775730145,334843.23761380947,334842.8795298372,334843.1624518644,334843.0894551542,0.006871,0.006256,0.005842,0.005362,0.005495,0.00513
BOL,BOL.9_1,RICE,47.433260805379355,40.76695024128349,34.799130657401776,29.057510326510442,23.795610354924186,19.362149069569735,527.9872983612443,527.9872983612443,527.9872983612443,527.9872983612443,527.9872983612443,527.9872983612443,0.08984,0.07721,0.06591,0.05503,0.04507,0.03667
BRA,BRA.10_1,RICE,2188.3256946588367,2083.9800474158874,2018.257224514105,1991.4679135234667,2011.596234461795,1983.294877541316,41630.20535142627,43768.18133819071,40440.264296394,38607.32469434637,40055.52966322835,39681.87830960435,0.05257,0.04761,0.04991,0.05158,0.05022,0.04998
BRA,BRA.11_1,RICE,61.831978004891724,43.28817247882345,27.342921074312212,16.08416915231026,12.437804288994647,9.889734289297257,18449.862392660656,19397.330887649907,17922.52641343688,17110.23827881359,17752.026863342606,17586.438995255925,0.003351,0.002232,0.001526,9.4e-4,7.006e-4,5.624e-4
BRA,BRA.12_1,RICE,4000.1033880595105,3463.707527294278,3051.8717441226277,2617.4952050714705,2466.5213738196035,2262.8712223445764,207200.0210625358,217827.05437246562,201285.29456094472,192174.47651311045,199372.93081717668,197515.6576738651,0.01931,0.0159,0.01516,0.01362,0.01237,0.01146
BRA,BRA.13_1,RICE,180.5090606958618,144.68214281797498,116.64709393810094,94.27374556069992,80.95650136688434,72.7346505038761,4479.657890129525,4709.716832120515,4351.613149754932,4154.377938419078,4310.213413181028,4270.006303456502,0.0403,0.03072,0.02681,0.02269,0.01878,0.01703
BRA,BRA.14_1,RICE,5927.491619080438,5581.5310498153685,5294.884340126746,5081.7056333621,5945.860831618921,6770.761433835419,73896.17282969621,77691.21159277722,71783.95433071148,68530.37389612287,71101.02671346866,70437.772598521,0.08021,0.07184,0.07376,0.07415,0.08363,0.09612
BRA,BRA.15_1,RICE,41.00542722393256,38.63824124294313,36.76620793188881,33.294441362098894,30.03590141680704,27.09100069881174,1858.4564789039384,1953.900046640442,1805.3351059832366,1723.5089787732172,1788.159774619157,1771.4792232470995,0.02206,0.01977,0.02037,0.01932,0.0168,0.01529
BRA,BRA.16_1,RICE,179.57649725248652,168.38511399162317,153.1803912538523,146.05281759234046,136.0574024352842,125.30217572746139,64562.10863853716,67877.7838017715,62716.691278235405,59874.08109372373,62120.02645341014,61540.550107281975,0.002781,0.002481,0.002442,0.002439,0.00219,0.002036
BRA,BRA.17_1,RICE,6.48721895705956,6.248764083198295,7.288917602777188,6.7831514291916255,6.3733145086849134,6.046661991470305,2085.8095767230593,2192.929172947785,2026.1896342469115,1934.3533595220517,2006.9131695843018,1988.192013511076,0.00311,0.00285,0.003597,0.003507,0.003176,0.003041
BRA,BRA.18_1,RICE,392.5430657128387,365.5043406563497,347.77236714921946,332.471112620682,318.72955686934176,353.342530145602,8493.296965043377,8929.481817038106,8250.527978775577,7876.575935355123,8172.035320268887,8095.803846488507,0.04622,0.04093,0.04215,0.04221,0.039,0.04365
BRA,BRA.19_1,RICE,32.06329131360475,33.0838841233967,30.88312491836027,28.380419962740074,29.26208015961721,28.77487847484029,156.23218952373256,164.25570674498323,151.76651142143842,144.88775199963678,150.32265752694832,148.920397590866,0.2052,0.2014,0.2035,0.1959,0.1947,0.1932
BRA,BRA.1_1,RICE,457.4144761160196,412.9932290768588,358.6574352229236,291.9748740423666,262.3056936489149,220.69097534875294,4221.825240667584,4405.636990365312,4119.520454614522,3961.9341706292907,4086.4431729206003,4054.3185908660116,0.1083,0.09374,0.08706,0.0737,0.06419,0.05443
BRA,BRA.20_1,RICE,3.3984734365094487,3.0390960751357747,2.48946800680249,1.9665664029090595,1.471865303543282,1.0321356981707164,1972.4759836881492,2073.775178635559,1916.0955230768666,1829.2492220781135,1897.8664555619182,1880.1625236433918,0.001723,0.001465,0.001299,0.001075,7.755e-4,5.49e-4
BRA,BRA.21_1,RICE,192.97718649256993,175.17788079482088,167.51011407486743,165.15767903573493,171.97892896934766,157.65498362368055,1411781.4452658875,1484469.278015127,1372511.0033075938,1310487.46051224,1359071.889786382,1346630.1167585263,1.367e-4,1.18e-4,1.22e-4,1.26e-4,1.265e-4,1.171e-4
BRA,BRA.22_1,RICE,691.9517953453508,668.3698715896523,588.2926336862917,501.22062043153295,439.8598003184169,380.901208029812,90172.55502399332,94795.50875042108,87599.54088882712,83636.16851417904,86767.62770687848,85959.67994305208,0.007674,0.007051,0.006716,0.005993,0.005069,0.004431
BRA,BRA.23_1,RICE,232.70503467244785,210.05655487945222,188.7901268834532,170.14684794323566,211.83710163768208,196.05288950843155,17754.866686419322,18647.95765659575,17240.09773553042,16467.489694473585,17090.586496368887,16926.546575240805,0.01311,0.01126,0.01095,0.01033,0.01239,0.01158
BRA,BRA.24_1,RICE,784.7618167397547,816.9048541460734,824.5544834987819,796.1558362013743,767.3609844845541,744.6399032186491,391188.419918802,411278.4348737263,380006.847375859,362783.18151404633,376391.59417291137,372880.48772049777,0.002006,0.001986,0.00217,0.002195,0.002039,0.001997
BRA,BRA.25_1,RICE,210.49648677252588,216.10566125726692,207.08543906669786,191.75121410775753,194.1601304368469,193.5567837395872,19131.380587488762,20113.898736136354,18584.536895310812,17742.19982719803,18407.730064065436,18236.01661242938,0.011,0.01074,0.01114,0.01081,0.01055,0.01061
BRA,BRA.26_1,RICE,284.20739516727804,274.4107576501816,285.7387681062464,268.4487723786243,251.58342976305278,234.4206721728123,26966.916399084617,28351.839178389422,26196.10490103866,25008.77640732282,25946.884254615517,25704.843055670575,0.01054,0.009679,0.01091,0.01073,0.009696,0.00912
BRA,BRA.27_1,RICE,2253.9839722921606,2176.441915088231,2152.3830413387404,2167.25168725616,2282.046545580896,2306.885780796533,405519.4505758998,426345.45516027254,393928.24561351875,376073.59767011873,390180.54906141636,386540.814634227,0.005558,0.005105,0.005464,0.005763,0.005849,0.005968
BRA,BRA.2_1,RICE,14.269614394789654,13.394186701355885,14.888105610520178,18.433799408298942,17.095851729618275,15.818658001227371,16481.594372407926,17328.02913520433,16010.491104226592,15284.821682828051,15858.172850897674,15710.242520140344,8.658e-4,7.73e-4,9.299e-4,0.001206,0.001078,0.001007
BRA,BRA.3_1,RICE,103.61334550755453,95.98125708737584,91.10232815415272,100.12962535939465,120.0996630281968,122.82848294115809,248.40945226455528,261.1538618006142,241.30226911238768,230.37046875513548,239.01279235819467,236.7804471077477,0.4171,0.3675,0.3775,0.4346,0.5025,0.5187
BRA,BRA.4_1,RICE,729.8887777844486,728.3186627377794,700.5373829533595,814.6804564920326,893.5895833859264,887.518402470251,772.7104108603604,812.3644229855582,750.5776180131932,716.6296113383185,743.4727424038616,736.5393837684354,0.9446,0.8965,0.9333,1.137,1.202,1.205
BRA,BRA.5_1,RICE,448.76347586353006,388.3433590669472,332.42576240412495,276.72465938308056,223.67306710485616,174.4241214397297,589.4053239356615,619.675038399186,572.5579990885933,546.6070254919094,567.1108810843459,561.8206814501466,0.7614,0.6267,0.5806,0.5063,0.3944,0.3105
BRA,BRA.6_1,RICE,24.850686126024172,19.928496871728413,15.816543993790136,12.647793478699516,10.129075848952874,8.054119223130915,12680.521976970673,13331.747481566297,12318.067034165078,11759.755329718282,12200.877221384304,12087.063365282542,0.00196,0.001495,0.001284,0.001076,8.302e-4,6.663e-4
BRA,BRA.7_1,RICE,0.004009342712935243,0.0030841409745201733,0.002162613192322122,0.0013487610266960971,7.156428981755332e-4,3.6056992682228465e-4,4.093610867927034,4.3038438384565945,3.9766007404498276,3.796362823969337,3.9387687417291954,3.9020265919103627,9.794e-4,7.166e-4,5.438e-4,3.553e-4,1.817e-4,9.241e-5
BRA,BRA.8_1,RICE,7.258754468443846,5.058238798298475,3.2032959225156366,2.005373879813597,1.4033694627807327,1.1814897297484988,278.4943075013195,292.79676257840003,270.53393816633496,258.2720902879768,267.96017221128494,265.4605502638068,0.02606,0.01728,0.01184,0.007765,0.005237,0.004451
BRA,BRA.9_1,RICE,66.8931243361167,55.65096606390692,46.0026991072922,38.516268344109626,33.647244224345,30.423818890643947,14813.022126956914,15573.76508586137,14389.612657097943,13737.408934985462,14252.714878526353,14119.760795732951,0.004516,0.003573,0.003197,0.002804,0.002361,0.002155
BRN,BRN.1_1,RICE,1.5339263488978385,1.3444363308152374,1.135838370126538,0.9275553864795105,0.7205163516444225,0.5313476418444224,17.72890212006967,18.369963939213907,17.167209837989724,16.36527596176486,15.822144017054935,16.235760266352944,0.08652,0.07319,0.06616,0.05668,0.04554,0.03273
BRN,BRN.2_1,RICE,26.095569383245543,23.114571321952482,20.014323318916013,17.009126091097656,14.228428103955709,11.533234740745884,704.6589451441358,740.0594537214565,646.3648447364847,671.6486662795261,650.9910074791251,656.4397572413935,0.03703,0.03123,0.03096,0.02532,0.02186,0.01757
BRN,BRN.3_1,RICE,0,0,0.01794069622821574,0.01702066052420468,0.01610062482019362,0.01518058911618255,14.293435300919636,14.810273601101532,13.84058648723889,13.194049555746666,12.756164498962145,13.089631120793035,0,0,0.001296,0.00129,0.001262,0.00116
BRN,BRN.4_1,RICE,9.523539400817405,8.06410959666251,6.723185809488885,5.573512214945886,4.598284908457991,3.811299889586012,510.7577456121371,536.6088214956509,467.80928278009526,487.24042913844625,472.2851151501971,476.02210953361146,0.01865,0.01503,0.01437,0.01144,0.009736,0.008007
BTN,BTN.10_1,RICE,1.7405305400036806,1.9797342195084306,1.6011566127422208,32.66944340787495,30.843080926689968,29.111157537754433,6830.426580981741,5115.445028874033,5183.792988481356,5152.838584884093,5245.375986434367,5191.784120587842,2.548e-4,3.87e-4,3.089e-4,0.00634,0.00588,0.005607
BTN,BTN.11_1,RICE,0.38975646104268935,0.3430329842102806,0.30172904845063375,0.260945724310678,0.22281165289550992,0.18680622258543866,1426.533420711703,1521.4492783089147,1507.8273260388082,1618.5548839498426,1697.1365555014916,1644.66090889174,2.732e-4,2.255e-4,2.001e-4,1.612e-4,1.313e-4,1.136e-4
BTN,BTN.12_1,RICE,1.0938535846318735,0.8658529898662548,0.647644445445301,0.45065350913447216,0.48162875894592583,0.35975389333301966,884.7441276155406,662.6035717395278,671.4566266987717,667.4473005674547,679.4337539122466,672.4919395638796,0.001236,0.001307,9.645e-4,6.752e-4,7.089e-4,5.35e-4
BTN,BTN.13_1,RICE,0.27618500832759824,0.23296360021547893,0.18974219210335966,0.14652078399124038,0.10329937587912111,0.06007796776700185,683.2269996970907,708.4291473282137,703.1522334602157,750.9448058669312,785.9316539363059,762.6445649552608,4.042e-4,3.288e-4,2.698e-4,1.951e-4,1.314e-4,7.878e-5
BTN,BTN.15_1,RICE,0.2621294081348389,0.21477252685667148,0.1767608059398207,0.14394213499435304,0.11112346404888541,0.07830479310341777,215.2950785646961,161.2388518238819,163.3931798382356,162.41749688851297,165.33427622882695,163.6450603605264,0.001218,0.001332,0.001082,8.862e-4,6.721e-4,4.785e-4
BTN,BTN.17_1,RICE,3.5718183470009928,3.14479608025585,2.717773813510707,2.313273137012263,1.9344348624390373,1.56411551834344,1281.2478878626775,959.5525346793869,972.3732096179673,966.5667985894863,983.9249165457952,973.8721820484117,0.002788,0.003277,0.002795,0.002393,0.001966,0.001606
BTN,BTN.18_1,RICE,6.038478829861378,5.210138069859978,4.3817973098585785,3.571363025483305,2.7871534127746176,2.0211271611393795,1616.2312636231416,1210.4283802759899,1226.6010318391855,1219.2765295921363,1241.1729426004297,1228.4919119166036,0.003736,0.004304,0.003572,0.002929,0.002246,0.001645
BTN,BTN.2_1,RICE,1.7065565187039176,1.512111453879345,1.31768514746394,1.123277599457702,0.928896792624466,0.7345427269642316,25.395397986704722,22.240477350365342,22.296257524941286,23.014377076781333,23.779718877444807,23.28695393367667,0.0672,0.06799,0.0591,0.04881,0.03906,0.03154
BTN,BTN.3_1,RICE,3.302466458826847,2.820810843458725,2.3391552280906027,2.1821765390613326,2.13024056111324,1.827616478541916,6180.607687771061,4629.296985205607,4691.110921138977,4663.234471417838,4747.03553001559,4698.495296361203,5.343e-4,6.093e-4,4.986e-4,4.68e-4,4.488e-4,3.89e-4
BTN,BTN.6_1,RICE,0.02412833160769424,0.01447699896461654,0.00482566632153884,0,0,0,33.79084519614898,25.306649450179396,25.644774059994276,25.491639340267316,25.949431686552916,25.68430703860854,7.14e-4,5.721e-4,1.882e-4,0,0,0
BTN,BTN.7_1,RICE,0.4815962718811661,0.42257740589437776,0.3653907169959789,0.30820402809758,0.2510173391991812,0.19383065030078234,28.53724691820438,21.372123125068057,21.657678145174767,21.528351894729383,21.914969428187977,21.691064772990035,0.01688,0.01977,0.01687,0.01432,0.01145,0.008936
BTN,BTN.9_1,RICE,0.16909735762809677,0.14606905578937812,0.12355367535172697,0.10103829491407579,0.07852291447642462,0.05600753403877346,115.24871459033331,123.15799642604333,122.0426438851411,131.05061043558254,137.43070296176356,133.16926246445814,0.001467,0.001186,0.001012,7.71e-4,5.714e-4,4.206e-4
CAF,CAF.10_1,RICE,132.45340103365075,134.62074173354958,128.9703297483112,127.138303426584,118.15864192745858,112.0733956307814,170.38627474146014,175.49775824018963,180.7628655599192,186.18508815112608,184.58443267981974,183.9048737506487,0.7774,0.7671,0.7135,0.6829,0.6401,0.6094
CAF,CAF.11_1,RICE,0.011100321657299106,0.009618535370074009,0.008136749082848924,0.006812228799398401,0.005322377588902817,0.005545635456900744,78.68784809210702,81.06377319058889,83.51319897489401,86.00631294893671,85.27424460499222,84.95800104627565,1.411e-4,1.187e-4,9.743e-5,7.921e-5,6.241e-5,6.528e-5
CAF,CAF.12_1,RICE,123.25576163279734,141.4265122199151,145.71284145198734,138.84578946513957,136.2552499369879,142.15052569901536,1054.6339371522654,1086.2723069395834,1118.8615566931874,1152.4232973214012,1142.515776399956,1138.3095343767288,0.1169,0.1302,0.1302,0.1205,0.1193,0.1249
CAF,CAF.13_1,RICE,17.22974535321447,23.556765807625144,22.84542993001789,31.104178441512882,36.748849425422755,42.91308107728283,457.006920879185,470.74486113574073,484.8976673276318,499.47513141488133,495.24818900595284,493.3822638462948,0.0377,0.05004,0.04711,0.06227,0.0742,0.08698
CAF,CAF.14_1,RICE,0.012497023562781668,0.01193198264277677,0.011357799036470656,0.012680726209786532,0.020937772357587585,0.02298699727171942,231.20656082304905,239.13305775377583,247.47835765723568,254.0582374466966,252.55683644934072,251.41577306087024,5.405e-5,4.99e-5,4.589e-5,4.991e-5,8.29e-5,9.143e-5
CAF,CAF.15_1,RICE,1.194913250615585,1.350514482010261,1.2338887340359246,1.157660295713007,1.1027682780377073,1.0873008638197614,221.22646266551683,227.82169435787034,234.63956354833334,241.66371267057613,239.7046197962162,238.78685286727364,0.005401,0.005928,0.005259,0.00479,0.004601,0.004553
CAF,CAF.16_1,RICE,0.8774634412254215,0.9148951526781502,0.8433897583060587,0.7710162355355987,0.712484077600649,0.6121970704825094,1.8802613239310701,1.9380215767203481,1.9977025078995045,2.0565694222372413,2.039536440659144,2.031824683898259,0.4667,0.4721,0.4222,0.3749,0.3493,0.3013
CAF,CAF.17_1,RICE,0.002788330866443653,0.002398978153513925,0.0020096254405841917,0.001620272727654456,0.0012830367340706294,9.979174598327117e-4,1.860546817572752,1.6311653994525623,1.5630094042877705,1.5122952000004743,2.315232127357833,2.0638273889286234,0.001499,0.001471,0.001286,0.001071,5.542e-4,4.835e-4
CAF,CAF.1_1,RICE,1.8400426905200825e-4,1.4217463213585848e-4,1.1470385583303213e-4,8.723307953020581e-5,5.9762303227379466e-5,3.229152692455314e-5,0.6125033798168112,0.6090013218460573,0.618290064179339,0.6293499208682359,0.6865280798634129,0.6653697350554401,3.004e-4,2.335e-4,1.855e-4,1.386e-4,8.705e-5,4.853e-5
CAF,CAF.2_1,RICE,0.00255920558557083,0.002254979393376,0.00197143715369867,0.00170857886653884,0.00144572057937902,0.0011828622922192,0.15987524792072927,0.16467140707640124,0.16961171309194314,0.174699442032352,0.17319753003445734,0.17255989268694905,0.01601,0.01369,0.01162,0.00978,0.008347,0.006855
CAF,CAF.3_1,RICE,6.454109234542981,10.122426132553711,9.975107029722027,9.624867280778856,10.167591408762394,11.57695086470086,584.2231153491891,601.9393450296667,620.2014313133432,639.0242419768185,633.9853584898135,631.3622690197752,0.01105,0.01682,0.01608,0.01506,0.01604,0.01834
CAF,CAF.4_1,RICE,75.8441436345368,134.99209364033882,138.1877936170254,170.4010547290394,182.05216891403794,199.79225517623658,83.32632728367757,85.78286548272982,88.77805535062778,91.24089160077371,90.68590085214565,90.26998117697767,0.9102,1.574,1.557,1.868,2.008,2.213
CAF,CAF.5_1,RICE,22.33952606380623,31.686725732954176,63.671065468220405,67.24243976568692,68.50221274003115,81.45272648487784,424.2817614696303,437.0099534901122,450.12068680082723,463.6226555220078,459.63683610138634,457.94465485070407,0.05265,0.07251,0.1415,0.145,0.149,0.1779
CAF,CAF.6_1,RICE,122.19861766833213,127.28350288378769,131.85008393477096,146.39442335640777,156.4606201147298,168.4351923777492,464.9359894524849,478.98890499462453,493.4715947441833,508.39518917232095,504.2762683600226,502.2597420923068,0.2628,0.2657,0.2672,0.288,0.3103,0.3354
CAF,CAF.7_1,RICE,286.7931765335405,363.49480279136117,356.9316516712104,337.95971207095204,335.0272550780268,325.5037750418974,316.37983834956026,326.0239585786087,335.9698151001875,346.2252768636513,343.61846204970436,342.1186030498156,0.9065,1.115,1.062,0.9761,0.975,0.9514
CAF,CAF.8_1,RICE,6.723941874020509,6.175619341208094,5.648726206083775,5.313851518032556,5.2947104976471335,4.757644668194543,5.647467517827135,5.8306303211754384,6.021173350782594,6.1910568819633855,6.144406367772075,6.1197235871844615,1.191,1.059,0.9381,0.8583,0.8617,0.7774
CAF,CAF.9_1,RICE,153.23828358099797,256.0308848371342,285.830501693032,334.97522656034084,350.97300048308404,460.99642607566227,1025.2166838717724,1055.9725541446821,1087.6527811744281,1120.27837306912,1110.6472059061316,1106.5582899830779,0.1495,0.2425,0.2628,0.299,0.316,0.4166
CHE,CHE.21_1,RICE,0,0,0,0,0,0,1.2028647588008756,1.1644207067149406,0.9870019648862224,1.1000520541252277,1.156002592362375,1.0912295923396789,0,0,0,0,0,0
CHL,CHL.12_1,RICE,155.62443639966534,164.2403294158948,162.26240022650228,173.4877046466521,174.65382459913158,163.09663132817516,89148.70620233157,76744.4189375076,52826.664287452666,57384.255763190755,62343.85354692022,58319.564071193265,0.001746,0.00214,0.003072,0.003023,0.002801,0.002797
CHL,CHL.13_1,RICE,8.779369796164119,9.562236767864274,11.04810977913063,11.064289421583213,11.803409693372364,13.18629251382404,1505.0995907785689,1295.6777328346777,891.8737487988624,968.8196671109096,1052.5526668672455,984.6104980897842,0.005833,0.00738,0.01239,0.01142,0.01121,0.01339
CHL,CHL.14_1,RICE,0.10016391813387851,0.08784184364992632,0.08379344491278644,0.07198860053082577,0.06224105978264475,0.05578981010344517,1.8277096867060867,1.5733993668328103,1.0830421455070152,1.176481012352149,1.2781617354679187,1.1956565240047021,0.0548,0.05583,0.07737,0.06119,0.0487,0.04666
CHL,CHL.16_1,RICE,0.3054045805536842,0.3054886726074355,0.3397670936840345,0.3406818195087595,0.3272134275421841,0.31238364018386705,1.1206919110980327,0.9647571253584166,0.6640860858134492,0.7213797484871026,0.7837270483560487,0.7331375462142196,0.2725,0.3166,0.5116,0.4723,0.4175,0.4261
CHL,CHL.3_1,RICE,0.0032218316231025093,0.003197715896814804,0.007624780213369404,0.008885467819448772,0.0086464692983528,0.008195853258156065,0.29987400469575703,0.25814907725758346,0.177695718192963,0.19302631877952633,0.20970916828394526,0.19617246256437676,0.01074,0.01239,0.04291,0.04603,0.04123,0.04178
CHL,CHL.6_1,RICE,1.060690408119459,0.9197750640910414,0.7647721638040965,0.7026770768088122,0.6349184881290664,0.606598237031075,261.4383690287053,225.06143469475197,154.919993131402,168.28563053517775,182.8301955754576,171.02852484065647,0.004057,0.004087,0.004937,0.004176,0.003473,0.003547
CHL,CHL.7_1,RICE,0.0024704546683145404,0.0022939202935221554,0.002607795499717469,0.0025478678112492974,0.003314188191886388,0.00314940105276352,0.1093655049218029,0.09414822137723161,0.06480649085382613,0.07039763529332184,0.07648195147616779,0.07154504920115906,0.02259,0.02436,0.04024,0.03619,0.04333,0.04402
CHL,CHL.8_1,RICE,4.877600795957738,3.278523653789972,2.217690861064053,1.6488210908518577,1.287780347409874,1.156443760936914,260.29497151767265,224.07713126134442,154.24245243523816,167.54963538721472,182.03058995008877,170.28053367797855,0.01874,0.01463,0.01438,0.009841,0.007075,0.006791
CHN,CHN.10_1,RICE,0.9132695830920495,0.8797774480659366,0.9009369488029731,0.8583891100548058,0.9019758696265315,0.8456641622029388,18506.833491638565,18575.54974241449,18200.12135266594,18026.23837163731,18122.356962446927,18120.512799734475,4.935e-5,4.736e-5,4.95e-5,4.762e-5,4.977e-5,4.667e-5
CHN,CHN.11_1,RICE,126.47060006792786,118.32789890023828,104.26035714890949,90.71549278741537,97.0915486701387,84.34492147039117,773106.4837385888,775977.0439042203,760293.8573436845,753030.0507013563,757045.3192126498,756968.2809580661,1.636e-4,1.525e-4,1.371e-4,1.205e-4,1.283e-4,1.114e-4
CHN,CHN.12_1,RICE,5.3853152486742575,4.685968284267051,4.226702092215691,3.7920067505358266,3.339349443871007,2.919617681463857,492887.49543744145,494717.59677574434,484718.91392041545,480087.9354736099,482647.83592932706,482598.7208421388,1.093e-5,9.472e-6,8.72e-6,7.899e-6,6.919e-6,6.05e-6
CHN,CHN.13_1,RICE,27.746497984980728,26.315556573015947,23.768180610989,25.908847039366954,26.104440535640624,28.056757949593752,1517596.559974858,1523231.427000545,1492445.564413263,1478186.8197195018,1486068.7322480935,1485917.5072970656,1.828e-5,1.728e-5,1.593e-5,1.753e-5,1.757e-5,1.888e-5
CHN,CHN.14_1,RICE,297.3968269285608,262.56429239100936,229.0307545680581,219.64303269654016,190.33489637812355,175.7116519574375,2899810.372023797,2910577.4271667874,2851752.067386202,2824506.581434591,2839567.271676386,2839278.3123488114,1.026e-4,9.021e-5,8.031e-5,7.776e-5,6.703e-5,6.189e-5
CHN,CHN.15_1,RICE,6.122129372540877,9.436028316839309,11.105030383103431,21.880169681437327,24.0889932180335,26.521950943501423,1358473.8419269782,1363517.883050305,1335959.9733073665,1323196.2835389143,1330251.763418643,1330116.394674646,4.507e-6,6.92e-6,8.312e-6,1.654e-5,1.811e-5,1.994e-5
CHN,CHN.16_1,RICE,272.63158454415486,243.66715016529048,221.16718933371808,206.14689277682353,181.16877399303692,173.5207600534465,1374560.929847692,1379664.702657064,1351780.4513216242,1338865.613556677,1346004.6446404445,1345867.672855727,1.983e-4,1.766e-4,1.636e-4,1.54e-4,1.346e-4,1.289e-4
CHN,CHN.17_1,RICE,15.173344980138921,13.058851824792098,11.182114596664706,9.86084478575441,8.7194647630091,8.201310465771234,133549.70849743602,134043.72638504417,131344.68011931432,130094.59295639723,130785.61295029185,130772.35481473694,1.136e-4,9.742e-5,8.514e-5,7.58e-5,6.667e-5,6.271e-5
CHN,CHN.18_1,RICE,13.874749926006706,12.67489585695982,11.483308214026213,10.36436962870813,9.35751429877608,8.374600355858151,122540.88906862002,122995.02053901448,120513.89206155587,119364.73545071864,119999.96331143171,119987.77562198714,1.132e-4,1.031e-4,9.529e-5,8.683e-5,7.798e-5,6.98e-5
CHN,CHN.19_1,RICE,0.5971438209283395,0.5036784679428626,0.44581987083970026,0.6101209368005923,0.5669692375738032,0.5166341733416131,13277.197518441948,13326.496024028596,13057.155680799478,12932.40831733205,13001.365846773819,13000.042805065983,4.498e-5,3.78e-5,3.414e-5,4.718e-5,4.361e-5,3.974e-5
CHN,CHN.1_1,RICE,102.65109633116533,94.49212824677186,86.90596694038423,79.7544222584973,71.48362704004943,65.52594013284252,1963341.1770538676,1970631.10294757,1930802.8947907628,1912356.1077271288,1922553.0756364241,1922357.4332758775,5.228e-5,4.795e-5,4.501e-5,4.17e-5,3.718e-5,3.409e-5
CHN,CHN.20_1,RICE,0.01282374127490868,0.01111390910492085,0.00940407693493303,0.0076942447649452,0.00598441259495738,0.00427458042496956,648.4091804860232,650.8167370176049,637.6631516331561,631.57095216098935,634.9385826486409,634.8739701889457,1.978e-5,1.708e-5,1.475e-5,1.218e-5,9.425e-6,6.733e-6
CHN,CHN.22_1,RICE,1.7109724634094374,1.2207682700995541,0.9474660195731729,0.8021495605363459,0.7816252032870178,1.5981168422774479,92981.22129054007,93326.46246443073,91440.25161146488,90566.63636307641,91049.55117215174,91040.28581071971,1.84e-5,1.308e-5,1.036e-5,8.857e-6,8.585e-6,1.755e-5
CHN,CHN.23_1,RICE,0.7123573786699458,1.1007637024193277,2.0689562850207457,2.3441127553668455,2.7391078673974016,2.6428672290116957,145076.61917055323,145615.29162087548,142672.27700143927,141309.19373652912,142062.67542751625,142048.21888141698,4.9099999999999996e-06,7.559e-6,1.45e-5,1.659e-5,1.928e-5,1.861e-5
CHN,CHN.24_1,RICE,12.155229025386037,11.492011188420308,17.701759076731463,17.65555816833256,22.869014551360014,26.199281693176545,22372.837501787944,22455.908304420736,22002.054415196682,21791.847970067232,21908.045352728936,21905.815951750577,5.433e-4,5.118e-4,8.046e-4,8.102e-4,0.001044,0.001196
CHN,CHN.25_1,RICE,0.009340568727971161,0.01265810692829474,0.011576958188742537,0.011891684623151775,0.011434223147494451,0.01115234459803593,158.62999162662035,159.21898802571383,156.00103059668555,154.5106051364335,155.33447872140852,155.3186716134142,5.888e-5,7.95e-5,7.421e-5,7.696e-5,7.361e-5,7.18e-5
CHN,CHN.26_1,RICE,112.24177922596009,103.44188196429528,99.74150594806974,89.08848923102202,84.08542374534647,78.58358870184524,2255108.5877683964,2263481.8520177365,2217734.8696289603,2196546.7499021795,2208259.064689952,2208034.3483887017,4.977e-5,4.57e-5,4.497e-5,4.056e-5,3.808e-5,3.559e-5
CHN,CHN.27_1,RICE,0.08322614201626365,0.22589713295196331,0.21022110591934465,0.21050941496921388,0.20565917607577475,0.19775839923555155,7474.899257518136,7502.653711143952,7351.018403404758,7280.787168743616,7319.609411533075,7318.864555288689,1.113e-5,3.011e-5,2.86e-5,2.891e-5,2.81e-5,2.702e-5
CHN,CHN.28_1,RICE,0.20742847498978173,0.15350868616780622,0.10575226380754552,0.06320957284572211,0.029307880870796808,0.014843778998024474,4031.0987757413154,4046.06632783506,3964.291726957084,3926.4170969041666,3947.3533383154095,3946.9516487418905,5.146e-5,3.794e-5,2.668e-5,1.61e-5,7.425e-6,3.761e-6
CHN,CHN.29_1,RICE,5.091547056092852,4.4743547970310305,3.857663476385897,3.2409721557407645,2.6242808350956315,2.0083529059351357,672.7304732359031,672.9504216637536,661.3941835130714,656.3663865269796,660.759420313305,660.0008791444998,0.007568,0.006649,0.005833,0.004938,0.003972,0.003043
CHN,CHN.2_1,RICE,0.0022259736180638623,0.0023053560360238147,0.0030538284634545414,0.0031812791646079652,0.0060665011311093345,0.00572169541222118,96.31290254950284,96.67051432396111,94.71671720720934,93.81179878265043,94.31201728161865,94.30241992593432,2.311e-5,2.385e-5,3.224e-5,3.391e-5,6.432e-5,6.067e-5
CHN,CHN.30_1,RICE,718.8648284028803,661.2670186105765,593.3388193140768,555.7268572656658,520.0476470973241,471.555580760284,1618799.0606981209,1624937.3032516402,1592099.1290227328,1577022.7224485879,1585420.32849659,1585238.1828275435,4.441e-4,4.069e-4,3.727e-4,3.524e-4,3.28e-4,2.975e-4
CHN,CHN.31_1,RICE,84.95275611975956,76.96416817834861,67.41253758975593,65.71402604795759,57.3370761004655,55.444644078043865,479215.7747401143,480995.1127002088,471273.77345899993,466771.2491613991,469260.1430601079,469212.39032794035,1.773e-4,1.6e-4,1.43e-4,1.408e-4,1.222e-4,1.182e-4
CHN,CHN.3_1,RICE,15.97314449035792,15.058132478683827,15.24767064283573,14.282809980782696,13.487839168508767,13.169762318900549,619710.4913209485,622011.4890334593,609440.0833431224,603617.5255482253,606836.1041971667,606774.3514947866,2.578e-5,2.421e-5,2.502e-5,2.366e-5,2.223e-5,2.17e-5
CHN,CHN.4_1,RICE,180.09326060802513,156.28980091627082,133.67079186670045,111.85774153995774,91.09829200504008,72.69606220505179,204104.90437498796,204862.75005398886,200722.29157826403,198804.60159465225,199864.65737322284,199844.31879643459,8.824e-4,7.629e-4,6.659e-4,5.627e-4,4.558e-4,3.638e-4
CHN,CHN.5_1,RICE,1.7969116716885483,1.1583677995704493,0.8044291105054406,0.6012723742640843,0.46242637971561773,0.3322132120869585,985.8642929198381,989.5248271767609,969.5256498907759,960.2628539500205,965.3831186677955,965.284879594679,0.001823,0.001171,8.297e-4,6.262e-4,4.79e-4,3.442e-4
CHN,CHN.6_1,RICE,227.01684921126312,215.67987828284157,195.92506773460943,190.89568685307592,171.00298293863125,159.71882203938569,1252938.870967336,1257591.0585878273,1232174.0242262683,1220401.8998361677,1226909.264734781,1226784.4123040363,1.812e-4,1.715e-4,1.59e-4,1.564e-4,1.394e-4,1.302e-4
CHN,CHN.7_1,RICE,344.7596986013304,299.7235671924117,261.2615482198612,251.91346176181196,224.21105688382315,215.20139073344657,1278178.1332769468,1282961.608347051,1257019.4506523423,1245060.287743025,1251687.8454186937,1251557.0723119793,2.697e-4,2.336e-4,2.078e-4,2.023e-4,1.791e-4,1.719e-4
CHN,CHN.8_1,RICE,201.57033564841427,169.5516960532918,140.40052168361848,119.89172025072085,101.53128905870275,84.4242536408241,800057.4918736008,803028.1216829402,786798.2087690928,779281.1809780273,783436.4244301451,783356.7005705773,2.519e-4,2.111e-4,1.784e-4,1.538e-4,1.296e-4,1.078e-4
CHN,CHN.9_1,RICE,35.74437035540406,32.24885022891744,28.405476720028165,26.426698271953295,25.52022461335532,24.13594237893383,734491.6588758646,737218.8414080326,722318.9926089342,715417.995782886,719232.7112091886,719159.520831671,4.867e-5,4.374e-5,3.933e-5,3.694e-5,3.548e-5,3.356e-5
CIV,CIV.10_1,RICE,0.1501671880027689,0.13803865762736303,0.12801660691240815,0.1264184874661172,0.11876131785605616,0.17718643194251968,67311.19298664456,67309.60901709949,67307.89870188391,67323.66313040585,67325.10164451382,67323.03113609039,2.231e-6,2.051e-6,1.902e-6,1.878e-6,1.764e-6,2.632e-6
CIV,CIV.11_1,RICE,0.48057598852697503,0.44622164143061416,0.4153823089728185,0.4086356114574967,0.39646815605616853,0.47045330052512163,131371.83576673685,131371.83576673685,131371.83576673685,131371.83576673685,131371.83576673685,131371.83576673685,3.658e-6,3.397e-6,3.162e-6,3.111e-6,3.018e-6,3.581e-6
CIV,CIV.12_1,RICE,1.222716193773453,1.1227735115534545,1.55295988394419,1.5205663793023705,1.4467501844590587,1.3762261358102954,40375.58821603482,40505.701063377426,40614.40029811867,40743.08352164798,40792.6848066399,40729.16108658731,3.028e-5,2.772e-5,3.824e-5,3.732e-5,3.547e-5,3.379e-5
CIV,CIV.13_1,RICE,0.13594689145031544,0.12307835870172144,0.11068563646524648,0.0985718413384809,0.0865181687513812,0.0744644961642815,28220.45434921043,28220.45434921043,28220.45434921043,28220.45434921043,28220.45434921043,28220.45434921043,4.817e-6,4.361e-6,3.922e-6,3.493e-6,3.066e-6,2.639e-6
CIV,CIV.14_1,RICE,3.7151664763314556,3.578304404039429,4.7067437969004535,4.44816317141971,4.235573444397383,5.040020526654909,61374.39221030979,61374.71857154768,61372.534963382845,61386.60784758257,61389.164406307376,61386.82280871512,6.053e-5,5.83e-5,7.669e-5,7.246e-5,6.9e-5,8.21e-5
CIV,CIV.1_1,RICE,4.385535774985564,3.806526573527914,3.186915032572981,2.6306608432573197,2.160581170772215,1.6956565770444512,1057.9574955169608,1057.9574955169608,1057.9574955169608,1057.9574955169608,1057.9574955169608,1057.9574955169608,0.004145,0.003598,0.003012,0.002487,0.002042,0.001603
CIV,CIV.2_1,RICE,9.699202968859252,8.731241044802145,7.967643747499516,7.496989276915129,6.8420248811363225,6.33440470237045,99363.31778476425,99360.04079524749,99360.09681216232,99369.61968768109,99369.39562002182,99368.94255521479,9.761e-5,8.787e-5,8.019e-5,7.545e-5,6.885e-5,6.375e-5
CIV,CIV.3_1,RICE,15.87871509091491,16.30684813526165,18.15981868057545,17.879179008425787,18.50237618663734,18.048145946983297,95901.28721965139,95925.2226941911,95944.9342614591,95967.46176690824,96006.63146700793,95983.92510255199,1.656e-4,1.7e-4,1.893e-4,1.863e-4,1.927e-4,1.88e-4
CIV,CIV.4_1,RICE,0.22003922400671416,0.21996041007025288,0.20929246488357542,0.19494338476599835,0.20615148083442889,0.22631948588027384,5288.017912765084,5340.230258560401,5385.259413763584,5438.014930429773,5457.854937478968,5432.00201928747,4.161e-5,4.119e-5,3.886e-5,3.585e-5,3.777e-5,4.166e-5
CIV,CIV.5_1,RICE,1.8675636061157301,1.6198992080100245,1.494560580047746,1.3699016889535698,1.3988501805069697,1.3443529429709942,149344.97900867628,149344.97900867628,149344.97900867628,149344.97900867628,149344.97900867628,149344.97900867628,1.251e-5,1.085e-5,1.001e-5,9.173e-6,9.367e-6,9.002e-6
CIV,CIV.6_1,RICE,1.316412036479005,1.1627741262245999,1.0492632052734034,0.9230635760237812,0.7884422892902836,0.7025690606160977,107711.70410986723,107711.70410986723,107711.70410986723,107711.70410986723,107711.70410986723,107711.70410986723,1.222e-5,1.08e-5,9.741e-6,8.57e-6,7.32e-6,6.523e-6
CIV,CIV.7_1,RICE,24.641751091230102,23.231728316286258,21.827121648541738,20.366671554068834,19.62230189142551,18.44374128151055,131856.10341918413,131856.10341918413,131856.10341918413,131856.10341918413,131856.10341918413,131856.10341918413,1.869e-4,1.762e-4,1.655e-4,1.545e-4,1.488e-4,1.399e-4
CIV,CIV.8_1,RICE,19.79180907018676,17.847233816509217,16.930648677764847,15.828186862682232,14.50402142922893,13.75542574007681,65564.69826880012,65593.67593596772,65617.94899610885,65646.90276295262,65657.97320808221,65643.77835888953,3.019e-4,2.721e-4,2.58e-4,2.411e-4,2.209e-4,2.095e-4
CIV,CIV.9_1,RICE,2.225211497832663,2.0893399650479196,9.560603188821045,9.009956551730316,8.417221667760472,7.880344546125691,161123.7458540653,161123.7458540653,161123.7458540653,161123.7458540653,161123.7458540653,161123.7458540653,1.381e-5,1.297e-5,5.934e-5,5.592e-5,5.224e-5,4.891e-5
CMR,CMR.10_1,RICE,38.15273834460904,70.80786529470265,88.16149735103933,94.82535122474667,119.83260413027698,126.31505031623027,172.246216396331,186.98364715112962,203.46999472741064,202.10123647608293,204.94242126722077,202.75208865496148,0.2215,0.3787,0.4333,0.4692,0.5847,0.623
CMR,CMR.1_1,RICE,0.0932833450450465,0.08678721909372414,0.08034592890388675,0.2089637996032177,0.20331460116787886,0.26384800764742644,190.21450921229248,206.48655494746308,224.68950105610097,223.17993065178678,226.31621614968023,223.8978265978868,4.904e-4,4.203e-4,3.576e-4,9.363e-4,8.984e-4,0.001178
CMR,CMR.2_1,RICE,111.70896849867297,110.5953056253712,107.93700087344145,167.95112834396207,166.91371695151813,191.8165020439076,1681.6382369287353,1825.519638737494,1986.4756994951927,1973.1125251933074,2000.8509863503534,1979.466789069108,0.06643,0.06058,0.05434,0.08512,0.08342,0.0969
CMR,CMR.3_1,RICE,35.50298200038143,36.157893074445475,34.65822717354631,48.26018754842116,47.5364770484213,48.5851015752954,52.461927982651815,56.948403818232215,61.968398208535206,61.55161949441713,62.41674329745074,61.74980009638306,0.6767,0.6349,0.5593,0.7841,0.7616,0.7868
CMR,CMR.4_1,RICE,0.03610528654091989,0.03262190881845861,0.02916748210932104,0.028636195107975996,0.031313049531238965,0.029870916383415543,13546.198610045096,14702.377452064622,15995.833297923711,15890.263819866102,16114.989906659943,15942.17306873735,2.665e-6,2.219e-6,1.823e-6,1.802e-6,1.943e-6,1.874e-6
CMR,CMR.5_1,RICE,0.3291136482430643,0.42220164159067963,0.6752156108829759,0.7358269458499577,0.7076216186311456,0.9711584772835552,16.461785906130327,17.87026055926113,19.445881376094174,19.31506744147189,19.586603018449946,19.377270196628984,0.01999,0.02363,0.03472,0.0381,0.03613,0.05012
CMR,CMR.6_1,RICE,73.07263684548529,75.45687221068613,81.735277808606,91.62281324383272,89.94243652983376,93.87953292181535,17291.749500519225,18771.23605311124,20426.29587637953,20288.886618261095,20574.112364990975,20354.225486507345,0.004226,0.00402,0.004001,0.004516,0.004372,0.004612
CMR,CMR.7_1,RICE,0.1843553524123273,0.2354175943387697,0.8290482955371713,0.8432634887354701,2.635099349038896,2.5478572670299613,30693.213541246154,33018.99186680894,35604.220067500646,35623.145135083825,36184.52986774798,35755.49157873627,6.006e-6,7.13e-6,2.329e-5,2.367e-5,7.282e-5,7.126e-5
CMR,CMR.8_1,RICE,0.038428856410125986,0.03592080455076201,0.08440280955168568,0.850633531848249,0.8059760678709857,0.8211020411915009,1388.943714975519,1507.7820979021149,1640.7232406920887,1629.6859696838937,1652.5964628215472,1634.9342535774072,2.767e-5,2.382e-5,5.144e-5,5.22e-4,4.877e-4,5.022e-4
CMR,CMR.9_1,RICE,60.80270291346964,73.43257564527826,72.82072371760879,74.20433964383022,71.35340632877579,70.6057518297701,3711.57000044056,4012.8659717473834,4348.98248673686,4333.7920421475765,4397.871051370077,4348.608024787963,0.01638,0.0183,0.01674,0.01712,0.01622,0.01624
COD,COD.10_1,RICE,3.845595056868875,3.3637057020167065,2.881421466530683,2.4836064060825427,2.021242163954923,1.5469924260863914,19.936767550844536,21.323491589640685,22.82008143834544,24.428128731804367,26.146374063862048,24.82623966071817,0.1929,0.1577,0.1263,0.1017,0.0773,0.06231
COD,COD.11_1,RICE,30.20075604561674,36.978821531353276,39.31095629515375,58.48585124831786,58.61962476021384,60.276914002128834,36446.9359200396,39021.61477091671,41778.38394236868,44778.45264558335,47954.51220146856,45513.206791402496,8.286e-4,9.476e-4,9.409e-4,0.001306,0.001222,0.001324
COD,COD.12_1,RICE,38.55347021676348,46.17518172198685,47.48878675783085,56.51187553504712,67.60993230986854,84.94438207345243,1316.6709409691487,1409.5875021831257,1509.0880737221185,1620.860663086867,1736.5048215043707,1647.5107763361507,0.02928,0.03276,0.03147,0.03487,0.03893,0.05156
COD,COD.13_1,RICE,108.15572010057717,129.19296943823525,150.33588745973952,191.3334280710365,240.5250921294943,294.536019524811,3248.0895651123615,3477.633343318658,3723.3989779106055,3987.4678300899977,4269.633083838899,4052.84444958743,0.0333,0.03715,0.04038,0.04798,0.05633,0.07267
COD,COD.14_1,RICE,4.075799230527632,4.095823836158909,4.449888212106188,4.47308852600274,6.583059364025832,6.826287696626873,8418.94011239838,9013.909950253086,9650.926300275938,10335.3839814702,11066.746933596649,10504.838004601763,4.841e-4,4.544e-4,4.611e-4,4.328e-4,5.949e-4,6.498e-4
COD,COD.15_1,RICE,12.966904136732586,13.26016101062489,12.800932291434826,13.509887007207384,16.210860857190223,15.909151391165382,2589.59176301506,2773.1752855042237,2968.7975602927213,3185.238075504021,3410.7317643090178,3236.9140825661407,0.005007,0.004782,0.004312,0.004241,0.004753,0.004915
COD,COD.16_1,RICE,143.73829534463314,139.95698852965424,142.5986624300773,147.66449876268757,195.24306184341103,213.32781291793773,917.412572907556,982.2412320286091,1051.65413677562,1126.2365173163905,1205.9299614950596,1144.7011861843198,0.1567,0.1425,0.1356,0.1311,0.1619,0.1864
COD,COD.17_1,RICE,55.7352166936012,59.32643353940042,63.787382799601176,76.23439692885502,84.03986833553246,82.6585498612336,4812.815664211402,5152.939256626968,5517.09937973246,5908.380064184688,6326.4748629627875,6005.251043904591,0.01158,0.01151,0.01156,0.0129,0.01328,0.01376
COD,COD.18_1,RICE,505.44875438014844,485.3470983979715,520.159854172014,532.2734758640978,584.4233150817959,561.8674155900871,11222.905362685067,12016.03253721645,12865.210000809651,13777.629340803953,14752.575959725897,14003.520776013367,0.04504,0.04039,0.04043,0.03863,0.03962,0.04012
COD,COD.19_1,RICE,0.13369318628524518,0.10929990578395266,0.0903408463810953,0.07490208688239515,0.06023662778457636,0.04715962557662659,132.06855252305678,142.13283627105412,152.08845916015696,162.73042504676167,172.26187130782537,164.45987939257424,0.001012,7.69e-4,5.94e-4,4.603e-4,3.497e-4,2.868e-4
COD,COD.1_1,RICE,84.77191089900644,90.16465616438016,97.28566057867181,99.59199272087109,100.11621856225631,103.53094040764279,1655.7798927448514,1771.4211758548754,1895.193684292586,2028.1374885537234,2168.7263845264883,2060.333009508276,0.0512,0.0509,0.05133,0.04911,0.04616,0.05025
COD,COD.20_1,RICE,113.03009921802895,148.00752374517722,164.04409358065791,179.24406186927425,205.38765268377423,252.73676011169135,3031.1732588453074,3244.091276824837,3472.0173769453218,3716.8741521130573,3977.1276271366987,3776.816756569489,0.03729,0.04562,0.04725,0.04822,0.05164,0.06692
COD,COD.21_1,RICE,1939.8119059229666,2699.722575831941,2926.1581311048662,2893.6356688573396,2976.097262685833,3187.515524944936,13823.297391675602,14800.195302569477,15846.130578526327,16969.961126415757,18170.80677367356,17248.19251002114,0.1403,0.1824,0.1847,0.1705,0.1638,0.1848
COD,COD.22_1,RICE,0.5473703769932886,0.5428143384290808,0.49930072246639234,0.766689979950974,0.8384586131623776,0.7884851696491184,75323.13818141146,80580.8359091972,86253.78680142443,92373.99389872815,98914.12750848329,93888.44645995917,7.267e-6,6.736e-6,5.789e-6,8.3e-6,8.477e-6,8.398e-6
COD,COD.23_1,RICE,1314.4360359732275,1440.429806178993,1595.8601427004155,1857.1334029473724,2096.82151326484,2257.9726058069195,15246.645625746693,16323.754851509404,17476.985144819653,18716.08942080609,20039.730561737008,19022.67449145893,0.08621,0.08824,0.09131,0.09923,0.1046,0.1187
COD,COD.24_1,RICE,1.5587383037554292,3.3580949555089776,3.0786673724458864,2.812633077269291,3.6152374947387185,3.527306177104192,2574.880317396029,2765.1616983009644,2958.194713772153,3166.8345323235662,3378.6462131263233,3211.576297372112,6.054e-4,0.001214,0.001041,8.882e-4,0.00107,0.001098
COD,COD.25_1,RICE,160.73419575882687,169.46931878378274,176.49790815440554,192.25383294643436,212.29834118933215,205.46615210538903,1149.455528346257,1230.6880065669084,1317.6611831669409,1411.1116240851711,1510.9661398942753,1434.2475368115536,0.1398,0.1377,0.1339,0.1362,0.1405,0.1433
COD,COD.2_1,RICE,11.281284414367137,10.680729163308731,9.648838734344935,8.710415119922438,26.6462860143905,36.155100057223336,20.01326065299724,21.41503395657875,22.92258564360447,24.542411150351832,26.273241846089523,24.943438060314374,0.5637,0.4987,0.4209,0.3549,1.014,1.449
COD,COD.3_1,RICE,0.5488795334006897,0.5745405263344164,0.5312151807617027,0.5591495476907504,0.521751730900994,0.5026018253598252,12640.440006651814,13817.89815315291,14712.999185373905,15716.830608052172,16409.171755964642,15729.102871332927,4.342e-5,4.158e-5,3.611e-5,3.558e-5,3.18e-5,3.195e-5
COD,COD.4_1,RICE,3.744283479005423,3.612094120315229,3.366092265167479,3.2805602139381205,3.755121642334682,3.5173180247662605,12305.094180069811,13174.70006767095,14105.760994180198,15106.16200866945,16175.119607319724,15353.835431450407,3.043e-4,2.742e-4,2.386e-4,2.172e-4,2.322e-4,2.291e-4
COD,COD.5_1,RICE,0.46872711762604735,0.4891270699594915,0.5644510173050148,0.9236793263835861,1.3006256994053855,1.4899812790348053,235.35454009421963,251.15669949665434,272.3435301964597,289.21684966446566,310.7250757981511,294.9195507119961,0.001992,0.001947,0.002073,0.003194,0.004186,0.005052
COD,COD.6_1,RICE,3.2798225528135756,3.1677713368722937,3.0126635861290065,2.9500753677654434,2.877327621504815,2.670841704493747,13882.240896779316,14868.764509236862,15920.59494629976,17047.299710166062,18238.200822639825,17319.74329700769,2.363e-4,2.13e-4,1.892e-4,1.731e-4,1.578e-4,1.542e-4
COD,COD.7_1,RICE,51.57630211531276,87.92613825883645,100.26268725620933,117.90416793107431,132.93634274780058,135.05281541431984,6437.644764428699,6892.595545596306,7379.697710648077,7903.081146466428,8462.327925474516,8032.656365742463,0.008012,0.01276,0.01359,0.01492,0.01571,0.01681
COD,COD.8_1,RICE,1.6003392485578447,1.714645774977243,1.7774020554001742,2.295716229171279,2.5453367200503196,2.628921683183626,6918.484726002037,7407.416786412792,7930.901670377735,8493.372711829086,9094.38938921333,8632.625997295365,2.313e-4,2.315e-4,2.241e-4,2.703e-4,2.799e-4,3.045e-4
COD,COD.9_1,RICE,247.974223999398,388.5155039818359,433.2489767466273,478.1020068848312,491.9924650470574,583.64997724174,3523.4556846358537,3772.418786858789,4038.9815178337094,4326.890645704516,4633.365605833851,4397.855410382149,0.07038,0.103,0.1073,0.1105,0.1062,0.1327
COG,COG.11_1,RICE,1.3807807652384148,1.6780497630668643,1.7408482973640809,1.7369088265908612,1.7400033358806113,1.7818104352628588,22.80538677581496,21.26155609035685,21.294098595644446,21.3290646804374,21.36642695965656,21.337721378877816,0.06055,0.07892,0.08175,0.08143,0.08144,0.08351
COG,COG.12_1,RICE,1.4345152195573643,1.4219538937504017,1.4401119747867044,1.411000190544404,1.744787421727116,1.6812013290025165,1.267731404447803,1.204437460297718,1.2203357268622508,1.2190157932965338,1.2217556307868942,1.2196434290652232,1.132,1.181,1.18,1.157,1.428,1.378
COG,COG.1_1,RICE,0.02867524042064453,0.023998377302486096,0.02000199028341889,0.01798279058073205,0.015005761184477953,0.012241957145510282,10.422862549782463,9.689556884744965,9.689556884744965,9.689556884744965,9.689556884744965,9.689556884744965,0.002751,0.002477,0.002064,0.001856,0.001549,0.001263
COG,COG.2_1,RICE,0,0,0,0,0,0,8.395156725398749e-4,7.804511309496085e-4,7.804511309496085e-4,7.804511309496085e-4,7.804511309496085e-4,7.804511309496085e-4,0,0,0,0,0,0
COG,COG.3_1,RICE,0.01090208197498962,0.010369999578201566,0.011765590320200641,0.013676077800804043,0.02293286663364944,0.02187384600685137,0.292894991968038,0.2722882195151327,0.2722882195151327,0.2722882195151327,0.2722882195151327,0.2722882195151327,0.03722,0.03808,0.04321,0.05023,0.08422,0.08033
COG,COG.4_1,RICE,0.08623714208190317,0.0836630936604624,0.0913351953651664,0.11347854816532535,0.14590446946428914,0.143259441816954,0.9779972291827882,0.909189748979983,0.909189748979983,0.909189748979983,0.909189748979983,0.909189748979983,0.08818,0.09202,0.1005,0.1248,0.1605,0.1576
COG,COG.5_1,RICE,0.03520122956801468,0.03071787544722297,0.027384800865765224,0.024275067180561837,0.02272919246271245,0.023584804919021984,6.221012219459686,5.783329818774808,5.783329818774808,5.783329818774808,5.783329818774808,5.783329818774808,0.005658,0.005311,0.004735,0.004197,0.00393,0.004078
COG,COG.6_1,RICE,0.028546730727307415,0.02310058605396904,0.018493982095332286,0.01701298874592931,0.01661306417609007,0.015066294477129366,2.453387682233818,2.280778374826917,2.280778374826917,2.280778374826917,2.280778374826917,2.280778374826917,0.01164,0.01013,0.008109,0.007459,0.007284,0.006606
COG,COG.7_1,RICE,13.81413026213062,13.902538399654217,16.420860953183922,16.06238556080532,15.926300006358668,15.111186272024241,16.76295218469778,17.738166166949938,18.87922424369738,20.10436369050455,21.38520129044565,20.39383190906545,0.8241,0.7838,0.8698,0.799,0.7447,0.741
COG,COG.8_1,RICE,0.03646027567161265,0.03247181336454853,0.028297773536085865,0.031459053540537255,0.02942921472933576,0.02876223890716151,3.782625230875437,3.516496756354526,3.516496756354526,3.516496756354526,3.516496756354526,3.516496756354526,0.009639,0.009234,0.008047,0.008946,0.008369,0.008179
COG,COG.9_1,RICE,1.1045458015591358,1.2461812442215805,1.3736149539055835,1.90479297885078,4.14135407896753,4.234077342510068,10.186471680600592,9.480475327310895,9.486204352819389,9.492360043352146,9.498937577835445,9.493884033153982,0.1084,0.1314,0.1448,0.2007,0.436,0.446
COL,COL.10_2,RICE,420.81565961438383,393.61895122654727,402.97988956895495,407.63629772675034,384.6224811009546,371.24334434986093,560451.5376248475,549734.9885591889,481138.00753477536,554475.3553575956,520702.54754482297,519542.03689121344,7.509e-4,7.16e-4,8.376e-4,7.352e-4,7.387e-4,7.146e-4
COL,COL.11_2,RICE,175.30189014971137,155.4952671172823,136.22360175880684,116.77412411224996,96.92960910687722,78.37237720661832,10160.28422818446,9966.00661960868,8722.42929380259,10051.94353080313,9439.68483665122,9418.64623242064,0.01725,0.0156,0.01562,0.01162,0.01027,0.008321
COL,COL.12_2,RICE,34.698066315362475,35.861828472858846,35.134092294623976,38.34137662952494,38.55369051575874,37.78823221785118,64050.295134012755,62825.571702291134,54986.07696464449,63367.316834739424,59507.64626075959,59375.01918262743,5.417e-4,5.708e-4,6.39e-4,6.051e-4,6.479e-4,6.364e-4
COL,COL.13_2,RICE,89.55224298634674,99.72890198478919,106.38647477182971,137.04933884258259,138.3396218332823,132.45354436939314,41826.772180407475,41026.9994591964,35907.59743013619,41380.77046528222,38860.28838606157,38773.6842263478,0.002141,0.002431,0.002963,0.003312,0.00356,0.003416
COL,COL.14_2,RICE,285.5184098927665,276.9292689464694,261.99826198903565,256.3502099117149,233.7389425153384,215.3070189980421,67615.80650142505,66322.90593939352,58047.00716108844,66894.80859764155,62820.28032039588,62680.270241861974,0.004223,0.004175,0.004514,0.003832,0.003721,0.003435
COL,COL.15_2,RICE,66.52967638698293,56.39422157014327,46.871499503607694,38.363290824531006,30.598344451779912,25.784066042402294,3573.500662922703,3505.170767080739,3067.788869255841,3535.3958673068746,3320.0567291198918,3312.6571855169295,0.01862,0.01609,0.01528,0.01085,0.009216,0.007783
COL,COL.17_2,RICE,265.36124730124976,302.59501449267384,474.78767748637694,519.6249931313789,501.18694917979155,479.6499286769936,7038.252514024588,6903.672138489019,6042.21875360643,6963.202528355871,6539.077455024325,6524.503550811421,0.0377,0.04383,0.07858,0.07462,0.07664,0.07352
COL,COL.18_2,RICE,43.7806028281141,44.701274936406136,42.15677936130122,42.235794822095215,43.27218459459292,42.87303360545003,175142.9245333722,171793.96816826146,150357.18895682125,173275.34817830185,162721.23612233327,162358.57277647703,2.5e-4,2.602e-4,2.804e-4,2.437e-4,2.659e-4,2.641e-4
COL,COL.19_2,RICE,5.655815532493196,4.507432077605104,4.751806814268843,4.161208667720506,4.134348416984494,3.9341843261388743,9841.10507904915,9652.930583379328,8448.419482869742,9736.167838778889,9143.142879103423,9122.765189828224,5.747e-4,4.669e-4,5.624e-4,4.274e-4,4.522e-4,4.312e-4
COL,COL.1_2,RICE,2.61601533632115,2.5257402481711364,2.432436688724776,2.2235713210642056,2.170973608208758,2.2094931115073457,5.37488092543093,5.306174516392392,4.694342058423914,5.318527776464437,5.083864550855317,5.055313265271954,0.4867,0.476,0.5182,0.4181,0.427,0.4371
COL,COL.20_2,RICE,17.317459794642456,16.36565284753099,15.908096904519445,14.635279173580791,14.125363913976749,12.966419913343714,14551.593444805074,14273.348396543373,12492.292743384576,14396.427531488738,13519.548558395498,13489.41699824088,0.00119,0.001147,0.001273,0.001017,0.001045,9.612e-4
COL,COL.21_2,RICE,403.9281101095805,385.24944762924264,386.3351257845431,360.13072748593555,333.70779534824436,301.3352680102908,227198.1458170746,222853.8271493201,195045.70128808264,224775.49650837848,211084.5369891728,210614.0844147746,0.001778,0.001729,0.001981,0.001602,0.001581,0.001431
COL,COL.22_2,RICE,106.63807592144532,90.15250736004424,74.03997276916571,58.00578923083877,43.26835646860829,30.814596166015452,1567.313828664751,1537.344786885774,1345.5119704038189,1550.6013165539275,1456.1549903967723,1452.9095993618519,0.06804,0.05864,0.05503,0.03741,0.02971,0.02121
COL,COL.23_2,RICE,96.21913927693699,106.47622100940367,122.23394428013872,122.72663919667497,121.399379469482,119.41951963537704,162030.32123290194,158932.09458698073,139100.24450749537,160302.56661452248,150538.61999028537,150203.10852965948,5.938e-4,6.699e-4,8.787e-4,7.656e-4,8.064e-4,7.951e-4
COL,COL.24_2,RICE,157.31970696738932,156.13834695306636,171.30341819353407,163.66278992621892,160.9290012766765,158.5702241006127,1704.722959628393,1682.4027007357085,1486.1322472444806,1698.291301075154,1618.1116381429104,1608.804480851827,0.09228,0.09281,0.1153,0.09637,0.09945,0.09856
COL,COL.26_2,RICE,0.3835584432636741,0.3591457125995189,0.33473298193536366,0.3103202512712085,0.28590752060705327,0.3629515172575265,241.21083897717742,236.5985797227512,207.07535740397145,238.6387701330568,224.10340577014045,223.60393752069035,0.00159,0.001518,0.001616,0.0013,0.001276,0.001623
COL,COL.28_2,RICE,29.269791826296036,29.495633864454387,28.41072844416772,29.26654937883995,28.97153131862213,26.649068288326916,14574.492488330408,14295.809581115667,12511.951178479472,14419.08239893699,13540.823529556275,13510.644553020073,0.002008,0.002063,0.002271,0.00203,0.00214,0.001972
COL,COL.29_2,RICE,865.9718452457878,827.4298602970459,769.8781526919122,736.5282652655236,684.6593162702679,623.4166886800733,74308.27493813795,72887.4058336766,63792.37623042056,73515.91419830066,69038.09779508424,68884.22981734166,0.01165,0.01135,0.012070000000000001,0.01002,0.009917,0.00905
COL,COL.2_2,RICE,1322.847429859801,1308.393582820031,1263.7545296889036,1307.023327757043,1296.9857556489997,1257.9111926213825,79861.30893552069,78334.2587301056,68559.56042728509,79009.73532699318,74197.29311337005,74031.92663008117,0.01656,0.0167,0.01843,0.01654,0.01748,0.01699
COL,COL.30_2,RICE,124.62388346973057,111.9376771831552,100.59521161665732,89.49499749602016,78.65324192167672,66.15799474780647,539453.2847311189,529138.2490744205,463111.3685111482,533701.0101136141,501193.5569511103,500076.52676736197,2.31e-4,2.115e-4,2.172e-4,1.677e-4,1.569e-4,1.323e-4
COL,COL.31_2,RICE,5.31322777410794,11.096832693892374,12.455395891452135,11.369656942163704,10.34310894876631,9.422371528519259,10551.798870021494,10350.035001550785,9058.537881339827,10439.283390874318,9803.43202569382,9781.582723512762,5.035e-4,0.001072,0.001375,0.001089,0.001055,9.633e-4
COL,COL.32_2,RICE,19.54947473239986,16.856479480910927,14.417839631580849,11.885608168377555,9.740666100527886,7.688743953222648,5.274753879669615,5.173893849915196,4.528285501108504,5.218508355331522,4.90065170390236,4.8897294248798655,3.706,3.258,3.184,2.278,1.988,1.572
COL,COL.33_2,RICE,1.5327439629010984,1.6795803620329335,1.6135391536217687,1.6334922481233578,1.5499455091325758,1.5118992666604696,52.371648867728794,51.37023606561755,44.960159970864105,51.81320179736039,48.65728640895126,48.54884196303954,0.02927,0.0327,0.03589,0.03153,0.03185,0.03114
COL,COL.3_2,RICE,117.76268263282637,112.46836190205325,116.33575667754155,112.83889215904577,111.54201604709488,109.28433717902581,51228.50069712346,50248.94683551661,43978.79053376811,50682.24346621017,47595.21571990699,47489.1384103912,0.002299,0.002238,0.002645,0.002226,0.002344,0.002301
COL,COL.4_2,RICE,6.106164913624757,5.8445769128715765,5.436182058067792,5.001824443069474,4.681181811632803,4.271346771401733,4278.54175485555,4196.730573036524,3673.0545228042456,4232.918995975405,3975.0940839089076,3966.2346322791277,0.001427,0.001393,0.00148,0.001182,0.001178,0.001077
COL,COL.6_2,RICE,2829.33895636192,2767.218602467146,2675.501819261597,2569.101466402854,2502.719133473839,2362.496742907067,76099.46297475057,74644.34406777903,65330.080358610125,75288.00251716231,70702.2491287546,70544.6721901839,0.03718,0.03707,0.04095,0.03412,0.0354,0.03349
COL,COL.7_2,RICE,52.10746858815367,51.36610652438618,50.755341474389574,53.62720375902614,62.051974705584506,59.66581098016604,1021.3200437667138,1001.791100359491,876.7856949697131,1010.4295486480561,948.8848061719378,946.7699885437103,0.05102,0.05127,0.05789,0.05307,0.06539,0.06302
COL,COL.8_2,RICE,0.24328058419343,0.18016383280054793,0.12761343669632738,0.09749758206054958,0.0759273301732317,0.06865370267781992,0.09900885730537574,0.09711568152474641,0.08499740144185376,0.09795311039844991,0.09198683698307578,0.09178182222980819,2.457,1.855,1.501,0.9953,0.8254,0.748
COL,COL.9_2,RICE,28.570633556757517,30.18037649895078,32.88470352803423,32.27353768366573,34.029009356025924,35.831589666291364,5657.581891665638,5549.401701471209,4856.936766302391,5597.2542124522215,5256.328346280104,5244.613356458199,0.00505,0.005438,0.006771,0.005766,0.006474,0.006832
CRI,CRI.1_1,RICE,71.32613969797147,61.69175125664249,52.12436350428204,42.6717895242245,33.36080254730589,24.16620384625993,93.17807007833427,98.71307571832732,89.74078011988308,78.30679328419451,72.43744904127361,77.819960907495215,0.7655,0.625,0.5808,0.5449,0.4605,0.3105
CRI,CRI.2_1,RICE,6.330589808458125,6.118498200606139,5.953565776955834,5.493520492107521,5.639624709315726,5.757450148519819,13580.781135484172,14915.510861637105,11293.251522680554,7518.002961745984,6342.163752608628,7335.161540872958,4.661e-4,4.102e-4,5.272e-4,7.307e-4,8.892e-4,7.849e-4
CRI,CRI.3_1,RICE,67.32105859284574,57.01902773320541,47.326964410373854,37.961056693980446,28.78882562472459,19.928038582687904,36410.9615425145,39989.45914466092,30277.945191817955,20156.257139098947,17003.755394393185,19666.047343552524,0.001849,0.001426,0.001563,0.001883,0.001693,0.001013
CRI,CRI.4_1,RICE,37.239941198184574,32.237187616911186,27.291254326146664,22.382724622579047,17.492145747676357,12.61482280343438,61.88630288101538,67.96853683154804,51.46225222774568,34.25881057278341,28.900625302724293,33.425619945642076,0.6017,0.4743,0.5303,0.6533,0.6053,0.3774
CRI,CRI.5_1,RICE,8.67299702596796,7.555542345876296,6.441176804298494,5.330828215587993,4.228284568385048,3.136245376522206,19.977228399637877,20.730710686314715,21.489651510884208,20.252706012911737,18.926332319370918,19.589233035026535,0.4341,0.3645,0.2997,0.2632,0.2234,0.1601
CRI,CRI.6_1,RICE,709.9922437192675,662.7716648598505,631.5084339105736,682.6596882884238,665.7363964340819,613.7117153546913,40054.62454745919,43991.224181901554,33307.874204605876,22173.303801547925,18705.329641569755,21634.038468300074,0.01773,0.01507,0.01896,0.03079,0.03559,0.02837
CRI,CRI.7_1,RICE,1.5140070825953085,1.0275804632226535,0.7269932761922328,0.5044105525254285,0.34580557171252474,0.24337300875782192,18.810580860554463,20.659299368739923,15.642150390813207,10.413097833696076,8.78445671932765,10.159846323515685,0.08049,0.04974,0.04648,0.04844,0.03937,0.02395
CUB,CUB.10_1,RICE,1.8871008096741155,1.7610104274247746,1.4781804794685716,1.408508606754951,1.2819107798886067,1.1429255743429132,1945.544071305707,1647.7295107218038,1049.5038505306975,428.85950602374606,615.4266730468929,686.0979610938505,9.7e-4,0.001069,0.001408,0.003284,0.0020830000000000002,0.001666
CUB,CUB.11_1,RICE,9.45408631158181,8.455656865054932,7.398088931622998,6.492547243613386,5.662489849583909,5.110002658822021,13081.95394929469,11079.431146316834,7056.926257669283,2883.676803453071,4138.165521258977,4613.363461723604,7.227e-4,7.632e-4,0.001048,0.002251,0.001368,0.001108
CUB,CUB.12_1,RICE,1.802367691106623,1.69872550944907,1.5318922416857692,1.828958514761773,1.7388818783335085,2.4163495170536353,13866.518185108922,11743.898049675345,7480.151410273049,3056.6195990328065,4386.343789004247,4890.040783239144,1.3e-4,1.446e-4,2.048e-4,5.984e-4,3.964e-4,4.941e-4
CUB,CUB.13_1,RICE,48.9775731821456,42.58362763335618,36.22024369489548,30.179047156130437,23.961298256694523,19.12655612436334,26190.756597518062,22181.601121428015,14128.335771371147,5773.271910135432,8284.823990943545,9236.195142576591,0.00187,0.00192,0.002564,0.005227,0.002892,0.002071
CUB,CUB.14_1,RICE,38.40442236689095,32.91712191058518,27.49406782893639,22.153940665852627,16.853255655959295,11.662848382022702,5794.219717208192,4907.2683371508665,3125.6325640311643,1277.2294610870817,1832.863832825418,2043.3370761107087,0.006628,0.006708,0.008796,0.01735,0.009195,0.005708
CUB,CUB.15_1,RICE,24.644222111706096,23.197927629157995,21.101863141871345,25.178424891694082,24.43902072890129,29.697735965606938,2403.1544683016054,2035.2911016742105,1296.35709881911,529.7313247100647,760.1808568911309,847.4747014025511,0.01025,0.0114,0.01628,0.04753,0.03215,0.03504
CUB,CUB.16_1,RICE,4.345189288153897,3.8373618052587584,3.180027965282765,2.5745584183459767,2.2097423281555524,1.6419871566185766,3933.138570317604,3331.072571242797,2121.691374201984,866.9882575609391,1244.1550004767942,1387.0250453814915,0.001105,0.001152,0.001499,0.00297,0.001776,0.001184
CUB,CUB.1_1,RICE,30.60723470591502,26.810168563437102,22.989022025828017,18.94804079803063,15.293459041157076,11.412171321732073,20171.698944858512,17083.911962237205,10881.416682669684,4446.4810500776475,6380.8380156643225,7113.568755385821,0.001517,0.001569,0.002113,0.004261,0.002397,0.001604
CUB,CUB.2_1,RICE,33.25277034863703,32.327194717403,29.607985741672426,41.60313791578353,39.34585014879988,38.34203120843591,8841.143713445445,7487.783813295869,4769.264550316253,1948.8679704328215,2796.685894575254,3117.837711824051,0.003761,0.004317,0.006208,0.02135,0.01407,0.0123
CUB,CUB.3_1,RICE,21.41414539141744,18.706014092555677,15.981433376548651,13.732930346869216,11.025642470784241,8.437167398519637,3011.382633553989,2550.414614895851,1624.4595616973693,663.8040678295803,952.5793955392296,1061.9669404703868,0.007111,0.007334,0.009838,0.02069,0.01157,0.007945
CUB,CUB.4_1,RICE,0.7130697032226176,0.631811482932303,0.554070646661147,0.4827074815369859,0.4400575244820948,0.4013180922688772,189.37397718648134,160.38551651184466,102.1558551043971,41.74401983885211,59.90396129310881,66.7829125786286,0.003765,0.003939,0.005424,0.01156,0.007346,0.006009
CUB,CUB.5_1,RICE,46.47580785929996,40.87461432998511,35.17266571996402,29.661991315569537,24.018755559573854,18.67777850502395,20640.0719295231,17480.588655527816,11134.075698797827,4549.725283811873,6528.996688576686,7278.740932438664,0.002252,0.002338,0.003159,0.00652,0.003679,0.002566
CUB,CUB.6_1,RICE,8.921609935071137,8.45619927428433,7.891931037989066,7.747281742402646,7.284202917912321,6.959878589745644,656.57315169782,556.0680808808713,354.18167135092466,144.72950865441297,207.69132723378416,231.54114436817295,0.01359,0.01521,0.02228,0.05353,0.03507,0.03006
CUB,CUB.7_1,RICE,7.330799939367713,8.852316070362091,8.20742982046365,15.63216707620376,15.82947348649677,17.053820066309537,2188.1962642533013,1853.2376691120573,1180.4000942057667,482.3477313165527,692.1839328878627,771.6694869676204,0.00335,0.004777,0.006953,0.03241,0.02287,0.0221
CUB,CUB.8_1,RICE,7.50825007561538,7.427194813610665,9.794741462826515,10.12398868798201,11.455371748036573,16.682430977220374,84.87908958187055,71.88620541162318,45.78715674424611,18.710038475456617,26.849484667577954,29.932691405206942,0.08846,0.1033,0.2139,0.5411,0.4267,0.5573
CUB,CUB.9_1,RICE,0.545435639546,0.5833079806522541,0.4907820082708783,0.3987554774986737,2.6327932406214365,3.694745052772724,10254.349026550459,8684.662431187679,5531.6037024171665,2260.383161184374,3243.7198410191995,3616.2059051889146,5.319e-5,6.717e-5,8.872e-5,1.764e-4,8.117e-4,0.001022
DOM,DOM.10_1,RICE,0.991490361805741,0.7994417141434821,4.264740231863156,4.14208975807965,3.944445415105327,4.160169068073322,10095.442097542134,10805.151384196806,10744.033046973183,9912.294634607124,10236.940780130595,10213.790022452677,9.821e-5,7.399e-5,3.969e-4,4.179e-4,3.853e-4,4.073e-4
DOM,DOM.11_1,RICE,12.262970314291676,11.314155889720228,10.594577347526851,9.634731694175981,8.675835689932427,7.721295696123134,117309.70878600993,126300.38177315923,126263.48537647829,116160.90057098531,120227.03408276135,119832.96843474079,1.045e-4,8.958e-5,8.391e-5,8.294e-5,7.216e-5,6.443e-5
DOM,DOM.12_1,RICE,7.544075203725069,6.843316490167241,6.042906962940902,5.28152832070359,4.581037045796534,4.235890797380299,7076.407483475265,7599.429772814144,7579.718033736596,6981.6735775536135,7219.324485928857,7198.801165865498,0.001066,9.005e-4,7.972e-4,7.565e-4,6.346e-4,5.884e-4
DOM,DOM.13_1,RICE,0.5518481424700997,0.5075370558882057,0.4632259693063117,0.4189148827244177,0.3746037961425237,0.33029270956062967,4957.463386701191,5337.405785474851,5335.846557875193,4908.915191302335,5080.748436978864,5064.0953735433195,1.113e-4,9.509e-5,8.681e-5,8.534e-5,7.373e-5,6.522e-5
DOM,DOM.14_1,RICE,8.803183867276728,7.520918715857212,6.288710241575874,5.216134558371051,4.121827340158168,3.1317946216295973,45184.64804616026,48647.621391047716,48633.40985889533,44742.15700764687,46308.32585709345,46156.542020980014,1.948e-4,1.546e-4,1.293e-4,1.166e-4,8.901e-5,6.785e-5
DOM,DOM.15_1,RICE,4.2990356801347716,3.576992069895365,2.8798560764763197,2.228440344189834,1.6230609283337514,1.056749286136851,45844.67893118548,49358.23736327578,49343.81823738193,45395.724242640616,46984.77076971662,46830.76976418802,9.377e-5,7.247e-5,5.836e-5,4.909e-5,3.454e-5,2.257e-5
DOM,DOM.16_1,RICE,23.86401803584095,20.280173312845257,16.758518961581746,13.304355035980379,9.970864138454187,6.763420492547167,622.2580918691106,669.9482538812583,669.7525404860661,616.1643489453362,637.7327639257045,635.6424805148425,0.03835,0.03027,0.02502,0.02159,0.01563,0.01064
DOM,DOM.17_1,RICE,40.471897503175164,36.11658059714299,30.83470357244613,27.134439682516984,21.89414113224559,17.656864207057453,154830.2454373404,166696.51055429212,166647.81315138334,153314.00045017435,158680.65301562988,158160.54874094663,2.614e-4,2.167e-4,1.85e-4,1.77e-4,1.38e-4,1.116e-4
DOM,DOM.1_1,RICE,3.2779492769901952,3.062011895856203,2.761212128745168,2.5947576548056244,2.3747892807556186,2.8354605920645324,9296.669952223834,10009.17124708571,10006.247246796913,9205.628120102594,9527.86488662304,9496.635602132708,3.526e-4,3.059e-4,2.759e-4,2.819e-4,2.492e-4,2.986e-4
DOM,DOM.20_1,RICE,4.138462375692188,3.54850017903215,2.9855256566192674,2.4980440453615995,2.0434189164058703,1.8786292137651976,14484.85049181055,15594.97645996186,15590.420666625225,14343.001062546771,14845.068083318718,14796.410712546889,2.857e-4,2.275e-4,1.915e-4,1.742e-4,1.376e-4,1.27e-4
DOM,DOM.21_1,RICE,6.239850032696857,5.373657767165282,4.5238149948174,3.6893205911102207,2.869859299981017,2.0705345900565537,205.48788517411828,221.23657637402096,221.17194606675164,203.47555240968626,210.5980760679337,209.9078031359701,0.03037,0.02429,0.02045,0.01813,0.01363,0.009864
DOM,DOM.22_1,RICE,0,0,0,0,0,0,1588.7920598096082,1710.5578539808664,1710.0581451103142,1573.2330972210582,1628.3030543839386,1622.9659993430741,0,0,0,0,0,0
DOM,DOM.24_1,RICE,5.634187752469017,5.285574797450659,4.851519036412601,4.376706862646767,3.90689333812831,3.4614629713060987,2956.875170254131,3183.49151765356,3182.5615175679177,2927.9186369753147,3030.4084423318404,3020.475735634839,0.001905,0.00166,0.001524,0.001495,0.001289,0.001146
DOM,DOM.26_1,RICE,52.191878800252596,48.918542440749604,49.10612164126637,54.52171830817855,56.42545879387529,56.156778318190845,72127.50949351392,77655.39680944447,77632.71117473084,71421.16833647835,73921.21787634643,73678.9278386095,7.236e-4,6.299e-4,6.325e-4,7.634e-4,7.633e-4,7.622e-4
DOM,DOM.28_1,RICE,2.269060264580076,1.9531698433140543,1.6376931301898303,1.3243694079909814,1.0128435648350402,0.7039206608353288,53512.17071366023,57613.36943538448,57596.53872036232,52988.128654773245,54842.94214701033,54663.18457666522,4.24e-5,3.39e-5,2.843e-5,2.499e-5,1.847e-5,1.288e-5
DOM,DOM.29_1,RICE,91.87569270042869,79.15140641095907,65.8596346159721,52.59128842892592,41.82910961936505,32.05756736511276,42819.58955970903,46101.303674928175,46087.83600393606,42400.25942276436,43884.451736180046,43740.61258183859,0.002146,0.001717,0.001429,0.00124,9.532e-4,7.329e-4
DOM,DOM.2_1,RICE,1.856113861400681,1.8584228029695713,1.5587722055666255,1.3398592420629445,1.4694787664440716,1.4776622848818646,11536.82718199241,12421.015213622055,12417.386636272819,11423.847600173067,11823.731634578433,11784.977235418972,1.609e-4,1.496e-4,1.255e-4,1.173e-4,1.243e-4,1.254e-4
DOM,DOM.30_1,RICE,182.78430977347443,155.59050781951734,128.79792476442566,102.28203156888993,77.07597901844069,53.76446262774415,68520.27865453176,73771.7060491304,73750.15496518271,67849.2629318886,70224.2803465312,69994.10768401268,0.002668,0.002109,0.001746,0.001507,0.001098,7.681e-4
DOM,DOM.32_1,RICE,15.410918440577305,13.416879913250755,11.375314675365544,9.677434074625944,7.755079670132549,6.115169376991651,49016.160371600585,52772.78267973884,52757.36605552621,48536.147521116254,50235.1224343446,50070.467818795696,3.144e-4,2.542e-4,2.156e-4,1.994e-4,1.544e-4,1.221e-4
DOM,DOM.3_1,RICE,2.31124810231611,2.4139613401852045,3.0633862746809872,3.106284893144807,3.0509744824024505,2.936079442738194,13480.477645237826,14513.627991216381,14509.388094486652,13348.463989918346,13815.717915235278,13770.43442409144,1.715e-4,1.663e-4,2.111e-4,2.327e-4,2.208e-4,2.132e-4
DOM,DOM.4_1,RICE,14.451456105815714,12.754323642030863,10.935656991377172,9.127837213734873,7.677608319953376,5.904812010694552,20246.85130008447,21791.91211435271,21779.508352459336,20039.795433243056,20738.949163056575,20672.05714250354,7.138e-4,5.853e-4,5.021e-4,4.555e-4,3.702e-4,2.856e-4
DOM,DOM.6_1,RICE,0.21353446351216868,0.1758648216313519,0.13881876860698414,0.10405830082672334,0.07493861786034173,0.05368730738059477,9640.688653036983,10379.555708009275,10376.523506527396,9546.277862679412,9880.438842315121,9848.053933506308,2.215e-5,1.694e-5,1.338e-5,1.09e-5,7.585e-6,5.452e-6
DOM,DOM.8_1,RICE,0.3142329266259558,0.27066594561480056,0.22874768524579464,0.18860879701005714,0.1498466297146997,0.11363868987927062,452.63037674952534,487.32018839016666,487.17782651659945,448.19778970655454,463.8866492425229,462.3661776245005,6.942e-4,5.554e-4,4.695e-4,4.208e-4,3.23e-4,2.458e-4
DZA,DZA.10_1,RICE,0.07113388205775074,0.08296135618500222,0.14009945977858132,0.15751944279811278,0.1798526884346546,0.21645208570920665,9.082131146498705,9.211237439450572,9.0973201221401,9.130326934591597,9.146100101603817,9.142176769722592,0.007832,0.009007,0.0154,0.01725,0.01966,0.02368
DZA,DZA.11_1,RICE,0,0,0,0,0,0,0.0028745131621691934,0.0029153755690671697,0.0028793205041571907,0.0028897672280926464,0.002894759467849413,0.002893517725250652,0,0,0,0,0,0
DZA,DZA.12_1,RICE,0.03504021193621432,0.032792022739805735,0.030546871460243923,0.02964412595234473,0.02733171967280126,0.025020773179995372,0.2949800853676349,0.29917335065990314,0.29547341069613703,0.2965454445830744,0.2970577439626728,0.29693031739785214,0.1188,0.1096,0.1034,0.09996,0.09201,0.08426
DZA,DZA.13_1,RICE,0.028562616173569318,0.027336172958513236,0.026514686843218154,0.026395948669039094,0.024159270125334482,0.022204828653106374,3.106510863583697,3.1506712148429514,3.111706199025962,3.1229960625831925,3.128391218619391,3.127049256813965,0.009194,0.008676,0.008521,0.008452,0.007723,0.007101
DZA,DZA.15_1,RICE,0.001819878926831752,0.0020917815714101592,0.001864405250069197,0.001664853908369673,0.0014963065535544837,0.0013341224463706046,0.903984292176196,0.9168348069911665,0.9054961174485453,0.9087814300596125,0.9103514024578218,0.9099608960517357,0.002013,0.002282,0.002059,0.001832,0.001644,0.001466
DZA,DZA.19_1,RICE,0.028412779067663103,0.03154723096859751,0.033350521697711584,0.03169036328205004,0.03155675467514155,0.029433600765507106,4.775008627321094,4.8428873721599945,4.782994362008023,4.800347977770005,4.80864085609874,4.806578130590982,0.00595,0.006514,0.006973,0.006602,0.006563,0.006124
DZA,DZA.21_1,RICE,0.13804310486144106,0.13383433142909854,0.12499377214068053,0.11852486478240207,0.11786854154237497,0.11230806530239411,4.900254103951309,4.969913265625849,4.908449299442431,4.926258089644294,4.934768484961999,4.932651655459977,0.02817,0.02693,0.02547,0.02406,0.02389,0.02277
DZA,DZA.23_1,RICE,0.3054643435176383,0.28480756386237077,0.2677592974342187,0.2467601464052447,0.22651689643920378,0.20956804478937166,0.6051917376675865,0.6137947913468415,0.6062038616298517,0.6084032848555437,0.6094543366625116,0.6091929037454632,0.5047,0.464,0.4417,0.4056,0.3717,0.344
DZA,DZA.28_1,RICE,0.005698755958150776,0.005407932338260176,0.0051817666594181095,0.004791125334345823,0.004347279465251727,0.003908131681021003,0.40916559214280745,0.4149820521732684,0.40984988155815577,0.4113368950953551,0.41204750333437073,0.41187075050109184,0.01393,0.01303,0.01264,0.01165,0.01055,0.009489
DZA,DZA.29_1,RICE,2.9028307059291103e-4,2.60058608383246e-4,2.3518089947098883e-4,2.1262417566497965e-4,2.0438538120691536e-4,1.8309135124482064e-4,0.5070511026420695,0.5142590461460028,0.5078990959954734,0.5097418507826781,0.5106224592650592,0.5104034214947036,5.725e-4,5.057e-4,4.63e-4,4.171e-4,4.003e-4,3.587e-4
DZA,DZA.2_1,RICE,0.019880030699655406,0.027114198679055377,0.024932292354614884,0.02277841647401483,0.020661826386064144,0.018589252065305862,2.421751553780915,2.456177765042973,2.4258016962823334,2.4346029674873395,2.438808884700351,2.4377627276997424,0.008209,0.01104,0.01028,0.009356,0.008472,0.007626
DZA,DZA.37_1,RICE,0.005314798659206358,0.0048748810127943465,0.0044446094002965645,0.00402554061241777,0.005236326943833474,0.00484880092344281,0.30885135487453547,0.31324180606466007,0.30936787854396186,0.31049032421021544,0.31102671417461986,0.31089329544859695,0.01721,0.01556,0.01437,0.01297,0.01684,0.0156
DZA,DZA.39_1,RICE,0.852708318642449,0.8046146163197673,0.7992742566014632,0.7797643767886164,0.7356824146757177,0.6847360147763195,7.5277769282423295,7.6347874258553965,7.5403663985497476,7.5677242859485645,7.580797966652424,7.577546090331666,0.1133,0.1054,0.106,0.103,0.09705,0.09036
DZA,DZA.40_1,RICE,0.011777326268229237,0.01099725851129113,0.013015832160495918,0.015037749468499197,0.015364546276012699,0.01423716498388301,0.6575047545499261,0.6668514596446763,0.6586043669140142,0.6609939091667446,0.6621358143140671,0.6618517830306632,0.01791,0.01649,0.01976,0.02275,0.0232,0.02151
DZA,DZA.45_1,RICE,0.024167358660718136,0.02307530743659374,0.022133729806117795,0.02075596052672474,0.022016290034614912,0.030525653204544378,2.5970540906192965,2.633972300764787,2.601397409459942,2.610835775402115,2.6153461449674014,2.614224260142503,0.009306,0.008761,0.008508,0.00795,0.008418,0.01168
DZA,DZA.47_1,RICE,0.019283598965288414,0.029878741409694418,0.03281898458729976,0.03205213690725633,0.03227832734507922,0.030826887150290676,1.181894057387553,1.198695175753915,1.183870659548301,1.188165968089928,1.1902185934107052,1.1897080345384776,0.01632,0.02493,0.02772,0.02698,0.02712,0.02591
DZA,DZA.48_1,RICE,9.876280020972388e-6,6.507846525665855e-6,3.7215707378767987e-6,1.1642164219911355e-6,0,0.00201719453197017,3.834010347561996,2.970377633152951,2.8658789675611813,3.2809091287767207,0.35048806921548475,1.1104498304858401,2.576e-6,2.191e-6,1.299e-6,3.548e-7,0,0.001817
DZA,DZA.4_1,RICE,0.0012573445559868638,0.004260389410635344,0.013968806839721539,0.013626272710549113,0.01357604950959947,0.013263184362092971,2.390520152082842,2.424502395906874,2.3945180631209633,2.4032058313384193,2.4073575081856995,2.406324842639024,5.26e-4,0.001757,0.005834,0.00567,0.005639,0.005512
DZA,DZA.5_1,RICE,0.055228621442111644,0.05396846282793836,0.05569287815775522,0.059356254637370646,0.055750807935337564,0.051509779271587695,3.823420507802788,3.8777720295102087,3.8298148044742484,3.843710103010309,3.8503503341691347,3.8486986791410773,0.01444,0.01392,0.01454,0.01544,0.01448,0.01338
DZA,DZA.8_1,RICE,0.01571414088170914,0.014681146705928206,0.016237382126643767,0.018431885069401167,0.017103640807920224,0.0158495541316407,0.6587799942647403,0.66814482742542,0.6598817393424672,0.6622759161459895,0.6634200360343984,0.6631354538683273,0.02385,0.02197,0.02461,0.02783,0.02578,0.0239
ECU,ECU.10_1,RICE,361.5040920593925,328.04703640392034,288.05390889216267,354.5611047594563,332.8336453897104,310.0576501951992,392581.8340163632,441855.9060590734,458622.26935443847,480660.1529872108,571154.5854460368,537172.6081776632,9.208e-4,7.424e-4,6.281e-4,7.377e-4,5.827e-4,5.772e-4
ECU,ECU.11_1,RICE,135.52580961195264,136.66122203552348,140.30893992661777,140.1715470173624,153.46730655493442,146.3241898006506,8887.923355047786,10003.47210886113,10383.057048865969,10881.987472191106,12930.751602522898,12161.410835212479,0.01525,0.01366,0.01351,0.01288,0.01187,0.01203
ECU,ECU.12_1,RICE,101.56393411557241,110.91171921603978,111.35661648057975,146.56935312363262,143.54855110427434,167.37833700982418,10746.506797128477,12093.94488070339,12551.474163825307,13154.15154591841,15628.990477011526,14699.632883426702,0.009451,0.009171,0.008872,0.01114,0.009185,0.01139
ECU,ECU.13_1,RICE,109.22215642064921,95.89405234105132,90.28102456799351,77.34303423374679,67.26982803618445,61.729706117371855,45306.65145997218,50993.219239263715,52928.17320874034,55471.49698521398,65915.17867199608,61993.42410615764,0.002411,0.001881,0.001706,0.001394,0.001021,9.957e-4
ECU,ECU.14_1,RICE,31.7684104210837,26.89217309086724,22.583248580704286,20.08041931185215,19.4254247003357,20.263572606187886,21199.287055489192,23860.070380432164,24765.44836172777,25955.486669020243,30842.155598633195,29007.14025048203,0.001499,0.001127,9.119e-4,7.736e-4,6.298e-4,6.986e-4
ECU,ECU.15_1,RICE,32.9622469975822,32.93014993133126,34.060746168463886,34.65781650749682,36.572738751736466,38.07675811603969,1412.6252582082022,1589.9277701192757,1650.2579511098627,1729.5567005070843,2055.182135558711,1932.9050406614654,0.02333,0.02071,0.02064,0.02004,0.0178,0.0197
ECU,ECU.16_1,RICE,18.529662905647694,19.4882863940771,21.465841451191867,21.26166740364136,23.12272487448503,24.72777213087573,126.56515241440755,142.45070772490666,147.85604526740934,154.96087758310063,184.13553785617182,173.1800280499403,0.1464,0.1368,0.1452,0.1372,0.1256,0.1428
ECU,ECU.17_1,RICE,448.9732815186621,507.1262429675906,541.121001792393,534.4637099604952,532.9262599676617,534.2938594441665,2433.3079193925723,2738.7157635394906,2842.6336139354376,2979.227701658394,3540.1258326244197,3329.500365146238,0.1845,0.1852,0.1904,0.1794,0.1505,0.1605
ECU,ECU.18_1,RICE,61.40429467696625,63.98991911357108,69.27574109148667,70.37436771702373,83.29846008264542,85.27922221393452,1598.7359094604433,1799.3978391633298,1867.676564129097,1957.4228358089913,2325.9490544015143,2187.562092433343,0.03841,0.03556,0.03709,0.03595,0.03581,0.03898
ECU,ECU.19_1,RICE,26.853016795770394,25.399576380769854,25.263579708077945,26.34668687074997,27.79630041318131,28.590194765445077,13542.530639098355,15242.292504095221,15820.666155037692,16580.886543394387,19702.588869005274,18530.34418405403,0.001983,0.001666,0.001597,0.001589,0.001411,0.001543
ECU,ECU.1_1,RICE,3.8327723233349222,3.579857503461236,3.4190462960524175,3.376251874821373,3.1959231557494316,3.3809969467910674,16594.011234447662,18676.77318162843,19385.469297385334,20316.98689931908,24142.089078688216,22705.707504963557,2.31e-4,1.917e-4,1.764e-4,1.662e-4,1.324e-4,1.489e-4
ECU,ECU.20_1,RICE,9.414471100311669,7.72951083437956,5.832625606281931,3.9731702781103895,2.226803906232932,1.4512565567151774,5344.047747132226,6014.794508381757,6243.027804557304,6543.020041015118,7774.88184919405,7312.29980048779,0.001762,0.001285,9.343e-4,6.072e-4,2.864e-4,1.985e-4
ECU,ECU.21_1,RICE,11.594369066499238,10.504918832228373,10.12303520229297,9.22760440670203,8.585899858961204,14.76663932292184,21511.163072055126,24211.09085040147,25129.788415395993,26337.334123096218,31295.893906210753,29433.882495615566,5.39e-4,4.339e-4,4.028e-4,3.504e-4,2.743e-4,5.017e-4
ECU,ECU.22_1,RICE,236.3377618915035,254.15582760768396,270.88700112030483,277.6205723262914,301.98455783013657,314.3162925536868,3985.4316034758103,4485.511557041279,4655.559153844739,4879.347608651834,5797.749566209987,5452.853620113315,0.0593,0.05666,0.05819,0.0569,0.05209,0.05764
ECU,ECU.23_1,RICE,11.89685847870868,11.305825227420582,11.457455534802518,10.754035345352559,11.905837061695783,11.411761196750055,2236.1816443186754,2516.851216610072,2612.353938831067,2737.8837178202357,3253.3481923405416,3059.783775393975,0.00532,0.004492,0.004386,0.003928,0.00366,0.00373
ECU,ECU.24_1,RICE,2.3834203679049324,2.359011553112874,2.7124892893876145,2.7801855564846467,2.78448187534145,3.030486381831253,316.88374804159133,356.6567361863117,370.1901898046491,387.9787030759133,461.0238937844935,433.59436090850835,0.007521,0.006614,0.007327,0.007166,0.00604,0.006989
ECU,ECU.2_1,RICE,11.280797928778275,10.67996632275027,10.401107257324536,10.621714671276209,13.197184464581122,13.838535608653315,2887.118848047212,3249.489415883051,3372.7923282670154,3534.8629685620936,4200.375631036237,3950.4659343452176,0.003907,0.003287,0.003084,0.003005,0.003142,0.003503
ECU,ECU.3_1,RICE,4.419441498459571,4.280445341958686,4.374062822559768,4.174687891607303,4.694525016104071,4.888326245971899,13530.592442549118,15228.855910254368,15806.719705357642,16566.26993385583,19685.22037380188,18514.009061993787,3.266e-4,2.811e-4,2.767e-4,2.52e-4,2.385e-4,2.64e-4
ECU,ECU.4_1,RICE,4.392685719869654,4.048827213507981,4.048600890441357,9.246029097983627,9.419216559192666,9.288673750140209,1576.7878892679473,1774.02135638446,1840.593675264357,1929.4559144728532,2291.568466075814,2155.4748810788456,0.002786,0.002282,0.0022,0.004792,0.00411,0.004309
ECU,ECU.5_1,RICE,2.3896280525595963,2.3710635572702574,2.2285920234360037,2.096161689854667,2.2985300581063965,2.4589886484390413,481.5994391349324,542.046366128183,562.6144883888879,589.6494438494651,700.6634137806058,658.9760513631624,0.004962,0.004374,0.003961,0.003555,0.003281,0.003732
ECU,ECU.6_1,RICE,1.0132650778720003,0.9278978963478126,1.0304535436267337,0.9553510557283825,0.867444275535062,0.8062073285515441,906.7398957483601,1020.5474208954407,1059.2724183080434,1110.1729607586692,1319.1864839114057,1240.6988620812936,0.001117,9.092e-4,9.728e-4,8.605e-4,6.576e-4,6.498e-4
ECU,ECU.7_1,RICE,16.334075470019016,15.37114454583424,13.794938295229326,12.69831642030004,11.235311230069742,16.310414545209984,35001.18730861684,39371.49072377998,40842.78171722698,42797.96692122662,50827.51129806782,47811.97936107176,4.667e-4,3.904e-4,3.378e-4,2.967e-4,2.21e-4,3.411e-4
ECU,ECU.8_1,RICE,368.786629334197,343.7276893933717,324.87337923951054,320.5043997359406,298.3491955687444,305.25633740782786,78893.92943905217,88796.13281698617,92165.53040026536,96594.30189619126,114780.2207299601,107951.14336440172,0.004674,0.003871,0.003525,0.003318,0.002599,0.002828
EGY,EGY.12_1,RICE,0.004053032819925165,0.0027768370994633636,0.00153456728488975,6.929405709120276e-4,2.2650399590517449e-4,2.168092033326603e-5,81.48999145840664,71.95501786583395,72.95047137514811,105.65925458490686,109.07174127342934,104.70525490476376,4.974e-5,3.859e-5,2.104e-5,6.558e-6,2.077e-6,2.071e-7
EGY,EGY.13_1,RICE,0,0,0,0,0,0,0.0011066936781802179,9.77201763803205e-4,9.907207504414916e-4,0.001434929946581651,0.001481274011386095,0.0014219739332589697,0,0,0,0,0,0
EGY,EGY.14_1,RICE,0,0,0,0,0,0,0.5861374217665452,0.5175547070289295,0.524714758748111,0.7599809738571699,0.7845261494502259,0.7531190893130956,0,0,0,0,0,0
EGY,EGY.15_1,RICE,0,0,0,0,0,0,1.7306545224429484,1.52815425371016,1.5492953298956391,2.2439524598386225,2.3164255993564025,2.22369176485878,0,0,0,0,0,0
EGY,EGY.16_1,RICE,10.488113976841639,9.53103992333091,8.574808374795174,7.61889070848655,6.6645242210406614,5.712536752428619,1307.06573837269,1154.1287079951464,1170.0953703162672,1694.7307164760093,1749.4655907028305,1679.4289564191317,0.008024,0.008258,0.007328,0.004496,0.003809,0.003401
EGY,EGY.17_1,RICE,0,0,0,0,0.02155343356518631,0.02044812927979214,2518.523559545012,2223.8363813681576,2254.60179281036,3265.496991638235,3370.96304909959,3236.012749128955,0,0,0,0,6.394e-6,6.319e-6
EGY,EGY.19_1,RICE,0,0,0,0,0,0,280.71217193809184,247.8666273670192,251.2957100268891,363.9690998744024,375.7242434558557,360.68281505035867,0,0,0,0,0,0
EGY,EGY.1_1,RICE,1.7968127562319154,1.4897925922971398,1.2457521398253406,1.0362376102435504,0.8535771557531605,0.6863850147709345,48401.88381287702,42738.480544242324,43329.74119155184,62757.48558378671,64784.36988276421,62190.84689786444,3.712e-5,3.486e-5,2.875e-5,1.651e-5,1.318e-5,1.104e-5
EGY,EGY.20_1,RICE,0.5118019415130299,0.4642602018518582,0.4184513027048557,0.37340127515523,0.32835124760560425,0.2833012200559784,318.66000013260276,281.37425949260756,285.2668996774081,413.17194268233965,426.5161950151199,409.4414043332705,0.001606,0.00165,0.001467,9.037e-4,7.698e-4,6.919e-4
EGY,EGY.21_1,RICE,0.834228431468195,0.7018549448998995,0.5847601173821462,0.4679487807104293,0.3526858753256675,0.31665101463473233,30827.24737990278,27220.21559061726,27596.790566729298,39970.35612315106,41261.28240066088,39609.462918798105,2.706e-5,2.578e-5,2.119e-5,1.171e-5,8.548e-6,7.994e-6
EGY,EGY.23_1,RICE,3.97509058319659,3.555603908690825,3.1371128429670647,2.7186217772433046,2.300130711519545,1.881639645795785,92754.27903276055,81901.29469262963,83034.34883725048,120264.4374697737,124148.62909672155,119178.56727951452,4.286e-5,4.341e-5,3.778e-5,2.261e-5,1.853e-5,1.579e-5
EGY,EGY.24_1,RICE,0,0,0,0.0054625010878612,0.00518237282694524,0.00490224456602928,63.33793688284093,55.92689725972141,56.70061155781313,82.12344949628131,84.77579811754104,81.38195510604082,0,0,0,6.652e-5,6.113e-5,6.024e-5
EGY,EGY.25_1,RICE,0,0,0,0,0,0,1.3525957034996383,1.1943313070568058,1.2108541476613377,1.753764495845658,1.8104059894884834,1.7379297185262839,0,0,0,0,0,0
EGY,EGY.26_1,RICE,0,0,0,0,0,0,2297.261155531861,2028.463428826742,2056.5259753819523,2978.609973278113,3074.810414252678,2951.7160398224787,0,0,0,0,0,0
EGY,EGY.27_1,RICE,0,0,0,0,0,0,0.20453935340811877,0.18060663113775574,0.18310521303105343,0.2652040480997153,0.2737693676965453,0.2628095150504927,0,0,0,0,0,0
EGY,EGY.3_1,RICE,0.5341331066702693,0.4673304923628671,0.4052084850658148,0.3477670847791125,0.2918266145460188,0.23620291937902518,74418.97735909284,65711.36834839128,66620.44479871207,96491.03569664991,99607.41557430619,95619.81606186337,7.177e-6,7.112e-6,6.082e-6,3.604e-6,2.93e-6,2.47e-6
EGY,EGY.4_1,RICE,0,0,0,0,0,0,235.6263404609477,208.0561948050065,210.93452456429256,305.5111805525278,315.37830332304196,302.7527135382348,0,0,0,0,0,0
EGY,EGY.5_1,RICE,1.0151481816527474,0.8922698417639682,0.7694161418753704,0.6465870819869545,0.5237580220985385,0.4009289622101226,13593.154518207613,12002.647916706446,12168.697183930944,17624.772664068187,18194.001572038916,17465.638212948204,7.468e-5,7.434e-5,6.323e-5,3.669e-5,2.879e-5,2.296e-5
EGY,EGY.6_1,RICE,0,0,0,0,0,0,166.5392300958326,147.0528228368301,149.0872083861523,215.93339987096894,222.90742079854365,213.98373256337334,0,0,0,0,0,0
EGY,EGY.7_1,RICE,0,0,0,0,0,0,1940.3218958891193,1713.2888859784928,1736.991186173821,2515.8054566622263,2597.0586574868935,2493.0901951322544,0,0,0,0,0,0
EGY,EGY.8_1,RICE,2.2399400984026774,2.1066515808561173,1.9885052197771096,6.731841687246938,7.285989669020205,7.870198308944162,17952.991743770806,15852.349700239576,16071.657228859778,23277.701853533865,24029.5039368123,23067.52698328724,1.248e-4,1.329e-4,1.237e-4,2.892e-4,3.032e-4,3.412e-4
EGY,EGY.9_1,RICE,0.15373538302860718,0.1405889328430081,0.12769208678505342,0.697631713718342,0.6570049442248325,0.6156195082130352,6206.60718097346,5480.385046071656,5556.202809562132,8047.435967369146,8307.34474888829,7974.775495089618,2.477e-5,2.565e-5,2.298e-5,8.669e-5,7.909e-5,7.72e-5
ESP,ESP.10_1,RICE,4.074515662675385,4.001645699457768,3.677054658823195,3.5463357807828113,3.3085596254977543,3.1603018033008947,49490.67399566333,41319.55436960553,23460.25185877243,22367.64495752488,40559.014271678316,29933.383145833268,8.233e-5,9.685e-5,1.567e-4,1.585e-4,8.1570000000000007e-05,1.056e-4
ESP,ESP.11_1,RICE,3.1282817462565564,2.5138546412609344,2.0388550404579204,1.59883279987043,1.206292416047905,0.869774687930544,50024.46149018518,41768.834256341775,23718.445072048522,22615.512828912426,40999.994365639905,30261.34955878559,6.254e-5,6.018e-5,8.596e-5,7.07e-5,2.942e-5,2.874e-5
ESP,ESP.12_1,RICE,0.037225530090614856,0.035756550832633176,0.034164663144231174,0.03255487392552904,0.03189413476444905,0.03450232516354429,3.5909476780486167,2.998067026416738,1.7022305444067425,1.6229530988136882,2.942883706445102,2.171908443055118,0.01037,0.01193,0.02007,0.02006,0.01084,0.01589
ESP,ESP.13_1,RICE,0.007186959801934429,0.011038643806192633,0.010098805496194047,0.009183767455779219,0.008286962991364454,0.007569705967291595,39.26237321393708,32.779989313444645,18.61169165432657,17.74489521634184,32.17663100857292,23.74701263374313,1.83e-4,3.367e-4,5.426e-4,5.175e-4,2.575e-4,3.188e-4
ESP,ESP.14_1,RICE,0,0,0,0,0,0,0.005715054813240959,0.004771475088451572,0.0027091291041433617,0.002582957689898684,0.004683649888340081,0.0034566295346709253,0,0,0,0,0,0
ESP,ESP.15_1,RICE,0.003663952958220874,0.0033050368894014027,0.0033520327463559124,0.0029961386221321203,0.002599018348277078,0.0023456149255293448,112.05697690731303,93.55589601024776,53.1187936743106,50.644908871032406,91.83387815698548,67.77528275780423,3.27e-5,3.533e-5,6.31e-5,5.916e-5,2.83e-5,3.461e-5
ESP,ESP.16_1,RICE,0.0017153259042383864,0.001675650541144331,0.0015670629984133203,0.001458475455682308,0.0013498879129512922,0.0012413003702202768,4.992409274886418,4.168141385325812,2.366570699384087,2.2563531495468965,4.091421326125414,3.019552727430659,3.436e-4,4.02e-4,6.622e-4,6.464e-4,3.299e-4,4.111e-4
ESP,ESP.17_1,RICE,0.010122535232175501,0.009518063437521325,0.008992193080702633,0.008292279284770533,0.008121265400596158,0.007394228532266233,0.22761280265726758,0.1900329661188161,0.10789615993284865,0.10287114614909175,0.18653516240659315,0.1376667699339464,0.04447,0.05009,0.08334,0.08061,0.04354,0.05371
ESP,ESP.18_1,RICE,0.011677853848102411,0.010119464502324513,0.008415426658650523,0.006771825447964394,0.005228318572547105,0.004649070415579886,1187.6070949137413,991.5281398737375,562.965894511415,536.7470616867295,973.2777758487113,718.2989304586561,9.833e-6,1.021e-5,1.495e-5,1.262e-5,5.372e-6,6.472e-6
ESP,ESP.1_1,RICE,2.4029899309675917,2.047473206054845,1.9681255702046514,1.7759982076736847,1.6515094001245598,1.4200629188147085,39978.956119984716,33378.483385484265,18951.692393362642,18069.16535733713,32764.10716781134,24180.736146276755,6.011e-5,6.134e-5,1.038e-4,9.829e-5,5.041e-5,5.873e-5
ESP,ESP.2_1,RICE,0.14178329499165196,0.09454390046593647,0.06781003598675825,0.04648297743038519,0.031103041866765855,0.019660174628525172,6231.534744987466,5202.681998716725,2953.958044639027,2816.3842894637833,5106.91987501631,3769.011453039156,2.275e-5,1.817e-5,2.296e-5,1.65e-5,6.09e-6,5.216e-6
ESP,ESP.3_1,RICE,1.501062444852591e-4,1.3744613871871823e-4,2.9432902585427236e-4,2.7297440763121377e-4,2.5161978940815524e-4,2.3026517118509662e-4,0.44070955583542204,0.3679465439315312,0.208911221887435,0.19918166552306388,0.3611740095994689,0.266553815613981,3.406e-4,3.735e-4,0.001409,0.00137,6.967e-4,8.639e-4
ESP,ESP.4_1,RICE,0.07388530802819902,0.06426351750769989,0.05456644469577803,0.04482049264461241,0.03687613540673741,0.030037277032670683,191.9205444965901,160.23365076147545,90.97682345480446,86.73978858584033,157.2843421762161,116.07906557257171,3.85e-4,4.011e-4,5.998e-4,5.167e-4,2.345e-4,2.588e-4
ESP,ESP.5_1,RICE,0.010551865578180563,0.05085494993397999,0.07788464671876018,0.07356581924266577,0.06996938274315159,0.06660398723325643,90.12485778446806,75.2448625291425,42.72222808169758,40.732539244606926,73.85988304450095,54.510106273004254,1.171e-4,6.759e-4,0.001823,0.001806,9.473e-4,0.001222
ESP,ESP.6_1,RICE,1.324843338765522,1.2528529572747746,1.2304325591371579,1.0694442734594796,0.9161372047794204,0.7842417419418344,48245.001183005705,40279.52766611794,22870.61798553566,21805.674725038654,39538.452078815935,29180.622619974605,2.746e-5,3.11e-5,5.38e-5,4.904e-5,2.317e-5,2.688e-5
ESP,ESP.8_1,RICE,3.337827023785171e-4,3.081500446503909e-4,2.846590903841175e-4,2.6116813611784415e-4,2.3767718185157074e-4,2.141862275852973e-4,0.41795117141267835,0.3489456650467065,0.1981229786215802,0.18889585970398365,0.3425228665844579,0.2527888901097164,7.986e-4,8.831e-4,0.001437,0.001383,6.939e-4,8.473e-4
ESP,ESP.9_1,RICE,0.03794100155801016,0.04595660764542311,0.24277281666520711,0.3314552740067067,0.3134162046962675,0.2942012109391896,2199.9062675460127,1836.6924370007282,1042.82990987037,994.2625217958184,1802.8857256939323,1330.5665870936616,1.725e-5,2.502e-5,2.328e-4,3.334e-4,1.738e-4,2.211e-4
ETH,ETH.10_1,RICE,41.39619099139245,47.77519898776415,68.97491937870208,72.33363062185192,69.45538454662741,75.68568063048416,4170.311025916981,4326.544215173733,4521.31949749969,4339.447554032509,4395.871588726123,4407.695132746546,0.009926,0.01104,0.01526,0.01667,0.0158,0.01717
ETH,ETH.11_1,RICE,0.03736247594195977,0.03393472527328599,0.03428934463726704,0.034349099758758696,0.03263649505456281,0.027943270850254196,17.22421245488256,17.869567361503005,18.673399047486264,17.922392740570558,18.15511993057333,18.20409632236905,0.002169,0.001899,0.001836,0.001917,0.001798,0.001535
ETH,ETH.3_1,RICE,0.004412521766027094,0.003988682279113109,0.0034069440489813475,0.0028252058188495757,0.0022434675887178135,0.003751300394751474,551.401276075127,572.0611187218651,597.7943020857956,573.7522254417397,581.2025556023231,582.7704441199812,8.002e-6,6.972e-6,5.699e-6,4.924e-6,3.86e-6,6.437e-6
ETH,ETH.4_1,RICE,14.678713532011095,14.363248000199738,16.746366155870838,20.229309305900728,27.628418228569213,49.0968855568227,14295.268925240887,14830.846248763839,15498.269998273205,14874.89866393541,15068.192454572862,15108.776456974867,0.001027,9.685e-4,0.001081,0.00136,0.001834,0.00325
ETH,ETH.6_1,RICE,0.761070891028722,0.6957951995575409,1.002657354451198,2.9728608845972886,2.874975599296149,3.879518597123952,93.06355674275454,96.404519182726915,101.88326586684495,97.53494772005162,99.36167492284461,99.36843206557332,0.008178,0.007217,0.009841,0.03048,0.02893,0.03904
ETH,ETH.8_1,RICE,0.33112568473898935,0.9122021264027405,0.8698500978099307,0.8087908143271891,0.7520417386955063,0.6907633404251466,13960.571541211371,14483.640906596811,15135.192274413705,14526.478949627131,14715.123857240631,14754.813494430104,2.372e-5,6.298e-5,5.747e-5,5.568e-5,5.111e-5,4.682e-5
FJI,FJI.1_1,RICE,1.626921058312584,2.699491482194692,2.625567591742948,2.722883363022967,2.545125159964908,2.3675794265687813,459.21838764777874,538.1579026620735,693.2687369925641,371.93379814663956,446.2696890007165,433.26033193451224,0.003543,0.005016,0.003787,0.007321,0.005703,0.005465
FJI,FJI.5_1,RICE,0.17837685369438236,0.2788493396953971,0.2979992690193534,0.27661479558933505,0.25613384787262095,0.23647089563519477,238.00403993567306,278.9168691893118,359.30782521689366,192.76611940769166,231.29297898339647,224.55047994153068,7.495e-4,9.998e-4,8.294e-4,0.001435,0.001107,0.001053
FRA,FRA.10_1,RICE,0.001498974655037413,0.001481338661387443,0.0023141899946844016,0.0022306011106599183,0.0020899680413972947,0.0020796135314040246,0.506405687636797,0.4227959664727871,0.2400534083596261,0.22887347677915382,0.41501385723539946,0.30628872576254823,0.00296,0.003504,0.00964,0.009746,0.005036,0.00679
FRA,FRA.11_1,RICE,4.05354925872812,3.620395326825244,3.020548687556962,2.3812014356427316,1.8789616836468481,1.4924963606393211,1025.82618871049,847.46892373107,876.5605105492806,928.0828815454829,978.2460471318404,920.1611651276553,0.003951,0.004272,0.003446,0.002566,0.001921,0.001622
FRA,FRA.13_1,RICE,2.572646673321514,2.180512409734902,1.808598970615354,1.4633184727357762,1.1556243812099176,0.8699142659150115,322.6408880917055,266.5443011348651,275.69420175130097,291.8989322822785,307.6760973638898,289.40738013918707,0.007974,0.008181,0.00656,0.005013,0.003756,0.003006
FRA,FRA.1_1,RICE,0.053695029740995055,0.027433101915169823,0.012300080723001504,0.00842492502759835,0.005943476923991081,0.00499215612864091,16.26889989078595,13.440275897052691,13.90165206676223,14.718762199098286,15.514312697335765,14.59312774331565,0.0033,0.002041,8.848e-4,5.724e-4,3.831e-4,3.421e-4
GAB,GAB.1_1,RICE,0.2544629646243681,0.2460204838991955,0.21770819611038253,1.0658767544070131,1.1082927334537356,1.1289787545579664,70.40699404559544,69.21974672487825,69.19730869527584,69.6078852720358,69.341778113944,69.3811209681706,0.003614,0.003554,0.003146,0.01531,0.01598,0.01627
GAB,GAB.2_1,RICE,4.457909145567574,4.197402510168906,8.32464432068615,8.531543717046354,8.966458781097002,8.951577767642895,1074.1346868079577,1056.0219474943565,1055.6796311346498,1061.9434199622647,1057.8836680471468,1058.4838857524428,0.00415,0.003975,0.007886,0.008034,0.008476,0.008457
GAB,GAB.8_1,RICE,0.2869067412790256,0.24694819169603408,0.20811318597949954,0.16991972151543272,0.1737045217413313,0.13370891157529485,45.55159372537443,44.78347390520676,44.76895705184152,45.03459000026158,44.862425212982615,44.88787907216266,0.006299,0.005514,0.004649,0.003773,0.003872,0.002979
GAB,GAB.9_1,RICE,0,0,0.00146587956738535,0.00139070625623738,0.00131553294508942,0.00124035963394145,0.22131353258787412,0.24024917558689873,0.2614319446364255,0.2596732719050424,0.26332381736268445,0.2605095305928309,0,0,0.005607,0.005356,0.004996,0.004761
GHA,GHA10_2,RICE,1.4635442477465135,1.269699920297638,1.1148866263724722,1.1788703527967574,1.0954487483120572,1.2827950799525765,42600.22893933373,50041.90493364609,56170.307195281464,63174.72196992124,75352.0790181832,68292.8877257197,3.436e-5,2.537e-5,1.985e-5,1.866e-5,1.454e-5,1.878e-5
GHA,GHA11_2,RICE,1.3029390166198143,1.2243414758984745,1.216002112055699,1.285565017590742,1.2223897071714511,1.144957568610743,6976.170517033707,8158.943622983094,9132.880159066555,10246.706518514447,12182.372206434318,11060.242937302166,1.868e-4,1.501e-4,1.331e-4,1.255e-4,1.003e-4,1.035e-4
GHA,GHA12_2,RICE,0.0015785159625953682,0.0011869819450752296,9.49914313968708e-4,8.67313069275777e-4,7.847118245828458e-4,7.021105798899147e-4,24827.55876379437,29164.3723186075,32735.7524212203,36818.15370601001,43915.15759016333,39801.02827067836,6.358e-8,4.07e-8,2.902e-8,2.356e-8,1.787e-8,1.764e-8
GHA,GHA13_2,RICE,0.0022913918620145845,0.0018970982540836073,0.0015028046461526368,0.0011087587866181788,7.326458555282511e-4,3.7421810448633517e-4,3181.2350452527785,3712.6502379808153,4146.686109526855,4667.050118785299,5539.664516726968,5032.554978725097,7.203e-7,5.11e-7,3.624e-7,2.376e-7,1.323e-7,7.436e-8
GHA,GHA14_2,RICE,2.5571317383052263,2.2925440181012195,2.3128329477368377,2.2744843182237986,2.0154369417112443,1.7594629689272336,84726.47228512706,99490.76905194318,111648.52092280696,125558.5594366365,149698.54619944678,135702.61358888482,3.018e-5,2.304e-5,2.072e-5,1.811e-5,1.346e-5,1.297e-5
GHA,GHA15_2,RICE,6.4156705745390665,6.219712331859632,5.70191535888505,5.580707451852875,5.5419891641160115,5.183314927224656,7040.165066694423,8251.239245341409,9248.594451285984,10388.4289723655,12370.316245892507,11221.431913646675,9.113e-4,7.538e-4,6.165e-4,5.372e-4,4.48e-4,4.619e-4
GHA,GHA16_2,RICE,6.901305935833908,6.50502049243807,8.629055488726136,8.091620361056489,7.846072705866382,7.636649845501763,8588.313803565457,9791.469570371059,10782.303731269787,11914.685629439766,13883.614654882813,12742.24211626716,8.036e-4,6.644e-4,8.003e-4,6.791e-4,5.651e-4,5.993e-4
GHA,GHA1_2,RICE,0.2261707713252605,0.21055880270941008,0.18256792233519997,0.15161625009657564,0.12066457785795127,0.11687663216996319,1159.5439146311817,1362.1363765914086,1528.9772276174779,1719.6524859329859,2051.189091329075,1858.999950910567,1.951e-4,1.546e-4,1.194e-4,8.817e-5,5.883e-5,6.287e-5
GHA,GHA2_2,RICE,39.01616917392643,36.690244811430965,35.18443673020539,32.68638424261406,30.540918960400766,29.549181738507,22345.344960728504,26249.464840814675,29464.622389120934,33139.088158613806,39528.065515319526,35824.4260186443,0.001746,0.001398,0.001194,9.863e-4,7.726e-4,8.248e-4
GHA,GHA3_2,RICE,0.23374303762642196,0.21640925673563383,0.19951229753484254,0.18261533833405127,0.16571837913325999,0.16314975242608604,2240.1061843704497,2525.191259476439,2759.9672036813713,3028.2825684870086,3494.81590904281,3224.3702320386856,1.043e-4,8.57e-5,7.229e-5,6.03e-5,4.7420000000000003e-05,5.06e-5
GHA,GHA4_2,RICE,0.7693746015719544,0.723068804881366,0.6837386315725725,0.7240064023504555,0.6608528894602363,0.8599487812386919,5819.792663319786,6836.611525359213,7673.991764685801,8630.997752487616,10294.991913778022,9330.387697185557,1.322e-4,1.058e-4,8.91e-5,8.388e-5,6.419e-5,9.217e-5
GHA,GHA5_2,RICE,1.5506754896026689,1.3869828033364113,1.2098977446322239,1.0438556112389905,0.8682144400615389,0.9479167007424679,6724.177204543227,7899.007754155096,8866.515265600165,9972.2381358231,11894.813776423229,10780.311927328588,2.306e-4,1.756e-4,1.365e-4,1.047e-4,7.299e-5,8.793e-5
GHA,GHA6_2,RICE,5.722624621348064,5.659461602310757,5.418052324323439,5.952273846501986,5.515295108173825,5.510964965580176,113299.46942322154,133094.85462563435,149396.93655703313,168027.8873357746,200422.45300231135,181643.58023728288,5.051e-5,4.252e-5,3.627e-5,3.542e-5,2.752e-5,3.034e-5
GHA,GHA7_2,RICE,0.7516567877904953,0.6507333954917516,0.5510431768245673,0.45258613178894264,0.3541290867533179,0.2556720417176933,8482.956546867275,9965.076395754671,11185.645683073704,12580.582011438311,15006.027552382275,13600.016010793928,8.861e-5,6.53e-5,4.926e-5,3.597e-5,2.36e-5,1.88e-5
GHA,GHA8_2,RICE,0.1484859517602948,0.1311828352854533,0.11813483844121007,0.1019737925001596,0.0859082355160064,0.08137525088471491,3693.1355787533894,4334.947266906497,4863.402379412729,5468.720330897754,6517.135915639456,5909.185254423858,4.021e-5,3.026e-5,2.429e-5,1.865e-5,1.318e-5,1.377e-5
GHA,GHA9_2,RICE,0.4681568667866912,0.4282550734140572,0.4073470841009441,0.3977579903970407,0.4234895759479578,0.5898211407750532,21067.21363704694,24745.423765212952,27774.465788380145,31237.261233707395,37255.11759915708,33766.46877966069,2.222e-5,1.731e-5,1.467e-5,1.273e-5,1.137e-5,1.747e-5
GIN,GIN.1_1,RICE,7.515956095346555,6.8342769960545064,6.131171270660387,5.638045188586696,5.83853954457236,5.080203371541826,70804.66664171539,81595.15641006788,90605.33729867182,101327.75040362217,105499.7499381717,100206.19025410707,1.062e-4,8.376e-5,6.767e-5,5.564e-5,5.534e-5,5.07e-5
GIN,GIN.2_1,RICE,0,0,0,0,0,0,148.5099865342743,171.51319156600738,190.73059272671853,213.48104846914433,222.2502711232463,211.01964181497812,0,0,0,0,0,0
GIN,GIN.3_1,RICE,2.311461630597746,2.2023378059629275,2.288132974629529,3.090268530122837,3.1840224046317784,4.904386549387902,154105.01297527004,178260.04762606614,197934.39579077685,221451.76317248496,230556.35128979426,218961.2962867789,1.5e-5,1.235e-5,1.156e-5,1.395e-5,1.381e-5,2.24e-5
GIN,GIN.4_1,RICE,3.011107132315688,2.883054640381606,3.184530227447504,4.872886854272049,6.625737556721226,7.043177619193624,489258.8722346948,565037.5350933847,628346.8320581581,703294.5170308286,732182.5693184506,695185.3625569673,6.154e-6,5.102e-6,5.068e-6,6.929e-6,9.049e-6,1.013e-5
GIN,GIN.5_1,RICE,13.908628862333256,13.060710733067603,14.260085614872624,16.43032771426965,14.609163616894914,12.862200411171163,90023.8959111507,103967.99612774907,115617.21489173715,129408.10335306433,134723.8373710752,127916.04600661421,1.545e-4,1.256e-4,1.233e-4,1.27e-4,1.084e-4,1.006e-4
GIN,GIN.6_1,RICE,0.8689863375759904,0.9461988450765688,0.905746337851017,1.15872676080339,1.8865138635249026,1.9777544529750974,28476.91394820917,32873.22242806113,36545.99324873714,40900.47660980715,42580.38196495035,40431.930504226046,3.052e-5,2.878e-5,2.478e-5,2.833e-5,4.43e-5,4.892e-5
GIN,GIN.7_1,RICE,2.611482479127409,2.9147224171396426,6.472373661997214,8.930564245437504,8.816784581362613,8.390157257165928,20598.067749566722,23873.872207684748,26459.415441538287,29587.88472951165,30805.65265741847,29265.536029933788,1.268e-4,1.221e-4,2.446e-4,3.018e-4,2.862e-4,2.867e-4
GIN,GIN.8_1,RICE,58.66193307706742,58.730163498282515,58.499271905184735,58.64203382134318,55.009798243048756,51.59327136837518,67325.25275134009,78929.77697025966,86453.60283951488,96388.65948130313,100369.2876782821,95548.86727511635,8.713e-4,7.441e-4,6.767e-4,6.084e-4,5.481e-4,5.4e-4
GLP,GLP.1_1,RICE,2.9582669346233343,2.7438014585988215,2.5330137259157355,2.3183596476685855,2.1037055694214355,1.8890514911742855,3303.3561440915782,2729.0116886120995,2822.6928726613432,2988.604876187809,3150.1392542914123,2963.095139561166,8.955e-4,0.001005,8.974e-4,7.757e-4,6.678e-4,6.375e-4
GLP,GLP.2_1,RICE,17.936286250696195,16.898004233363707,16.082738584598925,14.757414858175288,13.432091131751651,12.242731997479757,21525.580584907413,17782.99355503748,18393.446012653458,19474.574430580826,20527.177032731746,19308.345944306733,8.333e-4,9.502e-4,8.744e-4,7.578e-4,6.544e-4,6.341e-4
GMB,GMB.2_1,RICE,0.08138501440633603,0.06819001757894211,0.05728825966049065,0.04867974065098167,0.04007122164147267,0.03146270263196368,3033.5498712930516,3034.265694173133,3336.029834936895,3552.0648860885003,3910.016573214257,3689.962775395132,2.683e-5,2.247e-5,1.717e-5,1.37e-5,1.025e-5,8.527e-6
GMB,GMB.3_1,RICE,0.07283452040791501,0.0630586067348301,0.05329720492126911,0.04355031496723203,0.03380342501319495,0.02405653505915787,1326.18152381116,1323.239558893223,1466.0460383100528,1559.02328012401,1725.5511463600112,1623.5843805465379,5.492e-5,4.765e-5,3.635e-5,2.793e-5,1.959e-5,1.482e-5
GMB,GMB.4_1,RICE,0.006742779353604376,0.005666968671427492,0.004796476908890053,0.003925985146352613,0.0030554933838151735,0.002185001621277734,3396.3550416041166,3386.813018395987,3759.2540482474533,3996.464125968263,4429.136224102218,4164.442813090148,1.985e-6,1.673e-6,1.276e-6,9.824e-7,6.899e-7,5.247e-7
GMB,GMB.5_1,RICE,1.5836268959284084e-4,9.309131092342845e-5,4.192658230769084e-5,1.3435683281771476e-5,1.7369117684417615e-6,0,4919.341756480158,4984.764083318364,5259.2396780860545,5638.537311381141,6020.756855269077,5777.736258391234,3.219e-8,1.868e-8,7.972e-9,2.383e-9,2.885e-10,0
GMB,GMB.6_1,RICE,0.00589464969747143,0.004354560415276531,0.0034466497828645,0.00317091780023534,0.00289518581760618,0.0026473942800205818,5109.102016513671,5096.019407272678,5652.027434057177,6009.4331740189145,6656.375142622928,6260.451562235837,1.154e-6,8.545e-7,6.098e-7,5.277e-7,4.349e-7,4.229e-7
GNB,GNB.1_1,RICE,0.9582856237622853,0.8954463134192202,0.9441177546286914,1.1660307602715072,1.0845274477677833,1.183760749812637,19681.206822421962,21041.27316247706,21927.810466255043,22425.974941625384,24001.83195352703,23087.64617972599,4.869e-5,4.256e-5,4.306e-5,5.199e-5,4.519e-5,5.127e-5
GNB,GNB.2_1,RICE,0.3070120310186056,0.46044160742808105,0.4026826960084379,0.34530593334146903,0.28792917067450025,0.23055240800753135,9748.90144918381,10525.105733294822,11021.156163848014,11139.239979889244,12000.26780518987,11511.050655463543,3.149e-5,4.375e-5,3.654e-5,3.1e-5,2.399e-5,2.003e-5
GNB,GNB.3_1,RICE,0,0,0,0,0,0,123.32613699201616,133.14532291517253,139.42048978112476,140.91428074306538,151.80650650721574,145.61778241963728,0,0,0,0,0,0
GNB,GNB.4_1,RICE,1.0847094388214475,0.9851002836415067,0.8889801042207779,0.7963489005592609,0.7038597966388072,0.8688962750557375,573.5285303185792,619.1926807475943,648.3753610610659,655.3222399295773,705.9765650124731,677.1958870713011,0.001891,0.001591,0.001371,0.001215,9.97e-4,0.001283
GNB,GNB.5_1,RICE,0.283580951145264,0.2670635371298434,0.2506634728869401,0.3244292343968601,0.31457720053903643,0.2931084939404059,24087.564523727397,25439.528076108913,26350.99193440579,27353.09606636414,29036.455263127347,28028.549623582927,1.177e-5,1.05e-5,9.512e-6,1.186e-5,1.083e-5,1.046e-5
GNB,GNB.6_1,RICE,0.4752168126208009,0.4685347978376216,0.4285332607055934,0.5899756865839257,0.540487103039494,0.8981362497057558,8716.394709625947,9431.598093542667,9902.97914215972,10085.159502283612,10832.927047042356,10388.555392723183,5.452e-5,4.968e-5,4.327e-5,5.85e-5,4.989e-5,8.645e-5
GNB,GNB.7_1,RICE,0.03656786653576876,0.03166623160201936,0.02696127757391213,0.11593827731250642,0.10642912052713242,0.14909812574301107,34336.327923652934,36969.77323041867,38661.15535062988,39203.08803976936,42156.90081936821,40469.47916410686,1.065e-6,8.565e-7,6.974e-7,2.957e-6,2.525e-6,3.684e-6
GNB,GNB.8_1,RICE,0.2658939853641558,2.950822246192658,13.632623548415083,15.321752165954653,14.489023894137327,13.811865724838142,4805.902789363567,5188.547167662967,5433.084478896139,5491.296098312884,5915.755823226645,5674.587105219849,5.533e-5,5.687e-4,0.002509,0.00279,0.002449,0.002434
GNB,GNB.9_1,RICE,14.251366346743934,13.822763682727043,13.317011598770486,13.609463759697602,13.668171982129259,13.418045977211872,19963.41870790517,21561.284184844102,22585.82303515811,22843.345230104074,24603.263640544694,23598.630122107203,7.139e-4,6.411e-4,5.896e-4,5.958e-4,5.555e-4,5.686e-4
GNQ,GNQ.4_1,RICE,0,0,0,0,0,0,0.001764825246071691,0.001915824149864483,0.00208474235908184,0.002070718137428379,0.0020998287603091604,0.002077386733004973,0,0,0,0,0,0
GNQ,GNQ.5_1,RICE,0.07172342926152131,0.06910843968535502,0.06616543582188238,0.16349981941444733,0.23918866756721102,0.22535617831436153,0.4621944220828309,0.5017398961908182,0.5459783012466531,0.5423054633627262,0.5499293159502856,0.5440519182513837,0.1552,0.1377,0.1212,0.3015,0.4349,0.4142
GNQ,GNQ.6_1,RICE,0,0,0,0,0,0,0.002402270430893252,0.0026078093093097627,0.002837739847840722,0.0028186501543600835,0.002858275374322822,0.002827727410028822,0,0,0,0,0,0
GRC,GRC.3_1,RICE,0.03331485191706771,0.02934071345137583,0.02605348268759817,0.02324384158304986,0.02079712141641303,0.01835040124977621,2.586753568736047,2.2081142637824076,1.9327974979508928,1.7140021211164982,2.2508653143773634,2.036071195872759,0.01288,0.01329,0.01348,0.01356,0.00924,0.009013
GRC,GRC.5_1,RICE,0.01774715573332588,0.012859858334739849,0.008087104087565472,0.00332764566165105,8.287797202910176e-4,6.209376179021681e-4,148.24747486987891,126.54814880895138,110.77021057660104,98.23167177006206,128.99805005705724,116.68866456257729,1.197e-4,1.016e-4,7.301e-5,3.388e-5,6.425e-6,5.321e-6
GRC,GRC.6_1,RICE,0.32532978699123377,0.2627210302459998,0.20975879273717662,0.15820191451087504,0.107344220252465,0.0781970789288942,23222.05917400777,20153.38295823306,17922.082614982573,16148.858968548462,20499.858166812333,18759.062654777266,1.401e-5,1.304e-5,1.17e-5,9.796e-6,5.236e-6,4.168e-6
GRC,GRC.7_1,RICE,0.7266110567232764,0.6746381639382515,0.6733492768170488,0.6289408615018233,0.6852783002294364,2.0588186617243545,1051.393363508473,897.4943384126117,785.5910539419108,696.6610491860185,914.8706248211057,827.566942921967,6.911e-4,7.517e-4,8.571e-4,9.028e-4,7.49e-4,0.002488
GRC,GRC.8_1,RICE,0.10626445843071589,0.09523559092087104,0.08554478291539823,0.07641458307610396,0.0687633344631072,0.09814352116083526,204.50467319190335,174.5700446084046,152.80393364170087,135.5063148904564,177.94987550385548,160.96858994993602,5.196e-4,5.455e-4,5.598e-4,5.639e-4,3.864e-4,6.097e-4
GTM,GTM.10_1,RICE,0.04546675506740772,0.031296878859998586,0.020538281103821554,0.012151380255552742,0.00673838354697963,0.003841547245380013,386.7864342162514,395.97103342589816,457.442243850463,839.4723677617187,519.9180198135829,650.4966278362132,1.176e-4,7.904e-5,4.49e-5,1.448e-5,1.296e-5,5.906e-6
GTM,GTM.11_1,RICE,1.4198257749376937,1.247667752543851,1.1502098746898066,1.113983468393993,1.3400238914254654,1.2658083325944902,1052.6296402552755,1076.0247082908536,1240.586166197213,2271.5626921234257,1408.232637565241,1761.4392413421294,0.001349,0.00116,9.272e-4,4.904e-4,9.516e-4,7.186e-4
GTM,GTM.12_1,RICE,197.31212364519976,141.96794946747238,92.79492703930624,60.612147139014084,65.14668988196807,52.227908856420044,377.4669322421004,399.2661753994902,426.2812474806166,594.4008854971461,472.230558026678,520.268580147118,0.5227,0.3556,0.2177,0.102,0.138,0.1004
GTM,GTM.13_1,RICE,0.05892011075978292,0.032413190750463235,0.01587856291655105,0.0063111848618944,7.637479172830365e-4,0,40.097601412601314,41.04975579461619,47.42238905138716,87.02691051615935,53.89916419369101,67.43606340814577,0.001469,7.896e-4,3.348e-4,7.252e-5,1.417e-5,0
GTM,GTM.14_1,RICE,15.64613481394835,13.143726974235932,10.801574708039093,8.524443491283778,6.393085444558009,4.414656115652469,26.187239730866803,26.809079795713743,30.970966515439343,56.836181927010415,35.20086699225758,44.04164580328402,0.5975,0.4903,0.3488,0.15,0.1816,0.1002
GTM,GTM.15_1,RICE,0.02617538120284144,0.019210946512352927,0.012858722313718549,0.007078682008582961,0.00212560730018308,0,18.40123020585686,18.838184321757286,21.76265579746231,39.9376061932993,24.73491912959394,30.947151032332705,0.001422,0.00102,5.909e-4,1.772e-4,8.594e-5,0
GTM,GTM.17_1,RICE,22.13743660111095,34.621586103044805,33.034751269211725,35.0495623074551,44.58654942536232,81.47252023900298,467.352820792836,478.4127568790454,552.6401383558832,1014.0074775007688,628.0673455801116,785.7768178643771,0.04737,0.07237,0.05978,0.03457,0.07099,0.1037
GTM,GTM.1_1,RICE,42.56236224370993,40.12799743233279,38.17327745383708,37.15799548408034,47.144811126610534,45.12680646625415,632.6613758109834,647.6845013867859,748.2321347048356,1373.11367762835,850.4229223827388,1064.0085978226696,0.06728,0.06196,0.05102,0.02706,0.05544,0.04241
GTM,GTM.20_1,RICE,0.17051858448028673,0.11755686265989694,0.06982852557204453,0.03213883441981759,0.008149187354405214,0,204.30794739261026,209.15942729507648,241.62968921372567,443.4252630854158,274.6305817467071,343.6046848135486,8.346e-4,5.62e-4,2.89e-4,7.248e-5,2.967e-5,0
GTM,GTM.22_1,RICE,0.9709198974658244,1.2841213682184212,1.1866333000097642,1.4177747532697431,2.0430080662858114,2.3907277213457285,16.11700499253747,16.242500545792293,18.55159460413378,32.89594744438554,20.41832759462146,25.56775859525182,0.06024,0.07906,0.06396,0.0431,0.1001,0.09351
GTM,GTM.4_1,RICE,6.234056038721457,5.228890064749908,4.328489620629376,3.4984812147438706,2.738839797885934,2.0003120471998455,4512.828266654933,4617.975321890949,5333.187201555233,9778.217404605964,6056.406306424226,7577.63953876992,0.001381,0.001132,8.116e-4,3.578e-4,4.522e-4,2.64e-4
GTM,GTM.6_1,RICE,1.5218096479734182,1.6348173493498883,1.581015771995348,1.4247930273311809,1.2797232191442207,8.02315769172426,2672.439586661819,2735.8991197377895,3160.62470896768,5800.201323143729,3592.291184627755,4494.503388522603,5.694e-4,5.975e-4,5.002e-4,2.456e-4,3.562e-4,0.001785
GTM,GTM.8_1,RICE,2.931177652851711,2.533098065348157,2.1353627480923487,1.7433226728512345,1.354366893179589,0.9600803339228428,3.9486963540040385,4.03691679146059,4.657418744598855,8.522566591931282,5.286123650057379,6.609183708531508,0.7423,0.6275,0.4585,0.2046,0.2562,0.1453
GTM,GTM.9_1,RICE,700.4423249514289,675.838319974811,647.884317715269,683.5181266543551,1170.9799328769725,1133.0636033201326,5337.175267671961,5461.307451727367,6306.979594575284,11562.58456693238,7161.611489673135,8960.482551662368,0.1312,0.1238,0.1027,0.05911,0.1635,0.1265
GUF,GUF.1_1,RICE,52.404357548905246,36.16773063721817,24.456316694212788,14.829188024929191,8.975623851460766,7.125654271691668,509.0875825390533,420.5740775971983,435.0114937996045,460.5805626814361,485.4749859463328,456.64920027787156,0.1029,0.086,0.05622,0.0322,0.01849,0.0156
GUF,GUF.2_1,RICE,33.970385742165774,22.59640210029769,13.171027935355937,5.8163802520462475,2.072653559070487,1.050860071417105,154.02468777973843,127.2448851867068,131.612932255997,139.3488660843194,146.88068556360955,138.15943053820376,0.2206,0.1776,0.1001,0.04174,0.01411,0.007606
GUY,GUY.10_1,RICE,0.7156135405749678,0.5099285346435478,0.33802283333492306,0.23083008737749383,0.18111722563813956,0.14001165727832873,94.18521667268672,90.26358224021115,88.09376569090117,88.2117392003669,94.03702147574123,91.00305668685529,0.007598,0.005649,0.003837,0.002617,0.001926,0.001539
GUY,GUY.2_1,RICE,0.07484438253070103,0.03391766498091071,0.006727153103007781,0,0,0,1.726297358839785,1.4037591987539852,1.517365757164773,1.6415821234731198,1.8212959464763918,1.7030524667402005,0.04336,0.02416,0.004433,0,0,0
GUY,GUY.3_1,RICE,570.5185037922511,536.3157665607014,525.6704521460244,497.34065779163075,646.0726723412891,634.3531034381124,9385.588461541845,7632.002720240154,8249.662475273544,8925.005971797122,9902.079808423216,9259.209891846142,0.06079,0.07027,0.06372,0.05572,0.06525,0.06851
GUY,GUY.4_1,RICE,403.9479631503403,358.1827197868114,315.1738652647745,397.56814217372306,660.677333971476,620.6421450951856,80671.65978076347,65634.86906739285,70887.20457102833,76707.70329301781,85088.8207034051,79566.47707123154,0.005007,0.005457,0.004446,0.005183,0.007765,0.0078
GUY,GUY.5_1,RICE,311.06555580723875,306.99408254529527,301.069240957845,318.9637254078995,396.5051942061188,437.3174751509193,65443.52968799139,53216.18336958452,57522.9814655416,62231.99490091995,69044.90395788652,64562.32125746022,0.004753,0.005769,0.005234,0.005125,0.005743,0.006774
GUY,GUY.6_1,RICE,117.58706203466882,115.00380944179922,112.83821953630166,185.48367443512635,321.91661539956516,358.45767268641373,57727.35869432623,46941.68728925922,50740.68895825044,54894.48244977674,60904.11008994818,56950.04983894718,0.002037,0.00245,0.002224,0.003379,0.005286,0.006294
GUY,GUY.7_1,RICE,71.93315084083059,66.11273902781303,63.31140355120446,74.61601274883589,73.13548141459174,66.14150145914067,26570.535146112565,21606.14620428972,23354.736641288047,25266.629346109497,28032.718528774963,26212.758301157708,0.002707,0.00306,0.002711,0.002953,0.002609,0.002523
HND,HND.10_1,RICE,26.00177328986056,24.766695769175115,23.534548839036308,22.845941536090354,21.49391855408765,20.322563929247266,263.30986487496494,215.90749666387674,205.0760304648094,136.75625700894398,94.03510760275536,122.07922380280793,0.09875,0.1147,0.1148,0.1671,0.2286,0.1665
HND,HND.12_1,RICE,14.73701415325405,12.716290360173613,10.746212659586288,8.812374533975937,6.904713039439152,5.024321448845907,631.5954976665969,517.8941041739663,491.9616678274679,328.05015450471285,225.52530940645536,292.809953944364,0.02333,0.02455,0.02184,0.02686,0.03062,0.01716
HND,HND.13_1,RICE,13.882888367396033,13.106790953768012,12.319446800837191,12.064181130649162,11.96494259912458,12.111210812358635,445.7357828466503,365.3712586237546,343.37205748858446,230.3034597119596,161.7843483419535,208.0671747392667,0.03115,0.03587,0.03588,0.05238,0.07396,0.05821
HND,HND.14_1,RICE,1.388437674470199,1.2682774027542583,1.2142775025376569,1.187112936258538,1.2212301392211649,1.2378772260459785,76.39722486670793,62.62087812368034,58.78342229934968,39.45112757350601,27.776620977952952,35.68756098525255,0.01817,0.02025,0.02066,0.03009,0.04397,0.03469
HND,HND.15_1,RICE,196.227478252666,195.14799111810987,190.56115100152044,209.56411863101272,238.5652411295946,224.12591938942467,3345.4202528266246,2743.177856187735,2606.0765601842504,1737.6925758334728,1194.3747698700695,1550.8500434136633,0.05866,0.07114,0.07312,0.1206,0.1997,0.1445
HND,HND.16_1,RICE,93.85344191109388,92.12811513060514,88.43223720936025,90.3703469080853,90.56971765169776,87.59208994802758,593.5051529748567,486.66238323819846,462.33948222483616,308.28099912766527,211.891937911868,275.13359240280505,0.1581,0.1893,0.1913,0.2931,0.4274,0.3184
HND,HND.17_1,RICE,0.49104559208873555,0.45626613514191017,0.41964841592350816,0.7159223638264851,0.8268178701175937,0.794779754266872,433.5194876848525,355.4758161107472,337.66355179599395,225.1655339646521,154.80674653269423,200.98602961088542,0.001133,0.001284,0.001243,0.00318,0.005341,0.003954
HND,HND.18_1,RICE,60.38539523118238,58.22959672493845,54.05225026564554,55.903739558150676,53.51856148741201,48.98184321243199,3647.433837575581,2990.8229696084527,2841.3446175849494,1894.5657709352524,1302.1990127218878,1690.8557065657567,0.01656,0.01947,0.01902,0.02951,0.0411,0.02897
HND,HND.1_1,RICE,22.481332832351264,26.361355475264283,27.397305927597564,29.886100360539626,30.37683697975146,31.325643163222797,554.362903118795,454.5665193610687,431.8477376445942,287.94956336295735,197.91745574493248,256.9882607849637,0.04055,0.05799,0.06344,0.1038,0.1535,0.1219
HND,HND.2_1,RICE,2.8749499048464906,2.6516326205740186,2.5524227374758626,2.595269114282189,2.850309681932469,2.792209366228834,10200.921042321452,8628.794576152883,8294.308777334047,5956.454418845328,4445.071660588414,5457.347093152516,2.818e-4,3.073e-4,3.077e-4,4.357e-4,6.412e-4,5.116e-4
HND,HND.3_1,RICE,96.83373079512965,102.0548853766621,101.81160928095174,117.35287199370785,120.68517609520222,117.60071110634794,2665.1618459719753,2185.3795357547388,2076.1564440271554,1384.3498284638822,951.5103711588117,1235.499893036692,0.03633,0.0467,0.04904,0.08477,0.1268,0.09518
HND,HND.4_1,RICE,27.62319881663481,23.216778027360238,19.196324761585323,15.850991839302663,12.375096470295306,8.996155711310251,3139.080887862664,2573.983694004157,2445.3385536448527,1630.5148954517283,1120.707931948664,1455.1964666046126,0.0088,0.00902,0.00785,0.009721,0.01104,0.006182
HND,HND.5_1,RICE,13.214790931687945,12.430289251041623,11.65232158093503,13.309634612733936,13.089091284742874,12.461405880327021,451.132527659852,369.9196712391763,351.43145465136956,234.32919776496033,161.0623683076515,209.13333669079566,0.02929,0.0336,0.03316,0.0568,0.08127,0.05959
HND,HND.6_1,RICE,93.40800794177852,94.57478750415866,92.2733631719223,96.2844710761186,101.08380671182759,97.58850863601509,11481.273186336994,9414.414927090438,8943.891849373409,5963.652297542202,4099.019550132829,5322.420405756308,0.008136,0.01005,0.01032,0.01615,0.02466,0.01834
HND,HND.7_1,RICE,16.951352659244264,16.207881647549968,17.960003286194393,17.49366565478103,17.65263381655947,17.331069098843862,1042.7894501882945,855.0665423890349,812.3311685720146,541.6501810852095,372.2944549460546,483.4101374048321,0.01626,0.01896,0.02211,0.0323,0.04742,0.03585
HND,HND.8_1,RICE,49.71113691335256,47.475181717848145,44.55917902359052,42.54043464906157,40.486767469176264,38.407678669989366,555.1894619584083,455.244281117233,432.4916255434939,288.3788981103248,198.2125520106447,257.3714320206896,0.08954,0.1043,0.103,0.1475,0.2043,0.1492
HND,HND.9_1,RICE,58.010132042839686,68.84500839065798,72.31339886226063,103.04385633357373,132.40472218417926,128.31284022423492,317.5197046588148,260.3598223533773,247.34729784959163,164.9274505946664,113.36020455446744,147.19389808761835,0.1827,0.2644,0.2924,0.6248,1.168,0.8717
HRV,HRV.11_1,RICE,0,0,0,0,0,0,0.006722481879738087,0.005451280025136847,0.00581202649738855,0.004769870021994742,0.004901571115039014,0.005063677982173072,0,0,0,0,0,0
HTI,HTI.10_1,RICE,6.772931382793609,6.287089170808286,5.8184183041238535,5.352947253497026,4.904500155587372,4.477675586773373,5334.956035297464,5190.753552729383,4688.422563755571,4554.467633362555,4520.9789007643,4596.043894883287,0.00127,0.001211,0.001241,0.001175,0.001085,9.742e-4
HTI,HTI.1_1,RICE,1.370282883656907,1.184172583583312,1.0079058540057029,0.8524000462539945,0.738337102229013,0.5520182455097075,1785.5411129990932,1737.2783982703693,1569.1546823087206,1524.3216913856143,1513.1134436548375,1538.2367309433732,7.674e-4,6.816e-4,0.00064230000000000005,5.592e-4,4.88e-4,3.589e-4
HTI,HTI.3_1,RICE,2.38408970262232,2.05300361798169,1.7655154050058486,1.4694996285313693,1.1784899492261793,0.8965967656523137,19405.14596930999,18880.629889916567,17053.472158634315,16566.23009695905,16444.419581540235,16717.45785185151,1.229e-4,1.087e-4,1.035e-4,8.87e-5,7.167e-5,5.363e-5
HTI,HTI.4_1,RICE,0.00805934003601287,0.00731209564171582,0.00656485124741876,0.00595310485602907,0.00547685646754675,0.00500060807906442,52.56994241187843,51.148990457617145,46.19908815526709,44.87911420797376,44.549120721150416,45.28880112186492,1.533e-4,1.43e-4,1.421e-4,1.326e-4,1.229e-4,1.104e-4
HTI,HTI.5_1,RICE,0.924261449593075,0.9500081344320883,1.228629237525975,1.4633151069796142,2.0938404509330177,2.352832936275104,5268.524904420122,5672.307208804653,5670.650145746458,5216.930498859877,5399.545611395594,5381.847633094752,1.754e-4,1.675e-4,2.167e-4,2.805e-4,3.878e-4,4.372e-4
HTI,HTI.6_1,RICE,3.25877480918803,3.136229579699462,2.9529257376958995,3.242108023382603,3.036557028388192,2.8327844216253193,4909.766521067933,4777.05680115959,4314.760981692533,4191.482096501318,4160.662375203513,4229.744780492541,6.637e-4,6.565e-4,6.844e-4,7.735e-4,7.298e-4,6.697e-4
HTI,HTI.7_1,RICE,2.8982281012025948,7.344717686840944,6.922860299334575,6.709554019415701,6.281478238269257,6.13362482075326,7048.802745139394,6858.275429027193,6194.5713552503685,6017.583602243215,5973.336663991427,6072.51617608281,4.112e-4,0.001071,0.001118,0.001115,0.001052,0.00101
HTI,HTI.8_1,RICE,6.230779156237072,5.830316906680411,5.641295473481254,5.415609628030458,5.669805468338692,6.769662230710349,17560.006926385035,17085.36447836039,15431.942109486805,14991.029477787182,14880.801319862274,15127.87773585095,3.548e-4,3.412e-4,3.656e-4,3.613e-4,3.81e-4,4.475e-4
HTI,HTI.9_1,RICE,0.2068782788018241,0.1789022610836452,0.15092624336546634,0.12295022564728747,0.0954049658749566,0.06832063420307369,467.95535441456974,455.30664214943766,411.24470903820173,399.49486020853885,396.55739800112315,403.1417195390453,4.421e-4,3.929e-4,3.67e-4,3.078e-4,2.406e-4,1.695e-4
HUN,HUN.10_1,RICE,0,0,0,0,0,0,0.8393695337546616,0.6806471858044616,0.7256900142768157,0.595566287578904,0.6120104947989696,0.6322511689902767,0,0,0,0,0,0
HUN,HUN.11_1,RICE,0.0033825984563119176,0.0028380065232872414,0.002303340510783637,0.0017786004188011044,0.0012538603268185727,7.291202348360399e-4,16.859171699881625,13.671151156973856,14.575859689420655,11.962257262352125,12.292547678959687,12.699092100444906,2.006e-4,2.076e-4,1.58e-4,1.487e-4,1.02e-4,5.742e-5
HUN,HUN.14_1,RICE,9.915082331189557e-5,9.312559753435216e-5,8.710037175680876e-5,8.107514597926536e-5,1.8677337532681647e-4,1.7501874159414003e-4,1.4086661100832416,1.1422914282787444,1.217884243385426,0.9995049997439015,1.0271023766876106,1.0610711480474542,7.039e-5,8.153e-5,7.152e-5,8.112e-5,1.818e-4,1.649e-4
HUN,HUN.15_1,RICE,0,0,0,0,0,0,0.07058234796668429,0.057235430378435634,0.06102306915347917,0.05008100158113119,0.05146379034027407,0.05316582293902774,0,0,0,0,0,0
HUN,HUN.16_1,RICE,0.04734581191818287,0.043752731870552786,0.04259939954067778,0.04560977926150146,0.041293707009085356,0.03745001883439627,72.42256581111421,58.707642797093676,62.57928853005095,51.353917053579565,52.781094444706994,54.52239457242259,6.537e-4,7.453e-4,6.807e-4,8.881e-4,7.824e-4,6.869e-4
HUN,HUN.17_1,RICE,6.147217391530137e-6,5.723271364528059e-6,5.29932533752598e-6,4.875379310523901e-6,4.451433283521823e-6,4.027487256519745e-6,0.14477154565365652,0.11739566564078449,0.1251644964552482,0.10272120743568645,0.10555744725683985,0.10904848853235517,4.246e-5,4.875e-5,4.234e-5,4.746e-5,4.217e-5,3.693e-5
HUN,HUN.1_1,RICE,0.004152717054281282,0.0039001565432633793,0.003533401697245381,0.003166646851227383,0.0028101499663702877,0.0024639110426740956,26.04820578128567,21.1225655057785,22.52038234071972,18.48224481755619,18.992558900153778,19.62068897312498,1.594e-4,1.846e-4,1.569e-4,1.713e-4,1.48e-4,1.256e-4
HUN,HUN.20_1,RICE,0,0,0,0,0,0,0.0014419044015607234,0.0011692444550986444,0.001246620926391937,0.001023088898211314,0.001051337451223151,0.0010861077353868508,0,0,0,0,0,0
HUN,HUN.2_1,RICE,0,0,0,0,0,0,0.07300370185781786,0.05919891326119472,0.06311648840347966,0.05179904910354539,0.05322927494914148,0.054989696413873,0,0,0,0,0,0
HUN,HUN.3_1,RICE,3.98434306101436e-4,2.9435105339119927e-4,1.9026780068096244e-4,8.618454797072565e-5,2.592676563830303e-5,1.644556611378461e-5,22.630637581708342,18.317700775349532,19.536101785015813,16.021061405081,16.476750658736478,17.017345967645674,1.761e-5,1.607e-5,9.739e-6,5.379e-6,1.574e-6,9.664e-7
HUN,HUN.4_1,RICE,8.462161208051128e-4,7.916215323660733e-4,7.370269439270338e-4,6.824323554879941e-4,6.278377670489546e-4,5.732431786099151e-4,1.2972114692445775,1.051912537240918,1.1215243963230375,0.9204234700858035,0.9458373234014978,0.9771184619826849,6.523e-4,7.526e-4,6.572e-4,7.414e-4,6.638e-4,5.867e-4
HUN,HUN.5_1,RICE,0,0,0,0,0,0,0.002843081910816817,0.0023054633552790542,0.002458030783201933,0.0020172804358691726,0.002072979655587049,0.002141538129944139,0,0,0,0,0,0
HUN,HUN.6_1,RICE,7.403595648118293e-5,5.288282605798782e-5,3.172969563479269e-5,1.0576565211597564e-5,0,0,10.324173628861216,8.356854155761638,8.912662348448812,7.30914041630936,7.516932978210419,7.763593625842196,7.171e-6,6.328e-6,3.56e-6,1.447e-6,0,0
HUN,HUN.7_1,RICE,0,0,0,0,0,0,0.005767297878906005,0.004676718552571138,0.004986207280314817,0.004092128733499747,0.004205116681723629,0.004344190108428763,0,0,0,0,0,0
HUN,HUN.9_1,RICE,0.008344380384315576,0.008791829531164247,0.010963639305959184,0.010323423524532934,0.009847654051217191,0.00891327766944994,49.04978717703158,39.7605307937635,42.39434522603406,34.78755660521916,35.753673697433634,36.934316477070276,1.701e-4,2.211e-4,2.586e-4,2.968e-4,2.754e-4,2.413e-4
IDN,IDN.10_1,RICE,191.47352272092158,183.018851796011,164.59139766068537,149.60881617187832,131.111624933687,110.58907412303259,2318082.448932064,2308160.655866445,2322314.6480487734,2289738.684559151,2254181.537839922,2268832.4259184985,8.26e-5,7.929e-5,7.087e-5,6.534e-5,5.816e-5,4.874e-5
IDN,IDN.11_1,RICE,216.2553968040415,195.30632208534317,170.38047606786301,161.18390117056137,155.68571378387847,139.50846858445738,2207404.7767813434,2197956.7032594658,2211434.908043852,2180414.2955335528,2146554.8374487464,2160506.2136578355,9.797e-5,8.886e-5,7.705e-5,7.392e-5,7.253e-5,6.457e-5
IDN,IDN.12_1,RICE,66245.79166378276,58967.81870881722,51708.4377738639,45029.43141659816,38207.61141904964,31635.36235490425,684868.5413485196,681947.3660680436,686110.4928875641,676478.2004179426,665969.1274656308,670301.9580776533,0.09673,0.08647,0.07536,0.06656,0.05737,0.0472
IDN,IDN.13_1,RICE,19241.317076119336,16916.689954464517,14668.218758660045,12725.969813417192,11110.477456339842,9398.71508927746,918606.5287683583,914674.7342407886,920283.6588210223,907374.5007553663,893283.9634944049,899089.7972978726,0.02095,0.01849,0.01594,0.01403,0.01244,0.01045
IDN,IDN.14_1,RICE,41491.176140815885,36655.66844041304,31967.668108720347,28735.149637774517,24779.18419448159,21034.464391142104,242342.65055224803,241305.38217084907,242785.1034736619,239379.46734540196,235662.16506135985,237193.83407146874,0.1712,0.1519,0.1317,0.12,0.1051,0.08868
IDN,IDN.16_1,RICE,3298.318450765669,3345.752911699048,3282.931325342988,3235.9503800689313,3136.9463344436153,3044.447825024019,1328.3585563680517,1322.6729524244558,1330.7837841296976,1312.1163895107923,1291.7406517512136,1300.1362256647012,2.483,2.53,2.467,2.466,2.428,2.342
IDN,IDN.17_1,RICE,1243.2011847039307,1130.5477879491411,1017.8091674326848,952.8589500857605,925.1325072309514,1010.2956327028693,2115782.7932391153,2106726.8776240395,2119645.6472427854,2089912.5965239545,2057458.5312080805,2070830.8324895145,5.876e-4,5.366e-4,4.802e-4,4.559e-4,4.496e-4,4.879e-4
IDN,IDN.18_1,RICE,161.37014520744606,153.86657122654142,145.30478024190538,147.42504772879045,137.9475185231933,129.2777782138287,26191.68193960647,26079.57701928105,26239.50095192029,25871.42980113379,25469.67468755747,25635.212975836923,0.006161,0.0059,0.005538,0.005698,0.005416,0.005043
IDN,IDN.19_1,RICE,433.51491718353935,406.82411873979777,376.728894358646,377.5658334581448,353.206003240052,326.74569568682284,35315.141242659476,35163.98634148061,35379.617253701486,34883.334322832605,34341.63415200648,34564.835092104055,0.01228,0.01157,0.01065,0.01082,0.01029,0.009453
IDN,IDN.1_1,RICE,3885.438629598449,3389.500600916328,2895.247672428946,2434.1361337264552,2052.67095485151,1850.1882241979215,1288021.581005566,1282508.6262801306,1290373.164228995,1272272.6242693344,1252515.6167675317,1260656.2504342925,0.003017,0.002643,0.002244,0.001913,0.001639,0.001468
IDN,IDN.20_1,RICE,292.2187548720989,265.88494380643084,243.19155080610506,272.2697156129779,281.21718298183305,279.79552518129225,653816.7795092594,651018.3308207284,655010.4742365559,645822.400901197,635793.4827463597,639925.7759980076,4.469e-4,4.084e-4,3.713e-4,4.216e-4,4.423e-4,4.372e-4
IDN,IDN.21_1,RICE,264.57989163821867,250.39804465179083,228.1312660044968,231.42723147284423,244.87944556199676,232.3888474627006,417971.7303339553,416148.5344050277,419015.71385791665,413127.7135091611,406556.0075918527,409298.7905446305,6.33e-4,6.017e-4,5.444e-4,5.602e-4,6.023e-4,5.678e-4
IDN,IDN.22_1,RICE,175.79619690714526,164.3168505055797,153.63708168910352,143.22789202359496,132.75223091116644,124.53252775332304,9326.078742544392,9286.161515510546,9343.10567022539,9212.046483457278,9068.993439629392,9127.936699362002,0.01885,0.01769,0.01644,0.01555,0.01464,0.01364
IDN,IDN.23_1,RICE,506.06033229392995,458.71322013413044,412.2859020332214,376.6583129058187,349.3877503962997,341.5447345158739,25080.363536957826,24973.01525124916,25126.1535788335,24773.699761988977,24388.991199760723,24547.505664731227,0.02018,0.01837,0.01641,0.0152,0.01433,0.01391
IDN,IDN.24_1,RICE,32430.50183175562,27903.285509607504,23617.801761245653,19530.493814090423,15661.53410388763,12272.854351916847,192104.99317964687,191282.75064462455,192455.7255631412,189756.07816842606,186809.37304534813,188023.52690588374,0.1688,0.1459,0.1227,0.1029,0.08384,0.06527
IDN,IDN.25_1,RICE,1117.8762969273585,1002.7880871631215,906.3177741152025,851.201277800546,817.4310944938314,783.2019832894996,256789.42115826166,255690.3181046381,257258.25002235448,253649.59373317604,249710.69193601323,251333.66831931027,0.004353,0.003922,0.003523,0.003356,0.003274,0.003116
IDN,IDN.26_1,RICE,3083.115658505484,2965.6003519787964,2857.0249848500457,2767.8585996961297,2628.6096060642744,2558.1475673993896,3353810.779804416,3339455.890678797,3359933.942087292,3312802.9103311333,3261358.690984675,3282555.653324938,9.193e-4,8.88e-4,8.503e-4,8.355e-4,8.06e-4,7.793e-4
IDN,IDN.27_1,RICE,2355.2949301305043,2269.363186276024,2182.509990050469,2220.7986673375785,2134.4351516405322,2093.923889991278,584028.2759073707,581528.5340622552,585094.5554758852,576887.2185014689,567928.7886129273,571620.0002473474,0.004033,0.003902,0.00373,0.00385,0.003758,0.003663
IDN,IDN.28_1,RICE,1091.7626162134934,1047.3726693269152,965.7410776908005,948.8250360086805,898.576192098555,842.1101415660789,298363.39018463076,297086.3433664158,298908.1220068226,294715.22761267703,290138.6212692189,292024.35602311156,0.003659,0.003525,0.003231,0.003219,0.003097,0.002884
IDN,IDN.29_1,RICE,492.61338984396167,463.21349589932896,430.69234553139614,439.5027140432756,726.2974999454475,678.7793475936851,238433.7889666178,237413.2511876151,238869.10535129733,235518.4003719955,231861.05625077433,233368.02023210732,0.002066,0.001951,0.001803,0.001866,0.003132,0.002909
IDN,IDN.2_1,RICE,7.022254126935261,7.303476164931162,7.0730776566082705,6.5597377017805565,6.120617333207301,6.242914427310697,304993.0337657915,303687.61092853494,305549.8695455977,301263.8089108171,296585.51023556973,298513.14607290016,2.302e-5,2.405e-5,2.315e-5,2.177e-5,2.064e-5,2.091e-5
IDN,IDN.30_1,RICE,4567.9867228302155,4114.667167510194,3621.3291447600254,3133.548422928253,2638.836027155382,2356.6559097478407,1161474.2956618622,1156502.985164299,1163594.8373580582,1147272.663715336,1129456.7693926436,1136797.5910790013,0.003933,0.003558,0.003112,0.002731,0.002336,0.002073
IDN,IDN.31_1,RICE,49943.05953824238,45883.05523913041,41295.47268561093,36998.981841659246,32977.884268538684,28879.389086202373,2245961.9768295763,2236348.8718351363,2250062.503236167,2218500.0472113667,2184049.1589037785,2198244.226713566,0.02224,0.02052,0.01835,0.01668,0.0151,0.01314
IDN,IDN.32_1,RICE,4756.593492421998,4140.333029975695,3566.034950864169,3096.3782135134907,2723.742731256422,2498.642987959234,2026374.7744698576,2017701.540610146,2030074.3933227523,2001597.7915953922,1970515.1589663574,1983322.378157239,0.002347,0.002052,0.001757,0.001547,0.001382,0.00126
IDN,IDN.33_1,RICE,1.2007793592920586,1.0611369333278897,0.9271225101751156,0.805373376162205,0.6778752347199699,0.5516057458347492,51646.11188710538,51425.05761225689,51740.403886602966,51014.622171638344,50222.42067824732,50548.83762916303,2.325e-5,2.063e-5,1.792e-5,1.579e-5,1.35e-5,1.091e-5
IDN,IDN.34_1,RICE,4218.984938046012,3656.307206882136,3104.3107430893715,2607.118158118357,2116.334750662035,1657.7238383343802,161414.70345926375,160723.82066248966,161709.4035747488,159441.04617055051,156965.100461119,157985.283654218,0.02614,0.02275,0.0192,0.01635,0.01348,0.01049
IDN,IDN.35_1,RICE,5657.835253546239,5150.533257522652,4630.470731873266,4138.1937245277995,3632.3182724344415,3176.307316963599,28766.30014900157,28644.911611994678,28817.38111547644,28411.790241954233,27969.886247224156,28152.427083567203,0.1967,0.1798,0.1607,0.1457,0.1299,0.1128
IDN,IDN.3_1,RICE,724.2093561872731,701.4582828772207,668.390810833405,668.8164231985281,648.2065493750604,636.1742844654763,31707.078727377335,31571.366956644903,31764.967380408318,31319.388475541717,30833.03250021095,31033.42954042297,0.02284,0.02222,0.02104,0.02135,0.02102,0.0205
IDN,IDN.4_1,RICE,91.70779359041202,85.70803736121204,78.93112475156873,92.92383271297666,135.4572233343874,134.14051733176436,561435.0049469697,559031.9662019737,562460.0352400556,554570.2010232552,545958.3300980398,549506.7463438306,1.633e-4,1.533e-4,1.403e-4,1.676e-4,2.481e-4,2.441e-4
IDN,IDN.5_1,RICE,1610.6971435494884,1476.4054152888202,1362.4209569556863,1299.721573866773,1268.3716949584168,1182.6907263728488,317178.0986906002,315820.5216718861,317757.1811428815,313299.8840491509,308434.6782423154,310439.32688069,0.005078,0.004675,0.004288,0.004148,0.004112,0.00381
IDN,IDN.6_1,RICE,537.3060196842524,508.2761353318045,473.52866633576457,478.80230295317784,465.10834395987104,435.8480746937326,183288.6896196651,182504.18238588976,183623.3257887403,181047.57372096475,178236.1021825887,179394.5346960326,0.002931,0.002785,0.002579,0.002645,0.00261,0.00243
IDN,IDN.7_1,RICE,0,0,0,0,0,0,15.986051316710173,15.917628257308706,16.015237574642207,15.7905859345436,15.545375341455657,15.646411371803671,0,0,0,0,0,0
IDN,IDN.8_1,RICE,3840.6226201038917,3029.822122410338,2294.44676406168,1596.326462152961,1085.3609888001483,860.7006767857569,306829.1037399273,305515.8222062098,307389.2916928739,303077.42880568875,298370.9665897153,300310.20687006623,0.01252,0.009917,0.007464,0.005267,0.003638,0.002866
IDN,IDN.9_1,RICE,528.5982263136355,490.1200319578569,440.2596671679517,419.99287252760894,488.9674681819047,489.09448937787806,2253944.4349791356,2244297.163685757,2258059.5352212456,2226384.9018813726,2191811.570372623,2206057.0894081616,2.345e-4,2.184e-4,1.95e-4,1.886e-4,2.231e-4,2.217e-4
IND,IND.10_1,RICE,1.4037688442911798,1.355601623796189,1.2682403322571603,2.460579141574334,2.271571746399343,2.1815039498245703,14011.975152346258,14973.588138216106,14837.98322370768,15933.174644511071,16708.868310720663,16190.761027930595,1.002e-4,9.053e-5,8.547e-5,1.544e-4,1.36e-4,1.347e-4
IND,IND.11_1,RICE,0.03049765908020521,0.02775382760125787,0.02500999612231051,0.21574112309793136,0.2131122752264335,0.20931867378330932,25828.034473775053,27600.559266278517,27350.601043497165,29369.348683593867,30799.171569669677,29844.153264575478,1.181e-6,1.006e-6,9.144e-7,7.346e-6,6.919e-6,7.014e-6
IND,IND.12_1,RICE,1.3358666886100632,1.1650409087179034,1.0045420518965533,0.8528421660985893,0.6953863825206795,0.7141827922960521,195895.00240885216,209338.87282221176,207443.04266511704,222754.41195344395,233599.02957219662,226355.6091188561,6.819e-6,5.565e-6,4.842e-6,3.829e-6,2.977e-6,3.155e-6
IND,IND.13_1,RICE,6.535708152812732,5.328212819346206,4.323826090956229,3.4618889329290985,4.080284816732143,3.488735696657262,19497.108014516234,20835.15436771195,20646.46550431304,22170.380954905293,23249.72794430757,22528.802197163783,3.352e-4,2.557e-4,2.094e-4,1.561e-4,1.755e-4,1.549e-4
IND,IND.15_1,RICE,8.735207049622636,8.169120950285613,7.676233238502245,14.78413145685316,14.7549112657769,14.18436979342501,72579.85662731469,77560.86265155896,76858.45024031993,82531.37182611541,86549.34462924168,83865.62931476126,1.204e-4,1.053e-4,9.987e-5,1.791e-4,1.705e-4,1.691e-4
IND,IND.16_1,RICE,6.356725727820354,5.061864442280017,4.654552203206105,5.812782613584151,5.134616450795832,4.431816399662327,484331.6823665935,517570.3678601173,512883.108878642,550739.0069646692,577551.2881935218,559642.6229845288,1.312e-5,9.78e-6,9.075e-6,1.055e-5,8.89e-6,7.919e-6
IND,IND.17_1,RICE,5.959286465531779,5.126753048712484,4.496934144522841,7.191695998960612,9.27845231240048,9.442292129183846,319403.452177921,341323.4530347965,338232.3343769797,363197.2602205479,380879.22383567784,369068.9506284805,1.866e-5,1.502e-5,1.33e-5,1.98e-5,2.436e-5,2.558e-5
IND,IND.19_1,RICE,6.565548775630668,5.790829653506601,5.218986968172501,5.182621331413075,4.78701382027812,4.974088978652771,174959.2774349647,186966.3721771857,185273.15351236015,198948.16346302,208633.79321009983,202164.4928548559,3.753e-5,3.097e-5,2.817e-5,2.605e-5,2.294e-5,2.46e-5
IND,IND.1_1,RICE,17.001974435745744,15.631295219784489,13.61757918228392,11.704387426077197,10.349349239178279,8.757374333739277,5241.855618820835,5601.593370159118,5550.863806673082,5960.573019000749,6250.758675091041,6056.93563858713,0.003244,0.002791,0.002453,0.001964,0.001656,0.001446
IND,IND.20_1,RICE,26.547963707537683,23.35144123642622,20.204584447269088,20.268180647654752,25.005793287021273,22.564535903969034,185453.82860318694,198181.14277018674,196386.36007184713,210881.6357080834,221148.23685872296,214290.88961281933,1.432e-4,1.178e-4,1.029e-4,9.611e-5,1.131e-4,1.053e-4
IND,IND.21_1,RICE,66.69614198947947,61.477244963192504,55.76186310266592,50.060293470271766,44.591957229001196,38.779254211719845,84176.42965640972,89910.24463887732,89140.15959333004,95474.70354325535,100164.63819226614,97070.5969815219,7.923e-4,6.838e-4,6.256e-4,5.243e-4,4.452e-4,3.995e-4
IND,IND.22_1,RICE,153.00638372751146,153.18438489900254,141.58033494123097,146.54481408343142,143.3231167118898,134.7737510383558,248316.42692427273,263320.8083938516,261923.4049163003,280319.67374901584,292027.5591490723,284067.83187168225,6.162e-4,5.817e-4,5.405e-4,5.228e-4,4.908e-4,4.744e-4
IND,IND.23_1,RICE,45.55626489354777,43.17301566238738,40.91468958125984,39.27390167925678,44.48807510852266,45.886720577126866,60462.65177830575,64612.07727816732,64026.934378819,68752.7520932905,72099.92565821394,69864.2572719518,7.535e-4,6.682e-4,6.39e-4,5.712e-4,6.17e-4,6.568e-4
IND,IND.24_1,RICE,1012.659915234313,949.7556800965447,883.981458589238,869.3307801401969,827.4395062663691,790.3552956284195,625359.4358600039,668276.5637288316,662224.4700032175,711103.2425641133,745722.7280883468,722599.4165060888,0.001619,0.001421,0.001335,0.001223,0.00111,0.001094
IND,IND.25_1,RICE,0,0,0,0,0,0,334.1966077423165,357.1318323872768,353.8975487171181,380.0187239034511,398.5196268151321,386.16236137093557,0,0,0,0,0,0
IND,IND.26_1,RICE,166.6801961940453,153.209164588604,144.689255824543,186.9872268177175,217.19297503904866,252.38959940105406,587678.4161807556,628009.5750909406,622322.1484063955,668255.7411079722,700789.2290882991,679059.2114390173,2.836e-4,2.44e-4,2.325e-4,2.798e-4,3.099e-4,3.717e-4
IND,IND.27_1,RICE,0,0,0,0,0,0,8139.5509057202535,8698.151514484442,8619.378672489904,9255.57494205327,9706.175090477063,9405.20677180373,0,0,0,0,0,0
IND,IND.28_1,RICE,6.617584801274892,5.122299841213532,3.9163398085788432,2.98578502190876,2.3056303858825045,1.7972132341830926,377865.2578163308,403853.69872857566,399864.3633719037,429724.22755464906,450538.3435584675,436600.3111324942,1.751e-5,1.268e-5,9.794e-6,6.948e-6,5.118e-6,4.116e-6
IND,IND.29_1,RICE,0.02023541394701985,0.015846878077216422,0.01146760113396223,0.13926871259663182,0.23973633437451786,0.3150071041694366,9376.533691309345,10021.61799651443,9921.477365472912,10663.558037678938,11179.689907872587,10833.941828439287,2.158e-6,1.581e-6,1.156e-6,1.306e-5,2.144e-5,2.908e-5
IND,IND.2_1,RICE,63.01076397825832,57.488941319531136,60.86245125545554,62.79306447362299,76.95889550132635,78.70364041265945,1772580.1334373709,1894228.6559529754,1877074.0025339776,2015620.8193617302,2113749.6818102254,2048206.6968650152,3.555e-5,3.035e-5,3.242e-5,3.115e-5,3.641e-5,3.843e-5
IND,IND.30_1,RICE,1.1495062435683886e-4,9.880198044668565e-5,8.265333653653247e-5,6.650469262637928e-5,5.03560487162261e-5,3.420740480607292e-5,384.6896467884364,410.2782053128888,406.9351070200377,436.81618134666263,458.03832278920595,443.8620721685819,2.988e-7,2.408e-7,2.031e-7,1.522e-7,1.099e-7,7.707e-8
IND,IND.31_1,RICE,26.875450725608818,23.518610236994395,20.34229329663368,19.378397495797522,16.955568680203392,14.261132586961823,1178244.2035218128,1259104.675676071,1247701.878943173,1339794.7444584488,1405021.563374624,1361454.7645391568,2.281e-5,1.868e-5,1.63e-5,1.446e-5,1.207e-5,1.047e-5
IND,IND.32_1,RICE,95.67247981842577,79.29324718198153,64.38457660617692,53.34708656301589,53.31333192083574,47.324161874598616,788889.8286302845,843029.712221535,835395.0042945757,897055.5027525873,940727.9212911838,911557.9034251503,1.213e-4,9.406e-5,7.707e-5,5.947e-5,5.667e-5,5.192e-5
IND,IND.33_1,RICE,191.45509958370027,198.9525270309096,180.2315813218746,223.3955041578151,213.1128074210019,209.15337056205135,818936.9838475187,872548.2660378804,865901.8507869098,928623.3068560887,971366.2982580952,942639.3961709447,2.338e-4,2.28e-4,2.081e-4,2.406e-4,2.194e-4,2.219e-4
IND,IND.34_1,RICE,10.614789460610073,9.265182850235163,8.110306765936738,7.21444659021,6.211731587954756,5.937151490195123,288529.7030319886,308048.44807876827,305388.2648127584,327875.1154234551,343822.17676658154,333170.20766561595,3.679e-5,3.008e-5,2.656e-5,2.2e-5,1.807e-5,1.782e-5
IND,IND.35_1,RICE,38.36517445561844,32.83009422952135,27.492419934797173,26.186189858295535,23.30881519954648,19.029863397604412,92763.05759385275,99118.22638846682,98225.61696040169,105473.55757050679,110607.85897109713,107178.49802829235,4.136e-4,3.312e-4,2.799e-4,2.483e-4,2.107e-4,1.776e-4
IND,IND.36_1,RICE,87.72946463624655,80.45533262108599,72.25805220117533,108.67968478819603,98.48908807237657,96.98631656329768,370109.1472285653,394026.82742919115,391031.3453149583,419327.37421898695,438708.2444747953,425691.9335189642,2.37e-4,2.042e-4,1.848e-4,2.592e-4,2.245e-4,2.278e-4
IND,IND.3_1,RICE,200.62444801042514,190.19392997478988,180.73782606252485,165.76834138868935,153.27687087863484,158.41203170598197,121356.85063352462,129685.32116855089,128510.8554825343,137996.24015051938,144714.47510807824,140227.1799988325,0.001653,0.001467,0.001406,0.001201,0.001059,0.00113
IND,IND.4_1,RICE,1068.421429345289,960.5515879679228,844.89832793649,745.7608094516811,646.8975747828073,554.1352172892641,1636824.049414133,1749093.1660250807,1733268.5890232094,1861181.4954171365,1951761.8311633375,1891258.8774166312,6.527e-4,5.492e-4,4.875e-4,4.007e-4,3.314e-4,2.93e-4
IND,IND.5_1,RICE,16.79189717765968,14.633871944438491,12.598435956504538,10.692604339374707,8.843350936574575,7.014609239883722,101118.58613929887,107788.43476690234,106936.01489543605,114777.53611742074,120350.803880245,116627.80070527173,1.661e-4,1.358e-4,1.178e-4,9.316e-5,7.348e-5,6.015e-5
IND,IND.6_1,RICE,0,0,0,0,0,0,153.69402570859248,164.24173003757494,162.7543119548231,174.76720639366317,183.27560588625335,177.59261022181903,0,0,0,0,0,0
IND,IND.7_1,RICE,90.48464836257253,80.13503820196641,73.17375867889398,68.22306716795818,65.93641533253337,64.5900916913769,329972.9020361628,352618.2624605996,349424.85491568124,375215.9006089853,393482.98196955916,381281.8924151232,2.742e-4,2.273e-4,2.094e-4,1.818e-4,1.676e-4,1.694e-4
IND,IND.8_1,RICE,0,0,0,0,0,0,1.242313003742265,1.3275703856548717,1.315547544703932,1.412648098256027,1.4814217235283584,1.4354859144974743,0,0,0,0,0,0
IRN,IRN.13_1,RICE,0,0,0,0,0,0,63.70518538350527,63.70518538350527,63.70518538350527,63.70518538350527,63.70518538350527,63.70518538350527,0,0,0,0,0,0
IRN,IRN.14_1,RICE,9.31933106878198e-5,5.5915986412691867e-5,1.8638662137563956e-5,0,0,0,2.025846059697258,2.025846059697258,2.025846059697258,2.025846059697258,2.025846059697258,2.025846059697258,4.6e-5,2.76e-5,9.2e-6,0,0,0
IRN,IRN.15_1,RICE,4.041425362546475e-4,0,0,0,0,0,1079.2229226235693,1079.2229226235693,1079.2229226235693,1079.2229226235693,1079.2229226235693,1079.2229226235693,3.745e-7,0,0,0,0,0
IRN,IRN.17_1,RICE,0,0,0,0,0,0,0.11577918205698251,0.11577918205698251,0.11577918205698251,0.11577918205698251,0.11577918205698251,0.11577918205698251,0,0,0,0,0,0
IRN,IRN.19_1,RICE,0,0,0,0,0,0,0.051687948556003734,0.051687948556003734,0.051687948556003734,0.051687948556003734,0.051687948556003734,0.051687948556003734,0,0,0,0,0,0
IRN,IRN.1_1,RICE,0,0,0,0,0,0,0.003590876644379616,0.003590876644379616,0.003590876644379616,0.003590876644379616,0.003590876644379616,0.003590876644379616,0,0,0,0,0,0
IRN,IRN.20_1,RICE,0.5876023492099288,0.47591740502858615,0.3721454956121578,0.2740219429707004,0.17589839032924293,0.07777483768778547,10099.490739422583,10099.490739422583,10099.490739422583,10099.490739422583,10099.490739422583,10099.490739422583,5.818e-5,4.712e-5,3.685e-5,2.713e-5,1.742e-5,7.701e-6
IRN,IRN.24_1,RICE,6.12746956057219e-5,2.0424898535240637e-5,0,0,0,0,1.5341883113018833,1.5341802627051824,1.5342083148942698,1.5343386722929853,1.53391384157845,1.5340477660460556,3.994e-5,1.331e-5,0,0,0,0
IRN,IRN.26_1,RICE,0,0,0,0,0,0,0.5781775925914578,0.5781775925914578,0.5781775925914578,0.5781775925914578,0.5781775925914578,0.5781775925914578,0,0,0,0,0,0
IRN,IRN.28_1,RICE,0,0,0,0,0,0,0.004921825241367764,0.004921825241367764,0.004921825241367764,0.004921825241367764,0.004921825241367764,0.004921825241367764,0,0,0,0,0,0
IRN,IRN.29_1,RICE,0.00941508192068637,0.00866187536703146,0.00790866881337655,0.00715546225972164,0.00640225570606673,0.00564904915241182,2.131923305695915,2.131923305695915,2.131923305695915,2.131923305695915,2.131923305695915,2.131923305695915,0.004416,0.004063,0.00371,0.003356,0.003003,0.00265
IRN,IRN.2_1,RICE,0,0,0,0,0,0,57.39760726020505,57.39760726020505,57.39760726020505,57.39760726020505,57.39760726020505,57.39760726020505,0,0,0,0,0,0
IRN,IRN.31_1,RICE,0,0,0,2.9347557946241503e-4,2.784255497463937e-4,2.633755200303725e-4,1.6584422735184412,1.6584422735184412,1.6584422735184412,1.6584422735184412,1.6584422735184412,1.6584422735184412,0,0,0,1.77e-4,1.679e-4,1.588e-4
IRN,IRN.3_1,RICE,0,0,0,0,0,0,0.02870284265904477,0.02870284265904477,0.02870284265904477,0.02870284265904477,0.02870284265904477,0.02870284265904477,0,0,0,0,0,0
IRN,IRN.5_1,RICE,0,0,0,0,0,0,22.704703534836696,22.704703534836696,22.704703534836696,22.704703534836696,22.704703534836696,22.704703534836696,0,0,0,0,0,0
IRN,IRN.6_1,RICE,0,0,0,0,0,0,5.580129636806051,5.580129636806051,5.580129636806051,5.580129636806051,5.580129636806051,5.580129636806051,0,0,0,0,0,0
IRN,IRN.7_1,RICE,0,0,0,0,0,0,72.25230090838788,72.25230090838788,72.25230090838788,72.25230090838788,72.25230090838788,72.25230090838788,0,0,0,0,0,0
IRN,IRN.8_1,RICE,0.04985869452789435,0.03582740424621933,0.021796113964544298,0.007764823682869262,6.867469968624367e-4,5.618839065238119e-4,3125.4362459259014,3126.1862077427772,3126.922749190299,3130.5959832260096,3132.0824526575434,3131.0268812762365,1.595e-5,1.146e-5,6.97e-6,2.48e-6,2.193e-7,1.795e-7
IRN,IRN.9_1,RICE,1.6678471626349507,1.1806714769768105,0.9148752402492558,0.8529533270849561,0.8090431110228545,0.7394242968845902,12351.650065645303,12351.649255715782,12351.6520786049,12351.66519645753,12351.622445783149,12351.635922589581,1.35e-4,9.559e-5,7.407e-5,6.906e-5,6.55e-5,5.986e-5
IRQ,IRQ.12_1,RICE,0.1941119993645604,0.17901803188839402,0.16392406441222768,0.14883009693606128,0.1337361294598949,0.11864216198372854,29.877382336121162,27.194773895157248,0.7633345396450241,0.825420042943426,14.651893796152109,6.1330023516777805,0.006497,0.006583,0.2147,0.1803,0.009128,0.01934
IRQ,IRQ.13_1,RICE,4.6919671211060585e-4,1.5639890403686862e-4,0,0,0,0,17.349755303075117,15.79120446787205,0.4349783209242633,0.47104896453446476,8.503999985978972,3.5546659076074643,2.704e-5,9.904e-6,0,0,0,0
IRQ,IRQ.15_1,RICE,0.03464228250912239,0.02078536950547343,0.00692845650182447,0,0,0,0.4836237324992434,0.4401791905420941,0.012125003231853084,0.013130470974289984,0.2370486581827302,0.09908616945855318,0.07163,0.04722,0.5714,0,0,0
IRQ,IRQ.16_1,RICE,0.06590129134637707,0.058332533769078,0.05307758147167607,0.047822629174274114,0.04256767687687218,0.03731272457947025,52.46106514642181,47.74842018565362,1.315259243295747,1.4243273166634873,25.713843767614403,10.748368290802771,0.001256,0.001222,0.04036,0.03358,0.001655,0.003471
IRQ,IRQ.17_1,RICE,0,0,0,0,0,0,4.371714125682887,3.9789974226038263,0.10960390142294292,0.11869282166640255,2.1428000691699665,0.8956888952558648,0,0,0,0,0,0
IRQ,IRQ.18_1,RICE,0,0,0,0,0,0,24.096306610051844,21.931704393111698,0.6041221219908982,0.6542190411041763,11.810828884584108,4.936918020441826,0,0,0,0,0,0
IRQ,IRQ.1_1,RICE,0.00234161791887405,0.00209513182215046,0.00184864572542688,0.00160215962870329,0.00135567353197971,0.00110918743525613,0.12778856052226484,0.1163091497610034,0.003203806193131224,0.0034694823103754995,0.06263569127669491,0.02618167412368152,0.01832,0.01801,0.577,0.4618,0.02164,0.04237
IRQ,IRQ.6_1,RICE,0,0,0,0,0,0,0.44074513790451814,0.4011524352529121,0.0110499875469287,0.011966309449720327,0.21603167197960418,0.09030108426804467,0,0,0,0,0,0
ITA,ITA.10_1,RICE,0.2706800722071069,0.23905565976222376,0.20765904588347447,0.17649023057085897,0.1454429656869971,0.1145172512318888,50721.70938511505,49100.622705817106,41619.33123338258,46386.36238163769,48745.652501031036,46014.34188683661,5.337e-6,4.869e-6,4.989e-6,3.805e-6,2.984e-6,2.489e-6
ITA,ITA.11_1,RICE,0,0,0,0,0,0,0.04385365951899109,0.042452078536281426,0.03598380266443639,0.040105346741445634,0.04214517360959842,0.039783700245086005,0,0,0,0,0,0
ITA,ITA.12_1,RICE,0,0,0,0,0,8.28714434630171e-5,0.16429696778547587,0.1590459691666431,0.13481268683170186,0.15025397957384026,0.15789615523080489,0.14904893660524096,0,0,0,0,0,5.56e-4
ITA,ITA.13_1,RICE,3.610573020598662,3.1786111958712473,2.6915527787520936,2.5523297617654457,2.10849132625961,1.6950718116020942,86357.99992472086,83597.96275275087,70860.4313042758,78976.70499719214,82993.59595814142,78343.3086418348,4.181e-5,3.802e-5,3.798e-5,3.232e-5,2.541e-5,2.164e-5
ITA,ITA.14_1,RICE,0.622384251222833,0.663964179625138,0.5841669651461959,0.494071727754104,0.41794668158270365,0.34594894326534253,2089.8101778721248,2023.0189856453908,1714.7786039182372,1911.1874066306418,2008.3936830718742,1895.859606644459,2.978e-4,3.282e-4,3.407e-4,2.585e-4,2.081e-4,1.825e-4
ITA,ITA.15_1,RICE,0.9531397308351721,1.0455852754065356,1.0239936151868951,0.9985010691902858,0.9925310109994601,0.9181305661253344,64.25380460832459,62.20022660380776,52.72299394908967,58.76182607196108,61.75055354553353,58.290553859864545,0.01483,0.01681,0.01942,0.01699,0.01607,0.01575
ITA,ITA.16_1,RICE,0.024237649986157926,0.020511350242075753,0.02013940334344811,0.018151453000509164,0.015101410378666486,0.013195982540083312,42.710511395161156,41.34546589633936,35.045800751818284,39.05990715018009,41.04656116382442,38.746645121454016,5.675e-4,4.961e-4,5.747e-4,4.647e-4,3.679e-4,3.406e-4
ITA,ITA.18_1,RICE,0,0,0,0,0,0,0.00483871295173651,0.004684065697018625,0.003970370863342373,0.0044251326534716804,0.004650202506124609,0.004389642911340991,0,0,0,0,0,0
ITA,ITA.1_1,RICE,4.511163601265546e-4,4.085270212988154e-4,3.659376824710763e-4,3.2334834364333714e-4,0.0011077923428398514,0.0010227910379595894,2.7782332571434822,2.689439780351482,2.279659175023517,2.540768759745199,2.6699966259273307,2.520391691946718,1.624e-4,1.519e-4,1.605e-4,1.273e-4,4.149e-4,4.058e-4
ITA,ITA.20_1,RICE,4.427143393671736e-4,0.004113206831735191,0.007032893349361573,0.006632567906431754,0.006232242463501944,0.005831917020572135,1163.0733142511876,1125.9010130879149,954.3513832902038,1063.661711825125,1117.7613747053385,1055.1311020506712,3.806e-7,3.653e-6,7.369e-6,6.236e-6,5.576e-6,5.527e-6
ITA,ITA.2_1,RICE,0.05172406737872998,0.06087916283450123,0.0617069078253698,0.0741782460144808,0.07830387610473315,0.09297430903002889,57.86827426256186,56.01878043244011,47.48339327744696,52.922087462827804,55.61379579342425,52.49765018960844,8.938e-4,0.001087,0.0013,0.001402,0.001408,0.001771
ITA,ITA.3_1,RICE,2.009548518293518e-4,1.9064947481246196e-4,1.8034409779557216e-4,1.700387207786823e-4,1.5973334376179245e-4,0.0038539651303920127,1.2011587566890165,1.1627692291317677,0.9856021172107582,1.0984918694795625,1.1543630540439933,1.0896819204377182,1.673e-4,1.64e-4,1.83e-4,1.548e-4,1.384e-4,0.003537
ITA,ITA.4_1,RICE,0.3924610034424465,0.4032160464615112,0.404924632911847,0.38389146108100514,0.36497526132401364,0.47238433095965654,536.7492746777817,519.5945472474335,440.425729394841,490.8715945324858,515.8381675382145,486.93478457141714,7.312e-4,7.76e-4,9.194e-4,7.821e-4,7.075e-4,9.701e-4
ITA,ITA.5_1,RICE,3.0134734216770675e-4,2.726475952945918e-4,2.4394784842147687e-4,2.15248101548362e-4,1.8654835467524705e-4,1.5784860780213212e-4,0.2919697103338551,0.28263823838784874,0.2395736309325869,0.26701412377837735,0.2805949210563758,0.2648726597500139,0.001032,9.647e-4,0.001018,8.061e-4,6.648e-4,5.959e-4
ITA,ITA.6_1,RICE,0.050493593195293604,0.0427911808541038,0.035790654577095994,0.029252837110099426,0.02324858681893935,0.01782873908153236,1616.9794636468273,1565.3001353869356,1326.8007863087514,1478.7710484063325,1553.9838856330573,1466.9112450313773,3.123e-5,2.734e-5,2.698e-5,1.978e-5,1.496e-5,1.215e-5
ITA,ITA.7_1,RICE,2.72171207889461e-4,2.5201037767542684e-4,2.3184954746139272e-4,2.1168871724735856e-4,1.915278870333244e-4,1.7136705681929023e-4,13.956663423919547,13.510602724502341,11.452039077440993,12.763742686686111,13.412928577992348,12.661376956199463,1.95e-5,1.865e-5,2.025e-5,1.659e-5,1.428e-5,1.353e-5
ITA,ITA.8_1,RICE,2.708842178640973e-4,1.4944689021217938e-4,7.953524208184128e-5,3.203157092815943e-5,7.871720444607509e-6,0,2.1891386818549106,2.119172909815448,1.796281888375545,2.002025985149125,2.1038524678267323,1.9859696561041336,1.237e-4,7.052e-5,4.428e-5,1.6e-5,3.742e-6,0
JPN,JPN.10_1,RICE,4.649193762258804,4.21778975181132,4.127197104939155,3.7352579795001906,3.349039875585412,2.9793799763478814,1685.1886759960018,1707.7252051916985,1681.1510822571581,1630.4800851362122,1631.445246986135,1635.601266083964,0.002759,0.00247,0.002455,0.002291,0.002053,0.001822
JPN,JPN.11_1,RICE,0.0890931847038968,0.08075598766910688,0.07241879063431697,0.06445851477709302,0.05687516009743502,0.049291805417777015,240.4205679365008,243.6357836721184,239.84453713732876,232.6154653548909,232.7531619602706,233.34608813292274,3.706e-4,3.315e-4,3.019e-4,2.771e-4,2.444e-4,2.112e-4
JPN,JPN.12_1,RICE,12.447129691530803,11.767388000560032,10.925437195399747,9.955298608675907,8.780764997734856,7.593532337757194,28676.602708108556,29060.103442103646,28607.89558160408,27745.63483065151,27762.05884495537,27832.781198014927,4.341e-4,4.049e-4,3.819e-4,3.588e-4,3.163e-4,2.728e-4
JPN,JPN.13_1,RICE,0.23501669564702224,0.24888780305844305,0.22380111436025593,0.1987144256620688,0.17362773696388162,0.15456325308287655,1708.213040258058,1731.0574811225163,1704.1202817591436,1652.7569778883055,1653.735326533464,1657.9481284111396,1.376e-4,1.438e-4,1.313e-4,1.202e-4,1.05e-4,9.323e-5
JPN,JPN.14_1,RICE,0,0,0,0,0,0,8361.356145977716,8473.175047673145,8341.322923761049,8089.909975623575,8094.698793683336,8115.319603875937,0,0,0,0,0,0
JPN,JPN.15_1,RICE,0.152611716096523,0.13755523925211954,0.12249876240771607,0.1074422855633126,0.09238580871890915,0.07732933187450568,2606.7450830530674,2641.6058600727342,2600.499504871814,2522.11874283616,2523.611709732077,2530.0404749514596,5.854e-5,5.207e-5,4.711e-5,4.26e-5,3.661e-5,3.056e-5
JPN,JPN.16_1,RICE,1.4417166689555978,1.1850750027700292,0.9800733156131841,0.7904791339203111,0.6406809350765377,0.5276200747340959,17950.687988985293,18190.747876467925,17907.679401006604,17367.930189321876,17378.2111266873,17422.481185680725,8.032e-5,6.515e-5,5.473e-5,4.551e-5,3.687e-5,3.028e-5
JPN,JPN.17_1,RICE,0,0,0,0,0,0,707.463618588543,716.9247398993604,705.7685854343566,684.4962570053236,684.9014442134957,686.6461938381249,0,0,0,0,0,0
JPN,JPN.18_1,RICE,3.195975877140365,2.8594122505611836,2.5294158019516813,2.205715490894579,1.891881971330826,1.6381299544411356,16285.707586235447,16503.501195768724,16246.688174391868,15757.002328546163,15766.329677990843,15806.493555611285,1.962e-4,1.733e-4,1.557e-4,1.4e-4,1.2e-4,1.036e-4
JPN,JPN.19_1,RICE,0,0,0,0,0,0,64.61142772266152,65.475495555533,64.4566232786567,62.51385834393497,62.550863390310624,62.71020835350573,0,0,0,0,0,0
JPN,JPN.1_1,RICE,0.01585534372917585,0.01395634532908142,0.01205734692898699,0.01015834852889257,0.008259350128798141,0.00636035172870371,490.16392893075835,496.7190368853597,488.98953057486614,474.2510651523149,474.5317978270302,475.7406420821099,3.235e-5,2.81e-5,2.466e-5,2.142e-5,1.741e-5,1.337e-5
JPN,JPN.20_1,RICE,0.00583202376090695,0.00505442059278602,0.00427681742466509,0.00349921425654416,0.00272161108842324,0.00194400792030231,630.6505008204833,639.0843774697087,629.1395065028848,610.176828811907,610.5380226726875,612.0933354770038,9.248e-6,7.909e-6,6.798e-6,5.735e-6,4.458e-6,3.176e-6
JPN,JPN.21_1,RICE,0.70952136378734465,0.7332015001809492,0.6567893566828626,0.5887478558703473,0.5255598087281586,0.5279865356787834,7552.615697440904,7653.619072667512,7534.520160551626,7307.424777279808,7311.750403627843,7330.376694870025,9.394e-5,9.58e-5,8.717e-5,8.057e-5,7.188e-5,7.203e-5
JPN,JPN.22_1,RICE,0.10996122869801372,0.09680621449289946,0.0836512002877852,0.07049618608267091,0.05734117187755665,0.04713768871964241,323.5778388701545,327.90514151385867,322.8025690888771,313.07308777005625,313.25841122374806,314.0564201927935,3.398e-4,2.952e-4,2.591e-4,2.252e-4,1.83e-4,1.501e-4
JPN,JPN.23_1,RICE,0.26753087409391846,0.2377738327048696,0.2080167913158208,0.178259749926772,0.1485027085377232,0.11960723366787282,2682.85365476429,2718.7322543416585,2676.425725789329,2595.756497617514,2597.2930543445964,2603.90951882997,9.972e-5,8.746e-5,7.772e-5,6.867e-5,5.718e-5,4.593e-5
JPN,JPN.24_1,RICE,0.5488245805959412,0.46844236211286655,0.3884772086951276,0.30892912034272435,0.22938103199032117,0.1498329436379179,9575.086607073763,9703.137087085506,9552.145371896784,9264.237440392862,9269.721400992936,9293.3355181355455,5.732e-5,4.828e-5,4.067e-5,3.335e-5,2.475e-5,1.612e-5
JPN,JPN.25_1,RICE,0.18265401769021983,0.13990436020587155,0.0971547027215233,0.0558281619367223,0.017938224947047717,0,3384.9414951769595,3430.2093241853017,3376.8314130348517,3275.0514977056023,3276.990162759493,3285.338119103714,5.396e-5,4.079e-5,2.877e-5,1.705e-5,5.474e-6,0
JPN,JPN.26_1,RICE,1.2189280048815951,1.1022118128241654,0.9878252484134873,0.8734386840028093,0.8151612803920141,0.7034886074533585,1994.5382585196928,2021.2118116567008,1989.759484902713,1929.7868279565494,1930.9291642793335,1935.848102563119,6.111e-4,5.453e-4,4.965e-4,4.526e-4,4.222e-4,3.634e-4
JPN,JPN.27_1,RICE,0.00141345312724172,8.377274584122151e-4,4.1239846799809353e-4,1.374661559993645e-4,0,0,682.8327819097688,691.9645077185676,681.196762510762,660.6650449535052,661.0561252879291,662.7401302439697,2.07e-6,1.211e-6,6.054e-7,2.081e-7,0,0
JPN,JPN.28_1,RICE,0.16232925411611757,0.14125456929362992,0.12100348868429757,0.100978987440738,0.08118106556295115,0.06138314368516434,457.1000409636507,463.2129757140833,456.00486136168166,442.2605755202378,442.5223714410272,443.64967340247705,3.551e-4,3.049e-4,2.654e-4,2.283e-4,1.835e-4,1.384e-4
JPN,JPN.29_1,RICE,2.076299702843784,1.830208281015078,1.6029091469868681,1.385545390585768,1.1783467846258298,0.9901819996235391,18514.822226738987,18762.42644910858,18470.462012738437,17913.750163727567,17924.35419894682,17970.015528068772,1.121e-4,9.755e-5,8.678e-5,7.735e-5,6.574e-5,5.51e-5
JPN,JPN.2_1,RICE,1.7973454504653708,1.5638936627763291,1.5059448894663046,1.3464459243606994,1.127296921392225,0.9231276761008644,30647.773977437435,31057.635770875735,30574.344062981323,29652.81326403011,29670.366231629177,29745.9498952097,5.865e-5,5.035e-5,4.926e-5,4.541e-5,3.799e-5,3.103e-5
JPN,JPN.30_1,RICE,4.298817151586122,4.023795389896963,3.751101646026768,3.480735919975534,3.210370193924301,2.9400044678730675,972.8186268624867,985.8284195929334,970.4878217409006,941.2366817688037,941.7938463397007,944.193015554136,0.004419,0.004082,0.003865,0.003698,0.003409,0.003114
JPN,JPN.31_1,RICE,0.10267112551832348,0.08243851161800897,0.18846065193196615,0.16506892856413177,0.146726618226527,0.1318578310632307,303.3977662345736,307.455194767087,302.67084649034746,293.5481485050389,293.7219141809495,294.4701549736099,3.384e-4,2.681e-4,6.227e-4,5.623e-4,4.995e-4,4.478e-4
JPN,JPN.32_1,RICE,0.7996038868127283,0.74090385491592,0.7099838846972036,0.6519835063179653,0.5950142628306303,0.538511691323412,968.4188038090703,981.3697563976909,966.0985403545778,936.979696204574,937.5343408550499,939.9226592081559,8.257e-4,7.55e-4,7.349e-4,6.958e-4,6.347e-4,5.729e-4
JPN,JPN.33_1,RICE,0.00131433722645493,9.388123046106712e-4,5.632873827664027e-4,1.877624609221342e-4,0,0,63.939645705474504,64.79472959769939,63.78645080401238,61.8638853075753,61.900505602745525,62.058193814425046,2.056e-5,1.449e-5,8.831e-6,3.035e-6,0,0
JPN,JPN.34_1,RICE,0.00421018328645252,0.0014033944288175,0,0,0,0,4466.403455789846,4526.133997132154,4455.702266727091,4321.404475700488,4323.962528862899,4334.9775910486815,9.426e-7,3.101e-7,0,0,0,0
JPN,JPN.35_1,RICE,0.14806616399361733,0.09173227763436834,0.03539839127511933,0.00542358607162112,0.0018078620238737,0,312.25143446321215,316.42726573327406,311.5033019515879,302.11438796108456,302.2932244180466,303.06330016294,4.742e-4,2.899e-4,1.136e-4,1.795e-5,5.98e-6,0
JPN,JPN.36_1,RICE,1.3821392368886924,1.2148990855915063,1.04765893429432,0.880418782997134,0.7214710004074204,0.5708155865251795,730.2697860680026,740.0359010371349,728.5201109379153,706.5620365961831,706.9802856312638,708.7812799179553,0.001893,0.001642,0.001438,0.001246,0.00102,8.053e-4
JPN,JPN.37_1,RICE,0.15464926524259207,0.13257165534361043,0.11563548215786652,0.09869930897212266,0.08513489858775304,0.09186232488004428,730.9483329112276,740.7235222890364,729.1970320305495,707.2185548427566,707.6371925034764,709.4398602251249,2.116e-4,1.79e-4,1.586e-4,1.396e-4,1.203e-4,1.295e-4
JPN,JPN.38_1,RICE,0.18506451708008628,0.1390752532374396,0.09394299440915266,0.06483759802528824,0.05218434574935335,0.04308619091019895,7491.076758194165,7591.257154889787,7473.128664282245,7247.88366100515,7252.174042019952,7270.648565682389,2.47e-5,1.832e-5,1.257e-5,8.946e-6,7.196e-6,5.926e-6
JPN,JPN.39_1,RICE,0.76296897620662,0.6465032546472885,0.5362659914154214,0.5159527643151959,0.5147920137151835,0.40628782426029336,8099.321146537458,8207.635776278477,8079.915741780144,7836.38177769434,7841.020519867402,7860.995098289351,9.42e-5,7.877e-5,6.637e-5,6.584e-5,6.565e-5,5.168e-5
JPN,JPN.3_1,RICE,0.562826028838817,0.4840223937214074,0.4247744054245751,0.37298188465472837,0.3270069276493118,0.2822839378336317,19586.526718394507,19848.463163564662,19539.598775683793,18950.662442860103,18961.88027777103,19010.184648825314,2.874e-5,2.439e-5,2.174e-5,1.968e-5,1.725e-5,1.485e-5
JPN,JPN.40_1,RICE,0.01293014922465199,0.01022769869478472,0.00752524816491746,0.005253185247656891,0.00361028966277497,0.00216617379766498,82.19190168551556,83.2910784236281,81.99497566034337,79.52359327272417,79.57066722296454,79.77336922183123,1.573e-4,1.228e-4,9.178e-5,6.606e-5,4.537e-5,2.715e-5
JPN,JPN.42_1,RICE,0.3643288730835157,0.3339605265817295,0.30359218007994326,0.27322383357815694,0.2428554870763707,0.21248714057458443,3355.4069890242295,3400.2798443007437,3347.3676694850396,3246.4758107262805,3248.3975604169236,3256.6726786431555,1.086e-4,9.822e-5,9.07e-5,8.416e-5,7.476e-5,6.525e-5
JPN,JPN.43_1,RICE,0.00655406418498839,0,0,0,0,0,1757.9347278817659,1781.4441116578116,1753.7228397106112,1700.8644821841694,1701.8713080418158,1706.2067337457038,3.728e-6,0,0,0,0,0
JPN,JPN.44_1,RICE,0.07687281618580669,0.05527264431597757,0.03367247244614844,0.01207230057631932,6.361073207023821e-4,0,377.5949583714074,382.64464801429295,376.6902673647234,365.3365754481711,365.55283624658165,366.4840624532306,2.036e-4,1.444e-4,8.939e-5,3.304e-5,1.74e-6,0
JPN,JPN.45_1,RICE,0.4527196249577523,0.39883752592470495,0.34983706832943434,0.30086624037406967,0.2529692215549246,0.2061460118719992,8342.109199049286,8453.670705601036,8322.122091165995,8071.287868726296,8076.065663439434,8096.639006734026,5.427e-5,4.718e-5,4.204e-5,3.728e-5,3.132e-5,2.546e-5
JPN,JPN.46_1,RICE,0.04841289127218846,0.043202898375207285,0.0379929054782261,0.03278291258124492,0.02757291968426374,0.02236292678728255,1010.359962040565,1023.8718062079445,1007.939210515931,977.5592611031936,978.1379268062934,980.6296806126977,4.792e-5,4.22e-5,3.769e-5,3.354e-5,2.819e-5,2.28e-5
JPN,JPN.47_1,RICE,0.2540728056447167,0.2058955902018349,0.16016918473995223,0.11596771612869504,0.07176624751743786,0.03737277199301003,41.07106721747799,41.62032281041512,40.97266382431081,39.73772084233226,39.761243565798516,39.862533197135,0.006186,0.004947,0.003909,0.002918,0.001805,9.375e-4
JPN,JPN.4_1,RICE,3.0001423824925806,2.7809574212537473,2.563246899739515,2.351758931284016,2.1576688075310932,1.9756391476929647,9994.44293067058,10128.101587478643,9970.496947188192,9669.97962460047,9675.703764078333,9700.352099474652,3.002e-4,2.746e-4,2.571e-4,2.432e-4,2.23e-4,2.037e-4
JPN,JPN.5_1,RICE,0.004672109332166358,0.004027259782791317,0.0034505287827359516,0.002941916332000252,0.002433303881264543,0.001924691430528844,707.7389106241058,717.2037134971632,706.0432178895323,684.7626118580328,685.1679567348231,686.9133852857788,6.601e-6,5.615e-6,4.887e-6,4.296e-6,3.551e-6,2.802e-6
JPN,JPN.6_1,RICE,0,0,0,0,0,0,1296.9411628204011,1314.2855425906532,1293.8337828615624,1254.836783378126,1255.5795833682866,1258.7781048859185,0,0,0,0,0,0
JPN,JPN.7_1,RICE,0,0,0,0,0.01447825240822208,0.01373577792574916,4753.53060753074,4817.100985640443,4742.141481973613,4599.210224981775,4601.932725114953,4613.655901438421,0,0,0,0,3.146e-6,2.977e-6
JPN,JPN.8_1,RICE,2.006439013469467,1.7674034178137026,1.534186164637724,1.3031427327689962,1.072099300900268,0.8431379853971063,7657.67944105695,7760.087864963946,7639.332178815226,7409.0776925147,7413.463492253757,7432.348892123464,2.62e-4,2.278e-4,2.008e-4,1.759e-4,1.446e-4,1.134e-4
JPN,JPN.9_1,RICE,0.37881348891680633,0.32377408390690476,0.26873467889700325,0.21645902592949132,0.16694712500436903,0.1287311806870887,206.52059254635336,209.28245383211276,206.02578370786253,199.8160313523007,199.93431234954951,200.44363426640274,0.001834,0.001547,0.001304,0.001083,8.35e-4,6.422e-4
KAZ,KAZ.10_1,RICE,0.049760350135542634,0.04416097310028448,0.038902972321789075,0.033765585936361475,0.028969896122707013,0.02448933746588628,21.907876833733,19.822305512819046,16.974298054455506,19.090896316693872,20.184735191314296,19.030934124871063,0.002271,0.002228,0.002292,0.001769,0.001435,0.001287
KAZ,KAZ.11_1,RICE,0.01616520092297576,0.010507805938136496,0.007525509988653117,0.006109443443144459,0.005160334259385757,0.00440480853927864,1986.5701147042985,1797.4539493334685,1539.201333337001,1731.1309705405215,1830.3184744284758,1725.6936979471343,8.137e-6,5.846e-6,4.889e-6,3.529e-6,2.819e-6,2.552e-6
KAZ,KAZ.12_1,RICE,0.053887511201565444,0.038000409878691147,0.02683258982791521,0.0217332700484199,0.01914227756071861,0.01681247952342504,586.9896482546387,532.9600498951228,458.35017702001016,514.2043879205474,543.8686738842388,512.8930399834695,9.18e-5,7.13e-5,5.854e-5,4.227e-5,3.52e-5,3.278e-5
KAZ,KAZ.13_1,RICE,0.030940586901343756,0.028180813500861372,0.02544383298609323,0.022731798318050132,0.020022619682227075,0.017338925073159234,3.305544670518783,2.9908656526863076,2.561147339632089,2.8805078216391067,3.045550435756803,2.871460495642307,0.00936,0.009422,0.009935,0.007892,0.006574,0.006038
KAZ,KAZ.14_1,RICE,0.01801488050849305,0.009572750945083468,0.005385195589348398,0.0022876659030377673,0.0010590941683499841,9.118056909901182e-4,2.5387949808117116,2.297108484130829,1.9670670522073854,2.2123491069381047,2.3391086585723864,2.205400386494149,0.007096,0.004167,0.002738,0.001034,4.528e-4,4.134e-4
KAZ,KAZ.1_1,RICE,0.18782546912497214,0.16328005731987352,0.1442688181480259,0.127833983034283,0.11202765885601668,0.09678992105605551,568.7686048695309,514.623353846134,440.68386436273283,495.634631605907,524.0326920565649,494.0779032909356,3.302e-4,3.173e-4,3.274e-4,2.579e-4,2.138e-4,1.959e-4
KAZ,KAZ.2_1,RICE,0.058325663203271795,0.04938586495825308,0.04047478983577261,0.03157321036704916,0.022687436579334218,0.013825864678387922,5.196784527874734,4.7020645303797455,4.026486462855365,4.528566385268943,4.78803675671373,4.5143427070418305,0.01122,0.0105,0.01005,0.006972,0.004738,0.003063
KAZ,KAZ.3_1,RICE,9.357953470447298e-4,8.538010229920913e-4,7.718066989394526e-4,6.898123748868143e-4,6.082642620567141e-4,5.271623604491522e-4,0.839076539510395,0.7591986955670657,0.650119378534212,0.7311855612086589,0.77307983260082,0.7288889959687689,0.001115,0.001125,0.001187,9.434e-4,7.868e-4,7.232e-4
KAZ,KAZ.4_1,RICE,0.24578750533175217,0.2158932147908728,0.18599892424999342,0.15610463370911398,0.1262103431682346,0.09631605262735518,0.05252090413509623,0.04752105443519433,0.04069337652592143,0.045767608742361646,0.04838992614487335,0.045623858229595984,4.68,4.543,4.571,3.411,2.608,2.111
KAZ,KAZ.5_1,RICE,0.0025895613733657894,0.0015461666219308751,0.0010034364821975628,5.452782822316013e-4,4.8682447880550475e-4,4.4495196969341537e-4,5.559721972049963,5.030451299900268,4.307691638478168,4.8448362442233455,5.122427727472219,4.82961920069605,4.658e-4,3.074e-4,2.329e-4,1.125e-4,9.504e-5,9.213e-5
KAZ,KAZ.7_1,RICE,0.02210978384354354,0.018734775683231474,0.015998191151403194,0.013680969853720554,0.01181679169752839,0.014555783371466144,23.431330822244714,21.200730753392953,18.15467542600569,20.418460021687327,21.58836346472653,20.354328113146387,9.436e-4,8.837e-4,8.812e-4,6.7e-4,5.474e-4,7.151e-4
KAZ,KAZ.8_1,RICE,0.39280493468385536,0.35372548076629934,0.315004842363465,0.27700061720150554,0.23999921193804089,0.20315210170291284,4.416780306005815,3.996314625698551,3.4221365184851216,3.8488574459090863,4.069382969036369,3.836768651090771,0.08893,0.08851,0.09205,0.07197,0.05898,0.05295
KAZ,KAZ.9_1,RICE,7.740355952842294e-4,6.786134877521091e-4,5.843309415016072e-4,4.947732976419665e-4,4.198466754237909e-4,3.552548792047461e-4,0.8253396360033742,0.7467695085589934,0.6394759786172272,0.7192149899590907,0.7604233911874325,0.7169560228328561,9.378e-4,9.087e-4,9.138e-4,6.879e-4,5.521e-4,4.955e-4
KEN,KEN.11_1,RICE,0,0,0,0,0,0,159.06149699539463,163.5548589813887,169.0937410067853,201.4222054715743,248.10392780277843,227.2145376588165,0,0,0,0,0,0
KEN,KEN.14_1,RICE,0.5931078056350237,0.5733590360128329,0.5252561508249147,0.4771532656369966,0.530136369197953,0.48527966391937977,3688.599532763594,3792.799563790306,3921.244964071571,4670.934619785284,5753.473024314852,5269.052871227991,1.608e-4,1.512e-4,1.34e-4,1.022e-4,9.214e-5,9.21e-5
KEN,KEN.15_1,RICE,0,0,0,0,0,0,15535.509338598495,15974.37523898126,16515.356903660522,19672.872525494644,24232.268400156132,22192.00522025821,0,0,0,0,0,0
KEN,KEN.16_1,RICE,0,0,0,0,0,0,278.6299172738241,286.5009929400812,296.2035185020681,352.8336744453051,434.6066030109128,398.01440969161274,0,0,0,0,0,0
KEN,KEN.17_1,RICE,0,0,0,0.0019997746270795065,0.0018972220821010647,0.001794669537122633,8460.182693843704,8699.176190253354,8993.778936610373,10713.269327119324,13196.182582969699,12085.11510077435,0,0,0,1.867e-7,1.438e-7,1.485e-7
KEN,KEN.19_1,RICE,1.9772315451617168,1.606740522388224,1.302689128712979,1.0173824973209524,0.748913247322533,0.5158210419586019,73.95412825265115,76.01928720708578,78.59187715450702,93.56497884442369,115.23520249375791,105.53983939253773,0.02674,0.02114,0.01658,0.01087,0.006499,0.004887
KEN,KEN.20_1,RICE,6.136118822548833e-5,5.645229316744927e-5,5.154339810941021e-5,4.6634503051371136e-5,4.172560799333207e-5,3.6816712935293e-5,0.03049585003223513,0.031357333771882,0.03241926842472654,0.03861739947915257,0.047567389453785205,0.043562399427106664,0.002012,0.0018,0.00159,0.001208,8.772e-4,8.451e-4
KEN,KEN.21_1,RICE,0.025467493738037708,0.02368156813257415,0.02189564252711057,0.020109716921647,0.01832379131618344,0.01653786571071987,518.3139833867474,532.9559451044006,551.0048133743609,656.3495731687872,808.46551517794,740.3958489132608,4.914e-5,4.443e-5,3.974e-5,3.064e-5,2.266e-5,2.234e-5
KEN,KEN.26_1,RICE,3.3608550106380163e-4,3.099906031893552e-4,2.838957053149087e-4,0.0017068537493669512,0.0019268007327480784,0.002769294498710204,0.3265553767999825,0.3357803089435389,0.3471517076856644,0.4135224768163591,0.5093606759625665,0.4664744791239888,0.001029,9.232e-4,8.178e-4,0.004128,0.003783,0.005937
KEN,KEN.27_1,RICE,0,0,0,0,0,0,1515.4369621469411,1556.2129532694814,1608.7583142538863,1911.8700271459647,2353.7410171125066,2156.158242377087,0,0,0,0,0,0
KEN,KEN.28_1,RICE,8.555851679883585e-4,7.879892142010223e-4,7.203932604136859e-4,6.527973066263495e-4,5.852013528390131e-4,5.176053990516769e-4,0.3124838068992043,0.3213112282782465,0.3321926230466587,0.3957034150232701,0.4874118585008807,0.4463736671139547,0.002738,0.002452,0.002169,0.00165,0.001201,0.00116
KEN,KEN.29_1,RICE,0,0,0,0,0,0,1068.84838972302,1099.0425147243172,1136.2622394568357,1353.500401036618,1667.1884065295455,1526.8175975064412,0,0,0,0,0,0
KEN,KEN.32_1,RICE,0,0,0,0,0,0,2232.4357702753123,2295.5003221361494,2373.238798099244,2826.9703537085747,3482.150574684725,3188.966978041174,0,0,0,0,0,0
KEN,KEN.33_1,RICE,0,0,0,0,0,0,11.82708572464755,11.205483234324765,11.51132701608404,11.61578966162819,13.732226314491044,12.85471906405893,0,0,0,0,0,0
KEN,KEN.35_1,RICE,2.196675081735627e-5,2.0635432586001347e-5,1.9304114354646426e-5,1.7972796123291498e-5,1.664147789193657e-5,1.5310159660581645e-5,0.018588451635401015,0.019113560750647293,0.019760852789186687,0.023538863869818665,0.028994244047938895,0.026553040955305477,0.001182,0.00108,9.769e-4,7.635e-4,5.74e-4,5.766e-4
KEN,KEN.36_1,RICE,0.06723053587380852,0.06186029492235914,0.05654527265322124,0.06106519167462188,0.05518478608817457,0.049323967840079995,94804.12267130947,97482.26445278102,100783.558989276,120052.02916457977,147875.354192909,135424.82189473536,7.092e-7,6.346e-7,5.611e-7,5.087e-7,3.732e-7,3.642e-7
KEN,KEN.38_1,RICE,0,0,0,0,0,0,1940.079181104675,1994.8848896316522,2062.4428461896614,2456.754367519273,3026.1331256954295,2771.3444327067855,0,0,0,0,0,0
KEN,KEN.39_1,RICE,0.043504755245187,0.03764320470294009,0.03178165416069318,0.02592010361844628,0.020058553076199366,0.014197002533952452,1.318595043697449,1.1848362893156295,1.2117854445035687,1.068355983611146,1.2129566754698726,1.160697878114053,0.03299,0.03177,0.02623,0.02426,0.01654,0.01223
KEN,KEN.3_1,RICE,0,0,0,0,0,0,52.789324523845245,54.2805813557146,56.11882534474496,66.84799509497532,82.34072360579349,75.40795347446026,0,0,0,0,0,0
KEN,KEN.40_1,RICE,0.5286336916794432,0.4864419281868237,0.4417927032186525,0.3971434782504814,0.35253542324344783,0.30796853819755204,2571.4855114945353,2644.127951451067,2733.6729082585416,3256.314650920361,4010.999944934524,3673.2892788472423,2.056e-4,1.84e-4,1.616e-4,1.22e-4,8.789e-5,8.384e-5
KEN,KEN.41_1,RICE,0,0,0,0,0,0,0.05952823479029709,0.061209860528471764,0.06328276865464835,0.07538158866717128,0.09285206756897509,0.08503428297241815,0,0,0,0,0,0
KEN,KEN.42_1,RICE,0,0,0,0,0,0,0.20296732564387615,0.20870099270142606,0.2157687752445781,0.25702088275354545,0.3165881854445848,0.28993268595576593,0,0,0,0,0,0
KEN,KEN.43_1,RICE,0,0,0,0,0,0,1.1778971928652093,1.1685573554103463,1.6396354070399937,1.4818011346657483,1.7063164580999524,1.6151778003463124,0,0,0,0,0,0
KEN,KEN.45_1,RICE,0,0,0,0,0,0,1908.9278232920742,1962.8535305009996,2029.3267261387728,2417.306887691833,2977.5432760103117,2726.845660241194,0,0,0,0,0,0
KEN,KEN.47_1,RICE,0,0,0,0,0,0,1.238031019715156,1.4761831685985443,1.562170050331488,1.643204807985571,1.3505792942347157,1.476686109321281,0,0,0,0,0,0
KEN,KEN.4_1,RICE,0,0,0,0,0,0,273.44283218361323,323.5034554343687,341.9593340350225,361.9898559650472,305.5578066396803,329.8020643060753,0,0,0,0,0,0
KEN,KEN.7_1,RICE,0,0,0,0,0,0,0.1792419749259593,0.18430541951588497,0.19054703154561914,0.2269770785805735,0.27958141251207513,0.25604174002608676,0,0,0,0,0,0
KEN,KEN.8_1,RICE,5.275594222707933e-4,4.974131695696051e-4,4.672669168684169e-4,4.371206641672288e-4,4.0697441146604054e-4,3.7682815876485234e-4,89.92167639768209,92.46189291817608,95.59316960361473,113.8693066634897,140.25972048736136,128.450395061959,5.867e-6,5.38e-6,4.888e-6,3.839e-6,2.902e-6,2.934e-6
KGZ,KGZ.1_1,RICE,0.1457583487671824,0.12145585005367782,0.10011404079928891,0.0824329317719988,0.06592724389028631,0.04997617366827291,25.059881419165855,26.29739226576843,25.908062091399955,27.841110717548958,28.431098920811394,27.97216153862522,0.005816,0.004619,0.003864,0.002961,0.002319,0.001787
KGZ,KGZ.3_1,RICE,0.008605645148298254,0.0017348420127233201,6.471634042380587e-4,3.536776885379989e-4,1.0346741534398452e-4,0,0.13214182401514757,0.11956227554722373,0.1023839381294496,0.11515063191735743,0.12174834401734783,0.11478895773689957,0.06512,0.01451,0.006321,0.003071,8.498e-4,0
KGZ,KGZ.4_1,RICE,0.0016419373982263013,0.0012770624208426756,9.121874434590604e-4,5.473124660754362e-4,1.824374886918121e-4,0,81.23869482246586,84.6443427265484,80.82659754336211,85.42433181421373,87.84832600468657,86.24277150211431,2.021e-5,1.509e-5,1.129e-5,6.407e-6,2.077e-6,0
KGZ,KGZ.7_1,RICE,0.4956766359683513,0.42955102815164087,0.3634254203349304,0.29730867885440954,0.23120080371007823,0.16512238844826052,18.368517241479406,19.178989649505283,18.370753354778234,19.381808677167633,19.957059942471403,19.577094596379887,0.02699,0.0224,0.01978,0.01534,0.01158,0.008434
KHM,KHM.10_1,RICE,0.07798858003084119,0.06932725598602506,0.8887922353276797,0.9364082136629085,0.8802150116014362,0.8240218095399638,2184.7194737238638,2438.631182859108,2367.651772744433,2634.289033313127,2836.7791264519815,2711.262311335075,3.57e-5,2.843e-5,3.754e-4,3.555e-4,3.103e-4,3.039e-4
KHM,KHM.11_1,RICE,229.70388092066187,214.48175933473712,210.90338053672943,197.24760034924995,194.9552678824563,192.7642252244782,40358.55314529945,45014.69126860665,43705.230702118875,48592.01917973599,52297.103186011496,49999.40304692505,0.005692,0.004765,0.004826,0.004059,0.003728,0.003855
KHM,KHM.12_1,RICE,9.424172120398334,8.211518106344878,7.011752354495919,5.848443391418033,4.826774881080815,3.9476087971109886,19126.991645524868,21349.905383420457,20728.52898058245,23062.845482890785,24835.5519079588,23736.704279742833,4.927e-4,3.846e-4,3.383e-4,2.536e-4,1.943e-4,1.663e-4
KHM,KHM.13_1,RICE,40.766927521410565,32.53695446996886,24.593299418957308,19.91695374181586,13.60281104837869,10.431102462485772,2832.167796405884,3161.327020000606,3069.31264380611,3414.9686750664364,3677.4673289103466,3514.75322032248,0.01439,0.01029,0.008013,0.005832,0.003699,0.002968
KHM,KHM.14_1,RICE,20.483298816745478,19.870022404043773,19.917003562781083,20.541444144346762,21.095194181582226,21.073310531415473,4656.293189606557,5130.953814188206,4983.057629868513,5476.275949290653,5839.143263668859,5612.19791024256,0.004399,0.003873,0.003997,0.003751,0.003613,0.003755
KHM,KHM.15_1,RICE,424.5944316659473,407.4315331522057,405.6643759236859,496.64289384409415,499.4162173144937,479.58181185437405,45847.95380840404,50875.86926344771,49602.81782207984,54854.88494624685,58716.88118040035,56289.170659369935,0.009261,0.008008,0.008178,0.009054,0.008505,0.00852
KHM,KHM.16_1,RICE,0.2665664248851519,0.22316081865173037,0.17975521241830883,0.1363496061848873,0.09294399995146575,0.04953839371804422,68.42726858058919,76.37999886276994,74.15686348176379,82.50816883788232,88.8503304539472,84.91903725009017,0.003896,0.002922,0.002424,0.001653,0.001046,5.834e-4
KHM,KHM.17_1,RICE,41.99888102635326,36.89602838803997,31.8266469682492,26.90533012291684,21.951288074248883,17.068152566837643,114575.77790726225,127860.90196949428,124160.81798112315,138108.88964729197,148688.28126634232,142126.9799333602,3.666e-4,2.886e-4,2.563e-4,1.948e-4,1.476e-4,1.201e-4
KHM,KHM.18_1,RICE,299.6887612419851,283.1789327870997,270.81901335050344,272.18980738331203,276.14518035864813,288.92281315528965,31170.818316887795,34630.70158213714,33677.14564630685,37307.566649492845,40051.5648519631,38347.17524582957,0.009614,0.008177,0.008042,0.007296,0.006895,0.007534
KHM,KHM.19_1,RICE,3.9666168085485904,3.5637843759538095,3.1954017822157583,2.8306980986294015,2.4702754204361526,2.11972903379831,55525.70393206321,61113.38226371118,59353.430954026015,65153.059157373405,69405.21683083121,66743.20481988224,7.144e-5,5.831e-5,5.384e-5,4.345e-5,3.559e-5,3.176e-5
KHM,KHM.1_1,RICE,40.21539647283166,36.42417549372082,33.233362083158156,28.85799568120531,25.639703552067886,21.39522286969631,150838.56046454096,168013.8003794492,163369.21550149034,181372.3269156803,194894.65012962022,186472.66102622182,2.666e-4,2.168e-4,2.034e-4,1.591e-4,1.316e-4,1.147e-4
KHM,KHM.20_1,RICE,434.86771032515196,404.15913522830516,380.90512941499514,353.2116020719316,333.1629566581213,313.08832983924344,39833.04637450964,44411.93538507805,43120.370620864145,47924.76609366284,51564.43513442454,49306.7932062899,0.01092,0.0091,0.008834,0.00737,0.006461,0.00635
KHM,KHM.21_1,RICE,204.15354720871485,206.2957740595224,202.08368581468835,206.79841645525536,210.12693607075397,204.45970385478103,153296.33378597035,171112.68713655265,166132.23839897447,184841.51205516816,199049.73845654525,190242.53560174746,0.001332,0.001206,0.001216,0.001119,0.001056,0.001075
KHM,KHM.22_1,RICE,32.25596063381373,30.80209063813236,31.12787694392466,31.106611987159575,33.04904269894854,38.922382568242455,5121.286335472923,5703.553494297642,5540.784397892904,6152.233632262181,6616.581383784397,6328.747791659976,0.006298,0.005401,0.005618,0.005056,0.004995,0.00615
KHM,KHM.23_1,RICE,8.42263912770319,7.085804942047076,5.9886416543069245,4.942799598030033,3.937357459119049,2.9619168692486006,43540.71145579705,46081.312820765554,44794.87256499615,47264.585332279756,48697.072825258125,47732.731679110344,1.934e-4,1.538e-4,1.337e-4,1.046e-4,8.085e-5,6.205e-5
KHM,KHM.24_1,RICE,1.4407192860302056,1.7226095877339664,1.5921166276830416,1.3660292850998363,1.1931652348656723,1.051954643872176,189373.37160691776,209747.53601629336,203678.14138913434,224944.79124939672,240807.63167114742,230925.21822363613,7.608e-6,8.213e-6,7.817e-6,6.073e-6,4.955e-6,4.555e-6
KHM,KHM.25_1,RICE,214.10797928650618,190.38480644346646,166.7386120670357,149.39949293686067,125.78546764961742,104.32213675254718,107038.9805623601,118978.1112048724,115526.0055587502,128024.08129193127,137427.2757136335,131583.35896145736,0.002,0.0016,0.001443,0.001167,9.153e-4,7.928e-4
KHM,KHM.2_1,RICE,158.43157883207877,150.9958696535743,133.0461125684365,120.30246458229941,108.08364954916752,96.08935488018278,321230.12164034287,358519.08954126126,348114.9932514292,387268.64981074573,416983.87033021427,398559.3521727074,4.932e-4,4.212e-4,3.822e-4,3.106e-4,2.592e-4,2.411e-4
KHM,KHM.3_1,RICE,37.54650519684685,33.25950583322732,29.641803882141286,31.680457765298797,31.37498659196884,28.856646081660426,47147.15439645025,52626.67462668875,51094.90945139077,56849.0523713745,61218.87275325471,58510.167707667955,7.964e-4,6.32e-4,5.801e-4,5.573e-4,5.125e-4,4.932e-4
KHM,KHM.4_1,RICE,67.05226801727171,56.19795746984586,45.81087745271877,35.885085930935226,28.555255726262477,24.577748998028262,103615.80959470473,115658.21028918805,112291.83344674122,124937.77538767505,134541.37675976657,128588.4264736966,6.471e-4,4.859e-4,4.08e-4,2.872e-4,2.122e-4,1.911e-4
KHM,KHM.5_1,RICE,57.74859672714324,48.993547090299856,41.64738756870942,46.338176197552905,44.788439720277516,40.91727665374644,45127.59991716496,50372.40418698177,48906.2523718237,54413.91583281858,58596.554391344405,56003.87707803345,0.00128,9.726e-4,8.516e-4,8.516e-4,7.644e-4,7.306e-4
KHM,KHM.6_1,RICE,338.71321773994663,333.2710695455947,314.6837515599316,297.69928661124305,289.30205620360607,274.2243698672933,241000.34851094306,269009.8074499892,261179.9406041646,290593.1780911393,312930.2257548822,299084.2393245981,0.001405,0.001239,0.001205,0.001024,9.245e-4,9.169e-4
KHM,KHM.7_1,RICE,27.408396135161784,37.73133843377014,33.8576490770865,32.54545721441113,29.708255691775776,26.713513961410357,53394.6387806278,59600.251974682105,57865.51211012861,64382.13833365676,69331.00500044941,66263.36859006919,5.133e-4,6.331e-4,5.851e-4,5.055e-4,4.285e-4,4.031e-4
KHM,KHM.8_1,RICE,13.76665516697794,11.766308075732045,9.867378208089395,8.149772955326403,6.527953127581679,4.947404349256441,125927.78040041667,140559.61632602685,136468.53338563486,151833.39694228006,163501.15569967192,156268.59136659725,1.093e-4,8.371e-5,7.231e-5,5.368e-5,3.993e-5,3.166e-5
KHM,KHM.9_1,RICE,241.91593992312534,239.53548316791827,239.7090047963489,239.80569586179507,235.41694003948675,217.99026938515277,5348.253608742114,5969.8364851787655,5796.076928925468,6448.812306722477,6944.513647049929,6637.245017150007,0.04523,0.04012,0.04136,0.03719,0.0339,0.03284
KOR,KOR.10_1,RICE,0.06591316489190481,0.05661469187928711,0.047316218866669396,0.0380177458540517,0.02871927284143401,0.019420799828816313,3916.373669037863,3916.373669037863,3916.373669037863,3916.373669037863,3916.373669037863,3916.373669037863,1.683e-5,1.446e-5,1.208e-5,9.707e-6,7.333e-6,4.959e-6
KOR,KOR.12_1,RICE,0.018287463997732307,0.013179706839110775,0.008088795693205664,0.002997884547300539,2.2621448717398792e-4,0,23.152938396288043,23.152938396288043,23.152938396288043,23.152938396288043,23.152938396288043,23.152938396288043,7.899e-4,5.692e-4,3.494e-4,1.295e-4,9.77e-6,0
KOR,KOR.13_1,RICE,0.05636108231126025,0.05068355664498965,0.04500603097871906,0.03932850531244845,0.03365097964617786,0.02847580080816075,27203.12098781073,27203.12098781073,27203.12098781073,27203.12098781073,27203.12098781073,27203.12098781073,2.072e-6,1.863e-6,1.654e-6,1.446e-6,1.237e-6,1.047e-6
KOR,KOR.14_1,RICE,0.023009919794846265,0.01628861877903443,0.009773171267420654,0.0032577237558068873,0,0,23466.394315036883,23466.394315036883,23466.394315036883,23466.394315036883,23466.394315036883,23466.394315036883,9.805e-7,6.941e-7,4.165e-7,1.388e-7,0,0
KOR,KOR.17_1,RICE,0,0,0,0,0,0,163.51896446196733,163.51896446196733,163.51896446196733,163.51896446196733,163.51896446196733,163.51896446196733,0,0,0,0,0,0
KOR,KOR.2_1,RICE,0.00276030644910265,3.925035138432966e-4,0,0.03458809467150869,0.03281434622681593,0.03104059778212319,1409.118658268093,1409.118658268093,1409.118658268093,1409.118658268093,1409.118658268093,1409.118658268093,1.959e-6,2.785e-7,0,2.455e-5,2.329e-5,2.203e-5
KOR,KOR.3_1,RICE,0.03805804532085977,0.028265458292647122,0.018472871264434473,0.0086802842362218,0.00189199536105774,0,17562.88762039281,17562.88762039281,17562.88762039281,17562.88762039281,17562.88762039281,17562.88762039281,2.167e-6,1.609e-6,1.052e-6,4.942e-7,1.077e-7,0
KOR,KOR.4_1,RICE,0,0,0,0,0,0,31.669561785994585,31.669561785994585,31.669561785994585,31.669561785994585,31.669561785994585,31.669561785994585,0,0,0,0,0,0
KOR,KOR.5_1,RICE,0.01109794729994195,0.00979230644112525,0.00848666558230855,0.00718102472349185,0.00587538386467515,0.00456974300585845,4.902487222442353,4.902487222442353,4.902487222442353,4.902487222442353,4.902487222442353,4.902487222442353,0.002264,0.001997,0.001731,0.001465,0.001198,9.321e-4
KOR,KOR.6_1,RICE,1.716481033265287,1.5527103573164123,2.0228168054728197,1.8267358627561636,1.6306549200395077,1.4386616346070173,2645.7704438329483,2645.7704438329483,2645.7704438329483,2645.7704438329483,2645.7704438329483,2645.7704438329483,6.488e-4,5.869e-4,7.645e-4,6.904e-4,6.163e-4,5.438e-4
KOR,KOR.7_1,RICE,0,0,0,0,0,0,151.98635706165874,151.98635706165874,151.98635706165874,151.98635706165874,151.98635706165874,151.98635706165874,0,0,0,0,0,0
KOR,KOR.8_1,RICE,1.7436191238317535,1.6533571097384878,1.4752811611566174,1.2972380791512488,1.120881458413341,0.9462764179627738,5353.629913276794,5353.629913276794,5353.629913276794,5353.629913276794,5353.629913276794,5353.629913276794,3.257e-4,3.088e-4,2.756e-4,2.423e-4,2.094e-4,1.768e-4
KOR,KOR.9_1,RICE,0.15941550461444237,0.18161356428507264,0.15865001721772667,0.13610407315100928,0.11402218847700774,0.09438168259912337,4545.849908560055,4545.849908560055,4545.849908560055,4545.849908560055,4545.849908560055,4545.849908560055,3.507e-5,3.995e-5,3.49e-5,2.994e-5,2.508e-5,2.076e-5
LAO,LAO.10_1,RICE,61.25349058783266,65.61242691925547,65.01837635796248,69.03871082162253,67.62896773311765,64.2366837381883,10542.544609713463,10559.860821200511,10536.9548797348,10547.30703331336,10547.853940193945,10546.494729824637,0.00581,0.006213,0.006171,0.006546,0.006412,0.006091
LAO,LAO.11_1,RICE,9.794654837077072,9.230672981450134,9.028642170700811,9.399051343863764,8.857383669848863,13.55378470044422,96136.3044090605,96180.25517548139,96148.40391523713,96182.96198838447,96179.02504999442,96175.46834054554,1.019e-4,9.597e-5,9.39e-5,9.772e-5,9.209e-5,1.409e-4
LAO,LAO.12_1,RICE,26.039606423581773,24.61086787610397,23.106700734442317,22.009481871564226,59.23680785272438,55.867934513342405,382889.61783947475,383224.6744102068,383448.7587023905,383733.54499702784,383645.39781824936,383618.7874902759,6.801e-5,6.422e-5,6.026e-5,5.736e-5,1.544e-4,1.456e-4
LAO,LAO.13_1,RICE,75.41971678616041,70.70307180091767,62.5934354752223,55.960206012060475,51.87349826453587,44.13001914125547,318973.96005766146,319103.4092098186,319190.42352877796,319300.4708271406,319266.3604522628,319256.0800226945,2.364e-4,2.216e-4,1.961e-4,1.753e-4,1.625e-4,1.382e-4
LAO,LAO.14_1,RICE,31.879951015782677,30.58313981861395,27.986481645771804,27.31566097987692,26.150628276311405,23.853127559938592,467660.05107364495,467849.5277529542,467976.8919259445,468137.9698187946,468088.04194785736,468072.9943278149,6.817e-5,6.537e-5,5.98e-5,5.835e-5,5.587e-5,5.096e-5
LAO,LAO.15_1,RICE,51.198948729364425,53.209402047184895,52.370986985984366,57.14070079511866,71.30560409057993,75.88463232039783,109066.35764006822,109135.93696631824,109182.70743631675,109241.85820515618,109223.52377142229,109217.99800820944,4.694e-4,4.876e-4,4.797e-4,5.231e-4,6.528e-4,6.948e-4
LAO,LAO.16_1,RICE,12.185622264679981,13.066543039826877,12.698001161705166,18.325981698325336,22.057444171135042,22.041169585800734,2698.9864698360107,2698.9864698360107,2698.9864698360107,2698.9864698360107,2698.9864698360107,2698.9864698360107,0.004515,0.004841,0.004705,0.00679,0.008172,0.008166
LAO,LAO.17_1,RICE,48.227989932901195,48.75839979847504,50.07687139863081,48.221183789878644,61.197707881710365,72.10487213729922,7334.816629300053,7334.97747302757,7334.801220882259,7334.924963408546,7334.917987467281,7334.904906771049,0.006575,0.006647,0.006827,0.006574,0.008343,0.00983
LAO,LAO.18_1,RICE,84.99311512981176,86.93627082788308,81.34029056487267,83.53304406594864,82.074289954736,78.49951178857106,70830.06869639178,70830.06869639178,70830.06869639178,70830.06869639178,70830.06869639178,70830.06869639178,0.0012,0.001227,0.001148,0.001179,0.001159,0.001108
LAO,LAO.1_1,RICE,22.438693905703634,21.671002328584162,21.36731370553464,21.567435364425606,21.61078927377461,21.749872470301685,9581.381217888134,9581.42192158424,9581.377318578134,9581.408633309911,9581.406867952954,9581.4035577046,0.002342,0.002262,0.00223,0.002251,0.002255,0.00227
LAO,LAO.2_1,RICE,32.056517367613225,31.69456219808301,30.80448634528731,29.6514661681643,28.45931696839069,26.689353660023315,101420.42231907084,101671.40958939667,101840.11908143903,102053.45827722638,101987.34337807736,101967.40553291424,3.161e-4,3.117e-4,3.025e-4,2.905e-4,2.79e-4,2.617e-4
LAO,LAO.3_1,RICE,73.60279903153892,75.7169514833086,69.87516043313659,73.9272954781131,82.13835310959539,81.56057460350287,227062.67742586663,227196.24358408363,227286.02530995512,227399.57255703647,227364.37733441935,227353.76994565412,3.242e-4,3.333e-4,3.074e-4,3.251e-4,3.613e-4,3.587e-4
LAO,LAO.4_1,RICE,53.98427454660755,51.83584809081174,51.53904439180279,51.06359177168301,59.186084463547594,61.36007249326743,394333.1867515183,394353.5886843339,394366.0557137044,394383.6618334558,394379.6759110655,394377.512047087,1.369e-4,1.314e-4,1.307e-4,1.295e-4,1.501e-4,1.556e-4
LAO,LAO.5_1,RICE,118.65112848874689,104.49597423160664,87.47327871291097,79.0289250027212,63.20779640393068,51.48298349236826,8590.382681061386,8659.926005441053,8583.720608419035,8637.2226428346,8634.206484518665,8628.550839035048,0.01381,0.012070000000000001,0.01019,0.00915,0.007321,0.005967
LAO,LAO.6_1,RICE,45.122752131429685,43.87639479858942,38.70282283139404,36.43733541613789,35.28688609733609,32.23892248764325,96819.20221676059,96934.50970405199,97011.42709434968,97109.4252746719,97079.11487823002,97069.95689545746,4.661e-4,4.526e-4,3.99e-4,3.752e-4,3.635e-4,3.321e-4
LAO,LAO.7_1,RICE,31.755042692947928,32.84060401746142,30.336498788907623,31.44906017396541,30.93381430163823,29.071385960913624,32906.25220561382,32908.149831655865,32897.782230378674,32892.98038410008,32895.6347364401,32895.58380916817,9.65e-4,9.979e-4,9.221e-4,9.561e-4,9.404e-4,8.837e-4
LAO,LAO.8_1,RICE,42.770012198151775,44.637482197511105,43.35907100948498,42.61743270176476,42.24345431183759,41.73311721668089,7973.084156624534,7978.499574663545,7972.565373424473,7976.731637906108,7976.496766215714,7976.056354647136,0.005364,0.005595,0.005439,0.005343,0.005296,0.005232
LAO,LAO.9_1,RICE,33.19035966334883,42.70726294588435,41.950747855947476,44.51850704841095,45.67315620936191,44.03527615794776,13182.656269308709,13182.689628585005,13182.507371560772,13182.422957607134,13182.46961973715,13182.468724462266,0.002518,0.00324,0.003182,0.003377,0.003465,0.00334
LBR,LBR.10_1,RICE,20.40342831625296,19.64329119275682,18.35371361700005,18.255639428605466,17.8253867046793,16.83291211138162,3437.598064689534,3150.0037166074,3154.9198593096585,3990.6641186936395,3970.9995478846035,3931.237785708735,0.005935,0.006236,0.005817,0.004575,0.004489,0.004282
LBR,LBR.11_1,RICE,14.793242427173817,14.868900738176558,14.464440268818647,14.125261608987449,14.302334798339315,16.701109889539826,6245.699541468982,5721.866676700616,5730.821084645375,7253.0704352543025,7217.252803475268,7144.82955201806,0.002369,0.002599,0.002524,0.001947,0.001982,0.002338
LBR,LBR.12_1,RICE,86.07814868454632,83.4170252670496,159.4118216662262,156.56721731086546,166.71154580380204,169.5583478018072,3922.571958876387,3621.179012000703,3638.0965146826343,4567.693650936294,4551.403073971968,4501.087635129964,0.02194,0.02304,0.04382,0.03428,0.03663,0.03767
LBR,LBR.13_1,RICE,44.63825435811366,44.774842049134776,52.01976445905739,47.58019389753677,43.15527787870941,38.67237910094239,1585.555973245299,1452.5738593602093,1454.8470578881597,1841.290807639702,1832.198013527901,1813.8123838338388,0.02815,0.03082,0.03576,0.02584,0.02355,0.02132
LBR,LBR.14_1,RICE,8.62229439238852,10.119524175589138,10.160791684033443,15.591267256892845,15.929429052342448,18.375118176592213,884.4824042523991,812.2111101189073,813.4465168562319,1023.4656622014219,1018.5240352521232,1008.5320655606412,0.009748,0.01246,0.01249,0.01523,0.01564,0.01822
LBR,LBR.15_1,RICE,45.39934891952405,41.80478420911025,38.461700038773806,35.04029123459569,31.69056385503265,28.222546597774336,2234.884771674343,2047.4428230823014,2050.6469589556696,2595.3500574282693,2582.5335139347962,2556.6184629909935,0.02031,0.02042,0.01876,0.0135,0.01227,0.01104
LBR,LBR.1_1,RICE,74.26942252244255,70.25644713043044,65.77784233390223,61.17275009279961,57.3423385586131,55.74277518384363,6178.855052766473,5660.6284999538,5669.487073506154,7175.444577406227,7140.010283196812,7068.362140305377,0.01202,0.01241,0.0116,0.008525,0.008031,0.007886
LBR,LBR.2_1,RICE,51.67112878684914,49.966106154392996,53.01311592249733,50.48039847757064,50.158097913066925,54.58420703899383,7821.529383871328,7165.666948544813,7176.953931626332,9083.224631510226,9038.407100920565,8947.67431626696,0.006606,0.006973,0.007387,0.005558,0.005549,0.0061
LBR,LBR.3_1,RICE,48.404885662009235,56.90564710916619,54.222266396993135,51.798458873312185,51.81624774823037,59.0536789183825,1753.4924140960145,1606.4253083976391,1608.9392760164149,2036.313771208275,2026.2579007331722,2005.9249306325141,0.0276,0.03542,0.0337,0.02544,0.02557,0.02944
LBR,LBR.4_1,RICE,88.69772414931276,89.4380725659048,87.90265520178983,82.79829560522946,79.3674168282374,82.75741400370016,7347.090874867149,6730.883253104098,6741.416716723979,8532.105532103786,8489.97167762426,8404.777023866658,0.012070000000000001,0.01329,0.01304,0.009704,0.009348,0.009846
LBR,LBR.5_1,RICE,132.99153022334755,129.21518945668586,140.55811359939082,130.68325211067258,122.94931090591126,124.13244246452231,17797.031433671087,16304.377184395447,16329.892641648023,20667.52037458578,20565.45854557548,20359.089527316646,0.007473,0.007925,0.008607,0.006323,0.005978,0.006097
LBR,LBR.6_1,RICE,51.90406166751063,50.93389902846778,57.315458442553755,61.11093659587617,65.00137995945421,64.84748736691469,1089.8222295717796,1017.912078789656,1019.141312136359,1228.1109810758633,1223.1940476890513,1213.2520083809175,0.04763,0.05004,0.05624,0.04976,0.05314,0.05345
LBR,LBR.7_1,RICE,22.62818354942773,21.53292034553539,20.558273957975782,18.978638024651865,17.77386127235079,16.655490245705078,2436.128506754641,2231.808051349413,2235.300708706767,2829.0524594570024,2815.0818300275846,2786.8332173213025,0.009289,0.009648,0.009197,0.006708,0.006314,0.005976
LBR,LBR.8_1,RICE,19.247400229053316,19.518041504834137,19.18712877770093,18.81992188112716,17.892482575626573,16.406281697268895,1420.4072831944452,1325.6938522312144,1340.8170428393144,1677.7507133560487,1676.2300955250312,1653.2117526815637,0.01355,0.01472,0.01431,0.01122,0.01067,0.009924
LBR,LBR.9_1,RICE,21.04429724242044,20.446440254533748,19.32231266927647,19.020549424019457,18.604800731534024,20.385065672260268,8748.49425611083,8014.74957656605,8027.292220660833,10159.541716773867,10109.371140394735,10007.92623495613,0.002405,0.002551,0.002407,0.001872,0.00184,0.002037
LKA,LKA.10_1,RICE,2.1292582735037393,2.450095046338182,2.3114082755133527,2.0249324964389435,1.8850359956893954,1.5932323675149356,34746.74161067053,34941.28825410073,23021.7033770765,30624.750676750973,31880.170914639584,28921.00301871224,6.128e-5,7.012e-5,1.004e-4,6.612e-5,5.913e-5,5.509e-5
LKA,LKA.11_1,RICE,2.536264825303124,2.370971537717171,2.2210045964325795,2.0872405204721227,1.958846841559859,2.0289694087169816,18541.092640904077,18644.904024982417,12284.53418304717,16341.570837475489,17011.471434048555,15432.439744886402,1.368e-4,1.272e-4,1.808e-4,1.277e-4,1.151e-4,1.315e-4
LKA,LKA.12_1,RICE,0.7387192166372635,0.9831161796346654,0.8589338759813152,0.7352200259565702,0.6121180458667094,0.9107874493675805,13245.67836944662,13319.840784317214,8776.019399641018,11674.349271477146,12152.923431779418,11024.869853984117,5.577e-5,7.381e-5,9.787e-5,6.298e-5,5.037e-5,8.261e-5
LKA,LKA.13_1,RICE,4.903238655834607,4.2026644834476965,3.645187684691462,2.847383328052521,2.1588539478040993,1.6542099615981978,42343.26602602165,42580.34553032558,28054.835224271836,37320.10268519762,38849.9898240551,35243.872311314415,1.158e-4,9.87e-5,1.299e-4,7.63e-5,5.557e-5,4.694e-5
LKA,LKA.14_1,RICE,6.950178275836843,6.3044776117557655,5.678603378171848,5.041749436146082,4.51840763669614,3.943171308505997,287485.8838029866,289095.51426428603,190475.83845895238,253381.557706929,263768.59199859126,239285.174030535,2.418e-5,2.181e-5,2.981e-5,1.99e-5,1.713e-5,1.648e-5
LKA,LKA.15_1,RICE,8.990771709807923,7.91364753131904,6.935589842077197,6.983933952530433,5.939851609608063,5.142963073517304,37186.96050630426,37395.16990984877,24638.487944098033,32775.4874598665,34119.07424357924,30952.08779891128,2.418e-4,2.116e-4,2.815e-4,2.131e-4,1.741e-4,1.662e-4
LKA,LKA.16_1,RICE,1.6743850004050929,1.4425959319578696,1.2114016411847246,1.2271199379978674,0.9883183208698403,1.0435607823658641,54107.757976296576,54410.70674817766,35849.483916685065,47688.97804199286,49643.9232035087,45035.89571943251,3.095e-5,2.651e-5,3.379e-5,2.573e-5,1.991e-5,2.317e-5
LKA,LKA.17_1,RICE,0.2681780238497284,0.16353884842682773,0.08245376145761861,0.038595513318724774,0.011848741054559851,0,4927.238506709866,4954.826063655523,3264.5772844136013,4342.722333035604,4520.746362095296,4101.123533341902,5.443e-5,3.301e-5,2.526e-5,8.887e-6,2.621e-6,0
LKA,LKA.18_1,RICE,22.77935946708928,20.05577256729161,17.49642873340295,15.349460494527579,13.22582685780369,11.534414855217658,66366.70745826015,66738.29396027488,43971.73900035778,58493.65364727979,60891.52187327615,55239.474487958876,3.432e-4,3.005e-4,3.979e-4,2.624e-4,2.172e-4,2.088e-4
LKA,LKA.19_1,RICE,6.710989909616508,5.862100021017773,5.050748532049225,8.084872828926136,7.497910078079134,7.469278262743592,32722.07128987067,32905.28182531763,21680.243504835973,28840.266120706397,30022.53382750979,27235.794744628554,2.051e-4,1.782e-4,2.33e-4,2.803e-4,2.497e-4,2.742e-4
LKA,LKA.1_1,RICE,7.404991998711485,6.256245787189555,5.357758334157561,4.710922309810508,3.933180744642546,4.554546206662238,138429.3030146289,139204.36723663952,91717.32959615286,122007.49465030522,127009.02689377782,115219.84810037143,5.349e-5,4.494e-5,5.842e-5,3.861e-5,3.097e-5,3.953e-5
LKA,LKA.20_1,RICE,5.950630213991684,5.564968142662363,5.18089393568792,6.603276212755328,6.768501908134204,6.461680407440553,11871.348242122362,11937.81579696171,7865.447096547063,10463.05533294198,10891.974136355966,9880.963866872913,5.013e-4,4.662e-4,6.587e-4,6.311e-4,6.214e-4,6.54e-4
LKA,LKA.21_1,RICE,23.39198537205564,21.49254785427075,22.254432362727705,27.381953626552917,25.271999872872776,24.761041426031934,343294.9777616658,345217.0827572453,227452.5547581735,302570.0429793165,314973.49270351056,285737.1548503679,6.814e-5,6.226e-5,9.784e-5,9.05e-5,8.024e-5,8.666e-5
LKA,LKA.22_1,RICE,5.26166965482906,4.671349808572409,4.0899576858488755,3.947391502693812,3.4812932749848886,3.2821292065107803,69026.48472846787,69412.96329564336,45733.9935464073,60837.90268992342,63331.87023512241,57453.30585444179,7.623e-5,6.73e-5,8.943e-5,6.488e-5,5.497e-5,5.713e-5
LKA,LKA.23_1,RICE,2.750680782692638,2.378327241968853,2.0119984616656854,1.6514988705556832,1.292540893255072,1.250601510576279,25329.011545982,25470.82841712604,16781.91863800753,22324.241857718076,23239.393961959555,21082.27665173023,1.086e-4,9.337e-5,1.199e-4,7.398e-5,5.562e-5,5.932e-5
LKA,LKA.24_1,RICE,28.11572627517246,24.33581854361243,20.704038329458506,17.719869483047308,14.740081448614038,12.29130008895223,62291.65312635613,62640.42344172087,41271.78246556273,54902.021248849356,57152.655361900965,51847.65548072798,4.514e-4,3.885e-4,5.017e-4,3.228e-4,2.579e-4,2.371e-4
LKA,LKA.25_1,RICE,21.414809364379114,19.94817250780173,18.63212107797205,25.89098408823672,25.934124792440475,25.493604935958263,154243.23431304964,155106.84057126084,102194.96343177867,135945.42611622083,141518.32501084785,128382.3702137797,1.388e-4,1.286e-4,1.823e-4,1.905e-4,1.833e-4,1.986e-4
LKA,LKA.2_1,RICE,112.69075974728888,109.29582980787791,105.05306111085247,122.60829318504823,116.5817807552366,108.92668428328288,1342373.7879820971,1349889.7248030738,889399.4007943483,1183128.5659122895,1231629.3214400075,1117307.5394945277,8.395e-5,8.097e-5,1.181e-4,1.036e-4,9.466e-5,9.749e-5
LKA,LKA.3_1,RICE,32.49041547224393,33.480591243914354,30.82143758696037,33.83695440759323,31.291782615249044,45.611145609152835,128872.73743701096,129594.29454814833,85385.5583901893,113584.62031521379,118240.86821619232,107265.56378169639,2.521e-4,2.583e-4,3.61e-4,2.979e-4,2.646e-4,4.252e-4
LKA,LKA.4_1,RICE,4.979183337758129,4.059748570617238,3.4605731876216925,3.371746738172166,2.970260596640189,2.662328947976791,123459.29355723524,124150.54085262043,81798.84224151955,108813.37094229984,113274.02792774753,102759.75346593016,4.033e-5,3.27e-5,4.231e-5,3.099e-5,2.622e-5,2.591e-5
LKA,LKA.5_1,RICE,0.7681932137007067,0.7009385033719862,0.6336837930432658,0.5664290827145454,0.49917437238582496,0.43191966205710447,10405.34659351753,10463.606020435278,6894.1371681904675,9170.964826059988,9546.916126533457,8660.756269285772,7.383e-5,6.699e-5,9.192e-5,6.176e-5,5.229e-5,4.987e-5
LKA,LKA.6_1,RICE,14.163795417563419,14.597844492853818,14.128728983759002,13.341743090375548,13.06170589016204,13.519551364528022,14460.344203254333,14541.30751944409,9580.804977567066,12744.919822602018,13267.380574836287,12035.881322049127,9.795e-4,0.001004,0.001475,0.001047,9.845e-4,0.001123
LKA,LKA.7_1,RICE,2.8914134757417833,3.255027404902346,3.2816200266225297,3.2086734019374292,3.327391434289322,3.0616576593603564,25664.395454527326,25808.090136673014,17004.129656999994,22619.8393182017,23547.1090405775,21361.429129972625,1.127e-4,1.261e-4,1.93e-4,1.419e-4,1.413e-4,1.433e-4
LKA,LKA.8_1,RICE,4.4397014711653755,3.854085077758907,3.2881917993687115,2.7222985209785167,2.159547837595361,1.6068142653466262,217853.28716955433,219073.04544945178,144340.2611138179,192009.44590526412,199880.61347164187,181327.37873562812,2.038e-5,1.759e-5,2.278e-5,1.418e-5,1.08e-5,8.861e-6
LKA,LKA.9_1,RICE,0.13956676836644022,0.12997738190040456,0.12038799543436889,0.11079860896833318,0.10120922250229752,0.09161983603626184,3649.9230782874097,3670.358959487884,2418.282767316356,3216.9342816175013,3348.8081519953653,3037.9664818067695,3.824e-5,3.541e-5,4.978e-5,3.444e-5,3.022e-5,3.016e-5
LSO,LSO.3_1,RICE,0,0,0,0,0,0,0.021794386740525595,0.02180025950277058,0.02180089630831522,0.021805283190956055,0.021809599317425266,0.021806471010187276,0,0,0,0,0,0
MAR,MAR.10_1,RICE,0.03383148869691682,0.03656079238132808,0.0364945648086343,0.05812028781579297,0.14583521656243023,0.2370860251817718,738.4082056040575,572.0775426330357,551.9517043716173,631.8841116510094,67.50197386389603,213.86621120200826,4.582e-5,6.391e-5,6.612e-5,9.198e-5,0.00216,0.001109
MAR,MAR.11_1,RICE,0.020303349951430908,0.019055773367485138,0.017531357970866638,0.016006942574248145,0.021575337456953354,0.019988204175423924,101.65681657606225,78.7580384093329,75.98730992466389,86.99162163682455,9.293011268734093,29.443007321667935,1.997e-4,2.42e-4,2.307e-4,1.84e-4,0.002322,6.789e-4
MAR,MAR.12_1,RICE,0,0,0,0,0,0,844.2503890653273,654.0781701476028,631.0675282648132,722.4573116290843,77.17759264423678,244.52143224426652,0,0,0,0,0,0
MAR,MAR.13_1,RICE,0.00412380434464635,0.00378138882569618,0.0034389733067460198,0.00309655778779585,0.00275414226884569,0.0024117267498955275,1024.0905838217989,793.4083345500492,765.4960208750158,876.3534368893329,93.61777848453156,296.6088017811937,4.027e-6,4.766e-6,4.492e-6,3.533e-6,2.942e-5,8.131e-6
MAR,MAR.14_1,RICE,2.9773127496753444,2.800645639189135,3.1202672563174576,3.07311975200601,2.884996775214473,2.7101971088218972,1110.4440840253635,860.3102159474857,830.0442765066301,950.2494260589647,101.51182905108573,321.6194879740161,0.002681,0.003255,0.003759,0.003234,0.02842,0.008427
MAR,MAR.15_1,RICE,0.3395902544963513,0.309792738650551,0.2780273290686373,0.2577531979598463,0.22539849204597748,0.19533511730113703,84.77822932467475,65.68144927528877,63.37075863218839,72.54796969698423,7.750046351963418,24.554438263928677,0.004006,0.004717,0.004387,0.003553,0.02908,0.007955
MAR,MAR.1_1,RICE,0.0018067724485917422,0.0016565248410037663,0.001506277233415791,0.001356029625827815,0.003074861775818519,0.009796597395937657,39.43848969939892,30.5547447890745,29.479820839231067,33.74902234215535,3.6052902455797557,11.422625457743871,4.581e-5,5.421e-5,5.11e-5,4.018e-5,8.529e-4,8.576e-4
MAR,MAR.2_1,RICE,0.05310580009146653,0.049432287654452046,0.04575877521743755,0.04208526278042305,0.04219614645045151,0.03832856241820405,344.9230541447901,267.2271674597826,257.82604549544357,295.16383485735753,31.531322118624193,99.900551194208,1.54e-4,1.85e-4,1.775e-4,1.426e-4,0.001338,3.837e-4
MAR,MAR.3_1,RICE,0,0,0,0,0,0,46.952085297890726,36.3758600931864,35.09614777746444,40.17869314487081,4.2921495327112895,13.598798759933809,0,0,0,0,0,0
MAR,MAR.4_1,RICE,0.15489136497290545,0.14366562134068372,0.13075176805104655,0.13820608014347313,0.12384575654114548,0.12857896533444868,2107.025440345604,1632.4059335068412,1574.9774638565084,1803.062166013859,192.61483705807757,610.26075335163,7.351e-5,8.801e-5,8.302e-5,7.665e-5,6.43e-4,2.107e-4
MAR,MAR.5_1,RICE,7.790340992732803e-4,7.390836326438813e-4,6.991331660144823e-4,6.591826993850833e-4,6.192322327556842e-4,0.00130949463044239,26.584086824674205,20.595869531760947,19.871301430133183,22.74901871319381,2.4301982567578886,7.699586603059626,2.93e-5,3.589e-5,3.518e-5,2.898e-5,2.548e-4,1.701e-4
MAR,MAR.8_1,RICE,0,0,0,0.009671781408029845,0.013698481611627372,0.03646933310122089,479.2872632848137,371.32507157201394,358.2617579896073,410.1444218629954,43.81429685370763,138.81664680615145,0,0,0,2.358e-5,3.126e-4,2.627e-4
MAR,MAR.9_1,RICE,0.010380949215123909,0.009416311699925486,0.008451674184727063,0.00748703666952864,0.009573016328731747,0.013448117895147833,156.42081805098667,121.18613597211349,116.9227758673357,133.85526990049578,14.29929122091668,45.304382394175555,6.637e-5,7.77e-5,7.228e-5,5.593e-5,6.695e-4,2.968e-4
MDA,MDA.19_1,RICE,5.4447209156551266e-5,4.8823639099295156e-5,4.3200069042039053e-5,3.757649898478295e-5,3.195292892752684e-5,2.632935887027073e-5,0.03749357150771191,0.03057320234346713,0.0019092804212068196,0.006846222351770732,0.009268351559256406,0.006527962606478464,0.001452,0.001597,0.02263,0.005489,0.003448,0.004033
MDA,MDA.20_1,RICE,0,0,0,0,0,0,0.039796717922269784,0.024165173671487693,0.02726244559733925,0.01947087090886892,0.023229539443886702,0.022951365709046167,0,0,0,0,0,0
MDA,MDA.25_1,RICE,0,0,0,0,0,0,0.007210292430470439,0.005879454012189804,3.6716881361492507e-4,0.001316579435227628,0.0017823728816258504,0.0012553757210940653,0,0,0,0,0,0
MDA,MDA.31_1,RICE,0,0,0,0,0,0,0.013732590481667993,0.011197900082942193,6.993029760770284e-4,0.0025075330015965945,0.003394674641150625,0.00239096553221055,0,0,0,0,0,0
MDA,MDA.32_1,RICE,6.140382038131111e-5,0,0,0,0,0,0.01810283683546055,0.014761509008216675,9.218484809092465e-4,0.0033055278862376873,0.004474992625773043,0.0031518640977896833,0.003392,0,0,0,0,0
MDA,MDA.34_1,RICE,2.5569926073177492e-5,2.2723983213207623e-5,2.0050573423418492e-5,1.7377163633629358e-5,1.4703753843840229e-5,1.2030344054051094e-5,0.00566419356471183,0.004618726064303582,2.884370157376327e-4,0.001034266062903874,0.0014001796880467612,9.861862260491614e-4,0.004514,0.00492,0.06951,0.0168,0.0105,0.0122
MDA,MDA.36_1,RICE,0,0,0,0,0,0,0.09757218135280865,0.07956281366738582,0.004968655906067546,0.01781641017450758,0.024119688864405568,0.016988180258385326,0,0,0,0,0,0
MDA,MDA.37_1,RICE,0,0,0,0,0,0,0.07775357227979504,0.04721315414476407,0.05326450634489405,0.03804157346644208,0.045385141500974814,0.04484165443150066,0,0,0,0,0,0
MDA,MDA.3_1,RICE,0,0,0,0,0,0,0.008646821354360098,0.007050835870364826,4.403209951379813e-4,0.0015788856395238943,0.0021374805589222394,0.0015054881195981022,0,0,0,0,0,0
MDA,MDA.5_1,RICE,0,0,0,0,0,0,0.011809879028531476,0.009630072747721447,6.01392982830624e-4,0.002156451213515635,0.0029193834117991454,0.002056204452793472,0,0,0,0,0,0
MDA,MDA.6_1,RICE,0.00292207454028878,0.00261092946213826,0.00229978438398773,0.0019886393058372,0.00167749422768667,0.00136634914953614,0.15306582604036764,0.09294390247607244,0.10485660559717118,0.07488871180815718,0.08934527340824054,0.08827536375917688,0.01909,0.02809,0.02193,0.02655,0.01878,0.01548
MDA,MDA.8_1,RICE,0,0,0,0,0,0,0.03684749270020462,0.022374359166966562,0.025242100795843454,0.018027938260700028,0.021508062216576675,0.021250503171533177,0,0,0,0,0,0
MDA,MDA.9_1,RICE,0,0,0,0,0,0,0.013998349882522167,0.011414606990560265,7.12836208585918e-4,0.002556059932405168,0.0034603699445918345,0.002437236595791125,0,0,0,0,0,0
MDG,MDG.1_1,RICE,19.911227882349102,19.438554362244343,19.036986020690613,20.243887666691883,19.410133401389885,27.766258036989413,150530.77526137928,162733.8764733294,173531.65535347443,182207.9034442988,176951.4830906624,177086.4146135815,1.323e-4,1.194e-4,1.097e-4,1.111e-4,1.097e-4,1.568e-4
MDG,MDG.2_1,RICE,756.9862492346008,758.0268981923116,845.2362089919001,838.3087893764339,884.8881675812538,883.3919800649335,103442.93181475339,111828.7556730602,119248.85898754963,125211.07195103588,121598.92333035181,121691.64664424391,0.007318,0.006778,0.007088,0.006695,0.007277,0.007259
MDG,MDG.3_1,RICE,1034.673605737225,1079.5258625131223,1048.495241919132,1048.038270768013,1006.9952469609883,1310.1129281835786,613109.1348479153,662812.1461658931,706791.3049524571,742129.507067304,720720.2016955683,721269.7753567481,0.001688,0.001629,0.001483,0.001412,0.001397,0.001816
MDG,MDG.4_1,RICE,633.7765492661033,599.1750545837058,740.2587886889421,704.5724463286617,697.5314793489543,686.182896917031,256142.44827278162,276907.18701488926,295280.63598880195,310044.0983037136,301099.7985338263,301329.3973688131,0.002474,0.002164,0.002507,0.002272,0.002317,0.002277
MDG,MDG.5_1,RICE,4417.542059377937,5103.628877005514,5167.2244888241485,5546.735653888183,5601.611566286755,5771.910787497348,109421.63770115726,118292.13821725437,126141.10230150144,132447.91413815794,128626.99364836517,128725.07610485743,0.04037,0.04314,0.04096,0.04188,0.04355,0.04484
MDG,MDG.6_1,RICE,1793.7928588938846,1760.3455437342568,1690.896083216602,1619.7638132320235,1523.3917939767223,1464.8770660323173,251936.67211421384,272360.4605619468,290432.2234460832,304953.2744846107,296155.83722416277,296381.6661205364,0.00712,0.006463,0.005822,0.005312,0.005144,0.004943
MEX,MEX.11_1,RICE,0,0,0,0,0,0,0.15046832097338175,0.13095712319620217,0.12549347935890945,0.12843950392943557,0.11187532930091593,0.1209808219998185,0,0,0,0,0,0
MEX,MEX.12_1,RICE,0.9993207930782118,0.9410482675017319,0.8575240455231861,0.7848301153549017,0.7627435990595689,0.8943799642115621,2027.5600803837478,1764.646760971619,1691.024180043843,1730.7218504663444,1507.5196573134547,1630.2161384670292,4.929e-4,5.333e-4,5.071e-4,4.535e-4,5.06e-4,5.486e-4
MEX,MEX.14_1,RICE,2.426548823005905,2.2280740853241285,2.015198013184354,2.189036750049661,2.0150815032008955,2.0790656885731855,8441.308653522292,7346.725809959979,7040.2140890532155,7205.486769307757,6276.232626471188,6787.052936132433,2.875e-4,3.033e-4,2.862e-4,3.038e-4,3.211e-4,3.063e-4
MEX,MEX.15_1,RICE,0.10039668529789741,0.09365887317967637,0.08764455460258078,0.08892385292169232,0.11447376354754486,0.1074920910135185,58.919189289485935,51.27914952788319,49.139739296032936,50.293320184019386,43.807252325692595,47.37270879141324,0.001704,0.001826,0.001784,0.001768,0.002613,0.002269
MEX,MEX.16_1,RICE,4.5382581880533,3.894379991110058,3.2559706678790072,2.712592343817695,2.058988006420903,1.4258684574570095,13371.961014975781,11638.021443216476,11152.473176848067,11414.283273826586,9942.242541631542,10751.438075975353,3.394e-4,3.346e-4,2.92e-4,2.376e-4,2.071e-4,1.326e-4
MEX,MEX.17_1,RICE,0.06470591397873682,0.05606293404568874,0.04805374831466481,0.04031686245813313,0.034744228092403295,0.02821762591076854,208.12887533227791,181.14084473899177,173.5834928677429,177.65845546849744,154.7467687164992,167.34155240591187,3.109e-4,3.095e-4,2.768e-4,2.269e-4,2.245e-4,1.686e-4
MEX,MEX.18_1,RICE,42.163486959545914,46.96112274749021,46.28602839881334,48.53083823227684,52.69012524388338,54.43740314551147,25270.304266869072,21993.508850725564,21075.920741274836,21570.68892100376,18788.82939014415,20318.04543716662,0.001668,0.002135,0.002196,0.00225,0.002804,0.002679
MEX,MEX.1_1,RICE,0,0,0,0,0,0,2.256024205668716,1.963485987775704,1.8815676632516631,1.9257384408519362,1.6773859725906952,1.8139078118747127,0,0,0,0,0,0
MEX,MEX.20_1,RICE,0.9426145310852998,0.9596353592053606,0.8282097081472009,0.7088554632167589,0.5882720046863432,0.4612681912590069,216.96577746928838,188.83186750274007,180.9536395454865,185.20162016528025,161.3171307048735,174.4466737866217,0.004345,0.005082,0.004577,0.003827,0.003647,0.002644
MEX,MEX.21_1,RICE,0.005058772594963892,0.004489264027473935,0.003993925012855983,0.003544418027809756,0.003107888309171165,0.00272520147278948,27.657311650595716,24.070993453456214,23.066730899196752,23.608234380795167,20.563603212106162,22.237267460345652,1.829e-4,1.865e-4,1.731e-4,1.501e-4,1.511e-4,1.226e-4
MEX,MEX.23_1,RICE,5.582594897104046,4.92578869979771,4.353305259543165,3.8128165055757766,3.381134406865951,2.949619928816266,398.66501825341436,428.59926806994497,439.2835073676146,506.08521468917684,479.6568434681081,487.4507794653891,0.014,0.01149,0.00991,0.007534,0.007049,0.006051
MEX,MEX.24_1,RICE,0.05312171710660905,0.031777502552965554,0.021392701591098857,0.015145261060310857,0.008051712419701571,0.0042881660391489345,3.717356394387,3.2353275171459313,3.1003468698985546,3.173129122032569,2.763907167040706,2.988860574437984,0.01429,0.009822,0.0069,0.004773,0.002913,0.001435
MEX,MEX.27_1,RICE,109.96777950214188,101.49372715444201,89.64128370126257,99.68504954981687,107.52776387231916,106.02569255821412,8448.644614418503,7353.110518240321,7046.332421811573,7211.74873310359,6281.687017373494,6792.951257942904,0.01302,0.0138,0.01272,0.01382,0.01712,0.01561
MEX,MEX.28_1,RICE,0.23904656394256574,0.202627883105833,0.23539962403934572,0.3974547139856372,1.2525968861605665,1.9198914627571035,3401.097306623786,2954.121944165514,2811.158823730608,2923.7799923011034,2574.091394467985,2755.39844994582,7.029e-5,6.859e-5,8.374e-5,1.359e-4,4.866e-4,6.968e-4
MEX,MEX.30_1,RICE,54.10245197444832,51.53084783907877,47.890969277169205,42.446606831994224,46.095914143590306,40.916020942208505,19368.30629931973,16856.821806302283,16153.540699245894,16532.75345232344,14400.61024952035,15572.670723497213,0.002793,0.003057,0.002965,0.002567,0.003201,0.002627
MEX,MEX.31_1,RICE,0.7909907785770713,0.6861937612544562,0.5916686761160052,0.5034946245323758,0.4010600058811922,0.3179498587200962,7.1024706118772905,6.18149463554897,5.923597361643715,6.06265688459627,5.280787566536447,5.7105889618219,0.1114,0.111,0.09988,0.08305,0.07595,0.05568
MEX,MEX.4_1,RICE,1437.037475823489,1365.2779955958767,1272.3547821244854,1300.5549478605628,1686.642831953037,1668.7054864770994,34107.897817395366,29686.324127562035,28448.201846946795,29116.862183969723,25362.37850239526,27426.157555250666,0.04213,0.04599,0.04473,0.04467,0.0665,0.06084
MEX,MEX.5_1,RICE,40.49867459017541,38.97257682848967,36.88202080927931,36.389828434396826,66.44901393337584,64.56349864347308,1034.6571017441947,900.7890108274765,863.5959583073583,885.7195072259763,770.4399794433457,833.5856339346759,0.03914,0.04326,0.04271,0.04109,0.08625,0.07745
MEX,MEX.8_1,RICE,2.2115790517292564,2.3193520052977807,2.1375970090441965,2.037582315487897,1.9531606360333935,2.0827093025561756,10484.91845425315,9125.34112717762,8744.624045159866,8949.908633878424,7795.685478342841,8430.173507558504,2.109e-4,2.542e-4,2.444e-4,2.277e-4,2.505e-4,2.471e-4
MKD,MKD.11_1,RICE,0.00468639644588657,0.00398675820143466,0.003287119956982759,0.0025874817125308555,0.0073951155814625455,0.006880910873424889,0.5998736882801275,0.5827853713068849,0.5833693245847474,0.6145954577588745,0.5719053997088132,0.5847252436063559,0.007812,0.006841,0.005635,0.00421,0.01293,0.01177
MKD,MKD.14_1,RICE,0.23886685711446667,0.20939381852449795,0.17994488637056888,0.15050145805241338,0.12105802973425789,0.09168344634196961,99.44254788032971,96.60977522834366,96.70657861033601,101.88301208950472,94.80617537438135,96.9313526667123,0.002402,0.002167,0.001861,0.001477,0.001277,9.459e-4
MKD,MKD.15_1,RICE,0,0,0,0,0,0,0.027730385720495007,0.026940443387233646,0.02696743781948539,0.02841092956515722,0.02643749449159602,0.02703011794400086,0,0,0,0,0,0
MKD,MKD.16_1,RICE,6.611262724190093e-4,6.036370313390955e-4,5.461477902591815e-4,4.886585491792677e-4,4.3116930809935394e-4,3.7368006701944e-4,0.17100979017634294,0.16613831546899346,0.16630478672697843,0.17520661820659544,0.1630366930833789,0.16669132714692278,0.003866,0.003633,0.003284,0.002789,0.002645,0.002242
MKD,MKD.18_1,RICE,0,0,0,0,0,0,0.9351969553642187,0.9085564436733432,0.9094668208714127,0.9581480436734441,0.8915946790356276,0.9115806847822706,0,0,0,0,0,0
MKD,MKD.19_1,RICE,0,0,0,0,0,0,0.31242462111816943,0.30352472925723584,0.30382886225248357,0.32009197399836226,0.29785825134577815,0.30453504839611567,0,0,0,0,0,0
MKD,MKD.1_1,RICE,0,0,0,0,0,0,1.6902396525237189,1.6420905979687854,1.6437359793294757,1.7317205826169078,1.6114345452485583,1.6475564971163192,0,0,0,0,0,0
MKD,MKD.20_1,RICE,0.01275439368458412,0.01198140012794266,0.0112084065713012,0.01043541301465973,0.00966241945801827,0.00888942590137681,2.8138540436086767,2.733697119321023,2.736436294791284,2.88291009888527,2.6826619552961497,2.742796564121812,0.004533,0.004383,0.004096,0.00362,0.003602,0.003241
MKD,MKD.21_1,RICE,0.05187025751248767,0.04801256989809061,0.0441595738792391,0.04031126945593312,0.03646296503262713,0.03261466060932116,3.102057979720467,3.013691126727098,3.0167108573150005,3.1781869771733877,2.9574287778788015,3.0237225657846523,0.01672,0.01593,0.01464,0.01268,0.01233,0.01079
MKD,MKD.23_1,RICE,0,0,0,0,0,0,1.7241323473550612,1.675017807692728,1.6766961822495345,1.766445053287179,1.6437470396343365,1.680593309080104,0,0,0,0,0,0
MKD,MKD.24_1,RICE,0,0,0,0,0,0,10.56369708520159,9.026134212719617,7.909741797836558,7.0263295583590395,9.198157984796273,8.328704252817358,0,0,0,0,0,0
MKD,MKD.25_1,RICE,0.00795116032489073,0.00749680830632554,0.00704245628776036,0.00658810426919517,0.00613375225062999,0.0056794002320648,0.2775803986829465,0.2696730976445349,0.26994331116922876,0.2843926238581248,0.26463859302655335,0.2705707374923918,0.02864,0.0278,0.02609,0.02317,0.02318,0.02099
MKD,MKD.26_1,RICE,2.8205705280554114e-4,2.6008087231258836e-4,2.381046918196355e-4,2.161285113266827e-4,1.9415233083372988e-4,1.7217615034077706e-4,0.15869382663006026,0.15417319092935766,0.1543276730845975,0.16258840307005404,0.151294944458047,0.15468637522863793,0.001777,0.001687,0.001543,0.001329,0.001283,0.001113
MKD,MKD.27_1,RICE,0,0,0,0,0,0,5.248609507035912,5.099094859740494,5.104204173227208,5.377417989148331,5.0039002821459295,5.116067819869201,0,0,0,0,0,0
MKD,MKD.29_1,RICE,0,0,0,0,0,0,1.007889825949471,0.979178546964539,0.9801596877931608,1.032624902628936,0.9608983441575858,0.9824378623712267,0,0,0,0,0,0
MKD,MKD.2_1,RICE,0,0,0,0,0,0,1.2097699978881609,1.1753078542860593,1.1764855174667066,1.2394595064950071,1.1533661297624187,1.1792200100506547,0,0,0,0,0,0
MKD,MKD.30_1,RICE,0,0,0,0,0,0,0.3323600917961448,0.32289230764619825,0.3232158470326173,0.3405166900116563,0.3168642580255489,0.3239670941356232,0,0,0,0,0,0
MKD,MKD.32_1,RICE,0,0,0,0,0,0,4.41019235621546,4.2845613002642455,4.288854447859701,4.5184248666482505,4.204573181906818,4.298822985939591,0,0,0,0,0,0
MKD,MKD.33_1,RICE,0,0,0,0,0,0,0.3003960013753102,0.29183876309450923,0.29213118670482446,0.3077681544985182,0.2863904495128483,0.2928101840674987,0,0,0,0,0,0
MKD,MKD.35_1,RICE,0.19949460785895293,0.1760076877292666,0.1527684945183291,0.12952930130739165,0.10630775139913888,0.08314317981872535,64.60262366109495,62.76231939039259,62.82520748597414,66.18806564970363,61.59061487271517,62.97123143731467,0.003088,0.002804,0.002432,0.001957,0.001726,0.00132
MKD,MKD.36_1,RICE,0,0,0,0,0,0,0.13580165137608002,0.13193313420397734,0.13206533173323987,0.13913442066643472,0.129470085500876,0.1323722897576776,0,0,0,0,0,0
MKD,MKD.3_1,RICE,0,0,0,0,0,0,0.043901245320422944,0.04265065138671277,0.04269338751034675,0.044978645489932245,0.041854409925321766,0.042792619289911744,0,0,0,0,0,0
MKD,MKD.40_1,RICE,0,0,0,0,0,0,0.4608191382247614,0.447692002204013,0.4481405913845782,0.47212830756637736,0.4393340774713782,0.4491821997218792,0,0,0,0,0,0
MKD,MKD.41_1,RICE,6.023798259982409e-5,0,0,0,0,0,6.128774253863625,5.954186771275852,5.960152890285146,6.279183254150574,5.843028553944786,5.974006009287219,9.829e-6,0,0,0,0,0
MKD,MKD.43_1,RICE,0.011730902238364543,0.010805830625557563,0.009880759012750581,0.00903971441234578,0.00828269682434315,0.00752567923634053,1.6944146660058637,1.6461466798239157,1.6477961253948818,1.7359980569791604,1.6154149044490784,1.6516260801353813,0.006923,0.006564,0.005996,0.005207,0.005127,0.004557
MKD,MKD.44_1,RICE,0.01178351253498091,0.01102328591982085,0.01026305930466079,0.00950283268950073,0.00874260607434068,0.00798237945918062,1.7997179801184766,1.7484502684192311,1.750202222596004,1.843885666996064,1.715808595862517,1.7542701987223939,0.006547,0.006305,0.005864,0.005154,0.005095,0.00455
MKD,MKD.45_1,RICE,0,0,0,0,0,0,0.38404567202160844,0.3731055452850568,0.3734793985368454,0.39347070926406924,0.36614006890962647,0.3743474726698408,0,0,0,0,0,0
MKD,MKD.46_1,RICE,0,0,0,0,0,0,0.30958610542854015,0.30076707301649647,0.3010684428291383,0.31718379702093025,0.2951520775599076,0.3017682129597132,0,0,0,0,0,0
MKD,MKD.48_1,RICE,0.0315040240927361,0.028644527139902995,0.026441746955746276,0.024238966771589567,0.02208375482666233,0.01997611112096456,7.027062717684626,6.826886118082585,6.833726685335172,7.1995170184209165,6.699435549271213,6.849610242475778,0.004483,0.004196,0.003869,0.003367,0.003296,0.002916
MKD,MKD.49_1,RICE,0,0,0,0,0,0,0.8553223109281963,0.8309571503135803,0.831789772708684,0.8763131597310762,0.815444080425857,0.8337230926952942,0,0,0,0,0,0
MKD,MKD.4_1,RICE,3.864112922327139e-4,0,0,0,0,0,3.412064960658653,3.314867085972404,3.3181885960785884,3.4958019785987844,3.2529821082045407,3.325901026000936,1.132e-4,0,0,0,0,0
MKD,MKD.50_1,RICE,0,0,0,0,0,0,5.062818084461254,4.918595989217867,4.923524442112875,5.18706697586698,4.826771130016141,4.934968136806911,0,0,0,0,0,0
MKD,MKD.51_1,RICE,0,0,0,0,0,0,0.8855646626339668,0.8603380025036005,0.8612000646303576,0.9072977025664223,0.844276423931389,0.8632017426408939,0,0,0,0,0,0
MKD,MKD.59_1,RICE,1.7947922205755682e-5,1.2819944432682632e-5,7.69196665960958e-6,2.5639888865365264e-6,0,0,4.795711513487307,4.6590983563247415,4.66376679155152,4.91340522262556,4.572118036836346,4.674606734343355,3.742e-6,2.752e-6,1.649e-6,5.218e-7,0,0
MKD,MKD.60_1,RICE,0,0,0,0,0,0,0.0014396167108795997,0.0013986070330822302,0.0014000084429350182,0.0014749469908525135,0.0013724965547723944,0.001403262467440916,0,0,0,0,0,0
MKD,MKD.61_1,RICE,0.007601801141021723,0.006482697353142242,0.005767469333702717,0.005052241314263183,0.004409420772854298,0.003839007709476038,3.5443831437818534,3.4434159838298752,3.4468663004469393,3.631367441654151,3.37913113738563,3.4548778145680212,0.002145,0.001883,0.001673,0.001391,0.001305,0.001111
MKD,MKD.62_1,RICE,0,0,0,0,0,0,7.479603172957027,7.266535268245269,7.27381636570844,7.663163472160143,7.130876926036702,7.290722818540822,0,0,0,0,0,0
MKD,MKD.63_1,RICE,0.010151368464037155,0.00884999139894408,0.00801303692228286,0.00717608244562163,0.02710433835617192,0.02529081868388845,0.7768456843085233,0.7547160501003289,0.7554722786074434,0.795910602987885,0.7406263189677734,0.7572282146666299,0.01307,0.01173,0.01061,0.009016,0.0366,0.0334
MKD,MKD.64_1,RICE,0,0,0,0,0,0,0.07069339378596082,0.06867958463825131,0.06874840185732772,0.07242831209846595,0.06739741118809095,0.06890819302538388,0,0,0,0,0,0
MKD,MKD.65_1,RICE,0.008729046234532871,0.008004676051271168,0.0072803058680094655,0.0065559356847477625,0.00583156550148606,0.005107195318224357,1.1803352887273788,1.1467116377112694,1.1478606473682949,1.209302426922912,1.1253037735751135,1.1505286074757797,0.007395,0.006981,0.006342,0.005421,0.005182,0.004439
MKD,MKD.67_1,RICE,0,0,0,0,0,0,3.6419695452700167,3.5382224878271367,3.5417678009411917,3.73134875482962,3.472167706649476,3.5499998935950776,0,0,0,0,0,0
MKD,MKD.68_1,RICE,0,0,0,0,0,0,0.12085095384614775,0.11740833009686717,0.1175259737141987,0.12381681135676896,0.11521644375290077,0.11779913806579631,0,0,0,0,0,0
MKD,MKD.69_1,RICE,0,0,0,0,0,0,0.6666976008350848,0.6477057027889578,0.6483547064991672,0.6830593259503633,0.6356137389250567,0.6498616703422134,0,0,0,0,0,0
MKD,MKD.6_1,RICE,0,0,0,0,0,0,0.5896054126221967,0.5728096031428471,0.5733835606610265,0.6040751837383987,0.5621158683304558,0.5747162698793785,0,0,0,0,0,0
MKD,MKD.72_1,RICE,0.02018824842271997,0.01852708265816802,0.01686591689361605,0.01520475112906409,0.01354358536451214,0.01188241959996018,3.542710776295629,3.4417912562822885,3.4452399449158384,3.6296540318466892,3.3775367417414213,3.453247678916322,0.005699,0.005383,0.004895,0.004189,0.00401,0.003441
MKD,MKD.73_1,RICE,0,0,0,0,0,0,2.754589948207171,2.6761212520701085,2.6788027362906197,2.8221915767137413,2.626160967119533,2.6850290485634813,0,0,0,0,0,0
MKD,MKD.75_1,RICE,0.00600649762523069,0.00548419348390628,0.00496188934258188,0.00443958520125747,0.00391728105993306,0.00339497691860865,1.5775451344721454,1.5326063551522093,1.5341420328627828,1.6162603778071265,1.5039942546499478,1.5377078226233059,0.003807,0.003578,0.003234,0.002747,0.002605,0.002208
MKD,MKD.76_1,RICE,8.709854701264699e-4,7.734447749029442e-4,6.884407059266222e-4,6.159732631975041e-4,5.435058204683861e-4,4.7103837773926783e-4,3.143841891348597,3.0542847599012237,3.057345165472267,3.220996326534373,2.9972645718933646,3.064451319825579,2.77e-4,2.532e-4,2.252e-4,1.912e-4,1.813e-4,1.537e-4
MKD,MKD.77_1,RICE,0.00822590916448877,0.00664732702625628,0.00522957898756403,0.003972665048411997,0.00311399628114445,0.002677799877492,3.0140257337921925,2.928166613596042,2.9311006482790045,3.0879942923784442,2.8735009147661197,2.937913373864257,0.002729,0.00227,0.001784,0.001286,0.001084,9.115e-4
MKD,MKD.79_1,RICE,0.2514052821622613,0.2186344295652128,0.18599995658454152,0.1533654836038702,0.12076751751022904,0.08827542212715282,39.660947211406786,38.531144636883674,38.56975299824328,40.63428432147257,37.811809904183704,38.65940025864093,0.006339,0.005674,0.004822,0.003774,0.003194,0.002283
MKD,MKD.7_1,RICE,0,0,0,0,0,0,13.985864271626221,13.587455595787294,13.601070280753012,14.329097645235654,13.333792518004955,13.63268310153517,0,0,0,0,0,0
MKD,MKD.85_1,RICE,0.023923416081800958,0.020745178882386806,0.017566941682972664,0.014388704483558511,0.01121046728414437,0.008032230084730228,6.094139959371295,5.920539087488395,5.926471491383674,6.243698983889116,5.8100090359658285,5.940246325073989,0.003926,0.003504,0.002964,0.002305,0.00193,0.001352
MKD,MKD.8_1,RICE,0,0,0,0,0,0,8.82559284643923,8.574182372895823,8.582773737998926,9.04218568245954,8.414111675711712,8.602722586316922,0,0,0,0,0,0
MLI,MLI.1_1,RICE,0,0,0,0,0,0,385.44497781536506,309.9212333752315,366.8382686209014,387.2203137749535,352.95994086814324,359.03311697521525,0,0,0,0,0,0
MLI,MLI.3_1,RICE,0.0026892077159586473,0.0023701480835208585,0.0020671353003572967,0.001764122517193735,0.0017912412495389202,0.0015410704974479891,1289.7983124008342,1157.2263935666547,1313.8353622929599,1408.3578356744636,1354.0695466272596,1345.730606370084,2.085e-6,2.048e-6,1.573e-6,1.253e-6,1.323e-6,1.145e-6
MLI,MLI.5_1,RICE,0.017143943704820256,0.015122597509927043,0.013103493408094196,0.011084389306261364,0.019513846529724255,0.016958918770183937,47891.57991724657,38606.34699369647,45673.16158907465,48233.825332619774,44018.54653850404,44747.45770967077,3.58e-7,3.917e-7,2.869e-7,2.298e-7,4.433e-7,3.79e-7
MLI,MLI.6_1,RICE,0.11977252171745593,0.1073963313739809,0.09507709214176335,0.08278485476532212,0.07050611701461833,0.05824087888965201,639.4432343378861,514.1797711427253,608.5782104002712,642.4048840014026,585.5836927600312,595.6536251629416,1.873e-4,2.089e-4,1.562e-4,1.289e-4,1.204e-4,9.778e-5
MLI,MLI.7_1,RICE,0.00855280367782497,0.00754659148043379,0.00654037928304262,0.00553416708565145,0.00452795488826027,0.0035217426908691,98091.60867996402,78871.92355071794,93356.43250393786,98543.58383023312,89824.8523939224,91370.3551275526,8.719e-8,9.568e-8,7.006e-8,5.616e-8,5.041e-8,3.854e-8
MLI,MLI.8_1,RICE,0.0038333684613926122,0.0028162101919535,0.001975141985643733,0.0013185942348984544,7.480637970295581e-4,0.14891831756458665,221900.36336111522,179280.64323326925,211699.87876202902,223509.5080262427,204170.01795130034,207508.62556271718,1.728e-8,1.571e-8,9.33e-9,5.899e-9,3.664e-9,7.176e-7
MLI,MLI.9_1,RICE,1.6281694781399953e-5,1.4731057183171386e-5,1.318041958494282e-5,1.1629781986714252e-5,1.0079144388485685e-5,8.528506790257118e-6,0.005727087002497982,0.004604926694132886,0.005450621492450742,0.005753465614451508,0.005244412059032461,0.005334649602517473,0.002843,0.003199,0.002418,0.002021,0.001922,0.001599
MMR,MMR.10_1,RICE,0.0032651699000923783,0.0028858369273653405,0.002506503954638293,0.002127170981911256,0.0017478380091842088,0.0013685050364571716,454.46092459536675,472.341822880841,481.72038587874835,441.5567931283488,475.98617270950655,464.89268776598,7.185e-6,6.11e-6,5.203e-6,4.817e-6,3.672e-6,2.944e-6
MMR,MMR.11_1,RICE,109.60390442340041,96.8360814596597,84.59194726662783,73.85887884900393,67.78349434780748,61.572154606815666,104869.82124538971,108994.76852019611,111158.811005187,101896.9955918952,109838.39274251016,107279.43384853346,0.001045,8.884e-4,7.61e-4,7.248e-4,6.171e-4,5.739e-4
MMR,MMR.12_1,RICE,255.28456268866603,232.73551806171574,208.54379596206178,185.8978600360781,164.39389047432527,141.16471026676172,399170.0039006429,414876.7323615695,423112.962201765,387842.98807131307,418082.7149761189,408338.34883622325,6.395e-4,5.61e-4,4.929e-4,4.793e-4,3.932e-4,3.457e-4
MMR,MMR.13_1,RICE,502.23306596697586,485.33687072955126,457.50492871348644,461.1874350476432,453.72878961643687,446.9547650109736,139329.34006255647,144258.5454123748,146562.0024401375,136388.85759193572,145205.0465190247,142338.9117154524,0.003605,0.003364,0.003122,0.003381,0.003125,0.00314
MMR,MMR.14_1,RICE,170.23110224377734,159.19979908207154,148.05374655786434,146.50730034622896,142.6861195811257,131.16466900059905,41914.80454326727,43563.95320101162,44428.93802718282,40724.73633016278,43900.09465806022,42876.95915112616,0.004061,0.003654,0.003332,0.003598,0.00325,0.003059
MMR,MMR.15_1,RICE,25.201494657194768,24.835418179651377,24.048496304680466,22.257098411190427,24.004276518348895,22.647680029876444,223405.71674992773,232195.68015801534,236806.03162111936,217062.2522551723,233987.1842048933,228533.8045611545,1.128e-4,1.07e-4,1.016e-4,1.025e-4,1.026e-4,9.91e-5
MMR,MMR.1_1,RICE,135.83140164799835,139.71988339513103,131.25949265058628,426.4784555616376,949.3367282783854,1130.9767228051287,573219.686058989,595773.1826236896,607602.5317412876,556943.47442435,600369.8661923304,586377.4553766146,2.37e-4,2.345e-4,2.16e-4,7.657e-4,0.001581,0.001929
MMR,MMR.2_1,RICE,141.3745740282251,132.36390631689164,125.36593311034675,117.92243941349493,109.463222555441,101.96343058634146,856827.422981239,890539.5490835516,908221.6192679552,832498.348439703,897410.500364826,876495.1661707892,1.65e-4,1.486e-4,1.38e-4,1.416e-4,1.22e-4,1.163e-4
MMR,MMR.3_1,RICE,245.73623626538128,216.31499422535805,190.695867922586,162.1511389209922,136.14681549792311,108.31063981723113,8104.670204627342,8460.795497489567,8589.487279416206,8085.0899932130515,8673.128906088858,8459.31118845708,0.03032,0.02557,0.0222,0.02006,0.0157,0.0128
MMR,MMR.4_1,RICE,239.14501603784626,241.86312443944712,232.00432108204762,244.4218856711816,226.31644556489854,204.86634676370386,35977.88222733999,37384.5614495697,38116.82567984974,34956.917567307384,37664.96815057382,36792.79986163413,0.006647,0.00647,0.006087,0.006992,0.006009,0.005568
MMR,MMR.5_1,RICE,35.299539507494124,35.284414272139834,35.52890523590287,36.8866238673365,40.092644684342986,38.57202876617863,8311.443690570813,8638.084855076331,8810.203556805214,8093.174696992087,8710.336189417376,8510.59633775032,0.004247,0.004085,0.004033,0.004558,0.004603,0.004532
MMR,MMR.6_1,RICE,189.28090063380887,177.50106636227778,170.96542425797142,161.0946683388251,159.6615518606341,157.8483813259445,119852.24739407636,124555.86133111936,127048.36481934378,117016.78920540998,125696.31354406485,122871.36957994475,0.0015790000000000001,0.001425,0.001346,0.001377,0.00127,0.001285
MMR,MMR.7_1,RICE,20.446872659683997,17.688100122913948,14.873468657277176,13.656170340589123,14.5006439222075,13.671694418379735,564955.3581579432,587183.6923190159,598842.4931767731,548913.8069043184,591714.103738963,577923.4268725857,3.619e-5,3.012e-5,2.484e-5,2.488e-5,2.451e-5,2.366e-5
MMR,MMR.8_1,RICE,7.18079670125007,6.627533252582193,5.823340770282315,5.474032435116614,5.01762555430987,4.842248496531623,39676.14070780446,41237.210093446534,42055.99376659354,38549.5617037828,41555.37548185553,40586.872700343214,1.81e-4,1.607e-4,1.385e-4,1.42e-4,1.207e-4,1.193e-4
MMR,MMR.9_1,RICE,197.8705850621558,189.85170262428377,179.0749515138363,169.49977471199153,160.34787191850788,144.70539885126237,193683.059059082,201303.5757883002,205300.55038546785,188183.55069264132,202856.73203319815,198128.88859671095,0.001022,9.431e-4,8.723e-4,9.007e-4,7.904e-4,7.304e-4
MOZ,MOZ.10_1,RICE,2.927187532186656,2.6574567826247075,2.4107000923666915,2.2056924259261463,1.9977819099164247,1.720648967581431,178.50970803172532,200.84034705014403,205.3002866036426,158.40270447228443,163.38275462061378,166.78055862299883,0.0164,0.01323,0.01174,0.01392,0.01223,0.01032
MOZ,MOZ.11_1,RICE,45.53551995222704,48.962017142530236,53.35018023301628,58.80734934538144,60.62999512493876,61.84420068014224,5732.746937861675,6763.108102601339,7911.131031036217,5275.913821177746,5511.219222163949,5655.836479142162,0.007943,0.00724,0.006744,0.01115,0.011,0.01093
MOZ,MOZ.1_1,RICE,4.836702951849664,4.311612123281209,3.7844199057018075,3.22930896859319,2.741247772515942,2.540941562946767,1329.2344521813245,1550.8825555705776,1822.086261317286,1216.510379960703,1277.6649738266394,1306.8408153836262,0.003639,0.00278,0.002077,0.002655,0.002146,0.001944
MOZ,MOZ.2_1,RICE,18.280970039225995,16.94539623515646,15.882062128701381,14.888573263016877,13.919372142198048,12.908909035678242,21825.400057549563,25871.119798770305,30598.035220595375,20157.018385133782,21077.105606505596,21642.443952329937,8.376e-4,6.55e-4,5.191e-4,7.386e-4,6.604e-4,5.965e-4
MOZ,MOZ.3_1,RICE,3.163860935673601,2.9175012909839233,2.6568625240325554,2.3256312985097525,2.002821152480708,1.7053365019043647,36.28725343638244,43.01373071492702,50.87277464685158,33.51337582516196,35.04312731184533,35.98306773805241,0.08719,0.06783,0.05223,0.06939,0.05715,0.04739
MOZ,MOZ.4_1,RICE,6.965480388245542,7.067743247701833,7.509714967047226,7.452061164350904,7.960960326946965,8.185446602300503,170.21527425074086,202.2132844495001,238.6775055286529,157.26377417106815,164.36075404675944,168.84129599373594,0.04092,0.03495,0.03146,0.04739,0.04844,0.04848
MOZ,MOZ.5_1,RICE,0.03285686650698278,0.03091282147330377,0.02896988872677365,0.02702695598024354,0.02508402323371342,0.0231410904871833,0.15017549918631648,0.17801315531650036,0.21053796041570996,0.13869575311853827,0.1450266591912848,0.14891662079883705,0.2188,0.1737,0.1376,0.1949,0.173,0.1554
MOZ,MOZ.6_1,RICE,0.8565565515612713,0.7839088320049449,0.6941948001420696,0.623630596756043,0.537877853088509,0.45216923881919624,124.01593747523621,146.95556495855956,173.75756327100802,114.55621128951837,119.77323214536638,122.9787081149595,0.006907,0.005334,0.003995,0.005444,0.004491,0.003677
MOZ,MOZ.7_1,RICE,5.597910657604013,5.557278631433334,5.14395178196945,4.598400239354922,4.498822904671073,4.203082426228101,1378.3378762671728,1633.836915981566,1932.355456151886,1272.9746918537355,1331.080892122331,1366.783662880312,0.004061,0.003401,0.002662,0.003612,0.00338,0.003075
MOZ,MOZ.8_1,RICE,2.125767241800713,1.8747086927110177,1.6203996866638128,1.3773815496694495,1.1633834891218366,0.9116591052292851,488.40970120315717,552.3283647297043,629.9600877275182,438.5380400095425,462.77708089019006,470.2006827228969,0.004352,0.003394,0.002572,0.003141,0.002514,0.001939
MOZ,MOZ.9_1,RICE,51.1639425020099,46.63860746829953,44.90621836743564,41.68376180214618,44.42681098058036,40.4299906822702,15760.528984019387,18682.018765402478,22095.412669488676,14555.759420337547,15220.171586071952,15628.412963625076,0.003246,0.002496,0.002032,0.002864,0.002919,0.002587
MRT,MRT.13_1,RICE,0,0,0,0,0,0,26424.531050199545,37342.573821645616,34746.92971575679,41016.749472566225,38101.885190036934,38359.2608487392,0,0,0,0,0,0
MRT,MRT.3_1,RICE,0,0,0,0,0,0,42.86784426793143,55.30929535482327,52.699675705945715,60.76720805549913,58.137460229891474,58.010817689777035,0,0,0,0,0,0
MRT,MRT.5_1,RICE,0,0,0,0,0,0,24.301728739903165,35.73422573654111,32.92434438695881,39.2459373246869,36.01106801914617,36.391441333234404,0,0,0,0,0,0
MRT,MRT.6_1,RICE,0,0,0,0,0,0,1.4222953699065266,1.4564342183768004,1.484886037204541,1.6014117397664789,1.6649539704093153,1.6216574306504068,0,0,0,0,0,0
MTQ,MTQ.1_1,RICE,7.986353212579628,7.944125765371623,7.576568682566496,14.57536516711882,13.710491319534851,12.974576320152545,1122.9806488524325,927.7314292268837,959.5784818182459,1015.9805048655654,1070.894347885251,1007.3084333905351,0.007112,0.008563,0.007896,0.01435,0.0128,0.01288
MTQ,MTQ.2_1,RICE,1.3832971721804141,1.2891815140467295,1.1950658559130454,1.2282938517746769,1.339356989538526,3.2544682221848524,2373.206366504861,1960.5842153182218,2027.8869137587253,2147.0818796884023,2263.1318597096447,2128.7551033041805,5.829e-4,6.575e-4,5.893e-4,5.721e-4,5.918e-4,0.001529
MTQ,MTQ.3_1,RICE,1.4965394790179063,1.380020428063752,1.263501377109598,1.1469823261554437,1.0304632752012892,0.9139442242471351,1619.4841838813913,1337.9094092653847,1383.8370020762272,1465.1760566337475,1544.3689619944994,1452.6698014194192,9.241e-4,0.001031,9.13e-4,7.828e-4,6.672e-4,6.291e-4
MTQ,MTQ.4_1,RICE,0,0,0,0,0,0,556.0731751571518,459.39042856211034,475.1603277780698,503.08926143624115,530.2812839160966,498.79505892684114,0,0,0,0,0,0
MUS,MUS.12_1,RICE,0,0,0,0,0,0,0.4434183534264179,0.4434183534264179,0.4434183534264179,0.4434183534264179,0.4434183534264179,0.4434183534264179,0,0,0,0,0,0
MUS,MUS.2_1,RICE,0,0,0,0,0,0,0.3727517061030777,0.3727517061030777,0.3727517061030777,0.3727517061030777,0.3727517061030777,0.3727517061030777,0,0,0,0,0,0
MUS,MUS.3_1,RICE,0,0,0,0,0,0,1.2267258738226197,1.2267258738226197,1.2267258738226197,1.2267258738226197,1.2267258738226197,1.2267258738226197,0,0,0,0,0,0
MUS,MUS.4_1,RICE,0,0,0,0,0,0,0.5852474277990517,0.5852474277990517,0.5852474277990517,0.5852474277990517,0.5852474277990517,0.5852474277990517,0,0,0,0,0,0
MUS,MUS.5_1,RICE,0,0,0,0,0,0,0.7792636721572083,0.7792636721572083,0.7792636721572083,0.7792636721572083,0.7792636721572083,0.7792636721572083,0,0,0,0,0,0
MUS,MUS.6_1,RICE,0,0,0,0,0,0,0.7453531765000433,0.7453531765000433,0.7453531765000433,0.7453531765000433,0.7453531765000433,0.7453531765000433,0,0,0,0,0,0
MUS,MUS.7_1,RICE,0,0,0,0,0,0,0.156202805970114,0.156202805970114,0.156202805970114,0.156202805970114,0.156202805970114,0.156202805970114,0,0,0,0,0,0
MUS,MUS.8_1,RICE,0,0,0,0,0,0,0.031970567708266645,0.031970567708266645,0.031970567708266645,0.031970567708266645,0.031970567708266645,0.031970567708266645,0,0,0,0,0,0
MUS,MUS.9_1,RICE,0,0,0,0,0,0,0.40686059719569034,0.40686059719569034,0.40686059719569034,0.40686059719569034,0.40686059719569034,0.40686059719569034,0,0,0,0,0,0
MWI,MWI.11_1,RICE,0.002958763180407446,0.006441573702499014,0.006749770446294322,0.006584115607319061,0.0061779175259774,0.0057717194446357395,35.44495124348292,37.77337520060677,33.16331753176885,30.291809918938206,30.949797745013292,31.3588476965038,8.347e-5,1.705e-4,2.035e-4,2.174e-4,1.996e-4,1.841e-4
MWI,MWI.12_1,RICE,0.06301926294431094,0.06970092916237587,0.06766038064405845,0.07659553051907635,0.0811438412634775,0.13106149461567887,709.5316614776139,756.1588910822319,663.9252512028413,606.3867632171551,619.5616529825162,627.7520160930309,8.882e-5,9.218e-5,1.019e-4,1.263e-4,1.31e-4,2.088e-4
MWI,MWI.13_1,RICE,0.08744856754341856,0.0834177653523888,0.08029150927141444,0.0770589867652401,0.06824382559387515,0.05903543798194617,409.052596810908,435.96448675527415,382.8799979584918,349.6061980387111,357.20773355939065,361.933261024209,2.138e-4,1.913e-4,2.097e-4,2.204e-4,1.91e-4,1.631e-4
MWI,MWI.14_1,RICE,0.18687330637983762,0.18687101333341682,0.17349143532792896,0.16011185732244115,0.2766260613524295,0.47857211245078585,1562.3715424850525,1690.8740081696546,1488.4982269534967,1364.7645288267481,1359.172256485909,1389.5843806060864,1.196e-4,1.105e-4,1.166e-4,1.173e-4,2.035e-4,3.444e-4
MWI,MWI.15_1,RICE,2.1423808220282807,2.2881670059265753,2.3447201611469626,4.212727570394272,4.016277867972627,6.018206710111085,3826.98272699556,4078.715996443495,3581.936344898127,3270.7916696307625,3341.900280487821,3386.105375591773,5.598e-4,5.61e-4,6.546e-4,0.001288,0.001202,0.001777
MWI,MWI.16_1,RICE,0.0012759674801876286,0.0010163262737233154,8.297257137825303e-4,5.663388331375233e-4,5.138905888361264e-4,4.1889890099846633e-4,3.334075387953054,3.555124377183283,3.127364266612395,2.8505220357318817,2.9128147235001793,2.9515349248971297,3.827e-4,2.859e-4,2.653e-4,1.987e-4,1.764e-4,1.419e-4
MWI,MWI.17_1,RICE,0.020808220418015812,0.017564514706722417,0.014681616822906722,0.012422477943371422,0.010784689439948533,0.009415392010987626,373.7254596184506,589.8702762370825,547.2681023597341,538.1892390422812,288.8170793188958,384.85325467467516,5.568e-5,2.978e-5,2.683e-5,2.308e-5,3.734e-5,2.446e-5
MWI,MWI.18_1,RICE,0.0026440620682980534,0.0022212187887068824,0.0019393606563774912,0.0017984876713098906,0.0016576146862423,0.0015895566892450692,18.081295334834717,19.269078637010985,16.917380826841068,15.45255790051913,15.788212818712225,15.99687872796382,1.462e-4,1.153e-4,1.146e-4,1.164e-4,1.05e-4,9.937e-5
MWI,MWI.19_1,RICE,0.5410737079472486,0.5369610951504464,0.5399894912486534,0.6229962913223298,1.853567746719504,1.8151589970899784,8303.576744568092,8849.049268681769,7769.065623419491,7096.366607078347,7250.511336274741,7346.338176075736,6.516e-5,6.068e-5,6.951e-5,8.779e-5,2.556e-4,2.471e-4
MWI,MWI.1_1,RICE,0.0021164159002473783,0.0015752551643929559,0.0010340944285385254,4.929336926840946e-4,1.3702691636146945e-4,4.8828257523500734e-5,35.68871593036843,38.03315310000727,33.39139079553735,30.500135034392926,31.162648023876923,31.574511124485927,5.93e-5,4.142e-5,3.097e-5,1.616e-5,4.3970000000000004e-06,1.5460000000000001e-06
MWI,MWI.20_1,RICE,0.1815428643030552,0.1682855703905477,0.17770224783889355,0.16371128988808079,0.15809692342997833,0.14407915955758305,15726.24413449599,16759.321126104816,14713.927076153044,13439.894296611801,13731.830858163305,13913.318465697432,1.154e-5,1.004e-5,1.208e-5,1.218e-5,1.151e-5,1.036e-5
MWI,MWI.21_1,RICE,0.3032598338682824,0.2962088472841291,0.2756379740672542,0.32611469750129274,0.31059374973530374,0.289443966100725,262.1638574493326,280.9603031592514,251.42334888671883,224.95639957316857,230.13353042966975,233.34797779271932,0.001157,0.001054,0.001096,0.00145,0.00135,0.00124
MWI,MWI.22_1,RICE,0.14389402075895547,0.13313240640110513,0.12642079794403754,0.12409309592783498,0.11279257350443922,0.10637128937212353,917.4311821628212,977.698404111762,858.375044688651,784.0510427812388,801.0819182077017,811.6694678415465,1.568e-4,1.362e-4,1.473e-4,1.583e-4,1.408e-4,1.311e-4
MWI,MWI.23_1,RICE,0.003835468029405148,0.0038348616548984533,0.0032959961881852406,0.0027738655571123393,0.0023066801707021765,0.001958989975257517,60.23848876461433,64.19563175564194,56.36086552389047,51.48075501436318,52.59900150300985,53.29417951969729,6.367e-5,5.974e-5,5.848e-5,5.388e-5,4.385e-5,3.676e-5
MWI,MWI.24_1,RICE,0.1671825750433047,0.19861100691303576,0.3226433087589623,0.6067910200054573,0.571898114904584,0.5649512914741875,499.33884053469365,532.1581153785285,467.26232152199856,426.7526200603304,436.02553911100546,441.79017234346725,3.348e-4,3.732e-4,6.905e-4,0.001422,0.001312,0.001279
MWI,MWI.25_1,RICE,0.09346457825395776,0.07689348031962892,0.05991458255139804,0.04312931172534633,0.026541615999184268,0.010220627725094297,48.96802680802285,52.26302396408622,45.8965737260539,41.93817374708704,42.742551706500265,43.34511300398015,0.001909,0.001471,0.001305,0.001028,6.21e-4,2.358e-4
MWI,MWI.26_1,RICE,0.2108420825793263,0.1951985884680333,0.1795637590197465,0.16392892957145969,0.14829410012317285,0.13265927067488606,857.5059913522769,913.8366512515197,802.3073097565197,732.8380371004123,748.7564819931806,758.6524692032058,2.459e-4,2.136e-4,2.238e-4,2.237e-4,1.981e-4,1.749e-4
MWI,MWI.27_1,RICE,0.0031062086475424815,0.002044226742126652,0.001393647734063805,0.0013268118395566002,0.0012012855336739259,0.0010842685703419625,111.3166779937841,118.83298971255682,104.94510798219576,95.2503652651222,97.35698245543281,98.66608003217722,2.79e-5,1.72e-5,1.328e-5,1.393e-5,1.234e-5,1.099e-5
MWI,MWI.28_1,RICE,0.14108556287840632,0.13029063917535735,0.17951022743101952,0.1689060325406559,0.15325798466992427,0.15945257441014662,279.25390050444696,297.6012723590782,261.28901268133416,238.6563816694644,243.8409120369172,247.06396126964586,5.052e-4,4.378e-4,6.87e-4,7.077e-4,6.285e-4,6.454e-4
MWI,MWI.2_1,RICE,0.02453424250972795,0.022669793732266644,0.03209293929502248,0.03330109751114654,0.034180748637273654,0.03147176150663333,69.75644662767786,74.33883638400685,65.26614110738583,59.61495072601324,60.90988529528304,61.71490463113128,3.517e-4,3.05e-4,4.917e-4,5.586e-4,5.612e-4,5.1e-4
MWI,MWI.3_1,RICE,0.08164157900977789,0.0683698695302907,0.058577612651954214,0.05008864022746104,0.04650258405968093,0.04542348862891526,10324.645115434236,11002.884698501344,9660.037386702026,8823.603550493925,9015.26679415678,9134.417691132461,7.907e-6,6.214e-6,6.064e-6,5.677e-6,5.158e-6,4.973e-6
MWI,MWI.4_1,RICE,0.00258686065230832,0.0024351400498188857,0.0022834194473294513,0.005372336506714108,0.005281120211069247,0.005120371989805989,4.309137462225726,4.5922101862552465,4.0317531533946624,3.6826562977517887,3.7626496364801056,3.812378932417943,6.003e-4,5.303e-4,5.664e-4,0.001459,0.001404,0.001343
MWI,MWI.5_1,RICE,0.05641987083274692,0.06645847841856796,0.14262272921536803,0.13554463644373368,0.13401059072082577,0.18822633592739801,2483.1010140870626,2650.254704995508,2575.8049295254223,2341.7596079503787,2148.4016246645047,2234.663694064896,2.272e-5,2.508e-5,5.537e-5,5.788e-5,6.238e-5,8.423e-5
MWI,MWI.6_1,RICE,0.03541115228874686,0.03062116934221558,0.025977836559005554,0.021447918330696415,0.016968239883839453,0.012528938529927819,729.1377604923184,777.0357479352015,682.2022947501034,623.1325385054552,636.6679999211007,645.0825626471284,4.857e-5,3.941e-5,3.808e-5,3.442e-5,2.665e-5,1.942e-5
MWI,MWI.7_1,RICE,0.033623466334191825,0.029071140417655725,0.02453693967219307,0.02000273892673044,0.015468538181267802,0.011120571383615309,61.461599613085944,65.4990903123735,57.505243270830476,52.52604468276146,53.66699657852539,54.37628981940366,5.471e-4,4.438e-4,4.267e-4,3.808e-4,2.882e-4,2.045e-4
MWI,MWI.8_1,RICE,0.35484755826189546,0.4548664737014409,0.43440766098317174,0.5883218979576907,0.5420474823708981,0.5102765398375304,21894.012171027658,22889.776559030637,20427.530739714086,18551.305387239398,19173.49277430622,19303.809393315667,1.621e-5,1.987e-5,2.127e-5,3.171e-5,2.827e-5,2.643e-5
MWI,MWI.9_1,RICE,0.0017157863262685816,0.0026095562850461176,0.0023512157707108053,0.002092875256375503,0.0018575914164374158,0.00169382557477001,143.46683909566957,213.96319472911588,197.21782697839936,192.3520561754054,113.31501775914153,144.20801377419036,1.196e-5,1.22e-5,1.192e-5,1.088e-5,1.639e-5,1.175e-5
MYS,MYS.10_1,RICE,0.5550819553586432,0.4461701531416961,0.35676465039518696,0.4949373427410089,3.9318983728789454,3.691657197373864,53925.68902135901,55875.59545484904,52217.19950948721,49777.97137611958,48125.93651521088,49384.02576872285,1.029e-5,7.985e-6,6.832e-6,9.943e-6,8.17e-5,7.475e-5
MYS,MYS.11_1,RICE,36.14054513122246,33.407517605964145,30.198419998173716,26.848885753151855,23.886525684509692,20.869121610342784,62509.06453847939,64769.338432184246,60528.63400344052,57701.15286078217,55786.16288820235,57244.50275868223,5.782e-4,5.158e-4,4.989e-4,4.653e-4,4.282e-4,3.646e-4
MYS,MYS.12_1,RICE,0.00831435245467706,0.00786492799766749,0.00741550354065791,0.00696607908364834,0.00651665462663877,0.0060672301696292,5.042600645706481,5.224936738559918,4.882839491568327,4.654746840671031,4.500264770853652,4.617908917775967,0.001649,0.001505,0.001519,0.001497,0.001448,0.001314
MYS,MYS.13_1,RICE,1613.9502055854396,1474.1461792457453,1333.7520425578448,1185.759734732789,1062.2445252328387,922.9192873556319,37596.045342347876,38953.211412043085,36406.80106697862,34707.967699099936,33557.05829530715,34433.219352961496,0.04293,0.03784,0.03663,0.03416,0.03165,0.0268
MYS,MYS.14_1,RICE,41954.4225111043,35703.84761100973,29811.681338902603,24225.681406645588,19030.797336508127,14378.849782996229,86677.17370481923,89768.22634952415,83966.76590838797,80079.34293057227,77440.26421422807,79444.30774726863,0.484,0.3977,0.355,0.3025,0.2457,0.181
MYS,MYS.15_1,RICE,1404.6846761718018,1137.4048784472689,914.5639717722919,734.04521851332,566.8891452669327,430.89330468320105,126405.17523272152,130975.87741355211,122400.36935910748,116682.66662361172,112810.19396960414,115759.23357270677,0.01111,0.008684,0.007472,0.006291,0.005025,0.003722
MYS,MYS.16_1,RICE,1926.281513712225,1797.0769862064656,1654.466691670249,1512.1352899795113,1501.453839989321,1347.4854717804765,30302.142991265675,31397.84236274335,29342.101600467468,27971.440584780717,27043.122421576845,27750.07306323846,0.06357,0.05724,0.05639,0.05406,0.05552,0.04856
MYS,MYS.1_1,RICE,148.55295640395687,141.3533778655636,131.99701900996777,122.2829630842785,111.60270286176527,101.25790891955745,2097.9339242580736,2173.793406634414,2031.4665657274243,1936.5704310119318,1872.2993935591776,1921.244305948556,0.07081,0.06503,0.06498,0.06314,0.05961,0.0527
MYS,MYS.2_1,RICE,59.11461553127996,56.71467749366845,54.82211962924114,50.66172292436854,62.98631277992294,58.28180304645077,540709.6266587157,560261.2206912781,523578.7055174274,499120.71235564793,482555.8585896567,495170.6435449377,1.093e-4,1.012e-4,1.047e-4,1.015e-4,1.305e-4,1.177e-4
MYS,MYS.3_1,RICE,321.4495154364896,302.4290128562338,281.50181100709614,314.77565736495194,358.6533673178572,347.59714752966386,191533.55554873575,198459.34393780417,185480.30706862488,176828.93592221147,170964.59471601073,175428.86486253742,0.001678,0.001524,0.001518,0.00178,0.002098,0.001981
MYS,MYS.5_1,RICE,3.757037082177188,3.487505135757142,5.723532789379471,5.325510607059815,4.927488424740162,6.1568109883183135,1388.8710398503242,1439.0914195068453,1344.8684198005942,1282.0454243877655,1239.496809492359,1271.899246280095,0.002705,0.002423,0.004256,0.004154,0.003975,0.004841
MYS,MYS.6_1,RICE,10.535015416533916,10.292811355558097,9.381461433153877,8.277141090749014,7.318990358143581,6.018581377797246,6811.03973338462,7057.321059333419,6595.250372866284,6287.165672667533,6078.506770337532,6237.408697217321,0.001547,0.001458,0.001422,0.001317,0.001204,9.649e-4
MYS,MYS.7_1,RICE,29.533216430700666,27.14594437283439,24.905449706660793,22.628035605260518,20.505378873857364,18.502162362914714,1718.8996694543343,1781.0535998874782,1664.4409854668297,1586.6897595064413,1534.030586709998,1574.13260934988,0.01718,0.01524,0.01496,0.01426,0.01337,0.01175
MYS,MYS.8_1,RICE,1790.854689061881,1592.8360350184132,1384.40406967273,1183.7203190279176,989.7622302432006,785.515003329233,11152.979070527865,11556.261180351037,10799.62711315973,10295.142871726735,9953.466936530074,10213.666543951269,0.1606,0.1378,0.1282,0.115,0.09944,0.07691
MYS,MYS.9_1,RICE,1773.0691322682521,1604.8984616784242,1445.337725521821,1332.3796641391602,1186.6791641275554,1056.9831974176848,141488.0706494978,146604.1573278205,137005.40405503113,130605.45462967535,126270.91149526864,129571.83586757978,0.01253,0.01095,0.01055,0.0102,0.009398,0.008158
NAM,NAM.13_1,RICE,0,0,0,0,0,0,3.8828493253758776,7.386324961725758,6.983132566937428,7.027971339400623,2.754418097548371,4.354359046012539,0,0,0,0,0,0
NAM,NAM.4_1,RICE,7.492904901748798e-6,2.453530868048954e-5,2.297636913114118e-5,2.141742958179283e-5,1.9858490032444468e-5,1.8299550483096114e-5,0.4669792784862705,0.4646370903761378,0.46680250957229824,1.7601764608789774,2.136252325355003,1.8090195457870022,1.605e-5,5.281e-5,4.922e-5,1.217e-5,9.296e-6,1.012e-5
NAM,NAM.7_1,RICE,0,0,0,0,0,0,0.10774912548429598,0.10720869739205904,0.10770833845846678,0.4061368096942849,0.49291120714591347,0.41740668809628684,0,0,0,0,0,0
NER,NER.2_1,RICE,0,0,0,0,0,0,6.11814521030939,6.415402714143858,6.618757752594483,6.842064487559273,7.20657894306757,6.978163794119909,0,0,0,0,0,0
NER,NER.3_1,RICE,0,0,0,0,0,0,39.69865034201911,46.25755778983096,49.85529112778334,49.22356477886252,56.878845387424384,52.66159079169459,0,0,0,0,0,0
NER,NER.4_1,RICE,0,0,0,0,0,0,0.2891787429823492,0.3369561005185634,0.36316323842605946,0.35856152451599255,0.4143252445540497,0.3836052988550683,0,0,0,0,0,0
NER,NER.7_1,RICE,0,0,0,0,0,0,0.7680635172405136,0.8817138289203996,0.9419680315393436,0.9425452156747902,1.0768633396314145,1.0020982689793818,0,0,0,0,0,0
NGA,NGA.10_1,RICE,86.60754559376004,86.6745977645809,87.54333600078726,86.49841328043969,118.7445180824798,116.47327855387408,35514.933140241345,36254.628387367935,36949.99407209328,38689.277491012566,39678.86978108733,38935.32003504959,0.002439,0.002391,0.002369,0.002236,0.002993,0.002991
NGA,NGA.11_1,RICE,0.6043566646212566,0.5079699625209696,0.46717002009358255,0.4300436516715094,0.39423768289586303,0.3587893936914054,27051.56163504622,27614.98411115734,28144.64096296568,29469.445163551296,30223.213070781036,29656.854640533234,2.234e-5,1.839e-5,1.66e-5,1.459e-5,1.304e-5,1.21e-5
NGA,NGA.12_1,RICE,41.822532395693976,39.24813470024653,37.640255729244366,38.21643128635251,36.121568397401035,36.494834104997146,20860.974447154345,21295.461078117616,21703.909144828096,22725.539871687684,23306.81252662503,22870.061816971975,0.002005,0.001843,0.001734,0.001682,0.00155,0.001596
NGA,NGA.13_1,RICE,18.113643177039485,18.86391452506793,18.196718431028064,18.61467679967095,18.170921198422874,18.075740587736593,114997.92325796472,117393.06833475387,119644.67357732887,125276.50119031958,128480.81690115911,126073.19089505971,1.575e-4,1.607e-4,1.521e-4,1.486e-4,1.414e-4,1.434e-4
NGA,NGA.14_1,RICE,0.4362033471266264,0.3978686019749759,0.35997955941934906,0.3636845437485624,0.3530303401512909,0.3979771635775583,39587.41009210983,40411.92576768646,41187.028635443574,43125.75468342105,44228.822952097886,43400.01078443742,1.102e-5,9.845e-6,8.74e-6,8.433e-6,7.982e-6,9.17e-6
NGA,NGA.15_1,RICE,0.35150115435643037,0.3262114767286552,0.8669262607742201,0.8128515998843532,0.8849237891634267,1.1165462524180128,261284.7399282442,266726.7065372884,271842.53883721237,284638.51437739737,291918.9832192267,286448.658912265,1.345e-6,1.223e-6,3.189e-6,2.856e-6,3.031e-6,3.898e-6
NGA,NGA.16_1,RICE,0.04399096025733316,0.039513555295297646,0.03503615033326213,0.03055874537122662,0.03447847267396178,0.16727450685073356,46690.999461595464,47663.466740330085,48577.65454642608,50864.2667964237,52165.270317974064,51187.735581956775,9.422e-7,8.29e-7,7.212e-7,6.008e-7,6.609e-7,3.268e-6
NGA,NGA.17_1,RICE,65.07591278978282,63.0049905689664,62.367420827813284,60.00277688072677,61.81482991226358,60.63809160045737,35792.923758788646,36538.408917963585,37239.21752823381,38992.1150646722,39989.453318163,39240.08348926025,0.001818,0.001724,0.001675,0.001539,0.001546,0.001545
NGA,NGA.18_1,RICE,0.07516899858142832,0.07131417814135507,0.06745935770128184,0.06360453726120859,0.05974971682113533,0.05589489638106209,1021.3254420568516,1042.5973271051978,1062.5943988310228,1112.6120744852424,1141.0704071850569,1119.6876758685005,7.36e-5,6.84e-5,6.349e-5,5.717e-5,5.236e-5,4.992e-5
NGA,NGA.19_1,RICE,0.032654086554058694,0.027467028220019576,0.028424780762472363,0.03232948405759811,0.032173097199050656,0.027903146232516926,26686.444867340004,27242.262791961417,27764.77082920834,29071.694057372206,29815.28830787923,29256.574055893852,1.224e-6,1.008e-6,1.024e-6,1.112e-6,1.079e-6,9.537e-7
NGA,NGA.1_1,RICE,12.492195758800204,13.652978504770106,14.663180264321523,19.377243768500662,19.03803742878853,18.0421730492166,61955.471576092474,63245.86307640463,64458.92206612229,67493.0858641536,69219.42043889554,67922.304800971,2.016e-4,2.159e-4,2.275e-4,2.871e-4,2.75e-4,2.656e-4
NGA,NGA.20_1,RICE,6.940600860998796e-4,6.279591255189386e-4,5.618581649379978e-4,4.957572043570569e-4,0.00394910400016217,0.00370251853925373,2830.5126834207845,2889.465822107269,2944.88592898058,3083.5054712974506,3162.3752108915314,3103.114871625134,2.452e-7,2.173e-7,1.908e-7,1.608e-7,1.249e-6,1.193e-6
NGA,NGA.21_1,RICE,0,0,0,0,0,0,5123.916331028168,5230.63584931557,5330.95972079609,5581.894804336739,5724.668213937452,5617.392587889949,0,0,0,0,0,0
NGA,NGA.22_1,RICE,0.016303240016596103,0.019453255810281324,0.018935535404648467,0.017157862765150602,0.0154632853489219,0.013786123039697229,7108.122375050112,7263.533196936743,7402.658147602003,7746.900750273953,7945.048559825261,7797.000330042689,2.294e-6,2.678e-6,2.558e-6,2.215e-6,1.946e-6,1.768e-6
NGA,NGA.23_1,RICE,6.5141160015543225,6.867116648610631,6.456206327267445,9.587440359342434,9.059263678138935,9.513939156122959,100747.13400493447,102845.46756763055,104818.04906017681,109751.96851840816,112559.19855498803,110449.93072650608,6.466e-5,6.677e-5,6.159e-5,8.736e-5,8.048e-5,8.614e-5
NGA,NGA.24_1,RICE,1.1941357512957134,1.1502053685850506,1.086749323360923,0.979854593612959,0.8810392725572972,1.2633250936313858,58807.20936045832,60035.89933653642,61187.21141196774,64065.15128286636,65703.62663595639,64472.939261297,2.031e-5,1.916e-5,1.776e-5,1.529e-5,1.341e-5,1.959e-5
NGA,NGA.25_1,RICE,4.098658932129388,5.801299273929593,6.167644864128061,9.194235573471628,12.530305384642027,13.924872867094637,15081.568661017802,15395.683419835348,15690.973439875346,16429.56760250039,16849.80221226981,16534.050623959927,2.718e-4,3.768e-4,3.931e-4,5.596e-4,7.436e-4,8.422e-4
NGA,NGA.26_1,RICE,1.0500935780467355,1.062094840792365,0.9645398671874664,2.155019090928107,2.03127715313737,2.032925377051508,148971.72762532593,152074.46974356557,154991.2660944371,162286.9029670546,166437.86877388865,163318.9584888766,7.049e-6,6.984e-6,6.223e-6,1.328e-5,1.22e-5,1.245e-5
NGA,NGA.27_1,RICE,0.3250149103665817,0.2785184086487058,0.2434897145026196,0.22469740459547108,0.2085701511243646,0.1738649025366933,31742.81070348552,32407.206647350133,33028.62698825262,34581.452997447544,35465.82393437306,34801.68327012485,1.024e-5,8.594e-6,7.372e-6,6.498e-6,5.881e-6,4.996e-6
NGA,NGA.28_1,RICE,5.991702531739205,6.089617790271091,6.233441282279885,9.611567923177347,9.277010567311093,11.742854125676306,12548.864709016778,12844.084600817265,13088.863130939539,13685.54679757255,14034.022842894823,13775.806208904916,4.775e-4,4.741e-4,4.762e-4,7.023e-4,6.61e-4,8.524e-4
NGA,NGA.29_1,RICE,14.828071604937703,18.944482988283536,18.415411534713446,23.016253723455183,21.563829775693232,21.400251681127067,59899.872653569815,61147.45070560701,62320.26203537171,65253.75637394567,66922.81349761705,65668.73440577755,2.475e-4,3.098e-4,2.955e-4,3.527e-4,3.222e-4,3.259e-4
NGA,NGA.2_1,RICE,1.773561904901908,1.8272066521904855,1.8576535815715771,1.9676736020959307,3.2340794312236736,3.185690993588925,56220.73992301486,57395.55513181014,58500.87668333857,61250.79312665544,62816.65561622045,61640.0945972524,3.155e-5,3.184e-5,3.175e-5,3.212e-5,5.148e-5,5.168e-5
NGA,NGA.30_1,RICE,1.4061503282544572,1.3399483429625425,1.3085657398940254,3.016004507654111,2.932272010903482,2.8538359115040186,67094.13937794283,68491.55763611433,69805.22932417215,73091.05063392677,74960.56965499405,73555.86955044667,2.096e-5,1.956e-5,1.875e-5,4.126e-5,3.912e-5,3.88e-5
NGA,NGA.31_1,RICE,1.1181457003971635,1.0020259145272934,0.876513417457395,0.7553627553682565,0.787632564203089,0.6975951251452828,9216.343784925288,9408.86322086676,9589.299532541767,10040.356515233,10297.142033521235,10104.261418081187,1.213e-4,1.065e-4,9.141e-5,7.523e-5,7.649e-5,6.904e-5
NGA,NGA.32_1,RICE,0.33046703168259234,0.41021918955254877,0.3804241474032261,0.42158843392955336,0.4623938539769588,0.4794140886839247,21732.548669960965,22185.18820881744,22610.70128882353,23675.01588018876,24280.574182172422,23825.575971124337,1.521e-5,1.849e-5,1.682e-5,1.781e-5,1.904e-5,2.012e-5
NGA,NGA.33_1,RICE,119.28175872198754,121.83681958368803,129.53384590101058,132.0019850290379,131.68391689247832,127.0439284860337,46790.561210179316,47765.102133595516,48681.239311895115,50972.727429117,52276.505150984616,51296.88596467196,0.002549,0.002551,0.002661,0.00259,0.002519,0.002477
NGA,NGA.34_1,RICE,6.005760604546301e-4,5.299200533423207e-4,4.592640462300113e-4,3.8860803911770184e-4,3.179520320053924e-4,2.4729602489308297e-4,1635.2561919466364,1669.3148575857022,1701.3324046024502,1781.4162940780914,1826.9812656763006,1792.7451227719278,3.673e-7,3.174e-7,2.699e-7,2.181e-7,1.74e-7,1.379e-7
NGA,NGA.35_1,RICE,0.6214028975851945,0.6915648425730091,0.8217539317867589,0.9001958970649686,0.9126917541116171,1.325986277527837,210092.45782759596,214468.59579237856,218582.5661118899,228871.14371765708,234725.116250633,230326.6162246393,2.958e-6,3.225e-6,3.759e-6,3.933e-6,3.888e-6,5.757e-6
NGA,NGA.36_1,RICE,0,0,0,0,0,0,2337.953216956776,2386.6474627197713,2432.4234869388033,2546.9207675166567,2612.065771983366,2563.117783996122,0,0,0,0,0,0
NGA,NGA.37_1,RICE,9.88167282835911e-4,3.1982727685943995e-4,0,0,0,0,8618.23368664384,8797.731884527633,8966.472846110517,9388.536176269708,9628.67565722235,9448.24210709588,1.147e-7,3.635e-8,0,0,0,0
NGA,NGA.3_1,RICE,4.007085252998805,3.8777763659013065,4.436707352532518,6.755097329044207,6.823239207518713,6.6279467045797436,14538.044366562715,14840.83875105438,15125.486821081795,15837.462806237869,16242.552590895633,15938.1803665708,2.756e-4,2.613e-4,2.933e-4,4.265e-4,4.201e-4,4.159e-4
NGA,NGA.4_1,RICE,1.0297742232056555,0.9752706683545996,0.8945967285763888,0.9846234497375641,1.3377423744887245,2.8111896651905304,30607.502740480442,31244.987378678852,31844.267884623303,33343.218250116865,34196.06932013906,33555.262795186136,3.364e-5,3.121e-5,2.809e-5,2.953e-5,3.912e-5,8.378e-5
NGA,NGA.5_1,RICE,0.6788809951447096,0.7250518192230164,1.0278437504014917,1.0404021260886547,1.547721697873199,3.605229903756786,19544.506771582048,19951.57437633538,20334.246625222175,21291.40558775028,21835.9960319473,21426.80722708436,3.474e-5,3.634e-5,5.055e-5,4.886e-5,7.088e-5,1.683e-4
NGA,NGA.6_1,RICE,23.146264444578446,22.5871799258244,22.011869734322136,33.766516943648355,69.32204734348933,72.74727648635331,33763.786797163106,34467.00965049739,35128.08871356136,36781.6127200501,37722.410861673,37015.52356445726,6.855e-4,6.553e-4,6.266e-4,9.18e-4,0.001838,0.001965
NGA,NGA.7_1,RICE,0.11157382622920993,0.09972998001604587,0.09003915938588497,0.08097907215408247,0.3150615833600115,0.7725768205966153,47972.95627990055,48972.12412487287,49911.41242193236,52260.80604203324,53597.53010305271,52593.15603137384,2.326e-6,2.036e-6,1.804e-6,1.55e-6,5.878e-6,1.469e-5
NGA,NGA.8_1,RICE,0.203808351978201,0.1859790832622845,0.16814981454636793,0.15032054583045135,0.13249127711453484,0.1146620083986183,24912.243770029392,25431.139059366,25918.941879414055,27138.951815023018,27833.108890707812,27311.54104728195,8.181e-6,7.313e-6,6.488e-6,5.539e-6,4.76e-6,4.198e-6
NGA,NGA.9_1,RICE,70.9764523268753,70.9968298249649,76.37318671276356,81.70207500469024,77.3166667368283,76.12138705552077,52724.72176021278,53822.92148944387,54855.32171163416,57437.36919367343,58906.48587011568,57802.63567149303,0.001346,0.001319,0.001392,0.001422,0.001313,0.001317
NIC,NIC.10_1,RICE,0.1731622394848348,0.1536715191487242,0.13429590802990637,0.11551059722724587,0.09750008358431841,0.07978917600225963,201.5747504372084,207.92910589642275,213.15358846152898,210.86217335433503,201.5747504372084,210.999830657259,8.59e-4,7.391e-4,6.3e-4,5.478e-4,4.837e-4,3.781e-4
NIC,NIC.11_1,RICE,6.856545623432121,6.143343843113646,5.5428580798274885,4.923163112755025,4.335994835366709,3.773491107618967,37763.330070953605,38953.764994345605,39932.52775668625,39503.25045466875,37763.330070953605,39529.03938981921,1.816e-4,1.577e-4,1.388e-4,1.246e-4,1.148e-4,9.546e-5
NIC,NIC.12_1,RICE,0.020289996415880328,0.019899646602854683,0.018358497442953918,0.016817348283053146,0.01529687902883378,0.01386205537863721,85.49500837499889,87.8099059197839,89.90555391173493,88.48757849878439,84.33936733134693,88.44435600205507,2.373e-4,2.266e-4,2.042e-4,1.901e-4,1.814e-4,1.567e-4
NIC,NIC.13_1,RICE,1.1310390017846725,0.944475358009201,0.798978309609105,0.6700718124878315,0.563372309647836,0.4689512528173012,21847.909002475208,22536.63305913995,23102.894554788014,22854.53691753292,21847.909002475208,22869.45706115848,5.177e-5,4.191e-5,3.458e-5,2.932e-5,2.579e-5,2.051e-5
NIC,NIC.14_1,RICE,0.5631752808826813,0.5263531529964456,0.4895923912906871,0.45289299576540554,0.4179396793906712,0.38473244216648433,6533.496621856343,6739.455750352369,6908.793125772819,6834.523144886568,6533.496621856343,6838.984931502584,8.62e-5,7.81e-5,7.087e-5,6.627e-5,6.397e-5,5.626e-5
NIC,NIC.15_1,RICE,1.0347491731592393,0.8954213758760746,0.7756717093824091,0.6584546604994816,0.5675573369209069,0.46436676424658335,12007.468045271908,12385.986287062233,12697.199905422309,12560.704170622155,12007.468045271908,12568.904184078565,8.618e-5,7.229e-5,6.109e-5,5.242e-5,4.727e-5,3.695e-5
NIC,NIC.16_1,RICE,0.17172626741580363,0.16404160092920422,0.1556683191562979,0.14325848705189512,0.1274658155831484,0.11235172023521656,19.51883924487705,16.10682202507835,15.339087534420825,10.391905155670072,7.277881609534813,9.328968601219845,0.008798,0.01018,0.01015,0.01379,0.01751,0.01204
NIC,NIC.17_1,RICE,2.3651198168001923,2.0315543706143755,1.7098805878695746,1.3992064526677273,1.1013137057708975,0.8083351785833733,2694.470022182938,2779.409332577774,2849.245518025421,2818.6159411497474,2694.470022182938,2820.4560202035905,8.778e-4,7.309e-4,6.001e-4,4.964e-4,4.087e-4,2.866e-4
NIC,NIC.18_1,RICE,0.8395957747874071,0.6603123421071515,0.4891597112621217,0.32435258219820895,0.19045758603000357,0.12567597628856406,12424.964482245043,12816.643701577092,13138.678133810081,12997.436478993632,12424.964482245043,13005.9216047142,6.757e-5,5.152e-5,3.723e-5,2.496e-5,1.533e-5,9.663e-6
NIC,NIC.1_1,RICE,4.7315596721552575,4.609296025924746,4.315623723596996,5.31204941317351,6.794058807343173,6.71548396570633,1355.8915689605656,1396.444106879896,1430.893980118313,1412.9112326777226,1349.2351006827244,1413.2519247771502,0.00349,0.003301,0.003016,0.00376,0.005035,0.004752
NIC,NIC.2_1,RICE,20.4910905735694,19.770850124415244,19.3426955121307,23.004354642084117,24.6637453138552,23.741932345104132,9844.380359964369,10154.710358871691,10409.860338932955,10297.953655040952,9844.380359964369,10304.67647546549,0.002082,0.001947,0.001858,0.002234,0.002505,0.002304
NIC,NIC.3_1,RICE,1.518364239831898,1.2491726253857134,1.0208469541924765,0.8013372256783089,0.5852228146399702,0.3944119638415117,12687.491480975908,13087.446488143281,13416.285183929938,13272.059235050698,12687.491480975908,13280.72364294084,1.197e-4,9.545e-5,7.609e-5,6.038e-5,4.613e-5,2.97e-5
NIC,NIC.4_1,RICE,0.2081507201621975,0.17542553855187126,0.14346421318722818,0.11150288782258512,0.07983957707464676,0.05028807262353996,4098.2236153775775,4227.414248365948,4333.633394265951,4287.046550008092,4098.2236153775775,4289.845265662947,5.079e-5,4.15e-5,3.31e-5,2.601e-5,1.948e-5,1.172e-5
NIC,NIC.5_1,RICE,59.98047678201799,57.25703930391368,81.85205632698384,76.36504614078949,71.51945374168643,71.55179647684972,71610.10214003855,73654.45759963102,75443.09574613436,74379.0883415718,70962.53955938797,74371.05567792655,8.376e-4,7.774e-4,0.001085,0.001027,0.001008,9.621e-4
NIC,NIC.6_1,RICE,0.3715643254270853,0.3040017750526147,0.24162601096464098,0.1816506850739088,0.12787310616974085,0.08598230010051035,3080.6508809924658,3177.763990154746,3257.609341727873,3222.589826866088,3080.6508809924658,3224.6936324796775,1.206e-4,9.567e-5,7.417e-5,5.637e-5,4.151e-5,2.666e-5
NIC,NIC.7_1,RICE,2.393816511857806,2.064832424178035,1.7358496271749368,1.4068838077010863,1.0779383827775035,0.7489978944554361,92.56807607189185,95.48615216158359,97.88536286864918,96.83308877432464,92.56807607189185,96.89630438868744,0.02586,0.02162,0.01773,0.01453,0.01164,0.00773
NIC,NIC.8_1,RICE,1.1388265452238053,0.9418319371227895,0.7593850951773552,0.5839344513601046,0.4174594718222604,0.2856691537691661,38542.88176537676,39757.890940030156,40756.858386872605,40318.71947631751,38542.88176537676,40345.04077469059,2.955e-5,2.369e-5,1.863e-5,1.448e-5,1.083e-5,7.081e-6
NIC,NIC.9_1,RICE,0.2147194884696441,0.21119054144940885,0.20066720436390567,0.2544964861820694,0.8479681270387427,0.8251016188087447,13.083679002903237,10.72835572389076,10.192163194334569,6.795980818470733,4.671107041019121,6.065254173229425,0.01641,0.01969,0.01969,0.03745,0.1815,0.136
NPL,NPL.1_1,RICE,44.222123244219695,44.23717277009625,39.52299467644326,35.75112803835644,32.63619299573592,28.125375131383045,140835.08877939958,128536.55824603402,137449.30488018258,143406.66899717852,149200.72193544946,145292.98646899775,3.14e-4,3.442e-4,2.875e-4,2.493e-4,2.187e-4,1.936e-4
NPL,NPL.2_1,RICE,59.7211391354159,55.23915465385716,49.592874219070055,43.00312294149659,39.946225497899896,37.30477894310032,211053.56587688293,192634.2864307679,205985.6000114564,214915.7854851938,223599.69011528857,217742.9515969329,2.83e-4,2.868e-4,2.408e-4,2.001e-4,1.787e-4,1.713e-4
NPL,NPL.3_1,RICE,68.2029749032314,57.778354791864054,47.935142741589246,41.580280565256,35.006434346595896,27.79313548061991,41839.431512284995,38251.97316910312,40868.80864934671,42653.85119684607,44381.19009059185,43216.358330805844,0.00163,0.00151,0.001173,9.748e-4,7.888e-4,6.431e-4
NPL,NPL.4_1,RICE,48.76867861479091,40.68167872911139,33.79065750390806,29.228116597955292,24.59157311704742,18.775897601975622,42544.93190497006,38888.96019584369,41553.673760861944,43366.971399807495,45122.705522283846,43938.706951973996,0.001146,0.001046,8.132e-4,6.74e-4,5.45e-4,4.273e-4
NPL,NPL.5_1,RICE,27.40603931728755,22.49934534513485,18.345790246939696,15.30948407076299,11.945838538444807,9.790436910912575,121828.60627176918,111187.12980158272,118898.31529332127,124051.07865063906,129062.94546476642,125682.74060843013,2.25e-4,2.024e-4,1.543e-4,1.234e-4,9.256e-5,7.79e-5
PAK,PAK.2_1,RICE,0,0,0,0,0,0,2618.8163250708044,2899.6801507276573,2277.4171533738336,3066.570072725866,3024.347654844737,2988.4324122718654,0,0,0,0,0,0
PAK,PAK.3_1,RICE,0.00318443642641746,0.00247678388721358,0.0017691313480097,0.2610233073553406,0.2605716941502468,0.24618970153687336,98.27268092178545,108.81226739717586,85.46146864013329,115.07491357689533,113.49049157659857,112.14275017915755,3.24e-5,2.276e-5,2.07e-5,0.002268,0.002296,0.002195
PAK,PAK.4_1,RICE,0,0,0,0,0,0,12.460866766822356,13.797274623160062,10.836419281867698,14.591371201387567,14.39046825193172,14.21957613998242,0,0,0,0,0,0
PAK,PAK.5_1,RICE,0.8991234773549484,0.8085035526131559,0.717987030835661,0.8548778352057644,0.9621011262173944,1.1940901148972827,2867.5163182044835,3175.052816871525,2493.69563956789,3357.7917016464235,3311.5595657348254,3272.2335759110842,3.136e-4,2.546e-4,2.879e-4,2.546e-4,2.905e-4,3.649e-4
PAK,PAK.7_1,RICE,1.915170670592534,1.6674066866167465,1.4228944831661645,1.1811808396420862,0.9451463948742904,0.7175058985882627,89363.26759873227,98895.99906989459,77965.1601259535,104597.1948215832,103251.43158207435,101994.95678994339,2.143e-5,1.686e-5,1.825e-5,1.129e-5,9.154e-6,7.035e-6
PAK,PAK.8_1,RICE,0.2066472843140545,0.16833741676934602,0.1301314794678841,0.09192554216642217,0.05447231658071302,0.02003399291433535,38607.48335971919,42748.073660606686,33574.46034312547,45208.42180521224,44585.964521687885,44056.489767495295,5.353e-6,3.938e-6,3.876e-6,2.033e-6,1.222e-6,4.547e-7
PAN,PAN.10_1,RICE,1341.75192497857,1534.9900281437015,1652.5911243668643,1763.259808280487,1805.492264088048,1847.8232565547573,27553.557659258015,28592.796797734118,29639.56461514163,27933.509680095587,26104.11106124802,27018.41572482745,0.0487,0.05368,0.05576,0.06312,0.06917,0.06839
PAN,PAN.11_1,RICE,2.1301693303244527,1.7993040315703797,1.469185746230803,1.1400946066425093,0.8315190673739006,0.5424319826736944,57.7421764003888,59.9200414295863,62.11368381546114,58.53841683083338,54.70466661017428,56.62071468719501,0.03689,0.03003,0.02365,0.01948,0.0152,0.00958
PAN,PAN.12_1,RICE,46.74725174255715,43.60530779571387,43.77775190755307,45.84703274117585,43.08530314783556,38.334893862621136,2942.194904120221,3053.165840621384,3164.94069656775,2982.76653967244,2787.421627754346,2885.051943057491,0.01589,0.01428,0.01383,0.01537,0.01546,0.01329
PAN,PAN.13_1,RICE,79.07318016232072,88.94608833858977,86.42251137010287,90.19790776331143,86.00757685222639,94.49359008193446,3725.777868089848,3866.3032488653516,4007.8466537263644,3777.1547845548257,3529.7844460197493,3653.416251479578,0.02122,0.02301,0.02156,0.02388,0.02437,0.02586
PAN,PAN.1_1,RICE,76.02468462620175,72.78186159144721,68.25132163373621,67.22742297254456,65.92201957188124,62.58849902077888,300.2601377683512,311.5850668665089,322.9920384435767,304.4005993208259,284.46504369779956,294.4285209243552,0.2532,0.2336,0.2113,0.2209,0.2317,0.2126
PAN,PAN.2_1,RICE,176.60084721308684,155.98805412119168,169.05454680196527,151.84254689849774,133.63352261472485,124.7529176681727,4799.169207851619,5035.264988694174,4940.440527737223,4446.7648012624095,4109.766644156301,4305.339199481458,0.0368,0.03098,0.03422,0.03415,0.03252,0.02898
PAN,PAN.3_1,RICE,3.199763057666431,2.802254462826851,2.4461408541328202,2.0343747005408632,1.6448191414201152,1.301284327577463,21139.087737967926,21936.391940955127,22739.47214595448,21430.58690493684,20027.072397308737,20728.526878855322,1.514e-4,1.277e-4,1.076e-4,9.493e-5,8.213e-5,6.278e-5
PAN,PAN.4_1,RICE,94.57351759390673,99.24461429400037,96.93381406147776,102.36808392301545,99.35634677982706,96.58700003671277,692.968131346361,719.1048507028108,745.4309152841179,702.5238716662545,656.5147516075075,679.5093863489495,0.1365,0.138,0.13,0.1457,0.1513,0.1421
PAN,PAN.5_1,RICE,411.1519376648071,419.8359138621936,401.11617015592583,403.5359472970301,442.93022626992837,424.1078168784873,71579.8795066314,74279.66198955517,76999.00281544935,72566.9360677545,67814.4415141988,70189.66356213557,0.005744,0.005652,0.005209,0.005561,0.006532,0.006042
PAN,PAN.6_1,RICE,191.02862949777503,190.1381102074909,194.00824732271047,189.00470785342256,242.79404668864441,231.50418614208175,1925.1688561806093,1997.7805620176564,2070.9182971386954,1951.7161284568485,1823.8959286082893,1887.778454601893,0.09923,0.09517,0.09368,0.09684,0.1331,0.1226
PAN,PAN.7_1,RICE,21.021597814922252,21.1404156060087,21.578077628927776,23.16635827461155,25.422169252226617,24.11072751625484,16864.223304304924,17500.292196553604,18140.969035415055,17096.773881024143,15977.085919042713,16536.68835606558,0.001247,0.001208,0.001189,0.001355,0.001591,0.001458
PAN,PAN.8_1,RICE,0.1621225271796214,0.2593959088844328,0.24406139823292972,0.236103313986451,0.22039052505776716,0.20467773612908333,0.19044041374041468,0.19762326591341245,0.20485815364379076,0.19306650729046124,0.1804223531606074,0.1867417025734899,0.8513,1.313,1.191,1.223,1.222,1.096
PAN,PAN.9_1,RICE,107.31047429031787,131.10168230613152,127.88897092234787,132.52462795919084,139.51477009707764,168.9765525602864,112953.80731534648,117214.09264233237,121505.24124149072,114511.39301377056,107011.90631765462,110760.03184375245,9.5e-4,0.001118,0.001053,0.001157,0.001304,0.001526
PER,PER.10_1,RICE,197.86727615798097,217.15772176780322,233.25397365868437,261.5109937558327,259.368901238144,267.57895739442955,7102.102383772083,7317.685624910509,6923.188539236632,7036.273618290659,7528.603009668986,7334.207000844965,0.02786,0.02968,0.03369,0.03717,0.03445,0.03648
PER,PER.11_1,RICE,0,0,0,0,0,0,17.812565445849927,18.35326316946781,17.36383711263999,17.64746233553197,18.88225860161792,18.39469992638649,0,0,0,0,0,0
PER,PER.12_1,RICE,39.24072752739458,45.344775376157784,47.474415378814506,55.36999098580738,55.25897275018102,53.67516470661693,1874.922535556984,1931.8355248744053,1827.6900991717894,1857.5440426516955,1987.5167494548903,1936.1970925319904,0.02093,0.02347,0.02598,0.02981,0.0278,0.02772
PER,PER.13_1,RICE,5.222384184769194,5.100294660497343,4.8334159973222075,4.501875413763182,4.252449216747406,3.929381575862088,6767.194965501339,6972.612142732115,6596.717999305346,6704.470427571705,7173.583487151988,6988.354435085188,7.717e-4,7.315e-4,7.327e-4,6.715e-4,5.928e-4,5.623e-4
PER,PER.14_1,RICE,1.884935665112966,1.5666241193762465,1.2612986060260878,0.9780670161133876,0.6958395069907598,0.4545849169292085,45752.709746113316,47141.526314073584,44600.12241967659,45328.63188335278,48500.28480047807,47247.95926545749,4.12e-5,3.323e-5,2.828e-5,2.158e-5,1.435e-5,9.621e-6
PER,PER.16_1,RICE,0,0,0,0,0,0,842.785107021916,868.36772117433,821.55393976093,834.9734056180964,893.3966521979974,870.328263114261,0,0,0,0,0,0
PER,PER.17_1,RICE,203.22923867560928,226.39199644441734,242.3778220624813,266.11540464223873,273.324611819582,278.2528963018548,1200.0826278579232,1236.6749586759602,1170.0130066003421,1188.970106690204,1272.1749170764585,1239.3378655891709,0.1693,0.1831,0.2072,0.2238,0.2148,0.2245
PER,PER.18_1,RICE,125.82340272064468,161.15009894604972,165.7840944084042,178.20428326199493,246.4628798591697,245.06625691989225,1231.7826342549777,1269.877773557236,1200.6381751445956,1218.2402761122637,1302.4709047977317,1269.3721833133063,0.1021,0.1269,0.1381,0.1463,0.1892,0.1931
PER,PER.1_1,RICE,27.844225996633106,26.33125195865115,23.475925725885737,20.77044668560275,19.978075200932476,19.80552513003627,7481.922048723015,7709.0346582081065,7293.439911192829,7412.572768005651,7931.231881820264,7726.439595535071,0.003722,0.003416,0.003219,0.002802,0.002519,0.002563
PER,PER.20_1,RICE,47.536210657044904,51.92148932678763,53.245306565872056,55.16454312810268,54.06491398167459,55.97456314597587,1519.9437690224343,1566.081431698592,1481.653841829203,1505.8555432395235,1611.2205394471182,1569.6172244892775,0.03127,0.03315,0.03594,0.03663,0.03356,0.03566
PER,PER.21_1,RICE,14.646961878955056,11.390303439521782,8.519289290993559,6.6288645336224254,4.636563561236523,3.502174354559862,69834.49229563955,71959.74386374977,68086.29374144023,69200.54894331926,74050.79889229371,72135.9347886725,2.097e-4,1.583e-4,1.251e-4,9.579e-5,6.261e-5,4.855e-5
PER,PER.22_1,RICE,4.2811242577509905,4.347424819210358,4.131211293857189,3.977619859607301,4.049882681987526,3.9408929935458876,74.84718139924712,77.11915624334326,72.96165564177849,74.15342942482687,79.34195885927625,77.2932706611186,0.0572,0.05637,0.05662,0.05364,0.05104,0.05099
PER,PER.23_1,RICE,487.0482981713047,615.4262402730569,659.4021423392106,743.7126685308888,913.5944608181429,1005.5457347312667,187044.30085804578,192722.00225356297,182332.34189763656,185310.60360187056,198276.82146612453,193157.11696240384,0.002604,0.003193,0.003616,0.004013,0.004608,0.005206
PER,PER.25_1,RICE,9.713202581790014,8.489500692139522,7.277387618840054,6.925923231284696,5.697943756835288,4.574394442412928,17699.11181151392,18293.127161730055,17368.61157604934,17674.417252081985,18997.497732832693,18477.738616895498,5.488e-4,4.641e-4,4.19e-4,3.919e-4,2.999e-4,2.476e-4
PER,PER.26_1,RICE,281.16683150206546,309.0388003533699,450.7262001525185,553.6465972782051,646.8330231792987,715.0225431062194,6099.87879547775,6285.0444336174,5946.211874482896,6043.325249893628,6466.171059801536,6299.211682504266,0.04609,0.04917,0.0758,0.09161,0.1,0.1135
PER,PER.2_1,RICE,0.5181677058335195,0.37481580507548407,0.24825501446690817,0.13970412306448698,0.04580354702938491,0.0095095580136653,510.82275204177677,526.3286992362366,497.9542720473455,506.08798065583204,541.4990520576719,527.5170085939894,0.001014,7.121e-4,4.985e-4,2.76e-4,8.459e-5,1.803e-5
PER,PER.3_1,RICE,0.3118198132562943,0.3106565396834759,0.2997887088146306,0.27854640449238205,0.2666287303803635,0.250043115345556,415.09160657931005,427.6916493666679,404.6347543467663,411.2441588031061,440.0189901122687,428.6572626610078,7.512e-4,7.264e-4,7.409e-4,6.773e-4,6.059e-4,5.833e-4
PER,PER.5_1,RICE,2.434113357885291,2.3956014787075817,2.3353805188746164,2.2284590028138602,2.210423197736146,2.1823659241782924,731.6131388834532,753.8211447973558,713.1825795480404,724.8318807235127,775.5485040453481,755.5230712203963,0.003327,0.003178,0.003275,0.003074,0.00285,0.002889
PER,PER.6_1,RICE,18.73108719588178,17.15550166216734,15.471683496415716,13.777373859364694,12.63886153656869,12.070461499136288,64466.11667764525,66422.97587594835,62842.10731340084,63868.58588366973,68337.48287689671,66572.94118074309,2.906e-4,2.583e-4,2.462e-4,2.157e-4,1.849e-4,1.813e-4
PER,PER.8_1,RICE,24.20394240116307,27.224760944647787,27.36113650186945,27.223127945108754,29.190026839198044,30.013848326281586,1327.613396012701,1367.9128993745774,1294.1685927837111,1315.307863626149,1407.340202773799,1371.00128064901,0.01823,0.0199,0.02114,0.0207,0.02074,0.02189
PER,PER.9_1,RICE,0.047968946948273854,0.0485459836574161,0.04202279733720269,0.03544388287292678,0.03134194639809147,0.028598226004720832,1.930897352020623,1.9895094484056828,1.882254816333909,1.9130000334399584,2.0468530063718173,1.9940012283491075,0.02484,0.0244,0.02233,0.01853,0.01531,0.01434
PHL,PHL.10_1,RICE,0.7743764011150194,0.7861554993466334,0.6808590101265273,0.575810935399547,0.4784990205442084,0.6329759170726472,68958.05127004492,71335.8252046544,70607.9744027339,71691.04227680857,68215.67867652982,69334.41846303034,1.123e-5,1.102e-5,9.643e-6,8.032e-6,7.015e-6,9.129e-6
PHL,PHL.12_1,RICE,2.952849673498121,2.2159363136219032,1.6997188897796387,1.397323542936117,1.1271014426739787,0.9080180415584257,41795.0354875744,43236.189118631286,42795.04338531007,43451.483922690306,41345.088188897695,42023.1492451048,7.065e-5,5.125e-5,3.972e-5,3.216e-5,2.726e-5,2.161e-5
PHL,PHL.13_1,RICE,2.736937185705006,2.471357498169723,2.3006357366341095,3.10217307844642,2.7767554696612455,2.4513378608760705,10195.304964011133,10546.853912282397,10439.242679696668,10599.372020209386,10085.5467146347,10250.950073469177,2.685e-4,2.343e-4,2.204e-4,2.927e-4,2.753e-4,2.391e-4
PHL,PHL.14_1,RICE,0.05286986123516113,0.039234307523520244,0.02746944885686698,0.0197070711652799,0.01407647940377136,0.00844588764226281,20066.92234333238,20758.85902102291,20547.053071599054,20862.227855708068,19850.890525299303,20176.445902874973,2.635e-6,1.89e-6,1.337e-6,9.446e-7,7.091e-7,4.186e-7
PHL,PHL.15_1,RICE,4.927577345898309,7.676737851701473,13.313221198757866,12.486435097509778,11.53756520311877,10.903892199895449,140809.7393001853,145665.06397483393,144178.82009496412,146390.40383586238,139293.84246970346,141578.2669100779,3.499e-5,5.27e-5,9.234e-5,8.53e-5,8.283e-5,7.702e-5
PHL,PHL.16_1,RICE,20.93833654781792,19.52632627709513,17.990286273384474,16.41939629917185,17.99301795069142,16.788215808662176,323576.6087829066,334734.001024174,331318.6566249674,336400.8105333252,320093.12278179714,325342.6624593141,6.471e-5,5.833e-5,5.43e-5,4.881e-5,5.621e-5,5.16e-5
PHL,PHL.17_1,RICE,2.028901469198929,1.8420111221198883,1.940227815924394,2.7866043594283445,3.2250515554632857,6.901668539183714,99943.86868442918,103390.07868463983,102335.17322212718,103904.91006052685,98867.9161649672,100489.3538398254,2.03e-5,1.782e-5,1.896e-5,2.682e-5,3.262e-5,6.868e-5
PHL,PHL.18_1,RICE,225.58607073449,244.7053966961391,236.68729109853328,307.77539989051553,313.15022834759725,319.6641063761674,1241756.9461323728,1284574.5322626873,1271467.8134330995,1290971.0770984008,1228388.7272277276,1248534.3501856828,1.817e-4,1.905e-4,1.862e-4,2.384e-4,2.549e-4,2.56e-4
PHL,PHL.19_1,RICE,170.40882690343003,173.30157147382704,166.09496642353534,170.96356342117915,173.30551254826435,191.26658875578704,52595.98817993842,54409.57437409485,53854.42480896788,54680.50710180738,52029.76249005161,52883.05262084114,0.00324,0.003185,0.003084,0.003127,0.003331,0.003617
PHL,PHL.1_1,RICE,0.00729539868547902,0.00596896256084647,0.00464252643621392,0.00331609031158137,0.00198965418694882,6.632180623162748e-4,27274.18830363966,28214.64199746665,27926.763505210623,28355.136938030748,26980.566173459367,27423.048509282613,2.675e-7,2.116e-7,1.662e-7,1.169e-7,7.374e-8,2.418e-8
PHL,PHL.20_1,RICE,249.3764540308162,267.5854027840211,268.83320226145094,282.7499184070689,289.99085739496667,302.80347229483573,292668.3507180028,302759.98125287995,299670.87287693925,304267.57598242245,289517.6096723855,294265.7097443483,8.521e-4,8.838e-4,8.971e-4,9.293e-4,0.001002,0.001029
PHL,PHL.21_1,RICE,0.1234060875064491,0.1167354881817762,0.11006488885710326,0.10339428953243032,0.09672369020775742,0.09005309088308448,1359.8796227222508,1406.7702505976374,1392.4167493648715,1413.775269579016,1345.2397461045773,1367.3017303220975,9.075e-5,8.298e-5,7.905e-5,7.313e-5,7.19e-5,6.586e-5
PHL,PHL.22_1,RICE,19.848072388440006,18.124787874975855,16.478556864113017,16.35066730315145,18.222122601965264,16.686917176026032,127662.30611680158,132064.28816713436,130716.81517201949,132721.90290200667,126287.94887293296,128359.0761518924,1.555e-4,1.372e-4,1.261e-4,1.232e-4,1.443e-4,1.3e-4
PHL,PHL.23_1,RICE,0.9029581740431769,0.804458861195242,0.7068834508414619,0.6113658962380949,0.7020987794970163,0.6007159289287959,10262.918085655629,10616.798432731279,10508.473545047953,10669.664829721944,10152.431942617086,10318.932221794874,8.798e-5,7.577e-5,6.727e-5,5.73e-5,6.916e-5,5.821e-5
PHL,PHL.24_1,RICE,0.08372489294080235,0.05767157761018217,0.03185451037129143,0.01078204235697663,0.0012499919581212399,0,9417.19606636388,9741.914687776456,9642.516378478194,9790.424597105186,9315.814601275064,9468.59432347835,8.891e-6,5.92e-6,3.304e-6,1.101e-6,1.342e-7,0
PHL,PHL.25_1,RICE,8.678812295058929,8.6251399108379,9.55471351791488,8.823108967560001,8.40289161043563,7.861702417325786,11677.364806932663,12080.017334831342,11956.76299132097,12140.169837125108,11551.651341463687,11741.09887326584,7.432e-4,7.14e-4,7.991e-4,7.268e-4,7.274e-4,6.696e-4
PHL,PHL.26_1,RICE,506.15862413783753,561.9759971507206,549.3226210021339,541.3093502578613,537.4126727234117,510.7991850878531,127010.4753027349,131389.98127825238,130049.38834387003,132044.238298847,125643.13538785194,127703.6877005481,0.003985,0.004277,0.004224,0.004099,0.004277,0.004
PHL,PHL.27_1,RICE,199.01400497282324,201.7896256872665,206.39770001776267,199.66526468000055,205.0058113515642,193.56282203481197,120182.03598160332,124326.08743465661,123057.56853578157,124945.16976312517,118888.20809490453,120837.97933697066,0.001656,0.001623,0.001677,0.001598,0.001724,0.001602
PHL,PHL.28_1,RICE,120.70396221688367,116.4758945773506,110.98271570091484,132.57364363325505,133.19438770886612,131.64883013438742,126598.80288175243,130964.11379325371,129627.86605274247,131616.25020473343,125235.8948543317,127289.76840642084,9.534e-4,8.894e-4,8.562e-4,0.001007,0.001064,0.001034
PHL,PHL.29_1,RICE,1413.8984495120524,1422.322030121887,1396.0711550353137,1445.1860706102432,1520.5178342296967,1459.8600977518445,79462.39427615004,82202.37324034049,81363.64931570514,82611.70033879051,78606.93646318642,79896.09328200646,0.01779,0.0173,0.01716,0.01749,0.01934,0.01827
PHL,PHL.2_1,RICE,76.67590327108533,90.7191670579679,85.47818729321241,98.78022942968614,103.4174402586604,105.61326726040723,55373.30345600966,57282.65552159093,56698.19145128808,57567.89477019037,54777.17838952313,55675.52624804381,0.001385,0.001584,0.001508,0.001716,0.001888,0.001897
PHL,PHL.30_1,RICE,8.709364677099732,7.476671151148312,6.25306233501962,5.028974360848933,3.827857026115875,2.6483301798967,4068.894090043949,4209.195478087896,4166.248385299988,4230.155186475113,4025.090133830987,4091.101768756151,0.00214,0.001776,0.001501,0.001189,9.51e-4,6.473e-4
PHL,PHL.31_1,RICE,348.7579655548591,321.95274678734694,295.0627713057274,268.64978729005577,242.64496395583578,215.42094593866312,15793.953943441968,16338.55245397807,16171.847597452881,16419.91035163033,15623.923057491678,15880.1560040042,0.02208,0.01971,0.01825,0.01636,0.01553,0.01357
PHL,PHL.32_1,RICE,0.0584351272708779,0.048166389678175194,0.03941231757582874,0.03217291096383851,0.024933504351848268,0.017694097739858028,4284.184402465585,4431.909313706924,4386.689836133543,4453.978026670591,4238.062723743829,4307.567117436364,1.364e-5,1.087e-5,8.985e-6,7.223e-6,5.883e-6,4.108e-6
PHL,PHL.33_1,RICE,5.279635930886111,4.625701794793548,3.998432647684435,3.781268788819589,3.16877349870662,2.5621728665055623,48325.98604502842,49992.33635316256,49482.25657206887,50241.27342368178,47805.7293536969,48589.74517657337,1.093e-4,9.253e-5,8.081e-5,7.526e-5,6.628e-5,5.273e-5
PHL,PHL.34_1,RICE,3.0307989319353394,3.077623542863996,2.897527405952313,2.645414293227188,3.7958307721384315,3.4940565014615785,219062.04608346283,226615.62414499576,224303.4287888974,227744.05769549074,216703.71871926784,220257.66814434735,1.384e-5,1.358e-5,1.292e-5,1.162e-5,1.752e-5,1.586e-5
PHL,PHL.35_1,RICE,0.679577196798065,0.775625993158255,0.7002271172344314,0.627146877379312,0.5546026058662571,0.4873449298528475,231681.0372718717,239669.73650890542,237224.3479623565,240863.1730724051,229186.85929932067,232945.5327159858,2.933e-6,3.236e-6,2.952e-6,2.604e-6,2.42e-6,2.092e-6
PHL,PHL.36_1,RICE,8.417649680691596,7.564287664292655,6.744002226076023,6.003732708921057,6.156906821144474,5.326424994132322,18256.35918164237,18885.86500733606,18693.16951455784,18979.9072596512,18059.819104534556,18356.000841068333,4.611e-4,4.005e-4,3.608e-4,3.163e-4,3.409e-4,2.902e-4
PHL,PHL.37_1,RICE,14.023238594915812,12.911113960482254,12.446614180507673,11.750343043338075,11.417701254290245,11.431414130499292,435422.6679643161,450436.6750505838,445840.79781485547,452679.626561179,430735.0956020102,437799.1679419936,3.221e-5,2.866e-5,2.792e-5,2.596e-5,2.651e-5,2.611e-5
PHL,PHL.38_1,RICE,7.235794720058615,6.929129038132471,6.3598274542664655,5.799930442103669,7.434033777452166,7.277666205472594,78449.22126713202,81154.2645519098,80326.23464738547,81558.37258828919,77604.670837143,78877.39046066935,9.224e-5,8.538e-5,7.917e-5,7.111e-5,9.579e-5,9.227e-5
PHL,PHL.39_1,RICE,0.37037862218056306,0.3177484175554485,0.26511821293033405,0.21248800830521947,0.2976361938902558,0.24369823858447742,37476.887539119525,38769.145146455914,38373.57737523207,38962.19628435663,37073.427556030125,37681.43321152682,9.883e-6,8.196e-6,6.909e-6,5.454e-6,8.028e-6,6.467e-6
PHL,PHL.3_1,RICE,1831.6340762443479,1793.9599210000144,1719.6438540598276,1653.0937882650662,1612.3941502938064,1518.1474246863265,200700.0913894476,207620.52253838972,205502.13723351408,208654.36989241734,198539.4408980346,201795.49545955905,0.009126,0.008641,0.008368,0.007923,0.008121,0.007523
PHL,PHL.40_1,RICE,5.301912628806689,4.993471674624296,4.4602621785798595,4.11858406062908,3.551604468372391,7.523882990114079,57513.850640705634,59497.011887489556,58889.95438601754,59793.2775338736,56894.68136783889,57827.756357656006,9.218e-5,8.393e-5,7.574e-5,6.888e-5,6.242e-5,1.301e-4
PHL,PHL.41_1,RICE,109.23325577210427,109.28298968204994,102.86219572663316,104.7987247978702,114.97065408486166,107.87695915349042,98845.13175892414,102253.455711395,101210.14739435849,102762.62726792,97781.00776660228,99384.62010140489,0.001105,0.001069,0.001016,0.00102,0.001176,0.001085
PHL,PHL.42_1,RICE,97.72270519932086,103.67889446391781,103.51771535691861,126.2237482606587,134.67714079819848,129.28955689152008,84149.37923039282,87050.97225488294,86162.77730119872,87484.44297459276,83243.46336195686,84608.6594024554,0.001161,0.001191,0.001201,0.001443,0.001618,0.001528
PHL,PHL.43_1,RICE,100.73771055125515,103.2392296659188,101.28754786387277,94.78991857043911,87.45827193806174,84.31307016780067,311807.7568175738,322559.3419206165,319268.217509981,324165.52765834803,308450.9691931627,313509.57709849987,3.231e-4,3.201e-4,3.172e-4,2.924e-4,2.835e-4,2.689e-4
PHL,PHL.44_1,RICE,142.60836170738577,140.75095741838157,132.52967089238643,125.5883472421436,130.03391638137455,120.81633971750902,109063.00472141281,112823.65579957655,111672.49804519811,113385.46171641961,107888.87952239117,109658.26134757248,0.001308,0.001248,0.001187,0.001108,0.001205,0.001102
PHL,PHL.45_1,RICE,4.981060898336497,4.659773855783615,4.356936016193182,4.055536550327946,4.412065679344273,4.08366830585727,17064.18824735165,17652.58628474583,17472.474131469942,17740.487419947214,16880.48256756369,17157.323138969736,2.919e-4,2.64e-4,2.494e-4,2.286e-4,2.614e-4,2.38e-4
PHL,PHL.46_1,RICE,75.5243414025381,71.59265245787098,69.64707842782512,67.87414379054583,64.83017264872663,84.87957867996501,136658.6253334117,141370.81355904535,139928.3846010582,142074.77018023017,135187.4176028208,137404.49651548095,5.526e-4,5.064e-4,4.977e-4,4.777e-4,4.796e-4,6.177e-4
PHL,PHL.47_1,RICE,0,0,0,0,0,0,210.47836276353564,217.7359629358278,215.51436817926458,218.8201801721862,208.2124436262375,211.62713580915513,0,0,0,0,0,0
PHL,PHL.48_1,RICE,31.365222306398504,31.880633767729805,30.919205352886127,30.738610443943433,33.173060560929216,33.46674487485552,61999.9178073373,64137.76517678949,63483.357329352584,64457.139475681404,61332.45347311313,62338.30809825623,5.059e-4,4.971e-4,4.87e-4,4.769e-4,5.409e-4,5.369e-4
PHL,PHL.49_1,RICE,37.338040845424075,39.30938252103342,36.60688261678833,34.411088628794204,32.833593727548255,31.496487312073484,24072.019043318705,24902.057282225403,24647.977620143425,25026.057191850487,23812.87008421672,24203.40208083155,0.001551,0.0015790000000000001,0.001485,0.001375,0.001379,0.001301
PHL,PHL.4_1,RICE,8.395865443631601,7.856561365958297,12.775435313233396,11.409653398231091,10.430275636925886,9.45949137716,54367.45584044183,56242.12481683428,55668.27744726641,56522.182737967894,53782.15929490822,54664.18880153282,1.544e-4,1.397e-4,2.295e-4,2.019e-4,1.939e-4,1.73e-4
PHL,PHL.50_1,RICE,1.266918325612827,1.1578598681321806,1.1448964687967178,1.0438237971146345,1.986917411351926,1.849060207960631,16976.801180249473,17562.185984430846,17382.996199837024,17649.636970917927,16794.036271879057,17069.459120669802,7.463e-5,6.593e-5,6.586e-5,5.914e-5,1.183e-4,1.083e-4
PHL,PHL.51_1,RICE,8.702218418048078,7.983210097322853,8.431843401501906,7.6832912780176486,8.397072025503096,8.612373279092033,90336.95076970613,93451.90026314714,92498.39562011,93917.24443353398,89364.42217880198,90830.00218223676,9.633e-5,8.543e-5,9.116e-5,8.181e-5,9.396e-5,9.482e-5
PHL,PHL.52_1,RICE,3.8657975060690126,3.858126551867407,17.003267843821238,16.090148600313402,15.916957894819982,14.924108761868222,40396.40191798006,41789.32862869043,41362.945443708,41997.4187842355,39961.51170417327,40616.88205215672,9.57e-5,9.232e-5,4.111e-4,3.831e-4,3.983e-4,3.674e-4
PHL,PHL.53_1,RICE,315.80206147751926,311.13030240009584,294.5171120450317,281.96611528789856,281.06731515580566,260.8857082250949,350117.91862063133,362190.49383995874,358495.00646551413,363994.0230823108,346348.7003423385,352028.8325141969,9.02e-4,8.59e-4,8.215e-4,7.746e-4,8.115e-4,7.411e-4
PHL,PHL.54_1,RICE,26.08518429155906,24.60728282336435,22.6540610630239,20.751887652145662,19.11761606304185,17.431498901752974,48266.02018412505,49930.30278213113,49420.855939456414,50178.93095619596,47746.409059349746,48529.452027089086,5.404e-4,4.928e-4,4.584e-4,4.136e-4,4.004e-4,3.592e-4
PHL,PHL.55_1,RICE,36.084612412668754,32.24043423659048,29.275195767571848,25.924868571618312,23.065276071707736,20.289367251535356,463673.2300722824,479661.3576416729,474767.29630842037,482049.83359464834,458681.52436116384,466203.91922098503,7.782e-5,6.721e-5,6.166e-5,5.378e-5,5.029e-5,4.352e-5
PHL,PHL.56_1,RICE,18.985341664832898,20.24209521324707,19.855531678829475,19.626743722591005,20.767650946987747,24.075902958409053,250134.42193824088,258759.4207263333,256119.25708709846,260047.91446084925,247441.5827973187,251499.63439015968,7.59e-5,7.823e-5,7.752e-5,7.547e-5,8.393e-5,9.573e-5
PHL,PHL.57_1,RICE,97.52965901506221,112.36754590233276,122.98152556173639,119.25091961615433,125.79572512481309,132.07242717127292,460549.1455113457,476429.5500998559,471568.4634143938,478801.93325220165,455591.07234516065,463062.78367158223,2.118e-4,2.359e-4,2.608e-4,2.491e-4,2.761e-4,2.852e-4
PHL,PHL.58_1,RICE,163.74570152729981,179.64399047745903,170.0304773167415,162.8066304696328,166.36191595426234,169.60613666656292,410992.5192989433,425164.1393158943,420826.1217929861,427281.2461176937,406567.9513645561,413235.68159801676,3.984e-4,4.225e-4,4.04e-4,3.81e-4,4.092e-4,4.104e-4
PHL,PHL.59_1,RICE,63.09484318720396,60.642651151181134,69.80910971967833,66.00297365489095,70.01884594794444,66.54595228214987,127968.18975081269,132380.71911387515,131030.0175233431,133039.909518113,126590.53949586686,128666.62927282481,4.931e-4,4.581e-4,5.328e-4,4.961e-4,0.00055309999999999995,5.172e-4
PHL,PHL.5_1,RICE,111.94118585475736,105.13115574930795,98.0205550154352,89.9034874055118,82.44528940903712,75.72400352563264,129544.16927581161,134011.04070578294,132643.7046840285,134678.34930394206,128149.55270604465,130251.21036035489,8.641e-4,7.845e-4,7.39e-4,6.675e-4,6.434e-4,5.814e-4
PHL,PHL.60_1,RICE,13.418319438789036,11.181836840226387,9.329424595052732,7.5908972617405785,6.007473104868657,4.640473367929426,114547.35127307379,118497.11059949466,117288.06568093284,119087.1675108029,113314.18396804268,115172.54099738503,1.171e-4,9.436e-5,7.954e-5,6.374e-5,5.302e-5,4.029e-5
PHL,PHL.61_1,RICE,6.388003305070204,5.791694612959559,5.413846492287324,4.909043555908116,4.666405118764717,6.497395822145853,193286.7891392996,199951.59884107008,197911.46078779554,200947.25875401153,191205.9470577328,194341.73203472217,3.305e-5,2.897e-5,2.735e-5,2.443e-5,2.441e-5,3.343e-5
PHL,PHL.62_1,RICE,437.6177272682906,439.52646056782675,420.42809591275017,434.1776784458339,429.72600688255824,440.45098175169556,161866.675750228,167448.07422933445,165739.5748216636,168281.88269086074,160124.0890374772,162750.1303326584,0.002704,0.002625,0.002537,0.00258,0.002684,0.002706
PHL,PHL.63_1,RICE,7.838437155458058,9.355461380450073,10.865437577147036,10.59211314720483,10.792174712013653,14.95792816802609,86503.26717246679,89486.02567786265,88572.98548573685,89931.62175737545,85572.01036320932,86975.39466519815,9.061e-5,1.045e-4,1.227e-4,1.178e-4,1.261e-4,1.72e-4
PHL,PHL.64_1,RICE,16.210005936951067,16.790045457074978,16.277914597997412,15.878357470243131,16.75839391336942,20.339658943095273,8050.639457493613,8328.237218834098,8243.262886219005,8369.707714655695,7963.969750571214,8094.579164584359,0.002014,0.002016,0.001975,0.001897,0.002104,0.002513
PHL,PHL.65_1,RICE,26.081704140743497,24.591584083586884,23.47684775587057,27.872479413096336,26.35603267435771,27.671567157877135,28195.67944868755,29167.907497869917,28870.30268567687,29313.1492284104,27892.13694287815,28349.569074814917,9.25e-4,8.431e-4,8.132e-4,9.509e-4,9.449e-4,9.761e-4
PHL,PHL.66_1,RICE,476.5365431569041,450.324556062407,414.74661114529556,384.0778818455006,354.31646375300534,321.2669510155214,97309.01768834575,100664.37419277629,99637.279527917,101165.63291051603,96261.43083658264,97840.12205056312,0.004897,0.004474,0.004163,0.003797,0.003681,0.003284
PHL,PHL.67_1,RICE,6.806519487938367,6.4418959808693925,5.7684997427193725,5.428132131170233,5.30410169615532,5.249447709824802,40002.00032769742,41381.3274977614,40959.10721338997,41587.38600978446,39571.356071049675,40220.32785145789,1.702e-4,1.557e-4,1.408e-4,1.305e-4,1.34e-4,1.305e-4
PHL,PHL.68_1,RICE,0,0,0,0,0.07338948690264675,0.06962592347174179,676.2575085626388,699.5758513424714,692.4379673558066,703.0593925358442,668.9772123351584,679.9484646663184,0,0,0,0,1.097e-4,1.024e-4
PHL,PHL.69_1,RICE,33.80543526082772,32.47326856262601,30.094660199478405,29.225381284050826,28.19052550240789,29.6620791694687,72086.36673129689,74572.00953438513,73811.13942760906,74943.34120140466,71310.31604480307,72479.80800464332,4.69e-4,4.355e-4,4.077e-4,3.9e-4,3.953e-4,4.092e-4
PHL,PHL.6_1,RICE,19.542868671757113,19.878913710695993,27.129727213556322,28.25001021501952,26.646452574173406,25.245799565622583,212709.9653522971,220044.51442860026,217799.36515296518,221140.22710781402,210420.02174547,213870.9182955025,9.188e-5,9.034e-5,1.246e-4,1.277e-4,1.266e-4,1.18e-4
PHL,PHL.70_1,RICE,8.931080598996116,8.433066308711041,7.807871225450837,7.147034974656092,8.49111541220464,7.975773819245491,206843.49427515108,213975.75889360678,211792.53009860162,215041.25217651337,204616.70656191598,207972.4285169667,4.318e-5,3.941e-5,3.687e-5,3.324e-5,4.15e-5,3.835e-5
PHL,PHL.71_1,RICE,20.13674473555691,19.884015536950326,35.8254507892644,34.0017532049056,32.48598599098661,30.915744831449462,36316.646617396866,37568.89742972196,37185.575977379565,37755.97192855563,35925.677286904196,36514.859793295735,5.545e-4,5.293e-4,9.634e-4,9.006e-4,9.043e-4,8.467e-4
PHL,PHL.72_1,RICE,32.26300399299821,30.238050686856134,27.62315612959912,25.408936642926115,25.76457297707962,26.81679757007692,227081.79285351807,234911.90345158297,232515.05983454516,236081.64836332743,224637.12835972954,228321.18601182644,1.421e-4,1.287e-4,1.188e-4,1.076e-4,1.147e-4,1.175e-4
PHL,PHL.73_1,RICE,1.930617405415081,2.6844480150740018,4.555189837302566,4.454586390819829,4.267975718535763,5.081661135609754,3683.5647642503095,3810.5794365266556,3771.6994867861063,3829.554234487858,3643.9090971156834,3703.6693481961593,5.241e-4,7.045e-4,0.001208,0.001163,0.001171,0.001372
PHL,PHL.74_1,RICE,74.86050496893127,87.15971999249487,206.4067534500624,207.65881404211035,202.3291431954822,193.75567846249345,40623.670698824295,42024.433967750694,41595.65196549686,42233.694831421024,40186.33380749177,40845.39124672385,0.001843,0.002074,0.004962,0.004917,0.005035,0.004744
PHL,PHL.75_1,RICE,534.731473253208,520.5648334305281,492.58860238345227,474.67907658832365,461.62023356252877,445.0728445036659,59678.376346942016,61736.17358923756,61106.269563798494,62043.58915169103,59035.904725289685,60004.09586154469,0.00896,0.008432,0.008061,0.007651,0.007819,0.007417
PHL,PHL.76_1,RICE,0.7069769716187764,0.5945717696372737,0.48976895536450255,0.39310099195936976,0.29704349690416204,0.2014682626404838,15222.350092698825,15747.238870836938,15586.567281109197,15825.652319761986,15058.472846901122,15305.432387942266,4.644e-5,3.776e-5,3.142e-5,2.484e-5,1.973e-5,1.316e-5
PHL,PHL.77_1,RICE,1.4349417730547132,1.1744862680073047,0.9380420374732831,0.7251810463903615,0.5242250854682636,0.34346439134505835,334.7352633573606,346.2774222430412,342.7442984760772,348.00171227164026,331.13164810108793,336.56222002366314,0.004287,0.003392,0.002737,0.002084,0.001583,0.001021
PHL,PHL.78_1,RICE,1.3159726525892634,0.8659076015486519,0.5446557903120768,0.3545741162363337,0.22226754384450956,0.1579083569999094,56273.4734285364,58213.86466442442,57619.89931871861,58503.74087326553,55667.65752095443,56580.60927190437,2.339e-5,1.487e-5,9.453e-6,6.061e-6,3.993e-6,2.791e-6
PHL,PHL.79_1,RICE,444.5303621392461,488.08301061858464,553.0946592956382,557.8527389462226,531.1320109299045,517.6324485072577,98418.81190126891,101812.43572479661,100773.62720502166,102319.4112202548,97359.27748438553,98955.9734261383,0.004517,0.004794,0.005488,0.005452,0.005455,0.005231
PHL,PHL.7_1,RICE,10.295327613295179,9.908726805816288,8.923635148808941,7.947069492065108,7.465242632311704,6.8647631626442855,74055.22413573624,76608.75600661301,75827.10465073993,76990.22966212865,73257.97758087497,74459.41126574551,1.39e-4,1.293e-4,1.177e-4,1.032e-4,1.019e-4,9.219e-5
PHL,PHL.80_1,RICE,129.66959044364475,138.09628788614273,151.26049461509245,154.94329457438909,151.70568590031482,156.0743152937878,189289.34021162632,195816.3120584967,193818.36699580203,196791.38029174274,187251.53293851516,190322.46536997103,6.85e-4,7.052e-4,7.804e-4,7.873e-4,8.102e-4,8.201e-4
PHL,PHL.81_1,RICE,121.34160728807186,126.7003502637375,146.5042392838044,145.54264523079596,139.19526334313238,137.85705046176207,112993.55523371181,116889.73741208327,115697.0927785127,117471.79040115674,111777.11542567765,113610.2644710743,0.001074,0.001084,0.001266,0.001239,0.001245,0.001213
PHL,PHL.8_1,RICE,30.149878590540876,42.18180702199137,44.78836276040078,45.159005374688036,48.204963932696565,65.11100903222925,50940.88183122518,52697.39755046977,52159.71759854949,52959.80448575537,50392.47430136476,51218.91284210654,5.919e-4,8.005e-4,8.587e-4,8.527e-4,9.566e-4,0.001271
PHL,PHL.9_1,RICE,14.744252910305326,15.375613113816607,14.905691485256014,13.982729162647514,13.7298979813333,14.314818119193566,1734.7331172667268,1794.5492390069946,1776.2391669085812,1803.4852052580027,1716.0577298449064,1744.2011434348055,0.008499,0.008568,0.008392,0.007753,0.008001,0.008207
PNG,PNG.10_1,RICE,0,0,0,0,0,0,0.6840105691187531,0.7004189174441701,0.6988410383919932,0.7010644134200608,0.7032957575342504,0.7015161131750938,0,0,0,0,0,0
PNG,PNG.11_1,RICE,0.022546589659649202,0.021771812944646668,0.020612840832111942,0.020820617402425128,0.020186497802879972,0.018462081761336988,0.07337514335500839,0.07513529877504452,0.07496603662197648,0.07520454238311784,0.07544390300361813,0.07525299709387132,0.3073,0.2898,0.275,0.2769,0.2676,0.2453
PNG,PNG.13_1,RICE,0.00112386036425926,0.00114591812852347,0.00225764706860932,0.00246274122625756,0.00238607806756577,0.0027911476628043,0.032704365252772385,0.0334888920438138,0.03341344944807499,0.03351975492388877,0.033626441422913336,0.03354135189101198,0.03436,0.03422,0.06757,0.07347,0.07096,0.08322
PNG,PNG.14_1,RICE,4.5810061449325085e-4,0.0010184273402924849,0.0034697827708512177,0.00389978258859702,0.0038059148396973044,0.004470560526659692,0.37056258651176266,0.37945180587526756,0.37859699022010784,0.37980150318874206,0.3810103334081598,0.3800462114390362,0.001236,0.002684,0.009165,0.01027,0.009989,0.01176
PNG,PNG.17_1,RICE,0.021715453014975603,0.020527715420887275,0.019362638204964335,0.018107342119123352,0.029500479034229025,0.02690029978227286,0.8644644917637425,0.8852016486677484,0.8832074975910157,0.8860174377445938,0.8888374493682565,0.8865883037761927,0.02512,0.02319,0.02192,0.02044,0.03319,0.03034
PNG,PNG.18_1,RICE,0,0,0,0,0,0,0.06315389020084386,0.06466885367553933,0.0645231699611199,0.06472845155871096,0.06493446893263749,0.06477015646506915,0,0,0,0,0,0
PNG,PNG.19_1,RICE,4.5150460372993224e-4,4.7688004118954646e-4,4.716655153946084e-4,8.038855239036603e-4,8.052879146502435e-4,7.512210227467774e-4,0.644093056964918,0.6595438463383614,0.658058049205801,0.6601516724380453,0.6622527996962113,0.660577011883347,7.01e-4,7.23e-4,7.168e-4,0.001218,0.001216,0.001137
PNG,PNG.1_1,RICE,0,0,0,0,0,0,0.042236517897883415,0.04324970618620774,0.043152274772371796,0.0432895644918679,0.04342734628921166,0.04331745620239002,0,0,0,0,0,0
PNG,PNG.20_1,RICE,0.009246592123192659,0.01073953686657643,0.01130976514301471,0.011367587131904389,0.0161606441759496,0.01515870905342196,0.6264275370916282,0.6414545581542924,0.6400095119326279,0.6420457134267917,0.6440892131341961,0.6424593871005988,0.01476,0.01674,0.01767,0.01771,0.02509,0.02359
PNG,PNG.21_1,RICE,0.0012403829292781,0.00123749260799946,0.00125619558843814,0.00119693042639364,0.00114662534637335,0.00106023506922064,0.6146464011463892,0.6293908111048016,0.6279729416673245,0.6299708486019515,0.6319759164933333,0.6303767423722589,0.002018,0.001966,0.002,0.0019,0.001814,0.001682
PNG,PNG.22_1,RICE,8.540210481503303,7.370449423475208,6.350710994156578,5.454897723343898,4.77064774556967,4.469718460847181,3.9836359404171215,3.9667503380623317,3.9910249244593126,3.9351439999664377,3.87414747432123,3.8992730049864797,2.144,1.858,1.591,1.386,1.231,1.146
PNG,PNG.2_1,RICE,0,0,0,0,0,0,0.055020576483591856,0.05634043442843492,0.05621351268337475,0.056392356960505007,0.05657184225654971,0.056428690874104376,0,0,0,0,0,0
PNG,PNG.4_1,RICE,0.044185980616347945,0.04144789003404632,0.0395572386806244,0.03699126930240979,0.03507728967966446,0.03243504068116681,0.13370174661832984,0.13690904330243897,0.1366006194348074,0.1370352167028338,0.1374713716671614,0.13712350926572914,0.3305,0.3027,0.2896,0.2699,0.2552,0.2365
PNG,PNG.5_1,RICE,0.00820763776778621,0.00925004996190457,0.008734879828295855,0.008097865619688062,0.009472019232381607,0.009069296562098775,0.21443996844056995,0.21958404933042733,0.21908937812295207,0.21978641482439457,0.2204859498652688,0.21992802445089302,0.03827,0.04213,0.03987,0.03684,0.04296,0.04124
PNG,PNG.6_1,RICE,0,0,0,0,0,0,0.0012105500104868092,0.0012395892200168538,0.001236796717109157,0.0012407316075700031,0.001244680601580888,0.0012415310179415366,0,0,0,0,0,0
PNG,PNG.7_1,RICE,0.004649533776182842,0.0050843872937471335,0.005513504425564225,0.005328776048410376,0.005180287846311666,0.005525810401710508,0.36098833325626495,0.36964788119440817,0.3688151514752473,0.36998854335224673,0.3711661409348985,0.37022692905718074,0.01288,0.01375,0.01495,0.0144,0.01396,0.01493
POL,POL.4_1,RICE,0,0,0,0,0,0,0.014299447170163088,0.01166012930091743,7.281689478543827e-4,0.0026110394635037414,0.0035348007177397225,0.0024896602981910885,0,0,0,0,0,0
POL,POL.9_1,RICE,0,0,0,0,0,0,0.01939190951873501,0.015812651334657354,9.874917668571386e-4,0.0035409089892482516,0.0047936493536754315,0.0033763030598586256,0,0,0,0,0,0
PRI,PRI.12_1,RICE,0.01291518473520712,0.01269755386287289,0.011893309273171919,0.01263926320437629,0.011755521254628878,0.01087177930488147,11.087452364831746,13.266539773027171,15.447666797712703,17.62893950929039,16.986945937879632,16.7736213889022,0.001165,9.571e-4,7.699e-4,7.17e-4,6.92e-4,6.481e-4
PRI,PRI.22_1,RICE,0,0,0,0,0,0,9.23199759651254,11.04642069869073,12.862542093128933,14.678784794157139,14.144227087551778,13.966601817234181,0,0,0,0,0,0
PRI,PRI.29_1,RICE,0.00281289954939742,0.00263220022164471,0.00270945343629979,0.00251552577303899,0.0023215981097782,0.0021276704465174,1.323449943601681,1.5835559636849637,1.843905441890093,2.1042723099610683,2.027640967798896,2.0021775562753854,0.002125,0.001662,0.001469,0.001195,0.001145,0.001063
PRI,PRI.35_1,RICE,8.384681801503203e-4,7.876519268078765e-4,7.36835673465433e-4,6.860194201229893e-4,6.352031667805456e-4,5.84386913438102e-4,3.798581984630315,4.545141419506545,5.292399630819412,6.039707754734896,5.819759552536114,5.746674161775352,2.207e-4,1.733e-4,1.392e-4,1.136e-4,1.091e-4,1.017e-4
PRI,PRI.37_1,RICE,0,3.035180211358496e-4,2.8795299441093425e-4,2.723879676860189e-4,7.491275262637927e-4,7.083161105489958e-4,2.7435810363727913,3.282794436620344,3.822512538303324,4.362266690088831,4.203405904938345,4.150618919442589,0,9.246e-5,7.533e-5,6.244e-5,1.782e-4,1.707e-4
PRI,PRI.3_1,RICE,0,0,0,0,0,0,1.534901231275625,1.8365651154430427,2.1385113557152713,2.440477764280699,2.351602818909571,2.322071047127141,0,0,0,0,0,0
PRI,PRI.41_1,RICE,4.861444354013336e-4,4.556218536621417e-4,4.250992719229496e-4,3.945766901837576e-4,3.6405410844456566e-4,3.335315267053736e-4,10.620374198119247,12.707663768701897,14.796907033391438,16.886289847660045,16.271341369252514,16.067003487001806,4.577e-5,3.585e-5,2.873e-5,2.337e-5,2.237e-5,2.076e-5
PRI,PRI.50_1,RICE,0.00755165184289649,0.00709397597363004,0.00663630010436358,0.00617862423509713,0.00572094836583067,0.00526327249656422,0.208399832400497,0.2493579746058594,0.2903544534570727,0.33135367064013255,0.3192867549698952,0.3152771052513701,0.03624,0.02845,0.02286,0.01865,0.01792,0.01669
PRI,PRI.51_1,RICE,0.00700311569396417,0.00657868443978452,0.00615425318560488,0.00572982193142523,0.00530539067724558,0.00488095942306594,2.2773242345852274,2.7249012252836,3.1728971461301585,3.620922990558728,3.4890597391540106,3.4452436171782175,0.003075,0.002414,0.00194,0.001582,0.001521,0.001417
PRI,PRI.62_1,RICE,0.0012227595258685,0.00115633861558239,0.00108991770529628,0.00102349679501017,9.570758847240712e-4,8.906549744379634e-4,1.9688026208892997,2.3557439000248093,2.7430473545419307,3.1303766787291667,3.01637766575512,2.9784975543186127,6.211e-4,4.909e-4,3.973e-4,3.27e-4,3.173e-4,2.99e-4
PRI,PRI.63_1,RICE,0,0,0,0,0,0,4.172233186022492e-4,4.992228663843394e-4,5.812991653922909e-4,6.633809466306609e-4,6.392225845857502e-4,6.311951339744626e-4,0,0,0,0,0,0
PRI,PRI.64_1,RICE,5.916408835735197e-4,5.596602952722485e-4,5.276797069709771e-4,4.956991186697057e-4,4.6371853036843445e-4,4.317379420671631e-4,5.25228978540907,6.284555644054953,7.317787699127629,8.35108876823079,8.046966940558777,7.945911954011544,1.126e-4,8.905e-5,7.211e-5,5.936e-5,5.763e-5,5.433e-5
PRI,PRI.68_1,RICE,0,0,0,0,0,0,6.953506623933245,8.320123428987394,9.68801938152354,11.05600670173697,10.653379803831465,10.519593103735494,0,0,0,0,0,0
PRK,PRK.10_1,RICE,9.46647744752413,8.083506506048877,6.907137369381249,5.766890066640113,4.71459211677759,3.746712742472771,4347.401961731103,4347.401961731103,4347.401961731103,4347.401961731103,4347.401961731103,4347.401961731103,0.002178,0.001859,0.001589,0.001327,0.001084,8.618e-4
PRK,PRK.11_1,RICE,0.39266569092889997,0.34141539313249664,0.29332990334893794,0.25287856115257146,0.20545928053363216,0.16122454350656223,778.9410004275303,778.9410004275303,778.9410004275303,778.9410004275303,778.9410004275303,778.9410004275303,5.041e-4,4.383e-4,3.766e-4,3.246e-4,2.638e-4,2.07e-4
PRK,PRK.12_1,RICE,0,0,0,0,0,0,497.0082995017831,497.0082995017831,497.0082995017831,497.0082995017831,497.0082995017831,497.0082995017831,0,0,0,0,0,0
PRK,PRK.13_1,RICE,22.28186912745267,17.903237338372964,13.635791292932211,9.552941274228072,5.91695885001441,3.5059498344054387,674.0428192952859,674.3533853482855,672.6566205819943,671.8707489651338,672.3051610733405,672.2968263005869,0.03306,0.02655,0.02027,0.01422,0.008801,0.005215
PRK,PRK.1_1,RICE,26.379470261243846,22.971241592787226,19.516919594511823,16.301282062460594,13.183857997724086,10.358549922392013,9088.101101367081,9092.284157477032,9069.43020369094,9058.845192751096,9064.696348104102,9064.584085924267,0.002903,0.002526,0.002152,0.001799,0.001454,0.001143
PRK,PRK.2_1,RICE,10.60745339319578,9.006407017277887,7.437762580476924,5.937475860684346,4.49246123375162,3.3558246696785865,9324.015186500037,9325.929123032553,9315.472410066266,9310.629290920278,9313.306457970679,9313.255092968262,0.001138,9.657e-4,7.984e-4,6.377e-4,4.824e-4,3.603e-4
PRK,PRK.3_1,RICE,11.343542618274668,8.882782873619323,6.733991085195436,4.784467010526602,3.08988515316724,1.9437825673203393,4113.972970454341,4113.972970454341,4113.972970454341,4113.972970454341,4113.972970454341,4113.972970454341,0.002757,0.002159,0.001637,0.001163,7.511e-4,4.725e-4
PRK,PRK.4_1,RICE,6.66530915582784,5.62490593433951,4.659142826166907,3.709941681661056,2.796093116901008,2.028767157697134,2413.3686080879215,2413.3686080879215,2413.3686080879215,2413.3686080879215,2413.3686080879215,2413.3686080879215,0.002762,0.002331,0.001931,0.001537,0.001159,8.406e-4
PRK,PRK.5_1,RICE,1.9473164295061036,1.732086453269841,1.517034999298476,1.3022382113808038,1.400567979050886,1.173543096790846,2521.6975117994702,2521.6975117994702,2521.6975117994702,2521.6975117994702,2521.6975117994702,2521.6975117994702,7.722e-4,6.869e-4,6.016e-4,5.164e-4,5.554e-4,4.654e-4
PRK,PRK.6_1,RICE,0.09402836724431114,0.08762204331695235,0.08121571938959357,0.07480939546223477,0.06840307153487597,0.06208626988600476,272.2692521006531,272.2692521006531,272.2692521006531,272.2692521006531,272.2692521006531,272.2692521006531,3.454e-4,3.218e-4,2.983e-4,2.748e-4,2.512e-4,2.28e-4
PRK,PRK.7_1,RICE,14.6158000052744,12.102184282871924,9.788884417175082,7.514947879671099,5.327198975393912,3.8094952160133215,3913.0447512028345,3913.0447512028345,3913.0447512028345,3913.0447512028345,3913.0447512028345,3913.0447512028345,0.003735,0.003093,0.002502,0.00192,0.001361,9.735e-4
PRK,PRK.8_1,RICE,2.0556250501955704,1.7106632322712507,1.3794103208314021,1.0531989022103583,0.7321571172075455,0.5052492150155934,215.57958024330537,215.57958024330537,215.57958024330537,215.57958024330537,215.57958024330537,215.57958024330537,0.009535,0.007935,0.006399,0.004885,0.003396,0.002344
PRK,PRK.9_1,RICE,5.176490522151924,4.332537450528212,3.5369381271966125,2.7758008056167065,2.0574112758725303,1.4027999387306294,4442.6546316292715,4442.768956868523,4442.144345659455,4441.8550514505405,4442.014966765574,4442.011898578051,0.001165,9.752e-4,7.962e-4,6.249e-4,4.632e-4,3.158e-4
PRT,PRT.10_1,RICE,0.03291224579585509,0.029874381816578553,0.02706559324031843,0.024373395946861658,0.021869732467360747,0.019554602801815677,2.434427071541791,3.2247588062670456,2.8520507532175343,3.2784742315220905,3.155460407815144,3.1561396421174326,0.01352,0.009264,0.00949,0.007434,0.006931,0.006196
PRT,PRT.11_1,RICE,0,0,0,0,0,0,79.02620933788313,104.68190543364443,92.58308145714646,106.42561198805362,102.43234544194927,102.45439470059809,0,0,0,0,0,0
PRT,PRT.12_1,RICE,0.22184207984505563,0.29055459224153535,0.25678334740526587,0.22301210256899642,0.18924085773272703,0.15546961289645753,1072.7008065913008,1420.9509140704106,1256.7216242292996,1444.6199656805657,1390.4154140409269,1390.7147104102644,2.068e-4,2.045e-4,2.043e-4,1.544e-4,1.361e-4,1.118e-4
PRT,PRT.14_1,RICE,0.24687128867072441,0.20812894384019845,0.16981932321416737,0.1320559782972256,0.0951301616997958,0.06654230062328405,2686.883942986362,3154.0381738694773,2570.811634172016,2878.2931270757067,3088.388925087258,2911.3020418821757,9.188e-5,6.599e-5,6.606e-5,4.588e-5,3.08e-5,2.286e-5
PRT,PRT.16_1,RICE,0.21721092447175444,0.1715215154315682,0.12834021572347956,0.09301155812222296,0.07320693845810966,0.06382691506470604,5982.556213202027,7924.780765887766,7008.858122508015,8056.785357383225,7754.481327030144,7756.150531847523,3.631e-5,2.164e-5,1.831e-5,1.154e-5,9.441e-6,8.229e-6
PRT,PRT.17_1,RICE,0.662391351285829,0.5898842015155147,0.5194673779021264,0.45206714771940754,0.387992364509963,0.3262881134935822,4087.0496796810626,5413.901940326071,4788.179220332728,5504.0823421745945,5297.559988453229,5298.700324251353,1.621e-4,1.09e-4,1.085e-4,8.213e-5,7.324e-5,6.158e-5
PRT,PRT.1_1,RICE,0,0,0,0,0,0,17.374442905024388,23.015020008990057,20.355012295614458,23.398385606638385,22.520439135573447,22.525286813181946,0,0,0,0,0,0
PRT,PRT.3_1,RICE,0.40064785687615995,0.3487344374259619,1.069223401546417,1.0390172776262627,1.1525535707594206,1.137499307494323,6935.223196015149,9186.402776819197,8124.489444670684,9339.158010048046,8988.993448905798,8990.785208467069,5.777e-5,3.796e-5,1.316e-4,1.113e-4,1.282e-4,1.265e-4
PRT,PRT.5_1,RICE,9.151859388586614e-5,8.547281860175945e-5,7.942704331765277e-5,7.338126803354608e-5,6.733549274943939e-5,6.128971746533267e-5,0.3911422188595909,0.32656298396407385,0.18541462918547386,0.1767793722129639,0.3205521678361502,0.23657406449266477,2.34e-4,2.617e-4,4.284e-4,4.151e-4,2.101e-4,2.591e-4
PRT,PRT.6_1,RICE,0.1533852221991997,0.12706818392598088,0.1157436208209156,0.1068474569358764,0.0912097592893088,0.07897767186023914,2041.8500405217555,2704.6865495419343,2392.062127213899,2749.701837888896,2646.5644760895602,2647.1140282046003,7.512e-5,4.698e-5,4.839e-5,3.886e-5,3.446e-5,2.984e-5
PRT,PRT.7_1,RICE,6.47470578033286e-4,3.857759133475105e-5,0,0,0,0,347.0516475037503,459.72125006333073,406.58803224759725,467.3789150018501,449.84207823138416,449.9389097965627,1.866e-6,8.392e-8,0,0,0,0
PRT,PRT.8_1,RICE,0.3756660073684153,0.31706483094976934,0.26056423985071075,0.20368748352557794,0.1476169648601469,0.09321178005922144,1046.4510699446503,1386.0744919891326,1225.8195649349707,1409.077711337613,1356.2890188587157,1356.5350053193633,3.59e-4,2.288e-4,2.126e-4,1.446e-4,1.088e-4,6.871e-5
PRT,PRT.9_1,RICE,0.12534806230714604,0.11369636765246155,0.10344159540442903,0.09209105605894743,0.08376764033495772,0.07562832632916341,652.0041957576427,863.4822642058313,763.5789602914172,877.7084574953226,844.9274954153242,845.0243646993805,1.923e-4,1.317e-4,1.355e-4,1.049e-4,9.914e-5,8.95e-5
PRY,PRY.12_1,RICE,10.37852907988122,9.788537278914593,9.1988231586193,8.945080901454697,8.340998548212506,7.742261788678665,2256.200330038524,2242.5845027341043,1852.1723094159238,1858.594618583927,1997.8339284428253,1912.2713934293563,0.0046,0.004365,0.004967,0.004813,0.004175,0.004049
PRY,PRY.13_1,RICE,135.5706949293032,139.66058723973683,157.83158006053324,150.93890856401504,141.00318564685983,138.95864318079438,239078.7809325887,237645.81086322444,196274.90165527404,196952.84868379778,211708.45341501085,202642.59065287636,5.671e-4,5.877e-4,8.041e-4,7.664e-4,6.66e-4,6.857e-4
PRY,PRY.14_1,RICE,5.7935506706692586,5.033742432206157,4.2764067403340675,3.5329472063164276,2.8228993451982407,2.146232881585752,6555.613241096628,6516.051107993042,5381.669860934836,5400.33051551397,5804.904103789512,5556.293694506169,8.838e-4,7.725e-4,7.946e-4,6.542e-4,4.863e-4,3.863e-4
PRY,PRY.15_1,RICE,2.1425370531766443,1.9973606623798033,2.628158648267551,2.443188699692013,2.258218751116475,3.2179045974049743,446.64058386226395,530.7441186522735,446.46381366446576,424.8361260549346,461.9290146057157,451.96998235437866,0.004797,0.003763,0.005887,0.005751,0.004889,0.00712
PRY,PRY.1_1,RICE,0.04849201488837578,0.059341843213495234,0.05569588792792864,0.052049932642362066,0.04840397735679547,0.044758022071228885,8.741608190630114,8.741608190630114,8.741608190630114,8.741608190630114,8.741608190630114,8.741608190630114,0.005547,0.006788,0.006371,0.005954,0.005537,0.00512
PRY,PRY.2_1,RICE,2.370688690874132,2.2144836363857205,14.4720219424041,13.679201236723365,12.886359642721496,12.44836932914135,14256.943424052459,14170.9049296128,11703.887937330697,11744.470547500969,12624.324582017718,12083.654409841694,1.663e-4,1.563e-4,0.001237,0.001165,0.001021,0.00103
PRY,PRY.5_1,RICE,0,0,0,0,0,0,0.012567088716323343,0.012567088716323343,0.012567088716323343,0.012567088716323343,0.012567088716323343,0.012567088716323343,0,0,0,0,0,0
PRY,PRY.6_1,RICE,869.6546072953937,886.7040487344462,993.5953628999356,956.0647500504251,922.2691756247882,873.8460675738038,365350.5184108521,363145.68336228287,299925.5449181584,300965.5208248566,323512.7890628898,309657.4961141543,0.00238,0.002442,0.003313,0.003177,0.002851,0.002822
PRY,PRY.7_1,RICE,197.89591539011607,204.3527373674367,219.60047983973627,213.8753289254038,234.27121217016435,243.2107769645773,169320.12289081604,168298.30159163862,138999.2009441449,139481.17329522176,149930.60756870158,143509.43177573336,0.001169,0.001214,0.00158,0.001533,0.001563,0.001695
PRY,PRY.8_1,RICE,0.015083312909888699,0.012746431496558608,0.010409550083228514,0.00807438846721232,0.005837831565210681,0.0036981595799097035,0.24904595491014486,0.26183604966715923,0.24192732544782,0.23096206141342257,0.23962571287361106,0.23739040422256757,0.06056,0.04868,0.04303,0.03496,0.02436,0.01558
ROU,ROU.10_1,RICE,0,0,0,0,0,0,0.0016857488579362268,0.0010236123993467643,0.0011548097162189799,8.247664659623128e-4,9.83979876541616e-4,9.721967175200306e-4,0,0,0,0,0,0
ROU,ROU.11_1,RICE,0.0029258057565498766,0.0024603101566381615,0.0020180717183571764,0.0015990904417069116,0.0011801091650566601,7.972552470322922e-4,3.557638272350934,2.160252181589663,2.4371336361058282,1.7406037270886003,2.076610908871239,2.0517434932375065,8.224e-4,0.001139,8.281e-4,9.187e-4,5.683e-4,3.886e-4
ROU,ROU.12_1,RICE,0,0,0,0,0,0,1.1835090137670938,0.7186447112375786,0.810754046723303,0.5790414996420277,0.6908200161429328,0.6825474464496214,0,0,0,0,0,0
ROU,ROU.13_1,RICE,7.141278297377489e-5,6.385558906217061e-5,5.7608641165969026e-5,5.136169326976744e-5,4.511474537356586e-5,3.8867797477364275e-5,0.5190332709134683,0.31516491278004677,0.3555598815742851,0.25394128820127937,0.3029622659567873,0.2993342928219549,1.376e-4,2.026e-4,1.62e-4,2.023e-4,1.489e-4,1.298e-4
ROU,ROU.14_1,RICE,0.0023368958543367843,0.0020854940948864358,0.0018376001433579843,0.001591406260155245,0.0013864287152250522,0.0012226675085674058,2.4787720544475187,1.5051481708805767,1.6980643583365653,1.2127595742675943,1.4468714059199137,1.4295451208340233,9.428e-4,0.001386,0.001082,0.001312,9.582e-4,8.553e-4
ROU,ROU.15_1,RICE,6.985533476815804e-4,5.910836018844142e-4,4.8361385608724795e-4,3.761441102900817e-4,2.6867436449291556e-4,1.612046186957493e-4,4.228658976121674,2.567706180069018,2.896811378048492,2.0689061143813787,2.4682889848460525,2.438731224252522,1.652e-4,2.302e-4,1.669e-4,1.818e-4,1.089e-4,6.61e-5
ROU,ROU.16_1,RICE,0,0,0,0,0,0,0.8896410071330149,0.5402035787131155,0.6094419546229408,0.4352641652247867,0.5192878193236893,0.5130693476872883,0,0,0,0,0,0
ROU,ROU.17_1,RICE,0,0,0,0,0,0,0.3400987709038635,0.20651315720064345,0.23298213329044556,0.16639611531453716,0.1985173206735158,0.19614007575845052,0,0,0,0,0,0
ROU,ROU.18_1,RICE,0.004362260693780011,0.0038204303909604377,0.0032786000881408557,0.0027367697853212733,0.002194939482501691,0.0016531091796821084,4.1663927875033,2.529897201329527,2.8541563886828443,2.0384418704971554,2.431943905149879,2.4028213768857105,0.001047,0.00151,0.001149,0.001343,9.025e-4,6.88e-4
ROU,ROU.19_1,RICE,6.767380110249486e-4,5.865818196670357e-4,5.274632242977583e-4,4.4175265413478763e-4,3.6640542921068835e-4,2.9538425674135706e-4,7.235975044700289,4.393794331966369,4.95695088185792,3.5402601860369876,4.223674124186631,4.173095626549498,9.352e-5,1.335e-4,1.064e-4,1.248e-4,8.675e-5,7.078e-5
ROU,ROU.1_1,RICE,0.005250200615404328,0.004818563622695215,0.004386926629986092,0.0039552896372769784,0.0035236526445678656,0.0030920156518587554,3.17393477335409,1.9272615689032941,2.1742804081752785,1.552873640631693,1.8526412945398825,1.8304559150377682,0.001654,0.0025,0.002018,0.002547,0.001902,0.001689
ROU,ROU.20_1,RICE,0,0,0,0,0,0,1.0875086534052951,0.6603518292667743,0.7449897139258,0.5320725353304383,0.6347841349426936,0.6271825949267551,0,0,0,0,0,0
ROU,ROU.21_1,RICE,0.002221220446835377,0.0019012887873539929,0.0015813571278726086,0.0012614254683912145,9.414938089098348e-4,6.215621494284477e-4,0.3912625869846844,0.23758060612203372,0.26803152493073235,0.19142843230259995,0.2283818910652394,0.22564701791973327,0.005677,0.008003,0.0059,0.00659,0.004122,0.002755
ROU,ROU.22_1,RICE,2.20083899302594e-4,2.009461689284554e-4,1.8180843855431677e-4,1.6267070818017817e-4,1.4353297780603957e-4,1.2439524743190094e-4,0.04134349427466997,0.025104399847367495,0.02832205323234384,0.020227643935762728,0.024132400387322565,0.02384341489268439,0.005323,0.008004,0.006419,0.008042,0.005948,0.005217
ROU,ROU.23_1,RICE,6.361471418548446e-5,5.753126651776476e-5,5.144781885004508e-5,4.536437118232539e-5,3.9280923514605694e-5,3.3197475846886004e-5,0.46973964084998165,0.2852330693122304,0.32179164695438545,0.2298239750733392,0.2741893323161628,0.2709059150616768,1.354e-4,2.017e-4,1.599e-4,1.974e-4,1.433e-4,1.225e-4
ROU,ROU.24_1,RICE,0.005301448269883265,0.004882610238227753,0.004546064807679856,0.004123006642634211,0.0036999484775885744,0.0032768903125429327,3.7810158899343205,2.2958904755255825,2.5901568115074993,1.8498930600529893,2.2069975198643785,2.1805687245640035,0.001402,0.002127,0.001755,0.002229,0.001676,0.001503
ROU,ROU.25_1,RICE,0.002367738809826063,0.0019166754138041449,0.0014786308804907056,0.0010536052098857572,6.308192809374586e-4,2.1027309364581953e-4,1.547459714048765,0.9396411234880623,1.0600757668189755,0.757107367189647,0.9032598249818491,0.8924432885776917,0.00153,0.00204,0.001395,0.001392,6.984e-4,2.356e-4
ROU,ROU.26_1,RICE,0,0,0,0,0,0,0.344203629883891,0.20900569013622566,0.23579413640201696,0.1684044512646358,0.20091334699343458,0.19850740966318828,0,0,0,0,0,0
ROU,ROU.27_1,RICE,9.41204640460379e-5,8.198271305016908e-5,6.984496205430026e-5,5.770721105843143e-5,4.841093958796596e-5,4.195614764290383e-5,0.5106649026106038,0.31053685519826946,0.3484465008881876,0.24917929104285982,0.29734492032665394,0.2936315196434421,1.843e-4,2.64e-4,2.004e-4,2.316e-4,1.628e-4,1.429e-4
ROU,ROU.28_1,RICE,0.0011466725097272154,9.524913368910843e-4,7.583101640549534e-4,5.641289912188226e-4,3.699478183826917e-4,1.7576664554656092e-4,0.3044039665158482,0.1848387279451725,0.2085296730489596,0.14893213927224516,0.1776820882784035,0.1755543452712697,0.003767,0.005153,0.003636,0.003788,0.002082,0.001001
ROU,ROU.29_1,RICE,0.005213222045758105,0.004763142044670283,0.004315128899796897,0.003869182611137982,0.003436407230973176,0.003016802759302488,4.891907592367136,2.9704408485472107,3.3511649092421805,2.3934059440563975,2.8554304552122725,2.8212366755111065,0.001066,0.001604,0.001288,0.001617,0.001203,0.001069
ROU,ROU.2_1,RICE,0.004950526813331757,0.00457255022712862,0.004194573640925473,0.003816597054722337,0.0034386204685192,0.0030606438823160627,4.269516446808552,2.6729139395405404,2.9956608343957445,2.175844408470819,2.5495395555396603,2.531973410319546,0.00116,0.001711,0.0014,0.001754,0.001349,0.001209
ROU,ROU.30_1,RICE,0,0,0,0,0,0,0.7623280427649896,0.462897206348583,0.5222271553598834,0.3729752523783309,0.44497461758475276,0.43964604653917555,0,0,0,0,0,0
ROU,ROU.31_1,RICE,0.00113592570403638,0.0010163545772957,8.967834505550376e-4,7.772123238143658e-4,6.576411970736941e-4,5.380700703330225e-4,1.432297206680994,0.8697126938014305,0.9811845477466071,0.7007631651657721,0.8360389045888251,0.8260273387063742,7.931e-4,0.001169,9.14e-4,0.001109,7.866e-4,6.514e-4
ROU,ROU.32_1,RICE,0.00281234708551208,0.00251631055019502,0.00222027401487796,0.0019242374795608978,0.0016282009442438418,0.0013321644089267799,0.6217561268052519,0.37753979649544683,0.42592940993144535,0.3041992886315116,0.362922100769989,0.3585761086132685,0.004523,0.006665,0.005213,0.006326,0.004486,0.003715
ROU,ROU.33_1,RICE,3.772620138693359e-4,0.0020850747723502334,0.0019500180214252504,0.0018149612705002775,0.0016853318773372883,0.0015633895985654187,0.8552192959123497,0.5193021910323063,0.5858616173862469,0.41842306046461536,0.49919569765455357,0.4932178291751405,4.411e-4,0.004015,0.003328,0.004338,0.003376,0.00317
ROU,ROU.34_1,RICE,0,0,0,0,0,0,2.908025180720079,1.7746907411523392,1.999959459117178,1.432393263834276,1.703778248099424,1.6848096224024245,0,0,0,0,0,0
ROU,ROU.35_1,RICE,0.0013597714763018715,0.0012441307423147,0.0011284900083275281,0.002119189500330616,0.0019468133701388197,0.0017744372399470065,1.6216334928530214,0.9846805724741897,1.1108879622706145,0.7933974973139833,0.9465554234731866,0.9352204222770955,8.385e-4,0.001263,0.001016,0.002671,0.002057,0.001897
ROU,ROU.36_1,RICE,0.0012762252597338544,0.0011550987830917087,0.0010339723064495632,9.128458298074177e-4,9.57385154425387e-4,8.277629956673381e-4,6.8688036378054544,4.170842257572992,4.705422840653108,3.36061856134219,4.009354373100874,3.961342354482992,1.858e-4,2.769e-4,2.197e-4,2.716e-4,2.388e-4,2.09e-4
ROU,ROU.37_1,RICE,0.0010496492591499304,9.210563960860441e-4,7.924635330221545e-4,6.674865096993588e-4,5.461253261176571e-4,4.2476414253595553e-4,1.9532115526271094,1.1860198240111106,1.338033045780225,0.9556247847672967,1.1400991632683575,1.1264464757882193,5.374e-4,7.766e-4,5.923e-4,6.985e-4,4.79e-4,3.771e-4
ROU,ROU.38_1,RICE,5.453306014525311e-4,4.6535129992142545e-4,3.8872454460970885e-4,3.126116734503666e-4,2.478456885968579e-4,2.0606281566387536e-4,4.516953291763641,2.7427628824734227,3.0943052545928467,2.2099564747299207,2.6365677908956804,2.6049948915997057,1.207e-4,1.697e-4,1.256e-4,1.415e-4,9.4e-5,7.91e-5
ROU,ROU.39_1,RICE,0.027872230693199506,0.023088106202425216,0.019405958915425646,0.0157278107766184,0.012083509150723738,0.008777506964319302,5.30535171789766,3.324751337696617,3.3199025248522633,2.4435995503371997,2.929870728084375,2.860005137620793,0.005254,0.006944,0.005845,0.006436,0.004124,0.003069
ROU,ROU.3_1,RICE,7.295860717335774e-5,5.651311689630001e-5,4.006762661924228e-5,2.3622136342184557e-5,1.1549543402741769e-5,3.849847800913923e-6,0.3281898943011288,0.199281905822088,0.224824045954158,0.16056959968441936,0.1915660509905252,0.18927204752991372,2.223e-4,2.836e-4,1.782e-4,1.471e-4,6.029e-5,2.034e-5
ROU,ROU.40_1,RICE,0,0,0,0,0,0,0.3201753921679348,0.19441537797631384,0.21933377088115516,0.15664843872991377,0.1868879467863097,0.18464996362354374,0,0,0,0,0,0
ROU,ROU.41_1,RICE,0.003745843869538348,0.003532925537521265,0.003320007205504181,0.003107088873487098,0.002894170541470004,0.002681252209452921,2.0787574167825684,1.2622531861938742,1.4240373061866805,1.0170491293297772,1.2133808999460474,1.198850663669194,0.001802,0.002799,0.002331,0.003055,0.002385,0.002237
ROU,ROU.42_1,RICE,3.7346041533645766e-4,3.341487926694621e-4,2.948371700024666e-4,2.5552554733547104e-4,2.1621392466847548e-4,1.7690230200147992e-4,0.616965331498566,0.3746307525678361,0.42264751124141725,0.30185535270318975,0.36012569005185857,0.3558131849134877,6.053e-4,8.919e-4,6.976e-4,8.465e-4,6.004e-4,4.972e-4
ROU,ROU.4_1,RICE,0.008676733799899751,0.00792284534069564,0.0071689568814915184,0.006415068422287388,0.005661179963083276,0.004907291503879156,3.6888831569551233,2.239946075848713,2.5270419680803236,1.8048163641851778,2.1532191917370804,2.12743439191603,0.002352,0.003537,0.002837,0.003554,0.002629,0.002307
ROU,ROU.5_1,RICE,0.003886488328650181,0.00368426000789929,0.00348358389405213,0.00328290778020498,0.00308311441942886,0.00288420381172377,3.42684200291786,2.116701438260492,2.379147818382999,1.715403666985227,2.025875014249629,2.0073994684750716,0.001134,0.001741,0.001464,0.001914,0.001522,0.001437
ROU,ROU.6_1,RICE,0.0024896502114647714,0.0022520977035260558,0.0020162697550926523,0.0017816025992560241,0.0015629258838710648,0.0013602396089377794,1.1173494152039938,0.6784715946394742,0.7654319058349207,0.5466723729838754,0.6522023339658497,0.6443922110166089,0.002228,0.003319,0.002634,0.003259,0.002396,0.002111
ROU,ROU.7_1,RICE,7.641793709295875e-4,6.990784502737468e-4,6.339775296179058e-4,5.688766089620651e-4,5.037756883062242e-4,4.3867476765038337e-4,5.758546605995795,3.496677266226875,3.944849519308023,2.8174161951507597,3.3612918981086115,3.321040427628762,1.327e-4,1.999e-4,1.607e-4,2.019e-4,1.499e-4,1.321e-4
ROU,ROU.8_1,RICE,1.552969829786831e-4,1.4179289750227588e-4,1.2828881202586864e-4,1.1478472654946143e-4,1.0128064107305421e-4,8.777655559664696e-5,1.4301535082696566,0.8684110074535653,0.9797160230951437,0.6997143431217979,0.8347876173118386,0.8247910355945296,1.086e-4,1.633e-4,1.309e-4,1.64e-4,1.213e-4,1.064e-4
ROU,ROU.9_1,RICE,0.00128954045165831,0.0010731110638171,8.566816759759083e-4,6.402522881347069e-4,4.4336466184508847e-4,2.660187971070531e-4,1.5984271380037633,0.9705893201174048,1.0949906214942684,0.7820435977180958,0.9330097603264773,0.921836968446568,8.068e-4,0.001106,7.824e-4,8.187e-4,4.752e-4,2.886e-4
RUS,RUS.10_1,RICE,0.09273914048458964,0.16273754499317117,0.27782588118374707,0.2609177021234373,0.30932134374226516,0.2896936345876489,778.7554407061212,734.1455917953689,627.5326197756341,731.818844369863,858.6083347411188,798.1887838761808,1.191e-4,2.217e-4,0.00044270000000000003,3.565e-4,3.603e-4,3.629e-4
RUS,RUS.11_1,RICE,2.040352378966497e-4,1.8460331047792116e-4,1.651713830591926e-4,1.457394556404641e-4,1.2630752822173554e-4,1.0687560080300698e-4,0.1860924521508999,0.16837694807946602,0.14418506971109496,0.1621641264598431,0.17145554068409455,0.1616547885903026,0.001096,0.001096,0.001146,8.987e-4,7.367e-4,6.611e-4
RUS,RUS.15_1,RICE,0.34995250550146606,0.30882179717129865,0.2708987209388572,0.2360132169308166,0.20235576092529853,0.16991866989389218,2842.4044445151876,2679.5815270944104,2290.451423249365,2671.0890570867205,3133.8620819818007,2913.3348266493795,1.231e-4,1.153e-4,1.183e-4,8.836e-5,6.457e-5,5.832e-5
RUS,RUS.17_1,RICE,1.0162647719445461e-4,0,0,0,0,0,11.22461436368025,10.58162899924901,9.044959803073274,10.548092357053214,12.375576391700179,11.504717424896993,9.054e-6,0,0,0,0,0
RUS,RUS.1_1,RICE,0.03763632512163577,0.03413597238666241,0.03063561965168904,0.02713526691671568,0.02363491418174232,0.04433563492910718,1819.8975325720799,1715.6474051026933,1466.5002729260457,1710.2099575071334,2006.5082157555735,1865.3119097130598,2.068e-5,1.99e-5,2.089e-5,1.587e-5,1.178e-5,2.377e-5
RUS,RUS.22_1,RICE,0.03328090363109687,0.02326938991917964,0.01369772479741576,0.00456590826580525,0,0,57.54878874113952,54.25219184236055,46.373662739224486,54.08024890746046,63.44979063336624,58.98488189974881,5.783e-4,4.289e-4,2.954e-4,8.443e-5,0,0
RUS,RUS.2_1,RICE,0.0923971106697405,0.08358804687229832,0.07478443080837849,0.06598626247798103,0.05718809414758355,0.04838992581718607,0.012404358380332887,0.011223496615922795,0.00961093938586726,0.010809368772304555,0.011428706260556254,0.01077541785491145,7.449,7.448,7.781,6.105,5.004,4.491
RUS,RUS.34_1,RICE,0.4040834518815008,0.3361857018037587,0.28488302949346134,0.34039765334207966,0.3050067414410621,0.2625911923475608,9779.601705863963,9219.391745583811,7880.547291301684,9190.172478658422,10782.393414150127,10023.645401846657,4.132e-5,3.647e-5,3.615e-5,3.704e-5,2.829e-5,2.62e-5
RUS,RUS.36_1,RICE,3.428596616488153e-5,2.448997583205824e-5,1.4693985499234944e-5,4.897995166411649e-6,0,0,0.0420498066057098,0.03804677740427608,0.032580334273127634,0.036642916341877524,0.038742422080597645,0.03652782538217661,8.154e-4,6.437e-4,4.51e-4,1.337e-4,0,0
RUS,RUS.37_1,RICE,0,0,0,0,0,0,0.01874526106002674,0.01528535789799148,9.54562568811513e-4,0.0034228327710134517,0.004633798877725793,0.003263715840550477,0,0,0,0,0,0
RUS,RUS.51_1,RICE,1.377863153746679e-4,9.84187966961914e-5,5.905127801771483e-5,1.968375933923828e-5,0,0,0.10512423504483248,0.09511668883638677,0.08145061759933075,0.0916070455774369,0.09685579587074312,0.09131931894857079,0.001311,0.001035,7.25e-4,2.149e-4,0,0
RUS,RUS.53_1,RICE,0,0,0,0,0,0,0.009891533202492796,0.008949885678930744,0.0076639938260071845,0.008619650193174275,0.009113524776667707,0.008592576916479733,0,0,0,0,0,0
RUS,RUS.56_1,RICE,0.14944301395777948,0.12544332734006172,0.10512787186705957,0.0848124163940574,0.06477872743946655,0.045026805003287,1504.5749702692838,1435.5307419637713,1262.3267605524306,1423.5331081367701,1624.1952920606595,1529.2404483100931,9.933e-5,8.738e-5,8.328e-5,5.958e-5,3.988e-5,2.944e-5
RUS,RUS.58_1,RICE,0.47334419568096586,0.4278873547956782,0.38450718618485474,0.34301341639521266,0.30214964767044883,0.2756530145187225,990.1823003104042,933.4305014594091,797.7215781062566,930.3202708997783,1091.5085866622185,1014.6866177865686,4.78e-4,4.584e-4,4.82e-4,3.687e-4,2.768e-4,2.717e-4
RUS,RUS.5_1,RICE,0.03094695977472708,0.022373083865653544,0.015152595497741849,0.00860366502734638,0.0028163638173806624,3.134636626581598e-6,187.30336277727037,176.57396780008264,150.93181221286918,176.0143471613678,206.50928391560663,191.97739821316588,1.652e-4,1.267e-4,1.004e-4,4.888e-5,1.364e-5,1.633e-8
RUS,RUS.63_1,RICE,0,0,0,0,0,0,0.026472909154071887,0.02395275895732253,0.020511300741741987,0.02306894308824385,0.02439070956414587,0.022996486333586544,0,0,0,0,0,0
RUS,RUS.73_1,RICE,0,0,0,0,0,0,0.028726979969833352,0.025992248255927452,0.022257762535048742,0.025033178717318062,0.026467488745620864,0.024954552536583425,0,0,0,0,0,0
RUS,RUS.77_1,RICE,0.002906241968725142,0.00226034054837269,0.00161452896312335,9.68717377874014e-4,3.229057926246713e-4,0,63.778819531128775,60.12534457060715,51.393913434847114,59.93478769435431,70.31864326973219,65.37037911728831,4.557e-5,3.759e-5,3.141e-5,1.616e-5,4.592e-6,0
RUS,RUS.79_1,RICE,2.9173530182765582e-6,2.0838235844832567e-6,1.2502941506899535e-6,4.167647168966513e-7,0,0,0.007451005416730487,0.006075737442647074,3.794266107069414e-4,0.0013605329600753758,0.00184187675100457,0.0012972859822404635,3.915e-4,3.43e-4,0.003295,3.063e-4,0,0
RUS,RUS.7_1,RICE,0,0,0,0,0,0,0.01173266974520698,0.009567114353870162,5.974612642170331e-4,0.002142353012143925,0.0029002973991118118,0.002042761633287423,0,0,0,0,0,0
RUS,RUS.82_1,RICE,6.338281085546388e-5,5.3631609185392515e-5,4.388040751532115e-5,3.412920584524978e-5,2.4378004175178415e-5,1.4626802505107048e-5,4.70079598710902,4.691884802790024,4.546118384498323,4.563896123470954,4.656439312037338,4.622478479789507,1.348e-5,1.143e-5,9.652e-6,7.478e-6,5.235e-6,3.164e-6
RUS,RUS.8_1,RICE,0,0,0,0,0,0,0.03845537659104841,0.0313574824279017,0.0019582583003681536,0.007021845297112992,0.00950610825421434,0.0066954213831770274,0,0,0,0,0,0
RWA,RWA.1_1,RICE,0.005753970965439081,0.006268293239495233,0.005842935628840322,0.006616137629854657,0.006129315423729509,0.005642693991750353,10.073469363467805,11.392354099304438,11.6791334716031,11.554043075224232,12.272075767422981,11.867358209228884,5.712e-4,5.502e-4,5.003e-4,5.726e-4,4.995e-4,4.755e-4
RWA,RWA.2_1,RICE,1.128808822223246,1.0476157825587507,0.9664227428942558,0.8861040145089017,0.8133650787371981,0.7351886856045703,66873.46416744556,75628.97708366289,77532.78295087753,76702.36119268263,81469.07380978214,78782.3266575069,1.688e-5,1.385e-5,1.246e-5,1.155e-5,9.984e-6,9.332e-6
RWA,RWA.3_1,RICE,0.01465784783283965,0.020170102115051183,0.05171164850570047,0.06878665221958984,0.06412559431792293,0.05946453641625606,4259.16927286317,4758.5163120551515,4868.994764296396,4829.521230335847,5133.567460992138,4959.0219741111305,3.441e-6,4.239e-6,1.062e-5,1.424e-5,1.249e-5,1.199e-5
RWA,RWA.4_1,RICE,0.13523240232846742,0.12481081514562285,0.11468232769233287,0.13334272169145614,0.12179515148936176,0.11027666665984595,1772.771128713959,1930.5948336771892,2039.2428993771034,2132.7566961608068,2278.3391485083835,2174.365717051429,7.628e-5,6.465e-5,5.624e-5,6.252e-5,5.346e-5,5.072e-5
RWA,RWA.5_1,RICE,0.0024761152269829117,0.008388560896875454,0.00789091643532322,0.03704918329983784,0.035082804374751794,0.03311642544966574,137.51338223838815,155.51753694056154,159.4323750184941,157.72476040520294,167.52665690176352,162.00183935674116,1.801e-5,5.394e-5,4.949e-5,2.349e-4,2.094e-4,2.044e-4
SAU,SAU.10_1,RICE,0,0,0,0,0,0,0.27891287771087825,0.28848168037694394,0.28883608047568715,0.32164998561831765,0.35658320335143234,0.33705963622909696,0,0,0,0,0,0
SAU,SAU.4_1,RICE,0,0,0,0,0,0,0.3028312174437479,0.31322059847421957,0.313605390364237,0.34923327146095445,0.3871622080599763,0.36596438582592977,0,0,0,0,0,0
SAU,SAU.7_1,RICE,0,0,0,0,0,0,0.08336766247672225,0.08622779829231501,0.0863337292484481,0.09614187647680858,0.10658349082284482,0.10074785437767608,0,0,0,0,0,0
SDN,SDN.11_1,RICE,0,0,0,5.490516897935868e-4,5.208951928810952e-4,4.927386959686035e-4,65.98169125439297,45.10467175593269,36.08373740474615,28.1968633719945,35.848986918830136,35.18027199720051,0,0,0,1.947e-5,1.453e-5,1.401e-5
SDN,SDN.12_1,RICE,0,0,0,0,0,0,0.034378032298476614,0.023500608016536747,0.018800486413229397,0.014691237240052116,0.018678175820192475,0.018329759422594814,0,0,0,0,0,0
SDN,SDN.13_1,RICE,0,0,0,0,0,0,4.678028371583097,3.1978709571368826,2.5582967657095064,1.9991261869187142,2.5416532178937334,2.4942420752507948,0,0,0,0,0,0
SDN,SDN.14_1,RICE,0,0,0,0,0,0,3.7734486622589967,3.7435280568247995,5.2526485934121405,4.747019131387119,5.46626445432456,5.174297508258574,0,0,0,0,0,0
SDN,SDN.15_1,RICE,0,0,0,0,0,0,0.2030624092749218,0.20145227733190627,0.28266330720775273,0.2554536255745814,0.2941587203586089,0.2784469625467754,0,0,0,0,0,0
SDN,SDN.16_1,RICE,0,0,0,0,0,0,0.10603043770409318,0.09252894120111982,0.08845566762588472,0.08540005464683091,0.13239349848480605,0.11769895591845164,0,0,0,0,0,0
SDN,SDN.17_1,RICE,0,0,0,0,0,0,16.27685661517975,16.147793403226512,22.657419156118046,20.476374973350556,23.578856029918818,22.319449968556643,0,0,0,0,0,0
SDN,SDN.18_1,RICE,0,0,0,0,0,0,26.192146232070186,19.453913827671006,18.567934755852953,15.364511678294994,18.776903199833317,18.17378426252582,0,0,0,0,0,0
SDN,SDN.3_1,RICE,0.005297976279866928,0.0047360270021321385,0.00417407772439734,0.003612128446662542,0.0030501791689277434,0.002488229891192945,64.67870157095933,67.08657236974035,70.22568738227537,67.37470990411742,68.3091049325779,68.46562104104932,8.191e-5,7.06e-5,5.944e-5,5.361e-5,4.465e-5,3.634e-5
SDN,SDN.4_1,RICE,0,0,0,0,0,0,9.017511042746681e-4,7.869256857953593e-4,7.522839449517363e-4,7.262970449845073e-4,0.0011259595456036837,0.0010009876953223406,0,0,0,0,0,0
SDN,SDN.5_1,RICE,0,0,0,0,0,0,0.069136455851634,0.06858825583573205,0.0962380941377865,0.08697404098444352,0.10015192598208647,0.09480255947851694,0,0,0,0,0,0
SDN,SDN.6_1,RICE,0,0,0,0,0,0,34.01769646404506,23.2542846922183,18.60342775377464,14.537249973306754,18.482399168073655,18.13763472217201,0,0,0,0,0,0
SEN,SEN.10_1,RICE,0.11612287737330265,0.01216076862894948,0.0111033104873017,0.01004585234565392,0.02996163020863095,0.02782862150264343,24090.163890696753,25488.749668130575,25721.42579351533,28022.539998120632,28772.089661103022,28123.453198912124,4.82e-6,4.771e-7,4.317e-7,3.585e-7,1.041e-6,9.895e-7
SEN,SEN.11_1,RICE,1.4659208801674166,1.372613908345533,1.4612926793153247,1.3635356291028737,1.2720338924335173,1.7949144278689844,153491.58789185013,157180.0481173495,160319.41132145564,172860.20436984286,179786.94094210817,175076.66328684194,9.55e-6,8.733e-6,9.115e-6,7.888e-6,7.075e-6,1.025e-5
SEN,SEN.12_1,RICE,0.6730560920129606,0.6062937759730108,0.5396783121768689,0.47320406504615636,0.406753330722147,0.34033264638676297,9594.642090227831,9846.059974655842,10053.76509396344,10849.667321570048,11284.122171899588,10983.965302144396,7.015e-5,6.158e-5,5.368e-5,4.361e-5,3.605e-5,3.098e-5
SEN,SEN.14_1,RICE,2.3807672424660202,2.2048614644053997,2.0898443311809864,1.9602885508647236,1.96959830211299,1.7894982470904297,67013.096593854,68634.57252904963,69984.10013110968,75457.2664982809,78463.08665205612,76417.54159494712,3.553e-5,3.212e-5,2.986e-5,2.598e-5,2.51e-5,2.342e-5
SEN,SEN.3_1,RICE,8.32282785873062e-4,2.7742759529102065e-4,0,0,0,0,512.2244990678313,524.5192410225828,534.7658599422281,576.7313481848274,599.6154044430001,584.0226176993893,1.625e-6,5.289e-7,0,0,0,0
SEN,SEN.4_1,RICE,0,0,0,0,0,0,0.41995298778235074,0.43003296956242404,0.43843377475195155,0.4728396499166436,0.4916013995316818,0.478817478823576,0,0,0,0,0,0
SEN,SEN.5_1,RICE,0,0,0,0,0,0,29.18415871543475,29.559954562114644,31.229500325902908,33.47414107766293,35.779692494585966,34.31613429102492,0,0,0,0,0,0
SEN,SEN.6_1,RICE,0.12612204408883632,0.11618108215579304,0.24266468824066292,0.23018060111222696,0.2131402998807548,0.19609999864928265,8361.746767460672,8589.832554604354,8779.987673684984,9479.956216280936,9856.530821693525,9592.536650392945,1.508e-5,1.353e-5,2.764e-5,2.428e-5,2.162e-5,2.044e-5
SEN,SEN.7_1,RICE,1.384835032758328,1.2819061000063958,1.2544375999802975,1.3938375710069086,1.2747481892885832,1.1556687359773925,243872.34916803337,249713.02297272795,254637.89702818185,274612.10668623773,285549.6141127704,278101.30855753424,5.679e-6,5.134e-6,4.926e-6,5.076e-6,4.464e-6,4.156e-6
SEN,SEN.9_1,RICE,0,0,0,0,0,0,0.001506036493573737,0.0015421853503672423,0.0015723123397182247,0.001695698778436035,0.0017629822135480262,0.0017171364839604596,0,0,0,0,0,0
SGP,SGP.4_1,RICE,0,0,0,0,0,0,0.19995038609106844,0.20718041970386777,0.1936154992545553,0.18457111584690197,0.17844555650275035,0.18311040986933608,0,0,0,0,0,0
SGP,SGP.5_1,RICE,0.02670619787428027,0.02526261961080566,0.02381904134733105,0.02237546308385644,0.02093188482038184,0.01948830655690723,1.536479313830342,1.5920370814422768,1.4878001251073685,1.418300344267333,1.3712296913822597,1.407075837218389,0.01738,0.01587,0.01601,0.01578,0.01527,0.01385
SLB,SLB.10_1,RICE,0.8735090924301698,0.6957338030194612,0.5348678083993073,0.3956059942513265,0.26566407442687123,0.16698865638081734,2.039704916842861,2.037799251133853,2.0288470540822336,2.0322595252355735,2.035671996388914,2.0325014709176044,0.4283,0.3414,0.2636,0.1947,0.1305,0.08216
SLB,SLB.2_1,RICE,0.07464647545300722,0.05658904404376613,0.041563914677585426,0.027410114375277312,0.015393960162356444,0.00860730772451202,0.011398221020035154,0.01138757183310512,0.011337545420084942,0.01135661489435501,0.011375684368625075,0.011357966928335931,6.549,4.969,3.666,2.414,1.353,0.7578
SLB,SLB.3_1,RICE,27.921996040171745,42.28089361833067,42.53156178857114,41.26680645136349,39.03750092536634,36.91164396016424,1675.1727089564758,1673.6076202214517,1666.2553429080815,1669.0579436661483,1671.8605444242153,1669.256649273141,0.01667,0.02526,0.02553,0.02472,0.02335,0.02211
SLB,SLB.4_1,RICE,0,0,0,0,0,0,0.39626077433387497,0.3958905538361758,0.39415137847489123,0.39481433145914324,0.39547728444339536,0.3948613351127191,0,0,0,0,0,0
SLB,SLB.5_1,RICE,0.4456608585472238,0.4719282304741133,0.4650842908367857,0.49772013205650995,0.4659321246109079,0.42783295185594256,0.28736533205616077,0.28709685093679144,0.28583561405045166,0.2863163825665317,0.2867971510826117,0.28635046926244645,1.551,1.644,1.627,1.738,1.625,1.494
SLB,SLB.6_1,RICE,0.373274994520359,0.31840451771158196,0.25595946703653233,0.19787880199220015,0.14052573781588787,0.09898959373878759,0.3257391741711983,0.32543484094673397,0.3240051825434361,0.32455015134073284,0.32509512013802955,0.3245887898643781,1.146,0.9784,0.79,0.6097,0.4323,0.305
SLB,SLB.7_1,RICE,0.5059628585664395,0.4493492168351305,0.3916639843770681,0.3313619252154038,0.2779871888194706,0.23616207573448147,3.3252903666425864,3.3221835977311236,3.307589008891227,3.31315229275594,3.3187155766206535,3.313546731990294,0.1522,0.1353,0.1184,0.1,0.08376,0.07127
SLB,SLB.8_1,RICE,0,0,0,0,0,0,0.0015405788947082317,0.001539139554955003,0.0015323780054165824,0.0015349554277653867,0.0015375328501141905,0.0015351381681256826,0,0,0,0,0,0
SLE,SLE.1_1,RICE,585.0079691026932,604.1653181125323,673.7142839945462,682.4971877042407,666.5046271896776,805.5853619847593,49838.3473916862,93802.89190909736,66277.50981721199,62450.755869757595,66021.76443440192,69721.83315476892,0.01174,0.006441,0.01017,0.01093,0.0101,0.01155
SLE,SLE.2_1,RICE,92.358314906902,96.6751840915848,130.26717501079193,135.53156010993644,133.45813439023127,200.27026652400983,29126.026787294693,54504.041825764405,38733.63105127616,36596.08379694796,38681.02518469028,40771.924094036614,0.003171,0.001774,0.003363,0.003703,0.00345,0.004912
SLE,SLE.3_1,RICE,188.05948084860344,200.36251933651073,248.65796508973156,259.18384394928626,253.99571201868002,376.12835067453756,48244.09198150093,90873.6889497728,64171.009470720746,60443.69411717894,63903.28581727131,67496.76690001086,0.003898,0.002205,0.003875,0.004288,0.003975,0.005573
SLV,SLV.10_1,RICE,0.2298858741158865,0.20292875189464987,0.18518178590445175,0.18693736915484113,0.17622798101030956,0.1611963137843225,1308.4587016269463,1066.1478635601477,807.6582453902271,612.5372793224282,612.5372793224282,685.372559575807,1.757e-4,1.903e-4,2.293e-4,3.052e-4,2.877e-4,2.352e-4
SLV,SLV.11_1,RICE,2.242102013085968,2.1328854928934153,2.0224323589995437,1.9627305383872296,1.9432444014933643,1.8529227101201404,532.2163898000292,433.6563058745839,328.5154930907148,249.1499189187716,249.1499189187716,278.77571441260494,0.004213,0.004918,0.006156,0.007878,0.007799,0.006647
SLV,SLV.12_1,RICE,1.8312269575051445,1.6670179625387866,1.6386758331837845,1.5735836295795278,1.552976414781377,1.5480495052838867,648.9621639781224,529.8833949414787,403.5580403463596,312.7748947353789,308.42035057667493,346.0307845301496,0.002822,0.003146,0.004061,0.005031,0.005035,0.004474
SLV,SLV.13_1,RICE,0.6437171531068193,0.5497103069680876,0.4585437035858342,0.37011408644896154,0.282636512575677,0.20840880824402555,609.1543219250111,496.34625692905115,376.00614387453436,285.167373319076,285.167373319076,319.0759144903011,0.001057,0.001108,0.00122,0.0012979999999999999,9.911e-4,6.532e-4
SLV,SLV.14_1,RICE,0.5399299124047127,0.47393656618583935,0.41485100544783976,0.3621542633686071,0.3294374994982214,0.2935475817714437,75.22440315543064,61.29374707205352,46.4329591660006,35.21528894277487,35.21528894277487,39.40265112616386,0.007178,0.007732,0.008934,0.01028,0.009355,0.00745
SLV,SLV.1_1,RICE,0.12334963216936272,0.10850247975471658,0.09541754728686729,0.08139434994273906,0.06750843707810258,0.05471659944120864,46.08679119739018,42.82435991882715,42.715310344460306,64.52965828579711,43.68168827120603,53.36149244942194,0.002676,0.002534,0.002234,0.001261,0.001545,0.001025
SLV,SLV.2_1,RICE,0.3226797966579149,0.28348518992130206,0.2597607099915804,0.2439983258455479,0.23149119544840233,0.2335978307236803,66.23632580138202,53.99355462496364,41.617340832821064,31.23987345001395,30.504495668363866,34.421973082901765,0.004872,0.00525,0.006242,0.00781,0.007589,0.006786
SLV,SLV.3_1,RICE,2.594047461854509,2.1892850825948424,1.9957050709122133,1.8322343945559665,1.6802603246827041,1.6093117944330773,7450.7862249259015,6071.015268806685,4599.854647550198,3488.2348379857085,3487.4437050270185,3902.439209778867,3.482e-4,3.606e-4,4.339e-4,5.253e-4,4.818e-4,4.124e-4
SLV,SLV.4_1,RICE,0.5153313275656125,0.3827107123467897,0.2952549708048302,0.22760202779520167,0.16681891281195263,0.12046776516018311,89.85733574359742,73.21683627394843,55.46527225649186,42.06549881559642,42.06549881559642,47.06740237095437,0.005735,0.005227,0.005323,0.005411,0.003966,0.002559
SLV,SLV.5_1,RICE,4.590910422317663,4.174625391854456,3.81218893686511,3.423345016580619,3.041350309863004,2.677727660516849,7448.05519379488,6068.764816702978,4597.3810116515315,3486.7065035967216,3486.7065035967216,3901.302078304704,6.164e-4,6.879e-4,8.292e-4,9.818e-4,8.723e-4,6.864e-4
SLV,SLV.6_1,RICE,1.7092630199229657,1.5707733111309714,1.440819331338466,1.3063244176522892,1.1723111300215152,1.0444184156790464,247.53824181095354,201.69713215100552,152.79527110746923,115.88168658178171,115.88168658178171,129.66088893131817,0.006905,0.007788,0.00943,0.01127,0.01012,0.008055
SLV,SLV.7_1,RICE,0.8254081453880385,0.7181547692965206,0.6154019656687487,0.516973732341485,0.41670631754742243,0.31962636062205857,35.509521864489564,29.056175069819297,25.755166627592462,17.839893182272547,13.987475405791962,17.171294480212204,0.02324,0.02472,0.02389,0.02898,0.02979,0.01861
SLV,SLV.8_1,RICE,4.46735616278471,3.8146494782865976,3.166780356430401,2.5262924589368017,1.8946103389539635,1.2690726396564225,4.039814320115702,3.293016863702077,2.535162658340279,1.9043601015746707,1.862638765601886,2.100588491617563,1.106,1.158,1.249,1.327,1.017,0.6042
SLV,SLV.9_1,RICE,8.55201383439891,7.276587691614789,6.028132645721454,4.768863735594047,3.517040802389985,2.2733480040412957,23.514271996363036,19.204465664975036,15.915038298947582,11.452033912059555,10.045617739405634,11.795249254888304,0.3637,0.3789,0.3788,0.4164,0.3501,0.1927
SMR,SMR.4_1,RICE,5.1674056481879666e-5,4.372420163851356e-5,3.5774346795147456e-5,2.782449195178135e-5,1.9874637108415256e-5,1.1924782265049153e-5,0.04216776109126987,0.040820062115238594,0.03460045092137074,0.038563547453627084,0.04052495575996401,0.038254266249661356,0.001225,0.001071,0.001034,7.215e-4,4.904e-4,3.117e-4
SMR,SMR.9_1,RICE,0,0,0,0,0,0,0.011561216700212184,0.011191715462647607,0.009486472619715197,0.01057304246899185,0.011110805581860844,0.01048824624249524,0,0,0,0,0,0
SOM,SOM.14_1,RICE,0.02871215248392618,0.02617256972141446,0.0259230791523518,0.023266055764534988,0.020609032376718177,0.017952008988901376,209.14106289000685,200.45053015513113,200.45053015513113,200.45053015513113,200.45053015513113,200.45053015513113,1.373e-4,1.306e-4,1.293e-4,1.161e-4,1.028e-4,8.956e-5
SOM,SOM.15_1,RICE,0.00077769429006145955,4.147956103773139e-4,1.737545302021514e-4,5.708139493453094e-5,0,0,270.18135770057825,258.95439011705344,258.95439011705344,258.95439011705344,258.95439011705344,258.95439011705344,2.878e-6,1.602e-6,6.71e-7,2.204e-7,0,0
SRB,SRB.11_1,RICE,0,0,0,0,0,0,0.23727772860593035,0.23051851059666212,0.23074949106820186,0.24310086786211646,0.226214979705869,0.23128581961853922,0,0,0,0,0,0
SRB,SRB.17_1,RICE,0,0,0,0,0,0,0.054543871477170554,0.044229783344349544,0.04715675430096091,0.03870106042630586,0.039769637124751275,0.04108491566096822,0,0,0,0,0,0
SRB,SRB.19_1,RICE,0,0,0,0,0,0,0.013331103583205425,0.008094849277519954,0.009132373350473112,0.006522351854450324,0.007781430547148688,0.007688247916346586,0,0,0,0,0,0
SRB,SRB.24_1,RICE,0,0,0,0,0,0,0.2305201575994166,0.18692946340259337,0.19929979553952967,0.16356328047726917,0.16807943347964274,0.17363822876212953,0,0,0,0,0,0
SRB,SRB.6_1,RICE,0,0,0,0,0,0,0.0655156207963814,0.03978208348316957,0.0448809887093168,0.03205405524979017,0.03824178919610427,0.037783843770480934,0,0,0,0,0,0
SSD,SSD.10_1,RICE,0.35495016984274946,0.34688831948724413,0.35013170590778087,0.565398379398133,0.613384113423454,0.7909093008896234,428.0513742858269,424.68003474397386,595.6495192809473,538.3916864018537,619.8610790316725,586.7851033784335,8.292e-4,8.168e-4,5.878e-4,0.00105,9.896e-4,0.001348
SSD,SSD.1_1,RICE,0.08186425594601986,0.07417302941851105,0.067641267895086,0.10071163178943839,0.18513932476740502,0.17380633976357365,613.2052129209951,609.2689754781638,852.8186909027698,771.6877361703033,886.6481159107367,839.9807856599374,1.335e-4,1.217e-4,7.931e-5,1.305e-4,2.088e-4,2.069e-4
SSD,SSD.2_1,RICE,0.34263487963137546,0.38306361827147,0.5401864629833498,0.5428270875567774,0.5541115654518474,0.6165789450470683,249.81367532081558,247.84233667569774,347.6767737796848,314.2214870304367,361.8006527160837,342.48833976360504,0.001372,0.001546,0.001554,0.001728,0.001532,0.0018
SSD,SSD.3_1,RICE,0.5257794202576602,0.4570628001480239,0.3889740882485608,0.340267544814086,0.4211630582934236,0.4548154798035528,203.7528676067359,202.20179002339134,283.18681518661094,256.0131050677627,294.59807619675337,278.94691896167143,0.00258,0.00226,0.001374,0.001329,0.00143,0.00163
SSD,SSD.4_1,RICE,0.15822980002772652,0.14267983945486462,0.14235390375866125,0.1268268921130302,0.12196604098586028,0.10683972166558423,270.1068171378807,267.96507354361876,375.9892660792053,339.7958587050192,391.28007972093116,370.38082559827416,5.858e-4,5.325e-4,3.786e-4,3.732e-4,3.117e-4,2.885e-4
SSD,SSD.5_1,RICE,0.03224397744760544,0.03020638558190368,0.03371871866326953,0.03140383582208518,0.08979159420644807,0.09129072483359207,252.86502477603446,250.85999560733154,351.9886543037854,318.10558926536817,366.30340582072694,346.73821873095187,1.275e-4,1.204e-4,9.579e-5,9.872e-5,2.451e-4,2.633e-4
SSD,SSD.6_1,RICE,0.36829078215659644,0.33489278686204965,0.30151382588922593,0.26817379035774264,0.23487368030526637,0.4263676719060423,68.16411571256945,67.62362562152742,94.88459458845965,85.75083175186002,98.74338201729334,93.46924939295464,0.005403,0.004952,0.003178,0.003127,0.002379,0.004562
SSD,SSD.7_1,RICE,0.08455031257649337,0.07792813265345905,0.0713173916638966,0.06471563403601185,0.16108923154933025,0.1492381897287451,179.81180997842287,178.19760507152571,249.33218966276004,225.34316969746124,259.37514801659484,245.59726911555657,4.702e-4,4.373e-4,2.86e-4,2.872e-4,6.211e-4,6.077e-4
SSD,SSD.8_1,RICE,0.003717203626278411,0.0033673073573127483,0.003032071658622468,0.002697681264914103,0.003248210699161663,0.00287541878245706,575.3777576945994,570.8154454957402,800.9270670257051,723.8283777036361,833.4993440223687,788.9800456869785,6.46e-6,5.899e-6,3.786e-6,3.727e-6,3.897e-6,3.644e-6
SSD,SSD.9_1,RICE,0.09295687340426563,0.08743696592179653,0.08191786759347741,0.07639876926515825,0.07501890693314123,0.06929547191370855,198.32259414399817,196.7592702778732,275.9849446340872,249.45071262361063,287.20372215841473,271.8765516613317,4.687e-4,4.444e-4,2.968e-4,3.063e-4,2.612e-4,2.549e-4
SUR,SUR.10_1,RICE,267.0509199952713,249.58566932152536,232.3913478386317,362.3116101434293,503.656992550997,469.4862911418707,13093.752721097007,13822.92458427374,9655.64423290201,11995.88078910346,11840.493232595485,11236.43370842067,0.0204,0.01806,0.02407,0.0302,0.04254,0.04178
SUR,SUR.2_1,RICE,334.933757652762,342.8325685415032,359.9826130302409,355.4261378038073,373.1663317987718,349.15983602569895,348.53659992280694,367.9460914081253,257.01916652035067,319.3128503623634,315.1766602441293,299.0974767440732,0.961,0.9317,1.401,1.113,1.184,1.167
SUR,SUR.4_1,RICE,0.19588700803855943,0.09027372018740944,0.02446693447025453,0.00573339633933732,0,0,0.06022677181660527,0.04975532673001819,0.05146332158408041,0.0544882283583308,0.057433322288933414,0.054023134974542156,3.252,1.814,0.4754,0.1052,0,0
SUR,SUR.5_1,RICE,236.6788591603059,214.58085615910355,214.24211156761444,198.91553763604344,672.7691196096391,631.5847017481499,76802.11071364304,81079.1074889633,56635.70048883277,70362.48385750783,69451.04978870804,65907.90616582941,0.003082,0.002647,0.003783,0.002827,0.009687,0.009583
SUR,SUR.6_1,RICE,14.070452456773872,12.10244386027948,10.150884323836102,8.235944882854671,6.364657414620148,4.5441537476305065,383.4271946651387,404.77969214098715,282.74831973427297,351.27797328052907,346.7277258345294,329.03892005832694,0.0367,0.0299,0.0359,0.02345,0.01836,0.01381
SUR,SUR.7_1,RICE,148.66116076547414,138.42852905785776,127.80688937584812,154.28189659284308,169.7636731376656,156.04087788104763,894.4853895980814,944.297967551131,659.6147702997267,819.4854698855477,808.8703389920352,767.604673576546,0.1662,0.1466,0.1938,0.1883,0.2099,0.2033
SUR,SUR.8_1,RICE,502.5603630594433,481.2303910692515,474.36202750944966,578.9105918447319,678.4069138974226,636.100832290935,14487.354673733114,15294.134183394048,10683.319410794362,13272.633393752001,13100.707537890326,12432.356396917061,0.03469,0.03147,0.0444,0.04362,0.05178,0.05116
SUR,SUR.9_1,RICE,0.1883019542607399,0.08327622932248169,0.04931244098185063,0.04711579197626979,0.04607866329098307,0.04255379334602884,0.09541592960128947,0.07882625299952804,0.08153219110377877,0.08632448335383028,0.09099032989807568,0.08558764629238635,1.973,1.056,0.6048,0.5458,0.5064,0.4972
SVK,SVK.4_1,RICE,0,0,0,0,0,0,0.008376178265963805,0.006792267213967241,0.007241755485479779,0.005943233812221337,0.0061073327049957545,0.006309317037797657,0,0,0,0,0,0
SVN,SVN.2_1,RICE,0,0,0,0,0,0,0.11210649889629756,0.10852352911419377,0.09198817562621592,0.10252439726856674,0.10773896433210173,0.10170214747266265,0,0,0,0,0,0
SWZ,SWZ.1_1,RICE,0.07641115279329246,0.07876440190293447,0.07411492723260477,0.06844303789193258,0.096308848672867,0.08925650677436016,106.92030016034767,106.92030016034767,106.92030016034767,106.92030016034767,106.92030016034767,106.92030016034767,7.147e-4,7.367e-4,6.932e-4,6.401e-4,9.008e-4,8.348e-4
SWZ,SWZ.2_1,RICE,0.5268393928909305,0.7933078381056511,1.4650080443889986,1.4431983450022419,3.3344272178160477,3.194444537106625,267.50704407408494,267.50704407408494,267.50704407408494,267.50704407408494,267.50704407408494,267.50704407408494,0.001969,0.002966,0.005477,0.005395,0.01246,0.01194
SWZ,SWZ.3_1,RICE,0.05610985044451065,0.05379335782679864,0.05703941085802186,0.055815668829188994,0.053839084059427264,0.051140310011253985,99.08304822593959,99.08304822593959,99.08304822593959,99.08304822593959,99.08304822593959,99.08304822593959,5.663e-4,5.429e-4,5.757e-4,5.633e-4,5.434e-4,5.161e-4
SWZ,SWZ.4_1,RICE,4.924318386824976e-4,3.743187926046585e-4,2.627185579714492e-4,1.576311347828695e-4,5.254371159428984e-5,0,7.959710982166228,7.959713410717823,7.9597136740547425,7.959715488153525,7.959717272992648,7.95971597935003,6.187e-5,4.703e-5,3.301e-5,1.98e-5,6.601e-6,0
SYR,SYR.1_1,RICE,0,0,0,0,0,0,0.0037391992869817863,0.0037391992869817863,0.0037391992869817863,0.0037391992869817863,0.0037391992869817863,0.0037391992869817863,0,0,0,0,0,0
SYR,SYR.2_1,RICE,0,0,0,0,0,0,0.0040946571002442745,0.0040946571002442745,0.0040946571002442745,0.0040946571002442745,0.0040946571002442745,0.0040946571002442745,0,0,0,0,0,0
TCD,TCD.10_1,RICE,0.008721911572093042,0.005406273637173686,0.0020906357022543284,3.2461255109599095e-4,1.0820418369866366e-4,0,124.75603217042291,108.87009254264778,104.07745506802809,100.48220299353362,155.77496343286043,138.4852788400844,6.991e-5,4.966e-5,2.009e-5,3.231e-6,6.946e-7,0
TCD,TCD.11_1,RICE,2.1615841588172233e-4,1.948155252026445e-4,1.7347263452356665e-4,1.521297438444888e-4,1.3078685316541096e-4,1.0944396248633312e-4,1613.87927179661,1408.3742694953517,1346.3753573549081,1299.8661609740536,2015.1489284761863,1791.4846847940453,1.339e-7,1.383e-7,1.288e-7,1.17e-7,6.49e-8,6.109e-8
TCD,TCD.12_1,RICE,0.032721831728232974,0.03084132137849332,0.029672801171147,0.03923952744962035,0.04061594236189591,0.06631954319679897,21790.611968543584,19017.470502587435,18181.30546751456,17553.578922470107,27207.889679761123,24188.990905980194,1.502e-6,1.622e-6,1.632e-6,2.235e-6,1.493e-6,2.742e-6
TCD,TCD.13_1,RICE,0.18118833659789882,0.1774927068719343,0.17138406416461024,0.1706782641231045,0.183470217520865,0.17464527766784405,42843.137469229296,37387.93650488418,35742.19220658952,34507.633297933055,53495.226257737195,47557.91802040219,4.229e-6,4.747e-6,4.795e-6,4.946e-6,3.43e-6,3.672e-6
TCD,TCD.14_1,RICE,0.003128385584776922,0.0027897105357298827,0.0024522565708339785,0.0024517762424143517,0.0020970415782119722,0.0018948484124453066,3059.190458158383,3220.108015124432,3449.3910393960045,3415.196272088403,3667.747984507388,3569.2336807795164,1.023e-6,8.663e-7,7.109e-7,7.179e-7,5.718e-7,5.309e-7
TCD,TCD.15_1,RICE,0.0023907480533059697,0.002168883113348236,0.001947018173390502,0.0017251532334327684,0.0015032882934750348,0.001281423353517301,4960.398968113496,4343.730740792062,4162.602729576887,4021.1202028639364,6189.600922864315,5510.999727084895,4.82e-7,4.993e-7,4.677e-7,4.29e-7,2.429e-7,2.325e-7
TCD,TCD.16_1,RICE,0.06581909697795292,0.06073267238520331,0.05669159621417312,0.05172763340497815,0.052816946944203066,0.07299685812907332,537.4941390686215,469.34282245170635,448.8226379591222,433.44517361938125,670.8291128540067,596.5878950340096,1.225e-4,1.294e-4,1.263e-4,1.193e-4,7.873e-5,1.224e-4
TCD,TCD.17_1,RICE,0,0,0,0,0,0,0.04522854932025046,0.03946932476450438,0.0377318212817164,0.03642841307819262,0.05647402769958948,0.05020589509925387,0,0,0,0,0,0
TCD,TCD.18_1,RICE,0.006094545309811766,0.005465013404969227,0.004844354972989667,0.004235790043888164,0.0036357160484265906,0.00304809980119538,835.6798052909243,729.2676446599463,697.1641039978883,673.0812640636954,1043.4604952243437,927.6453317996603,7.293e-6,7.494e-6,6.949e-6,6.293e-6,3.484e-6,3.286e-6
TCD,TCD.19_1,RICE,0,0,0,0,0,0,9.543789418413123,8.328521027110003,7.961886067494723,7.686850639482587,11.916725963465568,10.594071611659752,0,0,0,0,0,0
TCD,TCD.20_1,RICE,0.07735769445168043,0.1397994871503122,0.13385633306079203,0.24492102920197517,0.23194141128063026,0.21811672481344932,40090.79422884195,34985.79108254976,33445.66000058379,32290.312971572177,50058.83800841802,44502.73642974904,1.93e-6,3.996e-6,4.002e-6,7.585e-6,4.633e-6,4.901e-6
TCD,TCD.2_1,RICE,0,0,0,0,0,0,0.0014313739244998364,0.0012491084311703135,0.001194120658704288,0.0011528709493162448,0.0017872660493331565,0.0015888948502947066,0,0,0,0,0,0
TCD,TCD.4_1,RICE,0.01807607234496105,0.01588425786104061,0.013742593314406429,0.011651078705058535,0.009559564095710649,0.007644843536084792,1044.6910252399734,915.3597662664916,877.555130493242,847.8112527955867,1303.418652542311,1160.8219948714375,1.73e-5,1.735e-5,1.566e-5,1.374e-5,7.334e-6,6.586e-6
TCD,TCD.7_1,RICE,0.0023215737784357576,0.0018388904864052185,0.0011490037255183227,6.471849103160298e-4,3.3343404079834606e-4,3.478803689905861e-4,14.694708261228135,12.823542240440066,12.25902918030074,11.83555322133387,18.34835239808192,16.31184268709314,1.58e-4,1.434e-4,9.373e-5,5.468e-5,1.817e-5,2.133e-5
TCD,TCD.8_1,RICE,0,0,0,0,0,0,126.14079887338816,134.52654230855944,145.08355933202185,143.84521362103123,150.7500822944141,147.72299917269837,0,0,0,0,0,0
TGO,TGO.1_1,RICE,0.17631559929064303,0.15243096102536313,0.13108994305891505,0.11002987944405149,0.09158451843360925,0.07525777630415817,16640.286162699955,17292.701251239796,17757.925537155872,19183.63921394903,18992.382343284982,18978.014680668824,1.06e-5,8.815e-6,7.382e-6,5.736e-6,4.822e-6,3.966e-6
TGO,TGO.2_1,RICE,0.008351126726954839,0.0075063432224355894,0.008512194240028137,0.007597993505872653,0.010369769311110109,0.009299927007005972,4118.1088624432305,4316.833085629945,4436.90483687194,4772.935248140878,4747.329960017445,4735.5535400108065,2.028e-6,1.739e-6,1.918e-6,1.592e-6,2.184e-6,1.964e-6
TGO,TGO.3_1,RICE,0.6445448022721728,0.5968722667644358,0.5522258901854052,0.4939047304011958,0.4606495728734974,0.45207438544993117,17864.735003072135,18549.352624516443,19033.877714768518,20553.299237622447,20310.135220127635,20315.885262138934,3.608e-5,3.218e-5,2.901e-5,2.403e-5,2.268e-5,2.225e-5
TGO,TGO.4_1,RICE,0.7959804416652906,0.7260729347298597,0.6569674220838981,0.5889490984181154,2.147847676699892,3.4085731905035885,10736.472727147404,11125.22829352472,11401.389361400239,12307.605689552054,12121.429857253006,12146.460140333234,7.414e-5,6.526e-5,5.762e-5,4.785e-5,1.772e-4,2.806e-4
TGO,TGO.5_1,RICE,2.0288161579324815e-4,0,0,0,0,0,4083.2622689354207,4244.534374560886,4350.819429620921,4688.671188929462,4624.525734155423,4631.80426807731,4.969e-8,0,0,0,0,0
THA,THA.10_1,RICE,291.3749834589339,262.2842966901942,231.4436335276345,206.8244934739468,187.3391603359936,167.31223789970443,1064447.538244726,1103600.2509086172,1129918.2805835037,1163202.7801760524,1152885.8821184516,1149776.5013442836,2.737e-4,2.377e-4,2.048e-4,1.778e-4,1.625e-4,1.455e-4
THA,THA.11_1,RICE,73.40099359939323,68.40974277911927,63.15881530334933,66.08921322611015,71.73774425918184,75.64499598505788,421424.9502147006,436245.52104259527,446207.7483289053,458807.01007705595,454901.72991005954,453724.7284617402,1.742e-4,1.568e-4,1.415e-4,1.44e-4,1.577e-4,1.667e-4
THA,THA.12_1,RICE,0.08603688140132827,0.07168428132505351,0.05733168124877878,0.042979081172504034,0.2265015523169755,0.39287529707360086,15193.118578146818,15751.954767612311,16127.59840548769,16602.676162685348,16455.420567725494,16411.03961976027,5.663e-6,4.551e-6,3.555e-6,2.589e-6,1.376e-5,2.394e-5
THA,THA.13_1,RICE,107.6356043630482,91.26586429294497,75.19344115616697,60.42343348354002,47.19275558636879,35.01834290930964,2064.166067138435,2140.129332243118,2191.103247132261,2253.8410214824344,2235.1252960359975,2228.7710323570873,0.05214,0.04265,0.03432,0.02681,0.02111,0.01571
THA,THA.14_1,RICE,5.462160157033899,4.989407649251824,4.26757009428408,4.534347874658753,4.002231880864566,3.5075542411303786,188742.85706205392,195685.23288087378,200351.8227639911,206253.67449764986,204424.33040557697,203872.9895551128,2.894e-5,2.55e-5,2.13e-5,2.198e-5,1.958e-5,1.72e-5
THA,THA.15_1,RICE,12.773674809800024,11.076887617177556,10.033764262049504,8.59894396698695,9.026063020119686,7.751333549950626,570272.5365471521,591248.4099099272,605348.1649475213,623180.1720012889,617652.9445774666,615987.1091112116,2.24e-5,1.873e-5,1.658e-5,1.38e-5,1.461e-5,1.258e-5
THA,THA.16_1,RICE,27.997622179544646,23.876390045019694,19.929802090546275,16.10768726718651,13.310667291238378,9.62272521884335,397444.85995497124,412064.15514949925,421890.1747671367,434299.2001686285,430460.47982584377,429296.12094618654,7.044e-5,5.794e-5,4.724e-5,3.709e-5,3.092e-5,2.242e-5
THA,THA.17_1,RICE,3.9280835837134216,3.2243452596677686,2.545563303323814,2.0762439192038347,1.5952596039637699,1.226690578230916,178268.11447384043,184825.20631007824,189232.81247030775,194807.12662894954,193079.30642375644,192558.56357089005,2.203e-5,1.745e-5,1.345e-5,1.066e-5,8.262e-6,6.37e-6
THA,THA.18_1,RICE,45.39759690354132,34.757175603429836,25.43895204365575,18.4249281145638,13.527767684618892,9.626059718917183,3141.540576502026,3257.093322029124,3334.76662686252,3433.0003136170444,3402.5516980610037,3393.3748757951057,0.01445,0.01067,0.007628,0.005367,0.003976,0.002837
THA,THA.19_1,RICE,46.99754399065299,40.50144552425777,34.60431540469859,29.099578385475116,22.740282848007542,16.850532590677442,294718.0871450063,305558.46411827445,312845.2481865605,322060.8682138948,319204.3850603708,318343.4776684674,1.595e-4,1.325e-4,1.106e-4,9.035e-5,7.124e-5,5.293e-5
THA,THA.1_1,RICE,35.34069446435842,32.10923590860233,28.88526363364083,25.802911551431006,23.230997087789355,20.126133672610855,67692.06325960199,70018.19522800055,71581.79595976991,73559.28700155362,72946.3418247402,72761.60800864916,5.221e-4,4.586e-4,4.035e-4,3.508e-4,3.185e-4,2.766e-4
THA,THA.20_1,RICE,30.129088650882334,24.7350909625187,19.525742788251886,15.39816400982331,11.63683724996078,9.31130377092628,87259.97039972352,90469.58329784134,92627.05034802268,95355.60609629823,94509.86012312635,94254.96313237112,3.453e-4,2.734e-4,2.108e-4,1.615e-4,1.231e-4,9.879e-5
THA,THA.21_1,RICE,20.234868219928575,18.349304175465328,16.920799065886865,17.54264826969089,18.90625854369808,20.110622979673025,187364.34822023945,193948.10470992615,198373.6345615934,203970.61687236233,202235.7704231964,201712.90995049878,1.08e-4,9.461e-5,8.53e-5,8.601e-5,9.349e-5,9.97e-5
THA,THA.22_1,RICE,5.103456164812302,5.443566768355858,6.937686615348851,7.150741399799736,9.678327794720795,9.594319358046832,100828.42772352777,104537.11821053944,107030.05981410191,110182.89134492134,109205.636409608,108911.10430408956,5.062e-5,5.207e-5,6.482e-5,6.49e-5,8.862e-5,8.809e-5
THA,THA.23_1,RICE,84.61850780705173,76.34691359910674,70.41685736511728,69.42616968486088,64.56779925129155,58.73387713157268,48027.7850630876,49795.41539849887,50981.18706291333,52433.35207594922,52003.29945477578,51854.09080341628,0.001762,0.001533,0.001381,0.001324,0.001242,0.001133
THA,THA.24_1,RICE,0.6283207175601523,0.5407621334050656,0.4669676998787292,0.39317326635239286,0.32266874888540686,0.2554541474777712,58303.49903686401,60448.029474553805,61889.55962298384,63712.66759234109,63147.57515297424,62977.263538302366,1.078e-5,8.946e-6,7.545e-6,6.171e-6,5.11e-6,4.056e-6
THA,THA.25_1,RICE,58.697506999752456,52.738992183616055,46.819096700280866,41.04987747489003,35.18216065859273,29.888064215597613,111034.8107928685,115050.08453143432,117749.10807832194,121162.57212773689,120104.53126630893,119785.65131863079,5.286e-4,4.584e-4,3.976e-4,3.388e-4,2.929e-4,2.495e-4
THA,THA.26_1,RICE,1.0123943751307773,0.7042497868279035,0.47725471869658037,0.30070278811118745,0.25990502909822694,0.22100213197337312,30411.12499405046,31529.71280218346,32281.61541953546,33232.54915849884,32937.79674928387,32848.96215295116,3.329e-5,2.234e-5,1.478e-5,9.048e-6,7.891e-6,6.728e-6
THA,THA.27_1,RICE,18.15848646110638,16.341491475439682,14.638189684097997,13.006862304318876,11.45725646321257,9.987932506207196,123184.16110194294,127715.14444408112,130760.8224045966,134612.70144296347,133418.7690162931,133058.93309347815,1.474e-4,1.28e-4,1.119e-4,9.662e-5,8.587e-5,7.506e-5
THA,THA.28_1,RICE,30.04303992975864,25.91564253528682,21.473478122647435,17.368724569157195,13.696519515985097,10.251459929499942,140420.15918790727,145373.34111308,148702.81639135446,152913.61484063484,151608.4313806421,151215.06582302923,2.14e-4,1.783e-4,1.444e-4,1.136e-4,9.034e-5,6.779e-5
THA,THA.29_1,RICE,14.429139150159367,12.65403608587765,10.990014100488791,10.448164188613422,11.671727940899904,9.777410085156271,212696.14223454875,220519.57236372138,225778.3974179776,232429.2509407511,230367.7454763322,229746.43416540144,6.784e-5,5.738e-5,4.868e-5,4.495e-5,5.067e-5,4.256e-5
THA,THA.2_1,RICE,0.02915130186740577,0.0260827437760999,0.02301418568479403,0.01994562759348816,0.01687706950218229,0.01380851141087641,43476.61710028337,45075.78233460989,46150.72389621635,47510.206061533805,47088.81955783386,46961.819069335936,6.705e-7,5.786e-7,4.987e-7,4.198e-7,3.584e-7,2.94e-7
THA,THA.30_1,RICE,3.3328841848728206,3.724767436441209,3.367560808759143,3.04085242977667,5.808369585774419,5.541675593124485,250700.53419941964,259921.84913277917,266120.31722210394,273959.5404140447,271529.6866529223,270797.35988893843,1.329e-5,1.433e-5,1.265e-5,1.11e-5,2.139e-5,2.046e-5
THA,THA.31_1,RICE,206.6523287596384,188.62383973166956,171.10491799854472,158.9578978191736,153.01970907526217,161.5995380995679,818878.3372838087,848998.4766936166,869244.9083931018,894850.6378484162,886913.8593564805,884521.8160975598,2.524e-4,2.222e-4,1.968e-4,1.776e-4,1.725e-4,1.827e-4
THA,THA.32_1,RICE,133.61643898356604,123.8351741005295,109.81405570587212,97.93096469448432,101.32336281746011,115.54383874712768,594532.2222942144,616388.1558471589,631079.4778190647,649659.6415406109,643900.5146991295,642164.7877221914,2.247e-4,2.009e-4,1.74e-4,1.507e-4,1.574e-4,1.799e-4
THA,THA.33_1,RICE,554.6250468756506,440.4106357168131,345.08097090088904,270.82484336983686,209.4875529367875,159.10778777653596,16810.605554300575,17428.753029698244,17817.13661041184,18320.26943086544,18151.171004276894,18109.793618028245,0.03299,0.02527,0.01937,0.01478,0.01154,0.008786
THA,THA.34_1,RICE,3.872539498365167,3.347510291962747,2.8990720050025307,2.4884934188536376,2.077422477602941,2.7466204522710096,75420.31606461431,78194.44053557419,80059.17697862234,82417.5153552248,81686.52234302455,81466.21042315323,5.135e-5,4.281e-5,3.621e-5,3.019e-5,2.543e-5,3.371e-5
THA,THA.35_1,RICE,3.2802048315525307,2.9526315033446875,2.520528989391075,1.9466035242676625,1.4493849518736712,1.1618420746828193,81378.8992553158,83950.1484131788,85678.51426662768,87864.38430536349,87186.8497582661,86982.64953424358,4.031e-5,3.517e-5,2.942e-5,2.215e-5,1.662e-5,1.336e-5
THA,THA.36_1,RICE,0.21477665115134972,0.1933583893586832,0.17194012756601665,0.354460791234949,0.324554957974874,0.2966199596813188,3847.3859545804926,3988.9012396223266,4084.026282506414,4204.331240371017,4167.041390702047,4155.802708204171,5.582e-5,4.847e-5,4.21e-5,8.431e-5,7.789e-5,7.137e-5
THA,THA.37_1,RICE,6.749556398508105,6.279787158751818,5.83196286849864,5.608951060531188,5.157115000178715,6.0700310557169885,50704.77029316269,52569.80283882525,53823.45752943994,55408.95878293153,54917.51516795428,54769.40036450596,1.331e-4,1.195e-4,1.084e-4,1.012e-4,9.391e-5,1.108e-4
THA,THA.38_1,RICE,14.397322602995914,11.79957459729655,9.423986360367065,7.293991287962816,5.29551922672292,3.512678773542499,43217.23796641155,44806.862667893925,45875.39118658655,47226.76275521842,46807.89022048949,46681.64741000115,3.331e-4,2.633e-4,2.054e-4,1.544e-4,1.131e-4,7.525e-5
THA,THA.39_1,RICE,16.301424587807322,12.73650010604763,9.63418388157619,6.800087880978154,4.514319642081558,2.9983952650853913,1104.0555289816075,1144.665110326009,1171.9624313592042,1206.485443987085,1195.7846551429334,1192.559574608584,0.01477,0.01113,0.008221,0.005636,0.003775,0.002514
THA,THA.3_1,RICE,0,0,0,0,0,0,772.4248053905927,800.8362821175621,819.9341692557202,844.0873305873657,836.6007916194446,834.3444447793433,0,0,0,0,0,0
THA,THA.40_1,RICE,6.059526841133576,5.539285685352695,5.027012370715396,4.531784053215816,4.147930860307088,3.6587837869873767,78146.82976840311,81021.24138718678,82953.38976552263,85396.98424071354,84639.56515966164,84411.28876151734,7.754e-5,6.837e-5,6.06e-5,5.307e-5,4.901e-5,4.334e-5
THA,THA.41_1,RICE,17.541293516372328,15.183576983200764,13.070083006715482,11.152462578540517,10.53022236217297,9.342257702639413,159487.0174053139,165352.71232493603,169295.56896129923,174282.112852605,172736.47852983844,172270.6441656456,1.1e-4,9.183e-5,7.72e-5,6.399e-5,6.096e-5,5.423e-5
THA,THA.42_1,RICE,2.0979893884901313,4.797740101249324,4.426413817945107,4.712270220489057,5.038781993925892,8.883054022667274,245953.3781145563,255000.0822460836,261081.17884435414,268771.96192149795,266388.1188125039,265669.65906904655,8.53e-6,1.881e-5,1.695e-5,1.753e-5,1.892e-5,3.344e-5
THA,THA.43_1,RICE,30.12339598083432,21.39954328236812,13.730849870199537,6.959948037620745,2.76444839734285,1.4718424165011472,106420.20582238451,110334.60043996753,112965.75455315673,116292.21014068351,115261.63442299468,114950.54771722991,2.831e-4,1.94e-4,1.215e-4,5.985e-5,2.398e-5,1.28e-5
THA,THA.44_1,RICE,2.0466341598756808,2.3300207088981333,2.068658409849318,1.9917310382550635,1.7475972311606867,1.697463933656452,254499.07888886245,263860.11261852074,270152.49817044113,278110.4990894426,275643.82886069716,274900.40608549357,8.042e-6,8.831e-6,7.657e-6,7.162e-6,6.34e-6,6.175e-6
THA,THA.45_1,RICE,22.44253012951994,20.997576580027385,19.490342685970433,19.06313880173048,18.50157513430096,18.620237964546856,731199.0886379279,758094.1927602387,776172.7906463292,799036.8534734803,791949.8848166614,789813.9633443725,3.069e-5,2.77e-5,2.511e-5,2.386e-5,2.336e-5,2.358e-5
THA,THA.46_1,RICE,1.10966463464504,0.8588057181052955,0.6978408917531937,0.6125663561118114,0.5377862804150871,0.4728985593776034,52174.63559839693,54093.73301046461,55383.729519094144,57015.192390603894,56509.50246477744,56357.09400592901,2.127e-5,1.588e-5,1.26e-5,1.074e-5,9.517e-6,8.391e-6
THA,THA.47_1,RICE,49.00354865129656,43.05671879542047,37.0964507457554,33.20239821807973,28.86754856281088,24.271586981347095,397035.8768422371,411639.7262991055,421456.2758361163,433871.29865891737,430023.1252925286,428863.33518756577,1.234e-4,1.046e-4,8.802e-5,7.653e-5,6.713e-5,5.66e-5
THA,THA.48_1,RICE,0,0,0,0,0,0,16.30771405798356,16.90754751127897,17.310749066158134,17.820679412573725,17.66262087286762,17.614984055889174,0,0,0,0,0,0
THA,THA.49_1,RICE,0.8573629861501265,0.7376852057376456,0.6775360248671687,0.5638925015301137,1.3514163951675553,1.227446046603576,54786.770716075196,56801.94818096573,58156.52866115974,59869.67109613901,59338.66368800037,59178.624864645826,1.565e-5,1.299e-5,1.165e-5,9.419e-6,2.277e-5,2.074e-5
THA,THA.4_1,RICE,26.59762809850991,29.227423107886924,28.96328860425888,30.251040701406225,28.81164982837045,26.26803992786458,79040.49691247634,81746.5072122846,83565.458046733,85865.89121197998,85152.84655922245,84937.94404472351,3.365e-4,3.575e-4,3.466e-4,3.523e-4,3.384e-4,3.093e-4
THA,THA.50_1,RICE,7.164496834252924,6.198429273131318,5.480392296363815,5.513308261099478,4.758706838014867,4.672219813702745,19913.012831105996,20645.95029979117,21137.504738483432,21737.14630179316,21560.58793398844,21498.28437593643,3.598e-4,3.002e-4,2.593e-4,2.536e-4,2.207e-4,2.173e-4
THA,THA.51_1,RICE,3.4277939536744495,2.582431116081103,1.7434919578332857,0.9069767121329422,0.35699418606320754,0.2098309327579879,560.0740740245693,581.7346197143494,593.8919468629766,561.9338638234004,591.8378423779468,581.3164687993687,0.00612,0.004439,0.002936,0.001614,6.032e-4,3.61e-4
THA,THA.52_1,RICE,65.66915427303326,60.36382383704494,59.584384123883204,69.87740220540705,72.34672895006723,88.9789707287797,129314.80299462695,134071.28524847087,137268.54006971003,141312.09784737456,140058.7613605758,139681.01314099613,5.078e-4,4.502e-4,4.341e-4,4.945e-4,5.165e-4,6.37e-4
THA,THA.53_1,RICE,3.3044949789462654,2.807833444874987,2.3381839289143653,1.8983007622130637,1.482040148991012,1.1355317523941146,3596.7135778380834,3729.008583639519,3817.935854615881,3930.402469751725,3895.542200934595,3885.0357629493456,9.188e-4,7.53e-4,6.124e-4,4.83e-4,3.804e-4,2.923e-4
THA,THA.54_1,RICE,10.0091274545702,8.9989848544871,7.996268239229386,6.888429722299045,5.8766503816322695,4.817591837082147,153978.56312067152,159642.2320396713,163449.28898508791,168264.08655595037,166771.68690101636,166321.89678304497,6.5e-5,5.637e-5,4.892e-5,4.094e-5,3.524e-5,2.897e-5
THA,THA.55_1,RICE,4.3119958008956045,3.8915235724154233,3.5839246049402265,4.949039434358831,5.731364489837433,5.908885671201549,132892.11565293765,139905.05581231788,141660.38734704474,148243.96962851073,149694.3633105444,147847.5527591958,3.245e-5,2.782e-5,2.53e-5,3.338e-5,3.829e-5,3.997e-5
THA,THA.56_1,RICE,43.47796977724097,37.10532698638488,30.802136515015366,25.702107652949145,20.413603410639457,15.369764135052296,249858.1381828646,259048.46794504346,265226.10813767515,273038.99021945096,270617.3011761889,269887.4351534666,1.74e-4,1.432e-4,1.161e-4,9.413e-5,7.543e-5,5.695e-5
THA,THA.57_1,RICE,0.07676099243447425,0.03858005446334962,0.01286001815444987,0,0,0,444.93333809548113,461.2989611207027,472.2997557814265,486.2124973477897,481.9000895243581,480.6003851072274,1.725e-4,8.363e-5,2.723e-5,0,0,0
THA,THA.58_1,RICE,46.67079251892999,42.41153278796006,45.905699958455685,56.66848940714445,58.5396856971167,72.61734534250995,17482.230154234483,18125.264882917738,18557.505867514352,19104.16247720034,18934.72022679299,18883.652505390022,0.00267,0.00234,0.002474,0.002966,0.003092,0.003846
THA,THA.59_1,RICE,12.05836126006124,9.234576758936372,7.066567031518969,5.338925986884783,3.890199666808821,2.776774384492876,4442.377011004875,4605.777370728909,4715.613323936572,4854.523218976176,4811.466563660365,4798.489839892088,0.002714,0.002005,0.001499,0.0011,8.085e-4,5.787e-4
THA,THA.5_1,RICE,7.115631791376675,6.356218753455031,5.534066084480623,4.731772546795606,3.9620237546252257,3.3761880378416333,194333.68150834987,201493.00315946614,206289.68323758317,212379.27223058618,210510.30716370733,209934.87587762263,3.662e-5,3.155e-5,2.683e-5,2.228e-5,1.882e-5,1.608e-5
THA,THA.60_1,RICE,3.3439812930451835,2.490145525954414,1.636178523023594,1.2459015935616642,1.976618060142306,2.444363211620541,33903.13560536207,35150.1672147832,35988.40836512205,37048.53473368279,36719.93686360803,36620.901679394854,9.863e-5,7.084e-5,4.546e-5,3.363e-5,5.383e-5,6.675e-5
THA,THA.61_1,RICE,6.652326413227488,5.532273297791519,4.468450726915984,3.476484057489569,2.570003378443756,1.7784167962473543,9323.304168602195,9666.125684228185,9880.2922264266,10158.313861522533,10064.251185577428,10041.65297132472,7.135e-4,5.723e-4,4.523e-4,3.422e-4,2.554e-4,1.771e-4
THA,THA.62_1,RICE,8.22699965073674,7.849255633182606,6.880091967499585,6.022670254139652,5.767685113650745,5.603394296869968,138426.45277081986,143520.39349621334,146941.2653784682,151272.4023239524,149933.71791959385,149527.7699985195,5.943e-5,5.469e-5,4.682e-5,3.981e-5,3.847e-5,3.747e-5
THA,THA.63_1,RICE,0,0.22159503588269672,0.21023118788871223,0.19886733989472785,0.18750349190074336,0.34820521401364274,51628.5458943969,53527.55693066753,54804.051594895485,56418.43863891987,55918.04155431297,55767.228289934515,0,4.14e-6,3.836e-6,3.525e-6,3.353e-6,6.244e-6
THA,THA.64_1,RICE,107.06351242703023,100.09413638373168,93.71659281998089,86.2751657890651,78.93737378769322,72.1952845713799,76754.23065535905,79562.34722292001,79220.80982923902,79770.19747029214,78519.6426408344,78930.47346655607,0.001395,0.001258,0.001183,0.001082,0.001005,9.147e-4
THA,THA.65_1,RICE,15.180017578127396,14.864553164824335,13.759581618433621,12.727976171497723,13.09346688051233,11.570107154069973,602471.4637051087,624631.6841566843,639527.5444883355,658366.3885531941,652527.0808838761,650767.1884336397,2.52e-5,2.38e-5,2.152e-5,1.933e-5,2.007e-5,1.778e-5
THA,THA.66_1,RICE,12.088663550193102,10.994712026302906,9.908359549807114,8.922545997144073,7.864738852976871,7.726571545188567,249820.23262131689,259009.16813389084,265185.8711270291,272997.5679294909,270576.24627663585,269846.4909806709,4.839e-5,4.245e-5,3.736e-5,3.268e-5,2.907e-5,2.863e-5
THA,THA.67_1,RICE,108.22600194248263,81.24748572263123,59.29385657551194,40.11129933422194,25.13007538005616,16.08220914374982,7337.638497372544,7607.532918090424,7788.953026436846,8018.395640376092,7947.277369497519,7925.843234651241,0.01475,0.01068,0.007613,0.005002,0.003162,0.002029
THA,THA.68_1,RICE,6.012209253568581,5.08277060858569,4.207775176245343,3.3641728920138023,2.61862813726801,1.973511709112885,153632.95972676465,159287.27753945894,163083.36897502362,167891.20040197572,166406.48181278753,165955.3941329171,3.913e-5,3.191e-5,2.58e-5,2.004e-5,1.574e-5,1.189e-5
THA,THA.69_1,RICE,68.3022510787277,62.18065953150827,56.89204847753666,50.88585876161327,48.78846500035067,55.32169424225664,594575.6245061734,616451.6210709926,631142.3677813264,649444.7876498494,643888.7889005023,642099.960324999,1.149e-4,1.009e-4,9.014e-5,7.835e-5,7.577e-5,8.616e-5
THA,THA.6_1,RICE,5.771517999819881,5.261651181553448,4.790713742771352,4.623634001109319,4.348801607108968,3.9524735499205303,56600.342721507346,58682.22733829853,60081.64764398099,61851.499155271726,61302.91414295071,61137.577655104826,1.02e-4,8.966e-5,7.974e-5,7.475e-5,7.094e-5,6.465e-5
THA,THA.70_1,RICE,8.385074013313508,6.6742070309658965,5.298759155297238,4.2245925764013474,3.3579482283273614,2.743747229784105,5019.390307866762,5204.014480886969,5328.116851671825,5485.069532432898,5436.4203165185445,5421.758066702961,0.001671,0.001283,9.945e-4,7.702e-4,6.177e-4,5.061e-4
THA,THA.71_1,RICE,89.78494620644362,81.14140565377312,77.96771674612296,73.75000799614777,69.2767022870667,63.680677834317756,7532.804535558984,7810.003776809008,7996.158404285796,8231.847913653184,8159.000664807099,8136.909806124871,0.01192,0.01039,0.009751,0.008959,0.008491,0.007826
THA,THA.72_1,RICE,66.42979386840229,59.77457279256178,51.52814372130738,44.173753086421634,36.62449415469198,37.87768650772921,419801.3574827543,435186.99913313804,445522.9901472744,458603.9057784925,454556.4946723974,453331.97057687107,1.582e-4,1.374e-4,1.157e-4,9.632e-5,8.057e-5,8.355e-5
THA,THA.73_1,RICE,8.751172120336317,7.856786118599817,6.884967549361564,5.914739150665009,5.099777148141704,4.157423683149411,263282.2012961251,272966.29751176585,279475.84217002767,287708.484932504,285156.6864327565,284387.60708832886,3.324e-5,2.878e-5,2.464e-5,2.056e-5,1.788e-5,1.462e-5
THA,THA.74_1,RICE,2.0041252958864284,1.907511991503908,2.131932990350186,1.932328235402074,2.00916641598813,1.96434110608103,451657.89328681806,468270.8601854945,479437.91672077513,493560.9302324286,489183.34629848046,487863.9986374363,4.437e-6,4.074e-6,4.447e-6,3.915e-6,4.107e-6,4.026e-6
THA,THA.75_1,RICE,42.300112422094244,38.56511027579426,35.58793528851429,32.70121998113197,29.078079450617707,27.243202415446852,361868.6913400532,375173.1603878738,384116.2804780452,395426.67417675996,391920.892800762,390864.2952509845,1.169e-4,1.028e-4,9.265e-5,8.27e-5,7.419e-5,6.97e-5
THA,THA.76_1,RICE,0.97393258542682,0.8828524054141742,0.9486388785612928,0.8067655019199184,1.233385026572828,1.6239978075260506,9621.968591001296,9975.885501810697,10213.75862946413,10514.609005761853,10421.344516007972,10393.24497886836,1.012e-4,8.85e-5,9.288e-5,7.673e-5,1.184e-4,1.563e-4
THA,THA.77_1,RICE,20.03790083447448,18.432670993438556,16.77365203627917,16.055018913973793,14.497752290155873,22.139617613136675,105098.18112291762,108963.92249499935,111562.43200363201,114848.77561482754,113830.13713643678,113523.1325617233,1.907e-4,1.692e-4,1.504e-4,1.398e-4,1.274e-4,1.95e-4
THA,THA.7_1,RICE,1.833621250345578,1.6717130351443241,1.79740305178715,1.630404969094564,1.463406886401978,1.3025479719863553,186200.6419201138,193049.50949601326,197653.24415034606,203475.60266727416,201670.89837520788,201126.98364449333,9.848e-6,8.66e-6,9.094e-6,8.013e-6,7.256e-6,6.476e-6
THA,THA.8_1,RICE,4.911405137707833,4.25766876730026,3.61377639382772,2.986486932920184,2.382077835066257,1.78858748714021,97656.77868911948,101248.80897555457,103663.33285498616,106716.98922949159,105770.4747286166,105485.207395833,5.029e-5,4.205e-5,3.486e-5,2.799e-5,2.252e-5,1.696e-5
THA,THA.9_1,RICE,36.114798522050314,30.427443141336266,24.913224664641646,19.62811882831557,14.902102352609928,10.426807256674929,6266.406086832902,6551.353583584164,6667.068262342346,6925.241518300156,6934.684801355176,6878.9991264808295,0.005763,0.004644,0.003737,0.002834,0.002149,0.001516
TJK,TJK.3_1,RICE,0.24178045585014724,0.20309750141872226,0.16659836535072597,0.133132157275032,0.19015449761423353,0.15491447553786616,1699.3355012799177,1701.0543166495268,1688.3653446364176,1782.7587099035536,1872.880585104363,1822.883164713205,1.423e-4,1.194e-4,9.867e-5,7.468e-5,1.015e-4,8.498e-5
TJK,TJK.4_1,RICE,6.397227344842759e-4,2.1324091149475864e-4,0,0,0,0,143.12371577039912,152.32978400151956,158.0348272335455,173.64578931342,175.7882578301709,173.34919336526403,4.47e-6,1.4e-6,0,0,0,0
TJK,TJK.5_1,RICE,0,0,0,0,0,0,10.70395760093871,11.417405106572277,11.859136166933148,12.986240490377646,13.173233582049802,12.976324567380933,0,0,0,0,0,0
TKM,TKM.1_1,RICE,0.00457195228242362,0.00224982417013718,7.318315206530444e-4,3.1245381121314616e-4,2.2318129372367584e-4,1.3390877623420549e-4,9.906876429230977,9.90489319059161,9.911805474482136,9.94392658076523,9.83924489281821,9.872244953422838,4.615e-4,2.271e-4,7.383e-5,3.142e-5,2.268e-5,1.356e-5
TKM,TKM.2_1,RICE,0,0,0,0,0,0,0.32157987889830186,0.32150350590989196,0.32176969262437916,0.32300665162123265,0.31897544066073025,0.32024624750971753,0,0,0,0,0,0
TKM,TKM.3_1,RICE,0.041021657976529284,0.03147739677758603,0.024587295374400478,0.02033759708203093,0.016123391708108108,0.01193584591434171,207.974712804298,207.9717501025364,207.98207615975053,208.030060933888,207.87368004500465,207.9229778631022,1.972e-4,1.514e-4,1.182e-4,9.776e-5,7.756e-5,5.741e-5
TKM,TKM.4_1,RICE,0.011043873815652422,0.006805351797087772,0.0034651901128261685,0.0014142722677964053,5.755474699386425e-4,4.988078072801568e-4,11.408883260389032,11.40617372983009,11.415617396397337,11.459501736553621,11.316484034687647,11.361569215502655,9.68e-4,5.966e-4,3.035e-4,1.234e-4,5.086e-5,4.39e-5
TKM,TKM.5_1,RICE,0.025799868834957464,0.020938777097961932,0.017435316616918155,0.013999162099430747,0.01063031354549971,0.007951819038173963,17.762589192916874,17.622114911686396,17.509255136542514,17.58783203653576,17.634895321425873,17.583589845963267,0.001452,0.001188,9.958e-4,7.96e-4,6.028e-4,4.522e-4
TLS,TLS.10_1,RICE,0.0537642694713908,0.04198638906976593,0.03174733658620189,0.02373813448189701,0.0164199548387905,0.00996053294707745,68.6794592199741,62.45773200576042,117.48181908464448,114.04667817573676,85.1914945409118,103.14507987399081,7.828e-4,6.722e-4,2.702e-4,2.081e-4,1.927e-4,9.657e-5
TLS,TLS.11_1,RICE,3.3088115199922776,2.774637931970171,2.1768599794110455,1.73652855601292,1.21298859874896,0.9808599364632771,761.3261606470404,692.3570140289943,1302.3105202833353,1264.2312653042904,944.3655234803134,1143.3847695070326,0.004346,0.004008,0.001672,0.001374,0.001284,8.579e-4
TLS,TLS.12_1,RICE,0.431712592898396,0.34572556326739706,0.2620695696841523,0.1804734413047802,0.11038538782184516,0.051330888122680864,110.74855189743505,100.71575188559932,189.44443485246376,183.90512389186543,137.37491182283924,166.32583251423657,0.003898,0.003433,0.001383,9.813e-4,8.035e-4,3.086e-4
TLS,TLS.13_1,RICE,4.1399542211282805,3.2248327501031593,2.5076375014885737,1.9281867721800938,1.394123872999245,0.9987951156805452,1666.1259737009937,1515.190287389286,2850.044430134945,2766.7097976748587,2066.6988850101357,2502.2430081618872,0.002485,0.002128,8.799e-4,6.969e-4,6.746e-4,3.992e-4
TLS,TLS.1_1,RICE,1.7356367465486295,1.8123214036982294,1.9904106776333155,1.8288569017382057,1.751664612297721,1.9345949474184212,149.575097076421,136.02496924171652,255.86040853958337,248.37911004427394,185.53620268367453,224.63682024188762,0.0116,0.01332,0.007779,0.007363,0.009441,0.008612
TLS,TLS.2_1,RICE,0.4597078198973929,0.3163963847803168,0.2749578509430185,0.3435588401417024,0.269773638033242,0.2526402634611812,615.1890213323348,559.4585552019942,1052.3310190247607,1021.5611061877797,763.0938383571365,923.9111877641519,7.473e-4,5.655e-4,2.613e-4,3.363e-4,3.535e-4,2.734e-4
TLS,TLS.3_1,RICE,14.207990228682563,13.335355497755987,11.876648334187225,12.637926350259717,11.551442761987893,10.398041405942427,6967.447714958903,6576.404094374424,9946.408296368123,9697.980547289166,7896.9474980274335,9008.574265953366,0.002039,0.002028,0.001194,0.001303,0.001463,0.001154
TLS,TLS.4_1,RICE,0.523308860922251,0.8080695014307486,0.764566851897648,0.9375465002230257,0.8798023080867543,0.8654791195171433,4427.888796058269,4026.7628038498815,7574.265091390712,7352.795351876364,5492.449539955839,6649.949617101124,1.182e-4,2.007e-4,1.009e-4,1.275e-4,1.602e-4,1.301e-4
TLS,TLS.5_1,RICE,15.980289644630611,13.492833011786397,11.030461692972489,8.725964174566977,6.341326845567166,4.001114397453143,4346.37215300735,3964.834429622137,7334.611989193844,7122.304484830839,5353.443227552486,6453.566169047323,0.003677,0.003403,0.001504,0.001225,0.001185,6.2e-4
TLS,TLS.6_1,RICE,9.994814394168545,9.621253619684884,9.755012654270447,8.766691715133607,9.363399832757613,10.015894603730375,2249.8521635850852,2053.2992533445317,3788.9142332637443,3679.4097206835413,2768.2144759308258,3334.8854192883214,0.004442,0.004686,0.002575,0.002383,0.003382,0.003003
TLS,TLS.7_1,RICE,0.14441177752368425,0.13136807997164474,0.1186445613431552,0.10624122163821552,0.09383788193327586,0.08160307566734168,75.74228961692971,68.88073494063062,129.5633667896583,125.77496425194899,93.95238293519081,113.75227180159652,0.001907,0.001907,9.157e-4,8.447e-4,9.988e-4,7.174e-4
TLS,TLS.8_1,RICE,0.27638285140166924,0.21514148783901485,0.15880432073848225,0.10912187517905689,0.07117059023951186,0.0448721062574292,142.99979824061882,130.04533199342433,244.61282335139765,237.46040161597668,177.3800590384404,214.76181931268792,0.001933,0.001654,6.492e-4,4.595e-4,4.012e-4,2.089e-4
TLS,TLS.9_1,RICE,1.2088283460745592,0.8652913905409333,0.6003052546898081,0.41723728945275057,0.25505642518165883,0.12715361506347944,788.7667830396343,717.3117684626088,1349.2499439787275,1309.7981912308114,978.4034681483171,1184.596002394157,0.001533,0.001206,4.449e-4,3.186e-4,2.607e-4,1.073e-4
TTO,TTO.12_1,RICE,0.24460770972120088,0.21249875654042735,0.18228852462666928,0.1723969255469285,0.14474836981039974,0.11829318641269608,7.322954897253281,3.502846681778783,1.2470972236466757,3.2524295592705306,7.82578449782762,5.762457152915284,0.0334,0.06066,0.1462,0.05301,0.0185,0.02053
TTO,TTO.15_1,RICE,0.06997549371701905,0.06121612621332827,0.0532067250090795,0.0456773835665799,0.03814804212408031,0.031015619554472722,60.11165711938309,28.753682308740338,10.236998828232815,26.698092944031185,64.23921504692656,47.302059537619925,0.001164,0.002129,0.005197,0.001711,5.938e-4,6.557e-4
TTO,TTO.2_1,RICE,0.00124253773137802,9.08297092614405e-4,5.7405645385079e-4,3.0520210085173687e-4,1.0173403361724562e-4,0,11.238325058275917,5.375716523107187,1.913883695210476,4.991408677108923,12.01000296418478,8.843474734924241,1.106e-4,1.69e-4,2.999e-4,6.115e-5,8.471e-6,0
TTO,TTO.3_1,RICE,8.99649435035996,7.990774507852512,6.9881290170918335,5.99055306332083,5.00517465549982,4.0393425852944205,145.79269211830598,69.73816648874282,24.828455742218317,64.75261257570538,155.80352547356838,114.72474613424491,0.06171,0.1146,0.2815,0.09251,0.03212,0.03521
TUN,TUN.7_1,RICE,6.695192295815776e-4,6.12628608771702e-4,5.557379879618264e-4,4.98847367151951e-4,4.4195674634207524e-4,3.8506612553219975e-4,0.14291727988635047,0.14494890879670866,0.14315629505227495,0.1436756933936109,0.1439239014505325,0.14386216352674439,0.004685,0.004227,0.003882,0.003472,0.003071,0.002677
TUR,TUR.12_1,RICE,0.41439800614711503,0.35614303984235063,0.3002237648514217,0.3079509769552668,0.27012733886176465,0.21707900483569878,5927.749404445816,5927.749404445816,5927.749404445816,5927.749404445816,5927.749404445816,5927.749404445816,6.991e-5,6.008e-5,5.065e-5,5.195e-5,4.557e-5,3.662e-5
TUR,TUR.14_1,RICE,0,0,0,0,0,0,0.6047809408718821,0.6047809408718821,0.6047809408718821,0.6047809408718821,0.6047809408718821,0.6047809408718821,0,0,0,0,0,0
TUR,TUR.16_1,RICE,0.004713204818449921,0.003909945214521894,0.003135454417567795,0.002457048958690028,0.001903016399272228,0.0014091911937102243,63.25207198712141,63.25207198712141,63.25207198712141,63.25207198712141,63.25207198712141,63.25207198712141,7.451e-5,6.182e-5,4.957e-5,3.885e-5,3.009e-5,2.228e-5
TUR,TUR.18_1,RICE,0,0,0,0,0,0,0.010877348825053892,0.010877348825053892,0.010877348825053892,0.010877348825053892,0.010877348825053892,0.010877348825053892,0,0,0,0,0,0
TUR,TUR.19_1,RICE,0,0,0,0,0,0,0.27623786609686657,0.27623786609686657,0.27623786609686657,0.27623786609686657,0.27623786609686657,0.27623786609686657,0,0,0,0,0,0
TUR,TUR.1_1,RICE,0.0042363029619282965,0.007356460304205893,0.006701214951538681,0.007423107839998206,0.006547976013851586,0.006059490554958826,2296.8164024674243,2296.8164024674243,2296.8164024674243,2296.8164024674243,2296.8164024674243,2296.8164024674243,1.844e-6,3.203e-6,2.918e-6,3.232e-6,2.851e-6,2.638e-6
TUR,TUR.21_1,RICE,0.08492170749174391,0.07227224389030798,0.05985490790914169,0.049088087304704986,0.03828474468430255,0.029092929481536592,1154.8129742364367,1154.8129742364367,1154.8129742364367,1154.8129742364367,1154.8129742364367,1154.8129742364367,7.354e-5,6.258e-5,5.183e-5,4.251e-5,3.315e-5,2.519e-5
TUR,TUR.22_1,RICE,0.10463340015369749,0.07281459221747669,0.048718433437690216,0.034964570407771005,0.027576264171977432,0.294616828212704,4853.687832945832,4853.687832945832,4853.687832945832,4853.687832945832,4853.687832945832,4853.687832945832,2.156e-5,1.5e-5,1.004e-5,7.204e-6,5.682e-6,6.07e-5
TUR,TUR.23_1,RICE,9.357482974280014e-4,3.1191609914266714e-4,0,0,0,0,88.32027341431707,88.32027341431707,88.32027341431707,88.32027341431707,88.32027341431707,88.32027341431707,1.059e-5,3.532e-6,0,0,0,0
TUR,TUR.24_1,RICE,0.009463362726135663,0.006673065307461447,0.004680242695216413,0.00280814561712985,9.360485390432845e-4,0,199.58463222937118,199.58463222937118,199.58463222937118,199.58463222937118,199.58463222937118,199.58463222937118,4.7420000000000003e-05,3.343e-5,2.345e-5,1.407e-5,4.69e-6,0
TUR,TUR.26_1,RICE,0.0030220943145477723,0.002105505137008092,0.0012995638509631742,4.936225649182571e-4,8.145645937177995e-5,6.306553432374548e-5,27.07687564476892,27.07687564476892,27.07687564476892,27.07687564476892,27.07687564476892,27.07687564476892,1.116e-4,7.776e-5,4.8e-5,1.823e-5,3.008e-6,2.329e-6
TUR,TUR.27_1,RICE,0,0,0,0,0,0,0.5442608560412995,0.5442608560412995,0.5442608560412995,0.5442608560412995,0.5442608560412995,0.5442608560412995,0,0,0,0,0,0
TUR,TUR.28_1,RICE,0.3604408121968101,0.34494572985649113,0.32039807617265553,0.29612135166670533,0.29202105757836583,0.4011743697770862,14595.576458513273,14590.226241567141,14586.335983987343,14583.244380137558,14590.830318831086,14587.795253221895,2.47e-5,2.364e-5,2.197e-5,2.031e-5,2.001e-5,2.75e-5
TUR,TUR.2_1,RICE,0,0,0,0,0,0,1.4809761656731384,1.4809761656731384,1.4809761656731384,1.4809761656731384,1.4809761656731384,1.4809761656731384,0,0,0,0,0,0
TUR,TUR.32_1,RICE,0.002542391603148486,0.0021826081071894404,0.0018228246112304025,0.0014630411152713563,0.0011032576193123098,7.434741233532635e-4,67.59187818013277,67.59187818013277,67.59187818013277,67.59187818013277,67.59187818013277,67.59187818013277,3.761e-5,3.229e-5,2.697e-5,2.165e-5,1.632e-5,1.1e-5
TUR,TUR.33_1,RICE,0,0,0,0,0,0,0.15575137103618764,0.15575137103618764,0.15575137103618764,0.15575137103618764,0.15575137103618764,0.15575137103618764,0,0,0,0,0,0
TUR,TUR.37_1,RICE,0,0,0,0,0,0,1.9367303842486998,1.9367303842486998,1.9367303842486998,1.9367303842486998,1.9367303842486998,1.9367303842486998,0,0,0,0,0,0
TUR,TUR.40_1,RICE,0,0,0,0,0,0,0.010027951457976345,0.010027951457976345,0.010027951457976345,0.010027951457976345,0.010027951457976345,0.010027951457976345,0,0,0,0,0,0
TUR,TUR.41_1,RICE,0.00877685609347843,0.01642726044951288,0.01516224271017105,0.01405545160338811,0.012948660496605188,0.01184186938982227,30.873178842028437,30.873178842028437,30.873178842028437,30.873178842028437,30.873178842028437,30.873178842028437,2.843e-4,5.321e-4,4.911e-4,4.553e-4,4.194e-4,3.836e-4
TUR,TUR.43_1,RICE,0,0,0,0,0,0,0.2785623645125976,0.2785623645125976,0.2785623645125976,0.2785623645125976,0.2785623645125976,0.2785623645125976,0,0,0,0,0,0
TUR,TUR.44_1,RICE,0.05268269739117123,0.04713715029736373,0.04159160320355624,0.03604605610974874,0.03050050901594124,0.02495496192213374,0.005780160191458019,0.005780160191458019,0.005780160191458019,0.005780160191458019,0.005780160191458019,0.005780160191458019,9.114,8.155,7.196,6.236,5.277,4.317
TUR,TUR.46_1,RICE,0.04218385112072106,0.035777733162144075,0.029598515167837354,0.037960078319816466,0.03148263949843043,0.025214125074516144,448.70668258102353,448.70668258102353,448.70668258102353,448.70668258102353,448.70668258102353,448.70668258102353,9.401e-5,7.974e-5,6.596e-5,8.46e-5,7.016e-5,5.619e-5
TUR,TUR.47_1,RICE,0,0,0,0,0,0,0.06595729164870923,0.06595729164870923,0.06595729164870923,0.06595729164870923,0.06595729164870923,0.06595729164870923,0,0,0,0,0,0
TUR,TUR.48_1,RICE,0,0,0,0,0,0,0.008843538001789426,0.008843538001789426,0.008843538001789426,0.008843538001789426,0.008843538001789426,0.008843538001789426,0,0,0,0,0,0
TUR,TUR.49_1,RICE,1.6996092807834636e-4,1.2339929639837966e-4,8.225124155974966e-5,4.110318672111964e-5,1.076841211255629e-5,5.038324616539731e-7,3.3709440085787863,3.3709440085787863,3.3709440085787863,3.3709440085787863,3.3709440085787863,3.3709440085787863,5.042e-5,3.661e-5,2.44e-5,1.219e-5,3.194e-6,1.495e-7
TUR,TUR.50_1,RICE,0.004378600586724033,0.044152537680334086,0.04174478387950239,0.0393370300786707,0.03692927627783899,0.0345215224770073,4690.859843447728,4690.859843447728,4690.859843447728,4690.859843447728,4690.859843447728,4690.859843447728,9.334e-7,9.412e-6,8.899e-6,8.386e-6,7.873e-6,7.359e-6
TUR,TUR.51_1,RICE,3.303090602001228e-4,2.2732711074512183e-4,1.4153724980210428e-4,6.163538304844102e-5,1.8138078047793795e-5,1.1045334800162603e-5,7.593593676639282,7.593593676639282,7.593593676639282,7.593593676639282,7.593593676639282,7.593593676639282,4.35e-5,2.994e-5,1.864e-5,8.117e-6,2.389e-6,1.455e-6
TUR,TUR.52_1,RICE,0,0,0,0,0,0,0.7589659640658356,0.7589659640658356,0.7589659640658356,0.7589659640658356,0.7589659640658356,0.7589659640658356,0,0,0,0,0,0
TUR,TUR.53_1,RICE,0,0,0,0,0,0,0.039186782683824715,0.039186782683824715,0.039186782683824715,0.039186782683824715,0.039186782683824715,0.039186782683824715,0,0,0,0,0,0
TUR,TUR.54_1,RICE,0,0,0,0,0,0,0.18286623275662217,0.18286623275662217,0.18286623275662217,0.18286623275662217,0.18286623275662217,0.18286623275662217,0,0,0,0,0,0
TUR,TUR.55_1,RICE,0,0,0,0,0,0,0.006813912945505534,0.006813912945505534,0.006813912945505534,0.006813912945505534,0.006813912945505534,0.006813912945505534,0,0,0,0,0,0
TUR,TUR.56_1,RICE,0.00397309189994212,0.00365524454794675,0.00333739719595138,0.00301954984395601,0.00270170249196064,0.00238385513996527,57.092591596924464,57.092591596924464,57.092591596924464,57.092591596924464,57.092591596924464,57.092591596924464,6.959e-5,6.402e-5,5.846e-5,5.289e-5,4.732e-5,4.175e-5
TUR,TUR.57_1,RICE,0,0,0,0,0,0,0.4673343266138113,0.4673343266138113,0.4673343266138113,0.4673343266138113,0.4673343266138113,0.4673343266138113,0,0,0,0,0,0
TUR,TUR.58_1,RICE,0.1862761939998349,0.16160964537773514,0.1369430967556354,0.11232045658144618,0.08765165624406897,0.06298285590669177,413.76061908454074,413.76061908454074,413.76061908454074,413.76061908454074,413.76061908454074,413.76061908454074,4.502e-4,3.906e-4,3.31e-4,2.715e-4,2.118e-4,1.522e-4
TUR,TUR.5_1,RICE,8.597815368738795e-5,5.912169210527071e-5,3.427009598565906e-5,1.142336532855302e-5,0,0,3.6428428641862713,3.6428428641862713,3.6428428641862713,3.6428428641862713,3.6428428641862713,3.6428428641862713,2.36e-5,1.623e-5,9.408e-6,3.136e-6,0,0
TUR,TUR.60_1,RICE,0,0,0,0,0,0,0.0014371438547141353,0.0014371438547141353,0.0014371438547141353,0.0014371438547141353,0.0014371438547141353,0.0014371438547141353,0,0,0,0,0,0
TUR,TUR.61_1,RICE,2.2827980345460928e-5,1.6305700246757806e-5,9.783420148054684e-6,3.2611400493515618e-6,0,0,1.4126881172790131,1.4126881172790131,1.4126881172790131,1.4126881172790131,1.4126881172790131,1.4126881172790131,1.616e-5,1.154e-5,6.925e-6,2.308e-6,0,0
TUR,TUR.62_1,RICE,1.4521430606637248e-4,1.1150669864682008e-4,7.779909122726763e-5,5.215500366795719e-5,3.748817233550692e-5,2.766017174601701e-5,0.731430991865555,0.731430991865555,0.731430991865555,0.731430991865555,0.731430991865555,0.731430991865555,1.985e-4,1.525e-4,1.064e-4,7.131e-5,5.125e-5,3.782e-5
TUR,TUR.63_1,RICE,1.1744696761461364e-4,3.914898920487121e-5,0,0,0,0,3.682402536723328,3.682402536723328,3.682402536723328,3.682402536723328,3.682402536723328,3.682402536723328,3.189e-5,1.063e-5,0,0,0,0
TUR,TUR.64_1,RICE,0,0,0,0,0,0,3.0489569676853505,3.0489569676853505,3.0489569676853505,3.0489569676853505,3.0489569676853505,3.0489569676853505,0,0,0,0,0,0
TUR,TUR.66_1,RICE,0,0,0,0,0,0,2.170972218721969,2.170972218721969,2.170972218721969,2.170972218721969,2.170972218721969,2.170972218721969,0,0,0,0,0,0
TUR,TUR.67_1,RICE,0.5603342961265262,0.7430913902504492,0.7190550306829642,0.6923779898543084,0.6481511827268446,0.621627877603351,16899.82273597738,16899.82273597738,16899.82273597738,16899.82273597738,16899.82273597738,16899.82273597738,3.316e-5,4.397e-5,4.255e-5,4.097e-5,3.835e-5,3.678e-5
TUR,TUR.68_1,RICE,0.001037721805463875,6.314196756243004e-4,3.598815117182313e-4,2.1830671717192618e-4,1.4198036824848188e-4,9.99246143818708e-5,28.01932259960473,28.01932259960473,28.01932259960473,28.01932259960473,28.01932259960473,28.01932259960473,3.704e-5,2.254e-5,1.284e-5,7.791e-6,5.067e-6,3.566e-6
TUR,TUR.69_1,RICE,0,0,0,0,0,0,0.09564891781008317,0.09564891781008317,0.09564891781008317,0.09564891781008317,0.09564891781008317,0.09564891781008317,0,0,0,0,0,0
TUR,TUR.6_1,RICE,0.06179970703142709,0.05328283252306251,0.04666186050325932,0.03955539912040456,0.032860920218130724,0.027854072964379688,667.887888804068,667.887888804068,667.887888804068,667.887888804068,667.887888804068,667.887888804068,9.253e-5,7.978e-5,6.986e-5,5.922e-5,4.92e-5,4.17e-5
TUR,TUR.70_1,RICE,0.03712161128179866,0.03239693393238439,0.027708073365833558,0.02301921279928271,0.0188236625439867,0.015121422599945512,316.6212280337511,316.6212280337511,316.6212280337511,316.6212280337511,316.6212280337511,316.6212280337511,1.172e-4,1.023e-4,8.751e-5,7.27e-5,5.945e-5,4.776e-5
TUR,TUR.71_1,RICE,0.1837840803572035,0.1698173483654433,0.15585061637368303,0.14188388438192284,0.1279171523901626,0.11395042039840238,11.8472007758671,10.790582007718665,0.3798360838087526,0.40429015881026914,5.850225332153203,2.4948267407671287,0.01551,0.01574,0.4103,0.3509,0.02187,0.04567
TUR,TUR.72_1,RICE,0,0,0,0,0,0,0.24719183877651998,0.24719183877651998,0.24719183877651998,0.24719183877651998,0.24719183877651998,0.24719183877651998,0,0,0,0,0,0
TUR,TUR.73_1,RICE,0.005017622188062268,0.0034260026202027963,0.0029088818130848246,0.002463397560691195,0.002017913308297565,0.0015724290559039355,2209.9699019669465,2209.9699019669465,2209.9699019669465,2209.9699019669465,2209.9699019669465,2209.9699019669465,2.27e-6,1.55e-6,1.316e-6,1.115e-6,9.131e-7,7.115e-7
TUR,TUR.74_1,RICE,0.2004963888705756,0.1669799056333652,0.160424501372009,0.1263312052007586,0.2981138018465898,0.26683439836331413,8535.243653254433,8535.243653254433,8535.243653254433,8535.243653254433,8535.243653254433,8535.243653254433,2.349e-5,1.956e-5,1.88e-5,1.48e-5,3.493e-5,3.126e-5
TUR,TUR.79_1,RICE,0,0,0,0,0,0,0.46533264976048677,0.46533264976048677,0.46533264976048677,0.46533264976048677,0.46533264976048677,0.46533264976048677,0,0,0,0,0,0
TUR,TUR.7_1,RICE,8.823206145682871e-5,7.218986846467803e-5,5.6147675472527355e-5,4.010548248037669e-5,2.406328948822601e-5,8.021096496075338e-6,0.9763127428142916,0.9763127428142916,0.9763127428142916,0.9763127428142916,0.9763127428142916,0.9763127428142916,9.037e-5,7.394e-5,5.751e-5,4.108e-5,2.465e-5,8.216e-6
TUR,TUR.80_1,RICE,0,0,0,0,0,0,32.427352585944504,32.427352585944504,32.427352585944504,32.427352585944504,32.427352585944504,32.427352585944504,0,0,0,0,0,0
TUR,TUR.8_1,RICE,0,0,0,0,0,0,0.3509833449620914,0.3509833449620914,0.3509833449620914,0.3509833449620914,0.3509833449620914,0.3509833449620914,0,0,0,0,0,0
TWN,TWN.2_1,RICE,0.04652533534133444,0.03989061139901085,0.03325588745668726,0.02662116351436367,0.01998643957204008,0.013351715629716491,8971.285728316849,8971.285728316849,8971.285728316849,8971.285728316849,8971.285728316849,8971.285728316849,5.186e-6,4.446e-6,3.707e-6,2.967e-6,2.228e-6,1.488e-6
TWN,TWN.5_1,RICE,0.00238665748742905,0.00201947941243996,0.00165230133745088,0.00128512326246179,9.17945187472713e-4,5.507671124836277e-4,21142.193191407106,21142.193191407106,21142.193191407106,21142.193191407106,21142.193191407106,21142.193191407106,1.129e-7,9.552e-8,7.815e-8,6.078e-8,4.342e-8,2.6050000000000002e-08
TWN,TWN.7_1,RICE,1.408069518601869,1.1117887042099055,0.8909877266671477,0.6938212465805274,0.5412970054827143,0.4164584396668467,40063.154809315754,40063.154809315754,40063.154809315754,40063.154809315754,40063.154809315754,40063.154809315754,3.515e-5,2.775e-5,2.224e-5,1.732e-5,1.351e-5,1.04e-5
TZA,TZA.10_1,RICE,2.708577289730237,2.526502664183107,2.3106749564293994,2.2691397406082277,2.0035074317982846,1.7784721659724885,11211.845460589942,10017.978934571076,10240.853830529793,8885.279185554216,10034.671769000837,9630.293391482472,2.416e-4,2.522e-4,2.256e-4,2.554e-4,1.997e-4,1.847e-4
TZA,TZA.11_1,RICE,0.07360754263874272,0.059309520875384894,0.05367356533999636,0.05197827846417472,0.051840390894163944,0.04728223154306999,571.691888558033,510.8166462667403,522.1810349956686,453.0602973266091,511.66781372833987,491.04856427934294,1.288e-4,1.161e-4,1.028e-4,1.147e-4,1.013e-4,9.629e-5
TZA,TZA.12_1,RICE,0.007722669317992643,0.014946830886237434,0.018186151319775138,0.0171056994031183,0.04546095777430126,0.04290930322254868,5198.616286408236,4645.42418589229,4748.806035267504,4121.154781194183,4654.620268581333,4466.859742147157,1.486e-6,3.218e-6,3.83e-6,4.151e-6,9.767e-6,9.606e-6
TZA,TZA.13_1,RICE,1.29359245621361,1.1817801228586673,1.1060907838916376,0.9998687999899742,1.19515442863923,1.1097746653435236,148277.6538319158,132495.3135073656,135437.06193625156,117511.00759826739,132708.5838885957,127362.48284115939,8.724e-6,8.919e-6,8.167e-6,8.509e-6,9.006e-6,8.714e-6
TZA,TZA.14_1,RICE,26.783006021680116,24.08120692349987,21.92529586786994,19.478199792964762,16.71098702967873,13.825734646445204,351767.9924770716,314310.81982700067,321303.446955203,278772.73484433634,314834.55205973156,302147.31242904137,7.614e-5,7.662e-5,6.824e-5,6.987e-5,5.308e-5,4.576e-5
TZA,TZA.15_1,RICE,0.9391867317309782,0.8326753562971825,1.045043603889633,0.9993870343346318,0.90292625430336,1.025657005502066,13218.754614009773,11811.187170737745,12073.95645075119,10475.735296536073,11830.868005879018,11354.106302159866,7.105e-5,7.05e-5,8.655e-5,9.54e-5,7.632e-5,9.033e-5
TZA,TZA.16_1,RICE,0.015871354146264886,0.010715573862325805,0.006591360551900147,0.06425466354688454,0.082467405852337,0.07723237728896701,28689.275376418194,25634.3665616261,26204.666900417404,22735.973506480062,25677.080789667478,24642.342782470296,5.532e-7,4.18e-7,2.515e-7,2.826e-6,3.212e-6,3.134e-6
TZA,TZA.17_1,RICE,0.12043453044867146,0.11128053949851467,0.09888548477028516,0.08763043593132014,0.1124569771993517,0.12466171878667202,1059.2946937887118,946.498233959769,967.5554448799201,839.4808086833567,948.0753722638863,909.8697199389607,1.137e-4,1.176e-4,1.022e-4,1.044e-4,1.186e-4,1.37e-4
TZA,TZA.18_1,RICE,0.17860652750552303,0.15527157858135404,0.13193662965718506,0.13169806331653805,0.11069229737630522,0.08599273330118565,11319.324377765352,10114.013216523897,10339.024634303882,8970.45518882873,10130.866071690245,9722.611244902435,1.578e-5,1.535e-5,1.276e-5,1.468e-5,1.093e-5,8.845e-6
TZA,TZA.19_1,RICE,0.03424293589111136,0.030476665895044032,0.02671039589897669,0.02294412590290935,0.01917785590684201,0.01541158591077469,7850.557209704264,7014.609417148014,7170.666876866045,6221.490727425489,7026.297774086539,6743.1512039492545,4.362e-6,4.345e-6,3.725e-6,3.688e-6,2.729e-6,2.286e-6
TZA,TZA.1_1,RICE,0.06985632738921482,0.07821614430378024,0.06857121433334597,0.06023821478847409,0.06100485189026387,0.05355841300079822,19.790825513796946,17.683446832360943,18.076859156213338,15.684037977582207,17.712912541167878,16.999115518264816,0.00353,0.004423,0.003793,0.003841,0.003444,0.003151
TZA,TZA.20_1,RICE,11.985469237738108,15.244805736554417,15.054657337024365,15.70979496531667,14.411339818901599,15.604979101404878,45462.59837029905,40621.62240689294,41525.3515848779,36028.669895667146,40689.30971403695,39049.60714844492,2.636e-4,3.753e-4,3.625e-4,4.36e-4,3.542e-4,3.996e-4
TZA,TZA.21_1,RICE,3.170104333751451,2.832709272082215,2.5706290110034904,2.4498858118310003,2.3247678684778785,2.111320050370036,40782.57521947153,36439.94031868583,37250.63756214303,32319.796772493395,36500.65974067135,35029.751881992845,7.773e-5,7.774e-5,6.901e-5,7.58e-5,6.369e-5,6.027e-5
TZA,TZA.22_1,RICE,1.7734970541452928,1.6185467826539026,1.427596816263771,1.360644443916739,1.264412000470558,1.0960931583783282,60517.36115827978,54073.319268980995,55276.31785363493,47959.42592818751,54163.41759077438,51980.734837788026,2.931e-5,2.993e-5,2.583e-5,2.837e-5,2.334e-5,2.109e-5
TZA,TZA.23_1,RICE,0.06211925075078123,0.056736954426846925,0.05135465810291261,0.06765200075424513,0.08735343572734117,0.13055305362498273,16173.840145072118,14451.607492628325,14773.119499929593,12817.612024410548,14475.688027504062,13892.345056973898,3.841e-6,3.926e-6,3.476e-6,5.278e-6,6.034e-6,9.397e-6
TZA,TZA.24_1,RICE,0.038373063093085004,0.03332463710643226,0.028276211119779515,0.023770685486376366,0.01980806020622282,0.01584543492606928,8004.609379056317,7152.257710002083,7311.3774988734385,6343.575583004764,7164.175428589016,6875.4726485918345,4.794e-6,4.659e-6,3.867e-6,3.747e-6,2.765e-6,2.305e-6
TZA,TZA.25_1,RICE,0.34037585273870186,0.34124354364435944,0.32714362841323147,0.33827428257858344,0.3842821989533261,0.37151728914609244,5756.448137982601,5143.486537248993,5257.916207578851,4561.929523817023,5152.057065268542,4944.438866597479,5.913e-5,6.634e-5,6.222e-5,7.415e-5,7.459e-5,7.514e-5
TZA,TZA.26_1,RICE,1.7293646387270487,1.6340581681116242,1.810788308251074,2.6511584957844896,2.6319521440366658,2.5363076080054956,54277.66632810913,48498.03895388905,49576.998637937606,43014.526070735636,48578.8506365361,46621.214427368344,3.186e-5,3.369e-5,3.652e-5,6.163e-5,5.418e-5,5.44e-5
TZA,TZA.27_1,RICE,2.204024415691843,1.9274842207363727,1.663268704676258,1.4020208661238382,1.1433961941964357,0.8885250636028429,11751.14021975347,10499.954063139328,10733.561084594525,9313.037433980497,10517.866386103786,10093.962365598478,1.876e-4,1.836e-4,1.55e-4,1.505e-4,1.087e-4,8.803e-5
TZA,TZA.28_1,RICE,0.03061441933338377,0.02660369663780169,0.02259297394221961,0.01858225124663753,0.01457152855105545,0.010560805855473372,4319.614081541647,3859.6503159510935,3945.517851531159,3423.2524184586255,3866.081603549294,3710.2857945596666,7.087e-6,6.893e-6,5.726e-6,5.428e-6,3.769e-6,2.846e-6
TZA,TZA.29_1,RICE,0.2678083134025413,0.43011560183407027,0.407250584587983,0.5073277539050589,0.6369268865922725,0.7552562023820244,588.8094673318221,526.1115006392387,537.8161615028198,466.6258130947714,526.9881537275634,505.7515234240123,4.548e-4,8.175e-4,7.572e-4,0.001087,0.001209,0.001493
TZA,TZA.2_1,RICE,0.06456170704742786,0.05721331721696164,0.049880540304585615,0.042619867565232214,0.03546516046730514,0.028398466675791923,2745.7620889832224,2453.3861854826564,2507.9678725082754,2175.9899227546775,2457.474232548237,2358.442648274505,2.351e-5,2.332e-5,1.989e-5,1.959e-5,1.443e-5,1.204e-5
TZA,TZA.30_1,RICE,0.03600738933274342,0.03221713782403359,0.02842688631532376,0.02463663480661392,0.02084638329790408,0.01705613178919425,185.59880003039896,165.83575607796266,169.5251855650385,147.08525555142387,166.11208614781245,159.41808185659568,1.94e-4,1.943e-4,1.677e-4,1.675e-4,1.255e-4,1.07e-4
TZA,TZA.31_1,RICE,1.0830523513302623,1.0075745876699171,0.9381748714256063,0.8456354510056766,0.752672448684662,0.6615510033512477,15826.24800637758,14143.32039883319,14457.270727277235,12544.139858845438,14164.197414787342,13594.326325916232,6.843e-5,7.124e-5,6.489e-5,6.741e-5,5.314e-5,4.866e-5
TZA,TZA.3_1,RICE,10.152867336904382,8.6969699337681,7.484926811602143,6.796691996237572,5.850925505175721,4.568684903362512,5869.1772775086865,5244.2119841929625,5360.882542994902,4651.26627757066,5252.950349779319,5041.266341719353,0.00173,0.001658,0.001396,0.001461,0.001114,9.063e-4
TZA,TZA.4_1,RICE,0.17078513581486135,0.20243606481638096,0.18876811359260473,0.37926396322655104,1.6306881854701791,1.6336824527946956,84767.87435499903,75741.57016360312,77426.63006243246,67177.72129999702,75867.77740544787,72810.44883114271,2.015e-6,2.673e-6,2.438e-6,5.646e-6,2.149e-5,2.244e-5
TZA,TZA.5_1,RICE,0.5636148684332211,0.5143965785007184,0.5861162829429494,0.717047122887306,0.7816020094408074,0.7257229692273628,14366.279019920947,12836.52018712053,13122.100554164788,11385.137299497816,12857.909521989106,12339.759979037228,3.923e-5,4.007e-5,4.467e-5,6.298e-5,6.079e-5,5.881e-5
TZA,TZA.6_1,RICE,0.03982968488184561,0.03518211965071243,0.03301077362681692,0.031445028467498755,0.0415130902952078,0.03718239050135853,9215.775515602816,8238.30911065707,8421.645315653766,7309.168549408393,8253.419041203719,7920.969292446378,4.322e-6,4.271e-6,3.92e-6,4.302e-6,5.03e-6,4.694e-6
TZA,TZA.7_1,RICE,0.984578640365506,0.9792812645527558,0.9178466473646011,0.8786757647831441,0.8343479379693327,0.7598259808187909,56610.59099063811,50582.54771806238,51707.8824920342,44863.34632234336,50666.83279188892,48625.054833423776,1.739e-5,1.936e-5,1.775e-5,1.959e-5,1.647e-5,1.563e-5
TZA,TZA.8_1,RICE,0.05281828038705601,0.05026200570650483,0.04499346281425604,0.03972491992200721,0.04297915003670546,0.03727354186204909,18309.128140507495,16359.524457119605,16723.482829874032,14509.80712714321,16386.784130442527,15726.427585459904,2.885e-6,3.072e-6,2.69e-6,2.738e-6,2.623e-6,2.37e-6
TZA,TZA.9_1,RICE,0.20654406790852708,0.1723126836437083,0.14916946546125612,0.12306672893322579,0.1332895472421178,0.11963879265053191,1286.014943244796,1149.0767203539476,1174.6407943223696,1019.1544155410995,1150.991412685129,1104.608626011726,1.606e-4,1.5e-4,1.27e-4,1.208e-4,1.158e-4,1.083e-4
UGA,UGA.10_1,RICE,0,0,0,0,0,0,47842.295648951076,57045.41361196749,60368.278509767355,63499.774224971436,52191.59525340117,57064.84918213324,0,0,0,0,0,0
UGA,UGA.11_1,RICE,0,0,0,0,0,0,8078.103303811785,9632.036630254124,10193.097623355234,10721.846203241097,8812.476331431037,9635.318298523545,0,0,0,0,0,0
UGA,UGA.13_1,RICE,0,0,0,0,0,0,88.2741027224919,105.25483011892761,111.38586779892613,117.16380906803471,96.29902115180934,105.29069080441543,0,0,0,0,0,0
UGA,UGA.14_1,RICE,0,0,0,0,0,0,339.60787591208066,404.93608186025904,428.5233925145163,450.75227166512525,370.48131917681525,405.0740449870614,0,0,0,0,0,0
UGA,UGA.17_1,RICE,0,0,0,0,0,0,570.1175475281294,679.7874321253586,719.384687244585,756.7014721736991,621.946415485232,680.0190380599697,0,0,0,0,0,0
UGA,UGA.18_1,RICE,0,0,0,0,0,0,152.8890065798962,182.29929184562894,192.91812830263262,202.9254087333168,166.78800717806857,182.36140184630202,0,0,0,0,0,0
UGA,UGA.19_1,RICE,0,0,0,0,0.00512198337596086,0.00485931756180902,971.2665984562359,1158.1029732138172,1225.5618533247775,1289.1356670419132,1059.5635619522573,1158.49754291136,0,0,0,0,4.834e-6,4.194e-6
UGA,UGA.1_1,RICE,0,0,0,0,0,0,26.325735072456816,31.380564916756367,33.22432565123687,34.93821940539568,28.73556452923982,31.40881647669673,0,0,0,0,0,0
UGA,UGA.20_1,RICE,0,0,0,0,0,0,187.5360465208795,223.61116237889595,236.63639324634613,248.9114799277128,204.58477802277764,223.68734747706748,0,0,0,0,0,0
UGA,UGA.21_1,RICE,0,0,0,0,0,0,10238.012633598782,12207.433972934694,12918.51048675919,13588.634950049296,11168.741054835036,12211.593088006392,0,0,0,0,0,0
UGA,UGA.22_1,RICE,0,0,0,0,0,0,232.0001470053727,276.62853892022434,292.74200367587025,307.9274678434947,253.09106946040654,276.7227872223685,0,0,0,0,0,0
UGA,UGA.23_1,RICE,0,0,0,0,0,0,4032.7108190610516,4808.457736618613,5088.547833506126,5352.507087117397,4399.320893521146,4810.095994838018,0,0,0,0,0,0
UGA,UGA.24_1,RICE,0,0,0,0,0,0,25858.121392422574,30832.283653001312,32628.247720620482,34320.779302669966,28208.85970082462,30842.78831892213,0,0,0,0,0,0
UGA,UGA.25_1,RICE,3.287003978344934e-4,0.00297721285934039,0.00281374716118888,0.00265028146303737,0.003477338297832504,0.008162254967772137,263.1497884906082,313.7702387129834,332.04718765905835,349.27153745117096,287.072496535209,313.87714132099876,1.249e-6,9.489e-6,8.474e-6,7.588e-6,1.211e-5,2.6e-5
UGA,UGA.27_1,RICE,0,0,0,0,0,0,378.7904323589724,451.28900584127166,478.20314836508055,502.6313143907108,413.8812296096106,452.13676782072554,0,0,0,0,0,0
UGA,UGA.28_1,RICE,0.003270622630753838,0.002986220662862199,0.0027018186949705606,0.010519883041727152,0.009819969980776631,0.009120056919826104,2.9292641599455247,3.4872522232121934,3.699770897747472,3.8860318046633977,3.2053759330577627,3.498835058649025,0.001117,8.563e-4,7.303e-4,0.002707,0.003064,0.002607
UGA,UGA.29_1,RICE,0,0,0,0,0,0,345.4661937260894,411.92132699194434,435.91552444710186,458.52785712735505,376.872211337552,412.0616700159775,0,0,0,0,0,0
UGA,UGA.2_1,RICE,0.0013732497791550161,0.0012657881690303747,0.0011583265589057334,0.0010508649487810978,9.434033386564576e-4,8.359417285318174e-4,1430.24091220797,1705.3672549563396,1804.7039874042387,1898.3197562033058,1560.2628133177855,1705.9482794917658,9.602e-7,7.422e-7,6.418e-7,5.536e-7,6.046e-7,4.9e-7
UGA,UGA.30_1,RICE,0,0,0,2.9064598936516696e-4,2.757410668336199e-4,2.608361443020729e-4,308.6170763416105,367.9837793905966,389.41863814741396,409.6190285988649,336.6731741908478,368.10915273985233,0,0,0,7.096e-7,8.19e-7,7.086e-7
UGA,UGA.31_1,RICE,0,0,0,0,0,0,1.0896069288126993,1.2992076798461238,1.374885833810933,1.4462055600604917,1.1886621041593082,1.2996503244063562,0,0,0,0,0,0
UGA,UGA.32_1,RICE,0,0,0,0,0,0,324.001207297294,386.32681711064515,408.83008071069594,430.03780239614974,353.4571213644678,386.4595135537586,0,0,0,0,0,0
UGA,UGA.33_1,RICE,0,0,0,0,0,0,5914.616309749821,7052.373410788969,7463.170398120683,7850.308920213399,6452.308701545259,7054.776178857105,0,0,0,0,0,0
UGA,UGA.34_1,RICE,0.007176406428085142,0.006741472705170895,0.006306538982256637,0.00587160525934239,0.0054366715364281325,0.005334423818186311,392.4136632401708,467.89978245982553,495.15469507032464,520.8399530278632,428.0876326256409,468.0591975376861,1.829e-5,1.441e-5,1.274e-5,1.127e-5,1.27e-5,1.14e-5
UGA,UGA.35_1,RICE,5.230382191547218e-4,4.910118738166324e-4,4.58985528478543e-4,4.269591831404536e-4,3.949328378023642e-4,3.629064924642748e-4,130.7595910769386,155.91298150592058,164.9948294679916,173.55363906575488,142.64682662938753,155.96610159919265,4e-6,3.149e-6,2.782e-6,2.46e-6,2.769e-6,2.327e-6
UGA,UGA.36_1,RICE,0.021428268150467333,0.020057955579593636,0.01868764300871995,0.018557672118148513,0.017123752281618287,0.01568983244508807,439.5681777370034,524.1251108362305,554.6551188172369,583.4268540872955,479.52892116764,524.3036820783743,4.875e-5,3.827e-5,3.369e-5,3.181e-5,3.571e-5,2.993e-5
UGA,UGA.37_1,RICE,0,0,0,0,0,0,47.18069524358357,56.25654534680383,59.533459089176354,62.621650050574566,51.46984935663662,56.275712146817035,0,0,0,0,0,0
UGA,UGA.38_1,RICE,0.00497185786048552,0.00469569766329264,0.00441953746609977,0.00775863139573392,0.00729707355101145,0.0068355157062889894,8535.876402674314,10177.59164081216,10770.38860534362,11329.333073061078,9312.65654114792,10181.734067665364,5.825e-7,4.614e-7,4.103e-7,6.848e-7,7.836e-7,6.714e-7
UGA,UGA.39_1,RICE,0,0,0,0,0,0,24.695109905823717,29.16220607314065,30.830389208558206,32.27010285023236,26.75437861175829,29.13906847917971,0,0,0,0,0,0
UGA,UGA.3_1,RICE,5.618086653700397e-4,5.105055361085171e-4,4.5920240684699476e-4,4.0789927758547233e-4,3.5659614832394984e-4,3.052930190624274e-4,363.6482857276006,431.9884551609883,459.1832245106134,481.8889719192199,399.6103272887012,434.9870133820525,1.545e-6,1.182e-6,1e-6,8.465e-7,8.924e-7,7.018e-7
UGA,UGA.40_1,RICE,0,0.00178129166984945,0.00168994337908794,0.00203259698348822,0.00191899218528252,0.00180538738707681,2.546028617449319,3.0357919405877514,3.2126252009269582,3.3792743467963686,2.777485764490166,3.0368262454254946,0,5.868e-4,5.26e-4,6.015e-4,6.909e-4,5.945e-4
UGA,UGA.41_1,RICE,0,0,0,0,0,0,14.002266021198562,16.09068838300586,18.061612344437695,18.375562689866957,16.355856026308047,17.240651895750865,0,0,0,0,0,0
UGA,UGA.42_1,RICE,1.7149944076979472e-4,1.5658644592024738e-4,1.4167345107069998e-4,1.2676045622115264e-4,1.1184746137160528e-4,9.693446652205789e-5,164.8289992345642,196.53610490550398,207.98422812506826,218.7730353476943,179.81345371043366,196.60306543773854,1.04e-6,7.967e-7,6.812e-7,5.794e-7,6.22e-7,4.93e-7
UGA,UGA.43_1,RICE,0.00173790958104448,0.00162578638226741,0.0022601654519331395,0.0021097600855436286,0.001959354719154108,0.0018089493527645973,6015.987580602163,7173.2448279252685,7591.082510796181,7984.85624334469,6562.895542475086,7175.6887773042245,2.889e-7,2.266e-7,2.977e-7,2.642e-7,2.986e-7,2.521e-7
UGA,UGA.44_1,RICE,0.007336516692046089,0.006958976235244793,0.006581435778443507,0.00620389532164221,0.0063270954938076645,0.005923876030392689,9961.771026709977,11878.053526029822,12569.943804612223,13221.986999087789,10867.386574592701,11882.100420041463,7.365e-7,5.859e-7,5.236e-7,4.692e-7,5.822e-7,4.986e-7
UGA,UGA.45_1,RICE,0,0,0,0,0,0,13.447311716991845,16.03408549818773,16.96806242107698,17.848250097098266,14.669794600354738,16.039548366699186,0,0,0,0,0,0
UGA,UGA.46_1,RICE,0,0,0,0,0,0,109.20408623122374,130.21098136443004,137.79570153539868,144.94360536144242,119.13173043406225,130.25534469715782,0,0,0,0,0,0
UGA,UGA.47_1,RICE,0.003108729344743463,0.0028088764644012584,0.0025090235840590537,0.0022091707037168486,0.0019093178233746443,0.0016094649430324394,304.7364974922022,363.3567182825204,384.5220531992515,404.4684421260139,332.4398154460388,363.4805151760168,1.02e-5,7.73e-6,6.525e-6,5.462e-6,5.743e-6,4.428e-6
UGA,UGA.48_1,RICE,0,0,0,0,0,0,64.74548959049157,77.2001674062625,81.69703595600208,85.93492254737973,70.63144318962716,77.2264697709125,0,0,0,0,0,0
UGA,UGA.49_1,RICE,0.00364418406782755,0.00329711891851064,0.00295005376919373,0.00260298861987682,0.00225592347055991,0.001908858321243,372.67350189346183,444.3623318940586,470.24620057102265,494.63937524041296,406.55291115650374,444.5137276809188,9.778e-6,7.42e-6,6.273e-6,5.262e-6,5.549e-6,4.294e-6
UGA,UGA.4_1,RICE,0,0,0,0,0,0,12102.678717219102,14430.794005004156,15271.380054091009,16063.555388308989,13202.922236966291,14435.710626546068,0,0,0,0,0,0
UGA,UGA.50_1,RICE,0,0,0,0,0,0,230.6035646809484,274.96330494139266,290.9797707065058,306.0738222128952,251.56752510648917,275.05698589254763,0,0,0,0,0,0
UGA,UGA.51_1,RICE,0,0,0,0,0,0,140.53815974197494,167.56753419649704,177.32770928730616,186.52341711290072,153.3110410633394,167.6240347610698,0,0,0,0,0,0
UGA,UGA.52_1,RICE,0,0,0,0,0,0,713.8483626502857,851.1668295019225,900.7468430532696,947.4714631540157,778.7436683457662,851.4568249913071,0,0,0,0,0,0
UGA,UGA.53_1,RICE,0,0,0,0,0,0,151.02337666662012,180.07478257812633,190.564042557517,200.44920903024126,164.75277454540375,180.13613468078066,0,0,0,0,0,0
UGA,UGA.54_1,RICE,0,0,0,0,0,0,648.3409710642285,773.0581978616746,818.0884253064992,860.5252888670669,707.2810593427947,773.3215814694955,0,0,0,0,0,0
UGA,UGA.55_1,RICE,0.00330091760253036,0.0031224896240152,0.00294406164550005,0.0027656336669849,0.00258720568846974,0.00240877770995459,365.1992621327452,435.4503201939169,460.81506894568213,484.7190206489164,398.39919505390384,435.5986796274973,9.039e-6,7.171e-6,6.389e-6,5.706e-6,6.494e-6,5.53e-6
UGA,UGA.56_1,RICE,0,0,0,0,0,0,11305.388731234325,13480.134418079035,14265.345053593857,15005.33413418374,12333.151343164716,13484.727146604217,0,0,0,0,0,0
UGA,UGA.57_1,RICE,0,0,0,0,0,0,85.3375444957519,101.75338487329834,107.68046523645783,113.26619542163434,93.09550308627479,101.78805260425321,0,0,0,0,0,0
UGA,UGA.58_1,RICE,0.005209259296495344,0.004823388237495692,0.00443751717849604,0.004051646119496379,0.003665775060496727,0.003279904001497065,115.64539078204778,137.03070913149912,146.482851348944,153.19533500059504,127.69564315000459,138.70520976451127,4.505e-5,3.52e-5,3.029e-5,2.645e-5,2.871e-5,2.365e-5
UGA,UGA.5_1,RICE,0,0,0,0,0,0,6.592054822419479,7.257820989084895,7.746405409664369,8.256309193332632,8.297997260827163,8.13498367521616,0,0,0,0,0,0
UGA,UGA.6_1,RICE,0,0,0,0,0,0,24.177753516264062,28.828674101756313,30.50792898234047,32.09047284885958,26.375731108651703,28.838496130957502,0,0,0,0,0,0
UGA,UGA.7_1,RICE,0,0,0,0,0,0,469.0683955700327,559.2504599227431,591.8189172720738,622.5632519060028,511.8527969977297,559.5619429304531,0,0,0,0,0,0
UGA,UGA.8_1,RICE,0.00230787762354095,0.00206494313685243,0.00182200865016391,0.00157907416347539,0.00133613967678687,0.00109320519009834,3364.0048012872703,4010.9743497810487,4244.855138502179,4464.902495300825,3670.078174504116,4012.6107036352932,6.861e-7,5.148e-7,4.292e-7,3.537e-7,3.641e-7,2.724e-7
UGA,UGA.9_1,RICE,0,0,0,0,0,0,354.50475417283604,422.6985777937198,447.32054435626947,470.5244919021279,386.7324590976393,422.8425926644605,0,0,0,0,0,0
UKR,UKR.10_1,RICE,2.1964430102179932e-4,1.1628458983196571e-4,7.12626866492224e-5,2.6240783466479064e-5,2.4592022776605423e-6,9.904772335114031e-7,2.2852511420195354,1.8634513267489556,0.1163715561773297,0.4172805315355381,0.5649104668802412,0.3978824476203154,9.611e-5,6.24e-5,6.124e-4,6.289e-5,4.353e-6,2.489e-6
UKR,UKR.12_1,RICE,9.220058945546513e-4,7.380232497482106e-4,5.542367986623092e-4,3.7045034757640785e-4,2.0300822086867255e-4,1.0883555002982981e-4,2.954810632180847,2.4094269953907106,0.15046744979299304,0.5395402406816708,0.7304245135582187,0.5144586802602708,3.12e-4,3.063e-4,0.003683,6.866e-4,2.779e-4,2.116e-4
UKR,UKR.13_1,RICE,0.0012478234079680906,9.812014970410625e-4,7.391780068574074e-4,5.153520252936522e-4,3.931633820372207e-4,3.0021208264649843e-4,10.037780540801288,8.185059017120102,0.5111526346584704,1.8328709359274602,2.4813234692158757,1.7476664235337018,1.243e-4,1.199e-4,0.001446,2.812e-4,1.584e-4,1.718e-4
UKR,UKR.14_1,RICE,2.5425929780983545e-4,1.8226466808506819e-4,1.1027003836030084e-4,4.1813870817220275e-5,8.605428102348696e-6,7.106248033999389e-6,1.5362564318558678,1.2527021794368545,0.07823059285488845,0.2805161711430952,0.3797601594897498,0.26747584019981624,1.655e-4,1.455e-4,0.00141,1.491e-4,2.266e-5,2.657e-5
UKR,UKR.15_1,RICE,0.26155733352820004,0.2300336517359217,0.1987755755042485,0.16771985255512498,0.13685538489351487,0.1060194956888238,1.7156925306722752,1.3990188928421916,0.08736799472276419,0.31328070599619,0.4241164792367194,0.29871725295999974,0.1525,0.1644,2.275,0.5354,0.3227,0.3549
UKR,UKR.16_1,RICE,0.01506798699941244,0.012846105124108602,0.010686084979599959,0.0085584600741268509,0.0064444123774679354,0.004345880424233326,34.00472965805262,27.728312845755497,1.7316185669641166,6.209169489308224,8.405915373612217,5.920524365237335,4.431e-4,4.633e-4,0.006171,0.001378,7.667e-4,7.34e-4
UKR,UKR.17_1,RICE,0.5155881615753021,0.45736517422202005,0.3996044163028386,0.3419189404486506,0.2842695266288461,0.22697945583482868,95.33492901639647,77.68655718911597,5.012929894889821,17.484400418105718,23.650595863347817,16.699097735862335,0.005408,0.005887,0.07971,0.01956,0.01202,0.01359
UKR,UKR.18_1,RICE,6.592423154868443e-4,5.196855664762005e-4,3.8539822704739663e-4,2.7344165563095716e-4,1.9174654523680136e-4,1.1803642774580528e-4,3.6375090784008743,2.9661164996584586,0.1852324168137558,0.6641990868273185,0.8991864893871642,0.6333225214259122,1.812e-4,1.752e-4,0.002081,4.117e-4,2.132e-4,1.864e-4
UKR,UKR.19_1,RICE,3.6427792612564745e-4,2.1118106475045655e-4,1.2101678243612325e-4,8.709598544443015e-5,5.339866936667276e-5,1.9701353288915375e-5,0.7968992621440292,0.6498117252947687,0.04058040079144776,0.14551159895444699,0.19699223685168818,0.13874721386135475,4.571e-4,3.25e-4,0.002982,5.986e-4,2.711e-4,1.42e-4
UKR,UKR.1_1,RICE,4.749363043433743e-4,3.4879461432842394e-4,2.89326513969166e-4,2.3739768034998274e-4,1.9615302882967418e-4,1.826997825047979e-4,2.669483589906362,2.1767641402202833,0.1359377767437485,0.4874403127251564,0.6598921201152841,0.46478071714059765,1.779e-4,1.602e-4,0.002128,4.87e-4,2.973e-4,3.931e-4
UKR,UKR.20_1,RICE,0,0,0,0,0,0,0.017804314743537306,0.014518086577294425,9.066468780080792e-4,0.003251018578747418,0.004401198436932425,0.0030998887597538864,0,0,0,0,0,0
UKR,UKR.21_1,RICE,6.299406213247714e-5,5.045245768243926e-5,3.791085323240139e-5,2.5369248782363515e-5,1.3701735668616267e-5,6.949233458682465e-6,1.0835820404261902,0.8835800817450213,0.05517911181471536,0.19785908055244214,0.26785976609085127,0.18866122261782575,5.814e-5,5.71e-5,6.871e-4,1.282e-4,5.115e-5,3.683e-5
UKR,UKR.22_1,RICE,0.001547298603995058,9.071934490858455e-4,4.5945600617191456e-4,1.5315200205730486e-4,0,0,1.5826511328668051,1.2905335869190757,0.0805931443730789,0.2889877150982894,0.3912288561799947,0.27555356822516197,9.777e-4,7.03e-4,0.005701,5.3e-4,0,0
UKR,UKR.23_1,RICE,6.873989018959585e-4,5.346435903635233e-4,3.8188827883108814e-4,2.2913296729865285e-4,7.637765576621762e-5,0,0.30501842317887495,0.2482764466588863,0.09528242784236954,0.10734435108009212,0.1226371980615718,0.10987105290448529,0.002254,0.002153,0.004008,0.002135,6.228e-4,0
UKR,UKR.24_1,RICE,2.949452618404156e-4,2.4055146888994183e-4,2.043273216060955e-4,1.6898693873912296e-4,1.3487590850404363e-4,1.0272017842169051e-4,3.3421200680242875,2.725248862324353,0.17019035942971403,0.6102618713531494,0.8261667933481265,0.5818926806142302,8.825e-5,8.827e-5,0.001201,2.769e-4,1.633e-4,1.765e-4
UKR,UKR.25_1,RICE,0.01301586006548686,0.0098039944594376,0.00659419955534234,0.0033844046512470707,8.937460597831918e-4,6.938399357131329e-6,0.8149649342398351,0.6645429292384153,0.04150035673699885,0.14881034066211885,0.2014580424126158,0.14189260724907363,0.01597,0.01475,0.1589,0.02274,0.004436,4.89e-5
UKR,UKR.26_1,RICE,0.04009492975189715,0.034439644325873355,0.028808718314909505,0.023473357296601115,0.01875374093655699,0.014383851500727308,34.499623656243564,28.13186187394416,1.7568199917236755,6.299535763203341,8.528252387008134,6.006689789987458,0.001162,0.001224,0.0164,0.003726,0.002199,0.002395
UKR,UKR.27_1,RICE,1.832729017663953e-4,1.545704195029508e-4,1.3025956132432453e-4,1.1034032723051655e-4,9.049316710185724e-5,7.089991717760879e-5,1.191846518385986,0.9718616633114467,0.060692250194672,0.21762787448445495,0.29462257376054374,0.20751102633914076,1.538e-4,1.59e-4,0.002146,5.07e-4,3.071e-4,3.417e-4
UKR,UKR.2_1,RICE,4.142157686442635e-5,3.32626923912284e-5,2.527685102122873e-5,1.843495549185945e-5,1.3371602152869414e-5,9.183056970656596e-6,2.7888568766673485,2.274104124217212,0.14201660759561813,0.5092375443881711,0.6894010077457191,0.48556466278386257,1.485e-5,1.463e-5,1.78e-4,3.62e-5,1.94e-5,1.891e-5
UKR,UKR.3_1,RICE,4.534060221401456e-6,3.831256179403359e-6,3.128452137405264e-6,2.499345104765594e-6,1.943935081484351e-6,1.388525058203108e-6,0.4542788856797448,0.37043044270655523,0.023133186498853188,0.0829500667984768,0.11229702183909314,0.07909397423022538,9.981e-6,1.034e-5,1.352e-4,3.013e-5,1.731e-5,1.756e-5
UKR,UKR.4_1,RICE,0.08685770605017651,0.07576801956809624,0.06480992690129847,0.05394004450285597,0.04327912341864243,0.03283145452301874,41.488473216504296,33.83074579355031,2.112712297939985,7.5756803434223405,10.255884941456237,7.2235103476743,0.002094,0.00224,0.03068,0.00712,0.00422,0.004545
UKR,UKR.5_1,RICE,0.08252151751303637,0.07234646322884664,0.06232881309819309,0.05247018930215029,0.0436979150304447,0.03383692652381555,81.76740520522023,66.67520121216705,4.163831280226278,14.930501807413318,20.21277320498193,14.236428863509577,0.001009,0.001085,0.01497,0.003514,0.002162,0.002377
UKR,UKR.6_1,RICE,0.023918154168822064,0.01817504646955561,0.013776735901618719,0.010615182899211314,0.007481097389321236,0.004638069064984299,20.275797881427117,16.533396163035825,1.0325019026633124,3.702304557122816,5.012145158559769,3.5301958459531364,0.00118,0.001099,0.01334,0.002867,0.001493,0.001314
UKR,UKR.7_1,RICE,1.129119495072188e-5,7.176508325212076e-6,4.716226073913672e-6,3.1738150656939884e-6,2.0923353399403407e-6,1.330765068388046e-6,0.6125720316309115,0.4995066599389832,0.031193928440005216,0.11185395699522906,0.15142683708740398,0.1066542117877094,1.843e-5,1.437e-5,1.512e-4,2.837e-5,1.382e-5,1.248e-5
UKR,UKR.8_1,RICE,0.0073012701684010755,0.00470257050147336,0.003013528902333196,0.0022219887054493264,0.0016291439433936323,0.0012366986121048527,30.03043486111177,24.48757279050445,1.5292360534086251,5.483474262707951,7.4234759874205105,5.228564469759907,2.431e-4,1.92e-4,0.001971,4.052e-4,2.195e-4,2.365e-4
UKR,UKR.9_1,RICE,0.33799187976568834,0.28083570794639195,0.23269118885766565,0.19308605815955499,0.1534860562487107,0.11389118312513286,44.35431778773577,36.16762762256371,2.2586493402126493,8.098975627688075,10.964317185498297,7.722479249400037,0.00762,0.007765,0.103,0.02384,0.014,0.01475
URY,URY.10_2,RICE,0.10281642919810671,0.4163701250602866,0.3935369947988822,0.7206159964270054,0.6800794012133513,0.7156426112716165,630.9264387395438,683.1122483954199,729.505433179494,716.3546091462131,681.4944882960878,700.5528851445727,1.63e-4,6.095e-4,5.395e-4,0.001006,9.979e-4,0.001022
URY,URY.11_2,RICE,1.4309901984755942,1.0608686786527186,0.7091709223082625,0.3697436538169093,0.12066889223739878,0.03344900371278223,10628.461610652426,11507.573406405314,12289.103792829634,12067.567620299906,11480.320940736976,11801.374912844049,1.346e-4,9.219e-5,5.771e-5,3.064e-5,1.051e-5,2.834e-6
URY,URY.12_2,RICE,0.8210214711780094,0.6413582242925574,0.4617234469056533,0.303067662721666,0.1969357733540504,0.12722142835109712,128.77436854249706,139.42568107702948,148.8946979202288,146.21056716152663,139.09549038845896,142.98537812957025,0.006376,0.0046,0.003101,0.002073,0.001416,8.898e-4
URY,URY.13_2,RICE,0.14638182495429256,0.1193276265261166,0.09299802688362292,0.08880636328384338,0.06504437763290521,0.05023339720951275,225.26099759057294,237.1329966975853,220.61066661006652,210.9169792216102,217.88197230736978,216.23928325140858,6.498e-4,5.032e-4,4.215e-4,4.21e-4,2.985e-4,2.323e-4
URY,URY.14_2,RICE,1.3494436460251245,1.354074351474989,1.3958975261911568,1.238047476420199,1.0871906135839904,0.9664605613558827,30491.681163281126,33013.739158589735,35255.848716419096,34620.29010160133,32935.55536073517,33856.61766610986,4.426e-5,4.102e-5,3.959e-5,3.576e-5,3.301e-5,2.855e-5
URY,URY.15_2,RICE,0.06480160082633314,0.0320254313123916,0.020876742861042016,0.01290414794518183,0.005526258043562591,0.001911508255143628,19.517254098550406,21.131584462367645,22.566724155801168,22.159912904119224,21.08154022108931,21.671097974836332,0.00332,0.001516,9.251e-4,5.823e-4,2.621e-4,8.821e-5
URY,URY.16_2,RICE,1.2630552245331104,1.6742192936556035,1.8352652539300238,4.398962956132009,4.3634162401907375,4.402093942174206,67877.11775961447,73491.4368464312,78482.5665146113,77067.75810473347,73317.39295473989,75367.75725676291,1.861e-5,2.278e-5,2.338e-5,5.708e-5,5.951e-5,5.841e-5
URY,URY.17_2,RICE,0.30740601408541496,0.2790306622516006,0.23335141235281365,0.19519758931989956,0.16331053225510936,0.14338566768052616,230.25114425726255,249.29590391460437,266.2266952499812,261.4274158163311,248.70551636522674,255.66071337811368,0.001335,0.001119,8.765e-4,7.467e-4,6.566e-4,5.608e-4
URY,URY.18_2,RICE,8.270807324893537,7.172905778319383,6.074504539623956,4.9765731160633555,3.8794704658860932,2.7831556949140626,15.224841444040347,16.484133540321597,17.603644213915633,17.286302605652757,16.44509548533688,16.904992317011047,0.5432,0.4351,0.3451,0.2879,0.2359,0.1646
URY,URY.19_2,RICE,1.8502602881072325,1.6938792142235206,1.4576336078076093,1.2251606933627603,0.9950957211417093,0.765263040544897,7775.699737049456,8418.8510800643,8990.612624004496,8828.538485564755,8398.91338843084,8633.793973970107,2.38e-4,2.012e-4,1.621e-4,1.388e-4,1.185e-4,8.864e-5
URY,URY.1_2,RICE,4.031764852189871,3.5006739046408804,3.040329461925205,3.093579341002403,2.676950765452042,2.265626168157114,9208.234671892584,9892.144331427487,10167.955699294263,9915.72073417875,9641.958141880603,9818.04617196948,4.378e-4,3.539e-4,2.99e-4,3.12e-4,2.776e-4,2.308e-4
URY,URY.2_2,RICE,0.6970548738964638,1.0354154076942856,0.9683228900742246,0.9362246892677555,0.8721195910219116,0.9808440323503812,44490.891296614835,48170.865762836074,51442.36306330676,50515.00949781901,48056.786554383216,49400.723042712445,1.567e-5,2.149e-5,1.882e-5,1.853e-5,1.815e-5,1.985e-5
URY,URY.3_2,RICE,2.5778028018533568,2.1858989516914025,1.8117377225699332,1.4763881550905062,1.1072142180135787,0.7316679664825253,7227.803075656207,7818.927728059437,8317.567240151198,8161.952930711499,7781.86369718273,7991.811157169386,3.567e-4,2.796e-4,2.178e-4,1.809e-4,1.423e-4,9.155e-5
URY,URY.4_2,RICE,1.9823490922535285,1.9835365371711315,2.3728319686339217,2.8945276614080897,3.1786689243032127,3.1647582529180016,260.06808199808404,281.57908960752025,300.70237537230906,295.2816014547312,280.91224837162775,288.7681257132807,0.007622,0.007044,0.007891,0.009803,0.01132,0.01096
URY,URY.5_2,RICE,0.012197705887678632,0.016013516650782288,0.014719517907252753,0.03448670581715417,0.03247050309087145,0.030309078490087866,20.39060032329092,22.077167761114815,23.576526213340262,23.15151121900864,22.024884170542276,22.640823096348726,5.982e-4,7.253e-4,6.243e-4,0.00149,0.001474,0.001339
URY,URY.6_2,RICE,0.0091162423534834,0.01015677029914727,0.009455242328428787,0.10292671332172929,0.09856880268007749,0.09312484022957064,64.56871445310166,69.90938562374696,74.65724229445064,73.31139315944802,69.74382481745695,71.69425217076639,1.412e-4,1.453e-4,1.266e-4,0.001404,0.001413,0.001299
URY,URY.7_2,RICE,0.044031363828498475,0.04610186851123801,0.04277403959564105,0.47179061888240753,0.47359187457652446,0.44777519977799507,96.70361229985573,104.70225682424413,111.81305180642542,109.79739338627955,104.4542988439881,107.37542515401344,4.553e-4,4.403e-4,3.825e-4,0.004297,0.004534,0.00417
URY,URY.8_2,RICE,0.5811163134968791,0.49175221142877007,0.40768435582455675,0.32566724377411704,0.2482975951092167,0.17587382536588353,5614.474318181453,6078.864253514906,6491.706906026347,6374.680642322315,6064.468165519568,6234.064608276505,1.035e-4,8.09e-5,6.28e-5,5.109e-5,4.094e-5,2.821e-5
URY,URY.9_2,RICE,0.011905765658776225,0.013277434575618662,0.013005717836278997,0.012441461502617558,0.012261812000682009,0.011418074776667743,8.552423904329874,9.259820422471302,9.888695927099032,9.710432004527393,9.237891130408917,9.49623422522488,0.001392,0.001434,0.001315,0.001281,0.001327,0.001202
USA,USA.18_1,RICE,0,0,0,0,0,0,41.40569561587955,34.76990153319364,29.12617248801622,39.72717742271577,40.4263894832456,37.71939460497375,0,0,0,0,0,0
USA,USA.19_1,RICE,11.333947031838001,9.121321796522878,7.25427029961961,5.5627125093133865,4.0470233626065895,2.962874626692627,271549.1878096771,228029.94566622292,191016.9208724054,260541.0343347096,265126.6466356122,247373.47887292,4.174e-5,4e-5,3.798e-5,2.135e-5,1.526e-5,1.198e-5
USA,USA.25_1,RICE,0.44490754017463713,0.3455198668049963,0.26326813172208113,0.1900903594921011,0.13554605746034332,0.10603071987273271,18598.202359326155,15617.601760086829,13082.607158929552,17844.26209685902,18158.32728041381,16942.425994783644,2.392e-5,2.212e-5,2.012e-5,1.065e-5,7.465e-6,6.258e-6
USA,USA.26_1,RICE,3.728083756862068,2.901225389551493,2.1933927322993294,1.6047664967266633,1.1206101048837644,1.479730897939039,69430.22231855839,58303.13819237445,48839.57632041555,66615.63631574741,67788.09455098075,63248.93023027475,5.37e-5,4.976e-5,4.491e-5,2.409e-5,1.653e-5,2.34e-5
USA,USA.43_1,RICE,0.02668978186501253,0.01906412990358038,0.01143847794214822,0.00381282598071607,0,0,1258.74177688098,1057.012253673719,885.4417143820918,1207.7144739565067,1228.9706663328614,1146.6774578164745,2.12e-5,1.804e-5,1.292e-5,3.157e-6,0,0
USA,USA.44_1,RICE,16.153389246041556,13.547518087847935,11.102504976342061,8.75996023752582,6.535968663337202,4.448639758838568,165287.57256213852,138798.1179198473,116268.89192326588,158587.0886426502,161378.27624310253,150572.21186687454,9.773e-5,9.761e-5,9.549e-5,5.524e-5,4.05e-5,2.954e-5
USA,USA.4_1,RICE,4.371213316508255,3.5340105614430453,2.86106477174414,2.2743189586204897,1.810742933510285,1.4452666387011526,389744.3723151888,327282.8350532136,274159.42771728913,373944.7821891543,380526.3396679736,355045.8833201306,1.122e-5,1.08e-5,1.044e-5,6.082e-6,4.759e-6,4.071e-6
USA,USA.5_1,RICE,113.05505439392076,98.7489162371689,90.4151880713878,94.32186914770128,88.03958815732834,79.32880287381215,708959.8865280041,595339.9666134121,498706.46139271284,680219.8291503856,692191.9333674229,645842.0108945474,1.595e-4,1.659e-4,1.813e-4,1.387e-4,1.272e-4,1.228e-4
UZB,UZB.10_1,RICE,0.005537816052871915,0.004940284490547329,0.004397272132303824,0.0038763119988927865,0.0033554745479514015,0.0028347597794796684,335.41368607259517,382.0193989500776,410.50410200249956,406.5349640413234,438.41254013128116,418.14927941429875,1.651e-5,1.293e-5,1.071e-5,9.535e-6,7.654e-6,6.779e-6
UZB,UZB.11_1,RICE,0.00307079302346678,0.00282512958158944,0.0025794661397121,0.00233380269783475,0.00208813925595741,0.00184247581408007,36.04638026580673,35.29770306942717,33.16765842977964,35.751666944482594,37.80655903745373,35.982345713516025,8.519e-5,8.004e-5,7.777e-5,6.528e-5,5.523e-5,5.12e-5
UZB,UZB.12_1,RICE,0,0,0,0,0,0,3.7601638040063454,4.282638353789303,4.601966854184497,4.5574707303993405,4.91483512174673,4.687673313320552,0,0,0,0,0,0
UZB,UZB.13_1,RICE,0,0,0,0,0,0,0.769345662164522,0.8762461987950274,0.9415821813186572,0.9324780833054878,1.0055963724614658,0.959118090920667,0,0,0,0,0,0
UZB,UZB.14_1,RICE,0.0029115575748187845,0.0016026407944045571,8.125902152653709e-4,3.3428502037112344e-4,1.6035539367231672e-4,5.345179789077224e-5,261.2917354748112,295.1772316516783,315.9012742621262,316.7167085104876,338.96353403603257,324.5781339848181,1.114e-5,5.429e-6,2.572e-6,1.055e-6,4.731e-7,1.647e-7
UZB,UZB.1_1,RICE,0.0014918642647384149,0.0013406494429082448,0.0011964134853109636,0.0010591563919465812,9.286198549353622e-4,8.048038742773138e-4,200.03431936743533,221.94177283340926,230.92522503547667,232.71010519077262,247.76510334967273,238.14692229974787,7.4580000000000004e-06,6.041e-6,5.181e-6,4.551e-6,3.748e-6,3.379e-6
UZB,UZB.2_1,RICE,0,0,0,0,0,0,0.08144212568467507,0.08142278374530279,0.08149019720391572,0.08180346484501831,0.08078253533030043,0.08110437515271325,0,0,0,0,0,0
UZB,UZB.3_1,RICE,1.712414375341254e-5,1.2231531252437527e-5,7.3389187514625165e-6,2.4463062504875058e-6,0,0,48.316500622405485,55.030075675407815,59.13331066523917,58.56155445869585,63.153534419399854,60.234602098814264,3.544e-7,2.223e-7,1.241e-7,4.177e-8,0,0
UZB,UZB.4_1,RICE,0,0,0,0,0,0,7.429087277631092,8.46135853840515,9.092267036897507,9.004354487246346,9.710411827197483,9.261600288948937,0,0,0,0,0,0
UZB,UZB.5_1,RICE,0.008134861846223898,2.320145899046836e-4,0,0,0,0,18.45185291275988,21.01573684063126,22.5827437124772,22.36439260490128,24.118048969119837,23.00332192664089,4.409e-4,1.104e-5,0,0,0,0
UZB,UZB.6_1,RICE,0.00314170152223986,0.00286851008552335,0.00259531864880684,0.00232212721209033,0.00204893577537382,0.00177574433865731,46.75317992569819,53.18634316569801,57.1186363970946,56.57249829612014,60.9670637757184,58.17179622551312,6.72e-5,5.393e-5,4.544e-5,4.105e-5,3.361e-5,3.053e-5
UZB,UZB.8_1,RICE,6.804117180043546e-4,3.997126120472938e-4,2.0758707448830698e-4,9.169007000226242e-5,2.0090350502333157e-5,0,122.94602928315632,139.95897369308784,150.30433976326597,148.89909950600125,160.53653119718558,153.1385176796027,5.534e-6,2.856e-6,1.381e-6,6.158e-7,1.251e-7,0
UZB,UZB.9_1,RICE,0.004086105005573668,0.00372799990861931,0.00337205588067316,0.00301629962651606,0.00266110817468628,0.0023062937513947807,181.60574753353234,206.83985597303257,222.2625593566571,220.11351685650374,237.37325095727883,226.40194965749228,2.25e-5,1.802e-5,1.517e-5,1.37e-5,1.121e-5,1.019e-5
VEN,VEN.12_1,RICE,314.2337167730059,303.58774412577435,288.82547812738267,274.5482578307671,269.46989179285913,257.293060563996,59998.561290042046,59998.561290042046,59998.561290042046,59998.561290042046,59998.561290042046,59998.561290042046,0.005237,0.00506,0.004814,0.004576,0.004491,0.004288
VEN,VEN.13_1,RICE,57.77756538816904,54.035918848915394,47.52024127764116,41.39848077527684,35.53724602369967,29.816553094181668,182910.90026169,182910.90026169,182910.90026169,182910.90026169,182910.90026169,182910.90026169,3.159e-4,2.954e-4,2.598e-4,2.263e-4,1.943e-4,1.63e-4
VEN,VEN.14_1,RICE,119.95326407054583,115.47252032328588,112.83901722839995,107.05209042007041,117.27254785698246,113.80323264101115,57000.69071037729,57000.69071037729,57000.69071037729,57000.69071037729,57000.69071037729,57000.69071037729,0.002104,0.002026,0.00198,0.001878,0.002057,0.001997
VEN,VEN.15_1,RICE,3.338014607859874,3.1341693582060564,3.5958022341397164,3.3568535411782703,3.1178432316650015,2.8801596300942607,7779.123832080729,7779.123832080729,7779.123832080729,7779.123832080729,7779.123832080729,7779.123832080729,4.291e-4,4.029e-4,4.622e-4,4.315e-4,4.008e-4,3.702e-4
VEN,VEN.16_1,RICE,13.621383798882343,12.823486838707316,11.948994209552293,11.17616877105908,10.819986014048927,10.061042309114088,578.178195209993,578.178195209993,578.178195209993,578.178195209993,578.178195209993,578.178195209993,0.02356,0.02218,0.02067,0.01933,0.01871,0.0174
VEN,VEN.17_1,RICE,52.83675970957416,51.84330647651513,50.870716563842365,51.29668085237695,64.00442758524471,61.378032829924294,11519.967930156217,11519.967930156217,11519.967930156217,11519.967930156217,11519.967930156217,11519.967930156217,0.004587,0.0045,0.004416,0.004453,0.005556,0.005328
VEN,VEN.18_1,RICE,0.21833748124840632,0.20514937138395975,0.1919612615195132,0.21532552163333996,0.20026293125718708,0.18520034088103424,436.88514886408325,436.88514886408325,436.88514886408325,436.88514886408325,436.88514886408325,436.88514886408325,4.998e-4,4.696e-4,4.394e-4,4.929e-4,4.584e-4,4.239e-4
VEN,VEN.19_1,RICE,43.88892456502615,38.94158876561954,33.30583373213394,28.796821574302466,25.10375435382837,22.842517087074878,74146.75619491094,74146.75619491094,74146.75619491094,74146.75619491094,74146.75619491094,74146.75619491094,5.919e-4,5.252e-4,4.492e-4,3.884e-4,3.386e-4,3.081e-4
VEN,VEN.1_1,RICE,0,0,0,0,0,0,0.6079815873753747,0.5963562030651858,0.521941737919587,0.6014985847652177,0.5648616163109043,0.5636026865694718,0,0,0,0,0,0
VEN,VEN.21_1,RICE,15.818090168649704,14.912201190608123,14.20643406682303,15.8044508691772,15.517035577847135,15.268947238071988,4462.067457050323,4384.036458357788,3884.5574839386163,4418.552752099581,4172.640947269921,4164.1908571579215,0.003545,0.003401,0.003657,0.003577,0.003719,0.003667
VEN,VEN.22_1,RICE,0.1436152420479338,0.13477722368629977,0.12599600138397318,0.1172147790816466,0.435997293850133,0.41052299800963954,1960.7148901864325,1960.7148901864325,1960.7148901864325,1960.7148901864325,1960.7148901864325,1960.7148901864325,7.325e-5,6.874e-5,6.426e-5,5.978e-5,2.224e-4,2.094e-4
VEN,VEN.24_1,RICE,17.845261807799105,18.544968266553685,17.42502598289473,18.02341274089855,17.724579584028675,21.31473868064942,3294.1940902880874,3294.1940902880874,3294.1940902880874,3294.1940902880874,3294.1940902880874,3294.1940902880874,0.005417,0.00563,0.00529,0.005471,0.005381,0.00647
VEN,VEN.25_1,RICE,0.9069308335268101,0.8573709920388809,0.7974721454787929,0.7335199153914175,0.6727193136870758,0.6149183539523383,3139.7034728272947,3116.6296206704405,2968.933138447823,3126.8361267019577,3054.1197354813035,3051.621034539071,2.889e-4,2.751e-4,2.686e-4,2.346e-4,2.203e-4,2.015e-4
VEN,VEN.2_1,RICE,1.3213731795583086,1.237661579689159,1.1551121851735013,1.0737738499350458,1.300005758314431,1.2076460664187854,338.8018485172651,338.8018485172651,338.8018485172651,338.8018485172651,338.8018485172651,338.8018485172651,0.0039,0.003653,0.003409,0.003169,0.003837,0.003564
VEN,VEN.3_1,RICE,9.9130871981753,9.371591820588625,9.073269269979164,8.641474884483072,8.38010520179862,9.00205441366919,4149.805152121057,4070.63364053841,3563.8542058123057,4105.654429655003,3856.14834065702,3847.5747427486726,0.002389,0.002302,0.002546,0.002105,0.002173,0.00234
VEN,VEN.4_1,RICE,0.01986039614332158,0.01796892984395761,0.01607746354459366,0.0141859972452297,0.01229453094586573,0.01040306464650178,60.02925617301509,60.02925617301509,60.02925617301509,60.02925617301509,60.02925617301509,60.02925617301509,3.308e-4,2.993e-4,2.678e-4,2.363e-4,2.048e-4,1.733e-4
VEN,VEN.5_1,RICE,3.9284791293571204,3.833597379411102,3.798949667233971,3.629845566161684,3.709847534761245,3.9285635104156773,4352.291413277294,4352.291413277294,4352.291413277294,4352.291413277294,4352.291413277294,4352.291413277294,9.026e-4,8.808e-4,8.729e-4,8.34e-4,8.524e-4,9.026e-4
VEN,VEN.6_1,RICE,0.439342074123761,0.36334668596504266,0.31159510805548296,0.28906307571856216,0.29929405179345425,0.2728824583744089,57.50090781564456,57.50807578468679,57.496918313097595,57.49077303625394,57.49562841744064,57.49437568057552,0.007641,0.006318,0.005419,0.005028,0.005206,0.004746
VEN,VEN.7_1,RICE,0.10768327137950308,0.09749811936473354,0.0879928972732728,0.07864734828770997,0.07069760618689026,0.06353354911803998,4.538305369503957,4.538305369503957,4.538305369503957,4.538305369503957,4.538305369503957,4.538305369503957,0.02373,0.02148,0.01939,0.01733,0.01558,0.014
VEN,VEN.8_1,RICE,13.572773859041796,11.882957372355808,10.24783396091701,8.678212222291277,7.205369413354249,5.8812394024050665,36876.85790646465,36876.85790646465,36876.85790646465,36876.85790646465,36876.85790646465,36876.85790646465,3.681e-4,3.222e-4,2.779e-4,2.353e-4,1.954e-4,1.595e-4
VEN,VEN.9_1,RICE,0.13190065599233086,0.12097432168134699,0.11004798737036309,0.09912165305937921,0.1811570439365995,0.16546344166724622,15.349078331453462,15.349078331453462,15.349078331453462,15.349078331453462,15.349078331453462,15.349078331453462,0.008593,0.007882,0.00717,0.006458,0.0118,0.01078
VNM,VNM.10_1,RICE,14.593361916225986,14.509875331743288,14.080235428106361,15.288640833383226,15.743321152358282,18.358996471562744,16641.279686022168,17106.309308123513,16640.36577501728,17013.13877855066,17037.919771670837,16978.022758393457,8.769e-4,8.482e-4,8.461e-4,8.986e-4,9.24e-4,0.001081
VNM,VNM.11_1,RICE,7.070662702906976,5.984808146314899,4.94428584625033,3.8937113111574413,3.016415964824853,2.337288630567672,341297.4514132267,349978.3613564245,340465.84243912087,347144.36042315885,346767.8613278306,346061.882004123,2.072e-5,1.71e-5,1.452e-5,1.122e-5,8.699e-6,6.754e-6
VNM,VNM.12_1,RICE,0.8732439157665123,0.6553763754172872,0.4716431508722973,0.3456148940685774,0.27885620479008616,0.2232449553383948,117992.33529364136,120993.47354542265,117704.83392350338,120013.71120920902,119883.5490667442,119639.4800040297,7.401e-6,5.417e-6,4.007e-6,2.88e-6,2.326e-6,1.866e-6
VNM,VNM.13_1,RICE,199.3824504103097,190.85981411832898,172.91494471360394,186.72886914074223,162.77775289022927,184.10678191410798,112318.35038823697,115175.17067989601,112044.67430963497,114242.52290152824,114118.6199625088,113886.287629763,0.001775,0.001657,0.001543,0.001634,0.001426,0.001617
VNM,VNM.14_1,RICE,26.115017445790766,23.469132388918975,22.186429021637856,20.56561455609761,18.315754956386535,18.621458580851062,40280.02178824778,41301.01140533295,40179.57530653816,40963.06395799833,40919.65382263991,40836.65424721738,6.483e-4,5.682e-4,5.522e-4,5.021e-4,4.476e-4,4.56e-4
VNM,VNM.15_1,RICE,26.72479652603926,27.577138393614188,26.786932728528743,25.680502673287215,27.560548795742623,26.912015306111126,451515.97591693007,463002.027005816,450417.44931800605,459254.67921805906,458758.38075921836,457823.35726533557,5.919e-5,5.956e-5,5.947e-5,5.592e-5,6.008e-5,5.878e-5
VNM,VNM.16_1,RICE,9.63295962387842,8.618753912380193,7.631929286965691,6.944487903343613,6.324366282122492,5.997368444044488,46522.031003183525,47705.941064113824,46409.26428959256,47320.30958687718,47269.63070922954,47173.02033337199,2.071e-4,1.807e-4,1.644e-4,1.468e-4,1.338e-4,1.271e-4
VNM,VNM.17_1,RICE,20.15202743373583,19.217138120457925,18.922862982935218,18.335342582305824,17.758288595413003,17.00038795294101,140439.10761346816,144011.1801286523,140096.91220086493,142845.0285491561,142690.1044594911,142399.603883514,1.435e-4,1.334e-4,1.351e-4,1.284e-4,1.245e-4,1.194e-4
VNM,VNM.18_1,RICE,24.175797477724156,20.885870343724044,17.692627721725437,14.597477769138692,11.599215696791877,8.740770700767735,492526.8769598673,508391.0124901375,494493.7778758297,507897.9697507474,510801.6490809804,507747.32250135334,4.909e-5,4.108e-5,3.578e-5,2.874e-5,2.271e-5,1.721e-5
VNM,VNM.19_1,RICE,0.3969149283744111,0.3040160792816351,0.2156749334823603,0.12733378768308545,0.04466385594186416,0.00587703189964593,594.475592024012,609.5960948476367,593.0270865190132,604.6598013721841,604.0040111760809,602.7743287548382,6.677e-4,4.987e-4,3.637e-4,2.106e-4,7.395e-5,9.75e-6
VNM,VNM.1_1,RICE,11.642027879816476,9.867830822077474,8.197662409868913,6.639128450789546,5.1578657070751115,7.295679583767609,598690.5811385222,616446.4052391031,599631.3389518063,614200.2243826992,616151.4717684428,613370.8163071777,1.945e-5,1.601e-5,1.367e-5,1.081e-5,8.371e-6,1.189e-5
VNM,VNM.20_1,RICE,172.31153438832342,154.82877144919127,133.40006306786617,114.44841137216422,99.74985509720541,85.70209148833952,98704.36865090836,101173.97148261493,98467.77739851779,100367.71922085756,100260.61343648027,100059.77187644286,0.001746,0.00153,0.001355,0.00114,9.949e-4,8.565e-4
VNM,VNM.21_1,RICE,36.849992114427934,35.58905771240377,34.154032477734596,32.5887841260481,30.439939090776356,30.05565839839109,204163.85809191508,209417.83220397626,203724.34557583465,207788.35405931846,207626.21199479693,207166.64608026724,1.805e-4,1.699e-4,1.676e-4,1.568e-4,1.466e-4,1.451e-4
VNM,VNM.22_1,RICE,0.28124648291287463,0.24916211323937373,0.21870201698584124,0.1882419207323087,0.15859421655508055,0.12975890445415683,25541.546026244665,26191.195942895873,25479.311225486526,25979.10890569211,25950.932987787222,25898.09988482853,1.101e-5,9.513e-6,8.584e-6,7.246e-6,6.111e-6,5.01e-6
VNM,VNM.23_1,RICE,1.3626946291086264,1.2157133620867984,1.078185969117482,0.940658576148166,0.8031311831788496,0.6656037902095334,6407.734740635975,6570.715647739242,6392.121586503303,6517.508317418176,6510.439684696298,6497.185181271324,2.127e-4,1.85e-4,1.687e-4,1.443e-4,1.234e-4,1.024e-4
VNM,VNM.24_1,RICE,15.988455178698675,14.482915016277081,14.473137902802458,19.22661883329832,18.35203761899905,21.050129271508368,309803.0065319943,317682.8544145383,309048.1372548574,315110.3710689854,314768.6147763254,314127.7822235818,5.161e-5,4.559e-5,4.683e-5,6.102e-5,5.83e-5,6.701e-5
VNM,VNM.25_1,RICE,3.656332728558689,3.5693069118064433,3.649880526720287,3.7687761742249095,7.657460240916045,7.212001007909404,28618.124951245452,29346.027736385662,28548.39372579096,29108.39398762981,29076.82417042338,29017.627113969545,1.278e-4,1.216e-4,1.278e-4,1.295e-4,2.634e-4,2.485e-4
VNM,VNM.26_1,RICE,25.23508817742369,23.09257690542497,21.347324829864178,21.225988647880826,22.072098821577637,20.471666342312833,81504.7347794604,83577.33470510683,81305.83021951294,82900.08348467163,82810.31005461086,82641.7592597216,3.096e-4,2.763e-4,2.626e-4,2.56e-4,2.665e-4,2.477e-4
VNM,VNM.27_1,RICE,11.281062845402323,10.6429087619155,19.55184157616015,20.883331171488347,21.607786884722803,20.464753357863298,84500.35435104147,86649.62315821332,84294.4598953329,85947.965170143,85854.7493935928,85679.95903764149,1.335e-4,1.228e-4,2.319e-4,2.43e-4,2.517e-4,2.389e-4
VNM,VNM.28_1,RICE,0.02567441761751828,0.02265389789781025,0.01963337817810222,0.01661285845839418,0.01359233873868615,0.01057181901897811,4547.629677161769,4663.29876147221,4536.548874668875,4625.537018172172,4620.520342975069,4611.113497097195,5.646e-6,4.858e-6,4.328e-6,3.592e-6,2.942e-6,2.293e-6
VNM,VNM.29_1,RICE,77.62285655551757,71.46259574452029,66.25483473808619,63.082789439008636,57.384099569446086,51.587486348803566,68813.2351058383,70563.5016090904,68645.56405053356,69992.1033413815,69916.1926638869,69773.85136898127,0.001128,0.001013,9.652e-4,9.013e-4,8.208e-4,7.394e-4
VNM,VNM.2_1,RICE,33.77939369589171,30.369912479424084,27.445436455582747,24.293552883870436,20.787409612618802,19.34300097512397,63739.469655675864,65360.68479694623,63584.16139084434,64831.41709880765,64761.10349827328,64629.25736964073,5.3e-4,4.647e-4,4.316e-4,3.747e-4,3.21e-4,2.993e-4
VNM,VNM.30_1,RICE,4.994095075010761,6.256914468548861,6.190941619110086,5.688351041101456,5.597071338344961,5.101565012273558,36565.136909198925,37495.17215925749,36476.04191048977,37191.549522473746,37151.21303326217,37075.577453448896,1.366e-4,1.669e-4,1.697e-4,1.529e-4,1.507e-4,1.376e-4
VNM,VNM.31_1,RICE,0.720584360648792,1.1720722049691084,1.0738539969465315,0.9756357889239549,0.8774175809013781,0.7791993728788014,10900.339865564034,11177.590305997717,10873.779982343483,11087.078134799227,11075.053526701036,11052.505996578533,6.611e-5,1.049e-4,9.876e-5,8.8e-5,7.922e-5,7.05e-5
VNM,VNM.32_1,RICE,39.538664141960425,40.98366102591334,38.93677583565117,36.18461057983719,35.70291149511909,32.71592813143268,127080.68273132507,130312.98334693984,126771.03659785038,129257.75491798633,129117.56704994358,128854.69859288521,3.111e-4,3.145e-4,3.071e-4,2.799e-4,2.765e-4,2.539e-4
VNM,VNM.33_1,RICE,91.38742355330452,82.89939856113654,74.49579969884641,66.94222535459812,61.77706596314885,77.96606968804397,523923.1988790495,537969.8987886739,523330.64659053506,534396.3033684653,534562.8663889806,533039.4662317818,1.744e-4,1.541e-4,1.423e-4,1.253e-4,1.156e-4,1.463e-4
VNM,VNM.34_1,RICE,57.92238436366905,54.176809247982376,49.292045375439166,44.481180105084135,40.47389932809177,36.619260717385636,51278.725343061575,52591.013198796405,51161.47692466249,52173.976434890494,52125.78182088232,52014.77604426854,0.00113,0.00103,9.635e-4,8.526e-4,7.765e-4,7.04e-4
VNM,VNM.35_1,RICE,183.78981919439238,208.7659542095624,266.4660646789764,286.6568405277588,385.422412737438,409.74180676471406,37504.70439858806,38454.901403158634,37410.88860561991,38139.79997475021,38099.5100594099,38022.2696130096,0.0049,0.005429,0.007123,0.007516,0.01012,0.01078
VNM,VNM.36_1,RICE,18.746996859033707,16.485172883912476,14.065234926005223,13.005928349708364,11.801503060958147,9.96179281969967,52779.12561847941,54121.218045233625,52650.29822973617,53682.62018483409,53624.49770389181,53515.3545922148,3.552e-4,3.046e-4,2.671e-4,2.423e-4,2.201e-4,1.861e-4
VNM,VNM.37_1,RICE,35.22327270738909,30.94477095597105,26.4188837765124,22.6574554709837,20.128823168092183,18.431846594663376,71244.55487890306,73056.66206659537,71070.95964416531,72465.07506768616,72386.48230249585,72239.11178313514,4.944e-4,4.236e-4,3.717e-4,3.127e-4,2.781e-4,2.552e-4
VNM,VNM.38_1,RICE,51.88064326822882,45.13351588724833,38.51057127305838,32.774645832711705,26.75353503162809,20.936185846378308,64488.66638834055,66109.36956383272,64318.79823734864,65554.62297481325,65489.15526203713,65357.53302093064,8.045e-4,6.827e-4,5.987e-4,5e-4,4.085e-4,3.203e-4
VNM,VNM.39_1,RICE,177.21734205516782,160.39624414224068,145.0533677239151,139.31209311556336,142.34713685706916,205.70007182968834,879727.3544658149,906101.8452599254,881379.0350849344,903107.1189579655,906267.4434239101,902008.3994033278,2.014e-4,1.77e-4,1.646e-4,1.543e-4,1.571e-4,2.28e-4
VNM,VNM.3_1,RICE,0.7459560375344665,0.5473754340361541,0.4109575614829514,0.27145915039292323,0.30190439916451783,0.27723407288258306,47568.74029643878,48778.65249740855,47452.83380152173,48383.66022941426,48331.18521791518,48232.78850570698,1.568e-5,1.122e-5,8.66e-6,5.611e-6,6.247e-6,5.748e-6
VNM,VNM.40_1,RICE,0.01778688055456091,0.00716209045099977,0.00631949157441156,0.00547689269782335,0.00463429382123514,0.00379169494464694,14391.501151235318,14757.549373757905,14356.434667560548,14638.047960768115,14622.172110709993,14592.403056743093,1.236e-6,4.853e-7,4.402e-7,3.742e-7,3.169e-7,2.598e-7
VNM,VNM.41_1,RICE,11.59163843753635,11.359608834331997,11.34431795324194,10.600640456827046,10.152618354457761,9.808979585178799,79808.0734472872,81835.59471392064,79613.84209463457,81173.68286372829,81085.74739064525,80920.85821405126,1.452e-4,1.388e-4,1.425e-4,1.306e-4,1.252e-4,1.212e-4
VNM,VNM.42_1,RICE,0.5273134881080911,0.5846735745980309,0.5412617880604095,1.420064872996652,1.3327481795145757,2.7379840034897853,49987.98496749061,51259.43072235303,49866.183715461615,50844.34999009635,50789.20621143755,50685.805252318976,1.055e-5,1.141e-5,1.085e-5,2.793e-5,2.624e-5,5.402e-5
VNM,VNM.43_1,RICE,5.37754093218461,5.050804193603699,4.329551851582139,3.547169407321612,2.8456536837880733,2.099110317724343,62981.67444532929,64583.61504484974,62828.212632309376,64060.63978260381,63991.162136776875,63860.883519849696,8.538e-5,7.821e-5,6.891e-5,5.537e-5,4.447e-5,3.287e-5
VNM,VNM.44_1,RICE,2.261554414256696,2.181029494112755,2.510870408558514,2.194507663522775,2.019683726821295,1.9142295340106121,79120.63169032364,81133.06710555629,78927.84552365832,80476.08023641186,80388.79905066066,80225.13673844369,2.858e-5,2.688e-5,3.181e-5,2.727e-5,2.512e-5,2.386e-5
VNM,VNM.45_1,RICE,5.554320362781582,5.588468324865895,6.304385036304951,6.649241545816775,9.054487807864895,8.957444850677343,119436.48985240991,122474.36021460345,119145.46964002424,121482.60618214251,121350.85093406664,121103.79461418244,4.65e-5,4.563e-5,5.291e-5,5.473e-5,7.461e-5,7.397e-5
VNM,VNM.46_1,RICE,78.31615154839497,82.32811551483334,78.27861451627498,75.63763535973733,70.5499761797911,70.09945983620003,38222.18058797484,39194.36278899316,38129.04801914013,38876.980707734605,38834.8162662679,38755.75306468116,0.002049,0.002101,0.002053,0.001946,0.001817,0.001809
VNM,VNM.47_1,RICE,7.701750696619729,7.632295975604951,7.107437000336272,6.726967658334224,6.174349510809371,5.648023269809127,23523.846360739608,24121.80481315653,23466.563470071906,23926.593156395644,23900.659145116646,23852.029876226086,3.274e-4,3.164e-4,3.029e-4,2.812e-4,2.583e-4,2.368e-4
VNM,VNM.48_1,RICE,4.207683871542709,3.648779636255437,3.108833254863117,2.583650599141236,2.087569626217262,1.6341949004832805,55681.169928804025,57097.421997732046,55545.49660218008,56635.067277853115,56573.64311538659,56458.4657106717,7.557e-5,6.39e-5,5.597e-5,4.562e-5,3.69e-5,2.895e-5
VNM,VNM.49_1,RICE,265.82922075940616,283.4874804227941,310.12779337599625,322.9133546636564,367.25688053523396,398.6679375147272,27084.836444358487,27764.77909403485,27013.00964834258,27531.058213971566,27503.777434692103,27448.56422064528,0.009815,0.01021,0.01148,0.01173,0.01335,0.01452
VNM,VNM.4_1,RICE,45.60192035583311,46.45647641419032,46.01672032030268,45.92302121277844,43.80016309290029,43.430283179779046,50115.80126660875,51390.49803250956,49993.68857603562,50974.355963552334,50919.07118553715,50815.40583632707,9.099e-4,9.04e-4,9.205e-4,9.009e-4,8.602e-4,8.547e-4
VNM,VNM.50_1,RICE,32.70437939524751,30.891812512183563,29.14270182034528,28.049227781621102,27.136816244827592,26.131634217001782,77531.84640323922,79502.81652458989,77343.03250569451,78859.36656371068,78773.8837661165,78613.59363957173,4.218e-4,3.886e-4,3.768e-4,3.557e-4,3.445e-4,3.324e-4
VNM,VNM.51_1,RICE,11.273029436535872,10.23609603181501,9.776937580962244,10.487119155760888,9.90353581640229,12.282597130949675,218822.51258475796,224388.2691335598,218289.32733989786,222571.25232808152,222329.86031743366,221877.22239468654,5.152e-5,4.562e-5,4.479e-5,4.712e-5,4.454e-5,5.536e-5
VNM,VNM.52_1,RICE,240.03046299617847,211.0774983579824,181.07730646953635,154.59718215119085,127.33421704713929,102.67283000605924,91336.64177662789,93649.99238075536,91115.02870435393,92894.76766192215,92794.4355060387,92606.30111624698,0.002628,0.002254,0.001987,0.001664,0.001372,0.001109
VNM,VNM.53_1,RICE,13.16615992903005,13.722923959126861,14.95293957227422,19.867946335560053,46.115528731401945,49.34311351952881,492730.2266492393,505541.5025838023,491794.1311566174,501750.4470585139,501494.777805321,500305.557471275,2.672e-5,2.714e-5,3.04e-5,3.96e-5,9.196e-5,9.863e-5
VNM,VNM.54_1,RICE,1.3178042549745395,1.4174672161696054,1.2836002960188313,1.353459134246373,1.3173064664511767,1.67925019509714,27985.07129665499,28696.865073900357,27916.883272963554,28464.490329523847,28433.61917489297,28375.732191527513,4.709e-5,4.939e-5,4.598e-5,4.755e-5,4.633e-5,5.918e-5
VNM,VNM.55_1,RICE,0.6572556822829174,0.5077231450991969,0.3945539472858536,0.28138474947251035,0.19424889843559714,0.1331463941751139,30113.596834962224,30879.53698806805,30040.22172692416,30629.48542401185,30596.26589096671,30533.97542662273,2.183e-5,1.644e-5,1.313e-5,9.187e-6,6.349e-6,4.361e-6
VNM,VNM.56_1,RICE,9.19315578150142,9.014829884425453,8.934388644723855,8.48368501566385,8.297997683461384,8.573740898147552,54848.43680132354,56243.50828054472,54714.79252103141,55788.068251797136,55727.5627111013,55614.10782839099,1.676e-4,1.603e-4,1.633e-4,1.521e-4,1.489e-4,1.542e-4
VNM,VNM.57_1,RICE,12.221913199315019,11.53634289861552,10.915968609627088,10.29312951948082,9.740552253725243,9.011180573080894,192288.56501104237,197177.70191209158,191820.19819821412,195581.57677877022,195369.53038821602,194971.91889523875,6.356e-5,5.851e-5,5.691e-5,5.263e-5,4.986e-5,4.622e-5
VNM,VNM.58_1,RICE,9.48134931262652,8.866408878971598,8.110468192003998,17.860703631655237,17.65111299225454,16.55678838563893,163383.4463365555,167539.10873011875,162985.34450593469,166182.43630997417,166002.20138737917,165664.24007394986,5.803e-5,5.292e-5,4.976e-5,1.075e-4,1.063e-4,9.994e-5
VNM,VNM.59_1,RICE,3.304987632591732,1.493565594197976,0.8470903797753697,0.5776523348796747,0.4157272757797242,0.7620050554409268,138193.9817130943,141708.94939004545,137857.25679796774,140561.44046044484,140408.9930604442,140123.13656387123,2.392e-5,1.054e-5,6.145e-6,4.11e-6,2.961e-6,5.438e-6
VNM,VNM.5_1,RICE,0.014400598820800107,0.00461166087360959,0,0,0,0,10298.941036750499,10560.894881644843,10273.846528266815,10475.3764917801,10464.015311182004,10442.711784308533,1.398e-6,4.367e-7,0,0,0,0
VNM,VNM.60_1,RICE,41.188744335861855,45.96421402066472,52.79907393492544,51.24976883262651,59.512246988901694,61.77969788367954,40618.968506162906,41652.113072955064,40519.995898577414,41314.82899955195,41270.020563882674,41185.99956754373,0.001014,0.001104,0.001303,0.00124,0.001442,0.0015
VNM,VNM.61_1,RICE,0.19359365492596178,0.13281552439219277,0.09850213887851372,0.06534046330387899,0.06436369685993983,0.045279222477751915,127994.57988417824,131250.1254986889,127682.70693925045,130187.30842419065,130046.11239904081,129781.35353087258,1.513e-6,1.012e-6,7.715e-7,5.019e-7,4.949e-7,3.489e-7
VNM,VNM.62_1,RICE,0.4949843446927411,0.4392377528160358,0.4024261097849871,0.40607970471339916,0.3680358798541375,0.33130752548263176,48424.33153470993,49656.00572205512,48306.34029714693,49253.908958091946,49200.4901091108,49100.32359252444,1.022e-5,8.846e-6,8.331e-6,8.245e-6,7.48e-6,6.748e-6
VNM,VNM.63_1,RICE,90.14733417088618,87.81863700615946,83.49876514982041,78.2171749583551,71.91196234914199,69.25449257078193,87700.40706560337,89931.06930045411,87486.71532765895,89202.83932263698,89106.09343782772,88924.6837208413,0.001028,9.765e-4,9.544e-4,8.768e-4,8.07e-4,7.788e-4
VNM,VNM.6_1,RICE,0.07580712493834135,0.05830731762871268,0.040807510319084,0.1544569052818958,0.13170250183322554,0.1379680355050373,7484.750111616027,7675.124933922011,7466.512690457485,7612.974487987687,7604.717755820151,7589.235428600776,1.013e-5,7.597e-6,5.465e-6,2.029e-5,1.732e-5,1.818e-5
VNM,VNM.7_1,RICE,1.3024879362141297,1.406608851768121,1.8173442179942794,1.755239115943394,1.7804902497065151,1.761557610224337,82622.8804790822,84724.39568734582,82421.56069603557,84038.32751010849,83947.18285132191,83776.27608058024,1.576e-5,1.66e-5,2.205e-5,2.089e-5,2.121e-5,2.103e-5
VNM,VNM.8_1,RICE,5.5415410452136635,5.888522048701537,5.3615968648138335,5.153639600083901,4.5488101624695485,4.022421459470685,126549.07113218242,129767.8501923393,126240.72032914383,128717.03605878081,128577.43463310767,128315.6658232798,4.379e-5,4.538e-5,4.247e-5,4.004e-5,3.538e-5,3.135e-5
VNM,VNM.9_1,RICE,1.9994071481205231,2.2279674286856688,2.170531561020861,2.240887900052622,2.458216725922695,2.5042218277758117,8460.279493420638,8675.466932039235,8439.66508706911,8605.216070567043,8595.883192274787,8578.382966678579,2.363e-4,2.568e-4,2.572e-4,2.604e-4,2.86e-4,2.919e-4
XCA,NA,RICE,0,0,0,0,0,0,54.554296399190264,54.553747729106355,54.55299847806158,54.55355531068317,54.55384307675528,54.5535395358878,0,0,0,0,0,0
XKO,XKO.7_1,RICE,0,0,0,0,0,0,0.12619026925792884,0.12259554696530622,0.12271838819473037,0.1292871613049904,0.1203068209012983,0.12300362121923471,0,0,0,0,0,0
Z01,Z01.14_1,RICE,1.6466602245358335,1.1758413403014916,0.7117333678405684,0.2560738374595108,0.02224195845123722,0.013213942737330935,2827.018625632228,3030.1554482780166,2948.94498994422,3222.635396693899,3362.2491268207204,3263.2129389566785,5.825e-4,3.88e-4,2.414e-4,7.946e-5,6.615e-6,4.049e-6
Z06,Z06.1_1,RICE,0,0,0,0,0,0,445.69898068900244,493.4994772756763,387.5959127583809,521.9026407239026,514.716765016741,508.60431381018515,0,0,0,0,0,0
Z07,Z07.3_1,RICE,159.42143399676524,151.448267689197,167.28916213611325,160.2239017965388,154.6206439175052,152.114341808719,76408.8406915503,81652.62200327723,80913.15349887221,86885.35269913317,91115.29552464045,88289.99956162204,0.002086,0.001855,0.002068,0.001844,0.001697,0.001723
ZAF,ZAF.1_1,RICE,0,0,0,0,0,0,1.5244756026693804e-5,1.5248863911384183e-5,1.5249309344663864e-5,1.525237788503499e-5,1.5255396932819487e-5,1.5253208741833088e-5,0,0,0,0,0,0
ZAF,ZAF.2_1,RICE,0.006477787634699835,0.005564487813865839,0.0046511879930318445,0.0037378881721978493,0.0028245883513638545,0.0019112885305298595,63.28342542383506,63.30047791152317,63.3023269764532,63.31506497930456,63.32759753049703,63.31851399902835,1.024e-4,8.791e-5,7.348e-5,5.904e-5,4.46e-5,3.019e-5
ZAF,ZAF.3_1,RICE,1.526745011705532e-4,9.765402885710523e-5,4.5154136763065474e-5,1.0939086255604875e-5,1.4994802247775545e-6,1.0710573034125392e-6,0.04350449176979691,0.04351621458355602,0.04351748573203592,0.04352624253267525,0.04353485809459459,0.04352861357768715,0.003509,0.002244,0.001038,2.513e-4,3.444e-5,2.461e-5
ZAF,ZAF.4_1,RICE,0.3939251627926237,0.36506336314384374,0.33205065981350557,0.30570069970678665,0.28386343398488034,0.2585770823720693,233.449951424279,233.5114078698016,233.51807182172575,233.56397904609204,233.60914583135565,233.57640916752874,0.001687,0.001563,0.001422,0.001309,0.001215,0.001107
ZAF,ZAF.5_1,RICE,0.028650032688905938,0.031013276940613586,0.03161841743826512,0.04264398854648414,0.041044640157694615,0.03855640965610145,13.15653167263412,199.26663595843763,36.934221726821825,36.934221726821825,5.036484780930249,34.844497394650766,0.002178,1.556e-4,8.561e-4,0.001155,0.008149,0.001107
ZAF,ZAF.6_1,RICE,0.0011703351086562416,0.0010168251125165014,0.005638602644285239,0.00525028123745207,0.004873488990927698,0.004504048088584827,6.733047063780699,6.7331676260396,6.733180699055626,6.733270757610467,6.733359363607973,6.733295142416749,1.738e-4,1.51e-4,8.374e-4,7.798e-4,7.238e-4,6.689e-4
ZAF,ZAF.7_1,RICE,1.6220494253028195e-4,1.241141398589662e-4,8.602333718765047e-5,6.108094903914159e-5,4.928697541343961e-5,3.883365153142299e-5,0.19578492859514882,0.1958376852223703,0.19584340582050278,0.19588281438541522,0.19592158732831297,0.19589348488998767,8.285e-4,6.338e-4,4.392e-4,3.118e-4,2.516e-4,1.982e-4
ZAF,ZAF.8_1,RICE,0,0,0,0,0,0,0.0016229935327598992,0.0016234308680819032,0.0016234782899842899,0.0016238049742007263,0.0016241263893168984,0.0016238934292214303,0,0,0,0,0,0
ZMB,ZMB.10_1,RICE,15.480496446857675,14.736629685690472,16.15639067146385,15.621501468892307,17.892335113121902,17.1254908572572,6289.929503709434,11965.22282115606,11312.0903018854,11384.96532714564,4462.289815775036,7053.979500800246,0.002461,0.001232,0.001428,0.001372,0.00401,0.002428
ZMB,ZMB.1_1,RICE,0.02036822377499456,0.01633860571560014,0.012554744382774615,0.008992327459752241,0.007811321974205551,0.005517472314098551,33.283235178719195,62.969364521410085,59.58775999937162,60.00106231987192,23.861641351900094,37.37738285533956,6.12e-4,2.595e-4,2.107e-4,1.499e-4,3.274e-4,1.476e-4
ZMB,ZMB.2_1,RICE,0.04907733210860607,0.04189739752663341,0.03471976184138313,0.027542912016891172,0.03746996891455154,0.04089408519384943,77.6631572674521,146.70656915514905,138.864763456537,139.8481405380964,55.843425230001124,87.25081744799853,6.319e-4,2.856e-4,2.5e-4,1.969e-4,6.71e-4,4.687e-4
ZMB,ZMB.3_1,RICE,1.1180104242206121,1.0643362810022794,1.2109337101582753,1.1850496853608212,1.0908977111089806,1.01992470027225,2212.2739516369143,4038.666299785143,3804.7854626188937,3810.164115742525,1602.9684471943337,2433.141327440189,5.054e-4,2.635e-4,3.183e-4,3.11e-4,6.805e-4,4.192e-4
ZMB,ZMB.4_1,RICE,0.22826032853957468,0.20142804841951936,0.17459576829946405,0.14909312590727156,0.12607574451971976,0.10589732484329147,3791.7215637874942,7129.339192901642,6753.661594652385,6804.462756289546,2750.6293853379543,4264.869749898854,6.02e-5,2.825e-5,2.585e-5,2.191e-5,4.584e-5,2.483e-5
ZMB,ZMB.5_1,RICE,0.7737119006110131,0.6706474462877063,0.5679986541072253,0.4658285853318002,0.3636737424104631,0.2616963246625348,0.03511016743627769,0.06678989690640236,0.0631440813457685,0.06354953019966332,0.024906472667484976,0.03937373366100704,22.04,10.04,8.995,7.33,14.6,6.646
ZMB,ZMB.6_1,RICE,0.7395380664295111,0.6795605842700787,0.6361955423516825,0.5806438267082962,0.5292545752415098,0.4662161138483447,6320.796442875399,11821.73535679805,11180.074847647791,11227.864820798784,4521.847271522256,7034.224693220954,1.17e-4,5.748e-5,5.69e-5,5.171e-5,1.17e-4,6.628e-5
ZMB,ZMB.7_1,RICE,15.769120485205901,15.585046222382093,18.715096379003914,19.839396925869508,30.402733194278422,30.182295803917217,573.4850733447798,1044.6690786986721,995.1053564222664,1005.6212475919233,440.5013307467859,650.1663882528768,0.0275,0.01492,0.01881,0.01973,0.06902,0.04642
ZMB,ZMB.8_1,RICE,8.483032465202792,9.0702645931234,9.41338151948555,25.67863894635628,29.449051887430176,32.853205252487605,5752.176097696843,10922.07495519814,10327.290482387905,10391.131224429879,4084.401176341029,6445.557927312015,0.001475,8.305e-4,9.115e-4,0.002471,0.00721,0.005097
ZMB,ZMB.9_1,RICE,0.1364570858568041,0.09771042529661196,0.05992470156206929,0.023840098595310798,0.003189709114966435,6.185161852468895e-4,5.60451613070041,10.661443163411883,10.079474075505498,10.144194491491882,3.9757351791930757,6.285094647569435,0.02435,0.009165,0.005945,0.00235,8.023e-4,9.841e-5
ZWE,ZWE.10_1,RICE,0.18574632432007795,0.21475883645342367,0.2067681699747745,0.2026899748952462,0.20087819449823063,0.21360494949899028,40.68216990736237,616.1653650552594,114.20671656285582,114.20671656285582,15.573643167662159,107.74494362327748,0.004566,3.485e-4,0.00181,0.001775,0.0129,0.001983
ZWE,ZWE.2_1,RICE,0,0,0,0,0,0,7.649625135326846,115.85994736213786,21.474728895526926,21.474728895526926,2.9283721221173082,20.25969683578353,0,0,0,0,0,0
ZWE,ZWE.3_1,RICE,5.907111496989663,5.751928370903095,12.294506462669599,12.690923212883169,12.306560858332812,12.951414272106692,81.65757103332172,1220.5258853857483,227.6011897179249,227.04447955395128,31.937873750688844,214.33840042877898,0.07234,0.004713,0.05402,0.0559,0.3853,0.06043
ZWE,ZWE.4_1,RICE,0.010759702739004019,0.009945568219519746,0.009232208538916787,0.008657076274401918,0.0081115589444325,0.007542051750158178,32.292888971932214,489.09796719464117,90.65508023893464,90.65491757087335,12.362319765780633,85.52573744434261,3.332e-4,2.033e-5,1.018e-4,9.549e-5,6.562e-4,8.818e-5
ZWE,ZWE.5_1,RICE,0.1733845909650792,0.2020409500054596,0.19339412568244507,0.189598508042115,0.17938553641940513,0.16970815031126615,9.447611484117463,143.09194893652906,26.522200989267247,26.522200989267247,3.616663771263716,25.021584862577516,0.01835,0.001412,0.007292,0.007149,0.0496,0.006782
ZWE,ZWE.6_1,RICE,0.06786543957505642,0.0630231341513908,0.06488846700845877,0.061382729511615684,0.06143607924554081,0.0714867136079124,155.4132262340395,2353.8628223363903,436.29025489660046,436.29025489660046,59.494125667718244,411.6051168614746,4.367e-4,2.677e-5,1.487e-4,1.407e-4,0.001033,1.737e-4
ZWE,ZWE.7_1,RICE,0.5080325790799564,0.5657869802270946,0.6287135862054055,0.6162138463419168,0.6707584552624034,0.7715438442804575,667.6336667777684,10111.868244738285,1874.2424291313393,1874.2424291313393,255.57851306336448,1768.1984995336875,7.609e-4,5.595e-5,3.354e-4,3.288e-4,0.002624,4.363e-4
ZWE,ZWE.8_1,RICE,3.152444553694722e-4,2.2216943997748742e-4,1.3073607459794816e-4,4.964323081684249e-5,7.034956442304341e-6,0,0.015444490462476004,0.2339196784629178,0.04335718937122169,0.04335718937122169,0.005912344005166595,0.0409040559527424,0.02041,9.498e-4,0.003015,0.001145,0.00119,0
ZWE,ZWE.9_1,RICE,0.054355367598809524,0.06879933876505771,0.06459369037573667,0.06038804198641561,0.05618239359709454,0.0519767452077735,13.532782375492689,204.965266395483,37.99046718953416,37.99046718953416,5.1805182531182945,35.84098088754278,0.004017,3.357e-4,0.0017,0.00159,0.01084,0.00145
