GID_0,GID_1,crop_type,LD_2020,LD_2021,LD_2022,LD_2023,LD_2024,LD_2025,production_2020,production_2021,production_2022,production_2023,production_2024,production_2025,EF_2020,EF_2021,EF_2022,EF_2023,EF_2024,EF_2025
AFG,AFG.19_1,SMIL,3.067991706551023e-4,2.793696109964779e-4,2.519400513378534e-4,2.2499053420251116e-4,1.9852105959045104e-4,1.7205158497839086e-4,0.27202320823557896,0.27202320823557896,0.27202320823557896,0.27202320823557896,0.27202320823557896,0.27202320823557896,0.001128,0.001027,9.262e-4,8.271e-4,7.298e-4,6.325e-4
AFG,AFG.22_1,SMIL,0,0,0,0,0,0,0.006085050307193323,0.006085050307193323,0.006085050307193323,0.006085050307193323,0.006085050307193323,0.006085050307193323,0,0,0,0,0,0
AFG,AFG.29_1,SMIL,7.267572335206946e-5,2.422524111735649e-5,0,0,0,0,6.106902810590259e-4,6.106902810590259e-4,6.106902810590259e-4,6.106902810590259e-4,6.106902810590259e-4,6.106902810590259e-4,0.119,0.03967,0,0,0,0
AFG,AFG.31_1,SMIL,3.3162893947171156e-7,0,0,0,0,0,0.15719590600179179,0.15719590600179179,0.15719590600179179,0.15719590600179179,0.15719590600179179,0.15719590600179179,2.11e-6,0,0,0,0,0
AFG,AFG.3_1,SMIL,0,0,0,0,0,0,0.030066349438085213,0.030066349438085213,0.030066349438085213,0.030066349438085213,0.030066349438085213,0.030066349438085213,0,0,0,0,0,0
ARG,ARG.10_1,SMIL,0.0417044724923301,0.038945405793150645,0.03615169055999292,0.03340142870149008,0.03060036848506926,0.027821257440056035,0.42534015671146425,0.42534015671146425,0.42534015671146425,0.42534015671146425,0.42534015671146425,0.42534015671146425,0.09805,0.09156,0.08499,0.07853,0.07194,0.06541
ARG,ARG.11_1,SMIL,0.011733750565527983,0.008821081104984895,0.0060550794512668924,0.0033881067083171555,0.6011181301913175,0.5695212862620411,0.08852480028627986,0.08852480028627986,0.08852480028627986,0.08852480028627986,0.08852480028627986,0.08852480028627986,0.1325,0.09965,0.0684,0.03827,6.79,6.433
ARG,ARG.15_1,SMIL,3.6151245460285376e-4,3.3302500951280594e-4,3.045375644227581e-4,7.767499572425517e-4,7.225855973878965e-4,6.684212375332414e-4,0.22638619642568897,0.22638619642568897,0.22638619642568897,0.22638619642568897,0.22638619642568897,0.22638619642568897,0.001597,0.001471,0.001345,0.003431,0.003192,0.002953
ARG,ARG.16_1,SMIL,0.9720562355962413,1.0838867662113392,1.0080307594072608,0.9778093145840717,0.9078972115125374,0.844644170617661,27.25533363268979,27.25533363268979,27.25533363268979,27.25533363268979,27.25533363268979,27.25533363268979,0.03566,0.03977,0.03698,0.03588,0.03331,0.03099
ARG,ARG.17_1,SMIL,59.65563871095359,58.33502126013536,59.36940031570678,62.73330174783863,61.087614612082234,57.12544303852327,230.42204636512594,230.42204636512594,230.42204636512594,230.42204636512594,230.42204636512594,230.42204636512594,0.2589,0.2532,0.2577,0.2723,0.2651,0.2479
ARG,ARG.19_1,SMIL,4.102518816402965e-4,3.5620297923031767e-4,3.0215407682033883e-4,2.4810517441036005e-4,1.9405627200038127e-4,1.400073695904025e-4,0.017936763410046765,0.017936763410046765,0.017936763410046765,0.017936763410046765,0.017936763410046765,0.017936763410046765,0.02287,0.01986,0.01685,0.01383,0.01082,0.007806
ARG,ARG.1_1,SMIL,0.02546197452268048,0.01952981541673269,0.014457094191285923,0.010432324536228043,0.01517030313777022,0.012980803579678063,0.6157402424914621,0.6157402424914621,0.6157402424914621,0.6157402424914621,0.6157402424914621,0.6157402424914621,0.04135,0.03172,0.02348,0.01694,0.02464,0.02108
ARG,ARG.21_1,SMIL,24.800037029351977,24.767952299458532,26.848460932733115,33.904875283256175,45.21452085553365,45.50281232852773,67.70935143288324,67.70935143288324,67.70935143288324,67.70935143288324,67.70935143288324,67.70935143288324,0.3663,0.3658,0.3965,0.5007,0.6678,0.672
ARG,ARG.22_1,SMIL,160.9158115212329,158.90633318421644,152.9904227112972,143.8368541702434,133.79704201853235,128.78213784101646,250.2953908851304,250.2953908851304,250.2953908851304,250.2953908851304,250.2953908851304,250.2953908851304,0.6429,0.6349,0.6112,0.5747,0.5346,0.5145
ARG,ARG.24_1,SMIL,0.03552751678159725,0.03239250534614959,0.03187302845219617,0.0285993093416009,0.025286581570595566,0.022166992150455273,1.1448776358701656,1.1448776358701656,1.1448776358701656,1.1448776358701656,1.1448776358701656,1.1448776358701656,0.03103,0.02829,0.02784,0.02498,0.02209,0.01936
ARG,ARG.2_1,SMIL,0.015481632397174067,0.01442150151750023,0.013321853321692098,0.012222205125883958,0.011122556930075826,0.010022908734267684,0.44458946100025853,0.44458946100025853,0.44458946100025853,0.44458946100025853,0.44458946100025853,0.44458946100025853,0.03482,0.03244,0.02996,0.02749,0.02502,0.02254
ARG,ARG.3_1,SMIL,15.486637488289473,15.335336896757873,14.919732321142225,15.554254781633137,14.553574252339448,13.278621658176133,0.21496066386267113,0.21496066386267113,0.21496066386267113,0.21496066386267113,0.21496066386267113,0.21496066386267113,72.04,71.34,69.41,72.36,67.7,61.77
ARG,ARG.6_1,SMIL,0.2977503212474056,0.2807079747540669,0.24782324845489154,0.23749560242381984,0.2059948995801177,0.1754438910506163,6.8289963333420305,6.8289963333420305,6.8289963333420305,6.8289963333420305,6.8289963333420305,6.8289963333420305,0.0436,0.04111,0.03629,0.03478,0.03016,0.02569
ARG,ARG.8_1,SMIL,1.0916876035040277,1.1068067650277729,1.0850428926971023,1.046339586775575,1.007836837984593,1.0349308468405836,0.15877427059058832,0.15877427059058832,0.15877427059058832,0.15877427059058832,0.15877427059058832,0.15877427059058832,6.876,6.971,6.834,6.59,6.348,6.518
ARG,ARG.9_1,SMIL,0.8286565799236147,0.778274374638873,0.7278921693541315,0.6775099640693897,0.6918255720259034,0.6381255301646872,0.06534884504357574,0.06534884504357574,0.06534884504357574,0.06534884504357574,0.06534884504357574,0.06534884504357574,12.68,11.91,11.14,10.37,10.59,9.765
ARM,ARM.2_1,SMIL,3.325551280167277e-4,3.006543079571342e-4,2.687534878975408e-4,2.3685266783794737e-4,2.0495184777835385e-4,1.730510277187604e-4,0.32224903407132777,0.32224903407132777,0.32224903407132777,0.32224903407132777,0.32224903407132777,0.32224903407132777,0.001032,9.33e-4,8.34e-4,7.35e-4,6.36e-4,5.37e-4
ARM,ARM.3_1,SMIL,0,0,0,0,0,0,5.3927306340421916e-6,5.3927306340421916e-6,5.3927306340421916e-6,5.3927306340421916e-6,5.3927306340421916e-6,5.3927306340421916e-6,0,0,0,0,0,0
AUS,AUS.10_1,SMIL,15.738092604638961,13.801011665114082,11.85975462476648,9.918695986263641,7.977415707176336,6.036191762149362,332.8578702339025,332.8578702339025,332.8578702339025,332.8578702339025,332.8578702339025,332.8578702339025,0.04728,0.04146,0.03563,0.0298,0.02397,0.01813
AUS,AUS.11_1,SMIL,48.40174634528934,44.44206944828791,40.96449026799466,38.13041030304697,44.84971904164674,40.581217714110224,792.1497307340932,792.1497307340932,792.1497307340932,792.1497307340932,792.1497307340932,792.1497307340932,0.0611,0.0561,0.05171,0.04814,0.05662,0.05123
AUS,AUS.5_1,SMIL,1.822756733906703,1.9473118517315355,1.903806777569579,1.84377679975776,1.7854669052384244,1.7361287489472053,246.76433602667782,246.76433602667782,246.76433602667782,246.76433602667782,246.76433602667782,246.76433602667782,0.007387,0.007891,0.007715,0.007472,0.007236,0.007036
AUS,AUS.6_1,SMIL,0.0022788072177613665,0.002074119667651439,0.0019221413136230124,0.001714750727816598,0.0015073601420101898,0.0012999695562037757,0.8626156157441158,0.8626156157441158,0.8626156157441158,0.8626156157441158,0.8626156157441158,0.8626156157441158,0.002642,0.002404,0.002228,0.001988,0.001747,0.001507
AUS,AUS.7_1,SMIL,199.45321494730896,205.1052284513919,205.2865904492098,208.3211676691711,201.5416593863064,193.2700203337227,226.97341460725872,226.97341460725872,226.97341460725872,226.97341460725872,226.97341460725872,226.97341460725872,0.8788,0.9037,0.9045,0.9178,0.888,0.8515
AUS,AUS.8_1,SMIL,2.445241434981646,2.1628724275842806,1.8711885722773844,1.5793063544540018,1.2874054506855186,0.995584068544889,480.47358897051157,480.47358897051157,480.47358897051157,480.47358897051157,480.47358897051157,480.47358897051157,0.005089,0.004502,0.003894,0.003287,0.002679,0.002072
AUS,AUS.9_1,SMIL,6.578880136768829,6.010775593418389,5.737485131045598,5.119769884462002,4.609555926000598,4.1425426351681,37.90612885981183,37.90612885981183,37.90612885981183,37.90612885981183,37.90612885981183,37.90612885981183,0.1736,0.1586,0.1514,0.1351,0.1216,0.1093
AZE,AZE.10_1,SMIL,0,0,0,0,0,0,0.0074203287663188195,0.0074203287663188195,0.0074203287663188195,0.0074203287663188195,0.0074203287663188195,0.0074203287663188195,0,0,0,0,0,0
AZE,AZE.2_1,SMIL,1.6804282506310934e-5,1.37489584142544e-5,1.0693634322197869e-5,7.638310230141335e-6,4.5829861380848e-6,1.527662046028267e-6,0.8503939082707641,0.8503939082707641,0.8503939082707641,0.8503939082707641,0.8503939082707641,0.8503939082707641,1.976e-5,1.617e-5,1.257e-5,8.982e-6,5.389e-6,1.796e-6
AZE,AZE.5_1,SMIL,0,0,0,0,0,0,0.006167583388097317,0.006167583388097317,0.006167583388097317,0.006167583388097317,0.006167583388097317,0.006167583388097317,0,0,0,0,0,0
AZE,AZE.6_1,SMIL,0,0,0,0,0,0,0.04184610020876274,0.04184610020876274,0.04184610020876274,0.04184610020876274,0.04184610020876274,0.04184610020876274,0,0,0,0,0,0
BDI,BDI.10_1,SMIL,0,0,0,0,0,0,18.088084450695106,18.088084450695106,18.088084450695106,18.088084450695106,18.088084450695106,18.088084450695106,0,0,0,0,0,0
BDI,BDI.11_1,SMIL,0.001096449858005857,6.86939319770296e-4,4.178362287853352e-4,2.945736724317958e-4,1.7674420345907744e-4,5.891473448635915e-5,3.8286972856076678,3.8286972856076678,3.8286972856076678,3.8286972856076678,3.8286972856076678,3.8286972856076678,2.864e-4,1.794e-4,1.091e-4,7.694e-5,4.616e-5,1.539e-5
BDI,BDI.13_1,SMIL,6.240171194423882e-5,0,0,0,0,0,0.3090612918619408,0.3090612918619408,0.3090612918619408,0.3090612918619408,0.3090612918619408,0.3090612918619408,2.019e-4,0,0,0,0,0
BDI,BDI.15_1,SMIL,0,0,0,0,0,0,0.11749185136057325,0.11749185136057325,0.11749185136057325,0.11749185136057325,0.11749185136057325,0.11749185136057325,0,0,0,0,0,0
BDI,BDI.16_1,SMIL,0.0016673113209843644,5.686900863479542e-4,1.9317792408630116e-4,1.5805466516151913e-4,1.229314062367371e-4,8.780814731195508e-5,5.36448333503196e-5,5.36448333503196e-5,5.36448333503196e-5,5.36448333503196e-5,5.36448333503196e-5,5.36448333503196e-5,31.08,10.6,3.601,2.946,2.292,1.637
BDI,BDI.17_1,SMIL,0.002506822230297155,0.0015150757547671228,8.754178538214694e-4,5.199583145361537e-4,2.964493627703901e-4,2.0489099852417854e-4,0.07892450685529845,0.07892450685529845,0.07892450685529845,0.07892450685529845,0.07892450685529845,0.07892450685529845,0.03176,0.0192,0.01109,0.006588,0.003756,0.0025959999999999998
BDI,BDI.5_1,SMIL,0.00132099098344797,0.00118193930097976,0.00104288761851156,9.038359360433524e-4,7.647842535751442e-4,6.257325711069362e-4,2.2325141064631238,2.2325141064631238,2.2325141064631238,2.2325141064631238,2.2325141064631238,2.2325141064631238,5.917e-4,5.294e-4,4.671e-4,4.049e-4,3.426e-4,2.803e-4
BDI,BDI.6_1,SMIL,0.01871742304400036,0.01775755519559009,0.01679768734717981,0.01583781949876954,0.01487795165035926,0.01391808380194899,30.542395838397116,30.542395838397116,30.542395838397116,30.542395838397116,30.542395838397116,30.542395838397116,6.128e-4,5.814e-4,5.5e-4,5.186e-4,4.871e-4,4.557e-4
BDI,BDI.9_1,SMIL,0,0,0,0,0,0,5.632458319590067e-4,5.632458319590067e-4,5.632458319590067e-4,5.632458319590067e-4,5.632458319590067e-4,5.632458319590067e-4,0,0,0,0,0,0
BEN,BEN.11_1,SMIL,0,0,0,0,0,0,0.4309991965746084,0.4309991965746084,0.4309991965746084,0.4309991965746084,0.4309991965746084,0.4309991965746084,0,0,0,0,0,0
BEN,BEN.1_1,SMIL,0.0024923128491136557,0.010115640965216471,0.009988165826349173,0.03260577863450231,0.03140188329842158,0.029584844031684116,3655.3201820124987,3655.3201820124987,3655.3201820124987,3655.3201820124987,3655.3201820124987,3655.3201820124987,6.818e-7,2.767e-6,2.733e-6,8.92e-6,8.591e-6,8.094e-6
BEN,BEN.2_1,SMIL,5.86022319364551e-4,4.275115716023714e-4,7.944910430600546e-4,0.001119391463598347,0.0053350625485964805,0.007568706909203251,2127.2294170588634,2127.2294170588634,2127.2294170588634,2127.2294170588634,2127.2294170588634,2127.2294170588634,2.755e-7,2.01e-7,3.735e-7,5.262e-7,2.508e-6,3.558e-6
BEN,BEN.4_1,SMIL,0.002300022968144749,0.0021743985111142908,0.0020781273136098017,0.0018457828648231849,0.0016597835031499073,0.0016821951369732993,651.7827535840768,651.7827535840768,651.7827535840768,651.7827535840768,651.7827535840768,651.7827535840768,3.529e-6,3.336e-6,3.188e-6,2.832e-6,2.547e-6,2.581e-6
BEN,BEN.5_1,SMIL,6.170232689929246e-4,5.580909214769254e-4,0.008134693684767437,0.007933035575316683,0.0074762730330588814,0.00701951049080109,42.44499024960557,42.44499024960557,42.44499024960557,42.44499024960557,42.44499024960557,42.44499024960557,1.454e-5,1.315e-5,1.917e-4,1.869e-4,1.761e-4,1.654e-4
BEN,BEN.6_1,SMIL,0.005212415081171262,0.004950149158896408,0.004141308226130997,0.0034084855738379673,0.0037973006082384878,0.0057777960355372094,938.6822276239492,938.6822276239492,938.6822276239492,938.6822276239492,938.6822276239492,938.6822276239492,5.553e-6,5.274e-6,4.412e-6,3.631e-6,4.045e-6,6.155e-6
BEN,BEN.7_1,SMIL,9.770188762129458e-7,3.256729587376486e-7,0,0,0,0,90.43033366293392,90.43033366293392,90.43033366293392,90.43033366293392,90.43033366293392,90.43033366293392,1.08e-8,3.601e-9,0,0,0,0
BFA,BFA.8_1,SMIL,0,0,0,0,0,0,3.9034832913959816,3.9034832913959816,3.9034832913959816,3.9034832913959816,3.9034832913959816,3.9034832913959816,0,0,0,0,0,0
BGD,BGD.2_1,SMIL,28.075365222526422,24.574258226312768,21.094511743976938,17.697790101770266,14.26138179901602,10.85517171167988,256.1015454200159,256.1015454200159,256.1015454200159,256.1015454200159,256.1015454200159,256.1015454200159,0.1096,0.09596,0.08237,0.0691,0.05569,0.04239
BGD,BGD.3_1,SMIL,0.037637998559960806,0.0250261639541889,0.015274294025029765,0.008154528106116719,0.002504628298194349,3.379563169998983e-4,22.326312348636257,22.326312348636257,22.326312348636257,22.326312348636257,22.326312348636257,22.326312348636257,0.001686,0.001121,6.841e-4,3.652e-4,1.122e-4,1.514e-5
BGD,BGD.5_1,SMIL,0.031893306328524204,0.0182123625434811,0.010565190138110643,0.007560452717108459,0.0038719630296026987,0.00333192245189913,4.223920722172121,4.223920722172121,4.223920722172121,4.223920722172121,4.223920722172121,4.223920722172121,0.007551,0.004312,0.002501,0.00179,9.167e-4,7.888e-4
BGD,BGD.6_1,SMIL,0.05307396846428877,0.051026755625767625,0.04775254882042774,0.04331880021034218,0.048556484190288775,0.042148946376775895,86.13510175401304,86.13510175401304,86.13510175401304,86.13510175401304,86.13510175401304,86.13510175401304,6.162e-4,5.924e-4,5.544e-4,5.029e-4,5.637e-4,4.893e-4
BGD,BGD.7_1,SMIL,0.023711539379133676,0.020332543789532084,0.01840331435243997,0.014122692647959121,0.010884283424017056,0.00894496154113209,6.8647464847408965,6.8647464847408965,6.8647464847408965,6.8647464847408965,6.8647464847408965,6.8647464847408965,0.003454,0.002962,0.002681,0.002057,0.001586,0.001303
BGD,BGD.8_1,SMIL,0.005558275813954151,0.001619249003340504,6.753465208414354e-4,2.409732832441914e-4,5.35625575124362e-5,0,0.09331207867063109,0.09331207867063109,0.09331207867063109,0.09331207867063109,0.09331207867063109,0.09331207867063109,0.05957,0.01735,0.007238,0.002582,5.74e-4,0
BGR,BGR.26_1,SMIL,0,0,0,0,0,0,0.006381636324960386,0.006381636324960386,0.006381636324960386,0.006381636324960386,0.006381636324960386,0.006381636324960386,0,0,0,0,0,0
BGR,BGR.28_1,SMIL,0.0013731841813444604,0.0010069076462025607,7.381709539017946e-4,4.908844538413781e-4,3.0578253766557097e-4,1.726981098046761e-4,0.008085939678316745,0.008085939678316745,0.008085939678316745,0.008085939678316745,0.008085939678316745,0.008085939678316745,0.1698,0.1245,0.09129,0.06071,0.03782,0.02136
BGR,BGR.2_1,SMIL,0.011005795376847795,0.009228514646468048,0.007593406645922777,0.005968699701827245,0.004390685355766763,0.002870697429863898,0.004099205572215512,0.004099205572215512,0.004099205572215512,0.004099205572215512,0.004099205572215512,0.004099205572215512,2.685,2.251,1.852,1.456,1.071,0.7003
BGR,BGR.6_1,SMIL,0.0018403295151528663,2.5665540730874386e-4,2.261749977481172e-5,1.5143022579048652e-5,7.668545383285583e-6,1.9656533927020243e-6,0.03861172214251137,0.03861172214251137,0.03861172214251137,0.03861172214251137,0.03861172214251137,0.03861172214251137,0.04766,0.006647,5.858e-4,3.922e-4,1.986e-4,5.091e-5
BLR,BLR.2_1,SMIL,0,0,0,0,0,0,0.12687914827565466,0.12687914827565466,0.12687914827565466,0.12687914827565466,0.12687914827565466,0.12687914827565466,0,0,0,0,0,0
BLR,BLR.4_1,SMIL,0,0,0,0,0,0,0.055521526570648946,0.055521526570648946,0.055521526570648946,0.055521526570648946,0.055521526570648946,0.055521526570648946,0,0,0,0,0,0
BOL,BOL.9_1,SMIL,1.8098834222260058,1.7973116587447029,2.002961104455817,2.007047827757287,1.8782201707761357,1.7593091063428274,0.9460361710653274,0.9460361710653274,0.9460361710653274,0.9460361710653274,0.9460361710653274,0.9460361710653274,1.913,1.9,2.117,2.122,1.985,1.86
BTN,BTN.10_1,SMIL,0,0,0,0,0,0,0.19045175245657542,0.19045175245657542,0.19045175245657542,0.19045175245657542,0.19045175245657542,0.19045175245657542,0,0,0,0,0,0
BTN,BTN.11_1,SMIL,0.009274364310229821,0.00892204213954413,0.008419582817835386,0.007867851040273086,0.007318344601176724,0.006771063500546269,14.11166976639161,14.11166976639161,14.11166976639161,14.11166976639161,14.11166976639161,14.11166976639161,6.572e-4,6.322e-4,5.966e-4,5.575e-4,5.186e-4,4.798e-4
BTN,BTN.12_1,SMIL,0.0027127526227820296,0.003270572359054329,0.0029888298565860067,0.002709593041553413,0.0024323417404669753,0.0021853141361736824,1.1863942446362044,1.1863942446362044,1.1863942446362044,1.1863942446362044,1.1863942446362044,1.1863942446362044,0.002287,0.002757,0.002519,0.002284,0.00205,0.001842
BTN,BTN.13_1,SMIL,0.016191840693356135,0.015958439652983436,0.01546743292605628,0.021117684545408168,0.020561294887134388,0.04299378424237402,0.8264460798882444,0.8264460798882444,0.8264460798882444,0.8264460798882444,0.8264460798882444,0.8264460798882444,0.01959,0.01931,0.01872,0.02555,0.02488,0.05202
BTN,BTN.15_1,SMIL,0.0023115148074364165,0.0021366590109168147,0.001961803214397203,0.0017869474178776076,0.0016120916213580026,0.0015383285459040449,0.19904892904824695,0.19904892904824695,0.19904892904824695,0.19904892904824695,0.19904892904824695,0.19904892904824695,0.01161,0.01073,0.009856,0.008977,0.008099,0.007728
BTN,BTN.16_1,SMIL,0.014231182597542143,0.014531662858310607,0.016027667094674087,0.0165492038658753,0.016044234284089402,0.016029210751647645,0.11198858846915664,0.11198858846915664,0.11198858846915664,0.11198858846915664,0.11198858846915664,0.11198858846915664,0.1271,0.1298,0.1431,0.1478,0.1433,0.1431
BTN,BTN.17_1,SMIL,0.08246417664441184,0.07344830420445905,0.06377857388425996,0.054954988674299786,0.0453366000357999,0.03853297173421239,1.641713191566911,1.641713191566911,1.641713191566911,1.641713191566911,1.641713191566911,1.641713191566911,0.05023,0.04474,0.03885,0.03347,0.02762,0.02347
BTN,BTN.18_1,SMIL,0,0,0,0,0,0,0.061161862423372716,0.061161862423372716,0.061161862423372716,0.061161862423372716,0.061161862423372716,0.061161862423372716,0,0,0,0,0,0
BTN,BTN.19_1,SMIL,5.081874340016146e-4,4.597886307633656e-4,6.510098550887036e-4,5.903228453087322e-4,5.296358355287609e-4,4.689488257487894e-4,13.437977274439413,13.437977274439413,13.437977274439413,13.437977274439413,13.437977274439413,13.437977274439413,3.782e-5,3.422e-5,4.845e-5,4.393e-5,3.941e-5,3.49e-5
BTN,BTN.20_1,SMIL,0.01504740679342027,0.0100256350619911,0.00500386333056192,0.00761388558208937,0.00844883885758662,0.00794594652372732,0.0859229666957115,0.0859229666957115,0.0859229666957115,0.0859229666957115,0.0859229666957115,0.0859229666957115,0.1751,0.1167,0.05824,0.08861,0.09833,0.09248
BTN,BTN.2_1,SMIL,3.951105006022075e-4,3.596963662194065e-4,3.242822318366054e-4,2.888680974538044e-4,3.018467680371832e-4,3.416756720323805e-4,0.029544210317489328,0.029544210317489328,0.029544210317489328,0.029544210317489328,0.029544210317489328,0.029544210317489328,0.01337,0.01217,0.01098,0.009777,0.01022,0.01156
BTN,BTN.3_1,SMIL,0.28012022643604284,0.2620529339068948,0.24398564137774675,0.22950777321934746,0.4802679325736391,0.4497393575790329,2.0414494511640404,2.0414494511640404,2.0414494511640404,2.0414494511640404,2.0414494511640404,2.0414494511640404,0.1372,0.1284,0.1195,0.1124,0.2353,0.2203
BTN,BTN.5_1,SMIL,0,0,0,0,0,0,0.011209185393622768,0.011209185393622768,0.011209185393622768,0.011209185393622768,0.011209185393622768,0.011209185393622768,0,0,0,0,0,0
BTN,BTN.6_1,SMIL,0.013483701033297928,0.012564579415930203,0.011645457798562475,0.011068972176721743,0.011670540257473893,0.010654962395473325,0.15384143789626503,0.15384143789626503,0.15384143789626503,0.15384143789626503,0.15384143789626503,0.15384143789626503,0.08765,0.08167,0.0757,0.07195,0.07586,0.06926
BTN,BTN.7_1,SMIL,0.006516809024294582,0.006155756488712802,0.0056840321929837855,0.00521230789725477,0.004740583601525744,0.005475188066454593,0.33177465665688727,0.33177465665688727,0.33177465665688727,0.33177465665688727,0.33177465665688727,0.33177465665688727,0.01964,0.01855,0.01713,0.01571,0.01429,0.0165
BTN,BTN.9_1,SMIL,0.028036836535391317,0.026335370562913886,0.02485249360902404,0.023357170185885883,0.021558587662201242,0.021484769578047954,0.7009236362058494,0.7009236362058494,0.7009236362058494,0.7009236362058494,0.7009236362058494,0.7009236362058494,0.04,0.03757,0.03546,0.03332,0.03076,0.03065
CHN,CHN.10_1,SMIL,12.817742228934474,13.972804986497714,14.01400979053044,13.76090980875293,13.348943952918512,13.133588822625804,31150.652425990836,31150.652425990836,31150.652425990836,31150.652425990836,31150.652425990836,31150.652425990836,4.115e-4,4.486e-4,4.499e-4,4.418e-4,4.285e-4,4.216e-4
CHN,CHN.11_1,SMIL,2.036030078026442,1.9795781816136504,1.942330978585223,1.8362704183833787,1.760203715382838,1.702434024491695,2230.72833884497,2230.72833884497,2230.72833884497,2230.72833884497,2230.72833884497,2230.72833884497,9.127e-4,8.874e-4,8.707e-4,8.232e-4,7.891e-4,7.632e-4
CHN,CHN.12_1,SMIL,0.261094028606207,1.159922715474339,1.3332874698829456,1.4498491631043353,1.4918504712519745,1.7423198185244604,10826.921846196996,10826.921846196996,10826.921846196996,10826.921846196996,10826.921846196996,10826.921846196996,2.412e-5,1.071e-4,1.231e-4,1.339e-4,1.378e-4,1.609e-4
CHN,CHN.13_1,SMIL,0.015301368507603667,0.017672859792003937,0.017812509884695057,0.017874491342288547,0.01867598068676007,0.01868682040198,39.45096566426632,39.45096566426632,39.45096566426632,39.45096566426632,39.45096566426632,39.45096566426632,3.879e-4,4.48e-4,4.515e-4,4.531e-4,4.734e-4,4.737e-4
CHN,CHN.14_1,SMIL,0.03777682471171845,0.034720094494867106,0.03163958911398376,0.03568756300056121,0.032827471792728796,0.029360270638853013,32.928860252227366,32.928860252227366,32.928860252227366,32.928860252227366,32.928860252227366,32.928860252227366,0.001147,0.001054,9.608e-4,0.001084,9.969e-4,8.916e-4
CHN,CHN.15_1,SMIL,0.013041963040175615,0.013343990900700677,0.01336315002576378,0.014283545922832583,0.019735468044861263,0.01960976054951131,85.070632267488,85.070632267488,85.070632267488,85.070632267488,85.070632267488,85.070632267488,1.533e-4,1.569e-4,1.571e-4,1.679e-4,2.32e-4,2.305e-4
CHN,CHN.16_1,SMIL,0.006499218096842114,0.006112348886077884,0.005725479675313644,0.005338610464549403,0.004999229327845952,0.004609924831232441,0.48502341303894775,0.48502341303894775,0.48502341303894775,0.48502341303894775,0.48502341303894775,0.48502341303894775,0.0134,0.0126,0.0118,0.01101,0.01031,0.009505
CHN,CHN.17_1,SMIL,2.628626388794962,2.5731767320640087,2.5903951207375666,2.565479237154019,2.666908595705788,2.657833339775934,5026.728051577736,5026.728051577736,5026.728051577736,5026.728051577736,5026.728051577736,5026.728051577736,5.229e-4,5.119e-4,5.153e-4,5.104e-4,5.305e-4,5.287e-4
CHN,CHN.18_1,SMIL,9.066482083576364,9.174264223856365,8.581076765626163,8.421555850680148,7.796540984695998,7.588759506858303,12939.023661942012,12939.023661942012,12939.023661942012,12939.023661942012,12939.023661942012,12939.023661942012,7.007e-4,7.09e-4,6.632e-4,6.509e-4,6.026e-4,5.865e-4
CHN,CHN.19_1,SMIL,0.8131839908617308,0.7821419359551621,0.8001276072150826,1.0371838017119952,1.0371922299316838,1.0048691653140487,8744.161888065875,8744.161888065875,8744.161888065875,8744.161888065875,8744.161888065875,8744.161888065875,9.3e-5,8.945e-5,9.15e-5,1.186e-4,1.186e-4,1.149e-4
CHN,CHN.1_1,SMIL,4.431060824142503,4.39045340302011,4.254693038173764,4.013854714334021,3.8047275001126555,3.5468072809686704,9578.330474230217,9578.330474230217,9578.330474230217,9578.330474230217,9578.330474230217,9578.330474230217,4.626e-4,4.584e-4,4.442e-4,4.191e-4,3.972e-4,3.703e-4
CHN,CHN.20_1,SMIL,0,0,0,0,0,0,15.468991854266426,15.468991854266426,15.468991854266426,15.468991854266426,15.468991854266426,15.468991854266426,0,0,0,0,0,0
CHN,CHN.21_1,SMIL,0,0,0,0,0,0,0.010054109244219588,0.010054109244219588,0.010054109244219588,0.010054109244219588,0.010054109244219588,0.010054109244219588,0,0,0,0,0,0
CHN,CHN.22_1,SMIL,1.4704987818703903,1.68687195627889,2.855644930097079,2.8073609396457795,2.7820735148435736,3.0102147386865026,4875.603735813156,4875.603735813156,4875.603735813156,4875.603735813156,4875.603735813156,4875.603735813156,3.016e-4,3.46e-4,5.857e-4,5.758e-4,5.706e-4,6.174e-4
CHN,CHN.23_1,SMIL,2.2526537836598073,3.2040080626945215,3.3821916229066287,3.6087825951462,3.7964377754934886,3.9436220366241073,6917.89376728106,6917.89376728106,6917.89376728106,6917.89376728106,6917.89376728106,6917.89376728106,3.256e-4,4.631e-4,4.889e-4,5.217e-4,5.488e-4,5.701e-4
CHN,CHN.24_1,SMIL,0,0,0,0,0,0,0.0038439645558237716,0.0038439645558237716,0.0038439645558237716,0.0038439645558237716,0.0038439645558237716,0.0038439645558237716,0,0,0,0,0,0
CHN,CHN.25_1,SMIL,49.14897772956319,56.04649216332793,62.62968298910206,68.59014148090701,75.46758811451333,81.22979980053631,13369.851411519456,13369.851411519456,13369.851411519456,13369.851411519456,13369.851411519456,13369.851411519456,0.003676,0.004192,0.004684,0.00513,0.005645,0.006076
CHN,CHN.26_1,SMIL,0.005939810966501518,0.0062823604557506975,0.005770324516954668,0.005393774423190258,0.004874790492341328,0.004490427232810165,7.256630897715313,7.256630897715313,7.256630897715313,7.256630897715313,7.256630897715313,7.256630897715313,8.185e-4,8.657e-4,7.952e-4,7.433e-4,6.718e-4,6.188e-4
CHN,CHN.27_1,SMIL,0.00967046464728758,0.01478116787785433,0.013715370616644365,0.013559214718088358,0.012829987949958358,0.011957079850453689,134.65574227876095,134.65574227876095,134.65574227876095,134.65574227876095,134.65574227876095,134.65574227876095,7.182e-5,1.098e-4,1.019e-4,1.007e-4,9.528e-5,8.88e-5
CHN,CHN.28_1,SMIL,0.003940174226458647,0.00359207360860284,0.00324997136016448,0.00290786911172611,0.00256576686328774,0.00222366461484938,85.61979545049861,85.61979545049861,85.61979545049861,85.61979545049861,85.61979545049861,85.61979545049861,4.602e-5,4.195e-5,3.796e-5,3.396e-5,2.997e-5,2.597e-5
CHN,CHN.29_1,SMIL,0,0,0,0,0,0,0.18795412317282834,0.18795412317282834,0.18795412317282834,0.18795412317282834,0.18795412317282834,0.18795412317282834,0,0,0,0,0,0
CHN,CHN.2_1,SMIL,0.050404086785692734,0.05789810822236945,0.07555457303783207,0.24810912055983722,0.4539571812040485,0.4279972011836055,417.671420379589,417.671420379589,417.671420379589,417.671420379589,417.671420379589,417.671420379589,1.207e-4,1.386e-4,1.809e-4,5.94e-4,0.001087,0.001025
CHN,CHN.30_1,SMIL,0.8544080447964489,0.8512956976863225,0.8167774132954799,0.8806507500792518,0.9149085546982014,0.8986058187980831,352.5043553797915,352.5043553797915,352.5043553797915,352.5043553797915,352.5043553797915,352.5043553797915,0.002424,0.002415,0.002317,0.002498,0.002595,0.002549
CHN,CHN.31_1,SMIL,0.027816954561147196,0.025443311115593812,0.02320815604180257,0.020827410628466506,0.018446665215130453,0.016065919801794386,10.515840181956486,10.515840181956486,10.515840181956486,10.515840181956486,10.515840181956486,10.515840181956486,0.002645,0.00242,0.002207,0.001981,0.001754,0.001528
CHN,CHN.3_1,SMIL,3.0384289334998613e-4,2.932410406207124e-4,2.673576061787797e-4,2.4147417173684706e-4,2.155907372949144e-4,1.897073028529817e-4,0.7930718302066567,0.7930718302066567,0.7930718302066567,0.7930718302066567,0.7930718302066567,0.7930718302066567,3.831e-4,3.698e-4,3.371e-4,3.045e-4,2.718e-4,2.392e-4
CHN,CHN.4_1,SMIL,1.4980788367967753e-5,1.4014285892614997e-5,1.3047783417262236e-5,1.2081280941909478e-5,5.216153040692766e-4,4.944692874604509e-4,0.03228265654987908,0.03228265654987908,0.03228265654987908,0.03228265654987908,0.03228265654987908,0.03228265654987908,4.641e-4,4.341e-4,4.042e-4,3.742e-4,0.01616,0.01532
CHN,CHN.5_1,SMIL,0.4176060833332885,0.3817738131209849,0.35002146301522113,0.3639512560593946,0.3431226630404496,0.3037171606116634,291.0645805005474,291.0645805005474,291.0645805005474,291.0645805005474,291.0645805005474,291.0645805005474,0.001435,0.001312,0.001203,0.00125,0.001179,0.001043
CHN,CHN.6_1,SMIL,0.08061450370707249,0.085238586977144,0.08085730601055702,0.0835130447763592,0.07808784769669326,0.07702540006680916,31.13840884048526,31.13840884048526,31.13840884048526,31.13840884048526,31.13840884048526,31.13840884048526,0.002589,0.002737,0.002597,0.002682,0.002508,0.002474
CHN,CHN.7_1,SMIL,1.4078907377648888,1.4657997686510196,1.4711403897557507,1.9235661358191485,1.973834407296188,2.2577782725523368,1230.97298858442,1230.97298858442,1230.97298858442,1230.97298858442,1230.97298858442,1230.97298858442,0.001144,0.001191,0.001195,0.001563,0.001603,0.001834
CHN,CHN.8_1,SMIL,2.8061342294083484,2.6383786902432385,2.4583760019788903,2.40200770947296,2.438163893471668,2.384108227629114,1862.2240873631313,1862.2240873631313,1862.2240873631313,1862.2240873631313,1862.2240873631313,1862.2240873631313,0.001507,0.001417,0.00132,0.00129,0.001309,0.00128
COD,COD.19_1,SMIL,0,0,0,0,0,0,1.7648080759745768,1.7648080759745768,1.7648080759745768,1.7648080759745768,1.7648080759745768,1.7648080759745768,0,0,0,0,0,0
COD,COD.22_1,SMIL,0,0,0,0,0,0,0.6089863239890867,0.6089863239890867,0.6089863239890867,0.6089863239890867,0.6089863239890867,0.6089863239890867,0,0,0,0,0,0
COD,COD.6_1,SMIL,0,0,0,0,0,0,116.80929380175228,116.80929380175228,116.80929380175228,116.80929380175228,116.80929380175228,116.80929380175228,0,0,0,0,0,0
ETH,ETH.10_1,SMIL,0.007750084460441758,0.007360939784893072,0.011944913806319745,0.012827734520107993,0.011727349202644828,0.010824082348653697,2826.932284812845,2826.932284812845,2826.932284812845,2826.932284812845,2826.932284812845,2826.932284812845,2.742e-6,2.604e-6,4.225e-6,4.538e-6,4.148e-6,3.829e-6
ETH,ETH.11_1,SMIL,1.1167542736120908,1.3009492598540748,1.5742057901792936,1.7835404283273877,1.8892341247408837,1.7525285133790622,3743.30581261958,3743.30581261958,3743.30581261958,3743.30581261958,3743.30581261958,3743.30581261958,2.983e-4,3.475e-4,4.205e-4,4.765e-4,5.047e-4,4.682e-4
ETH,ETH.3_1,SMIL,0.20471692928306606,0.18321426775695165,0.16268668970744282,0.6373261291488908,0.6237398510457748,0.7794489010269114,38457.251243872284,38457.251243872284,38457.251243872284,38457.251243872284,38457.251243872284,38457.251243872284,5.323e-6,4.764e-6,4.23e-6,1.657e-5,1.622e-5,2.027e-5
ETH,ETH.4_1,SMIL,1.2251054823834149,1.5479630792680008,1.5223827197015676,1.4660003138497635,2.238182015455972,2.616845436258475,19190.28791595247,19190.28791595247,19190.28791595247,19190.28791595247,19190.28791595247,19190.28791595247,6.384e-5,8.066e-5,7.933e-5,7.639e-5,1.166e-4,1.364e-4
ETH,ETH.8_1,SMIL,0.32822659333343535,0.30131024270135026,0.2936976619940343,0.2624063470693955,0.2386539976925685,0.2169694360912513,56641.96632353312,56641.96632353312,56641.96632353312,56641.96632353312,56641.96632353312,56641.96632353312,5.795e-6,5.32e-6,5.185e-6,4.633e-6,4.213e-6,3.831e-6
ETH,ETH.9_1,SMIL,8.107915190025955e-4,6.633748791839417e-4,5.15958239365288e-4,3.685415995466343e-4,2.2112495972798055e-4,7.370831990932686e-5,8.257242413649596,8.257242413649596,8.257242413649596,8.257242413649596,8.257242413649596,8.257242413649596,9.819e-5,8.034e-5,6.249e-5,4.463e-5,2.678e-5,8.927e-6
GHA,GHA12_2,SMIL,0,0,0,0,0,0,1.216749287473661,1.216749287473661,1.216749287473661,1.216749287473661,1.216749287473661,1.216749287473661,0,0,0,0,0,0
GHA,GHA8_2,SMIL,0,0,0,0,0,0,9.672041104072743,9.672041104072743,9.672041104072743,9.672041104072743,9.672041104072743,9.672041104072743,0,0,0,0,0,0
GHA,GHA9_2,SMIL,0,0,0,0,0,0,56.97182913653042,56.97182913653042,56.97182913653042,56.97182913653042,56.97182913653042,56.97182913653042,0,0,0,0,0,0
GRC,GRC.6_1,SMIL,0,0,0,0,0,1.762792261182981e-5,0.472237451562716,0.472237451562716,0.472237451562716,0.472237451562716,0.472237451562716,0.472237451562716,0,0,0,0,0,3.733e-5
HRV,HRV.11_1,SMIL,5.106027490839691e-4,4.45090779216553e-4,3.7994412465248333e-4,3.153116702463129e-4,2.514473042680138e-4,1.8795136029545935e-4,0.0013880149086821058,0.0013880149086821058,0.0013880149086821058,0.0013880149086821058,0.0013880149086821058,0.0013880149086821058,0.3679,0.3207,0.2737,0.2272,0.1812,0.1354
HUN,HUN.16_1,SMIL,8.232012634954435e-4,4.930680623501839e-4,1.6487307539442896e-4,3.877909582757297e-7,0,0,0.7081983777007489,0.7081983777007489,0.7081983777007489,0.7081983777007489,0.7081983777007489,0.7081983777007489,0.001162,6.962e-4,2.328e-4,5.476e-7,0,0
IND,IND.10_1,SMIL,0.003109917419911471,0.0026364259822508657,0.00216293454459026,0.0016894431069296504,0.0012159516692690408,7.424602316084309e-4,8.10545649874431,8.10545649874431,8.10545649874431,8.10545649874431,8.10545649874431,8.10545649874431,3.837e-4,3.253e-4,2.668e-4,2.084e-4,1.5e-4,9.16e-5
IND,IND.11_1,SMIL,0.009741019576115405,0.008804024408320534,0.00786702924052567,0.024617060999218704,0.02292628004215078,0.06104475116100604,443.15464245624474,443.15464245624474,443.15464245624474,443.15464245624474,443.15464245624474,443.15464245624474,2.198e-5,1.987e-5,1.775e-5,5.555e-5,5.173e-5,1.378e-4
IND,IND.12_1,SMIL,0.00134337492222757,0.0012248397403615,0.00110630455849542,9.877693766293496e-4,8.692341947632737e-4,7.506990128971979e-4,21.38623466195649,21.38623466195649,21.38623466195649,21.38623466195649,21.38623466195649,21.38623466195649,6.281e-5,5.727e-5,5.173e-5,4.619e-5,4.064e-5,3.51e-5
IND,IND.13_1,SMIL,1.511586606319593,1.3608338639112552,1.2461204882117332,1.1083636421737884,1.1818194456277131,1.046033100106614,347.8457818344096,347.8457818344096,347.8457818344096,347.8457818344096,347.8457818344096,347.8457818344096,0.004346,0.003912,0.003582,0.003186,0.003398,0.003007
IND,IND.15_1,SMIL,8.291248088616875,7.022484532163947,5.890726772517453,5.840765825209707,4.916426160527819,3.828318499954849,911.0657641550619,911.0657641550619,911.0657641550619,911.0657641550619,911.0657641550619,911.0657641550619,0.009101,0.007708,0.006466,0.006411,0.005396,0.004202
IND,IND.16_1,SMIL,18.50299538347955,14.453778023756376,11.27967503051327,11.969293797005244,12.16672567782593,11.626166960208128,130028.14379132821,130028.14379132821,130028.14379132821,130028.14379132821,130028.14379132821,130028.14379132821,1.423e-4,1.112e-4,8.675e-5,9.205e-5,9.357e-5,8.941e-5
IND,IND.17_1,SMIL,0.030899798546889786,0.02791724386071121,0.025871625085831917,0.024712660221086737,0.02219201302226114,0.018977415147807097,22.344125191088963,22.344125191088963,22.344125191088963,22.344125191088963,22.344125191088963,22.344125191088963,0.001383,0.001249,0.001158,0.001106,9.932e-4,8.493e-4
IND,IND.19_1,SMIL,1.7486504391233888,1.5212055985194675,1.3758339998567113,1.1485723440572815,0.9313912124159804,0.7608000267975162,1632.853009853058,1632.853009853058,1632.853009853058,1632.853009853058,1632.853009853058,1632.853009853058,0.001071,9.316e-4,8.426e-4,7.034e-4,5.704e-4,4.659e-4
IND,IND.20_1,SMIL,1.3301716561517898,1.165740181554062,0.9999796966457494,0.8464054675932775,0.7312505639038293,0.6380171294032022,4703.533558880145,4703.533558880145,4703.533558880145,4703.533558880145,4703.533558880145,4703.533558880145,2.828e-4,2.478e-4,2.126e-4,1.8e-4,1.555e-4,1.356e-4
IND,IND.21_1,SMIL,0.09906019071269556,0.090508064034247,0.08241213105069488,0.07516814988343676,0.06831992683757618,0.06194600552761653,97.82349093557187,97.82349093557187,97.82349093557187,97.82349093557187,97.82349093557187,97.82349093557187,0.001013,9.252e-4,8.425e-4,7.684e-4,6.984e-4,6.332e-4
IND,IND.22_1,SMIL,12.901704096125826,12.040764968159843,10.949822874979569,12.248047247776288,13.213047132053449,12.526306161557734,1116.744607346678,1116.744607346678,1116.744607346678,1116.744607346678,1116.744607346678,1116.744607346678,0.01155,0.01078,0.009805,0.01097,0.01183,0.01122
IND,IND.23_1,SMIL,0.09210891505788939,0.0785531837899051,0.06499745252192082,0.05144172125393654,0.03788598998595226,0.024617380074086568,1.0718211941080045,1.0718211941080045,1.0718211941080045,1.0718211941080045,1.0718211941080045,1.0718211941080045,0.08594,0.07329,0.06064,0.04799,0.03535,0.02297
IND,IND.24_1,SMIL,60.18104448259475,47.83812715465011,37.848487718906675,35.05053176419924,31.33088938778849,29.440045670322977,8941.807922582419,8941.807922582419,8941.807922582419,8941.807922582419,8941.807922582419,8941.807922582419,0.00673,0.00535,0.004233,0.00392,0.003504,0.003292
IND,IND.26_1,SMIL,127.8702795180271,136.94571073906047,130.45509561212617,153.64435493746737,170.29627985841566,188.7644991301941,8132.388175683645,8132.388175683645,8132.388175683645,8132.388175683645,8132.388175683645,8132.388175683645,0.01572,0.01684,0.01604,0.01889,0.02094,0.02321
IND,IND.27_1,SMIL,0,0,0,0,0,0,11.816688869304503,11.816688869304503,11.816688869304503,11.816688869304503,11.816688869304503,11.816688869304503,0,0,0,0,0,0
IND,IND.28_1,SMIL,0.0577641864122509,0.05064066833709029,0.04698346582609833,0.040407785365132995,0.03480171759776263,0.02825190595112125,17.887172977633636,17.887172977633636,17.887172977633636,17.887172977633636,17.887172977633636,17.887172977633636,0.003229,0.002831,0.002627,0.002259,0.001946,0.0015790000000000001
IND,IND.29_1,SMIL,0.019976148885452436,0.012020506212841554,0.004064863540230689,1.3255933109989693e-4,1.8930964017865453e-4,1.7351742955219613e-4,18.173609108427396,18.173609108427396,18.173609108427396,18.173609108427396,18.173609108427396,18.173609108427396,0.001099,6.614e-4,2.237e-4,7.294e-6,1.042e-5,9.548e-6
IND,IND.2_1,SMIL,42.90182062402982,35.74536495747551,29.371476283282078,26.041189265655422,23.85251973503552,21.169269451266757,14961.31093609888,14961.31093609888,14961.31093609888,14961.31093609888,14961.31093609888,14961.31093609888,0.002868,0.002389,0.001963,0.001741,0.001594,0.001415
IND,IND.30_1,SMIL,0.01554736177920708,0.01419541727666734,0.01284347277412759,0.06483110169054564,0.060743794448572155,0.05665648720659869,57.663289499485636,57.663289499485636,57.663289499485636,57.663289499485636,57.663289499485636,57.663289499485636,2.696e-4,2.462e-4,2.227e-4,0.001124,0.001053,9.825e-4
IND,IND.31_1,SMIL,4.908309149787296,4.528590718596831,4.219928055014884,12.986213334318885,15.654653195525727,18.91823958263308,30918.631176312843,30918.631176312843,30918.631176312843,30918.631176312843,30918.631176312843,30918.631176312843,1.587e-4,1.465e-4,1.365e-4,4.2e-4,5.063e-4,6.119e-4
IND,IND.32_1,SMIL,2.1318566430985992,1.859470612873022,1.5913367758140047,1.3307989874646025,1.091390843264217,0.985451943594471,452.459679976841,452.459679976841,452.459679976841,452.459679976841,452.459679976841,452.459679976841,0.004712,0.00411,0.003517,0.002941,0.002412,0.002178
IND,IND.33_1,SMIL,0.7795690720865343,0.9229273678080621,0.8915941149312306,2.4198800324857195,2.40962297453448,2.3579696536574253,97.8295315723178,97.8295315723178,97.8295315723178,97.8295315723178,97.8295315723178,97.8295315723178,0.007969,0.009434,0.009114,0.02474,0.02463,0.0241
IND,IND.34_1,SMIL,0.3027098656766378,0.26577026467903003,0.2291494986379036,0.19284292035272402,0.15655907821630616,0.12054058418909004,2399.0668607425355,2399.0668607425355,2399.0668607425355,2399.0668607425355,2399.0668607425355,2399.0668607425355,1.262e-4,1.108e-4,9.552e-5,8.038e-5,6.526e-5,5.024e-5
IND,IND.35_1,SMIL,2.83646667751754,2.953853024042338,2.9272119962665215,3.3245811143796926,3.5507241535377028,3.2587709145036494,12302.274146871972,12302.274146871972,12302.274146871972,12302.274146871972,12302.274146871972,12302.274146871972,2.306e-4,2.401e-4,2.379e-4,2.702e-4,2.886e-4,2.649e-4
IND,IND.36_1,SMIL,2.5373143457247043,2.141971571894943,1.798023766604645,1.5774518163348394,1.2902289062813854,1.08389458782761,914.3509601033934,914.3509601033934,914.3509601033934,914.3509601033934,914.3509601033934,914.3509601033934,0.002775,0.002343,0.001966,0.001725,0.001411,0.001185
IND,IND.3_1,SMIL,333.2211522913312,333.9705256058983,314.7460988708302,318.9827510407722,306.0945793180039,308.40759832365023,3242.5658577522913,3242.5658577522913,3242.5658577522913,3242.5658577522913,3242.5658577522913,3242.5658577522913,0.1028,0.103,0.09707,0.09837,0.0944,0.09511
IND,IND.4_1,SMIL,21.943097407847517,21.10405553520304,20.326774230064313,19.359722190813272,17.833772514177884,16.126337550151558,483.16071847026217,483.16071847026217,483.16071847026217,483.16071847026217,483.16071847026217,483.16071847026217,0.04542,0.04368,0.04207,0.04007,0.03691,0.03338
IND,IND.5_1,SMIL,0.072904613491746,0.054226810404179114,0.03895580170542678,0.02527732611350749,0.012486875380998025,0.007035810827246518,120.39349746827877,120.39349746827877,120.39349746827877,120.39349746827877,120.39349746827877,120.39349746827877,6.056e-4,4.504e-4,3.236e-4,2.1e-4,1.037e-4,5.844e-5
IND,IND.7_1,SMIL,193.16476304873265,181.97319544509463,187.71641542574287,219.08397267693866,222.13160887711206,221.17201685554525,6715.789193864659,6715.789193864659,6715.789193864659,6715.789193864659,6715.789193864659,6715.789193864659,0.02876,0.0271,0.02795,0.03262,0.03308,0.03293
IND,IND.8_1,SMIL,0,0,0,0,0,0,0.27569206483440617,0.27569206483440617,0.27569206483440617,0.27569206483440617,0.27569206483440617,0.27569206483440617,0,0,0,0,0,0
IRN,IRN.13_1,SMIL,0,0,0,0,0,0,0.024392725087249854,0.024392725087249854,0.024392725087249854,0.024392725087249854,0.024392725087249854,0.024392725087249854,0,0,0,0,0,0
IRN,IRN.14_1,SMIL,9.12104742902066e-5,5.472628457412395e-5,1.8242094858041316e-5,0,0,0,0.23158116034966086,0.23158116034966086,0.23158116034966086,0.23158116034966086,0.23158116034966086,0.23158116034966086,3.939e-4,2.363e-4,7.877e-5,0,0,0
IRN,IRN.16_1,SMIL,0,0,0,0,0,0,0.048803024448382956,0.048803024448382956,0.048803024448382956,0.048803024448382956,0.048803024448382956,0.048803024448382956,0,0,0,0,0,0
IRN,IRN.17_1,SMIL,4.1184879855263995e-5,3.6339599872291765e-5,3.149431988931952e-5,2.664903990634729e-5,2.1803759923375055e-5,1.695847994040282e-5,0.027203480344741217,0.027203480344741217,0.027203480344741217,0.027203480344741217,0.027203480344741217,0.027203480344741217,0.001514,0.001336,0.001158,9.796e-4,8.015e-4,6.234e-4
IRN,IRN.18_1,SMIL,1.518635250545258e-4,1.0847394646751846e-4,6.508436788051108e-5,2.169478929350369e-5,0,0,0.012928540400886979,0.012928540400886979,0.012928540400886979,0.012928540400886979,0.012928540400886979,0.012928540400886979,0.01175,0.00839,0.005034,0.001678,0,0
IRN,IRN.19_1,SMIL,0,0,0,0,0,0,0.06892299406161846,0.06892299406161846,0.06892299406161846,0.06892299406161846,0.06892299406161846,0.06892299406161846,0,0,0,0,0,0
IRN,IRN.1_1,SMIL,0,0,0,0,0,0,0.07935836968587548,0.07935836968587548,0.07935836968587548,0.07935836968587548,0.07935836968587548,0.07935836968587548,0,0,0,0,0,0
IRN,IRN.20_1,SMIL,0.0025083159264577817,0.002125419317284093,0.0018094495348589992,0.0015573841703636065,0.0013301190378783572,0.0011648043933754953,5.4514791819012,5.4514791819012,5.4514791819012,5.4514791819012,5.4514791819012,5.4514791819012,4.601e-4,3.899e-4,3.319e-4,2.857e-4,2.44e-4,2.137e-4
IRN,IRN.21_1,SMIL,0,0,0,0,0,0,0.0049223552341964485,0.0049223552341964485,0.0049223552341964485,0.0049223552341964485,0.0049223552341964485,0.0049223552341964485,0,0,0,0,0,0
IRN,IRN.22_1,SMIL,0,0,0,0,0,0,0.0014371008958291476,0.0014371008958291476,0.0014371008958291476,0.0014371008958291476,0.0014371008958291476,0.0014371008958291476,0,0,0,0,0,0
IRN,IRN.24_1,SMIL,0,0,0,0,0,0,0.36318159837717523,0.36318159837717523,0.36318159837717523,0.36318159837717523,0.36318159837717523,0.36318159837717523,0,0,0,0,0,0
IRN,IRN.25_1,SMIL,0,0,0,0,0,0,0.001441117919446812,0.001441117919446812,0.001441117919446812,0.001441117919446812,0.001441117919446812,0.001441117919446812,0,0,0,0,0,0
IRN,IRN.26_1,SMIL,0,0,0,0,0,0,0.044475198903873234,0.044475198903873234,0.044475198903873234,0.044475198903873234,0.044475198903873234,0.044475198903873234,0,0,0,0,0,0
IRN,IRN.28_1,SMIL,0,0,0,0,0,0,0.13336895452754935,0.13336895452754935,0.13336895452754935,0.13336895452754935,0.13336895452754935,0.13336895452754935,0,0,0,0,0,0
IRN,IRN.29_1,SMIL,8.932060795418098e-5,7.96368771183961e-5,6.995314628261119e-5,6.0269415446826296e-5,5.058568461104139e-5,4.0901953775256494e-5,1.3119728761503764,1.3119728761503764,1.3119728761503764,1.3119728761503764,1.3119728761503764,1.3119728761503764,6.808e-5,6.07e-5,5.332e-5,4.594e-5,3.856e-5,3.118e-5
IRN,IRN.2_1,SMIL,1.8154450541035092e-4,1.0892670324621054e-4,3.6308901082070184e-5,0,0,0,6.118912328857797,6.118912328857797,6.118912328857797,6.118912328857797,6.118912328857797,6.118912328857797,2.967e-5,1.78e-5,5.934e-6,0,0,0
IRN,IRN.31_1,SMIL,0,0,0,0,0,0,0.09737899771641273,0.09737899771641273,0.09737899771641273,0.09737899771641273,0.09737899771641273,0.09737899771641273,0,0,0,0,0,0
IRN,IRN.5_1,SMIL,0,0,0,0,0,0,0.9016754651610188,0.9016754651610188,0.9016754651610188,0.9016754651610188,0.9016754651610188,0.9016754651610188,0,0,0,0,0,0
IRN,IRN.6_1,SMIL,0,0,0,0,0,0,0.34597613438606567,0.34597613438606567,0.34597613438606567,0.34597613438606567,0.34597613438606567,0.34597613438606567,0,0,0,0,0,0
IRN,IRN.7_1,SMIL,0,0,0,3.115516196283287e-5,2.955746134935426e-5,2.7959760735875655e-5,0.8019293333904788,0.8019293333904788,0.8019293333904788,0.8019293333904788,0.8019293333904788,0.8019293333904788,0,0,0,3.885e-5,3.686e-5,3.487e-5
IRN,IRN.8_1,SMIL,0.0032316237882469,0.0029895413205823372,0.0027503780149357475,0.0025112147092891677,0.002272051403642578,0.002032888097995988,1.8870470989239927,1.8870470989239927,1.8870470989239927,1.8870470989239927,1.8870470989239927,1.8870470989239927,0.001713,0.001584,0.001458,0.001331,0.001204,0.001077
IRN,IRN.9_1,SMIL,0.024970115544480507,0.023666603046076574,0.02187086885318609,0.022139515633878625,0.0239523628622416,0.024287238681876166,24.7968930725502,24.7968930725502,24.7968930725502,24.7968930725502,24.7968930725502,24.7968930725502,0.001007,9.544e-4,8.82e-4,8.928e-4,9.659e-4,9.794e-4
IRQ,IRQ.12_1,SMIL,0,0,0,0,0,0,0.09563862095245722,0.09563862095245722,0.09563862095245722,0.09563862095245722,0.09563862095245722,0.09563862095245722,0,0,0,0,0,0
IRQ,IRQ.16_1,SMIL,2.498210088199925e-4,1.0929834240699692e-5,9.64397138885267e-6,8.358108537005647e-6,7.072245685158623e-6,5.786382833311601e-6,0.09643792828326209,0.09643792828326209,0.09643792828326209,0.09643792828326209,0.09643792828326209,0.09643792828326209,0.00259,1.133e-4,1e-4,8.667e-5,7.333e-5,6e-5
IRQ,IRQ.17_1,SMIL,0,0,0,0,0,0,0.6259741564159242,0.6259741564159242,0.6259741564159242,0.6259741564159242,0.6259741564159242,0.6259741564159242,0,0,0,0,0,0
IRQ,IRQ.18_1,SMIL,0,0,0,0,0,0,0.002154212943782845,0.002154212943782845,0.002154212943782845,0.002154212943782845,0.002154212943782845,0.002154212943782845,0,0,0,0,0,0
IRQ,IRQ.5_1,SMIL,0,0,0,0,0,0,0.06316347318423181,0.06316347318423181,0.06316347318423181,0.06316347318423181,0.06316347318423181,0.06316347318423181,0,0,0,0,0,0
IRQ,IRQ.6_1,SMIL,0,0,0,0,0,0,0.002061092422032237,0.002061092422032237,0.002061092422032237,0.002061092422032237,0.002061092422032237,0.002061092422032237,0,0,0,0,0,0
ISR,ISR.1_1,SMIL,0,0,0,0,0,0,0.009224939443741646,0.009224939443741646,0.009224939443741646,0.009224939443741646,0.009224939443741646,0.009224939443741646,0,0,0,0,0,0
JPN,JPN.16_1,SMIL,0,0,0,0,0,0,0.0027792584794051113,0.0027792584794051113,0.0027792584794051113,0.0027792584794051113,0.0027792584794051113,0.0027792584794051113,0,0,0,0,0,0
JPN,JPN.2_1,SMIL,0,0,0,0,0,0,9.02149803861223e-4,9.02149803861223e-4,9.02149803861223e-4,9.02149803861223e-4,9.02149803861223e-4,9.02149803861223e-4,0,0,0,0,0,0
JPN,JPN.3_1,SMIL,0.03699368759998547,0.03190127976364704,0.027349489929706903,0.023116829432043854,0.01906126951724617,0.015062613095183381,15.708007660423737,15.708007660423737,15.708007660423737,15.708007660423737,15.708007660423737,15.708007660423737,0.002355,0.002031,0.001741,0.001472,0.001213,9.589e-4
KAZ,KAZ.10_1,SMIL,0.012882235067081181,0.00904780195376852,0.005931059618029005,0.002976360005332507,0.0012549866263695073,8.91763914753501e-4,4.051831572612508,4.051831572612508,4.051831572612508,4.051831572612508,4.051831572612508,4.051831572612508,0.003179,0.002233,0.001464,7.346e-4,3.097e-4,2.201e-4
KAZ,KAZ.11_1,SMIL,0.06349032319598137,0.054385047455949576,0.04570032730323743,0.037249266993679676,0.02885309025447282,0.02051657734967487,26.46554314909015,26.46554314909015,26.46554314909015,26.46554314909015,26.46554314909015,26.46554314909015,0.002399,0.002055,0.001727,0.001407,0.00109,7.752e-4
KAZ,KAZ.12_1,SMIL,0.09175903990750395,0.0839804277852771,0.07631138876760728,0.06866681883090191,0.061058156997929394,0.0534771908551782,275.06852647133206,275.06852647133206,275.06852647133206,275.06852647133206,275.06852647133206,275.06852647133206,3.336e-4,3.053e-4,2.774e-4,2.496e-4,2.22e-4,1.944e-4
KAZ,KAZ.13_1,SMIL,0.010522326056503958,0.008873311638117828,0.007247422544362609,0.00566777185242019,0.004117540132896239,0.0025714687892848163,1.075088054234908,1.075088054234908,1.075088054234908,1.075088054234908,1.075088054234908,1.075088054234908,0.009787,0.008254,0.006741,0.005272,0.00383,0.002392
KAZ,KAZ.14_1,SMIL,0.011567134422839236,0.009557354817682382,0.007931621375849893,0.006409926280895709,0.004906279367926655,0.003483233914557334,7.477628803979261,7.477628803979261,7.477628803979261,7.477628803979261,7.477628803979261,7.477628803979261,0.001547,0.001278,0.001061,8.572e-4,6.561e-4,4.658e-4
KAZ,KAZ.1_1,SMIL,0.03417407429822704,0.030055936884744894,0.026095834914016344,0.022157780147514003,0.01827029977469795,0.014428874661433357,34.862524509398064,34.862524509398064,34.862524509398064,34.862524509398064,34.862524509398064,34.862524509398064,9.803e-4,8.621e-4,7.485e-4,6.356e-4,5.241e-4,4.139e-4
KAZ,KAZ.2_1,SMIL,4.7468649490216676e-4,2.4253776229775617e-4,1.2082228538336116e-4,3.877644648136361e-5,0,0,0.9731388676664328,0.9731388676664328,0.9731388676664328,0.9731388676664328,0.9731388676664328,0.9731388676664328,4.878e-4,2.492e-4,1.242e-4,3.985e-5,0,0
KAZ,KAZ.3_1,SMIL,2.712071578402953e-4,2.3758631890614452e-4,2.0396547997199383e-4,1.7034464103784301e-4,1.40739703106537e-4,1.1515066617807572e-4,4.511753710210613,4.511753710210613,4.511753710210613,4.511753710210613,4.511753710210613,4.511753710210613,6.011e-5,5.266e-5,4.521e-5,3.776e-5,3.119e-5,2.552e-5
KAZ,KAZ.5_1,SMIL,0.01995851609503001,0.01596683880863201,0.012347830225096713,0.008881689418794804,0.0055446850694514365,0.002235858385530127,0.4279172652345301,0.4279172652345301,0.4279172652345301,0.4279172652345301,0.4279172652345301,0.4279172652345301,0.04664,0.03731,0.02886,0.02076,0.01296,0.005225
KAZ,KAZ.7_1,SMIL,0.005469350832300694,0.0036512485998578814,0.0020694394253760254,8.50202684602788e-4,2.1795390181988288e-4,6.979556486416009e-5,0.29455122215255924,0.29455122215255924,0.29455122215255924,0.29455122215255924,0.29455122215255924,0.29455122215255924,0.01857,0.0124,0.007026,0.002886,7.4e-4,2.37e-4
KAZ,KAZ.8_1,SMIL,5.67210255193047,5.123649439030199,4.576998067001181,4.033824671584617,3.4953950036320354,2.9578388576583756,2.7340543577506478,2.7340543577506478,2.7340543577506478,2.7340543577506478,2.7340543577506478,2.7340543577506478,2.075,1.874,1.674,1.475,1.278,1.082
KEN,KEN.10_1,SMIL,0.0016957867910823575,0.0015743569142722539,0.0035300638339838095,0.0033021141214546463,0.0030741644089254862,0.003295693390753811,3.046674834800084,3.046674834800084,3.046674834800084,3.046674834800084,3.046674834800084,3.046674834800084,5.566e-4,5.167e-4,0.001159,0.001084,0.001009,0.001082
KEN,KEN.11_1,SMIL,0,0,0,0,0,0,331.05835520611305,331.05835520611305,331.05835520611305,331.05835520611305,331.05835520611305,331.05835520611305,0,0,0,0,0,0
KEN,KEN.12_1,SMIL,0.018408995162536277,0.017288355672522206,0.016167716182508115,0.02163106713818787,0.020172787112497162,0.01871450708680649,347.2222494103431,347.2222494103431,347.2222494103431,347.2222494103431,347.2222494103431,347.2222494103431,5.302e-5,4.979e-5,4.656e-5,6.23e-5,5.81e-5,5.39e-5
KEN,KEN.13_1,SMIL,0.008921722508508105,0.008459379183515896,0.00799703585852369,0.007534692533531481,0.007648795468664782,0.007156890796999472,2.177697140035402,2.177697140035402,2.177697140035402,2.177697140035402,2.177697140035402,2.177697140035402,0.004097,0.003885,0.003672,0.00346,0.003512,0.003286
KEN,KEN.14_1,SMIL,5.262602722433731e-4,6.950682485835554e-4,6.486144283037548e-4,6.105410487811418e-4,6.50557297940109e-4,5.992173096403785e-4,17.074651986894423,17.074651986894423,17.074651986894423,17.074651986894423,17.074651986894423,17.074651986894423,3.082e-5,4.071e-5,3.799e-5,3.576e-5,3.81e-5,3.509e-5
KEN,KEN.15_1,SMIL,6.44334242949938e-6,5.829690769547058e-6,5.2160391095947366e-6,4.602387449642415e-6,6.663179745434719e-5,6.280568109364321e-5,2.5639821772049536,2.5639821772049536,2.5639821772049536,2.5639821772049536,2.5639821772049536,2.5639821772049536,2.513e-6,2.274e-6,2.034e-6,1.795e-6,2.599e-5,2.45e-5
KEN,KEN.16_1,SMIL,0,0,0,0,0.05006190336900175,0.047494626273155496,1992.7455441201685,1992.7455441201685,1992.7455441201685,1992.7455441201685,1992.7455441201685,1992.7455441201685,0,0,0,0,2.512e-5,2.383e-5
KEN,KEN.17_1,SMIL,0,0,0,0.002020770501338387,0.0019171412448594908,0.0018135119883806046,41.41643067960653,41.41643067960653,41.41643067960653,41.41643067960653,41.41643067960653,41.41643067960653,0,0,0,4.879e-5,4.629e-5,4.379e-5
KEN,KEN.18_1,SMIL,0.009772377168110715,0.010770424951331537,0.009773006014364786,0.008775587077398046,0.007778168140431306,0.006780749203464556,15.91972016034458,15.91972016034458,15.91972016034458,15.91972016034458,15.91972016034458,15.91972016034458,6.139e-4,6.765e-4,6.139e-4,5.512e-4,4.886e-4,4.259e-4
KEN,KEN.19_1,SMIL,0.004112548498908534,0.004017619760209689,0.0037834571733553275,0.003512360751591591,0.003258539017341193,0.003570756267685306,4.041625649146655,4.041625649146655,4.041625649146655,4.041625649146655,4.041625649146655,4.041625649146655,0.001018,9.941e-4,9.361e-4,8.69e-4,8.062e-4,8.835e-4
KEN,KEN.1_1,SMIL,63.18070154090643,77.6287132427448,86.03755216080921,99.94837558317784,106.74840669085006,108.30607057577659,786.9044515651265,786.9044515651265,786.9044515651265,786.9044515651265,786.9044515651265,786.9044515651265,0.08029,0.09865,0.1093,0.127,0.1357,0.1376
KEN,KEN.20_1,SMIL,0.1341314779152639,0.35075495222546976,0.7925842903094125,6.778035042369257,6.802652795573227,6.454188731684993,14.247197285425448,14.247197285425448,14.247197285425448,14.247197285425448,14.247197285425448,14.247197285425448,0.009415,0.02462,0.05563,0.4757,0.4775,0.453
KEN,KEN.21_1,SMIL,0.1306295728029214,0.19335861284235073,0.2028145576066506,0.2006162810331742,0.186473562827127,0.1723308446210797,165.10031350034916,165.10031350034916,165.10031350034916,165.10031350034916,165.10031350034916,165.10031350034916,7.912e-4,0.001171,0.001228,0.001215,0.001129,0.001044
KEN,KEN.22_1,SMIL,0.09629154146006273,0.09140951869155356,0.09774794658452715,0.1522599604501045,0.2559457333084868,0.26647506543525395,99.6490699644819,99.6490699644819,99.6490699644819,99.6490699644819,99.6490699644819,99.6490699644819,9.663e-4,9.173e-4,9.809e-4,0.001528,0.002568,0.002674
KEN,KEN.23_1,SMIL,0.0502743476954141,0.060359672230003186,0.057046848622603,0.06137501744911321,0.10134616138146664,0.09546214294877567,499.86925339954047,499.86925339954047,499.86925339954047,499.86925339954047,499.86925339954047,499.86925339954047,1.006e-4,1.208e-4,1.141e-4,1.228e-4,2.027e-4,1.91e-4
KEN,KEN.26_1,SMIL,1.3530660608054879,1.2669939902721954,1.183637862319437,1.1313276098509695,1.139521089428123,3.2387097768808277,488.54272683673634,488.54272683673634,488.54272683673634,488.54272683673634,488.54272683673634,488.54272683673634,0.00277,0.002593,0.002423,0.002316,0.002332,0.006629
KEN,KEN.27_1,SMIL,0,0,0,0,0,0,583.8493113429383,583.8493113429383,583.8493113429383,583.8493113429383,583.8493113429383,583.8493113429383,0,0,0,0,0,0
KEN,KEN.28_1,SMIL,4.889058102790621e-4,4.5027955097201285e-4,4.1165329166496345e-4,3.7302703235791415e-4,3.3440077305086475e-4,2.957745137438154e-4,0.19520133108720944,0.19520133108720944,0.19520133108720944,0.19520133108720944,0.19520133108720944,0.19520133108720944,0.002505,0.002307,0.002109,0.001911,0.001713,0.001515
KEN,KEN.29_1,SMIL,5.841438664465858e-4,5.52568522314338e-4,5.2099317818209e-4,4.894178340498421e-4,4.578424899175944e-4,4.262671457853464e-4,2.386987924591844,2.386987924591844,2.386987924591844,2.386987924591844,2.386987924591844,2.386987924591844,2.447e-4,2.315e-4,2.183e-4,2.05e-4,1.918e-4,1.786e-4
KEN,KEN.2_1,SMIL,0.01080521195200209,0.0102272676255004,0.0096493232989987,0.009071378972497,0.00849343464599531,0.00791549031949362,1269.901404787852,1269.901404787852,1269.901404787852,1269.901404787852,1269.901404787852,1269.901404787852,8.509e-6,8.054e-6,7.598e-6,7.143e-6,6.688e-6,6.233e-6
KEN,KEN.30_1,SMIL,0,0,0,0,0,0,0.003793258168092679,0.003793258168092679,0.003793258168092679,0.003793258168092679,0.003793258168092679,0.003793258168092679,0,0,0,0,0,0
KEN,KEN.31_1,SMIL,0.18911532318882787,0.19787164506649557,0.19178774638780174,0.2484205794963176,0.25563016117028425,0.3532962992334331,167.59246798584903,167.59246798584903,167.59246798584903,167.59246798584903,167.59246798584903,167.59246798584903,0.001128,0.001181,0.001144,0.001482,0.001525,0.002108
KEN,KEN.32_1,SMIL,7.364481828119073e-4,0.0014192146815032727,0.0015580096292423155,0.001681739327479902,0.002129916579125987,0.0030571696089142257,101.24137049974081,101.24137049974081,101.24137049974081,101.24137049974081,101.24137049974081,101.24137049974081,7.274e-6,1.402e-5,1.539e-5,1.661e-5,2.104e-5,3.02e-5
KEN,KEN.33_1,SMIL,1.5606895150870326,2.01110556589525,2.1753766961685423,3.4104230346982107,3.8227729420258396,4.166501353374675,720.638793188911,720.638793188911,720.638793188911,720.638793188911,720.638793188911,720.638793188911,0.002166,0.002791,0.003019,0.004732,0.005305,0.005782
KEN,KEN.34_1,SMIL,0,0,0,0,0,0,2015.317044010382,2015.317044010382,2015.317044010382,2015.317044010382,2015.317044010382,2015.317044010382,0,0,0,0,0,0
KEN,KEN.35_1,SMIL,0.03218121080624435,0.03021468962332897,0.028248168440413612,0.02628164725749824,0.024315126074582867,0.022348604891667498,7.001566441601011,7.001566441601011,7.001566441601011,7.001566441601011,7.001566441601011,7.001566441601011,0.004596,0.004315,0.004035,0.003754,0.003473,0.003192
KEN,KEN.36_1,SMIL,8.291101444446284e-5,7.8659167549875e-5,7.440732065528717e-5,7.015547376069933e-5,6.590362686611149e-5,6.165177997152366e-5,0.5579603631120069,0.5579603631120069,0.5579603631120069,0.5579603631120069,0.5579603631120069,0.5579603631120069,1.486e-4,1.41e-4,1.334e-4,1.257e-4,1.181e-4,1.105e-4
KEN,KEN.37_1,SMIL,0,0,0,0,0,0,0.019309188113000114,0.019309188113000114,0.019309188113000114,0.019309188113000114,0.019309188113000114,0.019309188113000114,0,0,0,0,0,0
KEN,KEN.38_1,SMIL,0,0,0,0,0,0,245.38214813497427,245.38214813497427,245.38214813497427,245.38214813497427,245.38214813497427,245.38214813497427,0,0,0,0,0,0
KEN,KEN.39_1,SMIL,0,0,0,0,0,0,0.4596786669189387,0.4596786669189387,0.4596786669189387,0.4596786669189387,0.4596786669189387,0.4596786669189387,0,0,0,0,0,0
KEN,KEN.3_1,SMIL,0,0,0,0,0,0,619.8448842594497,619.8448842594497,619.8448842594497,619.8448842594497,619.8448842594497,619.8448842594497,0,0,0,0,0,0
KEN,KEN.40_1,SMIL,1.0261036801638868e-4,9.283795201482784e-5,8.306553601326701e-5,7.329312001170618e-5,6.352070401014536e-5,5.374828800858453e-5,1.9567883681873748,1.9567883681873748,1.9567883681873748,1.9567883681873748,1.9567883681873748,1.9567883681873748,5.244e-5,4.744e-5,4.245e-5,3.746e-5,3.246e-5,2.747e-5
KEN,KEN.41_1,SMIL,0,0,0,0,0,0,15.338404474847058,15.338404474847058,15.338404474847058,15.338404474847058,15.338404474847058,15.338404474847058,0,0,0,0,0,0
KEN,KEN.42_1,SMIL,0.01620457198496745,0.01526373916469116,0.014322906344414896,0.013382073524138612,0.012441240703862337,0.01150040788358606,201.37299697461037,201.37299697461037,201.37299697461037,201.37299697461037,201.37299697461037,201.37299697461037,8.047e-5,7.58e-5,7.113e-5,6.645e-5,6.178e-5,5.711e-5
KEN,KEN.43_1,SMIL,6.864558435177043e-4,6.210790965160182e-4,5.557023495143321e-4,4.90325602512646e-4,4.2494885551095984e-4,3.595721085092737e-4,1.092720244767024,1.092720244767024,1.092720244767024,1.092720244767024,1.092720244767024,1.092720244767024,6.282e-4,5.684e-4,5.085e-4,4.487e-4,3.889e-4,3.291e-4
KEN,KEN.44_1,SMIL,0.01237061177289113,0.01157701174811838,0.01078341172334563,0.00998981169857288,0.00919621167380014,0.00840261164902739,136.5530274227766,136.5530274227766,136.5530274227766,136.5530274227766,136.5530274227766,136.5530274227766,9.059e-5,8.478e-5,7.897e-5,7.316e-5,6.735e-5,6.153e-5
KEN,KEN.45_1,SMIL,0,0,0,0,0,0,33.09626910824319,33.09626910824319,33.09626910824319,33.09626910824319,33.09626910824319,33.09626910824319,0,0,0,0,0,0
KEN,KEN.47_1,SMIL,11.124229165119258,11.709521368379738,14.003581225359865,15.92007411456696,17.242674250174886,17.651361717289245,313.78425950683135,313.78425950683135,313.78425950683135,313.78425950683135,313.78425950683135,313.78425950683135,0.03545,0.03732,0.04463,0.05074,0.05495,0.05625
KEN,KEN.4_1,SMIL,0,0,0,0,0,0,1222.1458604125526,1222.1458604125526,1222.1458604125526,1222.1458604125526,1222.1458604125526,1222.1458604125526,0,0,0,0,0,0
KEN,KEN.5_1,SMIL,11.902157882046003,12.350202124557647,17.69235366196603,20.658228516783378,20.577605402640213,19.703622963026394,745.4815802006144,745.4815802006144,745.4815802006144,745.4815802006144,745.4815802006144,745.4815802006144,0.01597,0.01657,0.02373,0.02771,0.0276,0.02643
KEN,KEN.6_1,SMIL,5.719896430213939e-4,5.175144389241182e-4,4.6303923482684265e-4,8.397014940723386e-4,0.001390641290864759,0.0012818757238065998,4.176459333932424,4.176459333932424,4.176459333932424,4.176459333932424,4.176459333932424,4.176459333932424,1.37e-4,1.239e-4,1.109e-4,2.011e-4,3.33e-4,3.069e-4
KEN,KEN.7_1,SMIL,0,0,0,0,0,0,2.9323455498258886,2.9323455498258886,2.9323455498258886,2.9323455498258886,2.9323455498258886,2.9323455498258886,0,0,0,0,0,0
KEN,KEN.8_1,SMIL,8.837289814688416e-5,8.332301825277649e-5,7.827313835866882e-5,7.322325846456116e-5,6.81733785704535e-5,6.312349867634582e-5,211.78958715520437,211.78958715520437,211.78958715520437,211.78958715520437,211.78958715520437,211.78958715520437,4.173e-7,3.934e-7,3.696e-7,3.457e-7,3.219e-7,2.98e-7
KEN,KEN.9_1,SMIL,0,0,0,0,0,0,0.7383499618244185,0.7383499618244185,0.7383499618244185,0.7383499618244185,0.7383499618244185,0.7383499618244185,0,0,0,0,0,0
KGZ,KGZ.1_1,SMIL,0,0,0,0,0,0,0.0158267797677673,0.0158267797677673,0.0158267797677673,0.0158267797677673,0.0158267797677673,0.0158267797677673,0,0,0,0,0,0
KGZ,KGZ.3_1,SMIL,2.5159161441347134e-4,3.4772383409793794e-5,1.933812560113437e-5,1.0167005656422905e-5,2.790722842033587e-6,0,0.008258735119667331,0.008258735119667331,0.008258735119667331,0.008258735119667331,0.008258735119667331,0.008258735119667331,0.03046,0.00421,0.002342,0.001231,3.379e-4,0
KGZ,KGZ.4_1,SMIL,1.1910446347042647e-5,9.26368049214428e-6,6.6169146372459154e-6,3.970148782347549e-6,1.3233829274491832e-6,0,0.3958602790929289,0.3958602790929289,0.3958602790929289,0.3958602790929289,0.3958602790929289,0.3958602790929289,3.009e-5,2.34e-5,1.672e-5,1.003e-5,3.343e-6,0
KGZ,KGZ.8_1,SMIL,0,0,0,0,0,0,0.0028774512612257637,0.0028774512612257637,0.0028774512612257637,0.0028774512612257637,0.0028774512612257637,0.0028774512612257637,0,0,0,0,0,0
KGZ,KGZ.9_1,SMIL,1.4154722870781188e-5,1.2664752042277906e-5,1.1174781213774624e-5,9.68481038527134e-6,8.194839556768056e-6,6.704868728264773e-6,0.00849316748970925,0.00849316748970925,0.00849316748970925,0.00849316748970925,0.00849316748970925,0.00849316748970925,0.001667,0.001491,0.001316,0.00114,9.649e-4,7.894e-4
KOR,KOR.10_1,SMIL,0.034369570269279934,0.03238465528146056,0.030399740293641182,0.02841482530582179,0.0264324315072096,0.024453776274764184,3.247501753770637,3.247501753770637,3.247501753770637,3.247501753770637,3.247501753770637,3.247501753770637,0.01058,0.009972,0.009361,0.00875,0.008139,0.00753
KOR,KOR.11_1,SMIL,8.446243684931888e-6,6.033031203522779e-6,3.6198187221136663e-6,1.2066062407045556e-6,0,0,0.023011523616722446,0.023011523616722446,0.023011523616722446,0.023011523616722446,0.023011523616722446,0.023011523616722446,3.67e-4,2.622e-4,1.573e-4,5.243e-5,0,0
KOR,KOR.12_1,SMIL,0.07683490918710138,0.06631603712431207,0.05584854928243301,0.045082291786121914,0.03663892731265975,0.036911648961624466,10.02599410141974,10.02599410141974,10.02599410141974,10.02599410141974,10.02599410141974,10.02599410141974,0.007664,0.006614,0.00557,0.004497,0.003654,0.003682
KOR,KOR.13_1,SMIL,6.221834116317111e-4,5.747348506531876e-4,5.27286289674664e-4,4.798377286961404e-4,4.323891677176169e-4,3.8494060673909333e-4,1.5409394891145476,1.5409394891145476,1.5409394891145476,1.5409394891145476,1.5409394891145476,1.5409394891145476,4.038e-4,3.73e-4,3.422e-4,3.114e-4,2.806e-4,2.498e-4
KOR,KOR.14_1,SMIL,0.028492371985788415,0.02394508843263769,0.019397804879486936,0.014850521326336201,0.010303237773185467,0.005755954220034719,1.1708133600359754,1.1708133600359754,1.1708133600359754,1.1708133600359754,1.1708133600359754,1.1708133600359754,0.02434,0.02045,0.01657,0.01268,0.0088,0.004916
KOR,KOR.15_1,SMIL,0.0014537009664272,0.0016994833613697,0.00154136075711373,0.00138323815285776,0.00122511554860178,0.00106699294434581,0.03455698702528096,0.03455698702528096,0.03455698702528096,0.03455698702528096,0.03455698702528096,0.03455698702528096,0.04207,0.04918,0.0446,0.04003,0.03545,0.03088
KOR,KOR.17_1,SMIL,0,0,0,0,0,0,0.04501108884292742,0.04501108884292742,0.04501108884292742,0.04501108884292742,0.04501108884292742,0.04501108884292742,0,0,0,0,0,0
KOR,KOR.1_1,SMIL,2.358279930029309e-5,1.4417175885343114e-5,7.3757731334010926e-6,2.458591044467031e-6,0,0,0.03878313030523553,0.03878313030523553,0.03878313030523553,0.03878313030523553,0.03878313030523553,0.03878313030523553,6.081e-4,3.717e-4,1.902e-4,6.339e-5,0,0
KOR,KOR.2_1,SMIL,0.007698580960603775,0.007124940965647928,0.0065636465808832116,0.006983357742104257,0.006390808986661996,0.006013038923006894,0.9722407219091642,0.9722407219091642,0.9722407219091642,0.9722407219091642,0.9722407219091642,0.9722407219091642,0.007918,0.007328,0.006751,0.007183,0.006573,0.006185
KOR,KOR.3_1,SMIL,1.29931939353413e-4,1.1658164800272773e-4,1.0323135665204248e-4,8.988106530135719e-5,7.786588830774803e-5,6.799299092763889e-5,1.4336397489952417,1.4336397489952417,1.4336397489952417,1.4336397489952417,1.4336397489952417,1.4336397489952417,9.063e-5,8.132e-5,7.201e-5,6.269e-5,5.431e-5,4.743e-5
KOR,KOR.4_1,SMIL,0,0,0,0,0,0,0.010657937587829472,0.010657937587829472,0.010657937587829472,0.010657937587829472,0.010657937587829472,0.010657937587829472,0,0,0,0,0,0
KOR,KOR.5_1,SMIL,6.433592637647507e-4,5.676699386159566e-4,4.919806134671623e-4,0.003196786175714508,0.002978507369160784,0.0029716600532693855,0.05129864347814168,0.05129864347814168,0.05129864347814168,0.05129864347814168,0.05129864347814168,0.05129864347814168,0.01254,0.01107,0.009591,0.06232,0.05806,0.05793
KOR,KOR.6_1,SMIL,0.011920179939443118,0.010424330253927104,0.02287048742700309,0.027646149720620492,0.027230578643877186,0.024764981709928878,0.5349920672059413,0.5349920672059413,0.5349920672059413,0.5349920672059413,0.5349920672059413,0.5349920672059413,0.02228,0.01949,0.04275,0.05168,0.0509,0.04629
KOR,KOR.7_1,SMIL,0,0,0,0,0,0,0.03636750164636967,0.03636750164636967,0.03636750164636967,0.03636750164636967,0.03636750164636967,0.03636750164636967,0,0,0,0,0,0
KOR,KOR.8_1,SMIL,0.022744652697702084,0.021807650917116377,0.020373589129991432,0.018940361519935056,0.017511998955193946,0.016681405427632436,1.5572968182662077,1.5572968182662077,1.5572968182662077,1.5572968182662077,1.5572968182662077,1.5572968182662077,0.01461,0.014,0.01308,0.01216,0.01125,0.01071
KOR,KOR.9_1,SMIL,0.003001710262848946,0.004113543216867059,0.003766834370733056,0.007964909858294894,0.007733238448850448,0.007148723881468873,1.874632818412191,1.874632818412191,1.874632818412191,1.874632818412191,1.874632818412191,1.874632818412191,0.001601,0.002194,0.002009,0.004249,0.004125,0.003813
LAO,LAO.10_1,SMIL,0.0019402319942981095,0.0021731455871346144,0.0020639906197105003,0.0019177988157826138,0.0019276387338253824,0.0018088474307272372,0.46700036942578443,0.46700036942578443,0.46700036942578443,0.46700036942578443,0.46700036942578443,0.46700036942578443,0.004155,0.004653,0.00442,0.004107,0.004128,0.003873
LAO,LAO.5_1,SMIL,0.020194398856773425,0.017091347040536813,0.013943952806845596,0.015281930401899705,0.013743718447251621,0.012169689737313276,14.906280897560555,14.906280897560555,14.906280897560555,14.906280897560555,14.906280897560555,14.906280897560555,0.001355,0.001147,9.354e-4,0.001025,9.22e-4,8.164e-4
LAO,LAO.7_1,SMIL,0,0,0,0,0,0,0.022346006657301975,0.022346006657301975,0.022346006657301975,0.022346006657301975,0.022346006657301975,0.022346006657301975,0,0,0,0,0,0
LAO,LAO.8_1,SMIL,0.0011578760244290508,7.170783976731167e-4,3.2663209323421797e-4,1.0578196719181403e-4,3.526065573060468e-5,0,2.422326760520759,2.422326760520759,2.422326760520759,2.422326760520759,2.422326760520759,2.422326760520759,4.78e-4,2.96e-4,1.348e-4,4.367e-5,1.456e-5,0
LBY,LBY.2_1,SMIL,1.436462295594754,1.3336444560206242,1.2308266164464947,1.9842168614886089,4.744589053116235,4.448781150838444,886.4083024768028,886.4083024768028,886.4083024768028,886.4083024768028,886.4083024768028,886.4083024768028,0.001621,0.001505,0.001389,0.002238,0.005353,0.005019
LBY,LBY.7_1,SMIL,0.02143556456540196,0.0182657739030129,0.015095983240623851,0.01192619257823479,0.009052813796861806,0.00672914156102366,92.99987136423665,92.99987136423665,92.99987136423665,92.99987136423665,92.99987136423665,92.99987136423665,2.305e-4,1.964e-4,1.623e-4,1.282e-4,9.734e-5,7.236e-5
LKA,LKA.10_1,SMIL,0,0,0,0,0,0,0.11760023526313226,0.11760023526313226,0.11760023526313226,0.11760023526313226,0.11760023526313226,0.11760023526313226,0,0,0,0,0,0
LKA,LKA.11_1,SMIL,0.046162554678928186,0.03947901973612695,0.034501627134997825,0.033810656281851356,0.03092044396449949,0.05538677597317127,1.0314219308713353,1.0314219308713353,1.0314219308713353,1.0314219308713353,1.0314219308713353,1.0314219308713353,0.04476,0.03828,0.03345,0.03278,0.02998,0.0537
LKA,LKA.12_1,SMIL,0.06689634973051364,0.05867264138119445,0.050448933031875226,0.04222522468255602,0.03400151633323681,0.025777807983917576,0.17856094995510208,0.17856094995510208,0.17856094995510208,0.17856094995510208,0.17856094995510208,0.17856094995510208,0.3746,0.3286,0.2825,0.2365,0.1904,0.1444
LKA,LKA.13_1,SMIL,0.019962661607890068,0.01712727104195936,0.014291880476028657,0.011456489910097943,0.008621099344167228,0.005785708778236512,0.5019540912080506,0.5019540912080506,0.5019540912080506,0.5019540912080506,0.5019540912080506,0.5019540912080506,0.03977,0.03412,0.02847,0.02282,0.01718,0.01153
LKA,LKA.14_1,SMIL,0.03661694016200698,0.032208389402570606,0.027881024426107587,0.023468310293185395,0.01914768261238017,0.014797835873467014,10.171485239265133,10.171485239265133,10.171485239265133,10.171485239265133,10.171485239265133,10.171485239265133,0.0036,0.003167,0.002741,0.002307,0.001882,0.001455
LKA,LKA.15_1,SMIL,0.014466323284656689,0.012456281796681047,0.010446240308705397,0.008436198820729745,0.006426157332754107,0.004416115844778458,0.030522135087354012,0.030522135087354012,0.030522135087354012,0.030522135087354012,0.030522135087354012,0.030522135087354012,0.474,0.4081,0.3423,0.2764,0.2105,0.1447
LKA,LKA.16_1,SMIL,2.3644815753919132e-4,2.221179661731797e-4,8.923167468492118e-4,0.0011203021651169012,0.001056641274698374,0.0019157411316437205,0.5937641673705075,0.5937641673705075,0.5937641673705075,0.5937641673705075,0.5937641673705075,0.5937641673705075,3.982e-4,3.741e-4,0.001503,0.001887,0.00178,0.003226
LKA,LKA.17_1,SMIL,1.0073386570969273e-4,8.82681357868905e-5,7.580240586408823e-5,6.333667594128598e-5,5.0870946018483716e-5,3.8405216095681465e-5,0.5800692102061287,0.5800692102061287,0.5800692102061287,0.5800692102061287,0.5800692102061287,0.5800692102061287,1.737e-4,1.522e-4,1.307e-4,1.092e-4,8.77e-5,6.621e-5
LKA,LKA.18_1,SMIL,1.2082247817173744,1.0615512248118242,0.914877667906274,0.7682041110007239,0.6215305540951738,0.47524792508725033,10.647858358153224,10.647858358153224,10.647858358153224,10.647858358153224,10.647858358153224,10.647858358153224,0.1135,0.0997,0.08592,0.07215,0.05837,0.04463
LKA,LKA.19_1,SMIL,0.043707516883701635,0.03778960494681769,0.031871693009933755,0.025953781073049815,0.02003586913616588,0.014117957199281944,0.043540111048990596,0.043540111048990596,0.043540111048990596,0.043540111048990596,0.043540111048990596,0.043540111048990596,1.004,0.8679,0.732,0.5961,0.4602,0.3243
LKA,LKA.1_1,SMIL,0.2860125334901037,0.25137416073672963,0.21678790793344452,0.1822036634824205,0.14755970503312887,0.11346906653115348,3.9668419480645727,3.9668419480645727,3.9668419480645727,3.9668419480645727,3.9668419480645727,3.9668419480645727,0.0721,0.06337,0.05465,0.04593,0.0372,0.0286
LKA,LKA.20_1,SMIL,0.21077472383303325,0.1867383054453309,0.1627018870576285,0.13866546866992613,0.11462905028222377,0.10198321256373538,7.044183759983765,7.044183759983765,7.044183759983765,7.044183759983765,7.044183759983765,7.044183759983765,0.02992,0.02651,0.0231,0.01969,0.01627,0.01448
LKA,LKA.21_1,SMIL,0.5174436831888042,0.4470290364615603,0.37661438973431643,0.3061997430070726,0.23578509627982872,0.1653704495525849,0.05448223105912077,0.05448223105912077,0.05448223105912077,0.05448223105912077,0.05448223105912077,0.05448223105912077,9.497,8.205,6.913,5.62,4.328,3.035
LKA,LKA.22_1,SMIL,0.01435452962983596,0.012376135681291854,0.010397741732747736,0.008419347784203612,0.006440953835659496,0.004462559887115382,2.0627141312347375,2.0627141312347375,2.0627141312347375,2.0627141312347375,2.0627141312347375,2.0627141312347375,0.006959,0.006,0.005041,0.004082,0.003123,0.002163
LKA,LKA.23_1,SMIL,0.07560273277219451,0.0659134750482939,0.05622421732439327,0.04653495960049265,0.03684570187659201,0.027156444152691386,7.811987983893481,7.811987983893481,7.811987983893481,7.811987983893481,7.811987983893481,7.811987983893481,0.009678,0.008437,0.007197,0.005957,0.004717,0.003476
LKA,LKA.24_1,SMIL,0.13194851695064894,0.11419076869912921,0.09643302044760949,0.07867527219608983,0.06091752394457014,0.04315977569305041,0.31770501936278,0.31770501936278,0.31770501936278,0.31770501936278,0.31770501936278,0.31770501936278,0.4153,0.3594,0.3035,0.2476,0.1917,0.1358
LKA,LKA.25_1,SMIL,0.13212349889567446,0.11637530419916765,0.09965505617985437,0.0837585990418304,0.06717991182670785,0.05058664643127234,1.3406753575010855,1.3406753575010855,1.3406753575010855,1.3406753575010855,1.3406753575010855,1.3406753575010855,0.09855,0.0868,0.07433,0.06247,0.05011,0.03773
LKA,LKA.2_1,SMIL,2.3329428753636714,2.0111954683379123,1.689492515227321,1.367932229440795,1.0462058865923787,0.7244511068144794,23.95145044158698,23.95145044158698,23.95145044158698,23.95145044158698,23.95145044158698,23.95145044158698,0.0974,0.08397,0.07054,0.05711,0.04368,0.03025
LKA,LKA.3_1,SMIL,0.08209000778646257,0.06506310164346825,0.05043403688695874,0.03827814642667248,0.026043059830507313,0.016329066859160496,33.86146041559926,33.86146041559926,33.86146041559926,33.86146041559926,33.86146041559926,33.86146041559926,0.002424,0.001921,0.001489,0.00113,7.691e-4,4.822e-4
LKA,LKA.4_1,SMIL,0.03795445136635045,0.03373939208928368,0.029524332812216912,0.02530927353515015,0.021094214258083385,0.016879154981016626,0.03704499633482357,0.03704499633482357,0.03704499633482357,0.03704499633482357,0.03704499633482357,0.03704499633482357,1.025,0.9108,0.797,0.6832,0.5694,0.4556
LKA,LKA.5_1,SMIL,0.00253008147517118,0.00215997245288557,0.00178986343059997,0.00141975440831437,0.00104964538602876,6.795363637431656e-4,0.08454061455549294,0.08454061455549294,0.08454061455549294,0.08454061455549294,0.08454061455549294,0.08454061455549294,0.02993,0.02555,0.02117,0.01679,0.01242,0.008038
LKA,LKA.6_1,SMIL,4.784170824026082e-6,3.914321583294067e-6,3.044472342562052e-6,2.174623101830037e-6,1.3047738610980222e-6,4.349246203660074e-7,0.0013681121509582048,0.0013681121509582048,0.0013681121509582048,0.0013681121509582048,0.0013681121509582048,0.0013681121509582048,0.003497,0.002861,0.002225,0.00159,9.537e-4,3.179e-4
LKA,LKA.7_1,SMIL,0,0,0,0,0,0,0.01488212110419726,0.01488212110419726,0.01488212110419726,0.01488212110419726,0.01488212110419726,0.01488212110419726,0,0,0,0,0,0
LKA,LKA.8_1,SMIL,0.2400731508593037,0.21003296349074219,0.17999277612218062,0.14995258875361908,0.11991240138505754,0.08987221401649599,10.052703135206052,10.052703135206052,10.052703135206052,10.052703135206052,10.052703135206052,10.052703135206052,0.02388,0.02089,0.0179,0.01492,0.01193,0.00894
LKA,LKA.9_1,SMIL,0,0,0,0,0,0,0.2970171640014039,0.2970171640014039,0.2970171640014039,0.2970171640014039,0.2970171640014039,0.2970171640014039,0,0,0,0,0,0
MDA,MDA.10_1,SMIL,0,0,0,0,0,0,0.003824702767186927,0.003824702767186927,0.003824702767186927,0.003824702767186927,0.003824702767186927,0.003824702767186927,0,0,0,0,0,0
MDA,MDA.11_1,SMIL,2.0266601597109204e-4,1.7559651060033125e-4,1.4858956657202548e-4,1.2164518388617463e-4,9.470080120032378e-5,6.775641851447292e-5,0.0345709308531737,0.0345709308531737,0.0345709308531737,0.0345709308531737,0.0345709308531737,0.0345709308531737,0.005862,0.005079,0.004298,0.003519,0.002739,0.00196
MDA,MDA.12_1,SMIL,0,0,0,0,0,0,0.017987391560747103,0.017987391560747103,0.017987391560747103,0.017987391560747103,0.017987391560747103,0.017987391560747103,0,0,0,0,0,0
MDA,MDA.13_1,SMIL,3.957413949705266e-5,3.383304527081616e-5,2.8091951044579656e-5,2.2350856818343155e-5,1.6609762592106656e-5,1.0868668365870156e-5,0.03938186480724433,0.03938186480724433,0.03938186480724433,0.03938186480724433,0.03938186480724433,0.03938186480724433,0.001005,8.591e-4,7.133e-4,5.675e-4,4.218e-4,2.76e-4
MDA,MDA.14_1,SMIL,1.578358024287668e-5,1.3549501935158391e-5,1.1427833473172477e-5,9.306165011186564e-6,7.18449654920065e-6,5.062828087214735e-6,0.05251606430072481,0.05251606430072481,0.05251606430072481,0.05251606430072481,0.05251606430072481,0.05251606430072481,3.005e-4,2.58e-4,2.176e-4,1.772e-4,1.368e-4,9.641e-5
MDA,MDA.15_1,SMIL,0,0,0,0,0,0,0.007845145744583028,0.007845145744583028,0.007845145744583028,0.007845145744583028,0.007845145744583028,0.007845145744583028,0,0,0,0,0,0
MDA,MDA.16_1,SMIL,8.15286036433991e-5,6.703319695001974e-5,5.262283025746027e-5,3.8212463564900814e-5,2.581902811379946e-5,1.5442523904156242e-5,0.03793155208369856,0.03793155208369856,0.03793155208369856,0.03793155208369856,0.03793155208369856,0.03793155208369856,0.002149,0.001767,0.001387,0.001007,6.807e-4,4.071e-4
MDA,MDA.17_1,SMIL,3.2112617381282565e-4,2.6756797719194934e-4,2.1467894585214617e-4,1.6295572404063122e-4,1.1308972587487113e-4,6.44553202862918e-5,0.055099149043680413,0.055099149043680413,0.055099149043680413,0.055099149043680413,0.055099149043680413,0.055099149043680413,0.005828,0.004856,0.003896,0.002957,0.002052,0.00117
MDA,MDA.18_1,SMIL,6.631963668901672e-5,5.77894443570091e-5,2.3794378730901053e-4,3.8214794240671565e-4,3.722081691442667e-4,3.540051506377335e-4,0.05214996174018535,0.05214996174018535,0.05214996174018535,0.05214996174018535,0.05214996174018535,0.05214996174018535,0.001272,0.001108,0.004563,0.007328,0.007137,0.006788
MDA,MDA.19_1,SMIL,0.002173150499456751,0.00194703458008839,0.0017209186607200387,0.0014948027413516792,0.0012686868219833193,0.0010425709026149592,1.3781557743535373,1.3781557743535373,1.3781557743535373,1.3781557743535373,1.3781557743535373,1.3781557743535373,0.001577,0.001413,0.001249,0.001085,9.206e-4,7.565e-4
MDA,MDA.1_1,SMIL,5.897746575663829e-7,5.384899047345236e-7,4.872051519026642e-7,4.3592039907080483e-7,2.1320845251787616e-6,1.991187009324347e-6,0.040524291114450245,0.040524291114450245,0.040524291114450245,0.040524291114450245,0.040524291114450245,0.040524291114450245,1.455e-5,1.329e-5,1.202e-5,1.076e-5,5.261e-5,4.914e-5
MDA,MDA.20_1,SMIL,5.9666666981719266e-5,4.869705402097473e-5,4.009120572268759e-5,3.219207711846218e-5,2.4708794619295488e-5,1.7225512120128793e-5,0.03607345018334912,0.03607345018334912,0.03607345018334912,0.03607345018334912,0.03607345018334912,0.03607345018334912,0.001654,0.00135,0.001111,8.924e-4,6.85e-4,4.775e-4
MDA,MDA.21_1,SMIL,1.5623389205243068e-4,1.2782772986107962e-4,9.94215676697286e-5,7.101540547837758e-5,4.260924328702654e-5,1.4203081095675517e-5,0.022201652865911595,0.022201652865911595,0.022201652865911595,0.022201652865911595,0.022201652865911595,0.022201652865911595,0.007037,0.005758,0.004478,0.003199,0.001919,6.397e-4
MDA,MDA.22_1,SMIL,0,0,0,0,0,0,0.015918434831767088,0.015918434831767088,0.015918434831767088,0.015918434831767088,0.015918434831767088,0.015918434831767088,0,0,0,0,0,0
MDA,MDA.23_1,SMIL,2.4583791454228423e-5,2.1165779401213177e-5,1.8343675481051417e-5,1.552157156088966e-5,1.2699467640727902e-5,9.877363720566146e-6,0.01872374086213731,0.01872374086213731,0.01872374086213731,0.01872374086213731,0.01872374086213731,0.01872374086213731,0.001313,0.00113,9.797e-4,8.29e-4,6.783e-4,5.275e-4
MDA,MDA.24_1,SMIL,0,0,0,0,0,0,0.018851243650749045,0.018851243650749045,0.018851243650749045,0.018851243650749045,0.018851243650749045,0.018851243650749045,0,0,0,0,0,0
MDA,MDA.25_1,SMIL,1.0150772813852657e-4,9.002393221999797e-5,7.854013630146938e-5,6.705634038294079e-5,5.55725444644122e-5,4.427415899705598e-5,0.30161835068902443,0.30161835068902443,0.30161835068902443,0.30161835068902443,0.30161835068902443,0.30161835068902443,3.365e-4,2.985e-4,2.604e-4,2.223e-4,1.842e-4,1.468e-4
MDA,MDA.26_1,SMIL,5.31676309086157e-5,4.7571038181393e-5,4.19744454541703e-5,3.637785272694759e-5,3.0781259999724884e-5,2.5184667272502177e-5,0.02822962959157069,0.02822962959157069,0.02822962959157069,0.02822962959157069,0.02822962959157069,0.02822962959157069,0.001883,0.001685,0.001487,0.001289,0.00109,8.921e-4
MDA,MDA.27_1,SMIL,0,0,0,0,0,0,0.007252011759453215,0.007252011759453215,0.007252011759453215,0.007252011759453215,0.007252011759453215,0.007252011759453215,0,0,0,0,0,0
MDA,MDA.28_1,SMIL,2.2818070735478525e-6,7.606023578492842e-7,0,0,2.5638596910615284e-5,2.4323797069045268e-5,0.0506884775118011,0.0506884775118011,0.0506884775118011,0.0506884775118011,0.0506884775118011,0.0506884775118011,4.502e-5,1.501e-5,0,0,5.058e-4,4.799e-4
MDA,MDA.29_1,SMIL,0.0011912196090528774,0.0010750063294460164,9.612499901672095e-4,8.474936508884025e-4,7.826013561525344e-4,6.677047763940425e-4,0.058419867512759356,0.058419867512759356,0.058419867512759356,0.058419867512759356,0.058419867512759356,0.058419867512759356,0.02039,0.0184,0.01645,0.01451,0.0134,0.01143
MDA,MDA.2_1,SMIL,0,0,0,0,0,0,0.0028835384242374544,0.0028835384242374544,0.0028835384242374544,0.0028835384242374544,0.0028835384242374544,0.0028835384242374544,0,0,0,0,0,0
MDA,MDA.30_1,SMIL,4.7241730674825016e-6,3.374409333916073e-6,2.0246456003496436e-6,6.748818667832146e-7,0,0,0.007206854563260964,0.007206854563260964,0.007206854563260964,0.007206854563260964,0.007206854563260964,0.007206854563260964,6.555e-4,4.682e-4,2.809e-4,9.364e-5,0,0
MDA,MDA.31_1,SMIL,2.3626006210458292e-5,1.9195297911874106e-5,1.4929676153679859e-5,1.0664054395485615e-5,6.398432637291369e-6,2.132810879097123e-6,0.5964045618164326,0.5964045618164326,0.5964045618164326,0.5964045618164326,0.5964045618164326,0.5964045618164326,3.961e-5,3.219e-5,2.503e-5,1.788e-5,1.073e-5,3.576e-6
MDA,MDA.32_1,SMIL,5.835894735656471e-4,0.002385245793914959,0.0021869244978152303,0.001989186626912203,0.0017917070737097666,0.0015984381121024061,0.8152387937146749,0.8152387937146749,0.8152387937146749,0.8152387937146749,0.8152387937146749,0.8152387937146749,7.159e-4,0.002926,0.002683,0.00244,0.002198,0.001961
MDA,MDA.33_1,SMIL,0,0,0,0,0,0,0.006671944434685434,0.006671944434685434,0.006671944434685434,0.006671944434685434,0.006671944434685434,0.006671944434685434,0,0,0,0,0,0
MDA,MDA.34_1,SMIL,2.234970584263716e-4,1.999710522762272e-4,1.7644504612608286e-4,1.5291903997593844e-4,1.2939303382579408e-4,1.0586702767564968e-4,0.21357815355235718,0.21357815355235718,0.21357815355235718,0.21357815355235718,0.21357815355235718,0.21357815355235718,0.001046,9.363e-4,8.261e-4,7.16e-4,6.058e-4,4.957e-4
MDA,MDA.35_1,SMIL,9.745820560532476e-5,8.59925343576395e-5,7.452686310995422e-5,6.306119186226896e-5,5.159552061458369e-5,4.0129849366898424e-5,0.03385837787407696,0.03385837787407696,0.03385837787407696,0.03385837787407696,0.03385837787407696,0.03385837787407696,0.002878,0.00254,0.002201,0.001862,0.001524,0.001185
MDA,MDA.36_1,SMIL,1.0262593138696387e-4,3.393999123042287e-4,4.812583949823348e-4,6.577995316738044e-4,6.912648967544724e-4,7.103509409345508e-4,3.4528690880804596,3.4528690880804596,3.4528690880804596,3.4528690880804596,3.4528690880804596,3.4528690880804596,2.972e-5,9.83e-5,1.394e-4,1.905e-4,2.002e-4,2.057e-4
MDA,MDA.37_1,SMIL,2.277004385859302e-4,1.823895522418932e-4,1.371383386426204e-4,9.194679778811174e-5,4.8029205802000804e-5,2.403664581882978e-5,0.015381056782689514,0.015381056782689514,0.015381056782689514,0.015381056782689514,0.015381056782689514,0.015381056782689514,0.0148,0.01186,0.008916,0.005978,0.003123,0.001563
MDA,MDA.3_1,SMIL,3.6685680657838667e-6,2.1084749662761464e-5,1.9856246948318607e-5,1.8627744233875746e-5,1.7399241519432885e-5,2.310217008483204e-5,0.4234741166489177,0.4234741166489177,0.4234741166489177,0.4234741166489177,0.4234741166489177,0.4234741166489177,8.663e-6,4.979e-5,4.689e-5,4.399e-5,4.109e-5,5.455e-5
MDA,MDA.4_1,SMIL,0,0,0,0,0,0,0.0013611764670185746,0.0013611764670185746,0.0013611764670185746,0.0013611764670185746,0.0013611764670185746,0.0013611764670185746,0,0,0,0,0,0
MDA,MDA.5_1,SMIL,0,0,0,0,0,0,0.4041954851370146,0.4041954851370146,0.4041954851370146,0.4041954851370146,0.4041954851370146,0.4041954851370146,0,0,0,0,0,0
MDA,MDA.6_1,SMIL,1.2175310584536624e-4,1.0878872758909424e-4,9.582434933282224e-5,8.285997107655021e-5,6.989559282027821e-5,5.693121456400621e-5,0.04688784217704299,0.04688784217704299,0.04688784217704299,0.04688784217704299,0.04688784217704299,0.04688784217704299,0.002597,0.00232,0.002044,0.001767,0.001491,0.001214
MDA,MDA.7_1,SMIL,0,0,0,0,0,0,0.02658134646222971,0.02658134646222971,0.02658134646222971,0.02658134646222971,0.02658134646222971,0.02658134646222971,0,0,0,0,0,0
MDA,MDA.8_1,SMIL,4.7687495081448533e-5,4.266775875708553e-5,3.764802243272253e-5,3.2628286108359525e-5,2.7608549783996517e-5,2.2588813459633513e-5,0.018636349877789553,0.018636349877789553,0.018636349877789553,0.018636349877789553,0.018636349877789553,0.018636349877789553,0.002559,0.002289,0.00202,0.001751,0.001481,0.001212
MDA,MDA.9_1,SMIL,2.5465090584864507e-5,2.1553372046207297e-5,1.7916890227850525e-5,1.4555645129794202e-5,1.1438615823417662e-5,8.5658023087209e-6,0.5092294445797649,0.5092294445797649,0.5092294445797649,0.5092294445797649,0.5092294445797649,0.5092294445797649,5.001e-5,4.233e-5,3.518e-5,2.858e-5,2.246e-5,1.682e-5
MMR,MMR.11_1,SMIL,0,0,0,0,0.00374697531700182,0.00355482273664275,13.132826759008793,13.132826759008793,13.132826759008793,13.132826759008793,13.132826759008793,13.132826759008793,0,0,0,0,2.853e-4,2.707e-4
MMR,MMR.12_1,SMIL,0.1716231483590861,0.12211757885176437,0.6622418525471818,0.6102686832347625,0.5660214643357931,0.7852127404422636,24.77998065161634,24.77998065161634,24.77998065161634,24.77998065161634,24.77998065161634,24.77998065161634,0.006926,0.004928,0.02672,0.02463,0.02284,0.03169
MMR,MMR.13_1,SMIL,0.018499821556439595,0.01782340190911768,0.017361202793552823,0.016972560180671493,0.016985261525169295,0.025947591218112485,0.8804279223170138,0.8804279223170138,0.8804279223170138,0.8804279223170138,0.8804279223170138,0.8804279223170138,0.02101,0.02024,0.01972,0.01928,0.01929,0.02947
MMR,MMR.3_1,SMIL,0.00592793755161654,0.00461061809570175,0.00329329863978697,0.00197597918387218,6.58659727957394e-4,0,2.2902782833967215,2.2902782833967215,2.2902782833967215,2.2902782833967215,2.2902782833967215,2.2902782833967215,0.002588,0.002013,0.001438,8.628e-4,2.876e-4,0
MMR,MMR.4_1,SMIL,0,0,0,5.8995108865135094e-5,1.55427901809593e-4,1.473020919630389e-4,0.03339243873763085,0.03339243873763085,0.03339243873763085,0.03339243873763085,0.03339243873763085,0.03339243873763085,0,0,0,0.001767,0.004655,0.004411
MOZ,MOZ.10_1,SMIL,0.011945095322055137,0.014186032937719174,0.012759605372615172,0.01142983768488561,0.010251018404385498,0.0091789983827321,47.49444561467198,47.49444561467198,47.49444561467198,47.49444561467198,47.49444561467198,47.49444561467198,2.515e-4,2.987e-4,2.687e-4,2.407e-4,2.158e-4,1.933e-4
MOZ,MOZ.11_1,SMIL,6.382145968310894e-5,5.9968888026332216e-5,5.611631636955549e-5,1.2943464627769436e-4,1.2162459248938351e-4,1.1381453870107262e-4,0.05995170515652971,0.05995170515652971,0.05995170515652971,0.05995170515652971,0.05995170515652971,0.05995170515652971,0.001065,0.001,9.36e-4,0.002159,0.002029,0.001898
MOZ,MOZ.4_1,SMIL,0.07661703442513325,0.07692364081406539,0.07807322431316285,0.08246115163889445,0.08446703944350194,0.08386868874774371,0.3230339963970956,0.3230339963970956,0.3230339963970956,0.3230339963970956,0.3230339963970956,0.3230339963970956,0.2372,0.2381,0.2417,0.2553,0.2615,0.2596
MOZ,MOZ.8_1,SMIL,0.05470265884693103,0.05159909500924765,0.05277758303617859,0.0505167383013305,0.04674047413985016,0.042964209978369826,84.21397152999894,84.21397152999894,84.21397152999894,84.21397152999894,84.21397152999894,84.21397152999894,6.496e-4,6.127e-4,6.267e-4,5.999e-4,5.55e-4,5.102e-4
MWI,MWI.11_1,SMIL,0.09875106660965303,0.1836398595806974,0.19042037139719442,0.186680273115177,0.17491586086403757,0.1631514486128982,1502.4286484090892,1502.4286484090892,1502.4286484090892,1502.4286484090892,1502.4286484090892,1502.4286484090892,6.573e-5,1.222e-4,1.267e-4,1.243e-4,1.164e-4,1.086e-4
MWI,MWI.12_1,SMIL,0.0038143039996195835,0.0032113893063903057,0.0040364109871432515,0.006389644082961964,0.006703938346715051,0.01717667101145065,59.90412035040649,59.90412035040649,59.90412035040649,59.90412035040649,59.90412035040649,59.90412035040649,6.367e-5,5.361e-5,6.738e-5,1.067e-4,1.119e-4,2.867e-4
MWI,MWI.13_1,SMIL,0.04949210000261387,0.05335122575413249,0.053451921882749366,0.05887409197757292,0.05593726231088096,0.05152277722299171,365.5227754683563,365.5227754683563,365.5227754683563,365.5227754683563,365.5227754683563,365.5227754683563,1.354e-4,1.46e-4,1.462e-4,1.611e-4,1.53e-4,1.41e-4
MWI,MWI.14_1,SMIL,0.01478363585392492,0.01380039101316001,0.0128171461723951,0.0118339013316302,0.01085065649086529,0.00986741165010038,68.05053822299584,68.05053822299584,68.05053822299584,68.05053822299584,68.05053822299584,68.05053822299584,2.172e-4,2.028e-4,1.883e-4,1.739e-4,1.594e-4,1.45e-4
MWI,MWI.15_1,SMIL,3.542489221854931e-4,3.481871710616489e-4,3.361519712460367e-4,7.161835432877627e-4,6.884657715253666e-4,0.0011073429308386038,0.3242097800029417,0.3242097800029417,0.3242097800029417,0.3242097800029417,0.3242097800029417,0.3242097800029417,0.001093,0.001074,0.001037,0.002209,0.002124,0.003416
MWI,MWI.16_1,SMIL,0.00126586721660687,0.00109708492105929,9.283026255117082e-4,7.595203299641249e-4,5.907380344165415e-4,4.219557388689583e-4,3.9641906202059465,3.9641906202059465,3.9641906202059465,3.9641906202059465,3.9641906202059465,3.9641906202059465,3.193e-4,2.767e-4,2.342e-4,1.916e-4,1.49e-4,1.064e-4
MWI,MWI.17_1,SMIL,0.03510676153985405,0.030735936864015496,0.02639591205747717,0.022588751156839813,0.029880176438529152,0.03560355371361532,671.5069843710721,671.5069843710721,671.5069843710721,671.5069843710721,671.5069843710721,671.5069843710721,5.228e-5,4.577e-5,3.931e-5,3.364e-5,4.45e-5,5.302e-5
MWI,MWI.18_1,SMIL,7.203658992837947e-4,5.588428168192027e-4,4.382411692879979e-4,3.585609566901801e-4,2.788807440923623e-4,1.9920053149454452e-4,45.55795054584811,45.55795054584811,45.55795054584811,45.55795054584811,45.55795054584811,45.55795054584811,1.581e-5,1.227e-5,9.619e-6,7.87e-6,6.121e-6,4.372e-6
MWI,MWI.19_1,SMIL,1.2379696439079713,1.2291862395217226,1.1863930250820671,1.3390213964697946,1.7109903546441454,1.6927160959634102,365.4682701411954,365.4682701411954,365.4682701411954,365.4682701411954,365.4682701411954,365.4682701411954,0.003387,0.003363,0.003246,0.003664,0.004682,0.004632
MWI,MWI.20_1,SMIL,3.3513975195045907e-4,3.06988594156206e-4,2.7883743636195285e-4,2.506862785676997e-4,0.019704308184697317,0.018677091741573632,44.02955660658331,44.02955660658331,44.02955660658331,44.02955660658331,44.02955660658331,44.02955660658331,7.612e-6,6.972e-6,6.333e-6,5.694e-6,4.475e-4,4.242e-4
MWI,MWI.21_1,SMIL,0,0,0,0,0,0,0.05491878919409617,0.05491878919409617,0.05491878919409617,0.05491878919409617,0.05491878919409617,0.05491878919409617,0,0,0,0,0,0
MWI,MWI.22_1,SMIL,0.018772438237362177,0.01601819030268354,0.013297926382912998,0.010589269971459384,0.00789357690609344,0.0054553159480759715,1.045309700896595,1.045309700896595,1.045309700896595,1.045309700896595,1.045309700896595,1.045309700896595,0.01796,0.01532,0.01272,0.01013,0.007551,0.005219
MWI,MWI.23_1,SMIL,0.001051429612863818,7.147938159758209e-4,4.585058056438018e-4,2.1413741881030717e-4,4.597661269677994e-5,0,0.2076261347948207,0.2076261347948207,0.2076261347948207,0.2076261347948207,0.2076261347948207,0.2076261347948207,0.005064,0.003443,0.002208,0.001031,2.214e-4,0
MWI,MWI.24_1,SMIL,1.913414075140064e-4,1.1559447037691727e-4,3.984753323982818e-5,4.459830926674254e-6,4.129887562676415e-6,3.7999441986785745e-6,0.09898882308711406,0.09898882308711406,0.09898882308711406,0.09898882308711406,0.09898882308711406,0.09898882308711406,0.001933,0.001168,4.025e-4,4.505e-5,4.172e-5,3.839e-5
MWI,MWI.25_1,SMIL,0.013120153280482973,0.01646241145353663,0.014814808324900326,0.019166386456012693,0.01974704423042025,0.02003625459610301,174.00843199089283,174.00843199089283,174.00843199089283,174.00843199089283,174.00843199089283,174.00843199089283,7.54e-5,9.461e-5,8.514e-5,1.101e-4,1.135e-4,1.151e-4
MWI,MWI.26_1,SMIL,0,0,0,0,0,0,1.531820035363465,1.531820035363465,1.531820035363465,1.531820035363465,1.531820035363465,1.531820035363465,0,0,0,0,0,0
MWI,MWI.27_1,SMIL,0.0026188796935087493,0.002367184148541803,0.00211548860357486,0.0025100881204960803,0.002225249239022041,0.001943526454820103,16.9480486666915,16.9480486666915,16.9480486666915,16.9480486666915,16.9480486666915,16.9480486666915,1.545e-4,1.397e-4,1.248e-4,1.481e-4,1.313e-4,1.147e-4
MWI,MWI.28_1,SMIL,0.01975813835353622,0.017989389127020385,0.02386765781728347,0.022136549123415467,0.019865473335309827,0.02009343845699207,54.696742859076444,54.696742859076444,54.696742859076444,54.696742859076444,54.696742859076444,54.696742859076444,3.612e-4,3.289e-4,4.364e-4,4.047e-4,3.632e-4,3.674e-4
MWI,MWI.2_1,SMIL,0.08538785231372228,0.08095949285485508,0.17915808140961378,0.1814317799886152,0.18241056736529856,0.1702826628619098,277.31430357113476,277.31430357113476,277.31430357113476,277.31430357113476,277.31430357113476,277.31430357113476,3.079e-4,2.919e-4,6.46e-4,6.542e-4,6.578e-4,6.14e-4
MWI,MWI.3_1,SMIL,0.11484730085610019,0.10176678436023487,0.08868626786436956,0.07560575136850425,0.06252523487263895,0.04944471837677362,0.12610255307155346,0.12610255307155346,0.12610255307155346,0.12610255307155346,0.12610255307155346,0.12610255307155346,0.9107,0.807,0.7033,0.5996,0.4958,0.3921
MWI,MWI.4_1,SMIL,0.03393346777971392,0.03185683720234284,0.029780206624971765,0.07316307845987975,0.07234559362321318,0.07006383222817057,81.37365113304148,81.37365113304148,81.37365113304148,81.37365113304148,81.37365113304148,81.37365113304148,4.17e-4,3.915e-4,3.66e-4,8.991e-4,8.891e-4,8.61e-4
MWI,MWI.5_1,SMIL,0.040529270890518346,0.04343845740592741,0.10558264019724671,0.10042665996484719,0.11181902830873698,0.11236536490171883,441.8924965681301,441.8924965681301,441.8924965681301,441.8924965681301,441.8924965681301,441.8924965681301,9.172e-5,9.83e-5,2.389e-4,2.273e-4,2.53e-4,2.543e-4
MWI,MWI.6_1,SMIL,0.02066122174189701,0.01906381348328804,0.026112861054371553,0.02620922970102805,0.02467866286173795,0.02955298267943404,505.30010811492275,505.30010811492275,505.30010811492275,505.30010811492275,505.30010811492275,505.30010811492275,4.089e-5,3.773e-5,5.168e-5,5.187e-5,4.884e-5,5.849e-5
MWI,MWI.7_1,SMIL,0.004733108404423693,0.004113388492933775,0.0035046227346783075,0.0028958569764228254,0.0022870912181673438,0.0016792194502144196,12.273628954413006,12.273628954413006,12.273628954413006,12.273628954413006,12.273628954413006,12.273628954413006,3.856e-4,3.351e-4,2.855e-4,2.359e-4,1.863e-4,1.368e-4
MWI,MWI.8_1,SMIL,0.02500800979551631,0.1009800586509355,0.10668350397468068,0.1550918474894583,0.14613176565820277,0.14808929523300263,298.37503499659823,298.37503499659823,298.37503499659823,298.37503499659823,298.37503499659823,298.37503499659823,8.381e-5,3.384e-4,3.575e-4,5.198e-4,4.898e-4,4.963e-4
MWI,MWI.9_1,SMIL,7.46550564860329e-4,5.119858575228639e-4,8.28831342417791e-4,6.406042852077287e-4,0.001439671276477078,0.00131445016900417,339.02055006273383,339.02055006273383,339.02055006273383,339.02055006273383,339.02055006273383,339.02055006273383,2.202e-6,1.51e-6,2.445e-6,1.89e-6,4.247e-6,3.877e-6
NGA,NGA.22_1,SMIL,0,0,0,0,0,0,10.541200800099402,10.541200800099402,10.541200800099402,10.541200800099402,10.541200800099402,10.541200800099402,0,0,0,0,0,0
NGA,NGA.24_1,SMIL,0,0,1.0337311212850142e-5,9.807192689114237e-6,9.277074165378331e-6,8.746955641642428e-6,4.274673050844429,4.274673050844429,4.274673050844429,4.274673050844429,4.274673050844429,4.274673050844429,0,0,2.418e-6,2.294e-6,2.17e-6,2.046e-6
NGA,NGA.27_1,SMIL,0,0,0,0,1.0662771517153607e-5,1.011596272140214e-5,6.631658288175226,6.631658288175226,6.631658288175226,6.631658288175226,6.631658288175226,6.631658288175226,0,0,0,0,1.608e-6,1.525e-6
NGA,NGA.28_1,SMIL,0,0,0,0,0,0,0.3613733999623018,0.3613733999623018,0.3613733999623018,0.3613733999623018,0.3613733999623018,0.3613733999623018,0,0,0,0,0,0
NGA,NGA.31_1,SMIL,0,0,0,0,0,0,0.04624014769907919,0.04624014769907919,0.04624014769907919,0.04624014769907919,0.04624014769907919,0.04624014769907919,0,0,0,0,0,0
NPL,NPL.1_1,SMIL,2.652084622130497,2.421349458494286,2.0914689019256345,1.7642745333425398,1.4539037828818475,1.1275226220124177,171.04868006076643,171.04868006076643,171.04868006076643,171.04868006076643,171.04868006076643,171.04868006076643,0.0155,0.01416,0.01223,0.01031,0.0085,0.006592
NPL,NPL.2_1,SMIL,0.07796218279586196,0.07881119114525942,0.0941746612753747,0.10634339265020715,0.11418050430250547,0.133582629374693,125.33048693361478,125.33048693361478,125.33048693361478,125.33048693361478,125.33048693361478,125.33048693361478,6.221e-4,6.288e-4,7.514e-4,8.485e-4,9.11e-4,0.001066
NPL,NPL.3_1,SMIL,2.5104818918683542,2.3068547018053787,2.091931878775119,1.885411653003556,1.6878186859289606,1.4669917249146023,342.08272475133305,342.08272475133305,342.08272475133305,342.08272475133305,342.08272475133305,342.08272475133305,0.007339,0.006744,0.006115,0.005512,0.004934,0.004288
NPL,NPL.4_1,SMIL,0.20411264288075545,0.24172002029946552,0.2328268604398452,0.2325336458609555,0.2774841427221533,0.26514217523502714,62.82788464208053,62.82788464208053,62.82788464208053,62.82788464208053,62.82788464208053,62.82788464208053,0.003249,0.003847,0.003706,0.003701,0.004417,0.00422
NPL,NPL.5_1,SMIL,0.7880356199548542,0.7157250308304567,0.5974800595508765,0.5526932883885719,0.539794781971669,0.46984834868869874,123.72987602065373,123.72987602065373,123.72987602065373,123.72987602065373,123.72987602065373,123.72987602065373,0.006369,0.005785,0.004829,0.004467,0.004363,0.003797
PAK,PAK.7_1,SMIL,0,0,0,0,0,0,0.03624344782640382,0.03624344782640382,0.03624344782640382,0.03624344782640382,0.03624344782640382,0.03624344782640382,0,0,0,0,0,0
PRK,PRK.10_1,SMIL,15.473277678151598,14.119047513129958,12.703753410349051,11.147714966136784,9.772304569271444,8.367776236756189,977.7157438148295,977.7157438148295,977.7157438148295,977.7157438148295,977.7157438148295,977.7157438148295,0.01583,0.01444,0.01299,0.0114,0.009995,0.008558
PRK,PRK.11_1,SMIL,0.7128797365326641,0.6227073937632205,0.5364590538448716,0.4678452142790433,0.3851891186677584,0.3106268088939945,117.55160639915707,117.55160639915707,117.55160639915707,117.55160639915707,117.55160639915707,117.55160639915707,0.006064,0.005297,0.004564,0.00398,0.003277,0.002642
PRK,PRK.12_1,SMIL,0,0,0,0,0,0,1.6560186870929263,1.6560186870929263,1.6560186870929263,1.6560186870929263,1.6560186870929263,1.6560186870929263,0,0,0,0,0,0
PRK,PRK.13_1,SMIL,9.009738449885317,8.512214368338947,7.712298191849978,7.128977424456723,6.395218910061214,5.593219063049512,407.01504366049704,407.01504366049704,407.01504366049704,407.01504366049704,407.01504366049704,407.01504366049704,0.02214,0.02091,0.01895,0.01752,0.01571,0.01374
PRK,PRK.1_1,SMIL,43.70605740797511,38.77626183748765,33.53085786949024,28.978322474814263,23.894195447774187,18.77932917362214,3177.84188599966,3177.84188599966,3177.84188599966,3177.84188599966,3177.84188599966,3177.84188599966,0.01375,0.0122,0.01055,0.009119,0.007519,0.005909
PRK,PRK.2_1,SMIL,5.741055815748,5.230572382796559,4.65762274351463,4.202732402076551,3.6476964747419767,3.161560476529867,731.6733528151408,731.6733528151408,731.6733528151408,731.6733528151408,731.6733528151408,731.6733528151408,0.007846,0.007149,0.006366,0.005744,0.004985,0.004321
PRK,PRK.3_1,SMIL,10.437947290443985,9.779820398125118,9.947094522515439,9.28866464335421,8.527469536578296,7.738368220391765,514.4835491364987,514.4835491364987,514.4835491364987,514.4835491364987,514.4835491364987,514.4835491364987,0.02029,0.01901,0.01933,0.01805,0.01657,0.01504
PRK,PRK.4_1,SMIL,6.7236405764803235,6.091094986927562,5.6781270687969885,5.086360949232884,4.478332657423503,4.058300038991501,641.7131278037251,641.7131278037251,641.7131278037251,641.7131278037251,641.7131278037251,641.7131278037251,0.01048,0.009492,0.008848,0.007926,0.006979,0.006324
PRK,PRK.5_1,SMIL,0.2434059080427757,0.21918759948574706,0.19502416457571564,0.17107690402743608,0.1478404854672655,0.12526124986962292,133.07771301333963,133.07771301333963,133.07771301333963,133.07771301333963,133.07771301333963,133.07771301333963,0.001829,0.001647,0.001465,0.001286,0.001111,9.413e-4
PRK,PRK.6_1,SMIL,0.08412881372297017,0.08426354969044554,0.0768647616567215,0.06946597362299745,0.062067185589273405,0.05568740207319567,28.840970975252443,28.840970975252443,28.840970975252443,28.840970975252443,28.840970975252443,28.840970975252443,0.002917,0.002922,0.002665,0.002409,0.002152,0.001931
PRK,PRK.7_1,SMIL,13.763496975820827,12.86066821108912,12.853325386708155,12.512556138726113,12.089900957981799,11.48834849754239,1104.0091156341075,1104.0091156341075,1104.0091156341075,1104.0091156341075,1104.0091156341075,1104.0091156341075,0.01247,0.01165,0.01164,0.01133,0.01095,0.01041
PRK,PRK.8_1,SMIL,1.2341389464185122,1.124734442057867,1.0472815153423842,0.9289888651554012,0.8067909702211432,0.7161350394819367,193.50223563678745,193.50223563678745,193.50223563678745,193.50223563678745,193.50223563678745,193.50223563678745,0.006378,0.005813,0.005412,0.004801,0.004169,0.003701
PRK,PRK.9_1,SMIL,2.7367105120742323,2.532348372410347,2.198499040844056,1.884609343341436,1.6044534168444906,1.3148089158095035,608.0743716211279,608.0743716211279,608.0743716211279,608.0743716211279,608.0743716211279,608.0743716211279,0.004501,0.004165,0.003616,0.003099,0.002639,0.002162
PRY,PRY.5_1,SMIL,0,0,0,0,0,0,0.035633262606260804,0.035633262606260804,0.035633262606260804,0.035633262606260804,0.035633262606260804,0.035633262606260804,0,0,0,0,0,0
ROU,ROU.19_1,SMIL,4.870066399695021e-5,3.7878133572546794e-5,2.7055603148143373e-5,1.8703198131989226e-5,1.4248039215327415e-5,1.1220000989908665e-5,7.562133832077611e-5,7.562133832077611e-5,7.562133832077611e-5,7.562133832077611e-5,7.562133832077611e-5,7.562133832077611e-5,0.644,0.5009,0.3578,0.2473,0.1884,0.1484
ROU,ROU.28_1,SMIL,2.0719400472901303e-4,1.353601783009873e-4,7.787726159643623e-5,2.595908719881208e-5,0,0,6.236689780501508e-4,6.236689780501508e-4,6.236689780501508e-4,6.236689780501508e-4,6.236689780501508e-4,6.236689780501508e-4,0.3322,0.217,0.1249,0.04162,0,0
ROU,ROU.39_1,SMIL,6.886882238739977e-4,0.0013115711661205024,0.001208070010362343,0.0011064573412505805,0.001020827747680864,9.502391365733768e-4,1.4272414073289936,1.4272414073289936,1.4272414073289936,1.4272414073289936,1.4272414073289936,1.4272414073289936,4.825e-4,9.19e-4,8.464e-4,7.752e-4,7.152e-4,6.658e-4
RUS,RUS.10_1,SMIL,0.011308761395772077,0.013609815238857024,0.018262789451649924,0.01697936034496955,0.018946112969445303,0.019611986330804538,18.40796299071476,18.40796299071476,18.40796299071476,18.40796299071476,18.40796299071476,18.40796299071476,6.143e-4,7.393e-4,9.921e-4,9.224e-4,0.001029,0.001065
RUS,RUS.11_1,SMIL,0.007372167392517794,0.005083247652022271,0.003293604131954486,0.0021501642715383985,0.0014383724634857119,0.0010768258542528302,0.08947956462607001,0.08947956462607001,0.08947956462607001,0.08947956462607001,0.08947956462607001,0.08947956462607001,0.08239,0.05681,0.03681,0.02403,0.01607,0.01203
RUS,RUS.13_1,SMIL,0.008686231590395777,0.0076063115341721745,0.006687697168949128,0.005694904947892364,0.004649397495444977,0.003691217093644576,5.651178994895476,5.651178994895476,5.651178994895476,5.651178994895476,5.651178994895476,5.651178994895476,0.001537,0.001346,0.001183,0.001008,8.227e-4,6.532e-4
RUS,RUS.15_1,SMIL,0.006445775330209621,0.005584311800294237,0.004722848270378843,0.0038631016514323324,0.0030050719434547113,0.002147042235477086,3.5500820484244424,3.5500820484244424,3.5500820484244424,3.5500820484244424,3.5500820484244424,3.5500820484244424,0.001816,0.001573,0.00133,0.001088,8.465e-4,6.048e-4
RUS,RUS.17_1,SMIL,0.005314025741345758,0.00452692052700985,0.00423544434785831,0.00394396816870677,0.0036627473568841985,0.0033949718388043976,3.903271976248356,3.903271976248356,3.903271976248356,3.903271976248356,3.903271976248356,3.903271976248356,0.001361,0.00116,0.001085,0.00101,9.384e-4,8.698e-4
RUS,RUS.18_1,SMIL,1.092022664349862,1.0737078567191205,1.0258808313877363,0.9609258168737669,0.9189156385928287,0.8420400539460273,12.343552590487624,12.343552590487624,12.343552590487624,12.343552590487624,12.343552590487624,12.343552590487624,0.08847,0.08699,0.08311,0.07785,0.07444,0.06822
RUS,RUS.1_1,SMIL,0.007954285156948836,0.007358311676666923,0.006841811373287817,0.006325311069908701,0.005808810766529595,0.0052976658958108856,0.7981929823428842,0.7981929823428842,0.7981929823428842,0.7981929823428842,0.7981929823428842,0.7981929823428842,0.009965,0.009219,0.008572,0.007925,0.007277,0.006637
RUS,RUS.20_1,SMIL,0.0031002896812403692,0.002109790512944415,0.0017809760454821778,0.006630389003758315,0.010762285698506804,0.011664957152566019,9.730791664644999,9.730791664644999,9.730791664644999,9.730791664644999,9.730791664644999,9.730791664644999,3.186e-4,2.168e-4,1.83e-4,6.814e-4,0.001106,0.001199
RUS,RUS.22_1,SMIL,0.005098312021355775,0.0038041061437760738,0.0026989901502813304,0.001689552967005787,0.0010428654352012804,7.809240903490049e-4,6.328509315332188,6.328509315332188,6.328509315332188,6.328509315332188,6.328509315332188,6.328509315332188,8.056e-4,6.011e-4,4.265e-4,2.67e-4,1.648e-4,1.234e-4
RUS,RUS.23_1,SMIL,3.009324586990327e-4,1.4311735723182163e-4,6.0897550352131906e-5,3.681697611491763e-5,1.3309149725949352e-5,1.65744941002939e-6,0.031556118547969206,0.031556118547969206,0.031556118547969206,0.031556118547969206,0.031556118547969206,0.031556118547969206,0.009536,0.004535,0.00193,0.001167,4.218e-4,5.252e-5
RUS,RUS.25_1,SMIL,0.0066961215683523125,0.005822974727464528,0.004996251797161456,0.004215952777443097,0.0034356537577247387,0.0028269961256724833,3.7129869920348626,3.7129869920348626,3.7129869920348626,3.7129869920348626,3.7129869920348626,3.7129869920348626,0.001803,0.001568,0.001346,0.001135,9.253e-4,7.614e-4
RUS,RUS.27_1,SMIL,0.010747939685622088,0.01104972434168212,0.00969804339573718,0.008553333556441934,0.010089839631527065,0.009121931960686088,1.4793013889466358,1.4793013889466358,1.4793013889466358,1.4793013889466358,1.4793013889466358,1.4793013889466358,0.007266,0.00747,0.006556,0.005782,0.006821,0.006166
RUS,RUS.28_1,SMIL,3.0052077766105495e-5,2.7438853612531104e-5,2.4825629458956713e-5,2.221240530538232e-5,1.9599181151807933e-5,1.698595699823354e-5,0.10570991468248393,0.10570991468248393,0.10570991468248393,0.10570991468248393,0.10570991468248393,0.10570991468248393,2.843e-4,2.596e-4,2.348e-4,2.101e-4,1.854e-4,1.607e-4
RUS,RUS.2_1,SMIL,1.717356697549949,1.5472060846728108,1.418310032198751,1.2521296055159865,1.092583572341433,0.9291458270399529,74.49317576027784,74.49317576027784,74.49317576027784,74.49317576027784,74.49317576027784,74.49317576027784,0.02305,0.02077,0.01904,0.01681,0.01467,0.01247
RUS,RUS.31_1,SMIL,0,0,0,0,0,0,0.030298460463435862,0.030298460463435862,0.030298460463435862,0.030298460463435862,0.030298460463435862,0.030298460463435862,0,0,0,0,0,0
RUS,RUS.34_1,SMIL,0.03061117170965309,0.03139659285302194,0.029451730332763583,0.03787790266896279,0.03817218351128832,0.03890802408507179,50.93592159209168,50.93592159209168,50.93592159209168,50.93592159209168,50.93592159209168,50.93592159209168,6.01e-4,6.164e-4,5.782e-4,7.436e-4,7.494e-4,7.639e-4
RUS,RUS.36_1,SMIL,6.201482880259495e-5,5.1628485732451474e-5,4.2248810001749545e-5,3.4614724011814705e-5,2.795701734183847e-5,2.165353090789603e-5,0.003714124582617417,0.003714124582617417,0.003714124582617417,0.003714124582617417,0.003714124582617417,0.003714124582617417,0.0167,0.0139,0.01138,0.00932,0.007527,0.00583
RUS,RUS.37_1,SMIL,0.0342354528969484,0.045531287131440876,0.04708831590171564,0.04769933255782958,0.06310460222495404,0.05928126514190169,17.476446370640332,17.476446370640332,17.476446370640332,17.476446370640332,17.476446370640332,17.476446370640332,0.001959,0.002605,0.002694,0.002729,0.003611,0.003392
RUS,RUS.39_1,SMIL,0.02187254793912479,0.02384213551230277,0.0225204661102554,0.04038142671528775,0.04744546026974079,0.05168782971220361,7.479041975985756,7.479041975985756,7.479041975985756,7.479041975985756,7.479041975985756,7.479041975985756,0.002925,0.003188,0.003011,0.005399,0.006344,0.006911
RUS,RUS.3_1,SMIL,0,0,4.403356920006915e-4,4.177543744621944e-4,3.951730569236975e-4,3.725917393852005e-4,0.1685663576945988,0.1685663576945988,0.1685663576945988,0.1685663576945988,0.1685663576945988,0.1685663576945988,0,0,0.002612,0.002478,0.002344,0.00221
RUS,RUS.41_1,SMIL,2.507853969240564e-4,2.3558628195896204e-4,2.2038716699386777e-4,2.051880520287734e-4,1.8998893706367908e-4,1.7478982209858475e-4,0.03806947454107329,0.03806947454107329,0.03806947454107329,0.03806947454107329,0.03806947454107329,0.03806947454107329,0.006588,0.006188,0.005789,0.00539,0.004991,0.004591
RUS,RUS.42_1,SMIL,0.028337695541709618,0.02948901764228497,0.040709406984057755,0.03811032626302125,0.12855952355956551,0.12180257724802766,12.518498221367473,12.518498221367473,12.518498221367473,12.518498221367473,12.518498221367473,12.518498221367473,0.002264,0.002356,0.003252,0.003044,0.01027,0.00973
RUS,RUS.44_1,SMIL,0.0013939454028653784,0.0010694679524804755,7.79412529939204e-4,5.150461143055942e-4,3.504352094143584e-4,2.8557981526549644e-4,0.09481898804295195,0.09481898804295195,0.09481898804295195,0.09481898804295195,0.09481898804295195,0.09481898804295195,0.0147,0.01128,0.00822,0.005432,0.003696,0.003012
RUS,RUS.47_1,SMIL,0.014507123415717025,0.012656194931046852,0.01081417134951423,0.009136606575997474,0.007346963036536362,0.005546048362391836,5.354111147621405,5.354111147621405,5.354111147621405,5.354111147621405,5.354111147621405,5.354111147621405,0.00271,0.002364,0.00202,0.001706,0.001372,0.001036
RUS,RUS.50_1,SMIL,0.026191550870316525,0.023945380447212564,0.025428214063298767,0.02299081266382609,0.02055341126435341,0.019352815313507434,6.049480779621284,6.049480779621284,6.049480779621284,6.049480779621284,6.049480779621284,6.049480779621284,0.00433,0.003958,0.004203,0.0038,0.003398,0.003199
RUS,RUS.51_1,SMIL,0.0012028064211100497,9.789986888609158e-4,7.656758619357386e-4,5.628379403345182e-4,4.1413035691620316e-4,3.298219521511612e-4,0.008758548398272233,0.008758548398272233,0.008758548398272233,0.008758548398272233,0.008758548398272233,0.008758548398272233,0.1373,0.1118,0.08742,0.06426,0.04728,0.03766
RUS,RUS.52_1,SMIL,3.212883325579288e-4,1.968771019165357e-4,1.1989698920206175e-4,5.2581971644642915e-5,1.4962603404901838e-5,3.452936116897126e-5,2.8446889897242302,2.8446889897242302,2.8446889897242302,2.8446889897242302,2.8446889897242302,2.8446889897242302,1.129e-4,6.921e-5,4.215e-5,1.848e-5,5.26e-6,1.214e-5
RUS,RUS.53_1,SMIL,0.17702899322222534,0.13657903210605027,0.1146279574345502,0.0927914136400471,0.07542249639246652,0.062167710633655636,136.67306200793328,136.67306200793328,136.67306200793328,136.67306200793328,136.67306200793328,136.67306200793328,0.001295,9.993e-4,8.387e-4,6.789e-4,5.518e-4,4.549e-4
RUS,RUS.54_1,SMIL,0.2490214605879483,0.33253507963934825,0.3922586578067001,0.38059180522126185,0.4352337112262756,0.4180925887615449,230.38981759542386,230.38981759542386,230.38981759542386,230.38981759542386,230.38981759542386,230.38981759542386,0.001081,0.001443,0.001703,0.001652,0.001889,0.001815
RUS,RUS.56_1,SMIL,6.345458564329849e-4,5.793679558735949e-4,5.241900553142049e-4,4.6901215475481496e-4,4.13834254195425e-4,3.5865635363603495e-4,1.5986871460144012,1.5986871460144012,1.5986871460144012,1.5986871460144012,1.5986871460144012,1.5986871460144012,3.969e-4,3.624e-4,3.279e-4,2.934e-4,2.589e-4,2.243e-4
RUS,RUS.58_1,SMIL,0.1648884427555264,0.1499431954526124,0.12438023119444522,0.10276362605083052,0.08525398202454196,0.07107841061997155,411.7131104643963,411.7131104643963,411.7131104643963,411.7131104643963,411.7131104643963,411.7131104643963,4.005e-4,3.642e-4,3.021e-4,2.496e-4,2.071e-4,1.726e-4
RUS,RUS.59_1,SMIL,0.008773120501254767,0.008302390994126703,0.007520136037296067,0.006895037987589124,0.0059611361145993904,0.0052075148075516695,2.9060827178565134,2.9060827178565134,2.9060827178565134,2.9060827178565134,2.9060827178565134,2.9060827178565134,0.003019,0.002857,0.002588,0.002373,0.002051,0.001792
RUS,RUS.62_1,SMIL,0.2652422724150886,0.23770480940880756,0.21016429139015028,0.1845645187268434,0.15896606985819106,0.13526674237812658,127.3906279918596,127.3906279918596,127.3906279918596,127.3906279918596,127.3906279918596,127.3906279918596,0.002082,0.001866,0.00165,0.001449,0.001248,0.001062
RUS,RUS.63_1,SMIL,0.7861148641848379,0.683669120037235,0.5882807238626699,0.5004699274075632,0.8682463920035887,0.7689911526844021,774.9695304449108,774.9695304449108,774.9695304449108,774.9695304449108,774.9695304449108,774.9695304449108,0.001014,8.822e-4,7.591e-4,6.458e-4,0.00112,9.923e-4
RUS,RUS.64_1,SMIL,0.06156164094538823,0.05326896405852976,0.045017438145550426,0.036689526462760136,0.02836219166833357,0.020035446728960352,3.643126943355072,3.643126943355072,3.643126943355072,3.643126943355072,3.643126943355072,3.643126943355072,0.0169,0.01462,0.01236,0.01007,0.007785,0.0055
RUS,RUS.65_1,SMIL,0.015118881098659288,0.011728042312504131,0.008856297326484122,0.006650048565515195,0.005164765160651299,0.006248377883004659,79.94853484996659,79.94853484996659,79.94853484996659,79.94853484996659,79.94853484996659,79.94853484996659,1.891e-4,1.467e-4,1.108e-4,8.318e-5,6.46e-5,7.816e-5
RUS,RUS.67_1,SMIL,0.04799790626640421,0.05651524711627401,0.0639194351729736,0.07094121976610201,0.07734434658102957,0.07485841920274947,22.012202089150577,22.012202089150577,22.012202089150577,22.012202089150577,22.012202089150577,22.012202089150577,0.002181,0.002567,0.002904,0.003223,0.003514,0.003401
RUS,RUS.68_1,SMIL,0.04526041151422886,0.03798069306514805,0.031864013460445574,0.02597655749495073,0.04020730003412498,0.03674905176192622,19.472081151334944,19.472081151334944,19.472081151334944,19.472081151334944,19.472081151334944,19.472081151334944,0.002324,0.001951,0.001636,0.001334,0.002065,0.001887
RUS,RUS.6_1,SMIL,0.15379606913596403,0.14690474785540691,0.14585433550365698,0.13445671860552671,0.12563747892787763,0.11593893859861668,31.86781652521137,31.86781652521137,31.86781652521137,31.86781652521137,31.86781652521137,31.86781652521137,0.004826,0.00461,0.004577,0.004219,0.003942,0.003638
RUS,RUS.70_1,SMIL,0.031684488802196195,0.019441029554180256,0.012338876374049203,0.0066010148011904565,0.002883314446030956,0.002347551066838162,7.848066086959498,7.848066086959498,7.848066086959498,7.848066086959498,7.848066086959498,7.848066086959498,0.004037,0.002477,0.001572,8.411e-4,3.674e-4,2.991e-4
RUS,RUS.74_1,SMIL,0,0,0,0,0,0,1.3244558065901457,1.3244558065901457,1.3244558065901457,1.3244558065901457,1.3244558065901457,1.3244558065901457,0,0,0,0,0,0
RUS,RUS.75_1,SMIL,0.17122622124367176,0.15660135816883414,0.18319947623448177,0.16595665026381357,0.16817197341684736,0.1575678120323309,67.35725175185371,67.35725175185371,67.35725175185371,67.35725175185371,67.35725175185371,67.35725175185371,0.002542,0.002325,0.00272,0.002464,0.002497,0.002339
RUS,RUS.77_1,SMIL,0.480488791330435,0.3721213447808253,0.26814679252437085,0.19976028375741486,0.1628582340878502,0.1295470173837229,200.23900087972373,200.23900087972373,200.23900087972373,200.23900087972373,200.23900087972373,200.23900087972373,0.0024,0.001858,0.001339,9.976e-4,8.133e-4,6.47e-4
RUS,RUS.79_1,SMIL,0.3219994434824706,0.2866878606966624,0.2766803283713022,0.25166757727464106,0.26357540565246257,0.24196419581787967,278.4089204305072,278.4089204305072,278.4089204305072,278.4089204305072,278.4089204305072,278.4089204305072,0.001157,0.00103,9.938e-4,9.039e-4,9.467e-4,8.691e-4
RUS,RUS.7_1,SMIL,0.005433860161345573,0.006045679325578006,0.012197531201724102,0.01732775838095859,0.016761083925977652,0.01655749496332645,5.005496876955713,5.005496876955713,5.005496876955713,5.005496876955713,5.005496876955713,5.005496876955713,0.001086,0.001208,0.002437,0.003462,0.003349,0.003308
RUS,RUS.82_1,SMIL,0,0,0,0,0,0,4.463729398693927e-4,4.463729398693927e-4,4.463729398693927e-4,4.463729398693927e-4,4.463729398693927e-4,4.463729398693927e-4,0,0,0,0,0,0
RUS,RUS.8_1,SMIL,0.012333498827200645,0.012513726338600198,0.011433023820854609,0.010355638351739149,0.01638321955715779,0.025984608877137678,21.618557594471014,21.618557594471014,21.618557594471014,21.618557594471014,21.618557594471014,21.618557594471014,5.705e-4,5.788e-4,5.289e-4,4.79e-4,7.578e-4,0.001202
RWA,RWA.1_1,SMIL,0.1462551720864825,0.146698754245234,0.13818964251079324,0.12968053077635247,0.12117141904191174,0.11266230730747098,81.36777705473001,81.36777705473001,81.36777705473001,81.36777705473001,81.36777705473001,81.36777705473001,0.001797,0.001803,0.001698,0.001594,0.001489,0.001385
RWA,RWA.2_1,SMIL,0.11687509891203945,0.10951653075917657,0.19563093621884117,0.21428871739688232,0.20055667187121357,0.2203558099996152,499.5102636859564,499.5102636859564,499.5102636859564,499.5102636859564,499.5102636859564,499.5102636859564,2.34e-4,2.192e-4,3.916e-4,4.29e-4,4.015e-4,4.411e-4
RWA,RWA.3_1,SMIL,0.010777241080538095,0.01978459346907731,0.0645782525756337,0.08993687166444385,0.12919984438080762,0.1315642834655461,786.8367668151649,786.8367668151649,786.8367668151649,786.8367668151649,786.8367668151649,786.8367668151649,1.37e-5,2.514e-5,8.207e-5,1.143e-4,1.642e-4,1.672e-4
RWA,RWA.4_1,SMIL,0.011378351295113533,0.014961821528798068,0.014041995404784294,0.01312216928077052,0.020521146341555187,0.023527423742967363,168.55211385400332,168.55211385400332,168.55211385400332,168.55211385400332,168.55211385400332,168.55211385400332,6.751e-5,8.877e-5,8.331e-5,7.785e-5,1.217e-4,1.396e-4
RWA,RWA.5_1,SMIL,2.9376688180526465e-4,2.7668751770964687e-4,2.5960815361402914e-4,2.425287895184114e-4,2.2544942542279363e-4,2.816012521380181e-4,56.458304666964956,56.458304666964956,56.458304666964956,56.458304666964956,56.458304666964956,56.458304666964956,5.203e-6,4.901e-6,4.598e-6,4.296e-6,3.993e-6,4.988e-6
SAU,SAU.10_1,SMIL,0,0,0,0,0,0,0.206662814309243,0.206662814309243,0.206662814309243,0.206662814309243,0.206662814309243,0.206662814309243,0,0,0,0,0,0
SAU,SAU.11_1,SMIL,0,0,0,0,0,0,1.099376239338378,1.099376239338378,1.099376239338378,1.099376239338378,1.099376239338378,1.099376239338378,0,0,0,0,0,0
SAU,SAU.13_1,SMIL,0,0,0,0,0,0,0.11192783417451878,0.11192783417451878,0.11192783417451878,0.11192783417451878,0.11192783417451878,0.11192783417451878,0,0,0,0,0,0
SAU,SAU.4_1,SMIL,0,0,0,0,0,0,0.671768681723574,0.671768681723574,0.671768681723574,0.671768681723574,0.671768681723574,0.671768681723574,0,0,0,0,0,0
SAU,SAU.5_1,SMIL,0,0,0,0,0,0,0.21363064662738948,0.21363064662738948,0.21363064662738948,0.21363064662738948,0.21363064662738948,0.21363064662738948,0,0,0,0,0,0
SAU,SAU.6_1,SMIL,0,0,0,0,0,0,0.22370474259324574,0.22370474259324574,0.22370474259324574,0.22370474259324574,0.22370474259324574,0.22370474259324574,0,0,0,0,0,0
SAU,SAU.7_1,SMIL,0,0,0,0,0,0,0.3408592556614614,0.3408592556614614,0.3408592556614614,0.3408592556614614,0.3408592556614614,0.3408592556614614,0,0,0,0,0,0
SRB,SRB.10_1,SMIL,0,0,0,0,0,0,0.0028794127801474354,0.0028794127801474354,0.0028794127801474354,0.0028794127801474354,0.0028794127801474354,0.0028794127801474354,0,0,0,0,0,0
SRB,SRB.13_1,SMIL,0,0,0,0,0,0,0.0028791815985569507,0.0028791815985569507,0.0028791815985569507,0.0028791815985569507,0.0028791815985569507,0.0028791815985569507,0,0,0,0,0,0
SRB,SRB.14_1,SMIL,0,0,0,0,0,0,0.003344510407668897,0.003344510407668897,0.003344510407668897,0.003344510407668897,0.003344510407668897,0.003344510407668897,0,0,0,0,0,0
SRB,SRB.15_1,SMIL,0,0,0,0,0,0,0.0057570097833692995,0.0057570097833692995,0.0057570097833692995,0.0057570097833692995,0.0057570097833692995,0.0057570097833692995,0,0,0,0,0,0
SRB,SRB.16_1,SMIL,0,0,0,0,0,0,0.00288004827138925,0.00288004827138925,0.00288004827138925,0.00288004827138925,0.00288004827138925,0.00288004827138925,0,0,0,0,0,0
SRB,SRB.17_1,SMIL,0,0,0,0,0,0,0.03248592262395122,0.03248592262395122,0.03248592262395122,0.03248592262395122,0.03248592262395122,0.03248592262395122,0,0,0,0,0,0
SRB,SRB.18_1,SMIL,0,0,0,0,0,0,0.0189054794178141,0.0189054794178141,0.0189054794178141,0.0189054794178141,0.0189054794178141,0.0189054794178141,0,0,0,0,0,0
SRB,SRB.19_1,SMIL,4.585477060323513e-6,4.307569359697845e-6,4.029661659072178e-6,3.7517539584465103e-6,3.4738462578208428e-6,3.1959385571951756e-6,0.06591606531347241,0.06591606531347241,0.06591606531347241,0.06591606531347241,0.06591606531347241,0.06591606531347241,6.957e-5,6.535e-5,6.113e-5,5.692e-5,5.27e-5,4.848e-5
SRB,SRB.1_1,SMIL,6.093210056042296e-5,5.1376288449827314e-5,4.182047633923167e-5,3.226466422863603e-5,2.27088521180404e-5,1.3153040007444756e-5,8.162031188665819e-4,8.162031188665819e-4,8.162031188665819e-4,8.162031188665819e-4,8.162031188665819e-4,8.162031188665819e-4,0.07465,0.06295,0.05124,0.03953,0.02782,0.01611
SRB,SRB.20_1,SMIL,2.9442402925196792e-5,2.6343202617281343e-5,2.3244002309365897e-5,2.014480200145044e-5,1.7045601693534986e-5,1.3946401385619534e-5,0.1003471686670993,0.1003471686670993,0.1003471686670993,0.1003471686670993,0.1003471686670993,0.1003471686670993,2.934e-4,2.625e-4,2.316e-4,2.008e-4,1.699e-4,1.39e-4
SRB,SRB.21_1,SMIL,1.032104095826237e-6,9.10680084552562e-7,7.89256073278887e-7,6.67832062005212e-7,5.464080507315371e-7,4.249840394578622e-7,0.016345866402355583,0.016345866402355583,0.016345866402355583,0.016345866402355583,0.016345866402355583,0.016345866402355583,6.314e-5,5.571e-5,4.828e-5,4.086e-5,3.343e-5,2.6e-5
SRB,SRB.22_1,SMIL,0,0,0,0,0,0,0.007196646275533416,0.007196646275533416,0.007196646275533416,0.007196646275533416,0.007196646275533416,0.007196646275533416,0,0,0,0,0,0
SRB,SRB.23_1,SMIL,8.711783367886788e-5,7.127822755543736e-5,5.543862143200683e-5,3.959901530857632e-5,2.3759409185145782e-5,7.919803061715263e-6,0.010391117325743578,0.010391117325743578,0.010391117325743578,0.010391117325743578,0.010391117325743578,0.010391117325743578,0.008384,0.00686,0.005335,0.003811,0.002287,7.622e-4
SRB,SRB.24_1,SMIL,6.372941752698409e-6,5.969359580130375e-6,5.56577740756234e-6,5.162195234994305e-6,4.758613062426269e-6,4.3550308898582345e-6,0.07219220944909786,0.07219220944909786,0.07219220944909786,0.07219220944909786,0.07219220944909786,0.07219220944909786,8.828e-5,8.269e-5,7.71e-5,7.151e-5,6.592e-5,6.033e-5
SRB,SRB.2_1,SMIL,0,0,0,0,0,0,0.008026978904620754,0.008026978904620754,0.008026978904620754,0.008026978904620754,0.008026978904620754,0.008026978904620754,0,0,0,0,0,0
SRB,SRB.3_1,SMIL,0.004892698238415265,6.012627678992865e-4,3.64874404607457e-4,1.284860413156278e-4,9.64861844035604e-6,8.362135981641902e-6,0.03423667182481513,0.03423667182481513,0.03423667182481513,0.03423667182481513,0.03423667182481513,0.03423667182481513,0.1429,0.01756,0.01066,0.003753,2.818e-4,2.442e-4
SRB,SRB.4_1,SMIL,4.701760553292611e-6,4.0748591461869296e-6,3.447957739081248e-6,2.821056331975566e-6,2.1941549248698847e-6,1.5672535177642036e-6,0.017275145347080068,0.017275145347080068,0.017275145347080068,0.017275145347080068,0.017275145347080068,0.017275145347080068,2.722e-4,2.359e-4,1.996e-4,1.633e-4,1.27e-4,9.072e-5
SRB,SRB.5_1,SMIL,1.4021619748869532e-5,1.27884138496307e-5,1.1555207950391865e-5,1.0322002051153032e-5,9.0887961519142e-6,6.187793845263055e-5,0.0792242094248915,0.0792242094248915,0.0792242094248915,0.0792242094248915,0.0792242094248915,0.0792242094248915,1.77e-4,1.614e-4,1.459e-4,1.303e-4,1.147e-4,7.81e-4
SRB,SRB.6_1,SMIL,3.1013051376440747e-4,4.29003361504422e-5,3.6993887837359996e-5,3.1087439524277795e-5,2.51809912111956e-5,1.9274542898113406e-5,0.119665208053691,0.119665208053691,0.119665208053691,0.119665208053691,0.119665208053691,0.119665208053691,0.002592,3.585e-4,3.091e-4,2.598e-4,2.104e-4,1.611e-4
SRB,SRB.7_1,SMIL,6.001914082539347e-7,5.078542685225602e-7,4.1551712879118554e-7,3.23179989059811e-7,2.3084284932843645e-7,1.3850570959706186e-7,0.01716362885598662,0.01716362885598662,0.01716362885598662,0.01716362885598662,0.01716362885598662,0.01716362885598662,3.497e-5,2.959e-5,2.421e-5,1.883e-5,1.345e-5,8.07e-6
SRB,SRB.8_1,SMIL,0,0,0,0,0,0,0.015292294019298778,0.015292294019298778,0.015292294019298778,0.015292294019298778,0.015292294019298778,0.015292294019298778,0,0,0,0,0,0
SRB,SRB.9_1,SMIL,0,0,0,0,0,0,0.004393134637307969,0.004393134637307969,0.004393134637307969,0.004393134637307969,0.004393134637307969,0.004393134637307969,0,0,0,0,0,0
SYR,SYR.10_1,SMIL,2.015621597295428e-5,6.7187386576514264e-6,0,0,0,0,0.19229828964609408,0.19229828964609408,0.19229828964609408,0.19229828964609408,0.19229828964609408,0.19229828964609408,1.048e-4,3.494e-5,0,0,0,0
SYR,SYR.11_1,SMIL,1.7066043275038394e-4,1.2766860969334358e-4,9.1191864066674e-5,5.471511844000439e-5,1.82383728133348e-5,0,0.9536691281432347,0.9536691281432347,0.9536691281432347,0.9536691281432347,0.9536691281432347,0.9536691281432347,1.79e-4,1.339e-4,9.562e-5,5.737e-5,1.912e-5,0
SYR,SYR.14_1,SMIL,4.4568548487370876e-4,2.333396246029116e-4,1.5968673761659522e-4,9.338668092716572e-5,3.4439454534623116e-5,4.758931282587154e-6,0.2636200219552632,0.2636200219552632,0.2636200219552632,0.2636200219552632,0.2636200219552632,0.2636200219552632,0.001691,8.851e-4,6.057e-4,3.542e-4,1.306e-4,1.805e-5
SYR,SYR.1_1,SMIL,8.304241668304641e-4,7.14669430057016e-4,5.989146932835678e-4,4.8315995651011974e-4,3.674052197366716e-4,2.516504829632235e-4,0.02929245609371821,0.02929245609371821,0.02929245609371821,0.02929245609371821,0.02929245609371821,0.02929245609371821,0.02835,0.0244,0.02045,0.01649,0.01254,0.008591
SYR,SYR.2_1,SMIL,0.011058395219213165,0.009684887447349173,0.00831137967548518,0.006937871903621187,0.005564364131757194,0.004190856359893206,0.20625088737687772,0.20625088737687772,0.20625088737687772,0.20625088737687772,0.20625088737687772,0.20625088737687772,0.05362,0.04696,0.0403,0.03364,0.02698,0.02032
SYR,SYR.8_1,SMIL,1.1024746501072508e-4,2.007521687338205e-5,0,0,0,0,0.13087956505415171,0.13087956505415171,0.13087956505415171,0.13087956505415171,0.13087956505415171,0.13087956505415171,8.424e-4,1.534e-4,0,0,0,0
SYR,SYR.9_1,SMIL,7.114611132095226e-4,6.277598057731083e-4,5.440584983366938e-4,4.603571909002793e-4,3.766558834638649e-4,2.9295457602745046e-4,0.026919569901069605,0.026919569901069605,0.026919569901069605,0.026919569901069605,0.026919569901069605,0.026919569901069605,0.02643,0.02332,0.02021,0.0171,0.01399,0.01088
TGO,TGO.1_1,SMIL,0.0040897787693287835,0.003758767323047653,0.0034277558767665125,0.003096744430485389,0.0037670691950588155,0.004935451208184194,608.2871878184901,608.2871878184901,608.2871878184901,608.2871878184901,608.2871878184901,608.2871878184901,6.723e-6,6.179e-6,5.635e-6,5.091e-6,6.193e-6,8.114e-6
TGO,TGO.2_1,SMIL,0.008258940469726889,0.0071715179167461335,0.006139181409305346,0.005161930947404528,0.005533449741257832,0.004601269576440329,1602.6409397326931,1602.6409397326931,1602.6409397326931,1602.6409397326931,1602.6409397326931,1602.6409397326931,5.153e-6,4.475e-6,3.831e-6,3.221e-6,3.453e-6,2.871e-6
TGO,TGO.3_1,SMIL,0,0,0,0,0,0,11.481319155965725,11.481319155965725,11.481319155965725,11.481319155965725,11.481319155965725,11.481319155965725,0,0,0,0,0,0
TGO,TGO.4_1,SMIL,0.012240832051697383,0.01126004636500009,0.010279260678302787,0.010303200168418654,0.009270890113679663,0.010213112647037951,919.1693956216226,919.1693956216226,919.1693956216226,919.1693956216226,919.1693956216226,919.1693956216226,1.332e-5,1.225e-5,1.118e-5,1.121e-5,1.009e-5,1.111e-5
TGO,TGO.5_1,SMIL,9.527777425823306e-5,0,0,0,0,0,728.315793339876,728.315793339876,728.315793339876,728.315793339876,728.315793339876,728.315793339876,1.308e-7,0,0,0,0,0
TJK,TJK.3_1,SMIL,3.8920900498732474e-4,3.393491338604931e-4,2.899330946181842e-4,2.4128376742898173e-4,1.935056115103395e-4,1.4793418982379116e-4,1.289477282614864,1.289477282614864,1.289477282614864,1.289477282614864,1.289477282614864,1.289477282614864,3.018e-4,2.632e-4,2.248e-4,1.871e-4,1.501e-4,1.147e-4
TJK,TJK.4_1,SMIL,5.5704904074858385e-6,4.827758353154393e-6,4.085026298822948e-6,3.3422942444915028e-6,2.599562190160058e-6,1.8568301358286128e-6,1.3353731014616925,1.3353731014616925,1.3353731014616925,1.3353731014616925,1.3353731014616925,1.3353731014616925,4.171e-6,3.615e-6,3.059e-6,2.503e-6,1.947e-6,1.39e-6
TJK,TJK.5_1,SMIL,0,0,0,0,0,0,0.23823775989174933,0.23823775989174933,0.23823775989174933,0.23823775989174933,0.23823775989174933,0.23823775989174933,0,0,0,0,0,0
TKM,TKM.1_1,SMIL,1.3926512728357373e-4,1.1783972308610084e-4,9.641431888862796e-5,7.498891469115507e-5,5.356351049368221e-5,3.2138106296209325e-5,0.3737219728936084,0.3737219728936084,0.3737219728936084,0.3737219728936084,0.3737219728936084,0.3737219728936084,3.726e-4,3.153e-4,2.58e-4,2.007e-4,1.433e-4,8.599e-5
TKM,TKM.3_1,SMIL,0,0,0,0,0,0,0.46420610383388544,0.46420610383388544,0.46420610383388544,0.46420610383388544,0.46420610383388544,0.46420610383388544,0,0,0,0,0,0
TUR,TUR.10_1,SMIL,1.41665545179923e-5,1.2499901045287324e-5,1.0833247572582346e-5,9.16659409987737e-6,7.499940627172393e-6,5.833287154467416e-6,0.10256480129086996,0.10256480129086996,0.10256480129086996,0.10256480129086996,0.10256480129086996,0.10256480129086996,1.381e-4,1.219e-4,1.056e-4,8.937e-5,7.312e-5,5.687e-5
TUR,TUR.11_1,SMIL,0.0010882496441905315,9.049722301763161e-4,6.44570555743475e-4,5.070951812292327e-4,4.235364202294557e-4,3.500152273843703e-4,9.481232621507978,9.481232621507978,9.481232621507978,9.481232621507978,9.481232621507978,9.481232621507978,1.148e-4,9.545e-5,6.798e-5,5.348e-5,4.467e-5,3.692e-5
TUR,TUR.12_1,SMIL,2.8498383239376496e-4,2.806731313348238e-4,2.2022733826234048e-4,1.737607008350551e-4,1.4845616849441158e-4,1.6927148878945303e-4,6.421564344995777,6.421564344995777,6.421564344995777,6.421564344995777,6.421564344995777,6.421564344995777,4.438e-5,4.371e-5,3.429e-5,2.706e-5,2.312e-5,2.636e-5
TUR,TUR.13_1,SMIL,3.0644429807492934e-5,2.179808108068365e-5,1.2951732353874368e-5,7.919375276864744e-6,6.701009849654784e-6,5.482644422444823e-6,1.4811893589377196,1.4811893589377196,1.4811893589377196,1.4811893589377196,1.4811893589377196,1.4811893589377196,2.069e-5,1.472e-5,8.744e-6,5.347e-6,4.524e-6,3.702e-6
TUR,TUR.14_1,SMIL,6.003253674791587e-6,3.993165796332002e-6,2.395899477799201e-6,7.986331592664004e-7,0,0,0.24784075979707473,0.24784075979707473,0.24784075979707473,0.24784075979707473,0.24784075979707473,0.24784075979707473,2.422e-5,1.611e-5,9.667e-6,3.222e-6,0,0
TUR,TUR.15_1,SMIL,0,0,0,0,0,0,0.05699893398652025,0.05699893398652025,0.05699893398652025,0.05699893398652025,0.05699893398652025,0.05699893398652025,0,0,0,0,0,0
TUR,TUR.16_1,SMIL,1.1223566337340312e-4,1.0509589960882052e-4,8.603532160846479e-5,7.219232619838164e-5,6.449464546882345e-5,5.824577724985648e-5,0.6901878682342492,0.6901878682342492,0.6901878682342492,0.6901878682342492,0.6901878682342492,0.6901878682342492,1.626e-4,1.523e-4,1.247e-4,1.046e-4,9.345e-5,8.439e-5
TUR,TUR.17_1,SMIL,9.89663567179458e-6,0,0,0,0,0,0.06486705365124505,0.06486705365124505,0.06486705365124505,0.06486705365124505,0.06486705365124505,0.06486705365124505,1.526e-4,0,0,0,0,0
TUR,TUR.18_1,SMIL,3.3586197568502335e-4,1.4802398005848419e-4,4.7613609534491395e-5,1.4879811548237782e-5,3.588555363555301e-6,2.9360907519997917e-6,0.20231164839490748,0.20231164839490748,0.20231164839490748,0.20231164839490748,0.20231164839490748,0.20231164839490748,0.00166,7.317e-4,2.353e-4,7.355e-5,1.774e-5,1.451e-5
TUR,TUR.19_1,SMIL,8.729922846555122e-5,7.067293594190485e-5,5.557731107581221e-5,4.3434960341668436e-5,3.583342145792212e-5,3.062095271495756e-5,0.3612576026833457,0.3612576026833457,0.3612576026833457,0.3612576026833457,0.3612576026833457,0.3612576026833457,2.417e-4,1.956e-4,1.538e-4,1.202e-4,9.919e-5,8.476e-5
TUR,TUR.1_1,SMIL,5.230609017405779e-4,4.1558090970391536e-4,3.143839457326711e-4,3.455940502461027e-4,2.5313723519242674e-4,2.126668993735473e-4,49.604807703172426,49.604807703172426,49.604807703172426,49.604807703172426,49.604807703172426,49.604807703172426,1.054e-5,8.378e-6,6.338e-6,6.967e-6,5.103e-6,4.287e-6
TUR,TUR.20_1,SMIL,1.0043367737288359e-4,7.943778236328319e-5,6.240468406695153e-5,4.714922015990013e-5,3.313592117578731e-5,1.9122622191674475e-5,0.4093087929911462,0.4093087929911462,0.4093087929911462,0.4093087929911462,0.4093087929911462,0.4093087929911462,2.454e-4,1.941e-4,1.525e-4,1.152e-4,8.096e-5,4.672e-5
TUR,TUR.21_1,SMIL,5.714722588471713e-4,4.65243622564154e-4,3.755602206163975e-4,3.138875999613577e-4,2.534453346311411e-4,2.1215458331012504e-4,9.592202983385848,9.592202983385848,9.592202983385848,9.592202983385848,9.592202983385848,9.592202983385848,5.958e-5,4.85e-5,3.915e-5,3.272e-5,2.642e-5,2.212e-5
TUR,TUR.22_1,SMIL,3.79961541392154e-4,2.563707750780959e-4,1.6613027630468612e-4,1.2218037403549228e-4,9.42274258099016e-5,1.313779453382066e-4,4.65973884696765,4.65973884696765,4.65973884696765,4.65973884696765,4.65973884696765,4.65973884696765,8.154e-5,5.502e-5,3.565e-5,2.622e-5,2.022e-5,2.819e-5
TUR,TUR.23_1,SMIL,0,0,0,0,0,0,0.3498116982926084,0.3498116982926084,0.3498116982926084,0.3498116982926084,0.3498116982926084,0.3498116982926084,0,0,0,0,0,0
TUR,TUR.24_1,SMIL,1.9888922677128244e-4,1.4171589428357617e-4,9.939867851129585e-5,5.963920710677751e-5,1.987973570225917e-5,0,0.5182045275750764,0.5182045275750764,0.5182045275750764,0.5182045275750764,0.5182045275750764,0.5182045275750764,3.838e-4,2.735e-4,1.918e-4,1.151e-4,3.836e-5,0
TUR,TUR.25_1,SMIL,1.0496637868194107e-4,8.972851727413397e-5,9.236004753605909e-5,8.059378094688692e-5,6.985491229630813e-5,1.3212182837014398e-4,2.6565355531749795,2.6565355531749795,2.6565355531749795,2.6565355531749795,2.6565355531749795,2.6565355531749795,3.951e-5,3.378e-5,3.477e-5,3.034e-5,2.63e-5,4.973e-5
TUR,TUR.26_1,SMIL,3.5412375738617935e-4,2.5520664585569245e-4,1.6691345363169878e-4,7.862026140770512e-5,3.098287532132496e-5,2.400129537255829e-5,1.4326541845095675,1.4326541845095675,1.4326541845095675,1.4326541845095675,1.4326541845095675,1.4326541845095675,2.472e-4,1.781e-4,1.165e-4,5.488e-5,2.163e-5,1.675e-5
TUR,TUR.27_1,SMIL,4.3071182039631024e-5,3.17065069795778e-5,2.1858111657137217e-5,1.4205617535635717e-5,8.85468426809876e-6,8.036654433080347e-4,1.2691512174308586,1.2691512174308586,1.2691512174308586,1.2691512174308586,1.2691512174308586,1.2691512174308586,3.394e-5,2.498e-5,1.722e-5,1.119e-5,6.977e-6,6.332e-4
TUR,TUR.28_1,SMIL,5.9919716767782836e-5,5.7456482466631344e-5,4.834924053009654e-5,3.958067962912937e-5,3.723713136500114e-5,5.4002436699856793e-5,3.359673340181634,3.359673340181634,3.359673340181634,3.359673340181634,3.359673340181634,3.359673340181634,1.783e-5,1.71e-5,1.439e-5,1.178e-5,1.108e-5,1.607e-5
TUR,TUR.29_1,SMIL,0,0,0,0,0,0,0.005630544884811925,0.005630544884811925,0.005630544884811925,0.005630544884811925,0.005630544884811925,0.005630544884811925,0,0,0,0,0,0
TUR,TUR.2_1,SMIL,1.8602994869633865e-5,1.3287853478309908e-5,7.972712086985944e-6,2.657570695661981e-6,0,0,0.5323206969911763,0.5323206969911763,0.5323206969911763,0.5323206969911763,0.5323206969911763,0.5323206969911763,3.495e-5,2.496e-5,1.498e-5,4.992e-6,0,0
TUR,TUR.30_1,SMIL,0,0,0,0,0,0,0.09650889495176825,0.09650889495176825,0.09650889495176825,0.09650889495176825,0.09650889495176825,0.09650889495176825,0,0,0,0,0,0
TUR,TUR.31_1,SMIL,2.4245544417344868e-4,2.0515460660830271e-4,1.6785376904315677e-4,1.305529314780108e-4,9.325209391286488e-5,5.595125634771892e-5,0.08287621672455425,0.08287621672455425,0.08287621672455425,0.08287621672455425,0.08287621672455425,0.08287621672455425,0.002926,0.002475,0.002025,0.001575,0.001125,6.751e-4
TUR,TUR.32_1,SMIL,2.056726501973677e-5,1.911258782467943e-5,1.7657910629622087e-5,1.6203233434564742e-5,1.4748556239507398e-5,1.3293879044450055e-5,0.7085802188079726,0.7085802188079726,0.7085802188079726,0.7085802188079726,0.7085802188079726,0.7085802188079726,2.903e-5,2.697e-5,2.492e-5,2.287e-5,2.081e-5,1.876e-5
TUR,TUR.33_1,SMIL,0,0,0,0,0,0,0.7788861862849773,0.7788861862849773,0.7788861862849773,0.7788861862849773,0.7788861862849773,0.7788861862849773,0,0,0,0,0,0
TUR,TUR.34_1,SMIL,1.9442914762909821e-4,1.563007188480098e-4,1.2130435193733095e-4,8.75068768485699e-5,5.6919872836425134e-5,3.1555753844276524e-5,0.4534670949161441,0.4534670949161441,0.4534670949161441,0.4534670949161441,0.4534670949161441,0.4534670949161441,4.288e-4,3.447e-4,2.675e-4,1.93e-4,1.255e-4,6.959e-5
TUR,TUR.35_1,SMIL,1.384204828664704e-5,1.0766037556281029e-5,7.690026825915022e-6,4.614016095549013e-6,1.5380053651830044e-6,0,0.0715813066471041,0.0715813066471041,0.0715813066471041,0.0715813066471041,0.0715813066471041,0.0715813066471041,1.934e-4,1.504e-4,1.074e-4,6.446e-5,2.149e-5,0
TUR,TUR.36_1,SMIL,1.79002882025126e-5,1.4645690347510309e-5,1.1391092492508015e-5,8.136494637505729e-6,4.881896782503436e-6,1.6272989275011454e-6,0.02731300557917172,0.02731300557917172,0.02731300557917172,0.02731300557917172,0.02731300557917172,0.02731300557917172,6.554e-4,5.362e-4,4.171e-4,2.979e-4,1.787e-4,5.958e-5
TUR,TUR.37_1,SMIL,1.8914234276296328e-4,1.403714902345218e-4,1.2867068088409653e-4,1.244256030921452e-4,1.0018394530640103e-4,8.281522568353982e-5,5.8388861791350974,5.8388861791350974,5.8388861791350974,5.8388861791350974,5.8388861791350974,5.8388861791350974,3.239e-5,2.404e-5,2.204e-5,2.131e-5,1.716e-5,1.418e-5
TUR,TUR.38_1,SMIL,0,0,0,0,0,0,0.4109925575807199,0.4109925575807199,0.4109925575807199,0.4109925575807199,0.4109925575807199,0.4109925575807199,0,0,0,0,0,0
TUR,TUR.39_1,SMIL,0.002057554339982713,0.0016891926268895216,0.0013353306418150456,9.873020590564995e-4,6.705169858435345e-4,4.0844510355470226e-4,1.049674059397311,1.049674059397311,1.049674059397311,1.049674059397311,1.049674059397311,1.049674059397311,0.00196,0.001609,0.001272,9.406e-4,6.388e-4,3.891e-4
TUR,TUR.3_1,SMIL,0.0011849262442104938,7.351673695690614e-4,3.8166972161978954e-4,1.4454089092291888e-4,5.4259151205321474e-5,3.3913806566183395e-5,1.4935981732243153,1.4935981732243153,1.4935981732243153,1.4935981732243153,1.4935981732243153,1.4935981732243153,7.933e-4,4.922e-4,2.555e-4,9.677e-5,3.633e-5,2.271e-5
TUR,TUR.40_1,SMIL,3.018713043412996e-6,2.554295652118689e-6,2.0898782608243816e-6,1.6254608695300745e-6,1.1610434782357675e-6,6.966260869414606e-7,0.4204610235392179,0.4204610235392179,0.4204610235392179,0.4204610235392179,0.4204610235392179,0.4204610235392179,7.18e-6,6.075e-6,4.97e-6,3.866e-6,2.761e-6,1.657e-6
TUR,TUR.41_1,SMIL,0.0014882497265666225,0.0013047486892658199,0.0012260992107697404,0.0010032268713797085,0.0013148304938349533,0.00117055611823374,5.569233412071805,5.569233412071805,5.569233412071805,5.569233412071805,5.569233412071805,5.569233412071805,2.672e-4,2.343e-4,2.202e-4,1.801e-4,2.361e-4,2.102e-4
TUR,TUR.42_1,SMIL,1.01881866127064e-4,8.616949938527289e-5,7.396385140178283e-5,7.588794050227093e-5,1.9922084422541511e-4,1.8582761096171322e-4,0.9262841134357943,0.9262841134357943,0.9262841134357943,0.9262841134357943,0.9262841134357943,0.9262841134357943,1.1e-4,9.303e-5,7.985e-5,8.193e-5,2.151e-4,2.006e-4
TUR,TUR.43_1,SMIL,3.9458690299918674e-5,2.8184778785656203e-5,1.691086727139372e-5,5.63695575713124e-6,0,0,0.07321237972745437,0.07321237972745437,0.07321237972745437,0.07321237972745437,0.07321237972745437,0.07321237972745437,5.39e-4,3.85e-4,2.31e-4,7.699e-5,0,0
TUR,TUR.44_1,SMIL,5.125416607812123e-4,3.5649516155918136e-4,2.2515284786514994e-4,1.1898883941288025e-4,3.476646463843118e-5,0,0.15632830644024465,0.15632830644024465,0.15632830644024465,0.15632830644024465,0.15632830644024465,0.15632830644024465,0.003279,0.00228,0.00144,7.611e-4,2.224e-4,0
TUR,TUR.45_1,SMIL,0,0,0,0,0,0,0.0028781787354685453,0.0028781787354685453,0.0028781787354685453,0.0028781787354685453,0.0028781787354685453,0.0028781787354685453,0,0,0,0,0,0
TUR,TUR.46_1,SMIL,1.2137392671120439e-4,1.0892187894081402e-4,9.646983117042361e-5,2.618732410788722e-4,2.439333658417035e-4,4.125143329031428e-4,1.1040273860084453,1.1040273860084453,1.1040273860084453,1.1040273860084453,1.1040273860084453,1.1040273860084453,1.099e-4,9.866e-5,8.738e-5,2.372e-4,2.209e-4,3.736e-4
TUR,TUR.47_1,SMIL,1.4259796283763683e-4,1.2238342432370654e-4,1.0417618024420407e-4,8.797623059912935e-5,7.177628095405462e-5,6.102312670937071e-5,0.4335513510800741,0.4335513510800741,0.4335513510800741,0.4335513510800741,0.4335513510800741,0.4335513510800741,3.289e-4,2.823e-4,2.403e-4,2.029e-4,1.656e-4,1.408e-4
TUR,TUR.48_1,SMIL,0,0,0,0,0,0,0.019124909524501774,0.019124909524501774,0.019124909524501774,0.019124909524501774,0.019124909524501774,0.019124909524501774,0,0,0,0,0,0
TUR,TUR.49_1,SMIL,1.4615001866680237e-4,1.0565760377199458e-4,6.99772571805972e-5,3.42969105891998e-5,8.228368646750551e-6,0,0.42318736795605105,0.42318736795605105,0.42318736795605105,0.42318736795605105,0.42318736795605105,0.42318736795605105,3.454e-4,2.497e-4,1.654e-4,8.104e-5,1.944e-5,0
TUR,TUR.4_1,SMIL,0,0,0,0,0,0,0.02868884853585575,0.02868884853585575,0.02868884853585575,0.02868884853585575,0.02868884853585575,0.02868884853585575,0,0,0,0,0,0
TUR,TUR.50_1,SMIL,0,2.2541599683245116e-4,2.138562021230947e-4,2.0229640741373825e-4,1.9073661270438175e-4,1.7917681799502528e-4,1.805187106335756,1.805187106335756,1.805187106335756,1.805187106335756,1.805187106335756,1.805187106335756,0,1.249e-4,1.185e-4,1.121e-4,1.057e-4,9.926e-5
TUR,TUR.51_1,SMIL,2.1949297357117998e-4,1.4429498578007836e-4,8.402552731932682e-5,2.8008509106442276e-5,0,0,1.339968078584397,1.339968078584397,1.339968078584397,1.339968078584397,1.339968078584397,1.339968078584397,1.638e-4,1.077e-4,6.271e-5,2.09e-5,0,0
TUR,TUR.52_1,SMIL,1.1516529421110565e-4,9.0111357335743e-5,6.604866752869175e-5,4.722904618392457e-5,3.5321532679563974e-5,2.8082867862183244e-5,1.5740504894638823,1.5740504894638823,1.5740504894638823,1.5740504894638823,1.5740504894638823,1.5740504894638823,7.316e-5,5.725e-5,4.196e-5,3e-5,2.244e-5,1.784e-5
TUR,TUR.53_1,SMIL,4.0769924909258675e-4,2.805003845294268e-4,1.8042455316809588e-4,4.251148980470465e-4,7.928594359870672e-4,7.545677373956679e-4,2.5935240458124564,2.5935240458124564,2.5935240458124564,2.5935240458124564,2.5935240458124564,2.5935240458124564,1.572e-4,1.082e-4,6.957e-5,1.639e-4,3.057e-4,2.909e-4
TUR,TUR.54_1,SMIL,2.986970707829664e-4,2.3431221518518432e-4,1.8946841894409573e-4,1.6341923992633055e-4,0.00013821224305732407,1.247026604398513e-4,0.90915332956792,0.90915332956792,0.90915332956792,0.90915332956792,0.90915332956792,0.90915332956792,3.285e-4,2.577e-4,2.084e-4,1.797e-4,1.52e-4,1.372e-4
TUR,TUR.55_1,SMIL,3.5207410745457477e-4,2.8824773394437256e-4,2.3902461051397513e-4,1.9309527874109393e-4,1.4716594696821277e-4,1.0528983405352957e-4,2.2540991580443266,2.2540991580443266,2.2540991580443266,2.2540991580443266,2.2540991580443266,2.2540991580443266,1.562e-4,1.279e-4,1.06e-4,8.566e-5,6.5290000000000007e-05,4.671e-5
TUR,TUR.56_1,SMIL,6.45930457020201e-4,5.264443217146248e-4,4.00629845659516e-4,3.232141153959894e-4,2.8345640853974594e-4,2.7031378080242564e-4,5.186195032420347,5.186195032420347,5.186195032420347,5.186195032420347,5.186195032420347,5.186195032420347,1.245e-4,1.015e-4,7.725e-5,6.232e-5,5.466e-5,5.212e-5
TUR,TUR.57_1,SMIL,1.1308464271804899e-4,7.668707958777751e-5,4.670851924543767e-5,2.301111529228072e-5,6.635735369454352e-6,0,0.2717824121662618,0.2717824121662618,0.2717824121662618,0.2717824121662618,0.2717824121662618,0.2717824121662618,4.161e-4,2.822e-4,1.719e-4,8.467e-5,2.442e-5,0
TUR,TUR.58_1,SMIL,8.445138723941902e-4,8.454738295152581e-4,7.839912235776155e-4,8.196684001224504e-4,7.5406821777728e-4,6.791096305010843e-4,9.904101082116645,9.904101082116645,9.904101082116645,9.904101082116645,9.904101082116645,9.904101082116645,8.527e-5,8.537e-5,7.916e-5,8.276e-5,7.614e-5,6.857e-5
TUR,TUR.59_1,SMIL,1.4280677303803196e-4,8.809405417629415e-5,6.458770319550005e-5,4.5287578795898676e-5,3.17486846467066e-5,2.5379853837017954e-5,1.8231609940301252,1.8231609940301252,1.8231609940301252,1.8231609940301252,1.8231609940301252,1.8231609940301252,7.833e-5,4.832e-5,3.543e-5,2.484e-5,1.741e-5,1.392e-5
TUR,TUR.5_1,SMIL,3.190014513043574e-5,2.100371531697293e-5,1.166662530768114e-5,3.888875102560381e-6,0,0,0.5108397623613344,0.5108397623613344,0.5108397623613344,0.5108397623613344,0.5108397623613344,0.5108397623613344,6.245e-5,4.112e-5,2.284e-5,7.613e-6,0,0
TUR,TUR.60_1,SMIL,6.036574148010214e-5,0,0,0,0,0,0.20488242307626672,0.20488242307626672,0.20488242307626672,0.20488242307626672,0.20488242307626672,0.20488242307626672,2.946e-4,0,0,0,0,0
TUR,TUR.61_1,SMIL,1.5218653563640618e-5,1.0870466831171871e-5,6.522280098703122e-6,2.174093366234374e-6,0,0,0.2432566871699467,0.2432566871699467,0.2432566871699467,0.2432566871699467,0.2432566871699467,0.2432566871699467,6.256e-5,4.469e-5,2.681e-5,8.937e-6,0,0
TUR,TUR.62_1,SMIL,7.77926944253945e-5,7.04258936665629e-5,6.305909290773129e-5,5.658823880003768e-5,5.1408507318950324e-5,4.726564993877859e-5,0.25222603201283744,0.25222603201283744,0.25222603201283744,0.25222603201283744,0.25222603201283744,0.25222603201283744,3.084e-4,2.792e-4,2.5e-4,2.244e-4,2.038e-4,1.874e-4
TUR,TUR.63_1,SMIL,8.641097120787772e-6,6.067887603796151e-6,3.984402371083618e-6,2.3906414226501708e-6,7.968804742167236e-7,0,0.020531566817557776,0.020531566817557776,0.020531566817557776,0.020531566817557776,0.020531566817557776,0.020531566817557776,4.209e-4,2.955e-4,1.941e-4,1.164e-4,3.881e-5,0
TUR,TUR.64_1,SMIL,5.997348109839883e-5,4.6624501703606054e-5,3.3275522308813295e-5,2.1860549417911635e-5,1.2379583030901093e-5,3.819549918697911e-6,2.7561153003122087,2.7561153003122087,2.7561153003122087,2.7561153003122087,2.7561153003122087,2.7561153003122087,2.176e-5,1.692e-5,1.207e-5,7.932e-6,4.492e-6,1.386e-6
TUR,TUR.65_1,SMIL,1.713649857204725e-5,1.5064246693804395e-5,1.4017958900556153e-5,1.2971671107307911e-5,1.192538331405967e-5,1.0879095520811427e-5,0.0735646217178626,0.0735646217178626,0.0735646217178626,0.0735646217178626,0.0735646217178626,0.0735646217178626,2.329e-4,2.048e-4,1.906e-4,1.763e-4,1.621e-4,1.479e-4
TUR,TUR.66_1,SMIL,8.574271218596006e-4,7.367549929408894e-4,6.190201864988248e-4,5.027826048900612e-4,4.080616538173003e-4,3.350384866561365e-4,3.2275890958508113,3.2275890958508113,3.2275890958508113,3.2275890958508113,3.2275890958508113,3.2275890958508113,2.657e-4,2.283e-4,1.918e-4,1.558e-4,1.264e-4,1.038e-4
TUR,TUR.67_1,SMIL,0.0015465772306671004,0.0017049401732456074,0.0016501531636243442,0.0015887136826694963,0.001487199216142546,0.0014343147980665633,15.295264722156885,15.295264722156885,15.295264722156885,15.295264722156885,15.295264722156885,15.295264722156885,1.011e-4,1.115e-4,1.079e-4,1.039e-4,9.723e-5,9.378e-5
TUR,TUR.68_1,SMIL,3.4094716385038245e-4,2.815311672568857e-4,2.311052256172586e-4,1.890412881766724e-4,1.515743667556768e-4,1.1684579032031014e-4,1.1272758598222343,1.1272758598222343,1.1272758598222343,1.1272758598222343,1.1272758598222343,1.1272758598222343,3.025e-4,2.497e-4,2.05e-4,1.677e-4,1.345e-4,1.037e-4
TUR,TUR.69_1,SMIL,1.380999805792461e-4,8.143174600025885e-5,2.9952021667405616e-5,3.5098282251726283e-6,6.174657346863879e-7,0,0.10653717768108185,0.10653717768108185,0.10653717768108185,0.10653717768108185,0.10653717768108185,0.10653717768108185,0.001296,7.644e-4,2.811e-4,3.294e-5,5.796e-6,0
TUR,TUR.6_1,SMIL,0.00258780918321732,0.00238897437866898,0.00219013957412065,0.00199130476957232,0.00179246996502399,0.00159363516047566,1.1122543827248679,1.1122543827248679,1.1122543827248679,1.1122543827248679,1.1122543827248679,1.1122543827248679,0.002327,0.002148,0.001969,0.00179,0.001612,0.001433
TUR,TUR.70_1,SMIL,2.502447431737474e-4,2.0287819126303807e-4,1.5617491310905896e-4,1.0947163495507983e-4,7.881096854922493e-5,6.419291389149426e-5,1.1615508685563696,1.1615508685563696,1.1615508685563696,1.1615508685563696,1.1615508685563696,1.1615508685563696,2.154e-4,1.747e-4,1.345e-4,9.425e-5,6.785e-5,5.526e-5
TUR,TUR.71_1,SMIL,5.664835958489065e-4,5.072849977595072e-4,4.4808639967010804e-4,3.962718968450987e-4,3.518414892844794e-4,3.090246426601592e-4,0.08037865553068607,0.08037865553068607,0.08037865553068607,0.08037865553068607,0.08037865553068607,0.08037865553068607,0.007048,0.006311,0.005575,0.00493,0.004377,0.003845
TUR,TUR.72_1,SMIL,5.8421243151492656e-5,4.808789136951707e-5,4.0301711136112175e-5,3.506270245127795e-5,2.9823693766443734e-5,2.458468508160951e-5,0.78765329523298655,0.78765329523298655,0.78765329523298655,0.78765329523298655,0.78765329523298655,0.78765329523298655,7.417e-5,6.105e-5,5.117e-5,4.452e-5,3.786e-5,3.121e-5
TUR,TUR.73_1,SMIL,6.571874190444225e-6,2.10139874231568e-6,1.6021238716711126e-6,1.4334792536004692e-6,1.264834635529826e-6,4.8185173896972905e-5,1.498806651840958,1.498806651840958,1.498806651840958,1.498806651840958,1.498806651840958,1.498806651840958,4.385e-6,1.402e-6,1.069e-6,9.564e-7,8.439e-7,3.215e-5
TUR,TUR.74_1,SMIL,4.415933951332831e-4,4.775115931545972e-4,4.6251229150048737e-4,4.2133074975269903e-4,5.172418912288658e-4,4.706593797774868e-4,8.039086687341223,8.039086687341223,8.039086687341223,8.039086687341223,8.039086687341223,8.039086687341223,5.493e-5,5.94e-5,5.753e-5,5.241e-5,6.434e-5,5.855e-5
TUR,TUR.75_1,SMIL,1.5870595695101277e-4,1.260940823279474e-4,9.348220770488205e-5,6.379920967107808e-5,4.40375984933856e-5,3.126849758254317e-5,0.41952344238585176,0.41952344238585176,0.41952344238585176,0.41952344238585176,0.41952344238585176,0.41952344238585176,3.783e-4,3.006e-4,2.228e-4,1.521e-4,1.05e-4,7.453e-5
TUR,TUR.76_1,SMIL,1.2559962776455754e-5,4.186654258818585e-6,0,0,0,0,0.004958576824780894,0.004958576824780894,0.004958576824780894,0.004958576824780894,0.004958576824780894,0.004958576824780894,0.002533,8.443e-4,0,0,0,0
TUR,TUR.77_1,SMIL,2.8434850788332064e-5,1.6780228264369207e-5,9.84996561168534e-6,5.2130015774111566e-6,1.7376671924703857e-6,0,0.7398578263850414,0.7398578263850414,0.7398578263850414,0.7398578263850414,0.7398578263850414,0.7398578263850414,3.843e-5,2.268e-5,1.331e-5,7.046e-6,2.349e-6,0
TUR,TUR.78_1,SMIL,2.4416687288733715e-4,1.727916962613447e-4,1.0282808096126131e-4,3.427602698708711e-5,0,0,0.13394962713191474,0.13394962713191474,0.13394962713191474,0.13394962713191474,0.13394962713191474,0.13394962713191474,0.001823,0.00129,7.677e-4,2.559e-4,0,0
TUR,TUR.79_1,SMIL,3.3219396546744487e-6,2.3728140390531778e-6,1.4236884234319066e-6,4.745628078106356e-7,0,0,0.06720843447349796,0.06720843447349796,0.06720843447349796,0.06720843447349796,0.06720843447349796,0.06720843447349796,4.943e-5,3.531e-5,2.118e-5,7.061e-6,0,0
TUR,TUR.7_1,SMIL,4.583474768065999e-4,2.6642204927314887e-4,1.59548710390064e-4,6.692161804572535e-5,1.6004987511623412e-5,4.059468148351361e-6,1.5420762221665152,1.5420762221665152,1.5420762221665152,1.5420762221665152,1.5420762221665152,1.5420762221665152,2.972e-4,1.728e-4,1.035e-4,4.34e-5,1.038e-5,2.632e-6
TUR,TUR.80_1,SMIL,5.884982704034889e-5,5.373245077597073e-5,4.861507451159256e-5,4.349769824721439e-5,3.8380321982836235e-5,4.7074983910067085e-4,1.3166210619681797,1.3166210619681797,1.3166210619681797,1.3166210619681797,1.3166210619681797,1.3166210619681797,4.47e-5,4.081e-5,3.692e-5,3.304e-5,2.915e-5,3.575e-4
TUR,TUR.81_1,SMIL,3.834125795012019e-5,3.3830521720694295e-5,2.931978549126838e-5,2.480904926184248e-5,2.029831303241657e-5,1.5787576802990665e-5,0.6190104638815591,0.6190104638815591,0.6190104638815591,0.6190104638815591,0.6190104638815591,0.6190104638815591,6.194e-5,5.465e-5,4.737e-5,4.008e-5,3.279e-5,2.55e-5
TUR,TUR.8_1,SMIL,2.6534127308987617e-4,2.2196317605216936e-4,1.8065185659411767e-4,1.404941604449698e-4,1.0605353027921459e-4,7.80274754343538e-5,4.253195849442262,4.253195849442262,4.253195849442262,4.253195849442262,4.253195849442262,4.253195849442262,6.239e-5,5.219e-5,4.247e-5,3.303e-5,2.494e-5,1.835e-5
TZA,TZA.10_1,SMIL,3.340626585180568,3.5193140846208615,3.5389064527631215,3.5217169908093746,3.3541397852317347,3.198343344791494,313.4306561876915,313.4306561876915,313.4306561876915,313.4306561876915,313.4306561876915,313.4306561876915,0.01066,0.01123,0.01129,0.01124,0.0107,0.0102
TZA,TZA.11_1,SMIL,5.92614080589173,5.937153368839951,6.385450485855817,7.407120505035565,7.7388885944245125,7.738186646507779,1741.818943808656,1741.818943808656,1741.818943808656,1741.818943808656,1741.818943808656,1741.818943808656,0.003402,0.003409,0.003666,0.004253,0.004443,0.004443
TZA,TZA.12_1,SMIL,0.011138261341628946,0.010215870512709842,0.009538188195729345,0.008904113685475518,0.008738014789015109,0.008125785633843521,1373.8603394420186,1373.8603394420186,1373.8603394420186,1373.8603394420186,1373.8603394420186,1373.8603394420186,8.107e-6,7.436e-6,6.943e-6,6.481e-6,6.36e-6,5.915e-6
TZA,TZA.13_1,SMIL,0.22496744239480818,0.20774414850544307,0.18398293609698216,0.16242989082791903,0.1417492105403603,0.1294213201003848,596.8370315209929,596.8370315209929,596.8370315209929,596.8370315209929,596.8370315209929,596.8370315209929,3.769e-4,3.481e-4,3.083e-4,2.722e-4,2.375e-4,2.168e-4
TZA,TZA.14_1,SMIL,0.896365667512053,0.9242353759131752,1.1144541588861425,1.2562568993492897,1.2985885732001783,1.2839704889970727,803.2961757840476,803.2961757840476,803.2961757840476,803.2961757840476,803.2961757840476,803.2961757840476,0.001116,0.001151,0.001387,0.001564,0.001617,0.001598
TZA,TZA.15_1,SMIL,0.08473214598582056,0.07801394245774858,0.07150395090921743,0.07461256482785424,0.06790036031876398,0.06121432969118779,265.79617821176214,265.79617821176214,265.79617821176214,265.79617821176214,265.79617821176214,265.79617821176214,3.188e-4,2.935e-4,2.69e-4,2.807e-4,2.555e-4,2.303e-4
TZA,TZA.16_1,SMIL,0.0023094127453181456,0.0017802109666201294,0.001251009187922103,7.218074092240921e-4,2.286032599375412e-4,0,20.097370639981452,20.097370639981452,20.097370639981452,20.097370639981452,20.097370639981452,20.097370639981452,1.149e-4,8.858e-5,6.225e-5,3.592e-5,1.137e-5,0
TZA,TZA.17_1,SMIL,0.20112477861618136,0.20312126301137462,0.1943478589191126,0.20483491515343105,0.20312159672887853,0.19092434981496637,823.898312880906,823.898312880906,823.898312880906,823.898312880906,823.898312880906,823.898312880906,2.441e-4,2.465e-4,2.359e-4,2.486e-4,2.465e-4,2.317e-4
TZA,TZA.1_1,SMIL,0.06930091437616166,0.06674834976432013,0.06411184065221268,0.13052421553937213,0.1336995380206574,0.12804916803012809,90.99251702130977,90.99251702130977,90.99251702130977,90.99251702130977,90.99251702130977,90.99251702130977,7.616e-4,7.336e-4,7.046e-4,0.001434,0.001469,0.001407
TZA,TZA.21_1,SMIL,4.992825032757881,4.510827033728906,4.046079528998472,3.633035397846348,3.289909458373854,2.933820859306889,19866.7231432118,19866.7231432118,19866.7231432118,19866.7231432118,19866.7231432118,19866.7231432118,2.513e-4,2.271e-4,2.037e-4,1.829e-4,1.656e-4,1.477e-4
TZA,TZA.22_1,SMIL,0.5174516961603017,0.5082581294916004,0.45615873276872504,0.4225211780947563,0.39742953271272036,0.35875580800714446,3339.234020407471,3339.234020407471,3339.234020407471,3339.234020407471,3339.234020407471,3339.234020407471,1.55e-4,1.522e-4,1.366e-4,1.265e-4,1.19e-4,1.074e-4
TZA,TZA.23_1,SMIL,0.00664057019621272,0.006209078742941752,0.005777587289670784,0.007492594744842056,0.007794287833917819,0.02370204013187613,160.72506293287492,160.72506293287492,160.72506293287492,160.72506293287492,160.72506293287492,160.72506293287492,4.132e-5,3.863e-5,3.595e-5,4.662e-5,4.849e-5,1.475e-4
TZA,TZA.24_1,SMIL,6.39084417236738e-7,0,5.775904264105523e-5,5.4797040454334446e-5,5.1835038267613675e-5,4.887303608089289e-5,6.540701538731783,6.540701538731783,6.540701538731783,6.540701538731783,6.540701538731783,6.540701538731783,9.771e-8,0,8.831e-6,8.378e-6,7.925e-6,7.472e-6
TZA,TZA.25_1,SMIL,1.089217475317975,1.159117989961051,1.1445979157539654,1.208165301454287,1.2636479505090306,1.2334980927231058,5535.768045046433,5535.768045046433,5535.768045046433,5535.768045046433,5535.768045046433,5535.768045046433,1.968e-4,2.094e-4,2.068e-4,2.182e-4,2.283e-4,2.228e-4
TZA,TZA.26_1,SMIL,0.045091336721764685,0.053331854144581116,0.048644895680698685,0.045636816019049314,0.055961359568904065,0.052325327733867194,918.3641175345624,918.3641175345624,918.3641175345624,918.3641175345624,918.3641175345624,918.3641175345624,4.91e-5,5.807e-5,5.297e-5,4.969e-5,6.094e-5,5.698e-5
TZA,TZA.27_1,SMIL,0.022467266667119727,0.02358266055342343,0.023192508659500094,0.021371239615526238,0.019559098762000415,0.01823410511414279,5.254909043927805,5.254909043927805,5.254909043927805,5.254909043927805,5.254909043927805,5.254909043927805,0.004275,0.004488,0.004413,0.004067,0.003722,0.00347
TZA,TZA.31_1,SMIL,0.7379494268127738,0.6841354790585286,0.6084714287354992,0.5346443928948418,0.45333069574614865,0.3837272671510969,3047.6289904442324,3047.6289904442324,3047.6289904442324,3047.6289904442324,3047.6289904442324,3047.6289904442324,2.421e-4,2.245e-4,1.997e-4,1.754e-4,1.487e-4,1.259e-4
TZA,TZA.3_1,SMIL,8.09451862032782,8.662679762586652,10.48082347159054,14.823928313900653,17.83787431379818,18.184112419232097,4249.168366535151,4249.168366535151,4249.168366535151,4249.168366535151,4249.168366535151,4249.168366535151,0.001905,0.002039,0.002467,0.003489,0.004198,0.004279
TZA,TZA.4_1,SMIL,8.867036011569928e-4,7.66575270233919e-4,6.464469393108452e-4,0.004868400066831221,0.0069881806222733284,0.0065710077668274715,415.25260039751026,415.25260039751026,415.25260039751026,415.25260039751026,415.25260039751026,415.25260039751026,2.135e-6,1.846e-6,1.557e-6,1.172e-5,1.683e-5,1.582e-5
TZA,TZA.5_1,SMIL,0.34963755603658253,0.4020880753768057,0.6781520508551738,0.960554632988833,1.0050663001990114,0.9691646370541652,1191.0305902270777,1191.0305902270777,1191.0305902270777,1191.0305902270777,1191.0305902270777,1191.0305902270777,2.936e-4,3.376e-4,5.694e-4,8.065e-4,8.439e-4,8.137e-4
TZA,TZA.6_1,SMIL,0.019396855513083556,0.01689777400255424,0.014710735705307716,0.013839472837849491,0.016114365116736085,0.013723121648404165,934.9413716378452,934.9413716378452,934.9413716378452,934.9413716378452,934.9413716378452,934.9413716378452,2.075e-5,1.807e-5,1.573e-5,1.48e-5,1.724e-5,1.468e-5
TZA,TZA.7_1,SMIL,0.0026498400941095306,0.0022929190844685,0.001935998074827479,0.0015790770651864581,0.001222156055545442,8.652350459044196e-4,37.743030965782324,37.743030965782324,37.743030965782324,37.743030965782324,37.743030965782324,37.743030965782324,7.021e-5,6.075e-5,5.129e-5,4.184e-5,3.238e-5,2.292e-5
TZA,TZA.8_1,SMIL,0.002000761728173384,0.0017601787505627322,0.00151959577295208,0.0012790127953414276,0.001053295298915667,8.119499889365589e-4,193.45830316551394,193.45830316551394,193.45830316551394,193.45830316551394,193.45830316551394,193.45830316551394,1.034e-5,9.098e-6,7.855e-6,6.611e-6,5.445e-6,4.197e-6
TZA,TZA.9_1,SMIL,0.2989455897042385,0.31506149524389493,0.37756816566004625,0.39163945950937556,1.1029645691948433,1.1355757452275737,135.09789251796406,135.09789251796406,135.09789251796406,135.09789251796406,135.09789251796406,135.09789251796406,0.002213,0.002332,0.002795,0.002899,0.008164,0.008406
UGA,UGA.12_1,SMIL,7.283538368872636e-5,2.427846122957545e-5,0,0,0,0,4.89522423355523,4.89522423355523,4.89522423355523,4.89522423355523,4.89522423355523,4.89522423355523,1.488e-5,4.96e-6,0,0,0,0
UGA,UGA.13_1,SMIL,0,0,0,0,0,0,348.71138585270916,348.71138585270916,348.71138585270916,348.71138585270916,348.71138585270916,348.71138585270916,0,0,0,0,0,0
UGA,UGA.18_1,SMIL,0,0,0,0,0,0,638.722773395113,638.722773395113,638.722773395113,638.722773395113,638.722773395113,638.722773395113,0,0,0,0,0,0
UGA,UGA.19_1,SMIL,0,0,0,0,8.230029999180975e-4,7.807977178710156e-4,245.64979052242595,245.64979052242595,245.64979052242595,245.64979052242595,245.64979052242595,245.64979052242595,0,0,0,0,3.35e-6,3.178e-6
UGA,UGA.20_1,SMIL,0,0,0,0,0,0,156.5088954491007,156.5088954491007,156.5088954491007,156.5088954491007,156.5088954491007,156.5088954491007,0,0,0,0,0,0
UGA,UGA.21_1,SMIL,0,0,0,0,0,0,310.0647695349805,310.0647695349805,310.0647695349805,310.0647695349805,310.0647695349805,310.0647695349805,0,0,0,0,0,0
UGA,UGA.24_1,SMIL,1.2101152396443629e-4,4.377659667275256e-5,3.581721545952482e-5,2.785783424629708e-5,1.9898453033069343e-5,1.1939071819841609e-5,481.6973095375009,481.6973095375009,481.6973095375009,481.6973095375009,481.6973095375009,481.6973095375009,2.512e-7,9.088e-8,7.436e-8,5.783e-8,4.131e-8,2.479e-8
UGA,UGA.25_1,SMIL,0,0,0,0,0,0,51.99293353793525,51.99293353793525,51.99293353793525,51.99293353793525,51.99293353793525,51.99293353793525,0,0,0,0,0,0
UGA,UGA.28_1,SMIL,0.006213410325066481,0.005175056321848081,0.00441461942712178,0.017006533921342687,0.015853530325854397,0.014700526730366105,22.915399621522326,22.915399621522326,22.915399621522326,22.915399621522326,22.915399621522326,22.915399621522326,2.711e-4,2.258e-4,1.926e-4,7.421e-4,6.918e-4,6.415e-4
UGA,UGA.30_1,SMIL,4.654882731944561e-5,3.938746927030014e-5,3.2226111221154654e-5,2.5064753172009175e-5,1.79033951228637e-5,1.074203707371822e-5,1485.2546058508842,1485.2546058508842,1485.2546058508842,1485.2546058508842,1485.2546058508842,1485.2546058508842,3.134e-8,2.652e-8,2.17e-8,1.688e-8,1.205e-8,7.232e-9
UGA,UGA.32_1,SMIL,0,0,0,0,0,0,0.3004871043386973,0.3004871043386973,0.3004871043386973,0.3004871043386973,0.3004871043386973,0.3004871043386973,0,0,0,0,0,0
UGA,UGA.35_1,SMIL,1.5261217068541908e-4,1.4332206580354705e-4,1.3403196092167508e-4,1.2474185603980303e-4,1.1545175115793103e-4,1.0616164627605902e-4,412.280967417087,412.280967417087,412.280967417087,412.280967417087,412.280967417087,412.280967417087,3.702e-7,3.476e-7,3.251e-7,3.026e-7,2.8e-7,2.575e-7
UGA,UGA.38_1,SMIL,0,0,0,0,0,0,379.85553570388396,379.85553570388396,379.85553570388396,379.85553570388396,379.85553570388396,379.85553570388396,0,0,0,0,0,0
UGA,UGA.39_1,SMIL,9.993565225026408e-4,9.324044174015358e-4,8.654523123004308e-4,7.985002071993258e-4,0.005186940236862925,0.004891506483825167,9277.457416748728,9277.457416748728,9277.457416748728,9277.457416748728,9277.457416748728,9277.457416748728,1.077e-7,1.005e-7,9.329e-8,8.607e-8,5.591e-7,5.272e-7
UGA,UGA.3_1,SMIL,0,0,0,0,0,0,145.21974741097603,145.21974741097603,145.21974741097603,145.21974741097603,145.21974741097603,145.21974741097603,0,0,0,0,0,0
UGA,UGA.40_1,SMIL,0.00612912136894227,0.00567511237865025,0.00522110338835823,0.00581279259066199,0.005305158052031734,0.0058848347181136695,43.15808358003942,43.15808358003942,43.15808358003942,43.15808358003942,43.15808358003942,43.15808358003942,1.42e-4,1.315e-4,1.21e-4,1.347e-4,1.229e-4,1.364e-4
UGA,UGA.42_1,SMIL,0,0,0,0,0,0,205.41062712019547,205.41062712019547,205.41062712019547,205.41062712019547,205.41062712019547,205.41062712019547,0,0,0,0,0,0
UGA,UGA.43_1,SMIL,0,0,0,0,0,0,462.9329936007982,462.9329936007982,462.9329936007982,462.9329936007982,462.9329936007982,462.9329936007982,0,0,0,0,0,0
UGA,UGA.45_1,SMIL,0.00177997045370838,0.00164812079047072,0.00151627112723306,0.0013844214639954,0.00125257180075774,0.00112072213752009,11.221289652687062,11.221289652687062,11.221289652687062,11.221289652687062,11.221289652687062,11.221289652687062,1.586e-4,1.469e-4,1.351e-4,1.234e-4,1.116e-4,9.987e-5
UGA,UGA.47_1,SMIL,0,0,0,0,0,0,595.1070486955291,595.1070486955291,595.1070486955291,595.1070486955291,595.1070486955291,595.1070486955291,0,0,0,0,0,0
UGA,UGA.48_1,SMIL,0,0,0,8.186975659943595e-4,7.767130754305462e-4,7.34728584866733e-4,1017.1556871066791,1017.1556871066791,1017.1556871066791,1017.1556871066791,1017.1556871066791,1017.1556871066791,0,0,0,8.049e-7,7.636e-7,7.223e-7
UGA,UGA.51_1,SMIL,7.428487334894007e-4,6.077853274004187e-4,4.727219213114367e-4,3.376585152224548e-4,2.025951091334729e-4,6.753170304449097e-5,695.9740657598536,695.9740657598536,695.9740657598536,695.9740657598536,695.9740657598536,695.9740657598536,1.067e-6,8.733e-7,6.792e-7,4.852e-7,2.911e-7,9.703e-8
UGA,UGA.52_1,SMIL,0,0,0,0,0,0,504.62989949989884,504.62989949989884,504.62989949989884,504.62989949989884,504.62989949989884,504.62989949989884,0,0,0,0,0,0
UGA,UGA.53_1,SMIL,0,0,0,0,0,0,436.3845912552658,436.3845912552658,436.3845912552658,436.3845912552658,436.3845912552658,436.3845912552658,0,0,0,0,0,0
UGA,UGA.54_1,SMIL,0,0,0,0,0,0,229.68606465109607,229.68606465109607,229.68606465109607,229.68606465109607,229.68606465109607,229.68606465109607,0,0,0,0,0,0
UGA,UGA.56_1,SMIL,0,0,0,0,0,0,3.844041373827493,3.844041373827493,3.844041373827493,3.844041373827493,3.844041373827493,3.844041373827493,0,0,0,0,0,0
UGA,UGA.57_1,SMIL,0,0,0,0,0,0,15.868011433334233,15.868011433334233,15.868011433334233,15.868011433334233,15.868011433334233,15.868011433334233,0,0,0,0,0,0
UGA,UGA.5_1,SMIL,0,0,0,0,0,0,2.651098405320958,2.651098405320958,2.651098405320958,2.651098405320958,2.651098405320958,2.651098405320958,0,0,0,0,0,0
UGA,UGA.6_1,SMIL,0.04398681068753938,0.042951832532476864,0.1184471891764087,0.11213840662271668,0.10582962406902466,0.09952084151533261,1151.5051424953263,1151.5051424953263,1151.5051424953263,1151.5051424953263,1151.5051424953263,1151.5051424953263,3.82e-5,3.73e-5,1.029e-4,9.738e-5,9.191e-5,8.643e-5
UGA,UGA.7_1,SMIL,0,0,0,0,0,0,31.893120851342587,31.893120851342587,31.893120851342587,31.893120851342587,31.893120851342587,31.893120851342587,0,0,0,0,0,0
UKR,UKR.10_1,SMIL,0.06036035518159314,0.10446543477547772,0.14368564365246878,0.15432926777848485,0.16482338648616682,0.15749364783870526,85.42684096817105,85.42684096817105,85.42684096817105,85.42684096817105,85.42684096817105,85.42684096817105,7.066e-4,0.001223,0.001682,0.001807,0.001929,0.001844
UKR,UKR.12_1,SMIL,0.6065151983201522,0.5795553329928639,0.7693913446719151,0.7353002921319018,1.877463909823761,1.770993078871975,105.64515105729552,105.64515105729552,105.64515105729552,105.64515105729552,105.64515105729552,105.64515105729552,0.005741,0.005486,0.007283,0.00696,0.01777,0.01676
UKR,UKR.13_1,SMIL,0.02400278372474022,0.02220627288511445,0.02054285521108499,0.01900481378324699,0.019836231750497847,0.018501041661640145,132.94256658695744,132.94256658695744,132.94256658695744,132.94256658695744,132.94256658695744,132.94256658695744,1.806e-4,1.67e-4,1.545e-4,1.43e-4,1.492e-4,1.392e-4
UKR,UKR.15_1,SMIL,5.809858514304322,5.170444302362,4.48781599004743,3.804387987761047,3.1261580018671395,2.4514178581748496,66.99255176295618,66.99255176295618,66.99255176295618,66.99255176295618,66.99255176295618,66.99255176295618,0.08672,0.07718,0.06699,0.05679,0.04666,0.03659
UKR,UKR.16_1,SMIL,0.10293466888837138,0.08902034081212631,0.07539483021681175,0.06186329591797944,0.048347917826036986,0.03530584859404516,135.97017050280704,135.97017050280704,135.97017050280704,135.97017050280704,135.97017050280704,135.97017050280704,7.57e-4,6.547e-4,5.545e-4,4.55e-4,3.556e-4,2.597e-4
UKR,UKR.17_1,SMIL,0.025171896495504786,0.02195929092066627,0.020019098693909918,0.016977735940224073,0.014062137331727587,0.01272461015665491,182.4043735277669,182.4043735277669,182.4043735277669,182.4043735277669,182.4043735277669,182.4043735277669,1.38e-4,1.204e-4,1.098e-4,9.308e-5,7.709e-5,6.976e-5
UKR,UKR.18_1,SMIL,0.08963357175690871,0.08431672980472874,0.07658188403138302,0.07202368885810492,0.06402375597147889,0.0594934547886789,119.732736349579,119.732736349579,119.732736349579,119.732736349579,119.732736349579,119.732736349579,7.486e-4,7.042e-4,6.396e-4,6.015e-4,5.347e-4,4.969e-4
UKR,UKR.19_1,SMIL,0.008056431114060517,0.007527131971441763,0.00699783282882302,0.006468533686204266,0.005939234543585523,0.005409935400966769,4.595330024747125,4.595330024747125,4.595330024747125,4.595330024747125,4.595330024747125,4.595330024747125,0.001753,0.001638,0.001523,0.001408,0.001292,0.001177
UKR,UKR.1_1,SMIL,0.3010964426498466,0.29268995186012725,0.2888861357498084,0.2740929605122207,0.2581895254959202,0.29606498214492594,97.95420160755762,97.95420160755762,97.95420160755762,97.95420160755762,97.95420160755762,97.95420160755762,0.003074,0.002988,0.002949,0.002798,0.002636,0.003022
UKR,UKR.20_1,SMIL,0.0034463206741786414,0.0031679148405687587,0.002889509006958866,0.0026111031733489836,0.0023326973397390905,0.0020542915061292077,0.8527287981693535,0.8527287981693535,0.8527287981693535,0.8527287981693535,0.8527287981693535,0.8527287981693535,0.004042,0.003715,0.003389,0.003062,0.002736,0.002409
UKR,UKR.21_1,SMIL,0.062447731062918906,0.06301060325209476,0.06067888207015819,0.05638755335847352,0.05209622464678889,0.04905875346327904,39.838514624347965,39.838514624347965,39.838514624347965,39.838514624347965,39.838514624347965,39.838514624347965,0.001568,0.001582,0.001523,0.001415,0.001308,0.001231
UKR,UKR.22_1,SMIL,0.011952907051462793,0.01253723437102187,0.012531215093125202,0.011563528034683149,0.010653336511075176,0.009800640522301306,24.14164065366234,24.14164065366234,24.14164065366234,24.14164065366234,24.14164065366234,24.14164065366234,4.951e-4,5.193e-4,5.191e-4,4.79e-4,4.413e-4,4.06e-4
UKR,UKR.23_1,SMIL,0,0,6.465193204266837e-4,6.133644834817256e-4,5.802096465367675e-4,5.470548095918093e-4,7.343453656254924,7.343453656254924,7.343453656254924,7.343453656254924,7.343453656254924,7.343453656254924,0,0,8.804e-5,8.353e-5,7.901e-5,7.45e-5
UKR,UKR.24_1,SMIL,0.14575071680193577,0.22419050184245515,0.21158912583381723,0.19864229608541192,0.18499663137729902,0.19142923191200434,106.82595968892373,106.82595968892373,106.82595968892373,106.82595968892373,106.82595968892373,106.82595968892373,0.001364,0.002099,0.001981,0.001859,0.001732,0.001792
UKR,UKR.26_1,SMIL,0.0288310387156869,0.026060377702127557,0.023776751153194792,0.03916458860225978,0.0396102190113473,0.03872154898403798,98.93352677667357,98.93352677667357,98.93352677667357,98.93352677667357,98.93352677667357,98.93352677667357,2.914e-4,2.634e-4,2.403e-4,3.959e-4,4.004e-4,3.914e-4
UKR,UKR.27_1,SMIL,1.7451107099277928e-4,1.519658489051571e-4,0.0034326688871544647,0.0032407263183829027,0.0030540811860497604,0.0028727334901550573,7.528046494697754,7.528046494697754,7.528046494697754,7.528046494697754,7.528046494697754,7.528046494697754,2.318e-5,2.019e-5,4.56e-4,4.305e-4,4.057e-4,3.816e-4
UKR,UKR.2_1,SMIL,0.03555242044805167,0.03515291213459448,0.0387195422825447,0.03619202590417817,0.04201769708462871,0.07515462720954065,101.92615082248734,101.92615082248734,101.92615082248734,101.92615082248734,101.92615082248734,101.92615082248734,3.488e-4,3.449e-4,3.799e-4,3.551e-4,4.122e-4,7.373e-4
UKR,UKR.3_1,SMIL,0.0055010910577901985,0.005071263598283147,0.004641436138776087,0.004211608679269026,0.003781781219761976,0.007769220785867816,16.443927292779595,16.443927292779595,16.443927292779595,16.443927292779595,16.443927292779595,16.443927292779595,3.345e-4,3.084e-4,2.823e-4,2.561e-4,2.3e-4,4.725e-4
UKR,UKR.4_1,SMIL,0.013202423149985133,0.012031963331357799,0.010976423690691715,0.010483681283420875,0.009459293594936954,0.0093341410974915745,83.9625552495807,83.9625552495807,83.9625552495807,83.9625552495807,83.9625552495807,83.9625552495807,1.572e-4,1.433e-4,1.307e-4,1.249e-4,1.127e-4,1.112e-4
UKR,UKR.5_1,SMIL,0.06414468221137591,0.05899412211825708,0.05462639225749059,0.05128755515653005,0.06052830590870815,0.06733597017101386,208.93897314881704,208.93897314881704,208.93897314881704,208.93897314881704,208.93897314881704,208.93897314881704,3.07e-4,2.824e-4,2.614e-4,2.455e-4,2.897e-4,3.223e-4
UKR,UKR.6_1,SMIL,0.016186550256879876,0.012917171369685766,0.010679083238332948,0.009961014141831686,0.011537272641006336,0.03848041532813603,115.57725646079196,115.57725646079196,115.57725646079196,115.57725646079196,115.57725646079196,115.57725646079196,1.4e-4,1.118e-4,9.24e-5,8.618e-5,9.982e-5,3.329e-4
UKR,UKR.7_1,SMIL,0.018977829852995343,0.017275774760299397,0.015573719667603438,0.013876741360725,0.01218483983966411,0.01049293831860321,2.669202309724467,2.669202309724467,2.669202309724467,2.669202309724467,2.669202309724467,2.669202309724467,0.00711,0.006472,0.005835,0.005199,0.004565,0.003931
UKR,UKR.8_1,SMIL,0.013941046243699035,0.012486973939793833,0.013810993929098302,0.012666639517975389,0.011539226248131048,0.01328731640517377,152.64464908739075,152.64464908739075,152.64464908739075,152.64464908739075,152.64464908739075,152.64464908739075,9.133e-5,8.18e-5,9.048e-5,8.298e-5,7.56e-5,8.705e-5
UKR,UKR.9_1,SMIL,0.3072328105480637,0.27326229203199265,0.24274779751703696,0.21088873655933518,0.3402193123277587,0.3098784718424233,78.89542111504184,78.89542111504184,78.89542111504184,78.89542111504184,78.89542111504184,78.89542111504184,0.003894,0.003464,0.003077,0.002673,0.004312,0.003928
UZB,UZB.10_1,SMIL,0.003648839617445409,0.003297982330284315,0.0029471250431232217,0.002596267755962128,0.002245410468801044,0.0018945531816399507,102.49972004144436,102.49972004144436,102.49972004144436,102.49972004144436,102.49972004144436,102.49972004144436,3.56e-5,3.218e-5,2.875e-5,2.533e-5,2.191e-5,1.848e-5
UZB,UZB.11_1,SMIL,5.318693798815024e-4,4.893198294909822e-4,4.46770279100462e-4,4.042207287099418e-4,3.6167117831942166e-4,3.191216279289015e-4,1.3180795721500853,1.3180795721500853,1.3180795721500853,1.3180795721500853,1.3180795721500853,1.3180795721500853,4.035e-4,3.712e-4,3.39e-4,3.067e-4,2.744e-4,2.421e-4
UZB,UZB.12_1,SMIL,0,0,0,0,0,0,1.3521771314899664,1.3521771314899664,1.3521771314899664,1.3521771314899664,1.3521771314899664,1.3521771314899664,0,0,0,0,0,0
UZB,UZB.14_1,SMIL,1.0568625988470057e-4,8.199867320271822e-5,5.888207818381901e-5,4.027944617309474e-5,2.6567149902052554e-5,1.3802218025600643e-5,67.71200902712269,67.71200902712269,67.71200902712269,67.71200902712269,67.71200902712269,67.71200902712269,1.561e-6,1.211e-6,8.696e-7,5.949e-7,3.924e-7,2.038e-7
UZB,UZB.1_1,SMIL,9.471042598319832e-4,8.638699829603213e-4,7.811402022982659e-4,6.989149178458168e-4,6.166896333933678e-4,5.344643489409187e-4,39.82943426306694,39.82943426306694,39.82943426306694,39.82943426306694,39.82943426306694,39.82943426306694,2.378e-5,2.169e-5,1.961e-5,1.755e-5,1.548e-5,1.342e-5
UZB,UZB.3_1,SMIL,2.4707693129923804e-5,1.764835223565986e-5,1.0589011341395916e-5,3.5296704471319723e-6,0,0,17.928619630743963,17.928619630743963,17.928619630743963,17.928619630743963,17.928619630743963,17.928619630743963,1.378e-6,9.844e-7,5.906e-7,1.969e-7,0,0
UZB,UZB.5_1,SMIL,0.0031488728842367915,1.4384904574090383e-4,0,0,0,0,6.695393012298897,6.695393012298897,6.695393012298897,6.695393012298897,6.695393012298897,6.695393012298897,4.703e-4,2.148e-5,0,0,0,0
UZB,UZB.6_1,SMIL,4.6333520496109075e-5,1.677744601500325e-5,1.499556580837753e-6,4.998521936125843e-7,0,0,13.90233931852659,13.90233931852659,13.90233931852659,13.90233931852659,13.90233931852659,13.90233931852659,3.333e-6,1.207e-6,1.079e-7,3.595e-8,0,0
UZB,UZB.8_1,SMIL,6.172017315981746e-5,5.0003369772930946e-5,3.8286566386044435e-5,2.6569762999157937e-5,1.4852959612271426e-5,6.537023980096079e-6,42.49007381511296,42.49007381511296,42.49007381511296,42.49007381511296,42.49007381511296,42.49007381511296,1.453e-6,1.177e-6,9.011e-7,6.253e-7,3.496e-7,1.538e-7
UZB,UZB.9_1,SMIL,0.002860524854947916,0.0026084661362945002,0.0023600407899807456,0.002111615443666983,0.0018631900973532203,0.0016147647510394614,60.08301029102527,60.08301029102527,60.08301029102527,60.08301029102527,60.08301029102527,60.08301029102527,4.761e-5,4.341e-5,3.9279999999999997e-05,3.514e-5,3.101e-5,2.688e-5
VNM,VNM.11_1,SMIL,0.0015154107556371098,0.0011357546701605652,7.923703070953897e-4,5.201698980386406e-4,3.4202356228309926e-4,2.470807167259273e-4,0.4144172754536846,0.4144172754536846,0.4144172754536846,0.4144172754536846,0.4144172754536846,0.4144172754536846,0.003657,0.002741,0.001912,0.001255,8.253e-4,5.962e-4
VNM,VNM.14_1,SMIL,0.28779306593978987,0.2901808897004389,0.3081707849477031,0.2890621044519272,0.2748848323832351,0.2866718209439084,182.1049033701949,182.1049033701949,182.1049033701949,182.1049033701949,182.1049033701949,182.1049033701949,0.00158,0.001593,0.001692,0.001587,0.001509,0.001574
VNM,VNM.20_1,SMIL,0.6883265966590857,0.7193398076278549,0.7043640004118666,0.6646964829273359,0.6406652730462641,0.615045588720544,69.97254445722076,69.97254445722076,69.97254445722076,69.97254445722076,69.97254445722076,69.97254445722076,0.009837,0.01028,0.01007,0.009499,0.009156,0.00879
VNM,VNM.21_1,SMIL,1.558320827637835,1.5411869886973137,1.4282002131550091,1.315295801455475,1.2074566191202056,1.5689061121489158,495.2797291988503,495.2797291988503,495.2797291988503,495.2797291988503,495.2797291988503,495.2797291988503,0.003146,0.003112,0.002884,0.002656,0.002438,0.003168
VNM,VNM.26_1,SMIL,0.21222362155940147,0.1812018686257674,0.1475763643068849,0.1177152220252398,0.09574320618388978,0.0827555923688462,122.10101341317527,122.10101341317527,122.10101341317527,122.10101341317527,122.10101341317527,122.10101341317527,0.001738,0.001484,0.001209,9.641e-4,7.841e-4,6.778e-4
VNM,VNM.30_1,SMIL,0.0070021769877634255,0.005959404204848447,0.004916631421933449,0.004178199787328221,0.0037502690919458607,0.003391274560774973,4.104216436091499,4.104216436091499,4.104216436091499,4.104216436091499,4.104216436091499,4.104216436091499,0.001706,0.001452,0.001198,0.001018,9.138e-4,8.263e-4
VNM,VNM.35_1,SMIL,0.6364899913128952,0.702763026703491,0.9398413199000468,1.1122797115704424,1.2449830170919076,1.3236810136712296,157.15957561822742,157.15957561822742,157.15957561822742,157.15957561822742,157.15957561822742,157.15957561822742,0.00405,0.004472,0.00598,0.007077,0.007922,0.008423
VNM,VNM.36_1,SMIL,0.04195754284559679,0.0338190227831952,0.026923837283837043,0.020963215681166887,0.016394139644867356,0.01539718695838898,13.49466943642309,13.49466943642309,13.49466943642309,13.49466943642309,13.49466943642309,13.49466943642309,0.003109,0.002506,0.001995,0.001553,0.001215,0.001141
VNM,VNM.37_1,SMIL,0.07117045401056957,0.05535161873044449,0.04096960723520897,0.02799022239681421,0.018091870731584758,0.013552226649918113,9.447343577734303,9.447343577734303,9.447343577734303,9.447343577734303,9.447343577734303,9.447343577734303,0.007533,0.005859,0.004337,0.002963,0.001915,0.001435
VNM,VNM.38_1,SMIL,0.08610180251391437,0.06646573642277927,0.05117771470666798,0.04833148303484204,0.040864111297284116,0.03823887842846707,36.55142214593874,36.55142214593874,36.55142214593874,36.55142214593874,36.55142214593874,36.55142214593874,0.002356,0.001818,0.0014,0.001322,0.001118,0.001046
VNM,VNM.3_1,SMIL,0.004612974567999885,0.007491228485938333,0.006592950699576565,0.006537676908718732,0.00603559714899044,0.00561703637521722,0.1248326489871147,0.1248326489871147,0.1248326489871147,0.1248326489871147,0.1248326489871147,0.1248326489871147,0.03695,0.06001,0.05281,0.05237,0.04835,0.045
VNM,VNM.43_1,SMIL,0.0371852929392528,0.03273720981236249,0.02835598119854175,0.0240637501337745,0.01987885863389029,0.015822459959365712,0.5666197543774886,0.5666197543774886,0.5666197543774886,0.5666197543774886,0.5666197543774886,0.5666197543774886,0.06563,0.05778,0.05004,0.04247,0.03508,0.02792
VNM,VNM.44_1,SMIL,0,0,0,0,0,0,0.3284691989577177,0.3284691989577177,0.3284691989577177,0.3284691989577177,0.3284691989577177,0.3284691989577177,0,0,0,0,0,0
VNM,VNM.49_1,SMIL,0.11532522335521941,0.09911951223946645,0.08870185273504823,0.07186381197611734,0.061859093925114135,0.06110563282489103,4.726160228096855,4.726160228096855,4.726160228096855,4.726160228096855,4.726160228096855,4.726160228096855,0.0244,0.02097,0.01877,0.01521,0.01309,0.01293
VNM,VNM.4_1,SMIL,0.15869713456265286,0.16394658937179787,0.16045760303792392,0.16982289644974122,0.18950351531720633,0.208918775728038,52.71831590874859,52.71831590874859,52.71831590874859,52.71831590874859,52.71831590874859,52.71831590874859,0.00301,0.00311,0.003044,0.003221,0.003595,0.003963
VNM,VNM.52_1,SMIL,1.2181827947470474,1.1795329064138287,1.1081358566974708,1.0964213359206305,1.0678105438966379,1.0207566523029348,174.77730310702663,174.77730310702663,174.77730310702663,174.77730310702663,174.77730310702663,174.77730310702663,0.00697,0.006749,0.00634,0.006273,0.00611,0.00584
VNM,VNM.56_1,SMIL,0.0023825088639510337,0.002174367768381858,0.001966226672812683,0.0017580855772435177,0.00196776136480137,0.00183563149802954,0.39513734632402453,0.39513734632402453,0.39513734632402453,0.39513734632402453,0.39513734632402453,0.39513734632402453,0.00603,0.005503,0.004976,0.004449,0.00498,0.004646
VNM,VNM.57_1,SMIL,0.02190000068331898,0.01650994126323449,0.011173433830368697,0.006248882948190701,0.0019962928912228045,0,0.2881466036006178,0.2881466036006178,0.2881466036006178,0.2881466036006178,0.2881466036006178,0.2881466036006178,0.076,0.0573,0.03878,0.02169,0.006928,0
VNM,VNM.60_1,SMIL,0.006476291657720253,0.004597680747008458,0.0029244636091027005,0.0012512464711969334,3.957377209790667e-4,3.579373584491033e-4,1.1279176335166183,1.1279176335166183,1.1279176335166183,1.1279176335166183,1.1279176335166183,1.1279176335166183,0.005742,0.004076,0.002593,0.001109,3.509e-4,3.173e-4
VNM,VNM.63_1,SMIL,0.22645901256840448,0.16637093428411084,0.11115509657200527,0.07156138071018621,0.04409351255642408,0.028612991099360618,9.323578897431426,9.323578897431426,9.323578897431426,9.323578897431426,9.323578897431426,9.323578897431426,0.02429,0.01784,0.01192,0.007675,0.004729,0.003069
XCA,NA,SMIL,0,0,0,0,0,0,0.06461341870054821,0.06461341870054821,0.06461341870054821,0.06461341870054821,0.06461341870054821,0.06461341870054821,0,0,0,0,0,0
YEM,YEM.12_1,SMIL,0,0,0,0,0,0,0.038681511406586676,0.038681511406586676,0.038681511406586676,0.038681511406586676,0.038681511406586676,0.038681511406586676,0,0,0,0,0,0
YEM,YEM.18_1,SMIL,0,0,0,0,0,0,0.0071594537402209,0.0071594537402209,0.0071594537402209,0.0071594537402209,0.0071594537402209,0.0071594537402209,0,0,0,0,0,0
YEM,YEM.5_1,SMIL,0,0,0,0,0,0,47.41885656762022,47.41885656762022,47.41885656762022,47.41885656762022,47.41885656762022,47.41885656762022,0,0,0,0,0,0
Z01,Z01.14_1,SMIL,0.47329060251000254,0.3098493529255349,0.20018027529753415,0.14426860023154148,0.10295437899477092,0.07728255488367552,16.039562825506138,16.039562825506138,16.039562825506138,16.039562825506138,16.039562825506138,16.039562825506138,0.02951,0.01932,0.01248,0.008995,0.006419,0.004818
Z07,Z07.3_1,SMIL,97.89467323998048,102.94635974242614,111.02805243891264,121.4267402205279,134.72122254085122,156.44338012867297,7023.206924368334,7023.206924368334,7023.206924368334,7023.206924368334,7023.206924368334,7023.206924368334,0.01394,0.01466,0.01581,0.01729,0.01918,0.02228
ZMB,ZMB.1_1,SMIL,0.09507928072046361,0.07354940108508576,0.05238113646312575,0.03143791288695294,0.0115373026585016,0.0017551031596874927,4.5767958024414215,4.5767958024414215,4.5767958024414215,4.5767958024414215,4.5767958024414215,4.5767958024414215,0.02077,0.01607,0.01144,0.006869,0.002521,3.835e-4
ZMB,ZMB.3_1,SMIL,0.010417151766577275,0.008216080163101496,0.006168684610365802,0.005175501833078781,0.0037084308254571154,0.0026579244348526308,36.521584395653015,36.521584395653015,36.521584395653015,36.521584395653015,36.521584395653015,36.521584395653015,2.852e-4,2.25e-4,1.689e-4,1.417e-4,1.015e-4,7.278e-5
ZMB,ZMB.4_1,SMIL,0.0056061060006466065,0.004862402838260833,0.004174025806422568,0.0034907082477307503,0.00283308799955371,0.002196105588745026,0.352800455877189,0.352800455877189,0.352800455877189,0.352800455877189,0.352800455877189,0.352800455877189,0.01589,0.01378,0.01183,0.009894,0.00803,0.006225
ZMB,ZMB.6_1,SMIL,0.09114205254056604,0.08018058658550001,0.0696467533714248,0.05916616375632461,0.04886701650270403,0.038696068011587995,128.86719993403918,128.86719993403918,128.86719993403918,128.86719993403918,128.86719993403918,128.86719993403918,7.073e-4,6.222e-4,5.405e-4,4.591e-4,3.792e-4,3.003e-4
ZMB,ZMB.8_1,SMIL,0.28637129981370485,0.2577836264178412,0.22456402843396375,0.1930340862786839,0.16975464253871433,0.13701687377598135,183.67944272192665,183.67944272192665,183.67944272192665,183.67944272192665,183.67944272192665,183.67944272192665,0.001559,0.001403,0.001223,0.001051,9.242e-4,7.46e-4
ZMB,ZMB.9_1,SMIL,0.4522605701408329,0.3791999687189613,0.30935230194679075,0.2446396544609874,0.1839092640094633,0.13514345574842443,0.26234537070908515,0.26234537070908515,0.26234537070908515,0.26234537070908515,0.26234537070908515,0.26234537070908515,1.724,1.445,1.179,0.9325,0.701,0.5151
ZWE,ZWE.10_1,SMIL,0.9120691947554075,0.8273870768990438,0.7155724355282288,0.6038612163506882,0.4997477364345391,0.40019698208161975,53.28680930549911,53.28680930549911,53.28680930549911,53.28680930549911,53.28680930549911,53.28680930549911,0.01712,0.01553,0.01343,0.01133,0.009378,0.00751
ZWE,ZWE.1_1,SMIL,6.69991312340682e-5,1.4985190786981855e-4,1.4020564065960687e-4,1.3055937344939522e-4,1.2091310623918352e-4,1.1126683902897184e-4,0.03567090299551697,0.03567090299551697,0.03567090299551697,0.03567090299551697,0.03567090299551697,0.03567090299551697,0.001878,0.004201,0.003931,0.00366,0.00339,0.003119
ZWE,ZWE.2_1,SMIL,0,0,0,0,0,0,0.13298520288031462,0.13298520288031462,0.13298520288031462,0.13298520288031462,0.13298520288031462,0.13298520288031462,0,0,0,0,0,0
ZWE,ZWE.3_1,SMIL,0.42291024687001816,0.45284146072201736,0.470017937873381,0.48711021068916815,0.5360039665913107,0.5568761790745997,63.05570169885892,63.05570169885892,63.05570169885892,63.05570169885892,63.05570169885892,63.05570169885892,0.006707,0.007182,0.007454,0.007725,0.0085,0.008831
ZWE,ZWE.4_1,SMIL,0.08054272098762269,0.07122704992186005,0.06358617960361862,0.055580387109113005,0.047745585650857465,0.03834061768799516,22.142754500980438,22.142754500980438,22.142754500980438,22.142754500980438,22.142754500980438,22.142754500980438,0.003637,0.003217,0.002872,0.00251,0.002156,0.001732
ZWE,ZWE.5_1,SMIL,0.15235433278165952,0.15328412161117325,0.14506164323746795,0.14181155761263134,0.13206991929535786,0.13447986617285024,37.215404913957556,37.215404913957556,37.215404913957556,37.215404913957556,37.215404913957556,37.215404913957556,0.004094,0.004119,0.003898,0.003811,0.003549,0.003614
ZWE,ZWE.6_1,SMIL,0.09580281558527955,0.0918110388216988,0.08245381391374673,0.07603753305251573,0.07332250592653503,0.07822030001430108,34.12472483056333,34.12472483056333,34.12472483056333,34.12472483056333,34.12472483056333,34.12472483056333,0.002807,0.00269,0.002416,0.002228,0.002149,0.002292
ZWE,ZWE.7_1,SMIL,0.4694910418340726,0.47478709446701123,0.4616052645996803,0.4286144133327362,0.3873518448283601,0.4291080848233329,59.69715823239205,59.69715823239205,59.69715823239205,59.69715823239205,59.69715823239205,59.69715823239205,0.007865,0.007953,0.007732,0.00718,0.006489,0.007188
ZWE,ZWE.8_1,SMIL,0.005118325674097672,0.004994345447542937,0.004732566870306379,0.0042642516000122085,0.0037959363297180456,0.005485567113078509,4.354075277903538,4.354075277903538,4.354075277903538,4.354075277903538,4.354075277903538,4.354075277903538,0.001176,0.001147,0.001087,9.794e-4,8.718e-4,0.00126
ZWE,ZWE.9_1,SMIL,0.0310641740436869,0.02792325869958372,0.024782343355480536,0.02263229708690423,0.01989475902643935,0.026088621766463073,0.8430478037901841,0.8430478037901841,0.8430478037901841,0.8430478037901841,0.8430478037901841,0.8430478037901841,0.03685,0.03312,0.0294,0.02685,0.0236,0.03095
