GID_0,GID_1,crop_type,LD_2020,LD_2021,LD_2022,LD_2023,LD_2024,LD_2025,production_2020,production_2021,production_2022,production_2023,production_2024,production_2025,EF_2020,EF_2021,EF_2022,EF_2023,EF_2024,EF_2025
AFG,AFG.14_1,MAIZ,0,0,0,0,0,0,0.1480404826973032,0.14397581884954888,0.16940638657887852,0.1977315701869225,0.14162591804021998,0.16222901219878413,0,0,0,0,0,0
AFG,AFG.16_1,MAIZ,0,0,0,0,0,0,10.422500529756086,10.136335824436118,11.92672518822171,13.920904319371317,9.97089565574805,11.421416188171046,0,0,0,0,0,0
AFG,AFG.19_1,MAIZ,0.24221381682545565,0.21925243868747274,0.1969929405725942,0.1752018980384343,0.15372176650022662,0.13270734601291798,442.60635212463745,489.68620636118135,510.75430698514447,575.4931885770677,483.784441186192,519.1661537122071,5.472e-4,4.477e-4,3.857e-4,3.044e-4,3.177e-4,2.556e-4
AFG,AFG.20_1,MAIZ,0,0,0,0,0,0,5.41536037430633,5.266673885752985,6.196930841609519,7.233073618984743,5.180713886876125,5.934380570890677,0,0,0,0,0,0
AFG,AFG.21_1,MAIZ,0,0,0,0,0,0,4.449105390509805,4.3269488188331895,5.0912213604164815,5.942486668267469,4.256326539254935,4.8755175578999905,0,0,0,0,0,0
AFG,AFG.22_1,MAIZ,0,0,0,0.8282484502811789,1.0876722841358912,1.0297160501031994,466.5098164921216,453.70112017359384,533.8387235408934,623.097931335512,446.2960389730941,511.2211560759226,0,0,0,0.001329,0.002437,0.002014
AFG,AFG.23_1,MAIZ,0,0,0,0,0,0,3.54200222034281,3.4447514676339686,4.053200762858435,4.730906356648268,3.388527968949173,3.88147560006964,0,0,0,0,0,0
AFG,AFG.27_1,MAIZ,0,0,0,0,0,0,10.701747899245994,10.407916056757426,12.246274861155895,14.293883519612825,10.238043292284669,11.727427247349263,0,0,0,0,0,0
AFG,AFG.28_1,MAIZ,0,0,0,0,0,0,0.04156983518741668,0.040428475721648906,0.047569390760356274,0.05552311526048015,0.03976862250061939,0.04555398075477712,0,0,0,0,0,0
AFG,AFG.30_1,MAIZ,0,0,0,0,0,0,2.178242287893714,2.1184355207315555,2.49261653543707,2.9093884320374803,2.083859483002052,2.3870098790285432,0,0,0,0,0,0
AFG,AFG.31_1,MAIZ,0.005630762675609862,0.00376065714052595,0.002198177934495237,8.990648791562085e-4,1.683160933473248e-4,0,62.462658935708966,115.75564257046153,75.44202944382458,68.86902531231321,115.80788528982266,100.1539241635017,9.015e-5,3.249e-5,2.914e-5,1.305e-5,1.453e-6,0
AFG,AFG.32_1,MAIZ,0,0,0,0,0.02022590885145958,0.01918868275651294,11.340454181037238,11.029085741223199,12.977162259738098,15.146977171334179,10.849074557980403,12.427348561386152,0,0,0,0,0.001864,0.001544
AFG,AFG.34_1,MAIZ,0,0,0,0,0,0,0.0012917889613007255,0.001256321042024461,0.0014782260647169937,0.0017253892652484522,0.0012358160026572935,0.0014155968917610644,0,0,0,0,0,0
AFG,AFG.3_1,MAIZ,0.02890776005984543,0.02586483794828275,0.02282191583672008,0.0197789937251574,0.01673607161359472,0.01369314950203204,0.0808983615616057,0.07867718097916757,0.0925739964001949,0.1080526067307741,0.07739305165289606,0.08865184066897436,0.3573,0.3287,0.2465,0.183,0.2162,0.1545
AFG,AFG.4_1,MAIZ,0,0,0,0,0,0,29.597987897987284,28.785332675691052,33.86970974726998,39.53281234166881,28.31551297199419,32.43472496357589,0,0,0,0,0,0
AFG,AFG.9_1,MAIZ,0,0,0,0,0,0,0.6383766931694334,0.6208491451724419,0.7305102421688957,0.8526534337855598,0.610715958083321,0.6995601369076734,0,0,0,0,0,0
AGO,AGO.10_1,MAIZ,2.767760278684283,3.1892325125796233,3.0547169405384884,2.950356263286876,2.850858678513783,2.750565493753976,26998.545723016134,26980.659797471115,28067.931494873625,29201.548541250577,30452.93654988816,29632.681150695862,1.025e-4,1.182e-4,1.088e-4,1.01e-4,9.362e-5,9.282e-5
AGO,AGO.11_1,MAIZ,0.2929448032525937,0.26953337019281076,0.24647928262874277,0.22385874259345728,0.20161323498495964,0.17936772737646212,91.02740372903419,90.96710013407922,94.63290942536403,98.45497516228635,102.67411358005738,99.90856760772209,0.003218,0.002963,0.002605,0.002274,0.001964,0.001795
AGO,AGO.12_1,MAIZ,1.039394168680088,2.205855268796227,3.0842697303246234,4.189701139325606,4.095487507267715,4.413380878111246,2859.1797222419045,2857.2858171707403,2972.4290556111346,3092.4803562132656,3225.003711286869,3138.137760476914,3.635e-4,7.72e-4,0.001038,0.001355,0.00127,0.001406
AGO,AGO.13_1,MAIZ,13.754426497558617,14.988180176305006,14.41305636508594,16.044625477394643,20.682077466946446,22.003795990065697,3762.9713076770545,3760.478424344462,3912.0188903736043,4070.0188235245787,4244.4332982738615,4130.108713394591,0.003655,0.003986,0.003684,0.003942,0.004873,0.005328
AGO,AGO.14_1,MAIZ,2.790201382788056,2.535217759679358,2.263815879337032,2.026679408475262,2.154328152557443,2.0056239403907776,15397.785520823145,15387.584836378544,16007.676620996153,16654.200041995857,17367.890488807778,16900.083191383863,1.812e-4,1.648e-4,1.414e-4,1.217e-4,1.24e-4,1.187e-4
AGO,AGO.15_1,MAIZ,103.77319612604441,105.10505932934169,113.3343548215346,126.65343680755183,198.73179566687813,197.93040933906997,7499.934683092436,7495.206576717382,7796.742431328956,8111.688330601662,8458.508930094365,8230.958652861651,0.01384,0.01402,0.01454,0.01561,0.02349,0.02405
AGO,AGO.16_1,MAIZ,0.7308499727091741,0.8924057310314392,0.9110365401552603,0.8819456522521978,1.2128008589155639,1.5971691196064313,1061.8028692644414,1061.099448892915,1103.8598338342354,1148.4428956346344,1197.657671562427,1165.3985437809795,6.883e-4,8.41e-4,8.253e-4,7.679e-4,0.001013,0.00137
AGO,AGO.17_1,MAIZ,70.64321196082088,92.47016778513851,96.45917453346611,116.62508590550526,139.87127647979455,156.78933900270346,6835.353322597371,6830.992775464039,7106.126170959843,7393.015571598592,7709.69501134312,7502.112475366457,0.01033,0.01354,0.01357,0.01578,0.01814,0.0209
AGO,AGO.18_1,MAIZ,5.440968566694679,6.544686859718295,7.193994800525486,7.989853298530324,8.956472070261835,9.659526562741839,1107.6948319180108,1107.3363466056549,1151.639451981103,1197.8944254956923,1248.9217515449031,1215.4597395420078,0.004912,0.00591,0.006247,0.00667,0.007171,0.007947
AGO,AGO.1_1,MAIZ,20.90824100509383,19.262306859581656,17.259286736014403,15.65867792936632,31.83772570057505,29.496752420771518,3835.1967129901104,3832.6559819610106,3987.105072767056,4148.137611877046,4325.899748646905,4209.3808500710875,0.005452,0.005026,0.004329,0.003775,0.00736,0.007007
AGO,AGO.2_1,MAIZ,18.467810866808406,19.543740615696123,22.355422853585523,21.80214924628598,23.128096287083533,23.502566036636743,27018.51390026275,27000.614746252202,28088.690591929648,29223.146063692326,30475.45960134977,29654.597539659182,6.835e-4,7.238e-4,7.959e-4,7.461e-4,7.589e-4,7.925e-4
AGO,AGO.3_1,MAIZ,7.201851455483545,7.385760657693546,7.839711447778057,8.10471734154465,8.131997359687839,13.160873074195672,94117.4607427684,94055.11005497204,97845.36055019656,101797.17184234185,106159.53502238951,103300.10858792375,7.652e-5,7.853e-5,8.012e-5,7.962e-5,7.66e-5,1.274e-4
AGO,AGO.4_1,MAIZ,5.049050001409643,5.211426944084097,5.292206793438958,6.632368276066286,6.42301304329265,8.109462250042728,953.7542594614778,955.6238898312876,991.975806228871,1030.2999251963881,1072.385248372441,1044.7006857207741,0.005294,0.005453,0.005335,0.006437,0.005989,0.007762
AGO,AGO.5_1,MAIZ,1.8168057180705817,1.6202342821344706,1.540142179635226,1.311569419961893,2.7570170556687286,16.620375276040622,6399.833394316782,6454.498246969956,6707.919791176319,6925.218752417193,7004.801896382029,6894.090876453338,2.839e-4,2.51e-4,2.296e-4,1.894e-4,3.936e-4,0.002411
AGO,AGO.6_1,MAIZ,4.576199894350911,3.8338112645763003,3.2280173583807428,2.681757313398716,2.8855872680135164,2.3110219397379654,3039.1517500315063,3037.1383807752973,3159.5295538340592,3287.1376948690413,3428.002987964335,3335.669102372753,0.001506,0.001262,0.001022,8.158e-4,8.418e-4,6.928e-4
AGO,AGO.7_1,MAIZ,7.44925881425094,7.279898941995193,7.638505972416886,7.420475021241071,7.172718723932047,7.05227895588389,72776.36206595534,72728.149373068,75658.96200001534,78714.70157420049,82087.90055076483,79876.84798035606,1.024e-4,1.001e-4,1.01e-4,9.427e-5,8.738e-5,8.829e-5
AGO,AGO.8_1,MAIZ,0.006255859359408807,0.019199160155575344,0.01783422405271638,0.02150595026805513,0.027409659085378835,0.04061856463726825,247.8585663725417,247.69436568153725,257.67599976436446,268.0831046067166,279.5713988644434,272.0410922550092,2.524e-5,7.751e-5,6.921e-5,8.022e-5,9.804e-5,1.493e-4
AGO,AGO.9_1,MAIZ,18.871386359079533,20.109217635277076,20.90109081740503,22.055001510368946,24.176920718969935,26.52213543742763,136081.69256625822,135991.54152455952,141471.75421378552,147185.56294909932,153492.97668980865,149358.6153725788,1.387e-4,1.479e-4,1.477e-4,1.498e-4,1.575e-4,1.776e-4
ALB,ALB.10_1,MAIZ,0,0,0,0,0,0,33.76121806945713,34.986810000243466,35.06042461489601,37.04598176329179,38.427221881336386,37.55307691095022,0,0,0,0,0,0
ALB,ALB.11_1,MAIZ,0.1685090933002268,0.2073662832390195,0.19469860055886368,0.18882724699800543,0.1744103729829534,0.1599934989679013,861.2127354749255,893.8936145202272,866.1626183817328,882.7706191425896,885.6231671821707,882.8227408989319,1.957e-4,2.32e-4,2.248e-4,2.139e-4,1.969e-4,1.812e-4
ALB,ALB.12_1,MAIZ,0.32708073931657583,0.2853083378619856,0.2474144387429103,0.20564665644319896,0.1848254560363497,0.14578086971254084,807.6334313239673,838.281109179643,812.2753632787615,827.8501174473989,830.5251976759246,827.8989965119871,4.05e-4,3.403e-4,3.046e-4,2.484e-4,2.225e-4,1.761e-4
ALB,ALB.1_1,MAIZ,0.07226735930302015,0.04717743166716979,0.02208750403131941,0.00834972268671994,0.00596408763337138,0.003578452580022833,347.8799989685895,361.0811787703519,349.8794645937294,356.5881337175911,357.74039769162556,356.6091878843443,2.077e-4,1.307e-4,6.313e-5,2.342e-5,1.667e-5,1.003e-5
ALB,ALB.2_1,MAIZ,7.851709375701271e-4,4.711025625420762e-4,1.5703418751402545e-4,0,0,0,20.78819608739208,20.733864162710805,20.76673208636199,20.507802526391153,20.44783039140392,20.506335343510493,3.777e-5,2.272e-5,7.562e-6,0,0,0
ALB,ALB.3_1,MAIZ,0.2545869542223847,0.23971055287923063,0.2248341515360767,0.20995775019292265,0.19508134884976855,0.1802049475066146,374.47446128906944,388.6848347204305,376.6267805228863,383.8483088187731,385.0886601819404,383.8709725182561,6.799e-4,6.167e-4,5.97e-4,5.47e-4,5.066e-4,4.694e-4
ALB,ALB.4_1,MAIZ,0.01618794178632431,0.01698861234293567,0.01576929956475033,0.014549986786564991,0.01333067400837965,0.012111361230194309,378.5536455755108,392.9188138941016,380.72941021804195,388.02960327693364,389.2834659000488,388.0525138541516,4.276e-5,4.324e-5,4.142e-5,3.75e-5,3.424e-5,3.121e-5
ALB,ALB.5_1,MAIZ,0.08728750786389709,0.06892231681505687,0.053713319029539644,0.04103398325153631,0.03065210434785177,0.02277542361970504,1886.100309505026,1957.673120197669,1896.9408083713076,1933.31318662932,1939.5604139620243,1933.4273359639963,4.628e-5,3.521e-5,2.832e-5,2.122e-5,1.58e-5,1.178e-5
ALB,ALB.6_1,MAIZ,0,0,0,0,0,0,8.437571610207806,8.75775644476812,8.486067167423759,8.64878096617505,8.676728275085026,8.649291619389373,0,0,0,0,0,0
ALB,ALB.7_1,MAIZ,0.06954192590024924,0.06349480190892322,0.05744767791759719,0.05140055392627117,0.04535342993494515,0.03930630594361913,66.56846448947891,69.09457197326155,66.9510715863505,68.23480679293756,68.45529789235526,68.23883560619507,0.001045,9.19e-4,8.581e-4,7.533e-4,6.625e-4,5.76e-4
ALB,ALB.8_1,MAIZ,0.5625513755868601,0.4760050101119585,0.389458644637057,0.30291227916215535,0.21636591368725389,0.1298195482123523,15.22584223807491,15.803625041380727,15.313353875016077,15.606975635422563,15.657407363424404,15.60789712393121,0.03695,0.03012,0.02543,0.01941,0.01382,0.008318
ALB,ALB.9_1,MAIZ,0,0,0,0,0,0,201.9030094433454,209.56472594926967,203.06346169179653,206.95704709332355,207.62579943528186,206.96926653577896,0,0,0,0,0,0
ARE,ARE.1_1,MAIZ,0,0,0,0,0,0,0.3266618621089506,0.28963974019600075,0.26514469981775907,0.23510968658241552,0.2484135909737078,0.24912950435025524,0,0,0,0,0,0
ARE,ARE.4_1,MAIZ,0,0,0,0,0,0,0.04804661357198521,0.042714886049770175,0.03899226973050828,0.034814461559280176,0.036785637339720685,0.036867695060188395,0,0,0,0,0,0
ARG,ARG.10_1,MAIZ,73.67707552093742,72.53936817236111,69.72200688914687,67.50685263064618,67.01811646910184,62.30263396094155,17094.38798709263,17717.907777684788,17282.1376432196,12121.91693755802,16830.544405383756,14823.854554471081,0.00431,0.004094,0.004034,0.005569,0.003982,0.004203
ARG,ARG.11_1,MAIZ,1.0496869581080477,0.890311346067484,0.7403294686307851,0.6883993269739638,0.5813916987619996,0.5710584918584101,133269.10410702223,138130.11018386792,134732.81421394946,94503.35464176229,131212.16016815297,115567.85872526349,7.876e-6,6.445e-6,5.495e-6,7.284e-6,4.431e-6,4.941e-6
ARG,ARG.12_1,MAIZ,0.04997599277820388,0.04899229630115342,0.04629062464363024,0.0634849353200811,0.061025823744706165,0.05565162908512642,2.408532948282347,2.4963844677799307,2.4349861464402416,1.7079310685176465,2.3713584112226718,2.0886235963491395,0.02075,0.01963,0.01901,0.03717,0.02573,0.02665
ARG,ARG.13_1,MAIZ,0.021161607120508373,0.019344828227956426,0.017136515107698605,0.014928201987440772,0.012719888867182939,0.010548383366370182,0.7571928038927723,0.7848114995066543,0.7655091407315071,0.5369381039809851,0.7455059004731179,0.6566199388403866,0.02795,0.02465,0.02239,0.0278,0.01706,0.01606
ARG,ARG.14_1,MAIZ,810.0072341814351,846.5405449442158,857.2657449324406,828.5098690582554,807.8742203479532,792.8602714559477,83998.73465459229,79647.33463028842,86177.38485900417,80119.74550853237,86604.26536616805,83444.74176970813,0.009643,0.01063,0.009948,0.01034,0.009328,0.009502
ARG,ARG.15_1,MAIZ,3.0491373827239827,2.8722016940328925,2.689981399937412,2.516993222318441,2.4793376640400964,2.203543909027572,0.08489482225404292,0.08799137077243196,0.08582723198390232,0.06020034087030717,0.08358451187680348,0.07361880977966759,35.92,32.64,31.34,41.81,29.66,29.93
ARG,ARG.16_1,MAIZ,9.900730450653725,9.112883018142645,8.434872335548416,7.769902737299612,7.043005435265949,6.623083161937248,10.688886809979598,11.078765199919856,10.806284099924643,7.579668728904819,10.52390902998799,9.269153334999904,0.9263,0.8226,0.7806,1.025,0.6692,0.7145
ARG,ARG.17_1,MAIZ,1627.3579219261621,1684.737697291864,1700.579465096609,1678.4131389959812,1602.3673467471021,1577.153056935806,1208462.996405348,1252529.1584051785,1221731.7505227902,857039.6506520996,1189815.8477082646,1047995.6285839078,0.001347,0.001345,0.001392,0.001958,0.001347,0.001505
ARG,ARG.18_1,MAIZ,0.016109542758852628,0.014557158477074091,0.013966755503504921,0.012365038846946407,0.010763322190387904,0.009192860519027988,0.16942808574823204,0.1756079948871807,0.1712889341659408,0.12014429436609683,0.1668130454777266,0.1469240842357533,0.09508,0.0829,0.08154,0.1029,0.06452,0.06257
ARG,ARG.19_1,MAIZ,17.26526848785892,16.812387655016295,15.786007680230318,13.907058686744827,16.806314532578007,16.61630636758295,217067.4716557163,224985.0329380118,219451.54900264932,153926.18110944395,213717.1405858133,188235.84855806144,7.954e-5,7.473e-5,7.193e-5,9.035e-5,7.864e-5,8.827e-5
ARG,ARG.1_1,MAIZ,91.31634971091069,111.27871984546967,132.9065214277094,142.83320413866284,146.99858871879715,150.35970288045192,1220466.1120008337,1264982.7554252243,1233870.6335909483,865452.96888951,1201628.8099232314,1058359.7462876013,7.482e-5,8.797e-5,1.077e-4,1.65e-4,1.223e-4,1.421e-4
ARG,ARG.21_1,MAIZ,19.37910976282726,17.748985660776235,18.319524898815533,19.93134356308704,20.692407474850846,20.459050095250216,656103.6687437065,680035.1263923054,663309.7318261219,465254.10450163524,645977.0270608115,568957.798632822,2.954e-5,2.61e-5,2.762e-5,4.284e-5,3.203e-5,3.596e-5
ARG,ARG.22_1,MAIZ,3096.2421757336565,3119.3892430259175,3005.391603263222,2818.592568715126,2621.041845724401,2412.8268686312495,3374123.703562814,3497195.2581961863,3411182.0975545794,2392647.6515284935,3322045.74185111,2925961.3779782536,9.176e-4,8.92e-4,8.81e-4,0.001178,7.89e-4,8.246e-4
ARG,ARG.24_1,MAIZ,205.20034814831888,213.70283877711745,217.2883465202082,199.97272760250388,198.27444088286668,184.6109619531613,271854.4869028253,281770.4109401864,274840.2964252907,192776.57157581433,267658.5448438158,235745.8703330418,7.548e-4,7.584e-4,7.906e-4,0.001037,7.408e-4,7.831e-4
ARG,ARG.2_1,MAIZ,23.040328533673694,21.156728776640133,20.48716727424932,18.79518480627156,44.91844735234638,41.82251821167264,87839.98986434027,91043.96371395605,88804.74671341137,62288.808568955836,86484.22225449205,76172.79043849856,2.623e-4,2.324e-4,2.307e-4,3.017e-4,5.194e-4,5.49e-4
ARG,ARG.3_1,MAIZ,1707.5006844416246,1920.6758762939521,2029.4439135441182,2081.2464824545173,2119.785958197897,1987.9048238595926,759546.2877877443,787234.9243132754,767878.1328911217,538609.8732193895,747808.4333416701,658654.0249626584,0.002248,0.00244,0.002643,0.003864,0.002835,0.003018
ARG,ARG.4_1,MAIZ,0.9104568502503526,0.9211326755059236,0.8718194790102433,1.059716379839753,1.0680832958483335,1.058322478541609,0.30730202382456273,0.3185109008951145,0.3106771577775154,0.21791301392933807,0.30255896623785783,0.26648514757647646,2.963,2.892,2.806,4.863,3.53,3.971
ARG,ARG.6_1,MAIZ,133.69039013209354,131.88376866503836,127.15823625018211,118.63568226894911,109.9394898566017,105.36116327917102,3274680.7482939297,3394125.1095646652,3310646.9487149115,2322130.9857838703,3224137.640331519,2839726.766567434,4.083e-5,3.886e-5,3.841e-5,5.109e-5,3.41e-5,3.71e-5
ARG,ARG.7_1,MAIZ,24.551368186138077,24.190518834430787,26.65410261374213,31.637893010600884,42.287624808390305,44.54630955640558,5990.178724629251,6125.836478884637,6077.95526415687,4479.822798155739,5942.890387969434,5314.583733996562,0.004099,0.003949,0.004385,0.007062,0.007116,0.008382
ARG,ARG.8_1,MAIZ,226.33052126806817,243.90657387670385,262.4486003767825,286.7076135512766,286.44347877968687,302.8002538333411,418275.5825289416,433531.22240371007,422874.5745713857,296593.24630493956,411811.7019606968,362708.721954555,5.411e-4,5.626e-4,6.206e-4,9.667e-4,6.956e-4,8.348e-4
ARG,ARG.9_1,MAIZ,223.59847040490283,229.31911747253085,228.26311389411146,223.22261487786497,212.07665837047202,193.29835966817777,29185.216571082336,29998.706333408365,29342.52588019587,20741.101795486975,28503.864378270326,25201.38887844623,0.007661,0.007644,0.007779,0.01076,0.0074400000000000004,0.00767
ARM,ARM.10_1,MAIZ,0.0016179771938579714,0.0010068679051366386,3.9575861641530597e-4,8.001778168094669e-5,5.9645400933560836e-5,4.592640980559162e-5,0.02442387014215538,0.023763306202051623,0.019466052622577328,0.024495629518152935,0.02378785546226131,0.023260966020808557,0.06625,0.04237,0.02033,0.003267,0.002507,0.001974
ARM,ARM.11_1,MAIZ,0,0,0,0,0,0,0.0028762812591251285,0.002798489833347157,0.002292423028028828,0.00288473201435544,0.002801380881189105,0.002739331655687134,0,0,0,0,0,0
ARM,ARM.1_1,MAIZ,0.00349440193748239,0.00116480064582746,0,0,0,0,36.02065878065355,35.04645001886467,28.708801481624057,36.12649049291192,35.08265560463727,34.3055918274703,9.701e-5,3.324e-5,0,0,0,0
ARM,ARM.2_1,MAIZ,0.03416873981284743,0.03091077833809065,0.02765334372378316,0.02439590910947567,0.02113847449516816,0.01788103988086067,51.90022235121756,51.806576352289746,51.19736870460499,51.910395444297194,51.81005662097488,51.7353612204636,6.584e-4,5.967e-4,5.401e-4,4.7e-4,4.08e-4,3.456e-4
ARM,ARM.3_1,MAIZ,0,0,0,0,0,0,8.728821043449242,8.492761028922594,6.957088733162616,8.754465070184557,8.501533985437305,8.31324406881888,0,0,0,0,0,0
ARM,ARM.5_1,MAIZ,0.00566362751562826,0.00296906565400163,9.723434093743869e-4,0,0,0,0.023254019641342116,0.02064670726181669,0.019933350865364286,0.021219938760095692,0.02237987229021122,0.021373897317677682,0.2436,0.1438,0.04878,0,0,0
ARM,ARM.7_1,MAIZ,0.028931632327983813,0.025047253176433085,0.021361550996448573,0.018540259150838855,0.01648390302207343,0.014616712040329112,0.5377425795466593,0.5231988829482318,0.428585858421698,0.5393225122817658,0.5237393862523472,0.5121388132991821,0.0538,0.04787,0.04984,0.03438,0.03147,0.02854
ARM,ARM.8_1,MAIZ,0,0,0,0,0,0,0.001439135661285049,0.0014002130369331664,0.0011470045635908442,0.0014433639623867404,0.001401659560994271,0.0013706134826972668,0,0,0,0,0,0
ARM,ARM.9_1,MAIZ,0,0,0,0,0,0,0.0028752549329280914,0.0027974912649981845,0.0022916050364638887,0.002883702672726081,0.0028003812812448644,0.002738354196396015,0,0,0,0,0,0
ATG,ATG.1_1,MAIZ,0.00148160673598052,0.00126763659335394,0.00105366645072736,8.396963081007872e-4,6.25726165474209e-4,4.117560228476307e-4,0.013310929999165957,0.011448308395187104,0.012321038671762563,0.012359295341420662,0.01204367781674132,0.012083577530659844,0.1113,0.1107,0.08552,0.06794,0.05195,0.03408
ATG,ATG.3_1,MAIZ,9.708479654171076e-4,8.4140157002815e-4,7.119551746392122e-4,5.825087792502645e-4,4.530623838613168e-4,3.236159884723692e-4,0.19465741508451412,0.16741866416825107,0.18018136517522926,0.18074082604128858,0.17612527389629917,0.17670876244101233,0.004987,0.005026,0.003951,0.003223,0.002572,0.001831
ATG,ATG.4_1,MAIZ,7.50993266827335e-4,6.144490364950923e-4,4.779048061628495e-4,3.4136057583060685e-4,2.0481634549836407e-4,6.827211516612136e-5,0.2862475405234755,0.24619242393145335,0.26496022567225963,0.26578292383076074,0.2589956640231266,0.25985369535358094,0.002624,0.002496,0.001804,0.001284,7.908e-4,2.627e-4
ATG,ATG.5_1,MAIZ,0,0,0,0,0,0,0.8612020102948311,0.7406925139737115,0.7971571688610142,0.7996323318149781,0.7792122374447753,0.7817937034910227,0,0,0,0,0,0
ATG,ATG.6_1,MAIZ,4.696188358233115e-5,0,0,0,0,0,0.6943087483786228,0.5971529166942422,0.6426752255065643,0.6446707239750497,0.6282078616100454,0.630289062580464,6.764e-5,0,0,0,0,0
ATG,ATG.7_1,MAIZ,2.228512621008162e-4,1.337107572604897e-4,4.457025242016324e-5,0,0,0,1.0270595267614933,0.8833412994672228,0.9506803918451544,0.9536322424699404,0.9292794748154555,0.9323581012748875,2.17e-4,1.514e-4,4.688e-5,0,0,0
ATG,ATG.8_1,MAIZ,0,0,0,0,0,0,0.7406191719818171,0.6369830421140544,0.6855416908967674,0.6876702891995711,0.6701093532014394,0.6723293703667688,0,0,0,0,0,0
AUS,AUS.10_1,MAIZ,47.54505404840326,49.1805460441584,46.08035431164435,47.26430822827373,44.48180531489977,41.85072112741559,3281.542568141667,3748.895161020087,5273.986458164986,4740.4798001248455,5482.824056823533,5164.5533056613185,0.01449,0.01312,0.008737,0.00997,0.008113,0.008103
AUS,AUS.11_1,MAIZ,0.355150656596048,1.5870295213375485,1.6250998342290084,5.1752278387011295,20.17640952287107,28.267344700767918,1372.7744119233535,1568.2829776442752,2206.277538157662,1983.0946071000296,2293.6409977907097,2160.4981437254223,2.587e-4,0.001012,7.366e-4,0.00261,0.008797,0.01308
AUS,AUS.5_1,MAIZ,148.90938703468396,144.8252511789132,135.45016647237773,127.62846541043932,119.2832408946686,116.13354079442779,8609.307050857782,9835.432231182167,13836.592961255192,12436.908959793149,14384.489864397732,13549.489078893868,0.0173,0.01472,0.009789,0.01026,0.008292,0.008571
AUS,AUS.7_1,MAIZ,41.12811441355268,53.93692682379022,53.56554701347864,46.80634774833284,41.969045460403706,38.67950164869998,9658.97868968707,11034.596601521447,15523.59043081431,13953.25290393161,16138.288510501461,15201.482011974938,0.004258,0.004888,0.003451,0.003355,0.002601,0.002544
AUS,AUS.8_1,MAIZ,0.03296515119876812,0.02997478560247753,0.026969880302421766,0.023952736689734674,0.02082736835339441,0.01782917013854381,256.0876382426753,292.5592729241055,411.57556489055946,369.94134646821163,427.87300010774914,403.03553318651086,1.287e-4,1.025e-4,6.553e-5,6.475e-5,4.868e-5,4.424e-5
AUS,AUS.9_1,MAIZ,1.485410055706368,1.3995183174049493,1.4874275462269506,1.373376755219112,1.2831906138930238,1.2844105179394987,64.71451289346933,73.93106113856928,104.00702034475827,93.48586366811573,108.1254564736192,101.84891542561896,0.02295,0.01893,0.0143,0.01469,0.01187,0.01261
AUT,AUT.1_1,MAIZ,0,0,0,0,0,0,1165.4787631699203,1160.8624681448089,985.9770716645286,1008.9600967718543,980.7621270618002,993.4285968029521,0,0,0,0,0,0
AUT,AUT.2_1,MAIZ,0,0,0,0,0.01707962177409246,0.01620374373439542,527.2840572811933,532.3056436438776,462.1433481610791,460.19767473365675,450.20696960633114,457.6092491825608,0,0,0,0,3.794e-5,3.541e-5
AUT,AUT.3_1,MAIZ,0.0856285101151814,0.07400945014349089,0.06320166836528754,0.05320516478057139,0.04320866119585526,0.035168497227906985,4590.824251003567,4633.988117954333,3987.4215825547294,3987.5072347566734,3904.400070084468,3961.3256353391384,1.865e-5,1.597e-5,1.585e-5,1.334e-5,1.107e-5,8.878e-6
AUT,AUT.4_1,MAIZ,0,0,0,0,0,0,1037.2814704377142,1047.6771481304402,908.8546498830183,904.59619461737,885.6789865372392,899.9189540306937,0,0,0,0,0,0
AUT,AUT.6_1,MAIZ,0.0616949433836388,0.052593726668664874,0.04525240020110619,0.04121280908835696,0.03871506308300199,0.03621731707764703,2451.070375330013,2474.41312844529,2148.2649706387147,2139.2205430058907,2092.778931453075,2127.1882937857035,2.517e-5,2.126e-5,2.106e-5,1.927e-5,1.85e-5,1.703e-5
AUT,AUT.7_1,MAIZ,0,0,0,0,0,0,2.447632198940446,2.470942208604765,2.145251546799511,2.1362198060066313,2.0898433392386995,2.124204434716837,0,0,0,0,0,0
AUT,AUT.8_1,MAIZ,0.0023173586525996274,9.275638437634721e-4,2.220906921024184e-4,2.0093919761647377e-4,1.797877031305292e-4,1.5863620864458458e-4,31.39591752191015,19.084278735317664,20.655738390131514,21.642853253937044,23.660421258018637,21.519950693548452,7.381e-5,4.86e-5,1.075e-5,9.284e-6,7.599e-6,7.372e-6
AUT,AUT.9_1,MAIZ,0,0,0,0,0,0,30.147582755857133,30.434693068304856,26.423148284805837,26.311903975672845,25.740683197315818,26.163910171514598,0,0,0,0,0,0
AZE,AZE.10_1,MAIZ,0.32484702826126977,0.2819631432166168,0.23949407414230622,0.19705760775641618,0.15462638497523237,0.11220040579875479,53.39144589736056,47.40519876362209,45.76737135286341,48.721307044504755,51.38445121721991,49.07478750249554,0.006084,0.005948,0.005233,0.004045,0.003009,0.002286
AZE,AZE.1_1,MAIZ,5.7282173455041486e-5,5.269959957863817e-5,4.8117025702234856e-5,4.353445182583153e-5,3.895187794942821e-5,3.43693040730249e-5,0.12615189287154507,0.11200735368831588,0.10813743093549837,0.1151171058807035,0.12140968723593287,0.11595232335115799,4.541e-4,4.705e-4,4.45e-4,3.782e-4,3.208e-4,2.964e-4
AZE,AZE.2_1,MAIZ,0.05725983848342104,0.04082993581227671,0.026864799025847774,0.014121415114401839,0.00711767038616441,0.005839154435301764,986.7184282461502,876.3915432933476,846.2062882775773,900.6474959204976,949.7293988542945,907.1621614447488,5.803e-5,4.659e-5,3.175e-5,1.568e-5,7.494e-6,6.437e-6
AZE,AZE.3_1,MAIZ,9.356447516791045e-6,4.6078513602319194e-6,1.6751649614642674e-6,5.583883204880892e-7,0,0,153.6626450129107,136.43351547779605,131.71965385703464,140.22143126994,147.8862761881852,141.23878996943822,6.089e-8,3.377e-8,1.272e-8,3.982e-9,0,0
AZE,AZE.4_1,MAIZ,0.0011563502310503178,7.288209712296307e-4,4.098681748960118e-4,2.7753407345885317e-4,2.5020674073807564e-4,2.2287940801729816e-4,396.92557607110285,352.4215862533958,340.2443183881486,362.2061748167736,382.00472478026614,364.83375552929937,2.913e-6,2.068e-6,1.205e-6,7.662e-7,6.55e-7,6.109e-7
AZE,AZE.5_1,MAIZ,0,0,0,0,0,0,0.005033202879318071,0.005013758494187931,0.004887264375256696,0.005035315191024604,0.005014481127140167,0.0049989715896092465,0,0,0,0,0,0
AZE,AZE.6_1,MAIZ,0.4568932586434142,0.4215669444690163,0.7697082427671207,0.7147169228249024,0.659725602882684,0.6047342829404655,6706.304352396228,5954.382411275979,5748.65779977827,6119.696450468963,6454.20929150172,6164.096507162666,6.813e-5,7.08e-5,1.339e-4,1.168e-4,1.022e-4,9.811e-5
AZE,AZE.7_1,MAIZ,0,0,0,0,0,0,31.80670477234466,28.24043896609206,27.264714482782225,29.024501477140873,30.611051412031998,29.235085043496877,0,0,0,0,0,0
AZE,AZE.8_1,MAIZ,0.00495556603855087,0.004548989089708508,0.004145848244147432,0.003746143501867643,0.0033464387595878438,0.0029467340173080546,369.1255521226211,327.7380571220827,316.4145062796057,336.83731809114687,355.2496662070068,339.2811982653262,1.343e-5,1.388e-5,1.31e-5,1.112e-5,9.42e-6,8.685e-6
AZE,AZE.9_1,MAIZ,0.09026847337248517,0.07490691425355651,0.0596637367026447,0.04453894071974979,0.03043372943615616,0.01734810285186385,310.39364853171566,275.59135564537064,266.06950531526064,283.24282489448893,298.72556749210605,285.29785706301755,2.908e-4,2.718e-4,2.242e-4,1.572e-4,1.019e-4,6.081e-5
BDI,BDI.10_1,MAIZ,0.002737174997557644,0.002202819299063618,0.0018166145988864168,0.0015743993190348944,0.001533440978109608,0.001464144224678431,842.7781193820507,1263.9001325664046,1614.8825423096935,1248.433761874957,1225.2060502188926,1318.3517675480305,3.248e-6,1.743e-6,1.125e-6,1.261e-6,1.252e-6,1.111e-6
BDI,BDI.11_1,MAIZ,0.04387337566917241,0.04057396660261794,0.0986757332872275,0.09282662609521508,0.26305469020067324,0.24817598448058537,4755.835809714843,6758.3324256620745,8331.878350884825,6810.084275235823,6959.241721012085,7303.010484334545,9.225e-6,6.004e-6,1.184e-5,1.363e-5,3.78e-5,3.398e-5
BDI,BDI.12_1,MAIZ,0,0,0,0.1255283862873153,0.11909103314437604,0.11265368000143682,1521.679337468132,2289.9276508256407,2932.4015613581305,2260.5894181168073,2213.215355863917,2385.3559239191713,0,0,0,5.553e-5,5.381e-5,4.723e-5
BDI,BDI.13_1,MAIZ,1.2072153375902275e-4,0,0,0,0,0,1543.2423811279402,2287.721344018555,2901.5026385682795,2270.2278540290376,2247.9587846914455,2405.632742482326,7.823e-8,0,0,0,0,0
BDI,BDI.14_1,MAIZ,9.439706367516432e-4,5.663823820509859e-4,1.8879412735032863e-4,0,0,0.0150702641048744,1886.8681247550187,2839.488837068165,3636.1504680182866,2803.1097033230426,2744.366309886506,2957.8190018190353,5.003e-7,1.995e-7,5.192e-8,0,0,5.095e-6
BDI,BDI.15_1,MAIZ,0.0016279617395038191,0.0013319686959576713,0.001035975652411522,7.39982608865373e-4,4.439895653192237e-4,1.479965217730746e-4,1843.1077737378225,2773.579782636751,3551.703632247109,2738.054288183072,2680.7114832529173,2889.185922270109,8.833e-7,4.802e-7,2.917e-7,2.703e-7,1.656e-7,5.122e-8
BDI,BDI.16_1,MAIZ,0.016603170595417806,0.04335342490780378,0.04071982710463663,0.03835008422182337,0.03598034133901013,0.03361059845619688,3802.704712766386,5473.071121874386,6806.67919627371,5489.547987920693,5557.212602097177,5865.806772722304,4.366e-6,7.921e-6,5.982e-6,6.986e-6,6.475e-6,5.73e-6
BDI,BDI.17_1,MAIZ,0.21343279045737582,0.1985340202343666,0.1837112727101104,0.1798334357277695,0.16452933203851441,0.29186574451844177,3978.3744333062214,5667.812316597548,6999.708782905375,5705.957582554686,5820.068013307896,6114.607814255956,5.365e-5,3.503e-5,2.625e-5,3.152e-5,2.827e-5,4.773e-5
BDI,BDI.1_1,MAIZ,0.11690179741223827,0.1089275077224906,0.10095321803274292,0.09297892834299526,0.08500463865324759,0.07703084676507871,1334.9716876058296,2008.913966601654,2572.520920329602,1983.1810330514932,1941.6246536941942,2092.632135540315,8.757e-5,5.422e-5,3.924e-5,4.688e-5,4.378e-5,3.681e-5
BDI,BDI.2_1,MAIZ,0,0,0,0,0,0,37.6355217909162,56.63651985027682,72.526753925593,55.91090068122282,54.73920339366586,58.99673646296792,0,0,0,0,0,0
BDI,BDI.3_1,MAIZ,0.039897210057439916,0.037204240611540845,0.0345112711656418,0.03181830171974274,0.3316092486187455,2.127158747283306,3366.5435805690327,5066.206159887504,6487.6070857783925,5001.298635313043,4896.4888759663,5277.33043047289,1.185e-5,7.344e-6,5.32e-6,6.362e-6,6.772e-5,4.031e-4
BDI,BDI.4_1,MAIZ,1.9113131800146537,1.979132679945783,1.8540291213586337,1.8967337583928876,1.7733492973098466,2.9415490190531277,20034.08946233789,30148.67474986852,38607.34240993033,29762.414146676252,29138.697849819688,31405.062027606815,9.54e-5,6.565e-5,4.802e-5,6.373e-5,6.086e-5,9.366e-5
BDI,BDI.5_1,MAIZ,2.3175280411368056e-5,2.073577721017142e-5,1.8296274008974784e-5,1.5856770807778145e-5,0.02751277536507097,0.026100112369692115,9488.726514594198,13864.222582522558,17418.08748233344,13830.657820603243,13844.763318295967,14715.906617438923,2.442e-9,1.496e-9,1.05e-9,1.146e-9,1.987e-6,1.774e-6
BDI,BDI.6_1,MAIZ,0.02985533545866103,0.02746784444448691,0.025080353430312775,0.02311330543410348,0.021566700455859032,0.02002009547761459,953.1126879736466,1350.2147806354326,1668.7021768225625,1345.1085955080816,1353.1057136795337,1426.8566997266823,3.132e-5,2.034e-5,1.503e-5,1.718e-5,1.594e-5,1.403e-5
BDI,BDI.7_1,MAIZ,0.06278205700675796,0.06524124998305764,0.060128982997953107,0.05552517988797857,0.05092137677800402,0.04631757366802947,3637.40313107564,5473.814227450079,7009.575774750599,5403.6844853370685,5290.44212334433,5701.924770056969,1.726e-5,1.192e-5,8.578e-6,1.028e-5,9.625e-6,8.123e-6
BDI,BDI.8_1,MAIZ,0.00470582801595146,0.00398185447503585,0.00325788093412024,0.00253390739320463,0.00180993385228902,0.0310629055713301,2455.230720764348,3694.799934649566,4731.432057849444,3647.4626747775137,3571.0245907826093,3848.7735228817396,1.917e-6,1.078e-6,6.886e-7,6.947e-7,5.068e-7,8.071e-6
BDI,BDI.9_1,MAIZ,0.06204946561746741,0.057958731790509845,0.053867997963552273,0.0909511873104972,0.10677533825971779,0.09959751949049833,1867.6503433839146,2800.3979012949503,3577.6582669780555,2766.210421938841,2715.0709602157717,2921.2439597842276,3.322e-5,2.07e-5,1.506e-5,3.288e-5,3.933e-5,3.409e-5
BEL,BEL.2_1,MAIZ,0.8646122563839136,1.8554825540190871,1.7135333366957375,1.5721678635949865,1.4325764387869075,1.295501086760321,13762.799819815998,14690.837815584027,16302.68239668069,16853.656487862,16353.208750179258,16479.192157576308,6.282e-5,1.263e-4,1.051e-4,9.328e-5,8.76e-5,7.861e-5
BEL,BEL.3_1,MAIZ,0.05597995232131637,0.0508373452478725,0.04569473817442864,0.04055213110098477,0.03540952402754092,0.0384183871302439,2013.7686841356476,2151.8559168413476,2386.986185731508,2470.6180949167556,2401.547021125162,2417.7482792246096,2.78e-5,2.362e-5,1.914e-5,1.641e-5,1.474e-5,1.589e-5
BEN,BEN.10_1,MAIZ,0.8865149068480997,0.7936260430539548,0.7007371792598098,0.6078483154656649,0.516355360876749,0.4268307186724783,20776.34196311695,20989.48890964176,20879.345164595565,26547.13553906412,27005.695242054593,26448.99046493185,4.267e-5,3.781e-5,3.356e-5,2.29e-5,1.912e-5,1.614e-5
BEN,BEN.11_1,MAIZ,7.6355723602004,6.952907977848241,6.270704310766711,5.591569791747179,4.928762975719987,4.286852366044315,77174.6747409502,77966.64374500488,77557.79387066215,98605.510116029807,100308.68003300915,98241.20199091174,9.894e-5,8.918e-5,8.085e-5,5.671e-5,4.914e-5,4.364e-5
BEN,BEN.12_1,MAIZ,0.31544484346680035,0.274221843916512,0.2368697636272563,0.20353199302182212,0.17197719372058268,0.1428606103769843,12972.725426300523,13105.899263576392,13037.205400067698,16575.715347875208,16861.984590687767,16514.4097531482,2.432e-5,2.092e-5,1.817e-5,1.228e-5,1.02e-5,8.651e-6
BEN,BEN.1_1,MAIZ,0.12831530943963662,0.16240113280378296,0.172278330177712,0.33466462995675184,0.344583950672838,0.3218617035033363,56284.89273457071,56862.865441844006,56568.91581668544,71907.91749680856,73149.79823861909,71642.80976334859,2.28e-6,2.856e-6,3.045e-6,4.654e-6,4.711e-6,4.493e-6
BEN,BEN.2_1,MAIZ,0.0041515699511485114,0.004943894328111007,0.009642297243335813,0.01457102433016799,0.17108525650836792,0.2328649736804808,23421.39353605055,23661.86875233403,23537.88282217772,29926.22170754135,30443.036816163374,29815.52765519123,1.773e-7,2.089e-7,4.097e-7,4.869e-7,5.62e-6,7.81e-6
BEN,BEN.3_1,MAIZ,3.4368877935337534,3.100608662158405,2.7864468663997846,2.4988173068704627,2.225531538510135,2.124778017047285,27718.884548944046,28003.255859984733,27856.30690438207,35418.02432876839,36029.81457984126,35287.08347384073,1.24e-4,1.107e-4,1e-4,7.055e-5,6.177e-5,6.021e-5
BEN,BEN.4_1,MAIZ,0.038875727317764515,0.03598232218079613,0.04192600857622946,0.04182535847135982,0.03886037649694024,0.040785526275665396,25925.372848475807,26193.001811331385,26057.654911319998,33089.19165426431,33660.1357000558,32968.61171644263,1.5e-6,1.374e-6,1.609e-6,1.264e-6,1.154e-6,1.237e-6
BEN,BEN.5_1,MAIZ,0.2409981300038653,0.19511554654081492,0.2467546711766567,0.21957296052319944,0.19441321399336278,0.17156775629363616,30966.934855690964,31319.855908187557,31188.780722459585,39444.838091414116,40105.55119930217,39288.989472982335,7.782e-6,6.23e-6,7.912e-6,5.567e-6,4.848e-6,4.367e-6
BEN,BEN.6_1,MAIZ,0.042545869049319604,0.03697622330329119,0.030032310971895314,0.03226689687788288,0.04042181158088599,0.05020533574501879,4944.912284221973,4997.889328432029,4973.7799355417455,6310.816521719713,6418.506761493231,6286.826036563718,8.604e-6,7.398e-6,6.038e-6,5.113e-6,6.298e-6,7.986e-6
BEN,BEN.7_1,MAIZ,0.3011367594788624,0.27448620591285283,0.25033767789385164,0.22803582546747328,0.20573397304109495,0.18343212061471664,44094.14382375255,44827.88391200766,44857.833194199346,55391.7529457006,56183.34674224811,55104.39309233438,6.829e-6,6.123e-6,5.581e-6,4.117e-6,3.662e-6,3.329e-6
BEN,BEN.9_1,MAIZ,5.55178553774101,5.4138087437374685,5.044354062755296,4.630265955059347,4.225277692626371,3.8204659174518336,22829.22449413138,23066.841009449727,22949.00892766938,29158.714657488148,29660.38373859905,29049.914146446416,2.432e-4,2.347e-4,2.198e-4,1.588e-4,1.425e-4,1.315e-4
BFA,BFA.10_1,MAIZ,0,0,0,0,0,0,7.4209460352725944,7.163580293868971,6.996487467489481,7.7118104066560385,7.15001459051076,7.3591905215689595,0,0,0,0,0,0
BFA,BFA.11_1,MAIZ,0,0,0,0,0,0,33.543751525152466,32.38042107648782,31.625137286110125,34.85850063595738,32.31910213136291,33.264607653584505,0,0,0,0,0,0
BFA,BFA.12_1,MAIZ,0,0,0,0,0,0,0.020332172613010777,0.019627032775849602,0.01916922589082503,0.02112909319130815,0.01958986497797248,0.020162972654075708,0,0,0,0,0,0
BFA,BFA.13_1,MAIZ,0.4663408484322097,0.40869677893511536,0.3585549705575769,0.30065823395487695,0.24276149735217703,0.22078963751572683,44550.512303816104,43069.84134961292,42100.42134551507,46385.40660049398,43135.321623871896,44330.076941614396,1.047e-5,9.489e-6,8.517e-6,6.482e-6,5.628e-6,4.981e-6
BFA,BFA.1_1,MAIZ,0.00798037625883351,0.00691632609098904,0.00585227592314457,0.0047882257553001,0.00372417558745563,0.00266012541961117,13634.265232455036,13196.294822430096,12953.137348591228,14123.781489921901,13231.070914410962,13572.330637358775,5.853e-7,5.241e-7,4.518e-7,3.39e-7,2.815e-7,1.96e-7
BFA,BFA.2_1,MAIZ,0.09980936564944326,0.08933889937873386,0.07886843310802448,0.07547545591510624,0.14205861458315025,0.12725511948298546,106325.47901175432,102691.61631856053,100386.19057297171,110425.18800813775,102575.69477584372,105509.92729178669,9.387e-7,8.7e-7,7.857e-7,6.835e-7,1.385e-6,1.206e-6
BFA,BFA.3_1,MAIZ,0,0,0,0,0,0,766.3334553615762,742.4656748594738,726.5950168292892,800.7734359879983,747.8423303363558,766.840213510451,0,0,0,0,0,0
BFA,BFA.4_1,MAIZ,0,0,0,0,0,0,19.756431972973303,19.071259390118406,18.62641609900061,20.530786366508188,19.035144062734517,19.592023203573447,0,0,0,0,0,0
BFA,BFA.5_1,MAIZ,0,0,0,0,0,0,37347.38723574403,36052.142942128514,35211.21505214683,38811.220048906325,35983.87084123515,37036.59032746988,0,0,0,0,0,0
BFA,BFA.6_1,MAIZ,0,0,0,0,0,0,5250.797858984927,5074.942724743628,4959.9060891596355,5466.7573037782695,5080.9726086776,5222.975890845635,0,0,0,0,0,0
BFA,BFA.7_1,MAIZ,0,0,0,0,0,0,94.46094952840073,91.1849504585363,89.05803200849384,98.16335142894927,91.01227311872726,93.67486586260766,0,0,0,0,0,0
BFA,BFA.8_1,MAIZ,0,0,0,0,0,0,1410.4473058742146,1361.841897741419,1330.3008978899716,1467.1013241922392,1360.891073867929,1400.330236255806,0,0,0,0,0,0
BFA,BFA.9_1,MAIZ,0.31900783991044335,0.3123924773197944,0.29272838176641214,0.2947417296127245,0.561351046873849,0.5465794979315406,144236.8549005738,139439.15803165,136565.89164912104,149626.99212410013,139525.64985396827,143338.7697353157,2.212e-6,2.24e-6,2.143e-6,1.97e-6,4.023e-6,3.813e-6
BGD,BGD.1_1,MAIZ,0,0.01005935375096172,0.0095434894560406,0.018849594449040427,0.023993475729537403,0.022657847045075112,44.89773884297022,46.0285612820738,47.654451192317204,51.3517973276539,51.351808509302025,51.07347768395006,0,2.185e-4,2.003e-4,3.671e-4,4.672e-4,4.436e-4
BGD,BGD.2_1,MAIZ,4.936461886085146,4.477846509959804,4.051102920252982,6.332834776351077,5.77448162936146,5.225491552406745,3256.089077307726,3345.069010411817,3468.2358664958338,3732.5169222457357,3755.0970877136397,3722.9035453432475,0.001516,0.001339,0.001168,0.001697,0.001538,0.001404
BGD,BGD.3_1,MAIZ,0.14224192099405625,0.12843816135340327,0.11106563382568664,0.25725190870579245,0.6727129368334416,0.6256226421513216,2973.9461001206637,3048.849760513521,3156.545806737706,3401.4514167604784,3401.4521574128967,3383.016020228041,4.783e-5,4.213e-5,3.519e-5,7.563e-5,1.978e-4,1.849e-4
BGD,BGD.4_1,MAIZ,0.10877194632078516,0.10176678749953601,0.09476162867828687,0.3219106396304925,0.4771333463032328,0.6637870649140233,22507.288297946572,23076.17273707213,23892.742951166947,25745.119526597166,25751.613600753844,25608.63522790544,4.833e-6,4.41e-6,3.966e-6,1.25e-5,1.853e-5,2.592e-5
BGD,BGD.5_1,MAIZ,0.6589298316089192,0.5603871322034303,0.47152779274097795,0.4416338103143559,0.36201193930651465,0.28975952646213216,3948.4128169742653,4052.2248705352413,4198.5012942215535,4521.240213602232,4535.388794958935,4503.387508645458,1.669e-4,1.383e-4,1.123e-4,9.768e-5,7.982e-5,6.434e-5
BGD,BGD.6_1,MAIZ,3.7908036318765435,3.4410169126569907,3.6634735628567947,3.3902701320509756,3.2051578390677284,2.811553918891482,67430.9753969245,69145.00384061124,71598.71160068343,77143.01077532148,77193.8174113954,76748.78623701508,5.622e-5,4.977e-5,5.117e-5,4.395e-5,4.152e-5,3.663e-5
BGD,BGD.7_1,MAIZ,0.1260315541781421,0.15955446385920052,0.22791362018047578,0.20959983899519857,0.1915845291777242,0.1745152872123138,212.32271940593284,222.4822719939833,233.80009904124933,248.62330407824874,264.2197690722062,254.60878276805474,5.936e-4,7.172e-4,9.748e-4,8.43e-4,7.251e-4,6.854e-4
BGD,BGD.8_1,MAIZ,0.05600518548745988,0.06705123460664192,0.061168821453048056,0.12219001920598595,0.11320619700130787,0.10453364253867517,2833.459313708372,2904.98768019436,3007.719253112577,3240.9655075700375,3241.4948402403916,3223.6484676372547,1.977e-5,2.308e-5,2.034e-5,3.77e-5,3.492e-5,3.243e-5
BGR,BGR.10_1,MAIZ,1.2550461736715077,1.1738270720930821,1.092607970514657,1.0113888689362318,0.9301697673578064,0.8489506657793812,1268.3729184596912,1525.2847327641343,1061.9876437965834,1043.9339841647345,700.373110263319,870.047389257381,9.895e-4,7.696e-4,0.001029,9.688e-4,0.001328,9.758e-4
BGR,BGR.11_1,MAIZ,0.004160897933768382,0.00361702315570193,0.003383666823076,0.00315031049045006,0.00291695415782413,0.00418208348826353,455.5286368742168,517.9798388387114,386.049747742235,370.09160821503156,247.11766209802357,306.9264272392581,9.134e-6,6.983e-6,8.765e-6,8.512e-6,1.18e-5,1.363e-5
BGR,BGR.12_1,MAIZ,0,0,0,0,0,0,273.714905501394,311.2401530060425,231.96690980216113,222.378092987835,148.48635640784758,184.4238346992693,0,0,0,0,0,0
BGR,BGR.13_1,MAIZ,0.13551238893402662,0.12656785463044637,0.11766107136365905,0.10875428809687174,0.09986788516545726,0.09100186256941567,2524.939881390584,2974.319000412682,2123.7687695129803,2068.093096532624,1385.0275558477001,1720.4506834193244,5.367e-5,4.255e-5,5.54e-5,5.259e-5,7.211e-5,5.289e-5
BGR,BGR.14_1,MAIZ,0.0044126667540757,0,0,0,0,0,529.2295571110947,601.7848681965124,448.5095348174298,429.969494893154,287.0993397119366,356.5846886556455,8.338e-6,0,0,0,0,0
BGR,BGR.15_1,MAIZ,0.02806489615615204,0.026167897148972982,0.02427089814179392,0.02237389913461486,0.05359066085839537,0.07586368102448549,1300.987750979186,1479.348104671219,1102.5563541462611,1056.9799789796627,705.7669384875923,876.5805044224659,2.157e-5,1.769e-5,2.201e-5,2.117e-5,7.593e-5,8.655e-5
BGR,BGR.16_1,MAIZ,0.006134199433667991,0.0014779033299479108,9.4848446194136e-4,5.758147377729828e-4,3.598941574427789e-4,1.439735771125751e-4,2187.871697897381,2591.392436745159,1838.0566382491218,1794.3010760497561,1202.2251426874643,1493.4061536059542,2.804e-6,5.703e-7,5.16e-7,3.209e-7,2.994e-7,9.641e-8
BGR,BGR.17_1,MAIZ,0.02801124921668556,0.02557548841523464,0.02313972761378372,0.9918296192428248,0.9395925429321179,1.0495401619636737,1484.85491768991,1688.4227438290848,1258.3794299770664,1206.3617958789214,805.5122029915403,1000.4666621673857,1.886e-5,1.515e-5,1.839e-5,8.222e-4,0.001166,0.001049
BGR,BGR.18_1,MAIZ,0.3540288894034339,0.31963099564473835,0.3147679170889311,0.34369223673835664,0.30452787494976147,0.26543661613223324,3271.2083868520585,3772.1966883764253,2764.1013759183643,2666.181658425708,1782.3597086978616,2213.843591064523,1.082e-4,8.473e-5,1.139e-4,1.289e-4,1.709e-4,1.199e-4
BGR,BGR.19_1,MAIZ,4.374878454540484e-4,3.3114239747161165e-4,2.482254453741741e-4,1.7608490808807171e-4,1.0394437080196943e-4,5.656175179909856e-5,219.15844635979101,249.20421579759574,185.73160079097156,178.05401307755542,118.89027057682227,147.6647426648854,1.996e-6,1.329e-6,1.336e-6,9.889e-7,8.743e-7,3.83e-7
BGR,BGR.1_1,MAIZ,0,0,0,0,0,0,6.597201700871766,7.043001949187981,5.846170417276678,5.506510030820841,4.202898463404542,4.854150753884927,0,0,0,0,0,0
BGR,BGR.21_1,MAIZ,0.007132817968623681,0.006346776898143068,0.0055607358276624445,0.004833991569431731,0.0041665441234509165,0.0035279389619806644,106.05312354014882,116.5503157295987,86.57634159827064,86.48693871430987,58.688433183140965,71.70601370916044,6.726e-5,5.446e-5,6.423e-5,5.589e-5,7.099e-5,4.92e-5
BGR,BGR.22_1,MAIZ,6.19047777730065e-4,4.2887311981023175e-4,2.921931612514597e-4,2.051638884533304e-4,1.347077100452215e-4,8.08246260271329e-5,25.58114190373167,29.08821682765896,21.679412839243376,20.783250888666245,13.877397531855934,17.236081013674767,2.42e-5,1.474e-5,1.348e-5,9.872e-6,9.707e-6,4.689e-6
BGR,BGR.23_1,MAIZ,0.02146856377610247,0.01999571278132598,0.01852286178654949,0.017050010791773002,0.01557715979699651,0.014104308802220019,840.4921111781897,955.7203061494919,712.2971888796395,682.8529579444966,455.9547495222299,566.3074062189751,2.554e-5,2.092e-5,2.6e-5,2.497e-5,3.416e-5,2.491e-5
BGR,BGR.24_1,MAIZ,0.008212203883419603,0.006664301238344262,0.005190125929305271,0.0037896779563026473,0.00261495775045715,0.0016659653117687889,898.6613443122025,1021.8643145940084,761.5942384171543,730.1122152042027,487.51071271424615,605.5007158286185,9.138e-6,6.522e-6,6.815e-6,5.191e-6,5.364e-6,2.751e-6
BGR,BGR.25_1,MAIZ,0.10496085070546794,0.08416035111172775,0.06338876257670446,0.1810737579287495,0.17054479272696332,0.16001582752517712,2041.4312779473153,2321.303555375458,1730.064733783757,1658.5490429323036,1107.4467857866405,1375.477100395456,5.142e-5,3.626e-5,3.664e-5,1.092e-4,1.54e-4,1.163e-4
BGR,BGR.26_1,MAIZ,0,0,0,0,0,0,447.64878742687483,405.0080518870543,293.49969065216834,372.2760166514852,273.0070717205962,308.27284588795385,0,0,0,0,0,0
BGR,BGR.27_1,MAIZ,2.4551317759289035,2.3025492330648674,2.1502322369822022,1.9979152408995364,1.8455982448168706,1.693566619316113,1714.209976329274,1963.1463680486947,1450.5861000934844,1394.9556419107353,931.9959311972216,1157.5911645327737,0.001432,0.001173,0.001482,0.001432,0.00198,0.001463
BGR,BGR.28_1,MAIZ,0.005104683853644068,0.0032088812539923235,0.0018675314131920725,6.421148483700981e-4,7.669487283397963e-4,6.923175039793989e-4,226.37062532531309,257.3007678751466,191.95988738182183,184.0563160352342,123.15113625219233,152.77256183499566,2.255e-5,1.247e-5,9.729e-6,3.489e-6,6.228e-6,4.532e-6
BGR,BGR.2_1,MAIZ,0.0036743286099596047,0.0020834192783421605,0.0014200105566345585,8.027714489446509e-4,3.677192017100652e-4,2.1039708821931241e-4,27.564134347790247,31.261157678376726,23.451081819990982,22.50638240206197,15.226497731349996,18.767092518083178,1.333e-4,6.665e-5,6.055e-5,3.567e-5,2.415e-5,1.121e-5
BGR,BGR.3_1,MAIZ,0.01454395634997899,0.006334509404421059,0.0022864767476309176,0.07650199661593879,0.07217673202981206,0.06796703838161905,3480.8853800877237,3972.5624767977656,2947.718280918943,2830.3677508945943,1890.471076482925,2348.042792546834,4.178e-6,1.595e-6,7.757e-7,2.703e-5,3.818e-5,2.895e-5
BGR,BGR.4_1,MAIZ,0,0,0,0,0,0,257.601690912431,292.91787945319624,218.3113414715508,209.28700492438608,139.74517178017777,173.5670608659801,0,0,0,0,0,0
BGR,BGR.5_1,MAIZ,0,0,0,0,0,0,6.094617240357142,6.930165527256466,5.165043990143318,4.9515365519416354,3.3062412368933787,4.10643578372906,0,0,0,0,0,0
BGR,BGR.6_1,MAIZ,0.4018888201468428,0.32865914128782825,0.27549467942422606,0.2251695352351655,0.17484439104610486,0.12454021859541915,73.70479214674644,83.61449222727678,82.80539240469462,87.0715236318481,60.882680439232736,69.13764475984506,0.005453,0.003931,0.003327,0.002586,0.002872,0.001801
BGR,BGR.7_1,MAIZ,0,0,0,0,0,0,0.8667655321522973,0.9934639105204699,0.9866213151730597,1.0423480002927195,0.7063544958466703,0.8116816242527886,0,0,0,0,0,0
BGR,BGR.8_1,MAIZ,0.00292393709127485,0.00239231216558851,0.00186068723990217,0.00132906231421584,7.974373885295051e-4,2.658124628431684e-4,2.5292015993677444,2.8030959849892794,2.183972676212379,2.078128495409258,1.4711695211116724,1.7691037018194682,0.001156,8.535e-4,8.52e-4,6.395e-4,5.42e-4,1.503e-4
BGR,BGR.9_1,MAIZ,0.23853806901943797,0.2059841211834673,0.17443054183301132,0.14394377788504356,0.11502879737913049,0.807817796407247,969.0116297992516,1101.8593502275226,821.2144417752338,787.2678980454504,525.6747196947524,652.9013840455851,2.462e-4,1.869e-4,2.124e-4,1.828e-4,2.188e-4,0.001237
BHS,BHS.16_1,MAIZ,0,0,0,0,0,0,5.258382567454007,5.3427079311025425,5.260746829986208,5.287279109514253,5.296911290201001,5.294709461261285,0,0,0,0,0,0
BIH,BIH.1_1,MAIZ,0,0,0,0,0,0,1012.2006740212892,659.2553252613812,699.1405958745645,535.8019970937842,568.1031296069652,595.2651415420931,0,0,0,0,0,0
BIH,BIH.2_1,MAIZ,0.35113146775633414,0.6029197767053599,0.6249603406966411,0.5751418387352784,0.5345360099206651,0.4896896863665276,4619.901434025959,3329.814201193563,3173.03641165503,2788.544605781999,2935.1294047123006,2953.497691070164,7.6e-5,1.811e-4,1.97e-4,2.063e-4,1.821e-4,1.658e-4
BIH,BIH.3_1,MAIZ,0.5174036378553497,0.43632625189636015,0.35746823838814945,0.27861022487993875,0.2046184655337977,0.14315090756455973,11801.80180030228,7494.259038100366,8162.417166611593,6041.584744278328,6418.654814464202,6798.682603231,4.384e-5,5.822e-5,4.379e-5,4.612e-5,3.188e-5,2.106e-5
BLR,BLR.1_1,MAIZ,10.042273001461632,9.442033427815025,8.773619671248374,8.026388154856951,7.413938039335604,6.674869805332212,3527.1740160010845,3767.301519244064,3203.1196076806214,3287.8066466937867,5563.024404126408,4910.449383660251,0.002847,0.002506,0.002739,0.002441,0.001333,0.001359
BLR,BLR.2_1,MAIZ,1.4727909923791993,1.347081870565868,5.34245621340632,4.996461963546717,4.71453232729203,4.365840420762962,1839.9768163818724,1977.361078510028,1676.759081425341,1720.9052800888487,2854.189392250653,2531.5052525449646,8.004e-4,6.813e-4,0.003186,0.002903,0.001652,0.001725
BLR,BLR.3_1,MAIZ,5.115084628334517,4.691867726387634,4.41062342353268,3.9776868415456494,3.5472617009826672,3.1635331653765837,1816.4179533448837,1938.2634549138559,1646.1732354283354,1688.3828005142598,2870.250740915195,2531.674840180419,0.002816,0.002421,0.002679,0.002356,0.001236,0.00125
BLR,BLR.4_1,MAIZ,3.3914477765210203,3.1930464889136383,2.992466850065957,2.805997904864552,2.604236264119132,2.422456208520687,1175.7981723000548,1255.0782786681104,1068.726848989966,1094.9201042274733,1850.3564285289708,1634.3560730242668,0.002884,0.002544,0.0028,0.002563,0.001407,0.001482
BLR,BLR.5_1,MAIZ,10.657105458663066,10.180895427637644,9.497462538416544,8.735516682208365,7.725549982062117,6.825744971217661,2716.2711687901297,2898.47894772801,2461.687259612204,2524.807445756107,4292.1726577853815,3785.8662878680543,0.003923,0.003512,0.003858,0.00346,0.0018,0.001803
BLR,BLR.6_1,MAIZ,2.0611587700622542,1.8062073960856448,1.5514067868888006,1.3004814440960324,1.053398257111676,0.8143243034202526,500.4901973636673,534.0569611741612,453.57769701858496,465.2064314676221,790.8451553886104,697.5574027040581,0.004118,0.003382,0.00342,0.002795,0.001332,0.001167
BLR,BLR.7_1,MAIZ,0.5772025351914558,0.5384774582504281,0.49975238130940053,0.46102730436837286,0.42230222742734524,0.38357715048631763,202.44315700942033,216.02306700650988,183.46906823288077,188.17340331577518,319.89478563681774,282.15987127416327,0.002851,0.002493,0.002724,0.00245,0.00132,0.001359
BLZ,BLZ.1_1,MAIZ,21.973365048618586,19.303202560166163,16.680649353154454,22.06225507653243,22.353406491595763,19.15898164344455,46.14017574996924,60.20495964169122,61.26186691807671,62.23572752528578,58.071767532779056,60.0142346612606,0.4762,0.3206,0.2723,0.3545,0.3849,0.3192
BLZ,BLZ.2_1,MAIZ,1598.9520013881547,1535.092267452461,1449.8444248903959,1573.7425494676595,1784.3326977594234,1781.987469139413,19167.713336350414,24936.693435350953,25370.81210035367,25770.50720054015,24092.47782614074,24877.716123556354,0.08342,0.06156,0.05715,0.06107,0.07406,0.07163
BLZ,BLZ.3_1,MAIZ,54.590018988362296,55.879298231525745,53.370014104760585,55.11571519488608,53.20208336397259,53.516847257465734,6479.674194169188,8425.865053813668,8568.765327302734,8706.9918246031,8119.607724024945,8391.168334563275,0.008425,0.006632,0.006228,0.00633,0.006552,0.006378
BLZ,BLZ.4_1,MAIZ,296.8995550766567,280.12071774562895,273.20608349860623,266.40989812988545,257.2745117842097,247.30373672795298,38135.709592198094,49659.82332874412,50514.1837088442,51324.17827965621,47873.48733303607,49474.7042783775,0.007785,0.005641,0.005409,0.005191,0.005374,0.004999
BLZ,BLZ.5_1,MAIZ,6.448759038936338,5.883511654581131,4.891758631142703,4.451093985425342,6.080590643769733,6.238031772067082,689.9106766838208,900.2142660054565,916.0176651557872,930.579309527412,868.3177249230969,897.3624519806805,0.009347,0.006536,0.00534,0.004783,0.007003,0.006952
BLZ,BLZ.6_1,MAIZ,427.04247193042335,407.4703300191404,370.60626773345155,391.96292309485654,1470.0427890146614,1427.107475726942,1755.0500390228567,2198.9169977980905,2233.017940941976,2264.053733919148,2169.5434968650407,2216.6492720097594,0.2433,0.1853,0.166,0.1731,0.6776,0.6438
BOL,BOL.1_1,MAIZ,2020.8673971230066,2014.120632381223,2009.295572340388,2032.3726024067882,1968.9775378719505,1894.0269182669344,30330.733957190947,30330.733957190947,30330.733957190947,30330.733957190947,30330.733957190947,30330.733957190947,0.06663,0.06641,0.06625,0.06701,0.06492,0.06245
BOL,BOL.2_1,MAIZ,1044.8420149506603,1041.8548093593201,1045.618747957786,1005.3421754494882,1074.0364737128805,1084.9901479404568,25884.13729815716,25884.13729815716,25884.13729815716,25884.13729815716,25884.13729815716,25884.13729815716,0.04037,0.04025,0.0404,0.03884,0.04149,0.04192
BOL,BOL.3_1,MAIZ,445.78761564559574,449.785451355917,462.6264365541596,988.1004257018286,1168.4908765172493,1116.4804874962074,8325.729204966216,8321.559208531657,8327.254875643834,8333.146301392777,8328.637377359722,8330.250241005817,0.05354,0.05405,0.05556,0.1186,0.1403,0.134
BOL,BOL.4_1,MAIZ,76.64439357285286,69.7278838418233,64.21895204601985,133.33355300380867,227.43817444145276,215.01648637727334,1130.390733732477,1130.8958122485365,1131.0064620297844,1131.1224630476809,1131.285500251824,1131.1233970172962,0.0678,0.06166,0.05678,0.1179,0.201,0.1901
BOL,BOL.6_1,MAIZ,129.05725157869384,180.53661136630234,193.5541754810655,196.38978538443726,227.34853462122194,228.72960959812292,2577.5281535865056,2507.525073654386,2605.79982600654,2707.4574007472347,2630.491800102319,2657.6779383327585,0.05007,0.072,0.07428,0.07254,0.08643,0.08606
BOL,BOL.7_1,MAIZ,0.42931673647550944,0.33313922175025906,0.23696170702500868,0.14951705706552298,0.09659990401809837,0.07413898981012483,16.91732650004589,16.91732650004589,16.91732650004589,16.91732650004589,16.91732650004589,16.91732650004589,0.02538,0.01969,0.01401,0.008838,0.00571,0.004382
BOL,BOL.8_1,MAIZ,3398.8746004934524,3116.3126836261654,2993.94665114936,2757.644905252707,2938.373295413471,2805.0119677877697,428494.1453098528,428289.7787835944,428506.250724328,428706.83874739317,428531.25881257583,428596.8741178265,0.007932,0.007276,0.006987,0.006432,0.006857,0.006545
BOL,BOL.9_1,MAIZ,1794.4571476580354,1689.9433074781894,1726.9327066087756,1696.724719403429,1615.489645547047,1584.4365584355887,103864.92749021773,103868.09964323368,103864.12362922404,103800.35878415845,103856.81895809335,103832.87365128167,0.01728,0.01627,0.01663,0.01635,0.01555,0.01526
BRA,BRA.10_1,MAIZ,20164.287496215304,19791.831678471106,19825.731880289095,20371.244381533696,20683.254060847205,20773.67599697335,1411601.7371905313,1198230.136993038,1489667.7017462011,1791121.9018214284,1560407.9548913522,1642935.4348228064,0.01428,0.01652,0.01331,0.01137,0.01326,0.01264
BRA,BRA.11_1,MAIZ,6468.078669391384,8427.951476066923,9059.792251511513,9383.733479545459,10375.810774423464,10592.926111421655,3603263.424412968,3057945.969928955,3801357.7769788904,4569791.877480129,3981181.104188547,4191793.658105685,0.001795,0.002756,0.002383,0.002053,0.002606,0.002527
BRA,BRA.12_1,MAIZ,108417.60962634925,110612.10058233964,112308.48935834062,107126.4221371682,111111.07566719549,108114.25144495424,18414649.174754765,15631235.810357943,19433012.672275804,23365455.642503846,20355812.922275245,21432376.487241648,0.005888,0.007076,0.005779,0.004585,0.005458,0.005044
BRA,BRA.13_1,MAIZ,5781.780044025158,5801.046500151559,5901.385442435157,5697.292409327756,5945.017845821172,5837.870666665117,3556580.6386033413,3018983.324788341,3753270.604871861,4512795.1528843,3931503.1814388763,4139434.0939221033,0.001626,0.001922,0.001572,0.001262,0.001512,0.00141
BRA,BRA.14_1,MAIZ,42473.980691368146,41253.75247665385,40807.00998413721,40672.34307204894,49204.90197800866,54138.794555546665,652907.4142800447,554216.7594760848,689015.2240952719,828446.6778186884,721734.6764377155,759906.0686296347,0.06505,0.07444,0.05923,0.04909,0.06818,0.07124
BRA,BRA.15_1,MAIZ,653.8869568315788,630.527062030954,639.347669611168,597.4568266194457,544.4802299579113,514.0687385848789,47663.17603942469,40458.61693887565,50299.09785311551,60477.793605223495,52687.66472002897,55474.23100174223,0.01372,0.01558,0.01271,0.009879,0.01033,0.009267
BRA,BRA.16_1,MAIZ,2018.4521664100669,1959.5886635301833,1811.3718103961194,1628.5489435754123,1493.1001221310723,1412.0958415792334,6053623.5964716105,5138576.492388799,6388308.998876651,7680892.267788559,6691603.27472678,7045477.200786502,3.334e-4,3.813e-4,2.835e-4,2.12e-4,2.231e-4,2.004e-4
BRA,BRA.17_1,MAIZ,865.8208790533624,781.7668066337167,694.709482377832,604.8692730450879,529.0119525656908,466.6609856244441,55884.28501469087,47437.058714722145,58974.85971308893,70909.2120109324,61775.41483045728,65042.6176742372,0.01549,0.01648,0.01178,0.00853,0.008563,0.007175
BRA,BRA.18_1,MAIZ,13620.9144102157,13384.036900405288,13323.826344091629,13912.299313403992,14487.392296351882,14565.883391618256,1253490.308977526,1064018.1469561746,1322812.2200048335,1590500.9798294941,1385628.961749956,1458912.6603973545,0.01087,0.01258,0.01007,0.008747,0.01046,0.009984
BRA,BRA.19_1,MAIZ,185.06118153799892,178.05098584014024,169.55245244313465,158.13684723736202,204.2142056668294,202.11751026664425,4615.5320081815935,3917.868195222195,4870.785277331991,5856.453878319402,5102.085575465758,5371.926717724694,0.0401,0.04545,0.03481,0.027,0.04003,0.03762
BRA,BRA.1_1,MAIZ,2108.5574943082374,2647.572352245655,3125.3643387627308,3140.517103808614,3731.335489416074,3691.34289517832,65811.46986220789,55991.58638813074,69404.2566928759,83277.91708052786,72659.89634768064,76458.01303980844,0.03204,0.04729,0.04503,0.03771,0.05135,0.048280000000000003
BRA,BRA.20_1,MAIZ,99.74675189212687,88.98220800004907,78.01438017262653,68.39023372432997,58.989664354305205,50.239330409952125,20636.721399826052,17517.364040097607,21777.996250160555,26185.0653106885,22812.173849583985,24018.673222817106,0.004833,0.00508,0.003582,0.002612,0.002586,0.002092
BRA,BRA.21_1,MAIZ,561.8028564526763,474.6994170174491,391.2297217282365,321.27941320577,270.31822067415516,231.05160072070368,2750093.7799588684,2336286.6299165436,2902227.6695252424,3482214.8129032888,3037898.183436994,3196598.9498440754,2.043e-4,2.032e-4,1.348e-4,9.226e-5,8.898e-5,7.228e-5
BRA,BRA.22_1,MAIZ,6387.717180861696,6831.868667462158,6961.456646715091,6700.407610920039,6909.669561455453,6603.559925193701,786736.6941888658,667840.3304421948,830237.1380598148,998215.4828438972,869655.4995554055,915642.0191481921,0.008119,0.01023,0.008385,0.006712,0.007945,0.007212
BRA,BRA.23_1,MAIZ,1445.5159517914235,1360.1350338616298,1281.4352355185101,1205.8592281564877,1374.023253853396,1282.8921185760883,20217.369678090927,17161.79581529264,21335.30815092263,25652.263048988065,22348.339258895714,23530.16856704993,0.0715,0.07925,0.06006,0.04701,0.06148,0.05452
BRA,BRA.24_1,MAIZ,1642.975129507395,1542.386790856819,1446.5175771544805,1302.6296247037828,1171.9622936328838,1117.908873145442,1325235.5303511303,1124951.542408443,1398517.4108102794,1681437.4047130467,1464916.1467649678,1542363.5301446533,0.00124,0.001371,0.001034,7.747e-4,8e-4,7.248e-4
BRA,BRA.25_1,MAIZ,1536.0414601650675,1808.8780278952918,1763.2160560636046,1726.4127799893195,1848.1914299798668,1849.619314669309,1442845.3967418536,1224751.140387986,1522639.232803248,1830765.6635433454,1594945.213963328,1679299.3142641638,0.001065,0.001477,0.001158,9.43e-4,0.001159,0.001101
BRA,BRA.26_1,MAIZ,195.2695711913105,177.44236061821348,156.9135934012034,136.5266615981498,118.23979930598821,101.15836123359291,552825.7337187413,469262.99195796106,583398.7154577998,701457.2548804458,611102.7280826718,643422.9735478463,3.532e-4,3.781e-4,2.69e-4,1.946e-4,1.935e-4,1.572e-4
BRA,BRA.27_1,MAIZ,5139.637349796163,5156.620325587866,5165.444633540071,5341.722990750011,5486.141752796171,5731.999414039551,901413.3784859842,765159.6392480432,951264.3406950192,1143765.4136176314,996437.2877823728,1049137.261537722,0.005702,0.006739,0.00543,0.00467,0.005506,0.005464
BRA,BRA.2_1,MAIZ,65.07016293341911,61.26456237178331,61.46769323822167,56.540502823846296,53.32658407265939,49.97885538404015,37929.912161749366,32196.5910414379,40027.55422353377,48127.66562776086,41928.35351940013,44145.87704764447,0.001716,0.001903,0.001536,0.001175,0.001272,0.001132
BRA,BRA.3_1,MAIZ,289.6067838758291,272.77731397848703,264.4344550810103,275.04603470555884,365.85389558460116,408.0987587623211,368.68518739769456,312.9563324865868,389.07462445582144,467.80908285041033,407.55071640176106,429.10542167192096,0.7855,0.8716,0.6796,0.5879,0.8977,0.951
BRA,BRA.4_1,MAIZ,1333.4775478924298,1605.9455420219888,1701.1889851314413,1751.2750871449282,2245.064239988677,2888.547530975829,4426.3320915383165,3757.761392250238,4671.727260962422,5616.330270983126,4892.873591335136,5151.791825898286,0.3013,0.4274,0.3641,0.3118,0.4588,0.5607
BRA,BRA.5_1,MAIZ,12199.20762578183,11706.670785431894,11013.991338971637,10497.608098765475,10610.38625183364,10048.870796872628,1702118.2419290894,1444833.426079693,1796250.6723754117,2159746.040463733,1881549.7139851847,1981061.8676974217,0.007167,0.008102,0.006132,0.004861,0.005639,0.005072
BRA,BRA.6_1,MAIZ,1712.8838538376808,1597.13184130087,1470.7400246467485,1334.527968604146,1224.5933640442188,1109.7303269315307,401681.03788523603,340964.6732304691,423895.2480551977,509676.1257424692,444024.87637384946,467508.6416027705,0.004264,0.004684,0.00347,0.002618,0.002758,0.002374
BRA,BRA.7_1,MAIZ,31.536422246784472,29.918016360695123,32.883023990469916,30.58601489568418,31.14703833004746,35.557281805898675,141275.8405554424,119921.19683804667,149088.8337466551,179258.95495191676,156168.65552703667,164428.16583299832,2.232e-4,2.495e-4,2.206e-4,1.706e-4,1.994e-4,2.162e-4
BRA,BRA.8_1,MAIZ,355.6866579429279,338.7431311524492,312.86363089868485,290.98271217400196,273.4180505171171,263.0216117125407,23664.824598272713,20087.752283969585,24973.56296946639,30027.2977313626,26159.48931017013,27543.02284208709,0.01503,0.01686,0.01253,0.009691,0.01045,0.009549
BRA,BRA.9_1,MAIZ,4632.315691302734,5027.735485284244,5119.618793177378,5042.356628586041,5505.179523670961,5796.69641160061,5013809.802507128,4255944.044438549,5291089.071878388,6361811.771860523,5542348.450006455,5835474.391236921,9.239e-4,0.001181,9.676e-4,7.926e-4,9.933e-4,9.934e-4
BRB,BRB.10_1,MAIZ,0,0,0,0,0,0,0.6454883214511513,0.374533340004796,0.3827895859768456,0.31974188946301213,0.00825624597204961,0.14634771420783357,0,0,0,0,0,0
BRB,BRB.11_1,MAIZ,4.198684853929143e-5,8.411623368083443e-6,0,0,0,0,1.5579199588052681,0.9039558830742194,0.9238827662682405,0.7717138400593537,0.01992688319402087,0.35321789304776363,2.695e-5,9.305e-6,0,0,0,0
BRB,BRB.1_1,MAIZ,0,0,0,0,0,0,0.35088950557046245,0.20359751544146604,0.20808563702434404,0.1738127085732756,0.004488121582878009,0.07955508314125283,0,0,0,0,0,0
BRB,BRB.2_1,MAIZ,0,0,0,0,0,0,1.108922229740514,0.6434327821401354,0.6576166711251886,0.5493033370575104,0.014183888985053086,0.2514193180008754,0,0,0,0,0,0
BRB,BRB.3_1,MAIZ,0,0,0,0,0,0,3.324519395028247,1.928994393161739,1.9715173156562864,1.6467968166070155,0.04252292249454735,0.7537484384042621,0,0,0,0,0,0
BRB,BRB.4_1,MAIZ,1.629692529933991e-5,0,0,0,0,0,0.4913519062677393,0.2850983735204673,0.29138310720528726,0.24339059543029876,0.006284733684819921,0.11140128483236572,3.317e-5,0,0,0,0,0
BRB,BRB.5_1,MAIZ,0,0,0,0,0,0,1.5453349826085336,0.8966536701414631,0.9164195827097119,0.7654798867339946,0.019765912568248688,0.35036457651430336,0,0,0,0,0,0
BRB,BRB.6_1,MAIZ,0,0,0,0,0,0,1.4542673184342352,0.8438132463938177,0.8624143400016977,0.7203696251778886,0.018601093607879753,0.32971734859824603,0,0,0,0,0,0
BRB,BRB.7_1,MAIZ,5.635429868681967e-6,0,0,0,0,0,0.6737587831329205,0.39093678230619455,0.39955462720673196,0.33374562978444666,0.008617844900537356,0.15275730723877454,8.364e-6,0,0,0,0,0
BRB,BRB.8_1,MAIZ,0,0,0,0,0,0,0.8994580491073906,0.5218948447727767,0.5333995407497316,0.4455454987438935,0.011504695976954998,0.2039287546159975,0,0,0,0,0,0
BRB,BRB.9_1,MAIZ,3.1064773837829305e-5,0,0,0,0,0,1.037906295374277,0.6022270248741445,0.6155025705126527,0.5141256765458628,0.013275545638508197,0.23531829909558016,2.993e-5,0,0,0,0,0
BTN,BTN.10_1,MAIZ,0.29090465061518334,0.2732656651654116,0.25562667971564,0.28997872326748747,0.2696810396813234,0.2493862806754567,9.0886148445109,6.864200931754737,5.764294170202818,5.57285352969686,6.131429693155336,6.006655224475206,0.03201,0.03981,0.04435,0.05203,0.04398,0.04152
BTN,BTN.11_1,MAIZ,0.1512076260824361,0.1471292242682013,0.1370270553039588,0.126629251604595,0.14333576970496245,0.1315480007850996,19.968043704446767,19.880971899259645,20.356650049644347,21.250144873779202,23.329098352349074,22.206878727949984,0.007572,0.007401,0.006731,0.005959,0.006144,0.005924
BTN,BTN.12_1,MAIZ,0.02335374105218777,0.029580768131946766,0.02737062364592679,0.025166632111337024,0.023483724349003483,0.02414918056660108,20.83381503419877,20.284004266783473,20.503763504603327,21.310349089927623,23.398001235683097,22.308215431848755,0.001121,0.001458,0.001335,0.001181,0.001004,0.001083
BTN,BTN.13_1,MAIZ,0.12470340017817079,0.12022059657950761,0.1132415364248333,0.1961132110047527,0.18756888928343576,0.17627313388941115,4.18986019187307,3.5434541686180605,3.264788858132195,3.2803062811354815,3.605070674587157,3.480577868527837,0.029760000000000002,0.03393,0.03469,0.05979,0.05203,0.05064
BTN,BTN.15_1,MAIZ,0.034504759456647216,0.030215855131939917,0.025926950807232636,0.02163804648252536,0.01794239990800421,0.015547660131128708,4.215790455856061,3.1839871388814682,2.673790975108212,2.5849904660190384,2.844088260244432,2.7862111223971944,0.008185,0.00949,0.009697,0.008371,0.006309,0.00558
BTN,BTN.16_1,MAIZ,0.06853537882921568,0.06459670226544863,0.0748475117258521,0.07269395537197751,0.06716909138739109,0.06213417345214881,2.6921778981592013,2.0332746357003724,1.7074664983609038,1.6507590385337496,1.816217298942891,1.7792573141066885,0.02546,0.03177,0.04384,0.04404,0.03698,0.03492
BTN,BTN.17_1,MAIZ,0.1625458498975239,0.14908311101302138,0.13302667777464186,0.12726310800986723,0.10776425273623033,0.110671069753395,26.64036381717584,20.120206793292095,16.896182363385503,16.33503543398822,17.97232257495705,17.60658617864127,0.006101,0.00741,0.007873,0.007791,0.005996,0.006286
BTN,BTN.18_1,MAIZ,0.06241215271970278,0.06420157697242293,0.1081416012691383,0.11951886142680045,0.12032633028137682,0.11138758216733627,3.238587242295589,2.4459517700390236,2.0540170179763293,1.9858001085125139,2.1848400797045584,2.140378628829485,0.01927,0.02625,0.05265,0.06019,0.05507,0.05204
BTN,BTN.19_1,MAIZ,0.02294258523035132,0.02155594100269223,0.02184663696797825,0.02037397529452709,0.01890131362107594,0.017428651947624788,4.1717002498183025,4.094505799463139,4.158332035454518,4.328846694494905,4.752709406455317,4.528681486150167,0.0055,0.005265,0.005254,0.004707,0.003977,0.003849
BTN,BTN.1_1,MAIZ,0,0,0,0,0,0,0.09096295364515246,0.0687000166525177,0.05769165404977598,0.05577562983639885,0.0613661118331849,0.06011731271419658,0,0,0,0,0,0
BTN,BTN.20_1,MAIZ,0.3120387495943408,0.28650110027715653,0.2598317562010218,0.2689747241757269,0.2527064147182855,0.23001715799401373,2.056590531078528,1.553245558446469,1.304356385610291,1.2610368022343992,1.3874325697202088,1.3591983453419036,0.1517,0.1845,0.1992,0.2133,0.1821,0.1692
BTN,BTN.2_1,MAIZ,0.03742087498877542,0.03483317728733756,0.0322454795858997,0.02993200522023161,0.02752580477524381,0.04721155461023672,13.67315503421888,13.858759438488597,14.332239626085922,15.011196991915478,16.47827826214985,15.666508978841556,0.002737,0.002513,0.00225,0.001994,0.00167,0.003014
BTN,BTN.3_1,MAIZ,0.041367423510000036,0.03648530950898926,0.031603195507978486,0.04997977731811331,0.06816857230694527,0.07420771065710971,33.6784172085164,26.502008414110133,23.06871916031112,22.6512402499303,24.91028538720023,24.259530732203167,0.001228,0.001377,0.00137,0.002206,0.002737,0.003059
BTN,BTN.4_1,MAIZ,0,0,0,0,0,0,1.7924006759986911e-4,1.3537154561785302e-4,1.1367986149800201e-4,1.0990438702442215e-4,1.2092028229678484e-4,1.1845955702856955e-4,0,0,0,0,0,0
BTN,BTN.5_1,MAIZ,6.16201705188507e-5,5.705571344338027e-5,5.2491256367909855e-5,4.7926799292439433e-5,4.336234221696901e-5,3.879788514149859e-5,0.23541070023058067,0.17779456776559513,0.14930509765875372,0.1443464569852174,0.15881453688754574,0.1555826643145069,2.618e-4,3.209e-4,3.516e-4,3.32e-4,2.73e-4,2.494e-4
BTN,BTN.6_1,MAIZ,0.13010720868426814,0.12043348842027436,0.11075976815628054,0.11068811235699708,0.11289593485117291,0.1030062252941159,2.718342830208709,2.0530357713658365,1.7240611464846298,1.6668025541212148,1.8338688821634779,1.796549687970252,0.04786,0.05866,0.06424,0.06641,0.06156,0.05734
BTN,BTN.7_1,MAIZ,0.12099085555212312,0.11074212339989416,0.10065710472306894,0.09057208604624371,0.08048706736941852,0.07522736373522487,7.201655382804477,5.439069697037343,4.5675233079088144,4.415829178190035,4.858434911087444,4.7595658601506505,0.0168,0.02036,0.02204,0.02051,0.01657,0.01581
BTN,BTN.9_1,MAIZ,0.5606523336399243,0.5435770327103056,0.5078106346715059,0.4934604632557212,0.4525237569007335,0.421935637182934,3.646023391088011,2.860545304641571,2.483699584017707,2.4361597555513987,2.6792048349077517,2.6102666674835855,0.1538,0.19,0.2045,0.2026,0.1689,0.1616
BWA,BWA.11_1,MAIZ,0.028015867202700866,0.026401663844074746,0.02478746048544863,0.02317325712682251,0.02155905376819639,0.019944850409570267,11.209545504124828,12.755163596910128,6.389031615131947,7.248647472195824,4.23733188399577,5.847291407497395,0.002499,0.00207,0.00388,0.003197,0.005088,0.003411
BWA,BWA.12_1,MAIZ,9.321970902429833e-4,7.781099993574548e-4,6.240229084719262e-4,4.6993581758639766e-4,3.1584872670086905e-4,1.6176163581534047e-4,0.09947864236204222,0.10829417462463765,0.04782682470314608,0.052577076464504546,0.028905806447665466,0.04367090364101523,0.009371,0.007185,0.01305,0.008938,0.01093,0.003704
BWA,BWA.14_1,MAIZ,0,0,0,0,0,0,1.449655135771966,1.578119711841725,0.6969576625930736,0.7661808314919957,0.4212306257456287,0.6363953934614265,0,0,0,0,0,0
BWA,BWA.15_1,MAIZ,0.00124927458134981,0.00117356097035892,0.00109784735936802,0.00102213374837712,9.464201373862266e-4,0.0060528811989307985,3.2413824406056033,3.5286251170443808,1.5583750049432967,1.7131557928805303,0.9418581840915624,1.4229597114141805,3.854e-4,3.326e-4,7.045e-4,5.966e-4,0.001005,0.004254
BWA,BWA.1_1,MAIZ,0.09037262869234675,0.08233616201036446,0.07414059344936078,0.0659450248883571,0.05824384790000384,0.05103706248430099,122.7326386822176,133.78014815455612,59.316813980737116,65.27806595174573,35.96675755861464,54.16663494386415,7.363e-4,6.155e-4,0.00125,0.00101,0.001619,9.422e-4
BWA,BWA.2_1,MAIZ,0.00899093774801312,0.00827166272817207,0.00755238770833102,0.00683311268848997,0.00611383766864892,0.00539456264880787,9.547070938805884,10.658400789519995,5.087612863149791,5.705575622510009,3.2543132392924905,4.646019264024136,9.417e-4,7.761e-4,0.001484,0.001198,0.001879,0.001161
BWA,BWA.3_1,MAIZ,0,0,0,0,0,0,5.719132563879272,6.225946855206748,2.7496148328123713,3.0227118402698854,1.6618254432784076,2.5106865270475804,0,0,0,0,0,0
BWA,BWA.4_1,MAIZ,0,0,0,0,0,0,0.017210598377688343,0.0187357557547353,0.00827442204780259,0.009096253481328887,0.0050009350121950295,0.007555414564473666,0,0,0,0,0,0
BWA,BWA.7_1,MAIZ,0,0,0,0,0,0,0.0012710766792180302,0.0013837161082232929,6.111016402895123e-4,6.717974247404369e-4,3.693405498629632e-4,5.579998466047889e-4,0,0,0,0,0,0
BWA,BWA.8_1,MAIZ,0.2919525273894126,0.2731168804610634,0.2542812335327142,0.235445586604365,0.2166099396760158,0.1977742927476666,7.684485227683878,8.365395887399501,3.6950790513065987,4.062039368280103,2.2335046888778636,3.3739879451125847,0.03799,0.03265,0.06882,0.05796,0.09698,0.05862
BWA,BWA.9_1,MAIZ,0,0,0,0,0,0,11.149080414025196,12.137082217773294,5.360196941794247,5.89258196049509,3.2396216199291343,4.894421605341549,0,0,0,0,0,0
CAF,CAF.10_1,MAIZ,39.330633854379755,44.999432629541005,42.04575236358536,41.071574695341646,38.49494306839326,35.936935334836484,995.414731709675,1025.2805725443854,1056.0380045371169,1087.7165831958703,985.1836000234317,1016.7883547701039,0.03951,0.04389,0.03981,0.03776,0.03907,0.03534
CAF,CAF.11_1,MAIZ,0.4393247187058959,0.821481003248802,0.8023770800749813,1.0437604386083432,1.0138594150747615,0.9714694886181544,559.2983372868105,572.8204122402511,592.3873715423896,605.9075576128679,562.1472290392392,575.6101479554545,7.855e-4,0.001434,0.001354,0.001723,0.001804,0.001688
CAF,CAF.12_1,MAIZ,404.11032290372475,428.59716644018107,429.49685314816975,440.96911324191393,436.8743082224477,486.50054473592155,2788.4876721291985,2872.1518236957763,2958.313618579779,3047.0558515873104,2759.8268700833823,2848.36229776426,0.1449,0.1492,0.1452,0.1447,0.1583,0.1708
CAF,CAF.13_1,MAIZ,9.082609554982351,8.971011027805043,9.058580394313795,10.937235725770204,11.64579084632493,12.786325517537835,1529.41450061024,1575.2990289343697,1622.5463819359707,1671.212635426155,1513.778615498653,1562.298418083655,0.005939,0.005695,0.005583,0.006544,0.007693,0.008184
CAF,CAF.14_1,MAIZ,0.14566538104243898,0.14306799425815422,0.13927579019644384,0.13732818136128627,0.17334437379861498,0.1717112544888085,2096.8987399687444,2155.5302228248106,2223.1123910455476,2284.4252121348027,2086.0101222532994,2147.10825348441,6.947e-5,6.637e-5,6.265e-5,6.011e-5,8.31e-5,7.997e-5
CAF,CAF.15_1,MAIZ,6.8798246714426865,8.55851931029572,8.283707410035959,8.580300652533161,8.425827952703205,8.400288967856492,2496.420106344378,2571.0950183459568,2648.1777204554496,2727.5315863628307,2470.7236353354438,2549.8528578164733,0.002756,0.003329,0.003128,0.003146,0.00341,0.003294
CAF,CAF.16_1,MAIZ,42.97298598089931,49.47827673562755,51.49567291031378,53.90943990997536,56.5614145690871,57.64628278557284,257.22898432777566,264.7875069725677,272.84730682572314,280.8244080432894,255.00519457047926,262.96244728892515,0.1671,0.1869,0.1887,0.192,0.2218,0.2192
CAF,CAF.17_1,MAIZ,0.00525928176366988,0.00439262176594045,0.0035259617682110297,0.002659301770481603,0.0020033745944552,0.001558180240131829,159.35229510486778,155.86589816296419,158.77951506496623,160.38101419411754,156.41648814253853,156.5632560924634,3.3e-5,2.818e-5,2.221e-5,1.658e-5,1.281e-5,9.952e-6
CAF,CAF.1_1,MAIZ,0.06896736772480955,0.06682049496702619,0.06243718001995545,0.05805485795925639,0.06453049283166983,0.059594156665509664,190.143171571705,195.6918450780427,201.52947621537837,207.51612387734957,188.16284560933104,194.10810535894913,3.627e-4,3.415e-4,3.098e-4,2.798e-4,3.43e-4,3.07e-4
CAF,CAF.2_1,MAIZ,0.00806054274361484,0.00705530197257534,0.00614313898786461,0.00532405378948266,0.00450496859110071,0.00368588339271876,2.351518622928094,2.4220722109703408,2.4947320499503483,2.569567960341192,2.327349102498646,2.402010614923952,0.003428,0.002913,0.002462,0.002072,0.001936,0.001534
CAF,CAF.3_1,MAIZ,9.349756919610147,15.164205173418695,15.08663495329701,14.681670151659517,14.155280210647613,16.754868993670254,1822.2199300019836,1876.8780660569978,1933.1351864229628,1991.0954457194325,1803.884111563169,1861.5542512052928,0.005131,0.008079,0.007804,0.007374,0.007847,0.009
CAF,CAF.4_1,MAIZ,1.4042568098836299,1.3601738893527273,1.2559045815557452,1.1789685845965587,1.0871688847837322,1.021170240422624,5.084047151879569,5.142983176593353,5.622729460135505,5.070750021333431,4.857795030126621,4.932698708642539,0.2762,0.2645,0.2234,0.2325,0.2238,0.207
CAF,CAF.5_1,MAIZ,16.972939923719576,20.46566872625051,26.08175542038046,31.470144644050208,35.35762926842451,40.22099615733247,614.5344714983787,632.9726039958657,651.9611738976154,671.5184277474156,608.2181262571978,627.7298037885554,0.02762,0.03233,0.04001,0.04686,0.05813,0.06407
CAF,CAF.6_1,MAIZ,72.71657006942557,97.23233957065854,100.98844066969059,118.34874926487676,119.62742377203115,135.99210061570562,2511.28919764372,2586.6250911745415,2664.1846827451386,2744.0812479214073,2485.7818149976447,2565.3722658973975,0.02896,0.03759,0.03791,0.04313,0.04812,0.05301
CAF,CAF.7_1,MAIZ,904.1179507946036,994.8297398852682,1024.9965976848853,977.2791306025501,972.5418426057267,1041.1693962146396,3177.408380107595,3272.712852085159,3370.8115162338822,3471.8766087361228,3145.364479473501,3245.9527261089916,0.2845,0.304,0.3041,0.2815,0.3092,0.3208
CAF,CAF.8_1,MAIZ,25.672156306177378,42.76588380941602,44.792432880970765,64.51145568749612,65.4823802691911,71.26189375096484,410.11210138906404,420.07023861010197,434.38784833955305,444.3580388574904,412.0878607155428,422.016267327727,0.0626,0.1018,0.1031,0.1452,0.1589,0.1689
CAF,CAF.9_1,MAIZ,13.757249696647165,13.506758147569593,12.816159729188465,11.929734590390282,11.612513118824225,15.58058477499195,780.896442990016,804.3258717130782,828.454452061744,853.3058165475011,772.873695214988,797.6657630476544,0.01762,0.01679,0.01547,0.01398,0.01503,0.01953
CAN,CAN.10_1,MAIZ,0.28207404126479035,0.26277932967130824,0.2434846180778261,0.24733011271091992,0.22684872387504934,0.20636733503917873,5931.567266122178,6389.661480562974,6358.211705922886,6743.945723994079,6710.721722698335,6619.906695230082,4.755e-5,4.113e-5,3.829e-5,3.667e-5,3.38e-5,3.117e-5
CAN,CAN.11_1,MAIZ,318.0896881796349,270.7875048265715,230.8373738583016,191.55911693438233,176.86014503998362,168.46544409700758,500024.5645085677,538639.8919800696,535978.0853216818,568501.3948892172,565697.3942593555,558044.3339230809,6.361e-4,5.027e-4,4.307e-4,3.37e-4,3.126e-4,3.019e-4
CAN,CAN.12_1,MAIZ,0.0017248918648381387,0.003579821562619375,0.0033548446168609703,0.0031039985952269864,0.005957814430381328,0.005547754980194095,138.74825159068848,149.46376208999422,148.72810470831772,157.75100172444112,156.97384252117965,154.84954286915564,1.243e-5,2.395e-5,2.256e-5,1.968e-5,3.795e-5,3.583e-5
CAN,CAN.1_1,MAIZ,260.6241615626217,258.05134423471725,248.2791277609653,232.91173789360712,215.38257155571395,198.32854281550274,10788.011359896658,11621.168157681923,11563.96902111961,12265.521036321,12205.095032986803,12039.925609119284,0.02416,0.02221,0.02147,0.01899,0.01765,0.01647
CAN,CAN.2_1,MAIZ,8.717537670136434,9.271477153183497,8.988941320879047,8.643024369400047,8.161347395155737,7.675817569928552,1516.7812010302227,1633.9220273817114,1625.8798967873115,1724.5172531418311,1716.0214303870605,1692.798811900695,0.005747,0.005674,0.005529,0.005012,0.004756,0.004534
CAN,CAN.3_1,MAIZ,139.77478152422754,151.1160873412731,161.5624935089584,162.4434737079504,157.0304812424605,156.2156726185706,90116.98547095951,97076.64317003172,96598.36836682206,102459.01818826779,101954.11079256116,100574.48973894258,0.001551,0.001557,0.001673,0.001585,0.00154,0.001553
CAN,CAN.4_1,MAIZ,0,0,0,0,0,0,149.57564491016754,161.12735367118006,160.33428834577475,170.06129841380834,169.22349262027208,166.9334205884364,0,0,0,0,0,0
CAN,CAN.7_1,MAIZ,13.568376883896779,12.758610276312941,11.605463748809681,10.321786816838614,9.258486806564212,8.265255086522103,9598.95598024441,10340.282176498875,10289.387532838164,10913.6144350088,10859.848590061392,10712.884151844317,0.001414,0.001234,0.001128,9.458e-4,8.525e-4,7.715e-4
CAN,CAN.9_1,MAIZ,1255.1048417647633,1296.9559526003302,1310.8007343536149,1274.5380002508105,1300.2109973504898,1235.3197706146361,670205.544065139,721882.2512973868,717742.8175928752,761677.3789331629,757743.9683539623,747623.2168606145,0.001873,0.001797,0.001826,0.001673,0.001716,0.001652
CHE,CHE.10_1,MAIZ,0,0,0,0,0,0,0.03246242263461517,0.014512723729045045,0.018517257876035854,0.01999444793793273,0.023161902791070808,0.019880292831532618,0,0,0,0,0,0
CHE,CHE.11_1,MAIZ,0,0,0,0,0,0,47.86485878316497,53.555327430908356,37.92944865464853,44.7550609764978,51.15737870000063,46.27020651116154,0,0,0,0,0,0
CHE,CHE.12_1,MAIZ,0,0,0,0,0,0,97.36021482931835,43.526076778746294,55.53634197770373,59.96668112363847,69.4664060343374,59.62431093740576,0,0,0,0,0,0
CHE,CHE.13_1,MAIZ,0,0,0,0,0,0,0.005329024853557424,0.00596257208681239,0.0042228678763687145,0.004982796112418916,0.005695596925714489,0.005151484549327444,0,0,0,0,0,0
CHE,CHE.16_1,MAIZ,0.00211584601775473,0.00166709728728236,0.00121834855681,7.695998263376376e-4,4.5842924307192543e-4,2.848368070128662e-4,55.87259170782069,25.042234550577074,31.9055812361101,34.44246994710155,39.88092657795292,34.245834544633766,3.787e-5,6.657e-5,3.819e-5,2.234e-5,1.149e-5,8.317e-6
CHE,CHE.1_1,MAIZ,0,0,0,0,0,0,86.04126763019282,38.46580276736075,49.07977320800427,52.99504801318169,61.39034967605886,52.69248125247876,0,0,0,0,0,0
CHE,CHE.20_1,MAIZ,0,0,0,0,0,0,64.84562134456051,28.990029432010978,36.9893247366144,39.940099806173464,46.26727939915819,39.71206818673801,0,0,0,0,0,0
CHE,CHE.21_1,MAIZ,0,0,0,0,0,0,3.3283591471797114,2.9789346708346165,2.3014234580168678,2.620646825619431,2.4206600223189874,2.4558969577115124,0,0,0,0,0,0
CHE,CHE.23_1,MAIZ,0,0,0,0,0,0,12.84778317052914,5.743758861846086,7.3286493981628835,7.913282832042042,9.166879139797729,7.868103207854862,0,0,0,0,0,0
CHE,CHE.24_1,MAIZ,0.28790428309075666,0.26819505632264956,0.2484858295545425,0.22877660278643544,0.20906737601832837,0.1893581492502213,742.878827361802,332.1134438149012,423.7540391799526,457.5585071125911,530.0434170817082,454.94616990961555,3.876e-4,8.075e-4,5.864e-4,5e-4,3.944e-4,4.162e-4
CHE,CHE.25_1,MAIZ,0,0,0,0,0,0,80.476517118129,35.9780128783668,45.90552089148704,49.5675738639664,57.41990631550862,49.284575719381394,0,0,0,0,0,0
CHE,CHE.6_1,MAIZ,0,0,0,0,0,0,109.37296350332107,48.89652323909011,62.38866989852015,67.36564455459637,78.03748898068923,66.98103116863474,0,0,0,0,0,0
CHE,CHE.7_1,MAIZ,0.125047994715162,0.10207225542641216,0.07909651613766226,0.05612077684891241,0.03314503756016254,0.01095231630724564,235.88718338399545,105.45625513556477,134.55507783684502,145.28903343053892,168.30524550480348,144.45952890400648,5.301e-4,9.679e-4,5.878e-4,3.863e-4,1.969e-4,7.582e-5
CHE,CHE.8_1,MAIZ,0,0,0,0,0,0,8.315313882463379,9.303889512836822,6.589286565765691,7.775064824368824,8.887306305898257,8.03828320667758,0,0,0,0,0,0
CHL,CHL.10_1,MAIZ,9.113359356329708,6.864730652385608,4.7167806832476336,2.696665043089881,0.8727776626923638,0.01191153461949362,0.2977853535070153,0.39863960042845414,0.3053270130992609,0.2727457787755541,0.2666248351530418,0.2797931194215357,30.6,17.22,15.45,9.887,3.273,0.04257
CHL,CHL.12_1,MAIZ,93.78445309318285,85.70213557740706,79.84348422285599,74.61236873440504,63.88582782252937,52.59499789007424,117927.2857100359,157867.01898336774,120913.89144798947,108011.2537472844,105587.27198026297,110802.10206828834,7.953e-4,5.429e-4,6.603e-4,6.908e-4,6.051e-4,4.747e-4
CHL,CHL.13_1,MAIZ,28.84370050223664,28.133822053584023,29.627298146235766,30.00365644488918,31.435785137709566,31.28998559852881,71536.05125721803,95763.9539808159,73347.76073453679,65520.871933072565,64050.45664378512,67213.83270411377,4.032e-4,2.938e-4,4.039e-4,4.579e-4,4.908e-4,4.655e-4
CHL,CHL.14_1,MAIZ,14.66656096726352,12.531663015344536,11.13905093326487,9.643101237824322,8.348800223528265,7.283656865696801,13195.138521436304,17664.081479613644,13529.31628346937,12085.612303278287,11814.387751668333,12397.886345424167,0.001112,7.094e-4,8.233e-4,7.979e-4,7.067e-4,5.875e-4
CHL,CHL.16_1,MAIZ,18.298304845911613,18.60189961460493,18.090985704670032,16.170942659127043,14.435689232222803,13.166552148507357,1316.6887022521298,1762.6261734262341,1350.0349292051867,1205.9736359473789,1178.9092514168135,1237.1341806155624,0.0139,0.01055,0.0134,0.01341,0.01224,0.01064
CHL,CHL.3_1,MAIZ,2.4015323709989143,2.233112600832432,2.2839437802418545,2.1525935537177148,1.9814508007674676,1.7789698865922623,84.52754730857927,113.15542315111031,86.66827713447961,77.41996524393474,75.68251125054057,79.42038068692881,0.02841,0.01973,0.02635,0.0278,0.02618,0.0224
CHL,CHL.6_1,MAIZ,21.06858278251571,20.38824558847171,19.211832347753045,23.251781107188297,21.659410254664905,20.49192688792134,9433.592646698991,12628.571415606226,9672.506158177786,8640.35971807674,8446.45330841569,8863.61361593894,0.002233,0.001614,0.001986,0.002691,0.002564,0.002312
CHL,CHL.7_1,MAIZ,1.8042291951962666,1.8928442941704746,2.5921948672611266,2.4272587791811673,2.4754155217441554,2.313073467246945,3.008440207737146,4.027341802413322,3.084631436362646,2.755472549927232,2.6936344081704564,2.826669815700385,0.5997,0.47,0.8404,0.8809,0.919,0.8183
CHL,CHL.8_1,MAIZ,63.99004555013795,44.43260849696243,30.601816157497023,22.605200453583503,16.839394674087615,13.795067474133404,149938.43225098573,200719.73324904873,153735.74666727477,137330.71150430958,134248.7443093228,140879.13050998855,4.268e-4,2.214e-4,1.991e-4,1.646e-4,1.254e-4,9.792e-5
CHN,CHN.10_1,MAIZ,23.13813161971074,25.995634184957925,25.394003928008992,25.74263206772653,25.886947334302214,25.95811669054299,1460589.3112350998,1527134.4064009378,1553269.5663349926,1618414.3923326314,1652423.5435917117,1622694.0775381154,1.584e-5,1.702e-5,1.635e-5,1.591e-5,1.567e-5,1.6e-5
CHN,CHN.11_1,MAIZ,577.965370202888,541.6258781040497,493.9439001980118,446.2374728678426,405.51364077388115,362.381931960194,1378095.1196268024,1440886.8485036534,1465548.5403213606,1527003.5637818305,1559082.2474146537,1531039.0472109048,4.194e-4,3.759e-4,3.37e-4,2.922e-4,2.601e-4,2.367e-4
CHN,CHN.12_1,MAIZ,9.908045765461097,14.968987431100475,17.115006677849532,16.731949650883166,16.46946612080694,17.998826221897946,2953702.8311512275,3088274.838818704,3141127.1329550543,3272867.4212783803,3341643.035057212,3281522.0911507653,3.354e-6,4.847e-6,5.449e-6,5.112e-6,4.929e-6,5.485e-6
CHN,CHN.13_1,MAIZ,49.53760642200562,45.87860215220712,42.86958669921387,40.16109842404749,39.893752959504475,40.495039167461215,338573.5868796884,353999.14927853673,360057.4401166811,375158.4115088534,383041.9419714881,376150.4688651484,1.463e-4,1.296e-4,1.191e-4,1.071e-4,1.041e-4,1.077e-4
CHN,CHN.14_1,MAIZ,128.84007739009922,114.64774449158375,101.22300483005513,99.30610879071251,87.8566343275172,80.17635816714407,325308.24535032327,340129.4329206769,345950.35941568733,360459.6734822291,368034.3265601636,361412.86194810283,3.961e-4,3.371e-4,2.926e-4,2.755e-4,2.387e-4,2.218e-4
CHN,CHN.15_1,MAIZ,1.287106616743012,1.4558449955642603,2.161111187785361,2.7153841123788904,2.99650055555208,3.29558184468241,275757.4327497184,288321.06337734486,293255.3488417674,305554.6104041057,311975.49556947115,306362.6096111129,4.668e-6,5.049e-6,7.369e-6,8.887e-6,9.605e-6,1.076e-5
CHN,CHN.16_1,MAIZ,27.02465637338248,24.758150446302853,22.256356380865775,20.619021357788476,18.767950838816386,16.762684636017024,12817.848470902587,13401.835317688576,13631.192411582571,14202.890767772065,14501.34848214098,14240.448454963867,0.002108,0.001847,0.001633,0.001452,0.001294,0.001177
CHN,CHN.17_1,MAIZ,114.91277081714506,107.83747603494588,98.8917162811451,90.79565653126626,88.92220746344094,82.61416639134886,661276.6681063994,691334.6990836178,703139.8141516228,732564.9699431292,747926.4019504854,734498.0090961494,1.738e-4,1.56e-4,1.406e-4,1.239e-4,1.189e-4,1.125e-4
CHN,CHN.18_1,MAIZ,57.18013469395545,52.658669215675886,49.9082774337879,47.10726754925993,46.83752091045554,45.80750558278873,555657.2440842454,580911.1817400174,590829.5040138591,615552.0379623123,628458.5487048718,617176.1832595168,1.029e-4,9.065e-5,8.447e-5,7.653e-5,7.453e-5,7.422e-5
CHN,CHN.19_1,MAIZ,8.008351997565144,7.0315121195107695,6.508000968498757,7.094414686535567,7.6854261399631065,7.602988775325812,316638.2712453693,331064.4509600159,336730.2406495505,350852.85877759225,358225.6354906378,351780.6432783517,2.529e-5,2.124e-5,1.933e-5,2.022e-5,2.145e-5,2.161e-5
CHN,CHN.1_1,MAIZ,42.35712070973931,42.91187082759439,40.35501825958228,35.81648436832504,31.29138553715537,28.41992694529874,901517.8585025463,942591.4109558533,958722.7856236896,998932.0515509133,1019923.4808163025,1001573.5967216432,4.698e-5,4.553e-5,4.209e-5,3.585e-5,3.068e-5,2.838e-5
CHN,CHN.20_1,MAIZ,0.005214494648015201,0.0017381648826717334,0,0,0,0,3806.391158497589,3979.8120235773386,4047.9219576523615,4217.693629806797,4306.323699645595,4228.84676902396,1.37e-6,4.367e-7,0,0,0,0
CHN,CHN.21_1,MAIZ,0.010400863035308091,0.008224159038597254,0.006389565995016522,0.004862344629254423,0.0038040278179921204,0.002907243883410995,1453.4934524420346,1519.715257142144,1545.723446816318,1610.5517851587192,1644.3957126049518,1614.8106787277975,7.156e-6,5.412e-6,4.134e-6,3.019e-6,2.313e-6,1.8e-6
CHN,CHN.22_1,MAIZ,12.084949679075505,11.857168346068113,11.108532754513705,9.98577188024821,10.841000318554654,12.68032961976813,294531.3460398777,307950.32446234213,313220.54229505744,326357.153073342,333215.18018675444,327220.16188389686,4.103e-5,3.85e-5,3.547e-5,3.06e-5,3.253e-5,3.875e-5
CHN,CHN.23_1,MAIZ,9.599858029220284,12.982222117162195,17.14205393431356,19.78542499789798,23.592588376955906,26.002574337616675,2118251.4980255463,2214759.973362868,2252663.0589568843,2347140.7633989514,2396463.276611242,2353347.470190423,4.532e-6,5.862e-6,7.61e-6,8.43e-6,9.845e-6,1.105e-5
CHN,CHN.24_1,MAIZ,1.7418049896035361,1.6499755372923355,2.4887113844914373,2.522249904607301,3.3080146769509047,3.7870379067253626,436.85400702417996,456.75726884280795,464.57414745035777,484.05859667578466,494.23054158099364,485.3386263298678,0.003987,0.003612,0.005357,0.005211,0.006693,0.007803
CHN,CHN.25_1,MAIZ,92.06195693854765,94.53061552526839,107.61867249257945,131.7315177817519,146.66597488960977,146.55351191264594,328962.1385026722,343949.7990614823,349836.10675652203,364508.3908186627,372168.1231204056,365472.2855880444,2.799e-4,2.748e-4,3.076e-4,3.614e-4,3.941e-4,4.01e-4
CHN,CHN.26_1,MAIZ,343.92864932837654,368.8446117233726,368.4000669294813,361.3970732625667,352.64313026447275,342.05702747913335,1503456.110660555,1571954.2361719387,1598856.4362658984,1665913.1961440376,1700920.4811388906,1670318.4857243423,2.288e-4,2.346e-4,2.304e-4,2.169e-4,2.073e-4,2.048e-4
CHN,CHN.27_1,MAIZ,0.1322832605524631,0.11849015347690758,0.1050383826857412,0.09158661189457479,0.0781348411034084,0.09060917360221796,35326.35373917174,36935.838043453936,37567.95269591536,39143.5695717662,39966.12749308313,39247.0796223316,3.745e-6,3.208e-6,2.796e-6,2.34e-6,1.955e-6,2.309e-6
CHN,CHN.28_1,MAIZ,1.4879456663509634,1.252672802311254,1.0246658704700247,0.8001010245578234,0.5780653590044224,0.3628151916206714,34365.61452310322,35931.64534710791,36546.447854092716,38079.33442368133,38879.00827155626,38179.75795379315,4.33e-5,3.486e-5,2.804e-5,2.101e-5,1.487e-5,9.503e-6
CHN,CHN.29_1,MAIZ,5.836302611627418,5.141593801024781,4.447591852803345,3.753591571963495,3.0598250436810206,2.366290600574337,49.818439180058625,52.08909039528661,52.98318114153902,55.20622932443818,56.371664135450004,55.354851596160415,0.1172,0.09871,0.08394,0.06799,0.05428,0.04275
CHN,CHN.2_1,MAIZ,0.04096481733551286,0.03852735573767839,0.19008696345456397,0.17674561748440626,0.16492739884792862,0.1535849969569841,28545.536563348534,29846.083837353734,30356.86544978088,31630.04607497392,32294.715782801366,31713.68759526511,1.435e-6,1.291e-6,6.262e-6,5.588e-6,5.107e-6,4.843e-6
CHN,CHN.30_1,MAIZ,2248.0465203927984,2071.369293284253,1879.6482947529769,1834.6860411233379,1751.2298598094105,1610.9869130857264,1795716.034098704,1877171.5877629952,1909175.4323100792,1988990.6804934365,2030587.1467624896,1994200.175128296,0.001252,0.001103,9.845e-4,9.224e-4,8.624e-4,8.078e-4
CHN,CHN.31_1,MAIZ,25.56185080303293,23.144825691368673,21.208357499096298,22.130839120762012,19.72477773431775,19.258215060722172,31562.984203659395,33001.007727037264,33565.78225593008,34973.546298907284,35708.475889116664,35066.029268280174,8.099e-4,7.013e-4,6.318e-4,6.328e-4,5.524e-4,5.492e-4
CHN,CHN.3_1,MAIZ,14.8772322267945,13.992758251688157,13.561919603508002,15.698422672852143,15.040009088736742,14.042411851640912,309331.06076073163,323424.320733082,328959.35832603567,342756.06214545673,349958.6938185911,343662.4357264156,4.809e-5,4.326e-5,4.123e-5,4.58e-5,4.298e-5,4.086e-5
CHN,CHN.4_1,MAIZ,24.77405226444618,21.88766759220501,19.11109297085971,16.73269207467979,14.420180244658779,12.386089111150985,5273.906035682964,5514.187527777028,5608.556544898751,5843.781935348813,5966.582415068911,5859.235052431355,0.004697,0.003969,0.003407,0.002863,0.002417,0.002114
CHN,CHN.5_1,MAIZ,31.53423401371273,27.93134743731836,24.82732321460316,21.895762517853896,19.024800416940117,16.2018800882685,74360.80693200268,77748.7181920914,79079.2986413964,82395.92008410227,84127.37731937342,82613.80531908706,4.241e-4,3.593e-4,3.14e-4,2.657e-4,2.261e-4,1.961e-4
CHN,CHN.6_1,MAIZ,44.13394911475677,39.2586646141264,34.44207473377025,32.31475480322117,28.719647830913846,27.080837895764503,116032.64431399545,121319.14292029382,123395.38139019826,128570.6393259757,131272.4061546873,128910.62756729993,3.804e-4,3.236e-4,2.791e-4,2.513e-4,2.188e-4,2.101e-4
CHN,CHN.7_1,MAIZ,220.7951298691315,206.3607274192014,194.2034032242521,200.6832700215832,191.954059171583,197.8398411271546,438122.08186367643,457914.2751911418,465698.5533928514,485139.4199036616,495266.259132691,486408.0936032428,5.04e-4,4.507e-4,4.17e-4,4.137e-4,3.876e-4,4.067e-4
CHN,CHN.8_1,MAIZ,263.8641001656692,229.6100087904595,197.3207657617461,191.64933274728864,181.07581485998412,155.85902939018823,634752.8761948792,663672.4980408442,675030.4943032748,703341.5776126886,718121.5067909962,705201.472432193,4.157e-4,3.46e-4,2.923e-4,2.725e-4,2.522e-4,2.21e-4
CIV,CIV.10_1,MAIZ,0.01377038721239212,0.013073950894192226,0.012808053472956557,0.013573941251587179,0.01334904336245202,0.017910145935898472,22693.29094502066,22883.394895606045,23652.718426781747,22392.824845596173,23800.704233017488,23415.63154692045,6.068e-7,5.713e-7,5.415e-7,6.062e-7,5.609e-7,7.649e-7
CIV,CIV.11_1,MAIZ,0.08225141201726678,0.07672550396316816,0.07320425786794986,0.07524284972401056,0.07665428873636779,0.089277039677717,8461.746626389711,8461.746626389711,8461.746626389711,8461.746626389711,8461.746626389711,8461.746626389711,9.72e-6,9.067e-6,8.651e-6,8.892e-6,9.059e-6,1.055e-5
CIV,CIV.12_1,MAIZ,0.1924571096687196,0.18118138568435227,0.2762980750618979,0.27100454820593023,0.26049988016350134,0.47518817645428163,3967.5971250261086,3969.600304872593,3975.2398001459746,4032.84025879892,4017.346430491631,4021.3895749431526,4.851e-5,4.564e-5,6.95e-5,6.72e-5,6.484e-5,1.182e-4
CIV,CIV.13_1,MAIZ,0.00947767155209953,0.007641487638433007,0.006195397187411709,0.004927391501569488,0.0037609096023913232,0.0026740250395775773,3572.4651843805873,3572.4651843805873,3572.4651843805873,3572.4651843805873,3572.4651843805873,3572.4651843805873,2.653e-6,2.139e-6,1.734e-6,1.379e-6,1.053e-6,7.485e-7
CIV,CIV.14_1,MAIZ,0.18195194885320837,0.15747894134699128,0.13508661037251896,0.11427827482003573,0.1145445887102359,0.10237244587806038,14253.426873218401,14225.282787770646,14206.110814976671,14303.159713317023,14239.72988682615,14261.641764167014,1.277e-5,1.107e-5,9.509e-6,7.99e-6,8.044e-6,7.178e-6
CIV,CIV.1_1,MAIZ,0.3584424130700827,0.3061611387690589,0.254635288845115,0.20876406709497827,0.1685581942308795,0.1304254480518891,195.94083130921865,195.94083130921865,195.94083130921865,195.94083130921865,195.94083130921865,195.94083130921865,0.001829,0.001563,0.0013,0.001065,8.603e-4,6.656e-4
CIV,CIV.2_1,MAIZ,1.1592678815828006,0.7585154298044797,0.5551636656458907,0.43748731153572956,0.3442616409862386,0.2594313892577484,10158.500705064425,10158.500705064425,10158.500705064425,10158.500705064425,10158.500705064425,10158.500705064425,1.141e-4,7.467e-5,5.465e-5,4.307e-5,3.389e-5,2.554e-5
CIV,CIV.3_1,MAIZ,1.2141512248501145,1.049208535317532,0.9250822014551388,0.7865441919252244,0.6724544118365653,0.5526032334149991,9752.70151492487,9783.745881548191,9796.14434306068,9872.175289505534,9922.739977566247,9889.2100258552,1.245e-4,1.072e-4,9.443e-5,7.967e-5,6.777e-5,5.588e-5
CIV,CIV.4_1,MAIZ,0.03070293582469633,0.031006443885447023,0.03008493677626647,0.028854380116026965,0.030879317763318603,0.06878914001451172,6273.2787342321535,6411.197346725898,6893.752786789558,6090.196476854233,6985.713086460403,6735.965486836642,4.894e-6,4.836e-6,4.364e-6,4.738e-6,4.42e-6,1.021e-5
CIV,CIV.5_1,MAIZ,0.15473378710728578,0.11619693161831293,0.09871769178759611,0.08373889437799398,0.07567552155963667,0.06428624867033968,868.1057970709513,868.1057970709513,868.1057970709513,868.1057970709513,868.1057970709513,868.1057970709513,1.782e-4,1.339e-4,1.137e-4,9.646e-5,8.717e-5,7.405e-5
CIV,CIV.6_1,MAIZ,0.16707426936670522,0.14091453683999308,0.11925914359316364,0.10250508016349022,0.08788677552673689,0.08172991813087202,9671.512907244289,9671.512907244289,9671.512907244289,9671.512907244289,9671.512907244289,9671.512907244289,1.727e-5,1.457e-5,1.233e-5,1.06e-5,9.087e-6,8.451e-6
CIV,CIV.7_1,MAIZ,2.3566361377341334,2.212075810330975,2.0660826526591336,1.9354140720623019,1.9145254185127092,1.7759807937189178,12224.333867752808,12224.333867752808,12224.333867752808,12224.333867752808,12224.333867752808,12224.333867752808,1.928e-4,1.81e-4,1.69e-4,1.583e-4,1.566e-4,1.453e-4
CIV,CIV.8_1,MAIZ,2.894197656208818,2.6462121048542713,2.5440316081664083,2.4097514053269773,2.2608603620389016,2.1855456698571243,3920.9310683788954,3921.236669766068,3922.097020663429,3930.884439375235,3928.520729780398,3929.1375443690094,7.381e-4,6.748e-4,6.486e-4,6.13e-4,5.755e-4,5.562e-4
CIV,CIV.9_1,MAIZ,0.26529801170325423,0.2053498242177331,0.15529205255338005,0.10873607664753235,0.07110687475294887,0.05122972702990395,18193.382548863035,18193.382548863035,18193.382548863035,18193.382548863035,18193.382548863035,18193.382548863035,1.458e-5,1.129e-5,8.536e-6,5.977e-6,3.908e-6,2.816e-6
CMR,CMR.10_1,MAIZ,413.2022017528966,427.5830685048483,413.1742905765881,405.08445605421906,412.3468909708073,425.1883737597236,61491.78423244351,61845.85381143101,64789.07517245452,64789.108391107235,64789.042230772815,64777.27815679079,0.00672,0.006914,0.006377,0.006252,0.006364,0.006564
CMR,CMR.1_1,MAIZ,0.674684571071171,0.6181800515089902,0.5625979036951001,0.9936495426928527,0.9564845726199862,1.1421706142997456,100234.02859291188,100812.15767346902,105612.73648996564,105612.73670097887,105612.73601799947,105593.53391407449,6.731e-6,6.132e-6,5.327e-6,9.408e-6,9.057e-6,1.082e-5
CMR,CMR.2_1,MAIZ,24.071180572809975,24.826500521116113,24.014784548112157,33.80289144534392,34.78522623487341,41.37609359861116,62182.319498820885,62540.974116529425,65519.11574112607,65519.11574112607,65519.11574112607,65507.203174627684,3.871e-4,3.97e-4,3.665e-4,5.159e-4,5.309e-4,6.316e-4
CMR,CMR.3_1,MAIZ,148.6625254776792,157.87331129772403,154.8226708747734,197.5986790586254,228.27240308609007,250.72741605588035,15889.352060311776,15981.05626225449,16742.00698674235,16742.084079608707,16741.8345557379,16738.867965453384,0.009356,0.009879,0.009248,0.0118,0.01363,0.01498
CMR,CMR.4_1,MAIZ,0.028134815233748747,0.023286078913267057,0.018634314546386956,0.014041228648617708,0.01089776691638136,0.006734663614609308,14109.409463691614,14190.785150234731,14864.616081947857,14857.263453269154,14858.580319080529,14855.729248250705,1.994e-6,1.641e-6,1.254e-6,9.451e-7,7.334e-7,4.533e-7
CMR,CMR.5_1,MAIZ,112.93058355556187,162.33073315625847,241.4992724721237,290.5201468385914,276.2931526346339,332.5540538696277,127760.62068894421,128497.51723672042,134616.4466289452,134616.4466289452,134616.4466289452,134591.97091137632,8.839e-4,0.001263,0.001794,0.002158,0.002052,0.002471
CMR,CMR.6_1,MAIZ,60.31909863297668,69.77585980798037,74.5115936087638,81.21400792574995,86.6776596942464,93.47644274037143,91493.66256667952,92021.37888274954,96403.34930573762,96403.34930573762,96403.34930573762,96385.82142404567,6.593e-4,7.583e-4,7.729e-4,8.424e-4,8.991e-4,9.698e-4
CMR,CMR.7_1,MAIZ,2.6698478588286068,2.3838225922207714,2.445248733889392,2.101461653797377,2.9963993308885293,3.135654109472093,241880.42238475004,243335.37708898244,254820.6696254198,254351.12697277518,254384.31855994812,254354.03300341516,1.104e-5,9.796e-6,9.596e-6,8.262e-6,1.178e-5,1.233e-5
CMR,CMR.8_1,MAIZ,0.1447215129735808,0.13428853206252622,0.12385555115147165,3.198837165707262,3.03089729517818,3.096649678160704,2708.831451979558,2724.455425428555,2854.1913980680097,2854.1913980680097,2854.1913980680097,2853.672454177452,5.343e-5,4.929e-5,4.339e-5,0.001121,0.001062,0.001085
CMR,CMR.9_1,MAIZ,177.0391092559564,177.45809033367053,175.6998616079449,172.33269298762755,167.91994387214572,185.9338410333928,174052.2473785241,175058.1772680107,183391.246703866,183376.95107627526,183377.7880391548,183345.02089512246,0.001017,0.001014,9.581e-4,9.398e-4,9.157e-4,0.001014
COD,COD.10_1,MAIZ,9.680015104099985,8.775638271888399,7.672114892090156,7.214556323421097,9.160459315552922,8.746377417610134,1443.0556784429345,1480.7987862580524,1507.3724297463982,1541.6188146127356,1576.0149082888377,1551.9431331377739,0.006708,0.005926,0.00509,0.00468,0.005812,0.005636
COD,COD.11_1,MAIZ,43.345132358575825,49.34659065496408,51.38469045038966,70.93334564592982,71.45540628424469,73.1262076593205,5969.795921061737,6114.231475080762,6233.87625277071,6383.69894699383,6536.01802854928,6430.325155437838,0.007261,0.008071,0.008243,0.01111,0.01093,0.01137
COD,COD.12_1,MAIZ,33.11505863878148,38.62023572565443,39.19578482732772,47.85086551404527,57.86820173429901,72.79260290132514,1005.1237861588702,1029.0378498953683,1049.5146457984395,1075.0182970646772,1101.0067708919319,1083.0027047575552,0.03295,0.03753,0.03735,0.04451,0.05256,0.06721
COD,COD.13_1,MAIZ,145.19371700012246,175.23489346250693,195.61738377376625,229.2550925350513,286.5736455467573,363.52459661362207,6312.587665223817,6477.838484926533,6594.1859884349215,6744.127090231265,6894.72366278671,6789.330100738291,0.023,0.02705,0.02967,0.03399,0.04156,0.05354
COD,COD.14_1,MAIZ,3.8355894320118638,3.7219144732180585,3.8727515171840863,3.9052654661762127,6.3690602082074435,6.699359757218496,7989.200113403263,8198.341267162132,8345.590467889146,8535.3556689452,8725.950432668838,8592.564521450868,4.801e-4,4.54e-4,4.64e-4,4.575e-4,7.299e-4,7.797e-4
COD,COD.15_1,MAIZ,15.268362110288066,15.742200015733415,15.189317280175326,15.567706775247139,18.972131061089083,18.486817475867277,6396.396335090503,6563.997968562433,6672.722533583168,6830.575361654479,6965.041637578021,6863.899612267756,0.002387,0.002398,0.002276,0.002279,0.002724,0.002693
COD,COD.16_1,MAIZ,471.7815071374142,476.15204812994943,513.5550842642645,547.1595238509967,698.0538482623542,756.9582819133652,2950.1863664110233,3027.4075514554293,3081.7763716164363,3151.8433739369534,3222.216675668697,3172.966597683781,0.1599,0.1573,0.1666,0.1736,0.2166,0.2386
COD,COD.17_1,MAIZ,60.84778232840184,63.32577775700487,68.1106514888767,80.00205813764342,88.29094886255304,85.85823585241032,4179.258311277509,4288.662869014215,4365.690911525619,4464.959647124598,4564.662338141393,4494.886369314451,0.01456,0.01477,0.0156,0.01792,0.01934,0.0191
COD,COD.18_1,MAIZ,56.073976809607835,46.96364654165512,41.77326142186068,36.67041390252178,35.360460486401855,30.988265086822715,50.30946920465138,51.626469690945996,52.55372511379577,53.748711646005326,54.94892208760329,54.108966360183636,1.115,0.9097,0.7949,0.6823,0.6435,0.5727
COD,COD.19_1,MAIZ,11.550782848120251,10.198735527074751,15.927695923010768,15.790235168841036,15.0048360756213,14.369633439115916,34193.604012496115,35121.489289827994,35712.14006610394,36584.293837357516,37561.73960533958,36932.83362406173,3.378e-4,2.904e-4,4.46e-4,4.316e-4,3.995e-4,3.891e-4
COD,COD.1_1,MAIZ,101.77139751881514,103.09577650880195,105.75000231505831,109.51217927983623,110.60527235209848,110.35140495716308,1371.4601275342964,1407.5865708814183,1433.59531544872,1466.6446716460684,1491.9218571263875,1471.8658864777726,0.07421,0.07324,0.07377,0.07467,0.07414,0.07497
COD,COD.20_1,MAIZ,68.26198834913859,88.55745095618371,98.20470541084022,105.76529326522312,117.61578483144775,127.17686930684059,1729.6072734333875,1775.0932477820133,1807.6507374743728,1849.1732176413225,1883.5264664143247,1857.2878252248345,0.03947,0.04989,0.05433,0.0572,0.06244,0.06847
COD,COD.21_1,MAIZ,2460.7712669083785,3519.023989581577,3797.4862131792856,3742.131460439985,3947.6537250623983,4087.823986703107,25203.29069826271,25863.062042118745,26327.584692488163,26926.231297747952,27527.494899548925,27106.706354042442,0.09764,0.1361,0.1442,0.139,0.1434,0.1508
COD,COD.22_1,MAIZ,19.382420570321038,20.736691817724022,22.897684451630745,40.21017285741053,41.32986750532202,40.913513541163645,16378.051377884007,16810.908486170905,17111.5282317231,17502.164786723653,17902.576614435795,17626.16180614502,0.001183,0.001234,0.001338,0.002297,0.002309,0.002321
COD,COD.23_1,MAIZ,368.7410103387644,405.1825908126602,453.86008199045835,507.00041695146416,556.9010737655369,596.8345359711202,7110.042934922228,7296.84995346342,7430.243519499568,7600.623473621295,7745.940177610763,7636.5286594752515,0.05186,0.05553,0.06108,0.06671,0.0719,0.07816
COD,COD.24_1,MAIZ,4.065233218129952,4.195578083755208,3.722877299136046,3.6734627027241853,5.181044092938405,5.411390288254712,8567.104432930299,8795.520676712309,8925.322145582997,9142.482775207274,9294.162982946082,9168.479354610905,4.745e-4,4.77e-4,4.171e-4,4.018e-4,5.575e-4,5.902e-4
COD,COD.25_1,MAIZ,583.1383096078515,627.5861209021704,641.1805604181534,709.6119297813134,776.5845005905226,763.052910646668,3446.9167966076325,3537.150129797513,3600.6803626203805,3682.553998234334,3764.785546211497,3707.2365887086435,0.1692,0.1774,0.1781,0.1927,0.2063,0.2058
COD,COD.26_1,MAIZ,106.85935852922482,112.61426025898922,113.93709078828101,111.5601893585999,109.52393983185524,106.31771086673132,116.68849354007251,119.74316307180857,121.89385239788875,124.66552104096235,127.44930609326386,125.50110091395153,0.9158,0.9405,0.9347,0.8949,0.8594,0.8471
COD,COD.2_1,MAIZ,60.85168744105309,71.01696913861859,73.12441090932755,81.58580913690841,255.37182816803323,287.783342491732,228.18142548594173,234.13612162158364,238.32862142751108,243.73164273201542,249.15828346063674,245.3605011695699,0.2667,0.3033,0.3068,0.3347,1.025,1.173
COD,COD.3_1,MAIZ,0.8718212268609141,0.8198397185433125,0.7974310779008245,0.9297401108815271,1.0983577606317743,1.2570365041505602,17402.17372648952,18039.508593495757,17128.459494585157,18141.00439311051,16245.874476157649,16715.945992306173,5.01e-5,4.545e-5,4.656e-5,5.125e-5,6.761e-5,7.52e-5
COD,COD.4_1,MAIZ,6.4060061912890145,6.307660692929348,5.981214876905634,5.808226233641613,5.907394969945138,5.567483869706952,11048.988212527767,11338.228450578565,11541.87270282447,11804.316181502478,12067.906937505577,11883.43548356213,5.798e-4,5.563e-4,5.182e-4,4.92e-4,4.895e-4,4.685e-4
COD,COD.5_1,MAIZ,2.361550316948971,2.581193160847701,3.022812597354036,4.024283228564721,5.2726078840606085,6.1526628036589095,3948.93980438179,4051.5131341213887,4127.454151083698,4214.813104530255,4309.931861030809,4243.949031929119,5.98e-4,6.371e-4,7.324e-4,9.548e-4,0.001223,0.00145
COD,COD.6_1,MAIZ,6.063578923628746,5.745761524716445,5.399624821603313,5.585658221987571,5.486123693285556,5.038917441269526,21503.4104209446,22026.699739046224,22904.212808816173,23440.682057732232,23945.651114167355,23564.06481180322,2.82e-4,2.609e-4,2.357e-4,2.383e-4,2.291e-4,2.138e-4
COD,COD.7_1,MAIZ,62.474084555246584,102.37032773889317,115.86251386263815,137.10701667312745,152.8424843981439,153.75309304535304,9632.496153218332,9884.653419276636,10062.191942044925,10290.9912903693,10520.791161514531,10359.968091383309,0.006486,0.01036,0.01151,0.01332,0.01453,0.01484
COD,COD.8_1,MAIZ,1.609768428205846,1.6110879492362273,1.5757510897310518,2.479221752396374,2.619627048009546,2.5686561905303043,7337.054172863102,7529.123460541798,7664.352938751058,7838.627902515787,8013.664713041827,7891.166885648433,2.194e-4,2.14e-4,2.056e-4,3.163e-4,3.269e-4,3.255e-4
COD,COD.9_1,MAIZ,166.36393191414555,253.33385438940957,285.6419394575231,311.57778267314006,315.1410845582011,387.4318216064292,4162.322004919644,4270.795011209427,4347.908149675514,4447.106279521847,4546.814058897314,4477.071930013958,0.03997,0.05932,0.0657,0.07006,0.06931,0.08654
COG,COG.11_1,MAIZ,10.371976795359432,13.723394786598009,14.789200733305588,15.360358108920844,15.44113790931151,16.377959278733968,317.75423617527326,318.01873474048097,318.20495921911794,318.44495322557515,318.6859963710056,318.5173046453362,0.03264,0.04315,0.04648,0.04824,0.04845,0.05142
COG,COG.12_1,MAIZ,24.872326584334044,24.14042517908162,24.272217104261447,23.462024267354142,29.01437123859335,28.065910576484765,70.40110496334285,70.7315399086313,73.47535531263253,73.47535531263253,73.47535531263253,73.46438005101652,0.3533,0.3413,0.3303,0.3193,0.3949,0.382
COG,COG.1_1,MAIZ,0.15671653691288928,0.13749257268765905,0.11554652004940291,0.10329621840316079,0.08617285088742797,0.0709465833285767,82.88370206722993,82.88670458919121,82.88881856317968,82.89154291548155,82.89427917734824,82.89236423081304,0.001891,0.001659,0.001394,0.001246,0.00104,8.559e-4
COG,COG.2_1,MAIZ,0,0,0,0,0,0,0.013029651979608856,0.013216904211575259,0.013348742164057785,0.013518646349860778,0.013689293275474995,0.01356986766679142,0,0,0,0,0,0
COG,COG.3_1,MAIZ,0.13006839285058336,0.1168508461653088,0.11890496448974576,0.11985162773101683,0.151204849574464,0.14108300103393737,7.217797087277857,7.187164241002688,7.1982841673661,7.201081831882215,7.195509829262032,7.196207448128636,0.01802,0.01626,0.01652,0.01664,0.02101,0.01961
COG,COG.4_1,MAIZ,1.9759453368840678,12.655110313551468,12.253013427650611,11.850576350252501,14.641808065295075,14.25660349487629,35.666304233790434,35.66974235912014,35.7978124823934,35.91852860640136,36.00755273859326,35.93294209519941,0.0554,0.3548,0.3423,0.3299,0.4066,0.3968
COG,COG.5_1,MAIZ,0.3424301962096441,0.30424790808115215,0.2746030905853221,0.24515178079189132,0.24006219366958384,0.23945713841133365,96.82691016012575,96.77831606860958,96.82849416762694,96.8670119079785,96.89594527411934,96.87234491867613,0.003537,0.003144,0.002836,0.002531,0.002478,0.002472
COG,COG.6_1,MAIZ,0.19324372477099744,0.16102563733127895,0.13410384885605003,0.1301983324594491,0.1290454923802911,0.12185190323360168,26.119389547383975,26.11914982537593,26.119236846054754,26.119258739604888,26.119215135049014,26.119220594371797,0.007398,0.006165,0.005134,0.004985,0.004941,0.004665
COG,COG.7_1,MAIZ,30.848188858608196,31.936094484763967,35.172830890723276,34.13939981322794,37.24538568982408,38.601143324853105,33.146148962082314,33.62042225378869,34.006455915703725,34.46131895474665,34.19858423955406,34.16740046936404,0.9307,0.9499,1.034,0.9907,1.089,1.13
COG,COG.8_1,MAIZ,0.7773499802935254,0.6714579813460194,0.5699744192893941,0.5647109544766352,0.4787107843898348,0.42771802411612875,68.03781904416559,68.05797241840656,68.26113319393828,68.45627965226288,68.60382212389663,68.48205529186716,0.01143,0.009866,0.00835,0.008249,0.006978,0.006246
COG,COG.9_1,MAIZ,9.832148201346552,10.89145941413244,11.90002743406161,17.075859106912382,36.91089649806779,38.01517100936277,138.7964393911248,138.8143654123221,138.82698651651933,138.84325177543894,138.85958813828861,138.84815529196,0.07084,0.07846,0.08572,0.123,0.2658,0.2738
COL,COL.10_2,MAIZ,62.43827868534729,55.035389023444495,48.83314747492,42.02850521050127,36.10448626783342,30.804771147091042,4198.827031654693,4675.475127194535,5791.312878073549,5202.273921916419,4490.285566616294,5046.866395927836,0.01487,0.01177,0.008432,0.008079,0.008041,0.006104
COL,COL.11_2,MAIZ,199.69845089623882,201.7392073617221,199.21903246939286,195.0500643913191,187.43007269193393,181.19629535527696,9902.723799446745,11026.874521560021,13658.522114720381,12269.303162388413,10590.114194182466,11902.782275812668,0.02017,0.0183,0.01459,0.0159,0.0177,0.01522
COL,COL.12_2,MAIZ,210.08421793025533,204.55230433816766,203.4335559681295,203.11408939776226,196.087831893629,195.74024218186673,49589.52004862883,55218.88989685496,68397.29855743404,61440.55589917165,53031.74063877457,59605.1422068192,0.004236,0.003704,0.002974,0.003306,0.003698,0.003284
COL,COL.13_2,MAIZ,8.675065871330641,8.107730763471272,7.904534012900318,8.832550175243526,8.097802815582567,7.525522368860855,3265.6794653208326,3636.3957947622043,4504.2412928318445,4046.1121522184744,3492.3581194122767,3925.2429609571764,0.002656,0.00223,0.001755,0.002183,0.002319,0.001917
COL,COL.14_2,MAIZ,84.63234289193768,80.40837577791886,72.12219273688004,71.5430419484311,65.27199219927843,61.086087354221675,94876.1445306558,105646.42233961771,130859.74570993976,117549.89876524986,101461.90333406445,114038.33070453031,8.92e-4,7.611e-4,5.511e-4,6.086e-4,6.433e-4,5.357e-4
COL,COL.15_2,MAIZ,92.11977007553273,81.46347535208679,69.77324427753982,59.49651258165003,52.70178724896638,44.22007414076791,15815.5885450042,17610.963801709455,21813.954450726666,19595.240105666195,16913.416160224122,19009.871508840744,0.005825,0.004626,0.003199,0.003036,0.003116,0.002326
COL,COL.16_2,MAIZ,39.693061044774545,35.42247495449006,31.827262662283772,28.239345664289417,24.832221031240334,22.00755345182044,18.619471778111027,20.71890520384577,25.633698934929214,23.039231265409672,19.903223452018462,22.354726789834988,2.132,1.71,1.242,1.226,1.248,0.9845
COL,COL.17_2,MAIZ,92.96073835161135,90.32549067062685,93.854218575793,88.92936610494583,83.21283968736444,76.58444768029254,2234.387629472863,2488.033850252364,3081.822079266493,2768.367548514739,2389.4860272189226,2685.668106270977,0.0416,0.0363,0.03045,0.03212,0.03482,0.02852
COL,COL.18_2,MAIZ,206.72628882261014,184.34307721790432,166.1431752045759,150.4628818734643,141.08562281136625,121.0701482693727,45972.85973465541,51191.66867197148,63408.95031302503,56959.576450871,49164.03247057482,55258.02305509622,0.004497,0.003601,0.00262,0.002642,0.00287,0.002191
COL,COL.19_2,MAIZ,29.584746754745037,27.229513354043757,23.61062284635255,23.847658574842434,23.154967883957866,24.59938528911648,8423.670466000956,9379.470206302643,11617.006540736253,10435.834756791714,9008.118394423913,10124.203441423542,0.003512,0.002903,0.002032,0.002285,0.00257,0.00243
COL,COL.1_2,MAIZ,14.006169656442976,12.81067568061704,11.453914636468792,10.34935736900879,9.130621090623396,8.484040404893808,29.72423957194215,33.09851578682897,40.997728681405896,36.82781767577884,31.787526116773176,35.727660298744176,0.4712,0.387,0.2794,0.281,0.2872,0.2375
COL,COL.20_2,MAIZ,152.70108180832236,140.9731355197285,131.01405131078704,128.09162777387212,117.93699062541712,107.76782724557333,19043.36066287809,21205.15049708855,26265.921176863314,23594.393818860925,20365.24174007039,22889.55850537579,0.008019,0.006648,0.004988,0.005429,0.005791,0.004708
COL,COL.21_2,MAIZ,614.8131823570891,676.7933964572821,669.7124231258567,696.0287230157372,674.244694127295,652.5570600811474,106727.95152878517,118843.63870845361,147206.57828466952,132234.0822310444,114136.39492440983,128283.85356578272,0.005761,0.005695,0.004549,0.005264,0.005907,0.005087
COL,COL.22_2,MAIZ,83.1697702034955,71.49930152820946,63.05622109421629,60.14164134091304,52.020218058200236,48.945125605130485,6508.695047997692,7285.117850976836,8953.053812452848,8033.157690337496,6929.959590880979,7788.047342866313,0.01278,0.009814,0.007043,0.007487,0.007507,0.006285
COL,COL.23_2,MAIZ,203.83630152232706,197.5107930237663,183.75386976408186,169.0958656919619,154.5796031966686,141.8411159471531,7177.437274335575,7991.326089965965,9896.647592341897,8890.848507287512,7675.110178192669,8625.486181390366,0.0284,0.02472,0.01857,0.01902,0.02014,0.01644
COL,COL.24_2,MAIZ,749.5708225003501,738.9879631215857,741.2023144703091,723.4513253998559,678.5154418108156,633.9535622981987,3717.271391876697,4140.545830487755,5126.2858053815,4604.568206227677,3974.2526670196967,4466.839248256701,0.2016,0.1785,0.1446,0.1571,0.1707,0.1419
COL,COL.25_2,MAIZ,1.6763387528573452,1.4176453528701793,1.2343626407428727,1.0661764771824382,0.8776432062155917,0.7718007787312895,2813.854379899726,3133.2812867940297,3881.062731206381,3486.316809495688,3009.176042111104,3382.1700693762164,5.957e-4,4.524e-4,3.18e-4,3.058e-4,2.917e-4,2.282e-4
COL,COL.26_2,MAIZ,4.370991771539028,3.7675947182930467,3.1777303708801545,2.7228439878915625,2.2302182908952966,1.9363227462319192,2620.8869678903766,2918.4083405147294,3614.908719670958,3247.2335303541963,2802.8139370659205,3150.228924900123,0.001668,0.001291,8.791e-4,8.385e-4,7.957e-4,6.147e-4
COL,COL.28_2,MAIZ,58.019807193456494,46.77207557700356,38.25395854085181,31.305084162191445,34.85916124996596,31.266903405293657,8724.580324050277,9714.988970201182,12033.545084267891,10809.603814898104,9330.190743396464,10486.68852612161,0.00665,0.004814,0.003179,0.002896,0.003736,0.002982
COL,COL.29_2,MAIZ,185.79665633102505,181.82163912263755,169.54251002366715,160.31786591426257,150.61001023341484,138.4447568476724,30456.008767934167,33913.35494283953,42007.03540839817,37734.46702724565,32570.09054109586,36607.225314636686,0.0061,0.005361,0.004036,0.004249,0.004624,0.003782
COL,COL.2_2,MAIZ,520.0263726224157,460.20103522525454,406.3929663595527,366.74544604487465,332.270176358944,294.49339216139765,19465.55531390443,21675.272408476343,26848.241263189673,24117.48567438358,20816.74272677788,23397.024038188087,0.02672,0.02123,0.01514,0.01521,0.01596,0.01259
COL,COL.30_2,MAIZ,231.8346474133812,203.5307375847458,175.72081144929135,149.63082495139878,122.54569255982494,100.15918087014373,111591.57933573307,124259.38235968833,153914.8304084618,138260.03279181838,119337.627930268,134129.79090879165,0.002078,0.001638,0.001142,0.001082,0.001027,7.467e-4
COL,COL.31_2,MAIZ,44.42974725634373,40.29870937807067,36.89764204263373,33.824708616721665,34.04641757965971,32.23290544039751,68514.94348846562,76292.7150145595,94500.55255285499,84888.82754266658,73270.85862895084,82352.94364449279,6.485e-4,5.282e-4,3.904e-4,3.985e-4,4.647e-4,3.914e-4
COL,COL.32_2,MAIZ,91.17498422784577,88.11668947719909,88.40166644454062,87.61256961292975,87.22864684856121,81.46064473707244,82.20035420316995,91.50942408737285,113.34917110555014,101.84732688604082,87.90926018400185,98.79920057287117,1.109,0.9629,0.7799,0.8602,0.9923,0.8245
COL,COL.33_2,MAIZ,37.02704969842308,39.288807784025344,45.74093862831151,46.54655302979078,47.642775928849964,46.985453243377364,564.6474891892735,628.6878268570973,778.6068698942131,699.4661914675396,603.8065735740972,678.58632111128,0.06558,0.06249,0.05875,0.06655,0.0789,0.06924
COL,COL.3_2,MAIZ,43.46606596356885,39.71447736271975,39.464168618161445,36.77410342378009,35.22702623236156,34.60949299698488,7076.949998461547,7877.100773780473,9750.261392380571,8761.439697984895,7566.222430062714,8500.55655678756,0.006142,0.005042,0.004047,0.004197,0.004656,0.004071
COL,COL.4_2,MAIZ,5.907842360397624,6.24424259566696,5.633746434412238,5.391265890944309,6.180435995437806,5.646659090362866,4163.777213999617,4636.446477187385,5742.969743471984,5158.847805293779,4452.802791273892,5004.737547663016,0.001419,0.001347,9.81e-4,0.001045,0.001388,0.001128
COL,COL.5_2,MAIZ,0.7826583144472988,0.8551433981883448,0.8695881404741463,1.4924158473351354,1.3930381155597886,1.2950546014064561,196.98113852438883,219.34230840042417,271.69002096862255,244.05621673131782,210.65444147699023,236.76552550405245,0.003973,0.003899,0.003201,0.006115,0.006613,0.00547
COL,COL.6_2,MAIZ,983.8059301899776,934.9844916191065,887.2262448482425,840.774768572614,795.5177911463292,735.8239979194703,54800.88541089316,61021.846043011785,75585.17438734983,67897.34726430732,58604.84915030043,65869.0498470797,0.01795,0.01532,0.01174,0.01238,0.01357,0.01117
COL,COL.7_2,MAIZ,37.46050970076375,34.45435913995045,30.343600820814725,28.02026594811672,26.804089437865482,25.056263146845613,4136.8161937830355,4606.424859607978,5705.783238191067,5125.443568509653,4423.970291381164,4972.331195625844,0.009055,0.00748,0.005318,0.005467,0.006059,0.005039
COL,COL.8_2,MAIZ,11.345701064896705,10.138510200423637,9.185039514398504,8.902573910493746,8.030845149478198,7.851109095769055,2005.96784335133,2233.6839995633604,2766.7696993995555,2485.359392276999,2145.2106472095443,2411.114252527808,0.005656,0.004539,0.00332,0.003582,0.003744,0.003256
COL,COL.9_2,MAIZ,70.17252152979165,71.83500083327928,80.04260843892449,77.9077348767646,80.4523003994016,80.98809132404452,5978.893971911043,6657.614101047434,8246.504415429397,7407.746010370555,6393.914563282536,7186.45441790489,0.01174,0.01079,0.009706,0.01052,0.01258,0.01127
CRI,CRI.1_1,MAIZ,5.34340717002624,4.384595857564479,3.6401140045462537,3.0447167439842175,2.7946283614850156,2.4923760109998176,738.6487346486691,481.0466222358298,506.8575404454174,507.2744379709295,542.08591527837,511.76594112872243,0.007234,0.009115,0.007182,0.006002,0.005155,0.00487
CRI,CRI.2_1,MAIZ,1.1052615620988104,1.2682341171265492,1.3102094080378772,1.4465814948324907,1.487823995520828,1.5463080677599372,62.83893500257782,26.70244851036838,29.715668720632316,32.44086052844455,35.63576019256264,32.2111948042076,0.01759,0.0475,0.04409,0.04459,0.04175,0.04801
CRI,CRI.3_1,MAIZ,22.245114576743536,19.86213639336683,17.812229621151186,15.714091766474773,13.966636228011064,11.615145770592385,2223.05242950563,944.6522770045077,1051.2509408549997,1147.6600265433124,1260.6859627730255,1139.5351443151494,0.01001,0.02103,0.01694,0.01369,0.01108,0.01019
CRI,CRI.4_1,MAIZ,0.9064640183910042,0.8669341158355846,0.9166209448484095,1.0446947326601765,1.2462348175382119,1.3203801790219047,74.69269252779252,31.739522260241007,35.321147739325625,38.56041195938009,42.357988386468335,38.287422747772666,0.01214,0.02731,0.02595,0.02709,0.02942,0.03449
CRI,CRI.5_1,MAIZ,9.506754371119326,10.016162059784254,10.157781820774243,10.170069330687655,10.507387980939965,10.437522141676668,384.70893079578696,172.41206430161097,185.82400656867873,201.48333746540524,219.68684484408902,200.12553419070403,0.02471,0.05809,0.05466,0.05048,0.04783,0.05215
CRI,CRI.6_1,MAIZ,51.348168344756864,49.367435276596446,46.085849667472466,44.454180912573925,41.05228471530439,39.78227250263733,1056.1632183224676,589.8095564716908,560.994532271991,590.6284767641588,622.926820537901,587.5296601213387,0.04862,0.0837,0.08215,0.07527,0.0659,0.06771
CRI,CRI.7_1,MAIZ,24.211533441703622,21.2590927827723,18.388827568339728,15.66245381480658,12.810444471188607,9.943050419399665,2204.423253185666,936.7360922147116,1042.441459407875,1138.0426370899274,1250.1214161285611,1129.9858413637285,0.01098,0.02269,0.01764,0.01376,0.01025,0.008799
CUB,CUB.10_1,MAIZ,1.9940788928350175,2.039598946426492,1.8200148680563588,1.7852646774050904,1.7561814305089916,1.5912848570547544,4110.002832981942,3814.469008555762,2669.319300640098,2395.5218824220374,3515.3303726202034,2905.3122473728367,4.852e-4,5.347e-4,6.818e-4,7.453e-4,4.996e-4,5.477e-4
CUB,CUB.11_1,MAIZ,8.603048875546607,7.84259179288868,6.944607272541674,6.153566593947959,5.702911973564968,5.432848131697231,8026.193920374392,7449.062497047992,5212.763886780929,4678.080271509159,6864.891439590813,5673.621270896962,0.001072,0.001053,0.001332,0.001315,8.307e-4,9.576e-4
CUB,CUB.12_1,MAIZ,1.5359696861528844,1.3142236539187362,1.0945124476044485,0.9912644305903706,0.8689110702690683,1.087876332550819,6660.807937090762,6181.85594522839,4325.988060556464,3882.262814971012,5697.061875370185,4708.446116322425,2.306e-4,2.126e-4,2.53e-4,2.553e-4,1.525e-4,2.31e-4
CUB,CUB.13_1,MAIZ,14.27021541396362,12.408069685290307,10.689122970542948,9.150643553244286,7.371782229052714,6.43110369661907,13929.725860944274,12928.09512632351,9046.924686975617,8118.963531667905,11914.246873091066,9846.757968530417,0.001024,9.598e-4,0.001182,0.001127,6.187e-4,6.531e-4
CUB,CUB.14_1,MAIZ,3.6751614623524267,3.251130277502318,2.820243972630784,2.408062223042847,1.9844058833048546,1.5985768368402595,4210.469253174522,3907.711291298203,2734.569122935646,2454.0788999716624,3601.2604005747494,2976.3307680154207,8.729e-4,8.32e-4,0.001031,9.812e-4,5.51e-4,5.371e-4
CUB,CUB.15_1,MAIZ,7.854462627422037,6.7303570234041725,5.649863186740646,4.58807384858471,4.273880458697584,3.3464062546299482,2256.148537696463,2093.9179425084762,1465.2984636545048,1314.999870237341,1929.7085189483323,1594.844637541555,0.003481,0.003214,0.003856,0.003489,0.002215,0.002098
CUB,CUB.16_1,MAIZ,11.165113097546344,9.833888589720102,8.512232510054599,7.196680006466838,5.89535034343314,4.614816349972256,5117.413426601135,4749.440745658711,3323.6012197759005,2982.6927968147265,4376.979671017282,3617.438845507432,0.002182,0.002071,0.002561,0.002413,0.001347,0.001276
CUB,CUB.1_1,MAIZ,23.085256588649447,24.699840244200647,23.522598666860212,25.913694852726465,25.13638743759584,24.235667645652658,15595.320031639383,14473.923098499883,10128.676415025979,9089.757821909274,13338.847783269903,11024.146729540687,0.00148,0.001707,0.002322,0.002851,0.001884,0.002198
CUB,CUB.2_1,MAIZ,4.069138046711377,3.9850832326893455,3.6791200710951983,3.6165926816652356,3.670462205483794,4.024033913468126,6343.35665214161,5887.231309340684,4119.813301958313,3697.2358136278162,5425.542319506665,4484.0435687850395,6.415e-4,6.769e-4,8.93e-4,9.782e-4,6.765e-4,8.974e-4
CUB,CUB.3_1,MAIZ,14.877392155387103,12.961161971880607,11.035834474817014,9.25041071344899,7.3183114698607845,5.418936571115698,2650.8348754964713,2460.2239682749355,1721.634992362963,1545.0434486275194,2267.288060206207,1873.8437277317528,0.005612,0.005268,0.00641,0.005987,0.003228,0.002892
CUB,CUB.4_1,MAIZ,0.3879741104616235,0.3222635269701931,0.25784396832474593,0.19598531854432666,0.14033074135233117,0.09478468069958032,136.10921599894706,126.32214801421932,88.39871212385067,79.33147945988725,116.41570101971863,96.21399018237445,0.00285,0.002551,0.002917,0.00247,0.001205,9.851e-4
CUB,CUB.5_1,MAIZ,9.121466879649617,8.283737662178721,7.4964621380228476,7.0902127886789375,6.203466968576444,5.973980598247897,16404.10557131434,15224.55211288911,10653.957525250085,9561.159798309418,14030.610900740214,11595.867633248889,5.56e-4,5.441e-4,7.036e-4,7.416e-4,4.421e-4,5.152e-4
CUB,CUB.6_1,MAIZ,6.151715495231211,5.751466496219246,5.2734597528935865,4.915255503192933,4.564954105849568,4.414462758109768,846.9676675862069,786.0656185758252,550.0792174553526,493.65649218656563,724.4207090565202,598.7113969898871,0.007263,0.007317,0.009587,0.009957,0.006302,0.007373
CUB,CUB.7_1,MAIZ,5.372740077475837,5.457271577922842,4.862798639877615,4.680818794227505,4.44631781677863,4.399709118095642,3261.7688941225674,3027.2281711968344,2118.417679287067,1901.1273419500512,2789.8266078950055,2305.705738241199,0.001647,0.001803,0.002295,0.002462,0.001594,0.001908
CUB,CUB.8_1,MAIZ,1.6005763828782518,1.4658099722554798,1.2833941738869687,1.1570982690298577,1.1373620850919481,1.0240891838084538,59.04071849890692,54.79533715881864,38.345114545443806,34.41197947190625,50.49817223847128,41.73518353127615,0.02711,0.02675,0.03347,0.03362,0.02252,0.02454
CUB,CUB.9_1,MAIZ,0.32138395800934294,0.37398795954624287,0.3746231749085553,0.3191240430614349,1.532134093160249,2.043351067182454,4806.145097058343,4460.554473645011,3121.4420988480565,2801.2695411563554,4110.7484645335035,3397.406955800963,6.687e-5,8.384e-5,1.2e-4,1.139e-4,3.727e-4,6.014e-4
CZE,CZE.10_1,MAIZ,0,0,0,0,0,0,20.97977730915304,25.110671317426494,16.251893635232094,12.898941460311972,18.101316281854828,15.948758387420364,0,0,0,0,0,0
CZE,CZE.11_1,MAIZ,0,0,0,0,0,0,2.7421990798384623,3.2821349228874555,2.124232641531558,1.6859790684206093,2.3659647154744357,2.0846108102143464,0,0,0,0,0,0
CZE,CZE.12_1,MAIZ,0.00111394454618161,9.966872255309193e-4,8.794299048802229e-4,7.621725842295264e-4,6.4491526357883e-4,5.276579429281336e-4,765.293156411239,915.9784981957125,592.8310293522653,470.52318425797733,660.293637458923,581.7733652408292,1.456e-6,1.088e-6,1.483e-6,1.62e-6,9.767e-7,9.07e-7
CZE,CZE.13_1,MAIZ,0.01911541099615207,0.018304762310018992,0.014950196940465468,0.009951162830754189,0.007224877700062929,0.006771341548391687,176.64745921311754,211.4291406431601,136.83918927075987,108.60769406302323,152.41112822525844,134.28682322154927,1.082e-4,8.658e-5,1.093e-4,9.162e-5,4.74e-5,5.042e-5
CZE,CZE.14_1,MAIZ,0.07431538503963651,0.06082261655315527,0.04869615520496326,0.03793600099506048,0.0271758467851577,0.020510357312930303,564.8138632448223,676.023026877272,437.5275153731865,347.2635297357812,487.31858361384667,429.3681621394478,1.316e-4,8.997e-5,1.113e-4,1.092e-4,5.577e-5,4.777e-5
CZE,CZE.1_1,MAIZ,0,0.00194322906842984,0.00391620166033431,0.00371026040735614,0.00350431915437797,0.0032983779013998,42.03975600048085,50.3173355768808,32.565914923837056,25.84719292608607,36.271830180233174,31.958485604385192,0,3.862e-5,1.203e-4,1.435e-4,9.661e-5,1.032e-4
CZE,CZE.2_1,MAIZ,0.12121231177577342,0.0969162583034191,0.07468478738967829,0.05279475664991684,0.03453163205210869,0.02243007920085721,3729.0702866196593,4442.004833002123,2900.290147744802,2322.077060518654,3216.414461144737,2847.074556199548,3.25e-5,2.182e-5,2.575e-5,2.274e-5,1.074e-5,7.878e-6
CZE,CZE.3_1,MAIZ,0,0,0,0,0,0,6.04354694039392,7.233514377936776,4.68160746453507,3.7157381152362565,5.214362050667675,4.594284702599038,0,0,0,0,0,0
CZE,CZE.4_1,MAIZ,0,0,0,0,0,0,193.08592166137714,231.1043174298087,149.57317301611246,118.71451081770485,166.59420574694036,146.7832888410196,0,0,0,0,0,0
CZE,CZE.5_1,MAIZ,0,0,0,0,0,0,239.60617000167565,286.7843491319874,185.6098819272823,147.3164330983046,206.7317971193137,182.14783013090837,0,0,0,0,0,0
CZE,CZE.6_1,MAIZ,0,0,0,0,0,0,43.048555624329296,51.04643761380928,35.535559779702425,29.837893328124757,39.53003588385451,35.333498976357255,0,0,0,0,0,0
CZE,CZE.7_1,MAIZ,0,0,0,0,0,0,172.6537496513104,198.43050137471462,171.34247954975675,164.06299934507567,189.9924159201984,176.0632384122633,0,0,0,0,0,0
CZE,CZE.8_1,MAIZ,0,0,0,0,0,0,426.6808856740179,510.6938610313224,330.52650025677076,262.3350899030782,368.1395445335706,324.36141975523014,0,0,0,0,0,0
CZE,CZE.9_1,MAIZ,0,0,0,0,0,0,273.9350341911759,327.87252717413617,212.20258790336916,168.42275863523852,236.35068292225696,208.2445208919701,0,0,0,0,0,0
DEU,DEU.10_1,MAIZ,0.16096739777938557,0.23734103616187752,0.21092110526719343,0.3426263496326468,0.3135678728158066,0.2877256772700656,9702.51477240215,10755.238811320029,9268.004353083876,10842.093303681022,12059.48394181481,11389.865233124046,1.659e-5,2.207e-5,2.276e-5,3.16e-5,2.6e-5,2.526e-5
DEU,DEU.11_1,MAIZ,0.01381472474852479,0.03409711941426331,0.02890751884759894,0.02371791828093458,0.02050184982120233,0.01925931346840219,2425.5168729611446,2692.444426926473,2315.3424304224786,2714.4665988887655,3023.14682461666,2853.3589621640344,5.696e-6,1.266e-5,1.249e-5,8.738e-6,6.782e-6,6.75e-6
DEU,DEU.12_1,MAIZ,2.858713332052526e-4,1.7152279992315155e-4,5.717426664105052e-5,0,0,0,49.98264310749378,55.637851620921204,44.874783125591634,52.71541983336252,59.19004491369917,55.12944770192697,5.719e-6,3.083e-6,1.274e-6,0,0,0
DEU,DEU.13_1,MAIZ,0.04383544233108935,0.04083060145707796,0.03860436653114052,0.07259096593318848,0.06997537433874254,0.0735533367967762,1116.824143060782,1239.73036218767,1066.0947678063296,1249.8706808995405,1392.0018330363305,1313.8234114374384,3.925e-5,3.294e-5,3.621e-5,5.808e-5,5.027e-5,5.598e-5
DEU,DEU.14_1,MAIZ,3.668489508199753e-4,1.812507878156481e-4,1.4817145105338686e-4,1.1509211429112565e-4,8.201277752886445e-5,6.0796458494324266e-5,1625.0124752050335,1803.713301544098,1553.552108378768,1820.3924276782193,2026.4626189812748,1912.8308242016005,2.258e-7,1.005e-7,9.538e-8,6.322e-8,4.047e-8,3.178e-8
DEU,DEU.15_1,MAIZ,2.197071229265933e-4,1.901938563426808e-4,1.6184707411277436e-4,1.3466677623687393e-4,1.0748647836097356e-4,8.030618048507316e-5,25.684368799155745,28.51092719635636,24.517710654199067,28.744131042418353,32.01281837516663,30.21489573447337,8.554e-6,6.671e-6,6.601e-6,4.685e-6,3.358e-6,2.658e-6
DEU,DEU.16_1,MAIZ,0.005500184116772891,0.004594692520769447,0.00395367641718738,0.00357713580602668,0.00320059519486597,0.00282405458370527,540.2142828795287,599.6647303287584,515.6761913238566,604.5696610066448,673.3193194944972,635.5039658212193,1.018e-5,7.662e-6,7.667e-6,5.917e-6,4.753e-6,4.444e-6
DEU,DEU.1_1,MAIZ,0.19103832229402726,0.17128879825181426,0.1548791320039425,0.13846946575607072,0.19342429256919663,0.1733549087284532,14418.067170772274,16007.697747024175,13709.373142611423,16074.60986495046,17911.653092960587,16891.73547566722,1.325e-5,1.07e-5,1.13e-5,8.614e-6,1.08e-5,1.026e-5
DEU,DEU.2_1,MAIZ,0.1415437192274749,0.14813325211894116,0.12965047009487798,0.11334111494722104,0.09762958397884958,0.08293926686926412,5455.322892797526,6055.650999577591,5207.50398935521,6105.141350315077,6799.363907696134,6417.511825380554,2.595e-5,2.446e-5,2.49e-5,1.856e-5,1.436e-5,1.292e-5
DEU,DEU.4_1,MAIZ,0.39795101923369547,0.3828842557755321,0.3509640764362484,0.3195397711709744,0.29168507359217166,0.26370252187966164,969.8530478445863,1076.3749419986727,929.562715556269,1088.2597612165473,1210.511221374087,1142.8130692532604,4.103e-4,3.557e-4,3.776e-4,2.936e-4,2.41e-4,2.307e-4
DEU,DEU.6_1,MAIZ,0,0,0,0,0,0,1.2225072776093018,1.3570438994039173,1.1669774694273471,1.3681437789145496,1.5237245558361712,1.4381482455902952,0,0,0,0,0,0
DEU,DEU.7_1,MAIZ,0.11964705768392607,0.10960108081421938,0.09955510394451265,0.08950912707480595,0.07946315020509921,0.06941717333539249,946.9573525062151,1051.1697735879936,903.9438170416294,1059.7677694503013,1180.2810484408933,1113.993413453428,1.263e-4,1.043e-4,1.101e-4,8.446e-5,6.733e-5,6.231e-5
DEU,DEU.8_1,MAIZ,0.012031204952101186,0.010416186822284002,0.036615834375229535,0.03429000580107315,0.036348710815444024,0.03385957016862397,88.3596158933072,98.0835696423617,84.34606717138733,98.88583978666661,110.13080980930741,103.94557881609883,1.362e-4,1.062e-4,4.341e-4,0.00034680000000000003,3.301e-4,3.257e-4
DEU,DEU.9_1,MAIZ,1.236002558190767,1.024977851642563,0.8304398119817269,0.6509821532614428,0.4961440733322957,0.37013535988834273,3342.9483033033544,3710.8389325027083,3191.1019450488293,3741.1915725700155,4166.627481020263,3932.618909963855,3.697e-4,2.762e-4,2.602e-4,1.74e-4,1.191e-4,9.412e-5
DMA,DMA.10_1,MAIZ,0.02526150029060141,0.0237305002729892,0.02219950025537699,0.02066850023776479,0.01913750022015258,0.01760650020254037,0.6098940545554072,0.6130973462616005,0.6125264625911898,0.6142073978429545,0.6158883330947192,0.614591343541108,0.04142,0.03871,0.03624,0.03365,0.03107,0.02865
DMA,DMA.1_1,MAIZ,0.0819653201485688,0.0764361203889284,0.07106028221034097,0.06589239309399662,0.06089975218886494,0.05602777201375574,7.173779407676247,7.211457604253226,7.204742678130596,7.224514405047229,7.244286131963859,7.229030503740938,0.01143,0.0106,0.009863,0.009121,0.008407,0.00775
DMA,DMA.2_1,MAIZ,2.2262748695879852e-4,1.929438220309587e-4,1.632601571031189e-4,1.335764921752791e-4,1.0389282724743928e-4,7.42091623195995e-5,1.476995358321045,1.484752848242544,1.4833703252862371,1.4874410873242514,1.4915118493622657,1.4883708980180663,1.507e-4,1.3e-4,1.101e-4,8.98e-5,6.966e-5,4.986e-5
DMA,DMA.3_1,MAIZ,4.3923830631275473e-4,4.1261780289986047e-4,3.859972994869663e-4,3.5937679607407207e-4,3.327562926611778e-4,3.061357892482836e-4,0.8418035721284995,0.846224901342487,0.8454369416805882,0.8477570451295124,0.8500771485784363,0.8482869844817569,5.218e-4,4.876e-4,4.566e-4,4.239e-4,3.914e-4,3.609e-4
DMA,DMA.4_1,MAIZ,0.03195551994089776,0.03007695019016259,0.02819838043942742,0.02631981068869224,0.02444124093795707,0.0225626711872219,3.2821532002059097,3.2993917583557173,3.296319540071593,3.3053655161304025,3.3144114921892123,3.3074317251588186,0.009736,0.009116,0.008555,0.007963,0.007374,0.006822
DMA,DMA.5_1,MAIZ,0.0038634687706521806,0.0026084143484321224,0.001353359926212054,5.965361308061146e-4,3.8878698626322025e-4,2.3188186576926555e-4,7.424169068851615,7.4631623645330505,7.456213064312598,7.476674892739489,7.497136721166381,7.481348618864638,5.204e-4,3.495e-4,1.815e-4,7.979e-5,5.186e-5,3.099e-5
DMA,DMA.6_1,MAIZ,0,0,0,0,0,0,0.15799234534461273,0.15882215433472227,0.15867426758400965,0.15910971190555231,0.15954515622709486,0.159209172592016,0,0,0,0,0,0
DMA,DMA.8_1,MAIZ,0.00402133280391148,0.00377761566428048,0.00353389852464948,0.00329018138501848,0.00304646424538748,0.00280274710575648,3.7673885390800486,3.7871756551719407,3.7836492384426923,3.794032576589923,3.804415914737153,3.7964042551003923,0.001067,9.975e-4,9.34e-4,8.672e-4,8.008e-4,7.383e-4
DMA,DMA.9_1,MAIZ,0,0,0,0,0,0,1.6987801908284554,1.7077025412847049,1.7061124194212147,1.7107944449081576,1.7154764703951,1.7118638754781146,0,0,0,0,0,0
DNK,DNK.1_1,MAIZ,0.001184261836974237,0.0010251618394252163,8.660618418761957e-4,7.069618443271751e-4,5.478618467781547e-4,3.8876184922913417e-4,19.309091313380588,22.563824567804318,30.249580583610424,20.345821048327196,31.23148326526659,28.502125264720995,6.133e-5,4.543e-5,2.863e-5,3.475e-5,1.754e-5,1.364e-5
DNK,DNK.2_1,MAIZ,0.9191167143423457,0.8067906637789386,0.6944872501653813,0.5821660334955977,0.46983144092966733,0.3574968483637369,433.58127182897186,506.66556984247694,679.2474803123464,456.86080320233947,701.2958826226994,640.0087669347085,0.00212,0.001592,0.001022,0.001274,6.699e-4,5.586e-4
DNK,DNK.3_1,MAIZ,0.8588830725444436,0.7469286520680869,0.6349742315917302,0.5230198111153734,0.4110653906390167,0.29911097016266,54.149620960948624,63.27706094223397,84.8306787847179,57.056983160194186,87.5842862522726,79.93018700971218,0.01586,0.0118,0.007485,0.009167,0.004693,0.003742
DNK,DNK.4_1,MAIZ,0.006211459241748521,0.0053107380165052865,0.0044100167912620525,0.0035092955660188086,0.00260857434077558,0.0017078531155323418,283.88077054302124,331.7316077047644,444.72699959359727,299.1226911090895,459.16285705280615,419.03604633407895,2.188e-5,1.601e-5,9.916e-6,1.173e-5,5.681e-6,4.076e-6
DNK,DNK.5_1,MAIZ,0.07266154088701457,0.06936064225242268,0.06137762903230657,0.05339461581219043,0.05675603138759043,0.0537715903433505,535.783992994316,626.0955436977978,839.3580416836613,564.5509187926685,866.6036396753702,790.8700743765237,1.356e-4,1.108e-4,7.312e-5,9.458e-5,6.549e-5,6.799e-5
DOM,DOM.10_1,MAIZ,8.421295720961933,7.366883182082965,6.770448944647213,5.80460443911831,4.824422251076609,3.918434468348502,1094.6373183077408,1260.9059854855113,1380.7484884243927,1703.7282248498295,1868.6608545091692,1772.3434315149736,0.007693,0.005843,0.004903,0.003407,0.002582,0.002211
DOM,DOM.11_1,MAIZ,1.8065959966651466,1.744135105128719,1.6801935799328764,3.4410433101837046,3.2518893814619445,3.0158346737282944,5307.3871967582145,5680.503879167725,6521.271624137477,8473.772523496546,9492.480559412454,8851.949604609148,3.404e-4,3.07e-4,2.576e-4,4.061e-4,3.426e-4,3.407e-4
DOM,DOM.12_1,MAIZ,4.377598705795409,3.6590112407198645,2.9784443337368285,2.5855020947495677,2.0194530019979786,1.5422333255937353,483.03184633635084,563.5040137665272,612.1274304541229,748.3094683851914,817.4970868203185,777.8412049304588,0.009063,0.006493,0.004866,0.003455,0.00247,0.001983
DOM,DOM.13_1,MAIZ,0.06916048898825429,0.06381685171506712,0.05856824474711204,0.05341884087445185,0.04827360979185445,0.04312837870925706,325.6882812518407,348.5846192229175,400.1784057019671,519.9937947965,582.506902850411,543.2006645782324,2.124e-4,1.831e-4,1.464e-4,1.027e-4,8.287e-5,7.94e-5
DOM,DOM.14_1,MAIZ,15.10689326099477,12.793188413034224,10.642513121166573,8.745767728502067,6.812787875070621,5.133493048509575,1577.3058938352603,1688.1926862313853,1938.0610056744044,2518.326032910178,2821.076544523304,2630.716728527161,0.009578,0.007578,0.005491,0.003473,0.002415,0.001951
DOM,DOM.15_1,MAIZ,8.519984711424772,9.339164394494544,9.02812868820603,8.876341783779393,9.095288693663965,10.034169241212211,1773.2666656190158,1897.9297721109017,2178.841143452564,2831.1969319164964,3171.560454515956,2957.5507830256993,0.004805,0.004921,0.004144,0.003135,0.002868,0.003393
DOM,DOM.16_1,MAIZ,6.226083438897741,6.063006729834907,5.88936411035254,6.810417195449366,6.4334313398956455,6.046259748013009,76.81290836492761,82.21296237885998,94.38125034360381,122.63946236109403,137.3830497634263,128.11275466110965,0.08106,0.07375,0.0624,0.05553,0.04683,0.04719
DOM,DOM.17_1,MAIZ,3.947829400368612,3.7514475676205614,3.5050098537942462,3.4941981774520547,3.205151972264276,3.208812286187366,8054.776545999415,8621.038510875265,9897.032905433793,12860.25338797298,14406.299547923121,13434.19528635961,4.901e-4,4.352e-4,3.541e-4,2.717e-4,2.225e-4,2.389e-4
DOM,DOM.18_1,MAIZ,3.9411194570816175,3.9959258802010824,3.8038718585301177,8.178525664199526,8.068069543272609,7.721103723845934,483.36785597622224,517.3492867856055,593.9218237409316,771.7449481007487,864.5233154840797,806.1872524022701,0.008153,0.007724,0.006405,0.0106,0.009332,0.009577
DOM,DOM.19_1,MAIZ,0.5921665193825724,0.508848842536619,0.43806680423501976,0.4483590589339495,0.3849057954419325,0.35446232896918245,75.10157503618147,83.95865488209076,93.71042021593905,118.14602709601903,130.75177698034858,123.12155709748647,0.007885,0.006061,0.004675,0.003795,0.002944,0.002879
DOM,DOM.1_1,MAIZ,7.721594085094118,7.5724899280560205,6.925245167127546,6.60609273046685,6.159844232614979,6.168658962217153,615.4904739886695,658.7603081265634,756.2629998807848,982.6918733467812,1100.8300586039124,1026.5485550390124,0.01255,0.0115,0.009157,0.006722,0.005596,0.006009
DOM,DOM.20_1,MAIZ,1.226472207686519,1.250509260689421,1.2932742541474405,1.4479844612216595,1.453207652859433,1.7050293449437368,571.2404253374079,611.3994196708679,701.8922566245865,912.0422613016159,1021.6870243757484,952.7459123937343,0.002147,0.002045,0.001843,0.001588,0.001422,0.00179
DOM,DOM.21_1,MAIZ,3.429408643152328,3.1609104971079285,2.8852825552476906,2.9407196130711046,2.6654461385106303,2.53821770460721,211.3390562327905,226.19648505827743,259.6756820992266,337.42386252523033,377.98860500694144,352.48279537641304,0.01623,0.01397,0.01111,0.008715,0.007052,0.007201
DOM,DOM.22_1,MAIZ,0.11970812173234188,0.1490303061421728,0.14806960425746774,0.181855188694096,0.19393772941654605,0.1885196652154132,129.83035804791515,138.9576123210659,159.52463962053167,207.28710379640708,232.20694177808582,216.53814654609653,9.22e-4,0.001072,9.282e-4,8.773e-4,8.352e-4,8.706e-4
DOM,DOM.23_1,MAIZ,8.76968896811313,9.516354949901356,9.203734813953822,13.571011105040533,12.868976573974663,12.116160894464857,56.172964569104266,60.122001902188444,69.02062093979683,89.68573538779356,100.46766033246666,93.68833157884612,0.1561,0.1583,0.1333,0.1513,0.1281,0.1293
DOM,DOM.24_1,MAIZ,2.1336908114639783,2.1230957823031957,2.0209773605652193,2.213989774722763,2.0556303768479722,1.9451111240483767,159.8618064047315,171.10031315738706,196.42476104387134,255.23530363421682,285.9194238581953,266.6262327460887,0.01335,0.01241,0.01029,0.008674,0.00719,0.007295
DOM,DOM.25_1,MAIZ,9.111001778823965,7.884981765206213,6.696431917925142,5.5108892428073,4.343287456342086,3.203044579403052,10.879076931949259,11.643891131864068,13.367296008940748,17.36953038648942,19.457677092780873,18.144717386570555,0.8375,0.6772,0.501,0.3173,0.2232,0.1765
DOM,DOM.26_1,MAIZ,10.75528732716107,8.991256627586989,7.347846060094589,6.35656021025376,5.024774880858592,3.819026062274767,3344.585712194335,3579.714727414939,4109.546014044504,5339.964366606321,5981.929276176705,5578.282321426189,0.003216,0.002512,0.001788,0.00119,8.4e-4,6.846e-4
DOM,DOM.27_1,MAIZ,0.2723743050235314,0.2814036225811379,0.26261921162485574,0.24407199840610339,0.28576140164639785,0.3360735863726648,369.2714955672199,395.2317939638767,453.72979893311987,589.5787393765564,660.4572764086361,615.8911245775073,7.376e-4,7.12e-4,5.788e-4,4.14e-4,4.327e-4,5.457e-4
DOM,DOM.28_1,MAIZ,2.1711422677394276,2.0662621724370704,2.0156078344254396,4.0709800535836544,3.900639999204896,3.6974624508233123,1732.2366963079148,1854.0153390399166,2128.4269632376468,2765.68849740833,3098.1766647904183,2889.118764189318,0.001253,0.001114,9.47e-4,0.001472,0.001259,0.00128
DOM,DOM.29_1,MAIZ,10.98910295751986,11.828633380231565,11.448169923878414,11.44112572349435,11.331347932107539,11.281306290496772,1805.7995823142808,1932.7497979799343,2218.8148590738488,2883.1389752198234,3229.7469157297555,3011.81095444363,0.006085,0.00612,0.00516,0.003968,0.003508,0.003746
DOM,DOM.2_1,MAIZ,4.25930676535355,3.6388995811836793,3.040850949646947,2.4577973331244203,1.8912637368468248,1.3365482848629353,1094.8299593527818,1171.798024257819,1345.2351001532068,1748.0051263512673,1958.1484673600794,1826.0170713993998,0.00389,0.003105,0.00226,0.001406,9.658e-4,7.319e-4
DOM,DOM.30_1,MAIZ,25.224312921444287,23.852169886179503,21.07389650120735,18.30508652277321,15.861780002841522,13.502753773767383,2353.218535259471,2518.6530627039515,2891.4372911694413,3757.1478821150185,4208.828255764662,3924.826116977566,0.01072,0.00947,0.007288,0.004872,0.003769,0.00344
DOM,DOM.31_1,MAIZ,0.8769505747423877,0.7829175347589217,0.685412821718266,0.793966138280403,0.7732053367117574,0.6723621541407769,214.50511902248348,229.5851264540898,263.5658741401,342.47879725683464,383.651238684657,357.76332743868824,0.004088,0.00341,0.002601,0.002318,0.002015,0.001879
DOM,DOM.32_1,MAIZ,1.5850830357167525,1.8018259004611987,1.7033076491137835,1.6283882463167914,1.5009169481818698,1.477558270520421,2240.5642943047465,2398.079072334663,2753.017221624578,3577.284160802094,4007.34150671962,3736.935234570151,7.074e-4,7.514e-4,6.187e-4,4.552e-4,3.745e-4,3.954e-4
DOM,DOM.3_1,MAIZ,4.005654654736839,4.070168453952954,3.9586072581286684,4.418816646240482,4.361757676037856,4.359493811212908,1140.338109586844,1220.505460582841,1401.1516929673971,1820.6634229391047,2039.54166807766,1901.9180444275137,0.003513,0.003335,0.002825,0.002427,0.002139,0.002292
DOM,DOM.4_1,MAIZ,4.519452846047792,4.218603108880293,3.8855189995329376,3.865811479601587,3.8309740847087896,3.628256443011814,1119.0971954414333,1222.613871066862,1384.9964733519512,1774.5201860278655,1976.7564133697526,1851.6514192463512,0.004038,0.00345,0.002805,0.002179,0.001938,0.001959
DOM,DOM.6_1,MAIZ,5.301973998006732,6.570397883739969,6.5033454960530355,10.125882663851211,10.180514259752988,9.772586458941577,608.223959556621,650.9829476497374,747.3345172554647,971.090158971487,1087.833598307396,1014.4290662643953,0.008717,0.01009,0.008702,0.01043,0.009359,0.009634
DOM,DOM.7_1,MAIZ,0.4995534603981575,0.4624055972640785,0.46173693722150916,0.532474034566025,0.49257169476809165,0.4588640906097352,355.3117757285267,380.2906864554162,436.57726766112535,567.2906556134044,635.4897426163817,592.6083430645903,0.001406,0.001216,0.001058,9.386e-4,7.751e-4,7.743e-4
DOM,DOM.8_1,MAIZ,0.8557064344806107,0.8830355592712016,0.9127007191800618,0.9600850792505589,1.0123373388518715,1.0066906745962592,124.78402313560433,133.5565130640774,153.3241271179489,199.23012725804185,223.181363979531,208.1215941681129,0.006857,0.006612,0.005953,0.004819,0.004536,0.004837
DOM,DOM.9_1,MAIZ,2.9678406285298093,2.7644965446953687,2.7763430035281114,4.40711504795201,4.214149735119594,3.9441132694585748,231.86912403523294,248.16984510681198,284.9013051107646,370.2021615263128,414.70747669904995,386.7239612889796,0.0128,0.01114,0.009745,0.0119,0.01016,0.0102
DZA,DZA.10_1,MAIZ,0.12335521944813502,0.1422611052397293,0.24557762631907562,0.2740841551899051,0.3172745781673241,0.395867299009704,57.886511847357404,332.31278813085555,197.68755986368564,215.6591562149298,215.6591562149298,231.42826154694365,0.002131,4.281e-4,0.001242,0.001271,0.001471,0.001711
DZA,DZA.11_1,MAIZ,0,0,0,0,0,0,0.06720032705066328,0.3857812007121436,0.22949506288646263,0.2503582504215956,0.2503582504215956,0.268664570871548,0,0,0,0,0,0
DZA,DZA.12_1,MAIZ,0.08372450419636164,0.08090419297152922,0.07592789202158073,0.0726960540227575,0.07331607171494814,0.06733574006553143,2.9408430082127563,16.882684900609153,10.043239084241018,10.95626081917202,10.95626081917202,11.757388088400294,0.02847,0.004792,0.00756,0.006635,0.006692,0.005727
DZA,DZA.13_1,MAIZ,0.06609372326281736,0.0636006459042888,0.061459512854254834,0.061311904360692955,0.05622794774058497,0.05159404615245558,22.393805066598603,128.5575440814886,76.47682574746496,83.42926445177996,83.42926445177996,89.52965398312638,0.002951,4.947e-4,8.036e-4,7.349e-4,6.74e-4,5.763e-4
DZA,DZA.14_1,MAIZ,0.06231360921079929,0.07047305535240259,0.08665074939981664,0.08087981668640981,0.07510888397300301,0.07027674993169263,16.640516384322282,95.52927304020594,56.82883583593452,61.9950936392013,61.9950936392013,66.52820588364655,0.003745,7.377e-4,0.001525,0.001305,0.001212,0.001056
DZA,DZA.15_1,MAIZ,0.011783958841923672,0.01214605977418995,0.013838698337261758,0.014034342092689986,0.01320572580284689,0.012054679008405457,8.88858875818688,51.02728802472326,30.355317087878202,33.11489136859441,33.11489136859441,35.536268782911726,0.001326,2.38e-4,4.559e-4,4.238e-4,3.988e-4,3.392e-4
DZA,DZA.16_1,MAIZ,0,0,0,0,0,0,0.1922899316041312,1.1038910665296462,0.6566871305946735,0.7163859606487346,0.7163859606487346,0.7687684602843508,0,0,0,0,0,0
DZA,DZA.19_1,MAIZ,0.06336994739307829,0.07075553847511294,0.07632202509291841,0.0728241234432032,0.07185766965605768,0.06739397188412802,22.624588556972498,129.8824175743491,77.2649717872392,84.28906013153367,84.28906013153367,90.45231835288152,0.002801,5.448e-4,9.878e-4,8.64e-4,8.525e-4,7.451e-4
DZA,DZA.21_1,MAIZ,0.4045976163815255,0.3979909511562443,0.37260402844755364,0.3582272668431899,0.3594702548420838,0.3447078505660813,42.74812424166844,245.40688151278832,145.98862671789905,159.26032005588988,159.26032005588988,170.90551428853666,0.009465,0.001622,0.002552,0.002249,0.002257,0.002017
DZA,DZA.23_1,MAIZ,0.8266137078419472,0.7693184547799499,0.7154961169466747,0.6577053637027681,0.6023558552275471,0.5477584019986653,3.7744421904549927,21.66818085802647,12.890054049986002,14.061877145439277,14.061877145439277,15.090088633252376,0.219,0.0355,0.05551,0.04677,0.04284,0.0363
DZA,DZA.24_1,MAIZ,3.5867831433791336e-4,3.391306382314287e-4,3.19582962124944e-4,3.000352860184592e-4,2.8048760991197455e-4,2.609399338054898e-4,1.1018429301505517,6.32541993834643,3.7628910995517133,4.104972108601869,4.104972108601869,4.405129721668894,3.255e-4,5.361e-5,8.493e-5,7.309e-5,6.833e-5,5.924e-5
DZA,DZA.27_1,MAIZ,0,0.00863325219796906,0.008235605900564541,0.007790562988640867,0.007345520076717194,0.012560168161827957,8.190844297026974,47.02170192372734,27.972458015304785,30.515408743968855,30.515408743968855,32.74671068903224,0,1.836e-4,2.944e-4,2.553e-4,2.407e-4,3.836e-4
DZA,DZA.28_1,MAIZ,0.032499711324350394,0.0310583251016889,0.02997354677462843,0.029560519477385822,0.02957181039593506,0.0336327755000732,2.9460182112839775,16.91239451873705,10.060912860640718,10.975541302517147,10.975541302517147,11.778078370327858,0.01103,0.001836,0.002979,0.002693,0.002694,0.002856
DZA,DZA.29_1,MAIZ,6.861057686134056e-4,5.673504682345628e-4,5.020627008297981e-4,4.45697768880264e-4,0.0033510936538369046,0.01396340337657427,2.932120688222192,16.83261212229635,10.013451589706335,10.92376537058873,10.92376537058873,11.72251655636887,2.34e-4,3.371e-5,5.014e-5,4.08e-5,3.068e-4,0.001191
DZA,DZA.2_1,MAIZ,0.05763320679963411,0.07397434326081442,0.06828532084868649,0.06259629843655858,0.05866018572017816,0.052889835283438415,11.490685667564925,65.96531160476344,39.24170827172126,42.8091362964232,42.8091362964232,45.939361746985824,0.005016,0.001121,0.00174,0.001462,0.00137,0.001151
DZA,DZA.30_1,MAIZ,0.004118261100160738,0.0038785697297499724,0.0036388783593391963,0.00339918698892843,0.0031594956185176533,0.0032869909402242913,17.273685481064526,99.16414723078675,58.99116432527469,64.3539974457542,64.3539974457542,69.05959391598651,2.384e-4,3.911e-5,6.169e-5,5.282e-5,4.91e-5,4.76e-5
DZA,DZA.32_1,MAIZ,0.0028251948441611816,0.002601183127431855,0.0023771714107025384,0.0022239187837372735,0.0023812132999078304,0.005215490801600095,4.484127004892823,25.742313706138834,15.313690485507932,16.705844166008653,16.705844166008653,17.927383844349297,6.3e-4,1.01e-4,1.552e-4,1.331e-4,1.425e-4,2.909e-4
DZA,DZA.34_1,MAIZ,0.0014974093420352828,0.001232885208020713,0.0010379647304874797,8.909426772880354e-4,7.918190484223799e-4,6.926954195567242e-4,4.119764032195105,23.650591965016975,14.069358694239723,15.348391302806974,15.348391302806974,16.470673349063876,3.635e-4,5.213e-5,7.377e-5,5.805e-5,5.159e-5,4.206e-5
DZA,DZA.35_1,MAIZ,0,0,0,0,2.4597532906337177e-4,7.886582597463016e-4,9.198621728209762,52.80711405660562,31.414107112793346,34.2699350321382,34.2699350321382,36.775769816655675,0,0,0,0,7.178e-6,2.145e-5
DZA,DZA.36_1,MAIZ,0,0,0,0,0,6.035320885205753e-5,0.1203529997278073,0.6909181365932582,0.4110161431250793,0.448381247045541,0.448381247045541,0.48116710802013474,0,0,0,0,0,1.254e-4
DZA,DZA.37_1,MAIZ,0.01256000364045227,0.011545241747561236,0.010530479854670212,0.009515717961779177,0.013770141353778386,0.01305116819788951,2.3193235557723315,13.314688565596455,7.920695160973501,8.640758357425637,8.640758357425637,9.272574928899783,0.005415,8.671e-4,0.001329,0.001101,0.001594,0.001408
DZA,DZA.38_1,MAIZ,0.004183216624577124,0.003930329683189616,0.003677442741802117,0.003442528719704724,0.003188720090148502,0.01480015064902188,7.60323463231919,43.64837366849244,25.965719017544583,28.326238928230453,28.326238928230453,30.397467681782143,5.502e-4,9.005e-5,1.416e-4,1.215e-4,1.126e-4,4.869e-4
DZA,DZA.39_1,MAIZ,2.593611410246529,2.439309902979233,2.4164045867772086,2.4085654637443352,2.2810595155190594,2.116944574592498,45.68864296752376,262.28770478499905,156.03075834919633,170.21537274457782,170.21537274457782,182.66160590734782,0.05677,0.0093,0.01549,0.01415,0.0134,0.01159
DZA,DZA.3_1,MAIZ,0.0034317871303750414,0.0031508080008412673,0.002869828871307503,0.0029812837234630472,0.0026801797743554625,0.003949745146471191,14.855551077949782,85.28220893584894,50.73302137766147,55.34511423017615,55.34511423017615,59.391976655243774,2.31e-4,3.695e-5,5.657e-5,5.387e-5,4.843e-5,6.65e-5
DZA,DZA.40_1,MAIZ,0.047096899643225026,0.044239694977309486,0.05221104350432578,0.06327788141720371,0.06370360013104101,0.061121312921089285,5.884085032975117,33.779141988433054,20.094671022268326,21.921459297019993,21.921459297019993,23.524367361547753,0.008004,0.00131,0.002598,0.002887,0.002906,0.002598
DZA,DZA.42_1,MAIZ,0,0,0,0,0,0,0.018684362755365197,0.10726251217306981,0.06380875203632945,0.06960954767599577,0.06960954767599577,0.07469943260683845,0,0,0,0,0,0
DZA,DZA.43_1,MAIZ,0.0010352945896492734,9.596538606488279e-4,8.840131316483825e-4,8.08372402647937e-4,7.327316736474914e-4,0.0033693131078831946,2.3273879239800497,13.36098419817296,7.94823569195298,8.670802573039614,8.670802573039614,9.304815992581561,4.448e-4,7.183e-5,1.112e-4,9.323e-5,8.451e-5,3.621e-4
DZA,DZA.45_1,MAIZ,0.04010462818630344,0.05298570428031445,0.05075366979741412,0.047600090467167365,0.046313652573749385,0.05614394438862953,16.479909748824348,94.60726829106211,56.280349964938786,61.396745416296866,61.396745416296866,65.88610613950922,0.002434,5.601e-4,9.018e-4,7.753e-4,7.543e-4,8.521e-4
DZA,DZA.46_1,MAIZ,0,0,0,0,0,0,0.022601712068258034,0.12975108905748506,0.07718684655412553,0.0842038326045006,0.0842038326045006,0.09036085894645801,0,0,0,0,0,0
DZA,DZA.47_1,MAIZ,0.12041557393125397,0.13006246860008874,0.13715925263405196,0.13187788773041542,0.14017021864304666,0.13227242386553417,5.627913590635671,32.30852226154741,19.219822880159075,20.967079505628085,20.967079505628085,22.500202842619373,0.0214,0.004026,0.007136,0.00629,0.006685,0.005879
DZA,DZA.48_1,MAIZ,0.009215166214621132,0.00834696308350622,0.007478759952391326,0.007299846235483997,0.007415339290191911,0.009645104888407207,11.205015720235226,61.635044409022285,36.81559106161633,39.54532839023748,40.91066069949206,43.37630469134448,8.224e-4,1.354e-4,2.031e-4,1.846e-4,1.813e-4,2.224e-4
DZA,DZA.4_1,MAIZ,0.002666672198948256,0.009820279842031656,0.032899078693817425,0.03190793965735323,0.03199713445965769,0.031458858378473786,17.51690533205793,100.56041493172404,59.8217816369566,65.26012542213448,65.26012542213448,70.03197842306369,1.522e-4,9.766e-5,5.5e-4,4.889e-4,4.903e-4,4.492e-4
DZA,DZA.5_1,MAIZ,0.13401065808653487,0.13247575117056348,0.13589737279151973,0.1435893141502695,0.13493071819306304,0.12485183988202542,19.120423052395406,109.76583131382907,65.29793653410415,71.23411258265908,71.23411258265908,76.44278651175942,0.007009,0.001207,0.002081,0.002016,0.001894,0.001633
DZA,DZA.6_1,MAIZ,0,0,0,0,0,0,0.09770837544574103,0.5609206986548269,0.333682747563847,0.364017542796924,0.364017542796924,0.39063468753500674,0,0,0,0,0,0
DZA,DZA.8_1,MAIZ,0.03994119276498666,0.0374659913957209,0.04534101485111413,0.047509557207442016,0.06219903136579536,0.058152635076021184,3.2516156220458585,18.666757052856248,11.104555058213116,12.114060063505217,12.114060063505217,12.999846192378756,0.01228,0.002007,0.004083,0.003922,0.005134,0.004473
ECU,ECU.10_1,MAIZ,190.64753921885338,166.167325558905,150.4818405086112,137.56443526754106,152.7148177666006,179.22193759225465,262051.9454268513,341274.0996899108,329578.4387901617,283840.9733429218,240025.47131771312,268596.85287679854,7.275e-4,4.869e-4,4.566e-4,4.847e-4,6.362e-4,6.673e-4
ECU,ECU.11_1,MAIZ,65.73147293196689,62.31887576490384,60.183423228863866,60.904847516700116,63.23839651001028,62.22517557070428,10238.754001758289,13334.07980698202,12877.113175250064,11090.083292241896,9378.14734012022,10494.473138798583,0.00642,0.004674,0.004674,0.005492,0.006743,0.005929
ECU,ECU.12_1,MAIZ,171.04390856923763,196.79669596683922,187.84114647736638,203.97696803958166,190.63981700093987,204.54424563877555,31563.116561264833,40865.51463934726,39531.00805738068,34245.86309784485,29193.688099484905,32476.437497200506,0.005419,0.004816,0.004752,0.005956,0.00653,0.006298
ECU,ECU.13_1,MAIZ,232.46574839204058,196.45071667742891,169.27616560290818,139.5191819894426,111.56504737961951,86.76255405528119,186234.36270065213,242535.74747732808,234223.9070501189,201719.32970292465,170580.6480847352,190885.67969770875,0.001248,8.1e-4,7.227e-4,6.917e-4,6.54e-4,4.545e-4
ECU,ECU.14_1,MAIZ,108.8851419810703,99.79389693343474,92.9883270967842,85.71596559683218,82.64045113598218,80.9364314286471,158679.88016422727,206651.13992472104,199569.08576560902,171873.75412301533,145342.22580571717,162643.00712423483,6.862e-4,4.829e-4,4.659e-4,4.987e-4,5.686e-4,4.976e-4
ECU,ECU.15_1,MAIZ,239.6249324919718,249.13071335668423,246.7656137114974,243.7628469698907,259.30402029622354,270.13320306964783,4471.250324421133,5822.975007758479,5623.418284349531,4843.024699077498,4095.4245340576376,4582.922533193388,0.05359,0.04278,0.04388,0.05033,0.06332,0.05894
ECU,ECU.16_1,MAIZ,8.019116732305323,7.4290552416839954,7.431456490880167,6.690753679727746,8.3350621694876,8.26167252462824,1048.8480724527353,1365.93025880711,1319.1190383417122,1136.057422847612,960.6883571158827,1075.0436939051044,0.007646,0.005439,0.005634,0.005889,0.008676,0.007685
ECU,ECU.17_1,MAIZ,247.79259653065913,283.4612086148317,308.38038533565674,301.53303446484756,314.5326418593298,311.30300285947214,7753.195277010162,10097.100151543433,9751.0666859198809,8397.855968440428,7101.509387962538,7946.836066231335,0.03196,0.02807,0.03163,0.03591,0.04429,0.03917
ECU,ECU.18_1,MAIZ,43.41456186364986,67.17143332922447,77.06817987810983,78.25928673875558,107.31294500716062,114.80181294208404,1716.5078536454116,2235.4334038974657,2158.82380744783,1859.2316082060288,1572.2287652575453,1759.378686071087,0.02529,0.03005,0.0357,0.04209,0.06826,0.06525
ECU,ECU.19_1,MAIZ,9.0733542779043,8.074396426019995,7.333984161397113,6.346007094749467,5.459271466779603,4.658302082275623,1300.599148426633,1693.7893848250878,1635.74224237124,1408.7410326874997,1191.2787866849071,1333.0824068205632,0.006976,0.004767,0.004484,0.004505,0.004583,0.003494
ECU,ECU.1_1,MAIZ,9.22463711571273,7.900170801411225,6.885918040142578,5.700263578987363,4.914460826301072,4.59466849119638,2993.0525729715923,3897.8963521970013,3764.313188402597,3241.9181402945756,2741.4749901436453,3067.8058897272335,0.003082,0.002027,0.001829,0.001758,0.001793,0.001498
ECU,ECU.20_1,MAIZ,13.62561374373472,12.054473828753446,10.106633281102196,8.071839816416617,6.167950331426872,4.623752846565166,6740.559589479543,8778.329813803843,8477.491370858144,7301.021908604374,6173.989625509487,6908.90918368743,0.002021,0.001373,0.001192,0.001106,9.99e-4,6.692e-4
ECU,ECU.21_1,MAIZ,8.235609943243716,7.90059939765911,8.835381071857167,8.134812279884622,7.769754502992322,7.833226602053388,5600.690158997371,7293.861102769443,7043.896261647972,6066.374907205888,5129.930605659516,5740.570817722341,0.00147,0.001083,0.001254,0.001341,0.001515,0.001365
ECU,ECU.22_1,MAIZ,339.95916408721,365.4749256481509,381.33445338702734,385.71634846053684,421.84045999197684,433.1018320924063,11671.356221009455,15196.577632639865,14680.93504821664,12644.445394687828,10692.935943125301,11965.856491317953,0.02913,0.02405,0.02597,0.0305,0.03945,0.03619
ECU,ECU.23_1,MAIZ,4.52211220832824,4.492875703365929,4.635836718653589,4.329401736472505,4.446465786111179,4.144853486233243,2379.6709629469,3099.0804671000633,2992.873185981536,2577.5352335526914,2179.6504640788653,2439.104699217947,0.0019,0.00145,0.001549,0.00168,0.00204,0.001699
ECU,ECU.24_1,MAIZ,13.972511529977089,13.68821123078862,16.131835556657474,18.955131144825632,19.655754841033733,34.48007580474068,1003.4472788833673,1306.8041381238402,1262.0192040319398,1086.881655744339,919.103674899785,1028.5089877766,0.01392,0.01047,0.01278,0.01744,0.02139,0.03352
ECU,ECU.2_1,MAIZ,56.82602575039481,53.824912329087056,55.44063927299439,52.59047988561085,58.74170046387537,63.04883018434281,28732.60723174173,37418.89665724167,36136.529413599375,31121.658685086757,26317.521061527987,29450.22165288682,0.001978,0.001438,0.001534,0.00169,0.002232,0.002141
ECU,ECU.3_1,MAIZ,7.503150902965273,6.864847186722437,5.893284657287305,4.876499888710924,4.080279904571225,3.4353965352790587,5202.956301372833,6775.886454819735,6543.672904647654,5635.570376845717,4765.62780882342,5332.903313989499,0.001442,0.001013,9.006e-4,8.653e-4,8.562e-4,6.442e-4
ECU,ECU.4_1,MAIZ,1.7251403443869686,1.9793264967082507,1.8290651351508436,1.7478287071276137,2.8553406003266613,3.115301584480857,2200.2704005368055,2864.665084598601,2767.7459728227373,2383.861244056015,2015.9627631781202,2255.9541766834523,7.841e-4,6.909e-4,6.609e-4,7.332e-4,0.001416,0.001381
ECU,ECU.5_1,MAIZ,11.139697669627758,9.51715946237762,8.50663652796971,7.592690671907757,7.825588313725211,8.642182798978897,3031.9088387102784,3948.499438106866,3813.1820772731303,3284.005216846421,2777.065237269584,3107.6326144437994,0.003674,0.00241,0.002231,0.002312,0.002818,0.002781
ECU,ECU.6_1,MAIZ,28.414713787055693,26.120825765552716,25.17925805917998,24.22160731315944,24.608897966320946,29.507874329439385,3794.4533193779084,4941.572321765339,4772.221778493912,4109.953550324411,3475.5149208803446,3889.2221094283746,0.007488,0.005286,0.005276,0.005893,0.007081,0.007587
ECU,ECU.7_1,MAIZ,31.2029580134117,29.435241295331963,27.118040870038495,24.678469603753896,22.79753024366767,21.898510919388585,51891.629620391206,67579.2318629615,65263.2524773214,56206.30152472442,47529.93852722744,53187.6547757824,6.013e-4,4.356e-4,4.155e-4,4.391e-4,4.796e-4,4.117e-4
ECU,ECU.8_1,MAIZ,184.528245912026,214.9577529912787,199.90530216958368,205.3198253162077,196.91968564833292,258.2005984085353,74684.2682895608,97262.28757214632,93929.266130861,80894.20611093377,68406.87601782104,76549.67782852415,0.002471,0.00221,0.002128,0.002538,0.002879,0.003373
EGY,EGY.10_1,MAIZ,0,0,0,0.0794411049262628,0.07536720210953138,0.07129329929279996,36690.11165354532,38828.4585257246,33135.29238600065,35983.1148601486,34819.28765970066,34777.736591552246,0,0,0,2.208e-6,2.165e-6,2.05e-6
EGY,EGY.12_1,MAIZ,1.958354204469251,1.813498249611832,1.668642294754413,3.119380151495165,3.8284544384868995,3.770800916444932,23595.980475749773,24971.184550427137,21309.82101066409,23141.299860685613,22392.82451784041,22366.102380768858,8.3e-5,7.262e-5,7.83e-5,1.348e-4,1.71e-4,1.686e-4
EGY,EGY.13_1,MAIZ,0,0,0,0,0.02094222632939148,0.0198682660048073,1198.1669122090639,1267.997620091998,1082.0793171241983,1175.0789430885338,1137.072538085651,1135.7156298403863,0,0,0,0,1.842e-5,1.749e-5
EGY,EGY.14_1,MAIZ,0,0,0,0,0,0,407.8578222069722,431.6283003850036,368.3414299296525,399.9986427314517,387.0612052038102,386.59931159265386,0,0,0,0,0,0
EGY,EGY.15_1,MAIZ,0,0,0,0,0,0,0.06958788084976317,0.07364355200066568,0.06284567352239906,0.06824696346350329,0.06603960390790327,0.06596079654948486,0,0,0,0,0,0
EGY,EGY.16_1,MAIZ,9.640377364437946,8.780690707534204,7.916953214929991,9.222625481495754,9.7573175671874,9.271174620999426,58905.2463311422,62338.31980981004,53198.0545244044,57770.177006098675,55901.67552600996,55834.96611046726,1.637e-4,1.409e-4,1.488e-4,1.596e-4,1.745e-4,1.66e-4
EGY,EGY.17_1,MAIZ,0,0,0,0,0,0,0.43936208878767713,0.46496867612065684,0.3967933216659182,0.43089584069211,0.4169590733525832,0.41646150157451306,0,0,0,0,0,0
EGY,EGY.18_1,MAIZ,0.4577149430456433,0.4210977476019918,0.3844805521583404,1.6131284599702862,1.511625874616091,1.4101232892618965,25665.639490289585,27161.465952873776,23178.95559476318,25171.07776773463,24356.951889957327,24327.88589131432,1.783e-5,1.55e-5,1.659e-5,6.409e-5,6.206e-5,5.796e-5
EGY,EGY.19_1,MAIZ,0,0,0,0,0,0,8693.24435494528,9199.897811086812,7850.976203181634,8525.73066784625,8249.976962434775,8240.13197771426,0,0,0,0,0,0
EGY,EGY.1_1,MAIZ,3.531736491635036,3.12970357293942,2.886814629010266,5.113268316283366,4.661629005330906,4.266586169065721,20797.60702034592,22009.718292743022,18782.575426742034,20396.849409887986,19737.13975887724,19713.586742882457,1.698e-4,1.422e-4,1.537e-4,2.507e-4,2.362e-4,2.164e-4
EGY,EGY.20_1,MAIZ,0.4477131364764561,0.4072281598067576,0.366743183137059,0.3262582064673604,0.2857732297976619,0.2452882531279633,1381.9877503333369,1462.5317729632004,1248.0901833598402,1355.3576621715638,1311.5203757192512,1309.9552927961843,3.24e-4,2.784e-4,2.938e-4,2.407e-4,2.179e-4,1.872e-4
EGY,EGY.21_1,MAIZ,0.012326329416276953,0.005944115803016749,0.0020756311999463404,6.535022684113411e-4,7.62574463053478e-5,9.147004817850913e-5,1137.291341394354,1203.5741427548728,1027.1018382558507,1115.3764085885837,1079.301004663756,1078.0130372005576,1.084e-5,4.939e-6,2.021e-6,5.859e-7,7.065e-8,8.485e-8
EGY,EGY.23_1,MAIZ,6.370574141791812,6.084953103008371,6.015610808009379,5.47436924486015,4.921153549040426,4.470001415243726,42062.03007889168,44513.45926248256,37986.73817549298,41251.51958848113,39917.29266722991,39869.657972226196,1.515e-4,1.367e-4,1.584e-4,1.327e-4,1.233e-4,1.121e-4
EGY,EGY.24_1,MAIZ,0,0,0,0,0,0,0.02009888287704273,0.02127027160816067,0.018151549034559556,0.019711589268369495,0.019074043468242194,0.01905128174813578,0,0,0,0,0,0
EGY,EGY.25_1,MAIZ,0,0,0,0,0,0,3601.169628944788,3811.050424210698,3252.2607102816146,3531.777215964884,3417.546460627622,3413.4681834591242,0,0,0,0,0,0
EGY,EGY.26_1,MAIZ,0,0,0,0,0,0,598.0935317892252,632.9511916690519,540.1456457027915,586.5686224861639,567.596820838866,566.919487792481,0,0,0,0,0,0
EGY,EGY.27_1,MAIZ,0.2290700516213259,0.19849238808524416,0.16791472454916245,0.1373370610130807,0.106759397476999,0.07618173394091726,11230.459542383544,11884.98516123026,10142.366534065095,11014.055216340303,10657.819879354263,10645.101531855355,2.04e-5,1.67e-5,1.656e-5,1.247e-5,1.002e-5,7.157e-6
EGY,EGY.3_1,MAIZ,1.0970197321480195,0.9908534972777573,0.8846872624074954,0.7845442669877398,0.6992030746529975,0.6226404459527612,76660.6526673352,81128.53405178933,69233.18098947075,75183.4471432068,72751.73601567428,72664.91883633831,1.431e-5,1.221e-5,1.278e-5,1.044e-5,9.611e-6,8.569e-6
EGY,EGY.4_1,MAIZ,0.02148027096922518,0.02031917524115895,0.01915807951309273,0.04083917864259279,0.03850668830644624,0.03617419797029969,5580.230124574406,5905.45310960098,5039.574654471647,5472.702384082816,5295.6949204625425,5289.375383351849,3.849e-6,3.441e-6,3.802e-6,7.462e-6,7.271e-6,6.839e-6
EGY,EGY.5_1,MAIZ,0.6807199593193229,0.6003595683199776,0.5199991773206323,1.9213991134907977,2.0054899735360268,2.0915984286141143,9511.679272053021,10066.032167258825,8590.114871751392,9328.394827223328,9026.679990177241,9015.908138693905,7.157e-5,5.964e-5,6.053e-5,2.06e-4,2.222e-4,2.32e-4
EGY,EGY.6_1,MAIZ,0,0,0,0,0,0,1473.4454521433067,1559.3197472032123,1330.6867619432194,1445.0530280551225,1398.3146612773535,1396.6460037117101,0,0,0,0,0,0
EGY,EGY.7_1,MAIZ,9.167016076302004e-5,0,0,0,0,0,5975.9232766483265,6324.2077672399355,5396.930020759844,5860.770762693877,5671.211730472145,5664.444076078984,1.534e-8,0,0,0,0,0
EGY,EGY.8_1,MAIZ,0.7197983797170442,0.628036412245331,0.536274444773618,0.4445124773019048,0.3527505098301917,0.2609885423584786,10610.416836928971,11228.805569839056,9582.39831889454,10405.960367808728,10069.393070344113,10057.376913041639,6.784e-5,5.593e-5,5.596e-5,4.272e-5,3.503e-5,2.595e-5
EGY,EGY.9_1,MAIZ,0.03565676725221789,0.03100841388554711,0.02736036519312981,0.3247688663933685,0.41881927428488175,0.3939305176997989,43699.90532019294,46246.79197832978,39465.92350817279,42857.83394072002,41471.65286422482,41422.16329708519,8.159e-7,6.705e-7,6.933e-7,7.578e-6,1.01e-5,9.51e-6
ERI,ERI.1_1,MAIZ,0,0,0,0,0,0,0.30922268308400114,0.30922268308400114,0.30922268308400114,0.30922268308400114,0.30922268308400114,0.30922268308400114,0,0,0,0,0,0
ERI,ERI.4_1,MAIZ,2.1433759652693691e-4,0,0,0,0,0,3.9762413492892366,3.976476761435365,3.976498101176631,3.9764840550554994,3.97644259191876,3.9764693929898396,5.39e-5,0,0,0,0,0
ERI,ERI.5_1,MAIZ,0,0,0,0,0,0,0.11183138076775002,0.11183138076775002,0.11183138076775002,0.11183138076775002,0.11183138076775002,0.11183138076775002,0,0,0,0,0,0
ESP,ESP.10_1,MAIZ,0.03920386233628813,0.03769825984853165,0.0333835574661062,0.04042660583737228,0.0354757168512987,0.03236770687403093,2101.9264189434116,2293.240079570814,1790.7648952031925,1414.2327166454027,1745.7745620386506,1655.4618633930625,1.865e-5,1.644e-5,1.864e-5,2.859e-5,2.032e-5,1.955e-5
ESP,ESP.11_1,MAIZ,4.028532164246955,3.0232582035973765,2.3286702946441626,1.7949118035440867,1.4406643782274862,1.2319506133740121,177764.19961623973,193944.95209190328,151464.53948066273,119640.36241966087,147649.63893890375,140020.42949934752,2.266e-5,1.559e-5,1.537e-5,1.5e-5,9.757e-6,8.798e-6
ESP,ESP.12_1,MAIZ,13.45710996773952,10.80855203172639,8.472805818867254,6.428426217684683,4.706506321167626,3.349276294581041,5111.0789293834405,5576.2803802636545,4354.45343893315,3438.871586629798,4245.054203169788,4025.4483563888834,0.002633,0.001938,0.001946,0.001869,0.001109,8.32e-4
ESP,ESP.13_1,MAIZ,0.01407568004769173,0.018020815112575635,0.015803486829192998,0.013965166707903652,0.012180540421323785,0.01043239909480221,255.1804464866521,278.40652371652806,217.40446353982287,171.69227848185707,211.9424962696831,200.97825196688763,5.516e-5,6.473e-5,7.269e-5,8.134e-5,5.747e-5,5.191e-5
ESP,ESP.14_1,MAIZ,0.019399655730236658,0.017254306935394856,0.015119314037688923,0.013054772831445438,0.011050327419528553,0.00912253812358447,365.2139071141437,398.45503718051634,311.148971822127,245.72575488838862,303.3318117116181,287.63980021344327,5.312e-5,4.33e-5,4.859e-5,5.313e-5,3.643e-5,3.172e-5
ESP,ESP.15_1,MAIZ,0.09409354891357107,0.07988050888229072,0.06673270590706028,0.05395778405079654,0.04158989913638657,0.02948326046488355,2623.6120625150284,2862.408636563642,2235.2220980909815,1765.236870879336,2179.0654316523933,2066.3376580113177,3.586e-5,2.791e-5,2.986e-5,3.057e-5,1.909e-5,1.427e-5
ESP,ESP.16_1,MAIZ,0.0112865307636103,0.009894354368052574,0.008649112138880916,0.007440768833788061,0.006255639711475352,0.005107214017538175,127.64584453486773,139.2639457023279,108.74961908824048,85.88356274421172,106.01744491652052,100.53293290556537,8.842e-5,7.105e-5,7.953e-5,8.664e-5,5.901e-5,5.08e-5
ESP,ESP.18_1,MAIZ,0.01738217139480201,0.01360919888082668,0.010353618107674638,0.007437021498556644,0.004830942404786417,0.00343067770027684,383.58868138484,418.5022512175372,326.8036115015627,258.0887979998861,318.5931516024354,302.1116379426082,4.531e-5,3.252e-5,3.168e-5,2.882e-5,1.516e-5,1.136e-5
ESP,ESP.1_1,MAIZ,0.4961812339763564,0.3413252154266267,0.20729811425369588,0.10328942971960606,0.03746117878714382,0.013807858337644049,19792.285271245622,21593.83334124094,16863.771080632512,13320.079075437096,16439.21233124359,15589.606910716799,2.507e-5,1.581e-5,1.229e-5,7.754e-6,2.279e-6,8.857e-7
ESP,ESP.2_1,MAIZ,2.290304515643882,2.175250195119141,1.9260952251400267,2.2981247041688695,4.111010866463507,3.8310863219422706,224224.25849443756,244632.75772039956,191030.91675618503,150864.121298685,186231.5460444795,176597.38487502336,1.021e-5,8.892e-6,1.008e-5,1.523e-5,2.207e-5,2.169e-5
ESP,ESP.4_1,MAIZ,0.6353777817383508,0.4649654492888457,0.319805165384204,0.2123266673746845,0.14031436416231596,0.09532659700000908,8814.117946781958,9616.363522270838,7509.3080609414565,5930.375990505136,7320.6477446699555,6941.934783654634,7.209e-5,4.835e-5,4.259e-5,3.58e-5,1.917e-5,1.373e-5
ESP,ESP.5_1,MAIZ,14.068415779577242,12.52649133347992,11.087412583365822,9.593869694270667,8.193645927870662,8.060089508437292,207102.3421459683,225952.43453900775,176443.6664799089,139344.0347469193,172010.77896856214,163112.2888756376,6.793e-5,5.544e-5,6.284e-5,6.885e-5,4.763e-5,4.941e-5
ESP,ESP.6_1,MAIZ,3.3400682214007906,3.080660213190118,2.8398586272108854,2.508393610878081,2.1989338794495628,1.9432486451614177,137278.5068164726,149773.35610799436,116956.29700027498,92364.67813859043,114017.94294042849,108119.54771176646,2.433e-5,2.057e-5,2.428e-5,2.716e-5,1.929e-5,1.797e-5
ESP,ESP.8_1,MAIZ,0.804945105669328,0.6847819531104878,0.5758356363516112,0.4718039844435974,0.3753046363213872,0.28347035456022324,4924.956099390325,5373.21697632304,4195.883554115258,3313.643132808275,4090.4681533974285,3878.859377734114,1.634e-4,1.274e-4,1.372e-4,1.424e-4,9.175e-5,7.308e-5
ESP,ESP.9_1,MAIZ,0.597548352355014,0.6786596090631892,3.801318558769852,5.159789851586212,4.823013118658554,4.510599687411884,39563.01682007519,43166.123761774674,33701.65791324684,26639.296607694934,32877.81520793515,31173.362268068013,1.51e-5,1.572e-5,1.128e-4,1.937e-4,1.467e-4,1.447e-4
ETH,ETH.10_1,MAIZ,45.94168020832416,63.96228842031731,128.24777612137265,181.40600740980193,180.562755082651,190.59502974956075,455689.3318040189,488641.35611960583,493471.82164403267,479265.5930740353,487125.4475805751,485890.3462023174,1.008e-4,1.309e-4,2.599e-4,3.785e-4,3.707e-4,3.923e-4
ETH,ETH.11_1,MAIZ,0.4094977645062908,0.3928980098856435,0.3879049660325016,0.3647141550154257,0.41360009082889704,0.364464831182163,3756.08598370079,4027.6997910634823,4067.5020842659947,3950.4292851996124,4015.2103891306474,4005.0310188437593,1.09e-4,9.755e-5,9.537e-5,9.232e-5,1.03e-4,9.1e-5
ETH,ETH.2_1,MAIZ,0,0,0,0,0,0,16.52009126386423,17.71472532806896,17.8897870296624,17.3748678688344,17.659793418916838,17.615021679899055,0,0,0,0,0,0
ETH,ETH.3_1,MAIZ,0.7403140004167097,0.839091958551564,1.0936729877701246,1.4232316984985767,1.684439613506414,2.325836770716495,145223.68225946903,155725.38924070663,157264.30960875677,152737.79365875307,155242.49759118754,154848.92126660966,5.098e-6,5.388e-6,6.954e-6,9.318e-6,1.085e-5,1.502e-5
ETH,ETH.4_1,MAIZ,8.390139371537341,11.782779682776793,13.92460727041757,15.150555903746985,20.548385424524383,23.65790907585202,107313.1787445731,115073.38472200552,116210.66234702413,112865.63145317457,114716.51275192942,114425.67220705652,7.818e-5,1.024e-4,1.198e-4,1.342e-4,1.791e-4,2.068e-4
ETH,ETH.5_1,MAIZ,0,0,0,0,0,0,0.30652719341376755,0.32869340430257493,0.33194164132539644,0.3223874129205675,0.32767415303620373,0.32684342182012416,0,0,0,0,0,0
ETH,ETH.6_1,MAIZ,1.133756879897482,1.022659953152791,1.0402005366863782,1.8731354644565152,1.7699975932946312,2.1609880573867075,3805.614765917693,4080.5582012398822,4121.461427568595,4001.8458625125922,4067.6588863173415,4057.3012022234607,2.979e-4,2.506e-4,2.524e-4,4.681e-4,4.351e-4,5.326e-4
ETH,ETH.7_1,MAIZ,0,0,0.00773602759532412,0.00733930823146134,0.00694258886759857,0.00654586950373579,238.4576401530472,255.70146860693853,258.2283796013384,250.79582938115814,254.90855934171137,254.26230605768242,0,0,2.996e-5,2.926e-5,2.724e-5,2.574e-5
ETH,ETH.8_1,MAIZ,8.191785999182473,8.329813501002608,10.165677520050155,11.116222052015559,15.511285690048425,17.927395346175473,1025305.361676594,1099449.2093033022,1110314.2342116507,1078356.3763874122,1096039.997356639,1093261.2838327738,7.99e-6,7.576e-6,9.156e-6,1.031e-5,1.415e-5,1.64e-5
ETH,ETH.9_1,MAIZ,0.01391461327464748,0.01138468358834794,0.35057579686378604,1.4466786587769271,1.7067108453211763,1.6121192191877742,951.1456219415529,1018.7928216726887,1028.6673013180725,1000.8346495679388,1016.6509234067144,1014.2005877987746,1.463e-5,1.117e-5,3.408e-4,0.001445,0.001679,0.00159
FJI,FJI.1_1,MAIZ,0.03729385410247138,0.036490392310518906,0.03422546518472388,0.037558886037463934,0.03501311184464836,0.032484201845908,5.135923791511445,4.334952404879648,5.08012409122332,6.046022630894731,7.298275224070674,6.587731688198721,0.007261,0.008418,0.006737,0.006212,0.004797,0.004931
FJI,FJI.3_1,MAIZ,6.183799118651744e-4,5.72573992467754e-4,5.267680730703337e-4,4.809621536729134e-4,4.35156234275493e-4,3.8935031487807273e-4,0.3702888592220569,0.31254057613506947,0.36626582301603455,0.43590499269575467,0.5261896626029229,0.474961029545616,0.00167,0.001832,0.001438,0.001103,8.27e-4,8.198e-4
FJI,FJI.5_1,MAIZ,0.09560741398773084,0.12752910211623167,0.13141418336044794,0.14487170320149675,0.134480172462257,0.14039100014498035,166.57256949078206,140.5947965767122,164.76282701189822,196.0896550864075,236.70375696260103,213.65881562198473,5.74e-4,9.071e-4,7.976e-4,7.388e-4,5.681e-4,6.571e-4
FRA,FRA.10_1,MAIZ,6.461248318251041,5.667075012145498,5.293280070642705,4.537709476513981,3.866521052232704,3.277556659692695,207263.8020031331,231904.59688051714,164241.61557978083,193797.79514012858,221521.02982084933,200358.65904082658,3.117e-5,2.444e-5,3.223e-5,2.341e-5,1.745e-5,1.636e-5
FRA,FRA.11_1,MAIZ,2.8766990180968692,3.1562312759499496,2.9136714259117595,2.684325579284468,2.467729344150036,2.2616407676273766,57643.88392855066,64496.94319935222,45678.620835949965,53898.739194689384,61609.08179486653,55723.43638497415,4.99e-5,4.894e-5,6.379e-5,4.98e-5,4.005e-5,4.059e-5
FRA,FRA.12_1,MAIZ,1.339060511589189,1.2140992384180425,1.0913888722721157,0.9702884778825066,0.8525654225322589,0.7382197062213725,35707.34470096262,39952.45333975506,28295.4955234372,33387.425138763516,38163.57556832677,34517.728773909534,3.75e-5,3.039e-5,3.857e-5,2.906e-5,2.234e-5,2.139e-5
FRA,FRA.13_1,MAIZ,0.054109010479838286,0.03856763383148494,0.024885934107921896,0.015819003844854868,0.036782405103869355,0.033675287949238485,2910.320585105436,3256.2780787487045,2306.201447916294,2721.210039649578,3110.4552692251573,2813.3209810569883,1.859e-5,1.184e-5,1.079e-5,5.813e-6,1.183e-5,1.197e-5
FRA,FRA.1_1,MAIZ,1.7785337122339067,2.2628029104479035,2.1676176752449816,1.9047319624238734,1.7276576427659933,1.581307947012358,34511.15033606697,38614.0480354961,27347.59775673058,32268.947969883247,36885.0975851159,33361.38648651357,5.154e-5,5.86e-5,7.926e-5,5.903e-5,4.684e-5,4.74e-5
FRA,FRA.2_1,MAIZ,0.13773198258850788,0.12955820765173465,0.1234344724623815,0.11189168035609429,0.10044133524368333,0.08908343712514862,8604.224674972185,9627.147796355972,6818.22753308117,8045.204974454209,9196.090645779956,8317.568727883121,1.601e-5,1.346e-5,1.81e-5,1.391e-5,1.092e-5,1.071e-5
FRA,FRA.3_1,MAIZ,0.7239074464585018,0.660330952658866,0.592114514044026,0.5239172764824983,0.455839045486496,0.3883374814019598,69892.57076870317,78201.82922637938,55384.82180261484,65351.62426213392,74700.32926094675,67564.04939402663,1.036e-5,8.444e-6,1.069e-5,8.017e-6,6.102e-6,5.748e-6
FRA,FRA.4_1,MAIZ,0.08748262135240076,0.09013939808961635,0.07945362884992206,0.06950473289620736,0.06269923110261093,0.05505479850069648,9588.852761309827,10728.834522318444,7598.474281825448,8965.861405153068,10248.449164575966,9269.393219791087,9.123e-6,8.402e-6,1.046e-5,7.752e-6,6.118e-6,5.939e-6
FRA,FRA.5_1,MAIZ,0.771166865735289,0.637128780574525,0.5034836435080731,0.4179608097924709,0.3910511758063161,0.35636115215251296,1558.3966832380238,1743.6684607415712,1234.9169825868382,1457.147066908736,1665.5954141720536,1506.477574422389,4.948e-4,3.654e-4,4.077e-4,2.868e-4,2.348e-4,2.366e-4
FRA,FRA.6_1,MAIZ,0.4385730225966088,0.3682840500496945,0.3047172900566656,0.24872457037439652,0.20730430389379154,0.1736422363497782,24039.000333030275,26896.1776795547,19055.173821453223,22481.82173509305,25694.833303846062,23242.015844337107,1.824e-5,1.369e-5,1.599e-5,1.106e-5,8.068e-6,7.471e-6
FRA,FRA.7_1,MAIZ,0.06615091866434605,0.09656777244025788,0.08864524393916065,0.08104995871600736,0.10318123099238102,0.09497978059036463,8261.76535471246,9243.575015262191,6550.002304135766,7727.333682695663,8831.052791188353,7988.384351474248,8.007e-6,1.045e-5,1.353e-5,1.049e-5,1.168e-5,1.189e-5
FRA,FRA.8_1,MAIZ,0.011916881296246299,0.01023644001175538,0.008555998727264494,0.0072927984424809595,0.00644683915740479,0.00560087987232863,4402.45064695326,4925.841042675818,3488.624640567601,4116.421779138632,4705.285687241269,4255.779830303609,2.707e-6,2.078e-6,2.453e-6,1.772e-6,1.37e-6,1.316e-6
FRA,FRA.9_1,MAIZ,0.058913411819911485,0.052614382441090846,0.046952069848964065,0.041066152135295395,0.04033951499629327,0.034984455377079435,6018.199634563884,6733.680202290779,4768.989188220513,5627.194949719091,6432.178546526412,5817.698975738103,9.789e-6,7.814e-6,9.845e-6,7.298e-6,6.272e-6,6.013e-6
GAB,GAB.1_1,MAIZ,5.333565405767888,5.041803544538408,5.157299175166348,10.015207214468342,11.07688065152597,11.138538169949253,700.959181242308,694.7921197119746,697.0308039491465,697.5940349678096,696.4722690470993,696.6127149735541,0.007609,0.007257,0.007399,0.01436,0.0159,0.01599
GAB,GAB.2_1,MAIZ,35.65991075268059,34.01978495775761,43.203106547394114,42.61632984189003,40.26402324285249,40.395135788808624,2347.2285180369827,2326.5775256770103,2334.0739728667836,2335.960005526925,2332.2036655999887,2332.67396214883,0.01519,0.01462,0.01851,0.01824,0.01726,0.01732
GAB,GAB.3_1,MAIZ,6.247186287463679,5.845404926846997,6.027504613034336,5.986484652601828,6.157870997032333,5.84848085720481,1121.0719055950217,1111.2086787385313,1114.7890955030907,1115.6898932788813,1113.895808413435,1114.12042917113,0.005573,0.00526,0.005407,0.005366,0.005528,0.005249
GAB,GAB.4_1,MAIZ,27.576889962129293,25.888799793947893,26.19392560216476,24.90660609743285,29.437091654911725,30.733759083016587,6799.785062220855,6739.960333486384,6761.677106791174,6767.140834166137,6756.258934969901,6757.621356831706,0.004056,0.003841,0.003874,0.003681,0.004357,0.004548
GAB,GAB.5_1,MAIZ,8.66574859052861,7.0531998197161325,5.533510881967706,4.3988071436479945,3.2123459223558877,1.9714633425776291,837.5911000740397,830.2219465061222,832.8969981255447,833.5700149019021,832.2295928392534,832.3974146770839,0.01035,0.008496,0.006644,0.005277,0.00386,0.002368
GAB,GAB.6_1,MAIZ,2.640288190751185,2.423438492433261,2.536631907024521,2.5084662451411663,3.9102611515747876,3.8114564428176507,272.1634806236902,269.7689775253196,270.63819803103615,270.85688539334865,270.4213340437187,270.47586539619437,0.009701,0.008983,0.009373,0.009261,0.01446,0.01409
GAB,GAB.7_1,MAIZ,20.347555630396702,20.358268188023736,21.74378821318266,21.77608014507451,27.66357838642868,26.002516852263486,186.82174420119674,185.17808045796556,185.77474129799188,185.92485531905137,185.62587890002345,185.66331096974793,0.1089,0.1099,0.117,0.1171,0.149,0.1401
GAB,GAB.8_1,MAIZ,4.967924518211853,4.703508314284442,4.963156427902668,5.704329602585341,5.822087650818151,5.367193797898272,178.88463770301271,177.31080487926585,177.88211663238135,178.0258530715533,177.73957864119598,177.7754204125046,0.02777,0.02653,0.0279,0.03204,0.03276,0.03019
GAB,GAB.9_1,MAIZ,4.119828177554547,3.9426870092893407,4.008406364910401,5.2227153830831465,7.656408752127498,7.71564374553655,2883.498686968232,2858.5504799645637,2869.051328637523,2871.345043159257,2866.776738685496,2867.3431578738127,0.001429,0.001379,0.001397,0.001819,0.002671,0.002691
GEO,GEO.10_1,MAIZ,0.003208100727816722,0.002720197372218575,0.0022322940166204282,0.0017443906610222707,0.0012564873054241234,7.685839498259762e-4,0.04907327738408804,0.044839504433303964,0.029424722007949256,0.03673760255930355,0.040701953595037726,0.03575546666423792,0.06537,0.06067,0.07586,0.04748,0.03087,0.0215
GEO,GEO.11_1,MAIZ,0.0256845303213119,0.0226628208717458,0.01964111142217969,0.01661940197261358,0.01359769252304748,0.01057598307348137,403.87171951296983,369.02788488832147,242.16465064130622,302.3494559020625,334.97595559605145,294.2665045713209,6.36e-5,6.141e-5,8.111e-5,5.497e-5,4.059e-5,3.594e-5
GEO,GEO.12_1,MAIZ,0,0,0,0,0,0,2.2596573455270104,2.064706515716837,1.3549082671807056,1.6916415186710052,1.8741863865841677,1.6464175045457454,0,0,0,0,0,0
GEO,GEO.1_1,MAIZ,0.00235836836510363,0.00168454883221688,0.00101072929933013,0.005579377801826596,0.00497362352074818,0.00470477900611314,116.67687718635429,106.6106368016492,69.96037067370027,87.34751315637268,96.77317460750562,85.01238179125137,2.021e-5,1.58e-5,1.445e-5,6.388e-5,5.139e-5,5.534e-5
GEO,GEO.2_1,MAIZ,0.05076123555514319,0.03625802539653085,0.02175481523791851,0.00725160507930617,0,0,52.06363082581098,47.57186659770179,31.21776138535882,38.97626323391105,43.18218792023146,37.93427942139205,9.75e-4,7.622e-4,6.969e-4,1.861e-4,0,0
GEO,GEO.3_1,MAIZ,0,0,0,0,0,0,92.19013203315784,84.23647358323834,55.27792622694052,69.01606354952875,76.46358009808974,67.17100157961104,0,0,0,0,0,0
GEO,GEO.4_1,MAIZ,0.09267787113515404,0.05702350263056321,0.03566382916608604,0.01449657030739128,0.00195647043902195,0,279.26326514773905,255.16996384087525,167.44844408270313,209.06414634001325,231.624237563713,203.4750662643516,3.319e-4,2.235e-4,2.13e-4,6.934e-5,8.447e-6,0
GEO,GEO.5_1,MAIZ,0.05020330724046161,0.04081195735297551,0.03188844271643011,0.022964928079884723,0.01503279943398662,0.0108435748648176,1260.4807921878662,1151.7216209802073,755.9118484416417,943.7053992091762,1045.518356997832,918.490732771876,3.983e-5,3.544e-5,4.219e-5,2.433e-5,1.438e-5,1.181e-5
GEO,GEO.6_1,MAIZ,0.035835590186097076,0.030242635139779053,0.02491936469389376,0.019596094248008452,0.014272823802123144,0.008949553356237826,283.40902368590895,258.8127873041435,171.40112772111118,213.1042486163051,235.82116922009723,207.58262006757914,1.264e-4,1.169e-4,1.454e-4,9.196e-5,6.052e-5,4.311e-5
GEO,GEO.7_1,MAIZ,0.11509278463293851,0.10241318855285163,0.08973359247276473,0.07705399639267783,0.06437440031259094,0.05169480423250404,4.692353811543353,4.287523286625887,2.813572148176387,3.512824873033827,3.891893455456546,3.418913698636516,0.02453,0.02389,0.03189,0.02194,0.01654,0.01512
GEO,GEO.8_1,MAIZ,0.0055428681790434895,0.0018476227263478314,0,0,0,0,0.03317147735504128,0.03030962440676321,0.019889877990532597,0.024833078537558357,0.027512813570946006,0.024169195863740726,0.1671,0.06096,0,0,0,0
GEO,GEO.9_1,MAIZ,0.03265686375922169,0.03054996932314287,0.02844307488706405,0.02633618045098523,0.02422928601490642,0.0221223915788276,1422.4208395995038,1299.702178928174,852.8946916657417,1064.8632873707656,1179.7725787266472,1036.3954401241697,2.296e-5,2.351e-5,3.335e-5,2.473e-5,2.054e-5,2.135e-5
GHA,GHA10_2,MAIZ,1.7851632376103024,1.5407207183168252,1.306873631483762,1.1352726173952497,1.0274322171547965,1.110977261044755,52129.56889990272,54370.240698921654,55265.11748604802,60752.76036885439,64402.33943543826,61982.2669587471,3.424e-5,2.834e-5,2.365e-5,1.869e-5,1.595e-5,1.792e-5
GHA,GHA11_2,MAIZ,4.5707261745565,4.2447003335475975,4.282078457008241,4.63069386299202,4.351294171086875,3.995123123659068,23233.690364097038,24227.756647799335,24624.445270513086,27065.722798999912,28684.135493052672,27610.135989066555,1.967e-4,1.752e-4,1.739e-4,1.711e-4,1.517e-4,1.447e-4
GHA,GHA12_2,MAIZ,0.0025516499820364804,0.0019636619127868034,0.00160009838323855,0.00146095939339172,0.00132182040354489,0.00118268141369806,7761.343993764666,8093.916017571545,8226.623316825757,9043.535745007512,9584.968050846297,9225.64607885193,3.288e-7,2.426e-7,1.945e-7,1.615e-7,1.379e-7,1.282e-7
GHA,GHA13_2,MAIZ,0.014524511996445345,0.01219068116927662,0.009856850342107907,0.007644738302148696,0.005689748175739746,0.003870161175671575,67646.96709460633,70459.82296754523,71572.64080574214,78682.95413057087,83241.04453912027,80191.66017026431,2.147e-7,1.73e-7,1.377e-7,9.716e-8,6.835e-8,4.826e-8
GHA,GHA14_2,MAIZ,0.7278924245870529,0.6147247675423808,0.5075779499141434,0.40475384464181097,0.3069373275966938,0.2193232778381431,56682.51776288084,59121.46975085309,60100.074537313485,66050.8518241139,69990.98768245318,67372.61065860408,1.284e-5,1.04e-5,8.446e-6,6.128e-6,4.385e-6,3.255e-6
GHA,GHA15_2,MAIZ,4.516061994691154,3.945955306685251,3.365959273919306,3.020978715671411,2.7688521528690915,2.6183657807027196,23766.328038451204,24787.388947300835,25195.179015427613,27695.86547553918,29358.957107377595,28256.144368977362,1.9e-4,1.592e-4,1.336e-4,1.091e-4,9.431e-5,9.267e-5
GHA,GHA16_2,MAIZ,1.7824067820805605,1.6358220492997604,2.137968746684734,1.9990249044461885,2.009698701538249,1.9675313834178585,30226.80133953911,31518.885329073237,32034.91626665096,35199.366996231045,37303.89773676011,35908.36229867679,5.897e-5,5.19e-5,6.674e-5,5.679e-5,5.387e-5,5.479e-5
GHA,GHA1_2,MAIZ,0.617675361254751,0.5140552278996487,0.41202527361610897,0.3111557819585836,0.21073020270447643,0.11904970089189358,34122.6382741995,35589.32282392086,36175.08552158913,39767.15154130902,42156.06955790064,40571.954065251084,1.81e-5,1.444e-5,1.139e-5,7.824e-6,4.999e-6,2.934e-6
GHA,GHA2_2,MAIZ,39.895670815392094,38.41710332707986,37.46722752123366,34.510643664843364,31.766138160182006,29.337252224320576,213656.38042160112,222839.91745046838,226507.6273374973,248999.08353269633,263957.11732971494,254038.29512114037,1.867e-4,1.724e-4,1.654e-4,1.386e-4,1.203e-4,1.155e-4
GHA,GHA3_2,MAIZ,1.051046400150903,0.8425008180911088,0.6563152530787555,0.4726203872545661,0.2894733236643217,0.1619376772688873,73304.26570398863,76450.87122392582,77707.55872241103,85413.92937162572,90539.08230182645,87140.5419992535,1.434e-5,1.102e-5,8.446e-6,5.533e-6,3.197e-6,1.858e-6
GHA,GHA4_2,MAIZ,23.47810053264684,22.08827896042386,20.96447505159828,22.328085498572957,20.319532648698686,21.807354642083858,247552.38798420786,258192.86835344112,262442.4505057535,288502.1154658026,305833.20091569016,294340.784359357,9.4840000000000007e-05,8.555e-5,7.988e-5,7.739e-5,6.644e-5,7.409e-5
GHA,GHA5_2,MAIZ,6.8351546910694765,6.016805058906051,5.253272491002639,4.527468278814838,3.758623965140133,3.2990240248716205,195516.08970627608,203919.90730355008,207276.21378910376,227858.05439881538,241546.09063679952,232469.4165450381,3.496e-5,2.951e-5,2.534e-5,1.987e-5,1.556e-5,1.419e-5
GHA,GHA6_2,MAIZ,12.795467561939638,11.609715200006312,10.131860512756488,9.164252097302617,7.969617548718268,7.080343003735428,363525.9584692396,379151.3008716947,385391.73118057824,423659.8519574759,449110.2202645051,432233.825826188,3.52e-5,3.062e-5,2.629e-5,2.163e-5,1.775e-5,1.638e-5
GHA,GHA7_2,MAIZ,0.07841808199396726,0.06327496409949812,0.04950465199918709,0.03646388631998128,0.02342312064077544,0.01038235496156962,7322.572226515506,7637.316457678009,7763.01862721153,8533.860631292411,9046.512219928307,8706.567810681401,1.071e-5,8.285e-6,6.377e-6,4.273e-6,2.589e-6,1.192e-6
GHA,GHA8_2,MAIZ,0.07382795302996027,0.06580675349081964,0.06667856092055996,0.06048292701808013,0.05465802652969846,0.07401625709750231,13673.099770663683,14260.997603581054,14496.126455338876,15934.292245128234,16889.462431506796,16255.663827252652,5.4e-6,4.614e-6,4.6e-6,3.796e-6,3.236e-6,4.553e-6
GHA,GHA9_2,MAIZ,0.7150931813392515,0.6535385502527342,0.629194237426308,0.629185344029294,0.69532337889987,0.8779867705997288,52371.116047763535,54622.20578841269,55521.30583533829,61034.15362891287,64700.254802618154,62269.14871480889,1.365e-5,1.196e-5,1.133e-5,1.031e-5,1.075e-5,1.41e-5
GIN,GIN.1_1,MAIZ,1.4957250363964458,1.4147197922452677,1.3207035307296564,1.364083089493182,1.7895563382653141,2.099760032875262,22196.09877875621,22327.623728909923,22829.06138230092,27285.135376346374,25932.063192206435,26323.881785821563,6.739e-5,6.336e-5,5.785e-5,4.999e-5,6.901e-5,7.977e-5
GIN,GIN.2_1,MAIZ,0,0,0,0,0,0,1.3189724029848522,1.3286552979936985,1.355915277036952,1.634342196405498,1.5594487149001544,1.578992313693038,0,0,0,0,0,0
GIN,GIN.3_1,MAIZ,0.9395382625438996,0.9894740863226686,1.0526306887005477,1.4358206919429728,1.5150852570762847,2.1671917655366264,26283.56504210089,26476.519041885047,27019.736951985542,32568.035027164453,31075.60979679541,31465.06104601566,3.575e-5,3.737e-5,3.896e-5,4.409e-5,4.875e-5,6.888e-5
GIN,GIN.4_1,MAIZ,1.0956807267966417,1.1175244652756688,1.5094750643723018,2.703651406903444,4.1702783978058084,4.3971822238064355,90940.35432875363,91649.3191102464,93685.83828963836,112018.34668178375,107379.6241917327,108583.1928492509,1.205e-5,1.219e-5,1.611e-5,2.414e-5,3.884e-5,4.05e-5
GIN,GIN.5_1,MAIZ,4.394076798233255,4.698364579628772,5.220844017760205,6.38472708375221,6.290539855110555,6.109533959703174,10861.022061619662,10936.82654330424,11162.145955719949,13450.807730996106,12837.521555750216,12996.931736659622,4.046e-4,4.296e-4,4.677e-4,4.747e-4,4.9e-4,4.701e-4
GIN,GIN.6_1,MAIZ,3.1176222612909092,3.372069981470342,3.527543305565675,4.172334611171074,4.394825434540606,4.436888658768099,23738.832839754497,23912.93485690737,24403.78982161753,29413.67005189355,28065.238080774463,28417.323348999053,1.313e-4,1.41e-4,1.445e-4,1.419e-4,1.566e-4,1.561e-4
GIN,GIN.7_1,MAIZ,0.862846025140422,1.110475695422543,2.4264803478210206,3.350146212687982,3.2462884569208312,3.1122797771300075,10136.143889575602,10210.555770260302,10420.045422495585,12559.722728149765,11984.175352623553,12134.365552992045,8.513e-5,1.088e-4,2.329e-4,2.667e-4,2.709e-4,2.565e-4
GIN,GIN.8_1,MAIZ,13.7705216326711,14.228607991258357,14.743974844647362,15.22780348608654,14.691745272868658,14.357994845536453,20217.830021362035,20361.593850492165,20780.38203382871,25042.801044303127,23899.01872543091,24196.74979714321,6.811e-4,6.988e-4,7.095e-4,6.081e-4,6.147e-4,5.934e-4
GLP,GLP.1_1,MAIZ,3.8279454053747355e-4,3.5212378174729513e-4,0.0013244739342552767,0.001242366205654941,0.0011602584770546004,0.0010781507484542594,2.4663482746633276,2.759562918729591,1.9544031388895717,2.3061087032948855,2.6360030281217965,2.3841801041154826,1.552e-4,1.276e-4,6.777e-4,5.387e-4,4.402e-4,4.522e-4
GLP,GLP.2_1,MAIZ,0.00866780926682562,0.00819060763242722,0.007848386839834057,0.007206413756893893,0.006564440673953718,0.00597533523091778,2.9270112041108654,3.2749922890241416,2.319445288261291,2.7368421896389017,3.1283539622707575,2.82949571601636,0.002961,0.002501,0.003384,0.002633,0.002098,0.002112
GMB,GMB.2_1,MAIZ,0.00278658832400884,0.0012471164525394577,3.879232335052856e-4,2.798118283179418e-4,2.425035845422162e-4,2.0519534076649063e-4,664.8549407403137,946.2146863071213,729.6645367076741,792.7799751304229,895.3728895244795,850.358344381448,4.191e-6,1.318e-6,5.316e-7,3.53e-7,2.708e-7,2.413e-7
GMB,GMB.3_1,MAIZ,0.0013026722743200761,0.0010170056223432764,8.057733607379264e-4,6.689754895040282e-4,5.321776182701302e-4,3.95379747036232e-4,669.6779633970148,1036.608568511595,747.2207328738466,812.0718481778176,965.7265944882196,897.9591611868528,1.945e-6,9.811e-7,1.078e-6,8.238e-7,5.511e-7,4.403e-7
GMB,GMB.4_1,MAIZ,0.001886222090495726,0.0015418175863887473,0.0013050647379665805,0.001068311889544424,8.315590411222688e-4,5.948061927001091e-4,911.0933565710426,1435.0805498934565,1020.2278491493589,1108.836531169737,1332.8102726638112,1233.9600158668134,2.07e-6,1.074e-6,1.279e-6,9.635e-7,6.239e-7,4.82e-7
GMB,GMB.5_1,MAIZ,0.145144141220175,0.12224709355952364,0.09976044763165191,0.07781506080581568,0.0563235931649718,0.03509359494558729,2822.0259976796933,3933.981514560574,3085.0331212833303,3351.6723117269726,3737.5607166171462,3568.588433866767,5.143e-5,3.107e-5,3.234e-5,2.322e-5,1.507e-5,9.834e-6
GMB,GMB.6_1,MAIZ,0.0103962117879058,0.008886500270661034,0.007376788753416257,0.0058670772361715,0.004357365718926724,0.00284765420168197,1372.5057931320523,2182.4181664873986,1539.9282917240487,1673.7262841856004,2023.5128707265155,1869.0815770582622,7.575e-6,4.072e-6,4.79e-6,3.505e-6,2.153e-6,1.524e-6
GNB,GNB.1_1,MAIZ,0.32623342186712634,0.2699098601106064,0.22703294657314704,0.1885593809191859,0.15050231604403083,0.11278591963139178,359.2443358258284,426.4201318023272,495.9490312876793,517.6067796787203,390.5525694072061,451.2090906169769,9.081e-4,6.33e-4,4.578e-4,3.643e-4,3.854e-4,2.5e-4
GNB,GNB.2_1,MAIZ,0.00868585755577701,0.00420723455438354,0.00177113074831813,0.00137754613758076,9.839615268434057e-4,5.903769161060434e-4,219.50680723308162,276.5590219415463,331.2646159936216,342.215512390105,244.43965170721782,291.30613131294984,3.957e-5,1.521e-5,5.347e-6,4.025e-6,4.025e-6,2.027e-6
GNB,GNB.3_1,MAIZ,0,0,0,0,0,0,36.607052097626834,46.121624435696,55.24485189610678,57.071127991845856,40.765091422747034,48.58099327192137,0,0,0,0,0,0
GNB,GNB.4_1,MAIZ,0.013523124991559532,0.005831073183689919,0.0015972231166066775,8.215747903098176e-4,2.168753135806939e-4,1.5912403134779672e-4,0.23993563452461947,0.3022975243888134,0.36209440078815625,0.3740644636241283,0.26718890258866307,0.3184171021323615,0.05636,0.01929,0.004411,0.002196,8.117e-4,4.997e-4
GNB,GNB.5_1,MAIZ,0.2385892629907786,0.22556487938207181,0.21291746637812708,0.43928974448328795,0.41452562633003187,0.38981400081997625,490.1553014050153,500.8906414160499,533.968803778935,575.0580124441168,503.5364190959009,536.7327016285693,4.868e-4,4.503e-4,3.987e-4,7.639e-4,8.232e-4,7.263e-4
GNB,GNB.6_1,MAIZ,0.08372864235039189,0.07115005556422731,0.05855113769697107,0.04770661867634881,0.03704948072656406,0.027149207518485725,293.6775088994463,312.84598432482966,335.17432511318566,383.27983822034486,338.7119447521265,357.5113804012375,2.851e-4,2.274e-4,1.747e-4,1.245e-4,1.094e-4,7.594e-5
GNB,GNB.7_1,MAIZ,1.5412349446598324,1.621571186229727,1.7291997114145308,1.92555025014867,1.7916481737367784,2.2030560344453916,8391.07004039097,10518.000550324656,12567.99448087561,12994.314042245047,9324.599176587584,11083.085081923777,1.837e-4,1.542e-4,1.376e-4,1.482e-4,1.921e-4,1.988e-4
GNB,GNB.8_1,MAIZ,0.10281446052593034,0.08992555968928566,0.09383016931360205,0.08416784237176078,0.06991836769399165,0.05569664586761782,232.95814412814826,293.50650809196765,351.56445091588705,363.1864162354205,259.41886873958606,309.15731762139194,4.413e-4,3.064e-4,2.669e-4,2.317e-4,2.695e-4,1.802e-4
GNB,GNB.9_1,MAIZ,0.04261340935475531,0.03224296883992752,0.023891231898175987,0.018334823776804416,0.01390714416842111,0.010886351880120444,58.87157172270882,60.57644090006989,62.944834455507326,74.55995903027507,69.25874173395687,71.13224632924748,7.238e-4,5.323e-4,3.796e-4,2.459e-4,2.008e-4,1.53e-4
GNQ,GNQ.4_1,MAIZ,0,0,0,0,0,0,0.4101229425164108,0.4073973490324853,0.41141597142201175,0.4116968186625549,0.4111374658340927,0.41119588788798106,0,0,0,0,0,0
GNQ,GNQ.5_1,MAIZ,0.14393125658151415,0.25367840717889345,0.23771084825178967,0.2217432893246859,0.21433723169163157,0.19793062141611503,171.89371171461278,172.8626200326137,181.02607940276522,181.02732273476914,181.02484643743483,180.99252240179408,8.373e-4,0.001468,0.001313,0.001225,0.001184,0.001094
GNQ,GNQ.6_1,MAIZ,0,0,0,0,0,0,0.0313832962938417,0.031564308585203954,0.033067370898785094,0.033067370898785094,0.033067370898785094,0.033061358649530775,0,0,0,0,0,0
GNQ,GNQ.7_1,MAIZ,0,0,0,0,0,0,1.5872852565239537,1.573320269538798,1.578389652434073,1.5796650594989416,1.577124879478674,1.5774429119039084,0,0,0,0,0,0
GRC,GRC.1_1,MAIZ,1.217369489102095,1.0228209474795247,0.8284926301518334,0.6343845371190211,0.44027644408620886,0.2461683510533965,22.32301145245863,25.586050009492183,25.40982318846772,26.845029578187354,18.191724192270154,20.904359393425374,0.05453,0.03998,0.03261,0.02363,0.0242,0.01178
GRC,GRC.3_1,MAIZ,2.2519433196863146,1.9737968480197894,1.6956503763532638,1.4175039046867377,1.1393574330202123,0.8612109613536869,41.180962833564195,47.200539082398926,46.8754400166953,49.5230747732966,33.5596619405854,38.56386711414353,0.05468,0.04182,0.03617,0.02862,0.03395,0.02233
GRC,GRC.4_1,MAIZ,10.257007015468028,8.754375564702539,7.2517441139370495,5.7491126631715606,4.246481212406071,2.743850986084194,36.02605049786106,41.29211381922405,41.007709702565066,43.323921293506025,29.358761732915873,33.7365551568551,0.2847,0.212,0.1768,0.1327,0.1446,0.08133
GRC,GRC.5_1,MAIZ,0.17579089560493902,0.14724487153869287,0.12170554352382316,0.09666061860864321,0.07539163846182258,0.06101694854696775,7256.044722741288,8315.221477894687,8258.491363068117,8724.086446195983,5913.50851552343,6794.639307402138,2.423e-5,1.771e-5,1.474e-5,1.108e-5,1.275e-5,8.98e-6
GRC,GRC.6_1,MAIZ,1.2943913944359893,1.08410559910888,0.8906909285060718,0.7183531566466748,0.5446522175343728,0.37939077630576895,55715.93911792588,63847.25088830398,63408.065737487916,66984.50803346426,45420.96167728493,52180.701011081364,2.323e-5,1.698e-5,1.405e-5,1.072e-5,1.199e-5,7.271e-6
GRC,GRC.7_1,MAIZ,32.172998338657365,27.46848174695885,23.155973363726147,18.627254904737676,14.078991439782584,11.007697245979687,23439.423426591286,26865.652121518513,26680.611895834285,28187.59541124537,19101.523426196196,21949.822152251407,0.001373,0.001022,8.679e-4,6.608e-4,7.371e-4,5.015e-4
GRC,GRC.8_1,MAIZ,2.127426033758101,1.7665276977496585,1.4515593711132802,1.1562757071561474,0.8617907295091062,0.5839842987093958,10245.439623925822,11743.054074280244,11662.17245762347,12320.879301234643,8349.331014946314,9594.330608050526,2.076e-4,1.504e-4,1.245e-4,9.385e-5,1.032e-4,6.087e-5
GRD,GRD.2_1,MAIZ,0.26502984184038364,0.7348018973717576,0.9361076680634717,0.853108779618213,2.3258258980059487,2.193209011998391,115.90247299188324,116.68070633645709,117.15729884980077,117.63389136314446,53.453771702299676,72.6170167267617,0.002287,0.006298,0.00799,0.007252,0.04351,0.0302
GRD,GRD.3_1,MAIZ,0.23478102197987416,0.21792521681450547,0.2010694116491368,0.18421360648376808,0.16900658100519206,0.1554483352134087,23.073429294114543,23.228357067326115,23.323235316037085,23.41811356474805,10.641376236753171,14.45632312877231,0.01018,0.009382,0.008621,0.007866,0.01588,0.01075
GRD,GRD.4_1,MAIZ,0.03143851479967645,0.02245608199976889,0.01347364919986134,0.004491216399953773,0,0,21.65405107012254,21.79944835244847,21.88849009898916,21.977531845529846,9.986764496503266,13.567032248495348,0.001452,0.00103,6.156e-4,2.044e-4,0,0
GRD,GRD.5_1,MAIZ,0.07875351526745543,0.06171594534570073,0.05485605910836678,0.03729655668997513,0.02666233752068465,0.02295340160049535,24.21073920757242,24.373303508934942,24.47285839116471,24.57241327339447,11.165899164516729,15.1688881921154,0.003253,0.002532,0.002242,0.001518,0.002388,0.001513
GRD,GRD.6_1,MAIZ,0.00455465719419451,0.00325332656728179,0.00195199594036907,6.506653134563588e-4,0,0,0.9644184429098792,0.9708940820487181,0.9748597835368443,0.9788254850249705,0.444786051082812,0.6042424151319763,0.004723,0.003351,0.002002,6.647e-4,0,0
GRD,GRD.7_1,MAIZ,0.0290088173437809,0.02356695309990257,0.01822402679047975,0.01298861038805359,0.00910607315081891,0.00660681176699357,15.932505754388924,16.039485415138255,16.105000091101026,16.170514767063796,7.34800995402681,9.982280852167076,0.001821,0.001469,0.001132,8.032e-4,0.001239,6.619e-4
GTM,GTM.10_1,MAIZ,255.30734081085504,226.5534714718252,206.52887109854038,180.75301362258065,164.23086895919224,139.7827446384274,14756.496603938896,15422.169633437117,15503.580297967923,15562.373148062861,16917.272260266087,16412.12203846601,0.0173,0.01469,0.01332,0.01161,0.009708,0.008517
GTM,GTM.11_1,MAIZ,117.06418626818389,119.75894906721747,129.52499281624912,135.59118781445903,141.14695281023089,135.52562814124332,129581.11514296323,135701.0196056477,135596.8134119283,135952.47175037547,147101.110317601,142985.0799769735,9.034e-4,8.825e-4,9.552e-4,9.973e-4,9.595e-4,9.478e-4
GTM,GTM.12_1,MAIZ,11125.931538493483,10761.71752879336,10235.163217345638,10941.939592642328,13095.98423940984,12839.846433796762,286493.5887797204,299439.2185779111,300960.23253175244,302160.5371172519,328059.8493016341,318382.9739657123,0.03883,0.03594,0.03401,0.03621,0.03992,0.04033
GTM,GTM.13_1,MAIZ,63.74551905425753,61.18878329755163,60.199597158103494,65.25365185435557,89.29515562898942,84.44579423365032,26971.519214974105,28188.218096008564,28337.01827274634,28444.478229441986,30920.925615292785,29997.625913513126,0.002363,0.002171,0.002124,0.002294,0.002888,0.002815
GTM,GTM.14_1,MAIZ,5208.478781377684,5334.74480206713,5223.779098846451,5309.591996428418,5637.235564813711,5526.321918075669,75246.83502802237,78641.25085485025,79056.37627613732,79356.1801482781,86265.093696685,83689.22481299666,0.06922,0.06784,0.06608,0.06691,0.06535,0.06603
GTM,GTM.15_1,MAIZ,36.29888512991406,33.567343053976685,30.8756094987303,44.50558348977016,44.95078356430584,42.87434377887041,17226.564909813078,18003.663970595713,18098.701846761833,18167.335945733743,19749.02963150919,19159.323055578236,0.002107,0.001864,0.001706,0.00245,0.002276,0.002238
GTM,GTM.16_1,MAIZ,106.02460413378053,101.07660775617842,99.83590712834871,107.39738188143109,130.20446953974914,126.35413020917937,2189.5137664819936,2288.2838405165776,2300.363250386876,2309.086713557614,2510.121575556724,2435.169275260902,0.04842,0.04417,0.0434,0.04651,0.05187,0.05189
GTM,GTM.17_1,MAIZ,236.53909229696453,224.93835960593483,217.13538209704927,229.75517713430614,251.37930973033252,280.3985104243199,42099.5554468792,43976.50443243189,44187.66673992119,44372.396898221894,48127.88828518213,46720.09176482658,0.005619,0.005115,0.004914,0.005178,0.005223,0.006002
GTM,GTM.18_1,MAIZ,227.82740276343188,215.37454457494024,209.28302243030404,201.05702905213457,208.17033065321542,196.67844624817934,44765.522632081585,46784.9180121215,47031.886587614805,47210.2414324109,51320.48307712018,49788.05202024206,0.005089,0.004604,0.00445,0.004259,0.004056,0.00395
GTM,GTM.19_1,MAIZ,102.72176170503268,93.39316986544812,84.68435858174327,87.35843079362623,91.87646238912897,99.58751404914511,13335.219216505691,13936.77770380306,14010.347270294194,14063.477465449723,15287.878972285442,14831.382479535772,0.007703,0.006701,0.006044,0.006212,0.00601,0.006715
GTM,GTM.1_1,MAIZ,11164.948154179623,11216.424107637617,10985.903810934818,11396.251871816681,14784.400334863756,14632.422854166154,100928.86760566806,105481.81989957204,106038.63812022787,106440.75902620281,115707.75760892162,112252.72073767502,0.1106,0.1063,0.1036,0.1071,0.1278,0.1304
GTM,GTM.20_1,MAIZ,70.9459157511889,65.32366305240883,61.02735370917342,57.07384259232578,54.66018143883026,53.83762997617926,111995.53201079363,117047.70713642541,117665.57944922398,118111.79217176516,128394.9000777195,124561.02477829585,6.335e-4,5.581e-4,5.187e-4,4.832e-4,4.257e-4,4.322e-4
GTM,GTM.21_1,MAIZ,212.46305656360352,193.75219004523987,208.6767363403317,197.98896103368108,256.5410701775157,246.85720391097152,20000.293431217586,20902.516789277943,21012.857151407792,21092.542342623336,22928.91181032798,22244.25386379686,0.01062,0.009269,0.009931,0.009387,0.01119,0.0111
GTM,GTM.22_1,MAIZ,561.9679826729997,574.1120680074762,552.4571364845584,581.1695017162943,688.00062306872735,693.4311218967341,48249.65765497919,50425.41529277081,50691.82866881076,50885.48218757169,55313.61708389202,53662.5141993486,0.01165,0.01139,0.0109,0.01142,0.01244,0.01292
GTM,GTM.2_1,MAIZ,1615.552128385516,1601.7263398427285,1578.9706235243546,1563.6844249098883,1874.6113799001785,1858.6276028574457,41438.72557967511,43308.04746111712,43536.66230631355,43701.76252261292,47506.5472222379,46088.000396421674,0.03899,0.03698,0.03627,0.03578,0.03946,0.04033
GTM,GTM.3_1,MAIZ,391.9706030692085,362.5821568200504,337.99974185013946,314.6782027606005,309.9059778214664,288.8373361592698,30865.67949013205,32258.04591186341,32428.32992614738,32551.30500051953,35385.30299212726,34328.69685728842,0.0127,0.01124,0.01042,0.009667,0.008758,0.008414
GTM,GTM.4_1,MAIZ,87.13901795242485,80.22770339493763,83.54804662112291,78.56391972458319,88.85240445301106,100.5982514673502,28764.95910542422,30057.41330339115,30211.22952128801,30337.566978540413,32953.76701941181,31977.311994879296,0.003029,0.002669,0.002765,0.00259,0.002696,0.003146
GTM,GTM.5_1,MAIZ,92.23806463160244,83.73383036164776,77.92047220226107,71.65707941809704,70.88451332775001,69.66540196481526,17102.74880048031,17874.262453912375,17968.617244383364,18036.75803507549,19607.083281504252,19021.615227545728,0.005393,0.004685,0.004336,0.003973,0.003615,0.003662
GTM,GTM.6_1,MAIZ,595.9084871622089,558.106536878176,525.184265741267,494.90694045752053,505.9686548932151,487.72302990636763,125630.38368300605,131297.63386764456,131990.7288003648,132491.26551402305,144026.28631783772,139725.65738906068,0.004743,0.004251,0.003979,0.003735,0.003513,0.003491
GTM,GTM.7_1,MAIZ,177.89505228953482,154.49785161605473,133.61945313339257,110.83482169853349,92.55337413193608,79.07430899336156,8215.502377085177,8586.107846864796,8631.432257253262,8664.164470913083,9418.488290161957,9137.251966976959,0.02165,0.01799,0.01548,0.01279,0.009827,0.008654
GTM,GTM.8_1,MAIZ,1418.066712525606,1378.2791315052555,1290.8965987901242,1297.776375702911,1586.0049933684027,1533.5878321545938,54662.7906546862,57097.118484084436,57368.693867091504,57610.64642672888,62473.282279939966,60649.48969887427,0.02594,0.024140000000000002,0.0225,0.02253,0.02539,0.02529
GTM,GTM.9_1,MAIZ,7789.50535259543,7747.832898052811,7456.395540639644,7756.2340983616805,12679.333072210104,12438.288214944467,101766.34258769244,106348.15181428766,106912.05067949287,107333.14065878963,116654.86203607485,113177.75777969656,0.07654,0.07285,0.06974,0.07226,0.1087,0.1099
GUF,GUF.1_1,MAIZ,57.59000504572512,49.89143059476516,42.34358821202045,34.67634726955402,27.05673529244898,19.450092447611876,24.810651904900297,27.746109042574584,19.674461539587888,23.216231021608078,26.5192470463406,23.99442613717387,2.321,1.798,2.152,1.494,1.02,0.8106
GUF,GUF.2_1,MAIZ,8.970093886108673,7.744716320863187,6.538054372316356,5.34229905290582,4.164437462316046,3.002786125696826,13.177140613233695,14.743720092057641,10.441933623347941,12.321016851063693,14.083567562335562,12.738134675441342,0.6807,0.5253,0.6261,0.4336,0.2957,0.2357
GUY,GUY.10_1,MAIZ,0.13567865667397602,0.11459829209047415,0.09501939163375549,0.07743692608908462,0.06138008202006276,0.045551869181435015,12.955143345926803,11.192878766970916,13.59990058649278,16.089651136605095,14.18415379689513,14.865759289561831,0.01047,0.01024,0.006987,0.004813,0.004327,0.003064
GUY,GUY.1_1,MAIZ,0.26956438838262164,0.22809294401606447,0.1866214996495073,0.1451500552829501,0.10367861091639297,0.06220716654983576,0.029363510157237885,0.029363510157237885,0.029363510157237885,0.029363510157237885,0.029363510157237885,0.029363510157237885,9.18,7.768,6.356,4.943,3.531,2.119
GUY,GUY.3_1,MAIZ,0.9629587741015829,1.2744648120165898,1.1641196222127839,1.2943144027397748,1.172825204521869,1.1760834377459608,87.96837125626551,87.96837125626551,87.96837125626551,87.96837125626551,87.96837125626551,87.96837125626551,0.01095,0.01449,0.01323,0.01471,0.01333,0.01337
GUY,GUY.4_1,MAIZ,9.974200993251241,9.03556864386718,8.5022946764118,22.595653018077382,28.254195869742546,27.81528697461524,307.99681780534496,307.98023031206196,307.98324621993163,308.09785071897744,308.10720003337326,308.0957206837794,0.03238,0.02934,0.02761,0.07334,0.0917,0.09028
GUY,GUY.5_1,MAIZ,6.859219298166632,6.771870088304416,6.504151064865276,7.425876366367537,14.805506596104157,17.04284316234775,267.2221510562671,267.2221510562671,267.2221510562671,267.2221510562671,267.2221510562671,267.2221510562671,0.02567,0.02534,0.02434,0.02779,0.05541,0.06378
GUY,GUY.6_1,MAIZ,1.2077936050600302,1.1121783492091883,1.0401715477234312,1.6197113538086456,2.6957782170774136,3.002647727146343,256.73641299741354,256.73641299741354,256.73641299741354,256.73641299741354,256.73641299741354,256.73641299741354,0.004704,0.004332,0.004052,0.006309,0.0105,0.0117
GUY,GUY.7_1,MAIZ,7.447909362387017,7.343154506787787,6.84704630265906,9.238199860647477,13.4294174502491,14.65656776925561,75.458115247993,75.458115247993,75.458115247993,75.458115247993,75.458115247993,75.458115247993,0.0987,0.09731,0.09074,0.1224,0.178,0.1942
GUY,GUY.9_1,MAIZ,0.31568434496633385,0.197934579314265,0.10254460261885698,0.04382604713521567,0.02681782759119191,0.016762025326104,0.026365022237192587,0.026365022237192587,0.026365022237192587,0.026365022237192587,0.026365022237192587,0.026365022237192587,11.97,7.507,3.889,1.662,1.017,0.6358
HND,HND.10_1,MAIZ,1215.44163101009,1192.6981700350161,1166.3016960223765,1163.9224026561226,1127.3154998635973,1104.5176995752045,11774.230813642245,11913.242787451123,12061.606752613725,12806.227765786018,12865.23187411166,12769.701924376035,0.1032,0.1001,0.0967,0.09089,0.08762,0.0865
HND,HND.12_1,MAIZ,103.96592864335754,92.55661642929083,85.14748046390766,78.17961951655768,74.41751976528205,71.3926173850614,8065.109052529587,8213.895432369643,8238.19817332115,8681.338350675742,8734.454363515391,8673.381835009986,0.01289,0.01127,0.01034,0.009005,0.00852,0.008231
HND,HND.13_1,MAIZ,530.3652923738243,518.83631535574,498.96213240558745,500.83581072218243,510.23410681940777,524.215477620886,14276.64403548388,14528.709413445147,14588.059098922857,15386.624631955328,15477.9672736816,15368.93677135758,0.03715,0.03571,0.0342,0.03255,0.03297,0.03411
HND,HND.14_1,MAIZ,263.41864939042495,250.80444831291862,256.41176898841513,252.44193199636732,259.5058675529391,272.46256838344027,4942.804216617927,5037.3776313644075,5051.5501340296205,5317.106843155734,5358.487621784791,5318.402457312325,0.05329,0.04979,0.05076,0.04748,0.04843,0.05123
HND,HND.15_1,MAIZ,4723.3550705195985,4830.619068983667,4855.025001933907,5633.944763071192,6626.551412849116,6351.068747431479,85225.6883953577,86078.62426140427,87373.78998500935,92955.05908839802,93345.8108992017,92641.84806598426,0.05542,0.05612,0.05557,0.06061,0.07099,0.06856
HND,HND.16_1,MAIZ,1038.4789723279773,1010.7695509946612,964.5135671584206,981.6614324942175,997.0162564550409,965.6275562524689,13583.984803512141,13732.448190093919,13935.4313102703,14803.092423800701,14896.475144913076,14775.011548209914,0.07645,0.0736,0.06921,0.06631,0.06693,0.06536
HND,HND.17_1,MAIZ,13.925354015408836,12.97531814386221,11.98170732345202,20.042295205013176,23.162913201718073,22.29553518772414,14959.100402915194,15173.11694669723,15307.621319925414,16206.938458727349,16290.770250626581,16172.446788439827,9.309e-4,8.552e-4,7.827e-4,0.001237,0.001422,0.001379
HND,HND.18_1,MAIZ,776.815099930478,801.4750199741276,778.3447674341306,898.7980589760944,916.8752270373175,886.5641484532475,28359.819990914024,28643.644129859815,29074.62529846535,30931.85625867399,31061.883381061183,30827.631718138535,0.02739,0.02798,0.02677,0.02906,0.02952,0.02876
HND,HND.1_1,MAIZ,412.01372402530126,488.4909320820585,505.924898024712,553.8388277049795,566.1541453733656,583.4364017532395,11207.911005958536,11320.07940800292,11490.404839706029,12224.389728404134,12275.776952178596,12183.199785191075,0.03676,0.04315,0.04403,0.04531,0.04612,0.04789
HND,HND.2_1,MAIZ,58.132959657905225,54.61757773275491,54.53190739931711,58.04285297081311,59.19165125069913,59.15300977610633,59551.707301793125,60147.79684812152,61052.755368913036,64947.07176616061,65221.653460249196,64729.280002904765,9.762e-4,9.081e-4,8.932e-4,8.937e-4,9.075e-4,9.139e-4
HND,HND.3_1,MAIZ,2043.1652688815511,2156.741713839419,2154.2939614445663,2487.531263154722,2565.116757374334,2496.2758827592957,36482.22310713131,36847.33598737974,37401.75245240232,39790.904226761646,39958.17180781215,39656.82922408987,0.056,0.05853,0.0576,0.06252,0.0642,0.06295
HND,HND.4_1,MAIZ,248.8437721050965,229.31701335388533,213.30311726368177,205.21440353375706,195.98222827940967,180.0370071178219,19551.209287954916,19746.8771428031,20043.994791267505,21324.366500634558,21414.006966748835,21252.51428839899,0.01273,0.01161,0.01064,0.009623,0.009152,0.008471
HND,HND.5_1,MAIZ,179.08203883199621,170.12134717428495,161.18195236783743,184.5867493635576,189.73104071416074,183.77705394922432,10164.957865154367,10288.165125597166,10436.718445722028,11064.772524417378,11164.74897675197,11064.895950823413,0.01762,0.01654,0.01544,0.01668,0.01699,0.01661
HND,HND.6_1,MAIZ,627.4542840170076,662.7337310497247,647.6583233243487,658.1795329830429,664.5955296240089,645.2148031640612,38795.485030397824,39194.37401431105,39781.014885326986,42303.04142154015,42507.31908322249,42179.00750178554,0.01617,0.01691,0.01628,0.01556,0.01563,0.0153
HND,HND.7_1,MAIZ,309.4671700031005,302.73892407517366,354.98569102914803,345.163054987286,351.5107398862616,348.69640597480793,28945.057134273404,29234.738307161802,29674.61326240058,31570.170295978493,31702.880675935354,31463.794963498993,0.01069,0.01036,0.01196,0.01093,0.01109,0.01108
HND,HND.8_1,MAIZ,1322.8128017720303,1255.1509855987117,1184.0119005666152,1142.8374191932803,1132.3656613465207,1074.6468350280143,18603.68732895509,18789.872415427748,19072.590673441155,20290.910962231643,20376.20712877819,20222.5409667681,0.0711,0.0668,0.06208,0.05632,0.05557,0.05314
HND,HND.9_1,MAIZ,1357.317085493118,1616.7537886177565,1711.6889804550522,2433.5994360245268,3150.591949193486,3055.300502532386,6247.822688620745,6310.3506911063705,6405.298188108983,6814.456276380277,6843.101959097835,6791.495042871845,0.2172,0.2562,0.2672,0.3571,0.4604,0.4499
HRV,HRV.10_1,MAIZ,0.0137952296043758,0.01217226141562571,0.01054929322687561,0.00892632503812552,0.00730335684937542,0.00568038866062533,881.7721968322161,813.3954899866076,595.6442657191012,722.3922168954525,749.9017971167094,694.8650146531057,1.564e-5,1.496e-5,1.771e-5,1.236e-5,9.739e-6,8.175e-6
HRV,HRV.11_1,MAIZ,0.06080052244610521,0.05487096949147374,0.04913247644049238,0.04366291007209244,0.0385950539514691,0.03371988253985024,4704.717283284058,4278.233934617111,3066.952824512693,3836.9843207442295,3916.719551675391,3641.8917375971105,1.292e-5,1.283e-5,1.602e-5,1.138e-5,9.854e-6,9.259e-6
HRV,HRV.12_1,MAIZ,0,0,0,0,0,0,780.7329805958707,720.1913233167174,527.3914562291426,639.6157995026492,663.9731523861286,615.2428438443272,0,0,0,0,0,0
HRV,HRV.13_1,MAIZ,0,0,0,0,0,0,8.18317139441349,7.548610321254987,5.527798601486697,6.704066363265758,6.959365419810798,6.4486037678618,0,0,0,0,0,0
HRV,HRV.14_1,MAIZ,0.04943381771265445,0.04187432016251199,0.034314822612369525,0.02675532506222706,0.01919582751208461,0.011636329961942155,78.4777832283492,72.39225184396705,53.012378632763216,64.29295458286633,66.74130902300693,61.84303178169541,6.299e-4,5.784e-4,6.473e-4,4.161e-4,2.876e-4,1.882e-4
HRV,HRV.15_1,MAIZ,0.9467919765245457,0.8858793536225137,0.8249667307204817,0.7640541078184496,0.7031414849164174,0.6422288620143854,2169.7935959640527,1882.1195174174254,1472.4098823618162,1649.92363020384,1717.9313171713025,1621.809027075934,4.364e-4,4.707e-4,5.603e-4,4.631e-4,4.093e-4,3.96e-4
HRV,HRV.16_1,MAIZ,4.220164497038986,3.7256741221670913,3.2318835550766374,2.7387927957676266,2.2457020364586153,1.753913736157417,163.25984441238788,150.59991868423563,110.28334812073378,133.75069134495828,138.8440814551333,128.65403852313085,0.02585,0.02474,0.02931,0.02048,0.01617,0.01363
HRV,HRV.17_1,MAIZ,0,0,0,0,0,0,161.4278728675317,148.9100067118202,109.04583649406385,132.24984794080876,137.28608409630328,127.21038568520544,0,0,0,0,0,0
HRV,HRV.18_1,MAIZ,0.1189531711988465,0.10703442499722908,0.09790147395942661,0.08876852292162414,0.07999194503258675,0.07157174029231446,916.1202924777758,845.0800749486837,618.8466827188082,750.5319076780304,779.1130817826095,721.932425113315,1.298e-4,1.267e-4,1.582e-4,1.183e-4,1.027e-4,9.914e-5
HRV,HRV.19_1,MAIZ,0,0,0,0,0,0,1556.2314106929755,1435.554007464385,1051.246931170365,1274.9431914632607,1323.4945894196699,1226.3606925684928,0,0,0,0,0,0
HRV,HRV.1_1,MAIZ,0.00680969409416678,0.00626491856663344,0.0057201430391001,0.00517536751156676,0.00463059198403341,0.00408581645650007,1586.062527558404,1463.071881136036,1071.3980923940048,1299.382345614755,1348.8644164881007,1249.86857763482,4.293e-6,4.282e-6,5.339e-6,3.983e-6,3.433e-6,3.269e-6
HRV,HRV.20_1,MAIZ,0.5849559328103026,0.5161098347187193,0.44729519008955665,0.3784805454603941,0.30966590083123147,0.24085125620206893,53.81203430708493,49.63919952299896,36.35046532068611,44.08553013851271,45.764361110908936,42.40562374458828,0.01087,0.0104,0.01231,0.008585,0.006767,0.00568
HRV,HRV.21_1,MAIZ,0,0,0,0,0,0,1741.651464948068,1606.5957305148368,1176.4996806482281,1426.8486433831727,1481.184786963775,1372.477693285698,0,0,0,0,0,0
HRV,HRV.2_1,MAIZ,0.054522633139037706,0.05016250721872355,0.046379124610939314,0.04317248531568507,0.03996584602043084,0.03675920672517657,2442.166115606656,2101.10266317006,1658.209267797498,1838.5639698524,1915.154089323967,1812.6528347891278,2.233e-5,2.387e-5,2.797e-5,2.348e-5,2.087e-5,2.028e-5
HRV,HRV.3_1,MAIZ,0.0660558700915252,0.05724842074598851,0.04844097140045181,0.03963352205491512,0.03082607270937842,0.02201862336384173,147.693195860281,107.58055579315035,101.37513345699436,90.35494480421417,95.03812594187059,95.25337612118558,4.473e-4,5.321e-4,4.778e-4,4.386e-4,3.244e-4,2.312e-4
HRV,HRV.4_1,MAIZ,0,0,0,0,0,0,328.32362730769177,302.86389009261984,221.78527130758908,268.97925999711487,279.22231959505046,258.7296389245654,0,0,0,0,0,0
HRV,HRV.5_1,MAIZ,1.2188275147595315,1.0616439224612393,0.9057176427051817,0.7520132095546157,0.600746403466719,0.4502624852559778,128.16618032251242,118.14984948413662,86.4504244458336,105.37305284545118,109.19453353546741,101.21391259598995,0.00951,0.008986,0.01048,0.007137,0.005502,0.004449
HRV,HRV.6_1,MAIZ,0,0,0,0,0,0,306.963991827922,283.1605798392251,207.35666442127328,251.4803702819,261.0570507312999,241.89755522544715,0,0,0,0,0,0
HRV,HRV.7_1,MAIZ,0,0,0,0,0,0,1081.9852551311374,998.0830989198657,730.8898093257891,886.4168431601166,920.1726820050909,852.6393810806458,0,0,0,0,0,0
HRV,HRV.8_1,MAIZ,0,0,0,0,0,0,213.8725633479869,197.28789259186553,144.47264997754718,175.21518111492875,181.88758977068366,168.53849826359883,0,0,0,0,0,0
HRV,HRV.9_1,MAIZ,0.07744288804622135,0.06602806685085245,0.05461324565548356,0.04319842446011467,0.03178360326474578,0.02078872592726334,19.21676262460073,17.726605700596473,12.981078904676085,15.74334029107574,16.34286596779074,15.143430571636934,0.00403,0.003725,0.004207,0.002744,0.001945,0.001373
HTI,HTI.10_1,MAIZ,2.139934958463215,1.7613961904138176,1.4339764406078706,1.1511722025321083,0.9158225998176726,0.7299891026951733,2242.0528419804327,3419.535799012343,3163.0706140864177,3077.5822191111088,2992.0938241358003,3130.196291166166,9.545e-4,5.151e-4,4.533e-4,3.741e-4,3.061e-4,2.332e-4
HTI,HTI.1_1,MAIZ,0.7597974123075414,0.7043797630714405,0.6416253914980526,0.6867219477059194,0.7869959609396844,0.7765350222002124,2254.4403288302756,3432.733807935295,3178.267166833325,3097.389779359649,3014.3095743486447,3150.892858554404,3.37e-4,2.052e-4,2.019e-4,2.217e-4,2.611e-4,2.464e-4
HTI,HTI.2_1,MAIZ,2.5104149325772056,1.9928500556596298,1.566128606732525,1.2078696575928678,0.8808097341117743,0.6200903537129805,440.8238830405138,672.336093463859,621.9108864540697,605.1024841174732,588.2940817808767,615.4472623990575,0.005695,0.002964,0.002518,0.001996,0.001497,0.001008
HTI,HTI.3_1,MAIZ,1.5147990446162054,1.3817494792113116,1.2367508906891906,1.0756715549210039,0.9290425884986995,0.7932069212137043,5850.177037269224,8922.577307246474,8253.38400920299,8030.319576521828,7807.255143840665,8167.605206195853,2.589e-4,1.549e-4,1.498e-4,1.34e-4,1.19e-4,9.712e-5
HTI,HTI.4_1,MAIZ,0.3313694983718151,0.2783645589373397,0.22853818969892312,0.18092786924641044,0.13812035080015242,0.0999337174615164,718.2416241410224,1095.4482874371204,1013.2896658793363,985.9034586934083,958.5172515074804,1002.758376587367,4.614e-4,2.541e-4,2.255e-4,1.835e-4,1.441e-4,9.966e-5
HTI,HTI.5_1,MAIZ,2.0681178046455218,1.7129313163991662,1.4333425461945923,1.1641019222238116,1.0187495548970553,0.8758267463883513,2100.1965270125347,3090.118054223213,2917.685416728916,2938.5213651891,2915.6265309204628,2999.684298361933,9.847e-4,5.543e-4,4.913e-4,3.962e-4,3.494e-4,2.92e-4
HTI,HTI.6_1,MAIZ,1.5318614026591224,1.3546199636420442,1.1805981668530101,1.0939995060552459,1.0007357520136717,0.8410794776149815,2032.9194210567432,3100.5695346013836,2868.02681950628,2790.5125811412454,2712.998342776211,2838.218936182871,7.535e-4,4.369e-4,4.116e-4,3.92e-4,3.689e-4,2.963e-4
HTI,HTI.7_1,MAIZ,1.8156274962366403,2.0975237526765147,1.8901099239988395,2.3437341162796317,2.3540450576489302,2.2109831470632533,3118.9605106719628,4756.97848072471,4400.205094670357,4281.280632652239,4162.356170634121,4354.473025789779,5.821e-4,4.409e-4,4.296e-4,5.474e-4,5.656e-4,5.077e-4
HTI,HTI.8_1,MAIZ,7.91149255864818,6.798603834618958,5.718014657886019,4.669804555363123,3.6439124305666457,2.653799312093494,9405.45136804992,14340.11358851179,13267.176035821036,12912.92398580765,12556.776814520403,13134.155686709615,8.412e-4,4.741e-4,4.31e-4,3.616e-4,2.902e-4,2.021e-4
HTI,HTI.9_1,MAIZ,12.324250682936611,11.677769171978174,11.018279150846789,11.537830653713488,11.269770970438923,11.559243869950473,12305.760708234919,18768.01699808463,17360.67396751519,16891.900519023908,16422.936712450573,17180.730510184112,0.001002,6.222e-4,6.347e-4,6.83e-4,6.862e-4,6.728e-4
HUN,HUN.10_1,MAIZ,0.03527151632130204,0.03222708574355938,0.02987203050008465,0.02751697525660993,0.0251619200131352,0.022919562748605102,1730.7593126577733,1329.2189645816784,572.1867202386892,1291.5186955037589,1096.069841412392,1022.0807519934496,2.038e-5,2.425e-5,5.221e-5,2.131e-5,2.296e-5,2.242e-5
HUN,HUN.11_1,MAIZ,0.23689719750903948,0.19749693514161834,0.15938337259327334,0.12255650986400458,0.0857296471347358,0.04890278440546702,5922.508268074013,4548.472020483866,1957.973333849604,4419.464969249387,3750.6559408211824,3497.4716935222054,4e-5,4.342e-5,8.14e-5,2.773e-5,2.286e-5,1.398e-5
HUN,HUN.12_1,MAIZ,0.00542378252260658,0.00443764024576902,0.00345149796893146,0.0024653556920939,0.00147921341525634,4.930711384187801e-4,647.8819336243794,497.57175748541266,214.18890309662308,483.4592676379052,410.2961301714177,382.5995036276379,8.372e-6,8.919e-6,1.611e-5,5.099e-6,3.605e-6,1.289e-6
HUN,HUN.13_1,MAIZ,0,0,0,0,0,0,212.93764363453954,163.79939572273065,70.51373084609163,158.79748901580487,134.87049734189304,125.74306424748184,0,0,0,0,0,0
HUN,HUN.14_1,MAIZ,0.9517884099969313,0.8263282894516649,0.7008681689063988,0.5754080483611326,0.44994792781586646,0.3244878072706003,4254.569060065354,3267.4987442806496,1406.5548564170333,3174.8235830366834,2694.369344621858,2512.48865888928,2.237e-4,2.529e-4,4.983e-4,1.812e-4,1.67e-4,1.291e-4
HUN,HUN.15_1,MAIZ,0,0,0,0,0,0,3283.9128322368915,2522.037109792814,1085.6572021802044,2450.505270271091,2079.6639896247234,1939.2783690410765,0,0,0,0,0,0
HUN,HUN.16_1,MAIZ,1.5347678483523817,1.4229778987080952,1.2948372836375255,1.2517218338913993,1.1366955128996008,1.0210702033173191,24671.135181065783,19099.986723841415,8274.42985391606,18459.957563599633,15655.227552212511,14631.534423643097,6.221e-5,7.45e-5,1.565e-4,6.781e-5,7.261e-5,6.979e-5
HUN,HUN.17_1,MAIZ,0.00248873316624742,0,0,0,0,0,6034.555779248614,4634.524237969121,1995.016091592419,4503.07651154087,3821.614332843472,3563.640110842156,4.124e-7,0,0,0,0,0
HUN,HUN.18_1,MAIZ,0,0,0,0,0,0,2037.4512200848362,1621.9674945912031,803.7135766913997,1560.7118109946575,1358.8545050151224,1279.578725900094,0,0,0,0,0,0
HUN,HUN.19_1,MAIZ,0.09165689633122412,0.08503092284120346,0.0784049493511828,0.07177897586116215,0.36121771757386534,0.3625245470824585,3442.5400415143026,2643.8624227223263,1138.099145986752,2568.8752856158376,2180.120765355943,2032.9539114224779,2.662e-5,3.216e-5,6.889e-5,2.794e-5,1.657e-4,1.783e-4
HUN,HUN.1_1,MAIZ,0.8304351953358725,0.7774124730368502,0.6971115676973805,0.6168106623579108,0.5368128872040508,0.4571182422358009,8341.792007201086,6406.476078722111,2757.7853111095696,6224.770973359663,5282.76033273955,4926.152923366586,9.955e-5,1.213e-4,2.528e-4,9.909e-5,1.016e-4,9.279e-5
HUN,HUN.20_1,MAIZ,0,0,0,0,0,0,1065.0403060547228,841.3601254756385,404.3801267817247,805.8193723967414,707.3934615725102,658.8825833294324,0,0,0,0,0,0
HUN,HUN.2_1,MAIZ,0,0,0,0,0,0,3517.2495646664697,2738.052936562911,1245.0044303103766,2642.0320429463054,2279.191802211703,2124.1437753827026,0,0,0,0,0,0
HUN,HUN.3_1,MAIZ,0.1311984048772161,0.1065654235303278,0.0819324421834395,0.05729946083655117,0.03977013035985783,0.03047115345471433,7297.239744074718,5673.4508616704925,2458.467853069085,5457.154597801315,4617.123015506518,4323.61418394292,1.798e-5,1.878e-5,3.333e-5,1.05e-5,8.614e-6,7.048e-6
HUN,HUN.4_1,MAIZ,0.30695636688563793,0.2831403650316327,0.25932436317762747,0.27136229456564254,1.057322164472385,0.9900462411698694,4455.367953815451,3451.8420783375514,1486.2825530336347,3313.2649704025675,2823.7661246953016,2630.5081175180585,6.89e-5,8.203e-5,1.745e-4,8.19e-5,3.744e-4,3.764e-4
HUN,HUN.5_1,MAIZ,0,0,0,0,0,0,24.04820729018604,18.468965014679213,7.95030525409196,17.945134878939907,15.229451350072534,14.201402593352851,0,0,0,0,0,0
HUN,HUN.6_1,MAIZ,0,0,0,0,0,0,3424.572421883292,2688.390227364215,1170.9463281566786,2565.452483418535,2165.2566670568303,2034.4069156937423,0,0,0,0,0,0
HUN,HUN.7_1,MAIZ,0.03515380779518653,0.026890940790287626,0.01898999004379795,0.011450955555717507,0.00445606235382797,6.153431979893329e-4,3937.8899655480204,3024.2899658904294,1301.8611701633515,2938.5128678187034,2493.8201392137303,2325.4773253677827,8.927e-6,8.892e-6,1.459e-5,3.897e-6,1.787e-6,2.646e-7
HUN,HUN.8_1,MAIZ,0.01245289422861905,0.0082798051714567,0.00524170463419528,0.0022036040969338907,5.704615235859881e-4,3.4227691415159283e-4,2617.7164131760305,2058.1409766661127,973.310962076012,1978.3948640086855,1701.361262297365,1600.6801765421517,4.757e-6,4.023e-6,5.385e-6,1.114e-6,3.353e-7,2.138e-7
HUN,HUN.9_1,MAIZ,0.5187096792602637,0.46076122417749693,0.6201414340334654,0.5605273899130175,0.5573930308286392,0.49339380824040435,16055.149587072907,12386.250204768721,5345.007134574915,11990.170000277994,10164.197984230304,9492.759555169989,3.231e-5,3.72e-5,1.16e-4,4.675e-5,5.484e-5,5.198e-5
IDN,IDN.10_1,MAIZ,53.07885273124696,50.897713576756495,45.26585701030638,43.321262695388526,48.77189566957679,47.16202644722164,534416.4258968884,554504.3997745475,683153.1032960971,610699.6449680638,625765.346365763,637455.6433130669,9.932e-5,9.179e-5,6.626e-5,7.094e-5,7.794e-5,7.398e-5
IDN,IDN.11_1,MAIZ,129.40236700997664,116.31958106203675,103.59117484131409,105.3349061588947,103.75812053147716,98.08296684274302,828109.1031686345,859236.5783475372,1058585.1711948556,946314.3548613208,969659.528902551,987774.3188897038,1.563e-4,1.354e-4,9.786e-5,1.113e-4,1.07e-4,9.93e-5
IDN,IDN.12_1,MAIZ,14000.345822926934,11974.3511940753,10027.038987858745,8171.867765767269,6375.648074206694,4657.538706160379,49346.98505481979,51201.869932392234,63081.04381696278,56390.83080698074,57781.96870186289,58861.42824088596,0.2837,0.2339,0.159,0.1449,0.1103,0.07913
IDN,IDN.13_1,MAIZ,2139.234958930113,1953.9504809192085,1761.9173089523774,1639.1992261080638,1464.0164325407027,1301.752782996388,81581.31062364594,84647.83919069488,104286.7000765799,93226.32130978441,95526.17514273142,97310.75679165826,0.02622,0.02308,0.01689,0.01758,0.01533,0.01338
IDN,IDN.14_1,MAIZ,3406.8461494363837,2997.167277244047,2594.8553129102147,2271.8415062187214,1885.5923893589047,1522.5937851361784,8126.74326767863,8432.216300618431,10388.546485426517,9286.764006156343,9515.864538014306,9693.636098561356,0.4192,0.3554,0.2498,0.2446,0.1982,0.1571
IDN,IDN.16_1,MAIZ,7.386525306908419,5.814739487054126,4.408015164746647,3.2209141114645967,2.1567037078162095,1.4574499084140546,24.024456280453236,24.92750234490902,30.710848446412996,27.453734971563843,28.131006977108864,28.656539154464145,0.3075,0.2333,0.1435,0.1173,0.07667,0.05086
IDN,IDN.17_1,MAIZ,662.8003136566085,552.9561552911334,464.8351050619143,412.1578135928388,373.73307690531004,361.66486867719976,777660.3393421188,806891.5153041581,994095.7058725723,888664.4761057692,910587.4520728708,927598.6812389529,8.523e-4,6.853e-4,4.676e-4,4.638e-4,4.104e-4,3.899e-4
IDN,IDN.18_1,MAIZ,38.51051711071197,34.93304239565691,31.74057665660897,30.968450340652865,28.551270099691834,25.681991318669116,6506.487729763565,6751.057599283291,8317.347799866413,7435.231317763296,7618.655322966543,7760.98398271399,0.005919,0.005174,0.003816,0.004165,0.003748,0.003309
IDN,IDN.19_1,MAIZ,42.539303505600714,35.99770456821571,30.340852734290298,26.29206514643187,22.340120310220502,17.825218861048373,2185.3310562659717,2267.474626420341,2793.5437993170576,2497.267740151404,2558.874276839657,2606.6781386559173,0.01947,0.01588,0.01086,0.01053,0.00873,0.006838
IDN,IDN.1_1,MAIZ,1460.9011890933818,1388.4070164502389,1365.0812565186968,1323.064130481833,1297.225998366733,1336.7972044143612,104672.79421371828,108607.29969292012,133804.91454349915,119613.9099894855,122564.73445084096,124854.4396084038,0.01396,0.01278,0.0102,0.01106,0.01058,0.01071
IDN,IDN.20_1,MAIZ,503.06635237714374,490.9178236648908,480.065987116783,551.9938607184522,598.1299792244,582.2218260114546,406800.55274877587,422091.62256071204,520019.68234133953,464867.734406844,476335.82438152324,485234.5389971517,0.001237,0.001163,9.232e-4,0.001187,0.001256,0.0012
IDN,IDN.21_1,MAIZ,415.9646840831209,374.4537082873643,341.06959305401733,344.75954000515986,318.4841568992693,280.83123723124737,228682.92235998754,236788.17942030236,292084.2975418545,261251.51786585388,267353.62450821843,272474.12257558823,0.001819,0.001581,0.001168,0.00132,0.001191,0.001031
IDN,IDN.22_1,MAIZ,35.541758464289124,18.077110548599347,8.15011516146303,6.179534351546854,4.9655255172630834,4.268728241720275,378.73428965698946,392.97038747983464,484.1421273112888,432.7952604424279,443.47213607825057,451.75690446422584,0.09384,0.046,0.01683,0.01428,0.0112,0.009449
IDN,IDN.23_1,MAIZ,88.91301999035288,79.2014242812323,69.35545499212405,61.70568318112777,52.92431368613799,46.576501756816405,1330.2833904890122,1380.2863229572074,1700.5183312518445,1520.1673583017273,1557.6688655641276,1586.7683247653224,0.06684,0.05738,0.04078,0.04059,0.03398,0.02935
IDN,IDN.24_1,MAIZ,6391.660283746526,5465.488639380777,4584.475933558337,3735.5325789468184,2927.826310665397,2210.242339199479,11261.000832587966,11684.286269935228,14395.118286440369,12868.409122913867,13185.867321730057,13432.200400725256,0.5676,0.4678,0.3185,0.2903,0.222,0.1645
IDN,IDN.25_1,MAIZ,1774.164688623363,1708.797794151406,1627.7053594397307,1603.6336206199758,1568.6830214337874,1505.630199291237,164903.53874601578,171102.03455965803,210798.84296180797,188442.06069668924,193090.84646333547,196698.09212829958,0.01076,0.009987,0.007722,0.00851,0.008124,0.007655
IDN,IDN.26_1,MAIZ,569.4926950935437,507.69822262481784,435.6628025691296,377.43813270637463,353.4081231179501,315.7653349174272,658642.2468468512,683399.6974195532,841952.9660605071,752657.6033573255,771225.3474199284,785633.06970271,8.646e-4,7.429e-4,5.174e-4,5.015e-4,4.582e-4,4.019e-4
IDN,IDN.27_1,MAIZ,624.8752205013548,573.9505226885217,519.8281093989822,483.8818964993001,437.93911050218315,395.10666259518,71263.3435167668,73942.03397916601,91097.07695273614,81435.55563788679,83444.53627919743,85003.413601822,0.008769,0.007762,0.005706,0.005942,0.005248,0.004648
IDN,IDN.28_1,MAIZ,466.84968372686376,427.26661992211194,379.9203794618726,354.3296283892086,315.72653706626556,278.5553539600843,44773.89236154206,46456.88101341653,57235.18595465942,51164.96957057929,52427.18768372888,53406.61135379032,0.01043,0.009197,0.006638,0.006925,0.006022,0.005216
IDN,IDN.29_1,MAIZ,1369.612088373199,1319.4622019721585,1240.5437212268464,1320.6988616694007,1256.1696872788787,1178.1346468521879,331284.7592877809,343737.29492882336,423486.6303039391,378572.7291986596,387911.9579707957,395158.7734175527,0.004134,0.003839,0.002929,0.003489,0.003238,0.002981
IDN,IDN.2_1,MAIZ,1.948708337081713,1.5922137897093043,1.2622222219021475,0.9458794704809874,0.6343444013415283,0.35839389644257524,12546.885772823454,13018.505845555052,16038.885664902426,14337.842767573413,14691.551271587228,14966.012933580583,1.553e-4,1.223e-4,7.87e-5,6.597e-5,4.318e-5,2.395e-5
IDN,IDN.30_1,MAIZ,1920.116741779139,1817.6314869324788,1706.326000131011,1543.1753492110856,1349.9300319041251,1236.6802542873008,309169.0096890867,320790.24490840686,395215.7122745925,353300.15190940717,362015.9169115422,368778.9529168514,0.006211,0.005666,0.004317,0.004368,0.003729,0.003353
IDN,IDN.31_1,MAIZ,184568.0707743603,176242.55201328086,165973.31659682246,156291.60742413613,148303.7955369523,140158.06382305047,4700493.082264921,4877178.112277215,6008715.826393191,5371446.904343253,5503958.222797782,5606780.9604002135,0.03927,0.03614,0.02762,0.0291,0.02694,0.025
IDN,IDN.32_1,MAIZ,1553.9342829152893,1289.4738158762163,1028.991559763834,802.2050545813752,606.2174516191429,558.0810397583084,572355.3527295443,593869.3983636652,731651.0430028626,654054.0181205885,670189.2535283075,682709.4600724047,0.002715,0.002171,0.001406,0.001227,9.045e-4,8.175e-4
IDN,IDN.33_1,MAIZ,0.12558109362895276,0.1028526558356,0.08378519834015143,0.06837872114260704,0.05343452112286816,0.0389525982809348,17493.90360588965,18151.475232853827,22362.7380409751,19991.003650931274,20484.17323785808,20866.850337606917,7.179e-6,5.666e-6,3.747e-6,3.42e-6,2.609e-6,1.867e-6
IDN,IDN.34_1,MAIZ,27955.99758453762,27058.69188758294,25701.014834161953,25095.049820305496,24179.33694243382,23136.014489273417,1938532.0892094267,2011398.8277339577,2478056.7145928307,2215240.402935917,2269889.444751713,2312294.607966341,0.01442,0.01345,0.01037,0.01133,0.01065,0.01001
IDN,IDN.35_1,MAIZ,699.9078598904449,718.3381385836336,701.91913578204,686.2744090684846,653.1397187458304,613.7790733818068,3408.027856621898,3536.130907427758,4356.536763374121,3894.4936967222484,3990.569205548043,4065.119417176981,0.2054,0.2031,0.1611,0.1762,0.1637,0.151
IDN,IDN.3_1,MAIZ,8.930480807468108,8.190080873362936,7.406884287428332,7.034242732584527,6.518125409672118,6.047106439274509,771.0118860500886,799.9931558535867,985.5968812136049,881.0670148970955,902.8025647163458,919.668359742574,0.01158,0.01024,0.007515,0.007984,0.00722,0.006575
IDN,IDN.4_1,MAIZ,0.340470799070636,0.30684438052716806,0.3030746769822208,0.3016388920941005,0.4351892483871257,0.49985292789664604,7674.648100114717,7963.127501354296,9810.625969252027,8770.136251199707,8986.491795314394,9154.37382683285,4.436e-5,3.853e-5,3.089e-5,3.439e-5,4.843e-5,5.46e-5
IDN,IDN.5_1,MAIZ,306.08511518240834,234.30741239014637,181.00486440197636,141.37878643952803,113.61214951630228,93.27204171420884,58348.82295036395,60542.074456905815,74588.23782468576,66677.60146086324,68322.5096277522,69598.88332017875,0.005246,0.00387,0.002427,0.00212,0.001663,0.00134
IDN,IDN.6_1,MAIZ,1430.0909466299656,1346.8977195360817,1237.1745175103454,1310.697627462627,1254.5147406651336,1162.3795838877459,441034.5633604567,457612.44225529267,563781.5681186933,503988.3473095997,516421.5262234067,526069.1058258777,0.003243,0.002943,0.002194,0.002601,0.002429,0.00221
IDN,IDN.8_1,MAIZ,812.0306147203547,694.6300080577295,603.632849691725,511.76588698584027,435.5214412732966,393.1524788695506,43763.59184656802,45408.60470022611,55943.70257461952,50010.457590955484,51244.19438290504,52201.517847108786,0.01855,0.0153,0.01079,0.01023,0.008499,0.007531
IDN,IDN.9_1,MAIZ,78.32416771619712,70.2501200296314,64.98473922747873,56.16913824809179,51.936085692428236,45.38875764004214,272206.57386244275,282438.4422708641,347966.03670936817,311061.6552191097,318735.4144105863,324689.9014458971,2.877e-4,2.487e-4,1.868e-4,1.806e-4,1.629e-4,1.398e-4
IND,IND.10_1,MAIZ,0.0025825338453149757,0.0023114619626537145,0.0019716285518450076,0.0015716839797145325,0.001171739407584048,7.717948354535633e-4,6.539951922792124,6.938102867389105,7.350981761417143,7.760427954633202,8.517038435413387,8.074103143047097,3.949e-4,3.332e-4,2.682e-4,2.025e-4,1.376e-4,9.559e-5
IND,IND.11_1,MAIZ,0.1907545866661655,0.17295701788533255,0.1551594491044996,0.13897848427007556,0.12147597390723963,0.10511344607760749,3840.1439023519943,4073.9310830774793,4316.366254777441,4556.7858053769205,5001.054075010192,4740.970318707788,4.967e-5,4.245e-5,3.595e-5,3.05e-5,2.429e-5,2.217e-5
IND,IND.12_1,MAIZ,0.590004922906395,0.5079674374077408,0.4282376320342442,0.35010000445971695,0.34034100794677613,0.2749525235760753,1972.0357585614693,2092.092894962414,2216.5910491676495,2340.05411797324,2568.199973021651,2434.6387105556296,2.992e-4,2.428e-4,1.932e-4,1.496e-4,1.325e-4,1.129e-4
IND,IND.13_1,MAIZ,8.409986737413494,7.219666007321757,6.229898395293355,5.271307701311428,8.045842358397508,8.97622232676754,21151.10863646552,22438.78383382183,23774.09125570918,25098.29684861555,27545.279741364073,26112.765772092527,3.976e-4,3.217e-4,2.62e-4,2.1e-4,2.921e-4,3.437e-4
IND,IND.15_1,MAIZ,5.501582442765726,5.041387968171069,4.559776242680271,6.391987472271858,6.281598883459827,6.4375822436378405,11941.264107701018,12668.245840944917,13422.1192602436,14169.724929032422,15551.21605990201,14742.46281963209,4.607e-4,3.98e-4,3.397e-4,4.511e-4,4.039e-4,4.367e-4
IND,IND.16_1,MAIZ,4.283894812613481,3.7748601134941957,3.485294164607775,4.341180865902263,5.039292511359816,5.537842578602043,193977.4673190992,205786.77612677868,218032.92152946183,230177.25171737996,252618.60702724702,239480.9773911601,2.208e-5,1.834e-5,1.599e-5,1.886e-5,1.995e-5,2.312e-5
IND,IND.17_1,MAIZ,0.03008870919899267,0.02607768129328187,0.02216136980633838,0.018699480281699765,0.015380629785377306,0.011923219693305448,78.18423296556456,82.94407318691896,87.87998403432945,92.77485741186963,101.82003248224699,96.52480149341558,3.848e-4,3.144e-4,2.522e-4,2.016e-4,1.511e-4,1.235e-4
IND,IND.19_1,MAIZ,1.5049774305223846,1.2428442320635613,1.1081221347338028,1.0257761667105962,0.9010872173586915,2.5037958090819075,26985.58538354689,28628.462340106318,30332.110742937577,32021.59490695616,35143.571486023,33315.9023696981,5.577e-5,4.341e-5,3.653e-5,3.203e-5,2.564e-5,7.515e-5
IND,IND.1_1,MAIZ,0.22303875912938617,0.19632262575555381,0.16950489766198232,0.14268716956841082,0.11586944147483935,0.08905171338126787,8.602521036313,9.126240769570785,9.669333350870597,10.207910626661281,11.20314081398468,10.620512651684722,0.02593,0.02151,0.01753,0.01398,0.01034,0.008385
IND,IND.20_1,MAIZ,1.578416459229924,1.407935773810931,1.2301991552573681,1.0585746127416347,0.9520792730493187,0.8149860966507574,3562.4805346063517,3779.363625905334,4004.2694112213703,4227.305315845901,4639.450564294119,4398.172283387216,4.431e-4,3.725e-4,3.072e-4,2.504e-4,2.052e-4,1.853e-4
IND,IND.21_1,MAIZ,15.312175888563656,16.044553986886847,16.279580262931844,15.986401189970218,16.082070955414277,18.19556254451582,6948.836916281091,7378.064387527486,7808.444810509789,8224.398268503166,8996.409063029567,8543.597913269783,0.002204,0.002175,0.002085,0.001944,0.001788,0.00213
IND,IND.22_1,MAIZ,56.9045025501579,57.15512349442303,53.192335081578975,57.4480674468978,57.52407737168471,56.4490698767667,13728.416743036358,14561.44411640616,15426.065316198812,16287.083474650917,17866.39885528518,16941.356615429257,0.004145,0.003925,0.003448,0.003527,0.00322,0.003332
IND,IND.23_1,MAIZ,13.730440324787985,12.696796938727518,11.740718264418707,10.952648037457449,10.569514244453023,9.833366169605833,3173.452430247717,3366.75925073753,3566.610031480115,3764.5346550111058,4129.715412941338,3915.863924966206,0.004327,0.003771,0.003292,0.002909,0.002559,0.002511
IND,IND.24_1,MAIZ,285.16275282803633,278.6089379368361,274.6715278681671,298.3819320359587,279.7369372330852,264.62423977458275,85521.7141475961,90729.33364088283,96127.02794408146,101477.95964718687,111366.46595512467,105577.38203661992,0.003334,0.003071,0.002857,0.00294,0.002512,0.002506
IND,IND.25_1,MAIZ,0,0,0,0,0,0,0.4696911945326301,0.49828589904724846,0.5279383465304628,0.5573442617204913,0.6116830832758999,0.579872022731687,0,0,0,0,0,0
IND,IND.26_1,MAIZ,15.284159943456386,13.676329921257402,12.37857189393182,13.75079603484454,16.35318171837209,17.171164332316327,27859.85901416359,29555.96157176347,31314.804436870345,33059.024172971294,36282.14592860878,34395.26435158738,5.486e-4,4.627e-4,3.953e-4,4.159e-4,4.507e-4,4.992e-4
IND,IND.28_1,MAIZ,1.9771319451914964,1.737412285327672,1.5008183704711477,1.2735705887930278,1.2987515929034121,1.3347740948308127,20030.588411217363,21254.83719352355,22625.357795506912,23665.907795984647,25797.071155438316,24589.542845942706,9.871e-5,8.174e-5,6.633e-5,5.381e-5,5.034e-5,5.428e-5
IND,IND.29_1,MAIZ,0.4406379191421837,0.3218807081599537,0.20595825230122847,0.12644210040193649,0.14146531928337308,0.13400830754311352,3967.7974772775697,4209.458507028414,4462.215791827245,4706.067020471792,5161.126765011629,4895.581939363829,1.111e-4,7.647e-5,4.616e-5,2.687e-5,2.741e-5,2.737e-5
IND,IND.2_1,MAIZ,9.59817612797078,8.452404997931929,7.455466703337373,6.932365918328803,6.212774340665875,5.703415210197277,183434.01985262713,194601.44572024178,206181.96437511523,217666.2018774166,238887.78019949162,226464.2330278086,5.232e-5,4.343e-5,3.616e-5,3.185e-5,2.601e-5,2.518e-5
IND,IND.30_1,MAIZ,0.24296719928576085,0.22674230991983108,0.21051742055390119,0.19429253118797135,0.17806764182204152,0.16184275245611168,1518.2152678580117,1610.6439964455317,1706.492257695346,1801.545686165884,1977.189767044703,1874.3637520440695,1.6e-4,1.408e-4,1.234e-4,1.078e-4,9.006e-5,8.635e-5
IND,IND.31_1,MAIZ,2.3680904966004266,2.1340665129038503,1.8491225727509055,1.7999806092248833,2.310336059996579,2.4022268417442056,95971.05517502176,101813.75351944481,107872.57835289248,113881.02973972847,124983.97163504965,118484.08174526265,2.468e-5,2.096e-5,1.714e-5,1.581e-5,1.849e-5,2.027e-5
IND,IND.32_1,MAIZ,16.581358981639386,14.461086443297607,12.435413638080822,10.72755036728267,8.89815418303519,7.309898480998595,101104.71265453508,107259.94702350936,113642.86886064806,119972.72268852286,131669.58012016452,124821.99989512109,1.64e-4,1.348e-4,1.094e-4,8.942e-5,6.758e-5,5.856e-5
IND,IND.33_1,MAIZ,13.279665224003603,15.442389906517317,15.176470642279044,34.80607163391147,35.05107385356454,34.59767201078354,3957.684135004786,4186.681036142395,4427.527375431465,4681.9136765995745,5101.059998571922,4853.608386001415,0.003355,0.003688,0.003428,0.007434,0.006871,0.007128
IND,IND.34_1,MAIZ,6.664220785941024,5.859868206113249,5.118521799254187,4.510260209318423,4.140155700121761,4.335577099801359,12888.560808155107,13671.182922836608,14471.3509191938,15219.229433256247,16689.06076412207,15836.758282572,5.171e-4,4.286e-4,3.537e-4,2.964e-4,2.481e-4,2.738e-4
IND,IND.35_1,MAIZ,4.863751822032623,6.0736807969298185,6.047506475254942,7.276940141470943,7.562505883247195,7.31015115272765,3461.32037035363,3671.892870731392,3889.401201659715,4101.68587576524,4500.53735764554,4267.652700351007,0.001405,0.001654,0.001555,0.001774,0.00168,0.001713
IND,IND.36_1,MAIZ,21.1445589086935,19.357034511631337,17.640974502965566,15.776828443351258,13.768922270939056,11.8096699413408,44353.937716915476,46662.86411931098,49168.058839925034,52160.39804378947,56026.98228830982,53695.73350912411,4.767e-4,4.148e-4,3.588e-4,3.025e-4,2.458e-4,2.199e-4
IND,IND.3_1,MAIZ,81.1542031662854,74.2131666003281,73.71201840960875,67.82270616169913,61.93993858135178,57.73914336504392,20711.0340798413,21972.126579575986,23279.370432308267,24575.37918999089,26970.371569869312,25568.26484628626,0.003918,0.003378,0.003166,0.00276,0.002297,0.002258
IND,IND.4_1,MAIZ,56.69128536467335,52.304069159979875,52.50911161427841,49.36478585059988,44.877337062525406,40.76959792560942,22371.354134605794,23732.351330014506,25144.112715298543,26544.45006239538,29132.430507740337,27617.443882269967,0.002534,0.002204,0.002088,0.0018600000000000001,0.00154,0.001476
IND,IND.5_1,MAIZ,9.34698716705092,8.240963267321877,7.146319883671208,6.053113582020547,4.971878423473926,3.9087361304951522,11553.248384041452,12255.54403852441,12977.844801058152,13670.23570228671,14995.704724675423,14224.025816125488,8.09e-4,6.724e-4,5.507e-4,4.428e-4,3.316e-4,2.748e-4
IND,IND.6_1,MAIZ,0,0,0,0,0,0,9.456569710304858,10.032283753352077,10.62929395914313,11.221340584940577,12.315376112955654,11.674905277869179,0,0,0,0,0,0
IND,IND.7_1,MAIZ,13.829769771070708,12.511175809944053,11.698077916187385,11.005765434569104,10.441910631217386,9.828298257702885,26558.95201491792,28175.85561865739,29852.56989177722,31515.34385811449,34587.962998171686,32789.18873888821,5.207e-4,4.44e-4,3.919e-4,3.492e-4,3.019e-4,2.997e-4
IND,IND.8_1,MAIZ,0,0,0,0,0,0,8.962298948931222e-4,9.507921888427396e-4,0.0010073727894598092,0.0010634829754432179,0.001167168283786457,0.001106468777856081,0,0,0,0,0,0
IRN,IRN.11_1,MAIZ,0,0,0,0,0,0,247.4800786702243,247.4800786702243,247.4800786702243,247.4800786702243,247.4800786702243,247.4800786702243,0,0,0,0,0,0
IRN,IRN.12_1,MAIZ,0,0,0,0,0,0,0.045806704356022784,0.045806704356022784,0.045806704356022784,0.045806704356022784,0.045806704356022784,0.045806704356022784,0,0,0,0,0,0
IRN,IRN.13_1,MAIZ,0,0,0,0,0,0,408.62318329185024,408.62318329185024,408.62318329185024,408.62318329185024,408.62318329185024,408.62318329185024,0,0,0,0,0,0
IRN,IRN.14_1,MAIZ,0.00211370359985565,0.00126822215991339,4.2274071997113144e-4,0,0,0,58.98661968874996,58.98661968874996,58.98661968874996,58.98661968874996,58.98661968874996,58.98661968874996,3.583e-5,2.15e-5,7.167e-6,0,0,0
IRN,IRN.15_1,MAIZ,7.528456087552781e-4,0,0,0,0,0,860.8446811987528,860.8446811987528,860.8446811987528,860.8446811987528,860.8446811987528,860.8446811987528,8.745e-7,0,0,0,0,0
IRN,IRN.16_1,MAIZ,0,0,0,0,0,0,0.007176700712152052,0.007176700712152052,0.007176700712152052,0.007176700712152052,0.007176700712152052,0.007176700712152052,0,0,0,0,0,0
IRN,IRN.17_1,MAIZ,3.91256358625008e-4,3.4522619878677184e-4,2.9919603894853553e-4,2.531658791102993e-4,2.0713571927206303e-4,1.611055594338268e-4,2.079825574232758,2.079825574232758,2.079825574232758,2.079825574232758,2.079825574232758,2.079825574232758,1.881e-4,1.66e-4,1.439e-4,1.217e-4,9.959e-5,7.746e-5
IRN,IRN.18_1,MAIZ,4.555905751635774e-4,3.2542183940255533e-4,1.952531036415332e-4,6.508436788051106e-5,0,0,0.38646664071443687,0.38646664071443687,0.38646664071443687,0.38646664071443687,0.38646664071443687,0.38646664071443687,0.001179,8.42e-4,5.052e-4,1.684e-4,0,0
IRN,IRN.19_1,MAIZ,0,0,0,0,0,0,0.03445863465277426,0.03445863465277426,0.03445863465277426,0.03445863465277426,0.03445863465277426,0.03445863465277426,0,0,0,0,0,0
IRN,IRN.1_1,MAIZ,0,0,0,0,0,0,0.07145844247550677,0.07145844247550677,0.07145844247550677,0.07145844247550677,0.07145844247550677,0.07145844247550677,0,0,0,0,0,0
IRN,IRN.20_1,MAIZ,0.00402409070263817,0.0028872410711586797,0.0019659223794669957,0.00124173073585977,6.291522589210361e-4,2.8294669272835126e-4,3.565689671688908,3.565689671688908,3.565689671688908,3.565689671688908,3.565689671688908,3.565689671688908,0.001129,8.097e-4,5.513e-4,3.482e-4,1.764e-4,7.935e-5
IRN,IRN.24_1,MAIZ,5.392173213303527e-6,1.797391071101176e-6,0,0,0,0,0.3307744700822137,0.3307744700822137,0.3307744700822137,0.3307744700822137,0.3307744700822137,0.3307744700822137,1.63e-5,5.434e-6,0,0,0,0
IRN,IRN.26_1,MAIZ,0,0,0,0,0,0,5.1275706950534925,5.1275706950534925,5.1275706950534925,5.1275706950534925,5.1275706950534925,5.1275706950534925,0,0,0,0,0,0
IRN,IRN.28_1,MAIZ,0,0,0,0,0,0,0.12251335906109963,0.12251335906109963,0.12251335906109963,0.12251335906109963,0.12251335906109963,0.12251335906109963,0,0,0,0,0,0
IRN,IRN.29_1,MAIZ,0.0037367650677557107,0.003296179960234794,0.002855594852713876,0.0024150097451929586,0.00197524547228925,0.00153630203400275,25.90270504231495,25.90270504231495,25.90270504231495,25.90270504231495,25.90270504231495,25.90270504231495,1.443e-4,1.273e-4,1.102e-4,9.323e-5,7.626e-5,5.931e-5
IRN,IRN.2_1,MAIZ,0.0036821718260691286,0.002537195665489226,0.0013922195049093234,4.0986571230969065e-4,0,0,198.40909215647133,178.3519869338887,172.86439579705205,182.76164822655414,191.68459472403651,183.94599537789205,1.856e-5,1.423e-5,8.054e-6,2.243e-6,0,0
IRN,IRN.31_1,MAIZ,0,0,0,0,0,0,0.017060638109845178,0.017060638109845178,0.017060638109845178,0.017060638109845178,0.017060638109845178,0.017060638109845178,0,0,0,0,0,0
IRN,IRN.3_1,MAIZ,0,0,0,0,0,0,0.03587855332380596,0.03587855332380596,0.03587855332380596,0.03587855332380596,0.03587855332380596,0.03587855332380596,0,0,0,0,0,0
IRN,IRN.5_1,MAIZ,0,0,0,0,0,0,0.9504380260004159,0.9452627944583699,0.9438468595851144,0.9464005966465863,0.9487029385672822,0.9467061876412147,0,0,0,0,0,0
IRN,IRN.6_1,MAIZ,0,0,0,0,0,0,0.08469959806338151,0.08469959806338151,0.08469959806338151,0.08469959806338151,0.08469959806338151,0.08469959806338151,0,0,0,0,0,0
IRN,IRN.7_1,MAIZ,0,0,0,0,0,0,71.43105520792398,71.43105520792398,71.43105520792398,71.43105520792398,71.43105520792398,71.43105520792398,0,0,0,0,0,0
IRN,IRN.8_1,MAIZ,0.0018148477126899852,0.0014916061550268819,0.0012469175373965493,0.0011064006124195489,9.974283512349611e-4,8.924358932102286e-4,32.502546899625706,29.180445094866332,28.27152348244238,29.910826851165208,31.38875381690113,30.1069928364985,5.584e-5,5.112e-5,4.411e-5,3.699e-5,3.178e-5,2.964e-5
IRN,IRN.9_1,MAIZ,0.02152708535290694,0.009996601935954662,0.004767781982111584,0.0027887728511405852,0.0017575217274426712,0.0013671601752205508,18.180114755880254,18.180114755880254,18.180114755880254,18.180114755880254,18.180114755880254,18.180114755880254,0.001184,5.499e-4,2.623e-4,1.534e-4,9.667e-5,7.52e-5
IRQ,IRQ.12_1,MAIZ,0,0,0,0,0,0,97.10840061288964,97.10655260718782,97.1115525635202,97.11328967654481,97.11171690835923,97.11216395800894,0,0,0,0,0,0
IRQ,IRQ.13_1,MAIZ,7.758208792355193e-4,2.5860695974517313e-4,0,0,0,0,16.852680082038745,15.04642578954156,19.93341968720615,21.63128666572258,20.094051535178366,20.531001133294232,4.604e-5,1.719e-5,0,0,0,0
IRQ,IRQ.15_1,MAIZ,0.08297040502184867,0.0497822430131092,0.01659408100436973,0,0,0,0.4147395934236618,0.37028819653941014,0.4905557060580584,0.5323397224239692,0.49450880948105,0.5052620129944987,0.2001,0.1344,0.03383,0,0,0
IRQ,IRQ.16_1,MAIZ,0.006898081815979044,0.00214771242829749,0.00189504037790955,0.00164236832752161,0.00138969627713367,0.00113702422674573,6.45787978566012,5.765730345541616,7.638406913941448,8.289022767676602,7.699960397357929,7.867397740456379,0.001068,3.725e-4,2.481e-4,1.981e-4,1.805e-4,1.445e-4
IRQ,IRQ.17_1,MAIZ,0,0,0,0,0,0,17.916641845230004,15.99635313847575,21.191878060212037,22.99693662697038,21.36265109304988,21.82718666933503,0,0,0,0,0,0
IRQ,IRQ.18_1,MAIZ,0,0,0,0,0,0,24.24185919670512,21.643639683903224,28.673371298437637,31.115680297811416,28.90443333854597,29.532966639007242,0,0,0,0,0,0
IRQ,IRQ.1_1,MAIZ,0,0,0,0,0,0,5.289585048793198,4.722652332251901,6.256543068253043,6.789456037625314,6.306960913797944,6.444107174809164,0,0,0,0,0,0
IRQ,IRQ.5_1,MAIZ,0,0,0,0,0,0,0.048808138680777165,0.043576928595984145,0.05773046825425727,0.06264777081655198,0.058195684556602754,0.059461162597930946,0,0,0,0,0,0
IRQ,IRQ.6_1,MAIZ,0,0,0,0,0,0,0.697453532191212,0.6227011230666628,0.8249509218601336,0.8952176874779763,0.8315987220441545,0.8496820203155221,0,0,0,0,0,0
ISR,ISR.1_1,MAIZ,0,0,0,0,0,0,64.57997623035905,59.325751798941184,43.80514995036393,44.987477853456994,38.41417638647624,42.240404513941506,0,0,0,0,0,0
ISR,ISR.2_1,MAIZ,0.007737783855722952,0.006339732313206293,0.005189136761664686,0.0055038926067353475,0.00453817122285558,0.00370923314092265,565.4449320727442,518.4795286622685,379.7470979284144,390.31545252708594,331.5593489070292,365.7604664825154,1.368e-5,1.223e-5,1.366e-5,1.41e-5,1.369e-5,1.014e-5
ISR,ISR.3_1,MAIZ,4.896333180660027e-4,1.0100624050684052e-4,3.366874683561352e-5,0.05714614039009397,0.07160616689953238,0.06778377006868169,2909.600732450992,2667.931624794375,1954.0584265710715,2008.4398358594665,1706.0995151102659,1882.0876460561014,1.683e-7,3.786e-8,1.723e-8,2.845e-5,4.197e-5,3.602e-5
ISR,ISR.4_1,MAIZ,0.055058493273741876,0.049295567969947836,0.04423963564135333,0.03908242786419712,0.03407321675954514,0.029276901837369397,2267.805909893052,2079.4437664313336,1523.035514333696,1565.4215640748394,1329.770961383239,1466.9399272068754,2.428e-5,2.3710000000000002e-05,2.905e-5,2.497e-5,2.562e-5,1.996e-5
ISR,ISR.5_1,MAIZ,0.03738880718366848,0.03347955036687987,0.03493461839589633,0.03837474723954123,0.03515090271713766,0.04021397961053108,3944.729456569227,3617.3261263506324,2650.200188250991,2723.873876525204,2314.2756915006808,2552.6971459816673,9.478e-6,9.255e-6,1.318e-5,1.409e-5,1.519e-5,1.575e-5
ISR,ISR.6_1,MAIZ,0.01892131071773057,0.014898550785107337,0.011328496099551697,0.008564879821807685,0.006855249652435458,0.005737141805748778,215.6201331658006,197.7108975123285,144.80830082692663,148.83831311752365,126.43295024616566,139.47480296737248,8.775e-5,7.536e-5,7.823e-5,5.754e-5,5.422e-5,4.113e-5
ISR,ISR.7_1,MAIZ,4.7094584424793237e-4,3.2633293642898864e-4,1.81720028610045e-4,8.20601810254299e-5,2.73533936751433e-5,0,17.585866026616927,16.12519807220614,11.810489774283678,12.139175482744688,10.311805728592557,11.37549246009853,2.678e-5,2.024e-5,1.539e-5,6.76e-6,2.653e-6,0
ITA,ITA.10_1,MAIZ,0.14768393686077066,0.11701700814318756,0.08675838688879395,0.05690807309758974,0.04440086830360968,0.030484396486912452,175334.51889114187,156927.1987253868,121236.60847060264,138052.96545083792,127517.8674068144,129374.11273402972,8.423e-7,7.457e-7,7.156e-7,4.122e-7,3.482e-7,2.356e-7
ITA,ITA.11_1,MAIZ,0.08451027953843751,0.07164216974427899,0.05877405995012046,0.04590595015596194,0.034472481488485286,0.024560889765073233,508.6607014812344,455.2594633957905,351.7179543416084,400.5036697387918,369.9404332743644,375.3255625474474,1.661e-4,1.574e-4,1.671e-4,1.146e-4,9.318e-5,6.544e-5
ITA,ITA.12_1,MAIZ,0.2542327932997391,0.2329864864062935,0.21252080616416882,0.19221715117074623,0.17294333360141828,0.154803593570266,1213.565724314519,1086.1607331529503,839.1307855551755,955.5240352593088,882.6060840801825,895.4539575010809,2.095e-4,2.145e-4,2.533e-4,2.012e-4,1.959e-4,1.729e-4
ITA,ITA.13_1,MAIZ,0.5876939304957773,0.44589535447326606,0.31093274317962144,0.5420132110072726,0.4573433141845221,0.41516943815823254,122045.6845775667,109232.83970779633,84389.57126202635,96094.98906984425,88761.78816333643,90053.8710523,4.815e-6,4.082e-6,3.684e-6,5.64e-6,5.152e-6,4.61e-6
ITA,ITA.14_1,MAIZ,0.5580129607404208,0.4919660759634788,0.4153313910340066,0.4968906461671017,0.4186368730733458,0.341597648155242,1484.326065115233,1328.495568737535,1026.3504251026138,1168.7123350328711,1079.5255580982202,1095.239938471572,3.759e-4,3.703e-4,4.047e-4,4.252e-4,3.878e-4,3.119e-4
ITA,ITA.15_1,MAIZ,0.09719871138265503,0.10776762146037956,0.12172370102996898,0.11248749211745271,0.12373469769633832,0.1150055116807921,79.21997759846504,70.9031470028637,54.777356266725654,62.37535483362014,57.61536669025096,58.45405900348879,0.001227,0.00152,0.002222,0.001803,0.002148,0.001967
ITA,ITA.16_1,MAIZ,0.1413551387151992,0.10915880011119797,0.0798237821963644,0.056942005928521736,0.03833467457958924,0.02569814812228322,1857.4448925341817,1662.4428869773024,1284.3467482389976,1462.4945344336966,1350.8886499907849,1370.5531942238986,7.61e-5,6.566e-5,6.215e-5,3.893e-5,2.838e-5,1.875e-5
ITA,ITA.17_1,MAIZ,0.0034692124710312892,0.003155195139608789,0.002841177808186288,0.002527160476763788,0.002265043099647441,0.0020745111707935453,5.5953534289793065,5.007930811578318,3.8689567645545915,4.405607854638674,4.069407103422889,4.128644432856631,6.2e-4,6.3e-4,7.344e-4,5.736e-4,5.566e-4,5.025e-4
ITA,ITA.18_1,MAIZ,0.08177153727209359,0.06867786157686752,0.05911654257264679,0.04663237175700212,0.03506495160015834,0.024124288004896823,3776.1451093688465,3379.7102689273147,2611.0490338583345,2973.2196125322425,2746.32727434777,2786.3048655173952,2.165e-5,2.032e-5,2.264e-5,1.568e-5,1.277e-5,8.658e-6
ITA,ITA.19_1,MAIZ,0.2130430759493557,0.19451759108419436,0.17599210621903297,0.15959108419184048,0.1409566525144756,0.12232222083711068,0.0820591052562653,0.07344421166588637,0.05674049627146421,0.06461079594887574,0.0596802168207787,0.06054896663485258,2.596,2.649,3.102,2.47,2.362,2.02
ITA,ITA.1_1,MAIZ,0.8488330367770361,0.7341758577354902,0.619819626676359,0.5058195195135194,0.391918682366348,0.2780178452191766,2896.0298215937523,2591.9930097167503,2002.4855106696805,2280.2441152691767,2106.2341239573775,2136.894041113492,2.931e-4,2.832e-4,3.095e-4,2.218e-4,1.861e-4,1.301e-4
ITA,ITA.20_1,MAIZ,0.04121364712372971,0.03611770764369759,0.02836986695052994,0.02402523102584837,0.0196805951011668,0.015335959176485245,74997.33881559181,67123.81775488553,51857.57522150075,59050.57994222927,54544.31202385289,55338.29977144787,5.495e-7,5.381e-7,5.471e-7,4.069e-7,3.608e-7,2.771e-7
ITA,ITA.2_1,MAIZ,0.09261558956419493,0.08551311305101549,0.3509388239599379,0.34161421509175627,0.3188264374019416,0.33274334771920566,1753.5439474802604,1569.4498793519458,1212.5035180816287,1380.6861508447018,1275.3232278558853,1293.8877853609472,5.282e-5,5.449e-5,2.894e-4,2.474e-4,2.5e-4,2.572e-4
ITA,ITA.3_1,MAIZ,0.024263717496131692,0.02149694454612044,0.01761048565250111,0.013809297729717895,0.014281386207011358,0.05124457854977015,2519.8466102147677,2255.3030188206876,1742.3702920601404,1984.0491149228308,1832.6423567875731,1859.3196678218858,9.629e-6,9.532e-6,1.011e-5,6.96e-6,7.793e-6,2.756e-5
ITA,ITA.4_1,MAIZ,1.4872682238546753,1.6383586801080423,1.6711100514875796,1.6706238517342211,1.6024050328356376,1.6729053783634185,5806.137486482992,5196.585914345395,4014.705270969836,4571.57268798795,4222.706828235853,4284.175702970925,2.562e-4,3.153e-4,4.162e-4,3.654e-4,3.795e-4,3.905e-4
ITA,ITA.5_1,MAIZ,0.43990926470788616,0.3915598779394181,0.34926723279600014,0.3159243347612741,0.27130636758588145,0.233386152929826,10591.26919509269,9479.355327425757,7323.4270395404665,8339.237073895578,7702.853205581415,7814.981690474207,4.154e-5,4.131e-5,4.769e-5,3.788e-5,3.522e-5,2.986e-5
ITA,ITA.6_1,MAIZ,0.2196469822216588,0.18647657836903736,0.15885973915960436,0.13355254208277054,0.11232067599753778,0.0919279271623914,53493.11341929518,47877.19208447032,36988.28780837563,42118.819416938015,38904.648025494935,39470.973141910916,4.106e-6,3.895e-6,4.295e-6,3.171e-6,2.887e-6,2.329e-6
ITA,ITA.7_1,MAIZ,0.7188781972210723,0.6112232601434952,0.503568323065918,0.39591338598834086,0.2882584489107638,0.18060351183318665,14730.33462657319,13183.90181662495,10185.341527889894,11598.414885008966,10713.420842604904,10869.248972443731,4.88e-5,4.636e-5,4.944e-5,3.414e-5,2.691e-5,1.662e-5
ITA,ITA.8_1,MAIZ,0.28559989316418666,0.23873017825804949,0.19702342695041403,0.1597046417129889,0.13368833601710467,0.11450945755575229,11551.486315877995,10338.765008337183,7987.377685743192,9095.282271609205,8401.203081375554,8523.49726869159,2.472e-5,2.309e-5,2.467e-5,1.756e-5,1.591e-5,1.343e-5
ITA,ITA.9_1,MAIZ,0.02057841072218599,0.01823641294818354,0.015894415174181074,0.013552417400178624,0.011210419626176173,0.008868421852173708,0.9514541616521405,0.8515666923315979,0.6578914203743466,0.7491455153116169,0.6919767219628139,0.7020496519984726,0.02163,0.02142,0.02416,0.01809,0.0162,0.01263
JAM,JAM.10_1,MAIZ,0.034840049207548164,0.029700558733418325,0.026539562533360712,0.02569109071213034,0.02085588056292973,0.6898483277198393,20.116472443218214,21.15319847597079,24.18362841786293,22.837878279193717,23.735045038306527,23.519101983647847,0.001732,0.001404,0.001097,0.001125,8.787e-4,0.02933
JAM,JAM.11_1,MAIZ,0.5607569585435821,0.6014298217834342,0.5754502278424765,0.5719207825796535,0.5568222386500302,0.6060440229356455,18.466286743167103,19.41796851783974,22.19980755149821,20.964451401682766,21.788022168226398,21.589793260112497,0.03037,0.03097,0.02592,0.02728,0.02556,0.02807
JAM,JAM.12_1,MAIZ,0.8476282804484928,0.7478508246243171,0.6495531385072123,0.5572824500913935,0.47049160111788557,0.4167997266516344,72.04957054265218,75.76272977775417,86.61657984959078,81.79661353479491,85.0099244113255,84.23649833507167,0.01176,0.009871,0.007499,0.006813,0.005535,0.004948
JAM,JAM.13_1,MAIZ,0.11888518036826795,0.10731495660681831,0.10009355076131649,0.290198691850798,0.27484530827245923,1.1435281172387752,31.875317093792816,33.51804899555419,38.31988070839513,36.18748833591642,37.60908325090223,37.26691325261467,0.00373,0.003202,0.002612,0.008019,0.007308,0.03068
JAM,JAM.14_1,MAIZ,0.8509350483762684,0.6674807616442672,0.4841978950468007,0.3026208703124924,0.12944942897077022,0.03719506971473368,74.85500638767286,78.71274705383638,89.98921977031435,84.98157563635208,88.3200050589936,87.51646364379391,0.01137,0.00848,0.005381,0.003561,0.001466,4.25e-4
JAM,JAM.1_1,MAIZ,2.0274824193394965,1.9256408486200378,1.7666335743847883,1.6216593189530337,1.9498977172734921,1.9555799097624225,216.271713780564,227.41753054626204,259.99761032291786,245.52948279052134,255.1749011454524,252.85330253307802,0.009375,0.008467,0.006795,0.006605,0.007641,0.007734
JAM,JAM.2_1,MAIZ,0.7140568881334877,0.5546974766283098,0.3950130036065535,0.24134297649361716,0.08531933769636368,0.05070599653749768,24.225387472426476,25.473871266842906,29.123285435137078,27.5026574327696,28.58307610101459,28.323025329893955,0.02948,0.02178,0.01356,0.008775,0.002985,0.00179
JAM,JAM.4_1,MAIZ,0.6030144396747168,0.4828109169829518,0.36578659799594143,0.2500258666505461,0.14044108724266316,0.19478118706198808,73.21795976992621,76.99133331604729,88.02119445086274,83.12306532849402,86.38848474340651,85.60251643145604,0.008236,0.006271,0.004156,0.003008,0.001626,0.002275
JAM,JAM.5_1,MAIZ,3.430073428760376,3.259087407521754,3.0659413767442403,3.057095318474429,2.9664146387044354,4.228876643822917,8.097483969983191,8.514797316305417,9.734636328631924,9.192931504079034,9.554068053780961,9.467144492581872,0.4236,0.3828,0.315,0.3325,0.3105,0.4467
JAM,JAM.6_1,MAIZ,1.1669227574530276,1.0871834431837297,1.007794350632517,0.9288446702555284,0.8500184439337073,0.779781924116893,9.63585245073859,10.132447423422837,11.584032728192179,10.939414254034741,11.369159903473033,11.265722513129067,0.1211,0.1073,0.087,0.08491,0.07477,0.06922
JAM,JAM.7_1,MAIZ,0.575877713582587,0.49725871349791634,0.41492117399744294,0.3784683181217522,0.3483723602255242,1.0768469210211695,45.536056659675175,47.88281081854842,54.74255374448562,51.69628632671745,53.72713127189623,53.238318176063615,0.01265,0.01038,0.007579,0.007321,0.006484,0.02023
JAM,JAM.8_1,MAIZ,0.6128917019735902,0.5419632686729335,0.4660179325291077,0.40346765938460294,0.3403648947912413,0.3281419336414876,163.71244096171807,172.14955387550336,196.8118839311834,185.8598623604044,193.16121007425707,191.40381624257557,0.003744,0.003148,0.002368,0.002171,0.001762,0.001714
JAM,JAM.9_1,MAIZ,1.390694372205905,1.1184673820390758,0.8787771982901219,0.6703524835017795,0.4902053646578021,3.6350718785797893,161.1667696295976,169.47268838156893,193.75152781040822,182.96980635352233,190.15762065811293,188.42755368729968,0.008629,0.0066,0.004536,0.003664,0.002578,0.01929
JOR,JOR.4_1,MAIZ,0,0,0,0,0,0,586.3173525724392,586.3173525724392,586.3173525724392,586.3173525724392,586.3173525724392,586.3173525724392,0,0,0,0,0,0
JOR,JOR.5_1,MAIZ,0,0,0,0,0,0,91.49210733009936,90.45124167339864,87.37659923161202,87.6108192435951,86.30864347295062,87.06662202993171,0,0,0,0,0,0
JPN,JPN.15_1,MAIZ,0,0,0,0,0,0,0.01293565683279677,0.01263204182384994,0.0127586108598377,0.012775185376455145,0.012722448278126911,0.012730181796903198,0,0,0,0,0,0
JPN,JPN.26_1,MAIZ,0,0,0,0,0,0,0.002896404374263229,0.002828422372933696,0.0028567622643068027,0.0028604734405580415,0.0028486651524859143,0.0028503967535867796,0,0,0,0,0,0
JPN,JPN.29_1,MAIZ,0.018257832432373926,0.01699170578144601,0.015740599324503442,0.01449888029413182,0.013258902492352379,0.012040968616084455,1.4450216407951737,1.411105291276219,1.4252441168821357,1.4270956297591009,1.4212044524233025,1.4220683514997605,0.01263,0.01204,0.01104,0.01016,0.009329,0.008467
JPN,JPN.43_1,MAIZ,0,0,0,0,0,0,0.3514639968888606,0.3432147254417895,0.34665362768275215,0.34710396011906863,0.34567108418533427,0.34588120520618865,0,0,0,0,0,0
JPN,JPN.45_1,MAIZ,2.428603579361377e-4,2.0193163349073025e-4,1.6377438581429414e-4,1.2621211082673026e-4,8.91150910974938e-5,5.465287239257718e-5,1.059282482194693,1.034419882292278,1.0447844400679749,1.0461417035862206,1.0418231378463474,1.0424564246652026,2.293e-4,1.952e-4,1.568e-4,1.206e-4,8.554e-5,5.243e-5
KAZ,KAZ.10_1,MAIZ,0.02086655958867456,0.016583621111291372,0.01341109006233382,0.010658563209308865,0.008432995938375288,0.006898703639999591,124.85304468041274,147.13948372763787,143.0863585345559,154.85447665015914,130.95900463944318,141.0735228769614,1.671e-4,1.127e-4,9.373e-5,6.883e-5,6.439e-5,4.89e-5
KAZ,KAZ.11_1,MAIZ,0.02737090140975978,0.018338837914044837,0.013489587527326364,0.01086131249307718,0.00884557759180847,0.00711690022328918,379.41859642329706,447.29531058872595,434.83405776061136,470.8873454414208,398.05507205271545,428.84470708327996,7.214e-5,4.1e-5,3.102e-5,2.307e-5,2.222e-5,1.66e-5
KAZ,KAZ.12_1,MAIZ,1.7258583091792103,1.5019158991599864,1.2818893031361467,1.0667179318998228,0.8534395523255714,0.6404252752026218,2407.6526690550654,2839.142931895096,2762.196969974388,2993.050118911122,2535.4684855793153,2728.091723795649,7.168e-4,5.29e-4,4.641e-4,3.564e-4,3.366e-4,2.348e-4
KAZ,KAZ.13_1,MAIZ,3.2803527879068055e-4,2.163484092814202e-4,1.2649306498332648e-4,6.96965394391215e-5,2.666959809090778e-5,5.539115699093844e-6,2.4837388122613095,2.72881728735923,2.838722230398254,2.688250834899121,2.4981980622511744,2.6301238606152264,1.321e-4,7.928e-5,4.456e-5,2.593e-5,1.068e-5,2.106e-6
KAZ,KAZ.14_1,MAIZ,0.01408499184058855,0.007023525142715219,0.0035975011336777745,0.0011632338583267218,2.2281799040042865e-4,1.659125555230028e-4,1167.6098513225584,1353.6704968681117,1325.1580178196125,1436.023696983303,1233.455028589304,1318.1771554266531,1.206e-5,5.189e-6,2.715e-6,8.1e-7,1.806e-7,1.259e-7
KAZ,KAZ.1_1,MAIZ,0.01399502376112318,0.008453822155948643,0.005368484620647002,0.0044295637188026885,0.0038230308946145923,0.0033169861857732705,1017.8724998311482,1199.9664756646619,1166.5364680510386,1263.2572150168921,1067.8688790697533,1150.4687386256226,1.375e-5,7.045e-6,4.602e-6,3.506e-6,3.58e-6,2.883e-6
KAZ,KAZ.2_1,MAIZ,0.020448419194865723,0.018307232460837364,0.016215008558811334,0.014140158097075325,0.012167533994764548,0.010295605687877692,4.827471069250626,5.691089450105725,5.532540717699295,5.991258885103781,5.064589248965361,5.456336184260569,0.004236,0.003217,0.002931,0.00236,0.002402,0.001887
KAZ,KAZ.3_1,MAIZ,0.005901202315465373,0.005385571025577726,0.00486993973569009,0.004354308445802453,0.00384046200080497,0.003328400400697649,7.2931862659969955,8.59432640530781,8.358242601258056,9.04430270388653,7.6494810928553045,8.2400663627675,8.091e-4,6.266e-4,5.827e-4,4.814e-4,5.021e-4,4.039e-4
KAZ,KAZ.5_1,MAIZ,0.004022048293054908,0.0024050513663198226,8.358585102721998e-4,5.206601550246388e-5,4.5585694675376736e-5,4.033009114060992e-5,8.203756688583182,9.671381241209078,9.40194509021262,10.181486216412129,8.606712982865313,9.272443858215519,4.903e-4,2.487e-4,8.89e-5,5.114e-6,5.297e-6,4.349e-6
KAZ,KAZ.7_1,MAIZ,0.14758661895856132,0.12882525000896616,0.11275605307243473,0.09790339429499342,0.08559139087038507,0.08092379683882824,32.510036090586,38.21770051230232,37.25401952764092,40.13319374800841,34.04844571607755,36.6487842355632,0.00454,0.003371,0.003027,0.002439,0.002514,0.002208
KAZ,KAZ.8_1,MAIZ,2.716687371292441,2.455026239565223,2.193941084588119,1.933938108432411,1.6753940542386934,1.4175280150941394,3.0776650006147417,3.6282489454001228,3.5271691299813948,3.819616423546652,3.2288353157236003,3.4785863374409205,0.8827,0.6766,0.622,0.5063,0.5189,0.4075
KAZ,KAZ.9_1,MAIZ,3.690489411567354e-5,2.9738720935300863e-5,2.428737474903491e-5,2.0550855556875696e-5,1.6814336364716478e-5,1.307781717255726e-5,0.002880638125903139,0.003395974623716293,0.0033013657660283116,0.003575091081646807,0.003022130774752311,0.0032558931611713898,0.01281,0.008757,0.007357,0.005748,0.005564,0.004017
KEN,KEN.10_1,MAIZ,0.6116018584695566,0.5467771101691906,0.5591800693724519,0.49217061714247784,0.42516116491250366,0.3585715823579677,683.4442896594641,596.410797676582,556.2955350405482,773.079677229583,726.578172309578,733.7789691430868,8.949e-4,9.168e-4,0.001005,6.366e-4,5.852e-4,4.887e-4
KEN,KEN.11_1,MAIZ,0.0247078524055134,0.02180104624015888,0.01889424007480436,0.01598743390944984,0.01308062774409532,0.01017382157874081,141031.70144897213,122995.35107390524,114724.39452099522,159501.15947198312,149741.49773798228,151279.42141958204,1.752e-7,1.773e-7,1.647e-7,1.002e-7,8.735e-8,6.725e-8
KEN,KEN.12_1,MAIZ,1.7550239043143299,1.6036039038965841,1.4521839034788384,1.3570698731827788,1.2027623871177675,1.050123472927142,54664.74714058845,47673.74779460931,44467.8746190722,61823.62165091911,58040.717272786314,58636.825866190695,3.211e-5,3.364e-5,3.266e-5,2.195e-5,2.072e-5,1.791e-5
KEN,KEN.13_1,MAIZ,0.8672501541983796,0.8134698565432299,1.7991172196875924,1.6840715129437733,1.5587659223900996,1.405860535075871,24421.79330934722,21298.523743786285,19866.28128105996,27620.062079697695,25930.02757548268,26196.342552127622,3.551e-5,3.819e-5,9.056e-5,6.097e-5,6.011e-5,5.367e-5
KEN,KEN.14_1,MAIZ,2.350986917968276,2.330578841816006,2.032990705404214,1.7549305656997793,1.7763105557555925,1.5643222693324341,29630.028730049216,25840.685098030226,24103.000040203828,33510.366031717946,31459.91173950594,31783.021525477794,7.934e-5,9.019e-5,8.435e-5,5.237e-5,5.646e-5,4.922e-5
KEN,KEN.15_1,MAIZ,0.01783701279983414,0.01613824967604041,0.01443948655224668,0.01274072342845295,0.01104196030465923,0.0093431971808655,12561.244278430226,10954.804019787065,10218.136273386965,14206.260055263889,13336.99808184872,13473.9760438791,1.42e-6,1.473e-6,1.413e-6,8.968e-7,8.279e-7,6.934e-7
KEN,KEN.16_1,MAIZ,0,0,0,0,0.3191912690653991,0.3028224860364042,26499.979886537978,23110.93389719522,21556.813936628423,29970.40718122773,28136.558216822985,28425.535419896507,0,0,0,0,1.134e-5,1.065e-5
KEN,KEN.17_1,MAIZ,0.10549439301397896,0.09868830314210936,0.09188221327023977,0.08507612339837013,0.07827003352650053,0.07146394365463092,22910.298071512,19980.331553561995,18636.732362622253,25910.62199995557,24325.185838398727,24575.018249088575,4.605e-6,4.939e-6,4.93e-6,3.283e-6,3.218e-6,2.908e-6
KEN,KEN.18_1,MAIZ,14.196707489022252,12.81547915560441,11.285044595329751,9.999517209161523,11.038618786720518,11.299881502446658,24708.750099438745,21548.78202456806,20099.71067075537,27944.598621962396,26234.706162586983,26504.150348044863,5.746e-4,5.947e-4,5.615e-4,3.578e-4,4.208e-4,4.263e-4
KEN,KEN.19_1,MAIZ,6.466871230983976,6.113566717155043,5.618241867035295,5.207955207620313,4.764198813102986,4.38699596793245,22806.306320453878,20013.224929750595,18664.428506742057,25836.879942528984,24522.995744654876,24687.796821856133,2.836e-4,3.055e-4,3.01e-4,2.016e-4,1.943e-4,1.777e-4
KEN,KEN.1_1,MAIZ,92.82882552474102,112.68334344264534,118.86919940081195,132.80882590135295,135.63095153887934,135.20802700168207,34498.99840557972,30086.968936751062,28063.737890115048,39016.974125516135,36629.577879558514,37005.78284691197,0.002691,0.003745,0.004236,0.003404,0.003703,0.003654
KEN,KEN.20_1,MAIZ,6.568163858307953,6.093988084658418,7.818010542754602,7.047639220021071,6.205659426591407,5.394044195195058,14385.266909618844,12545.554904764263,11701.915379827235,16269.155997017715,15273.668191448034,15430.536770775505,4.566e-4,4.857e-4,6.681e-4,4.332e-4,4.063e-4,3.496e-4
KEN,KEN.21_1,MAIZ,2.173068237496954,2.0592839943803796,1.8526984899200656,1.6468479229521134,1.445275646160037,1.2595317600419191,5731.988138128049,4998.932056815643,4662.773417551079,6482.647126269503,6085.982654972061,6148.488887327669,3.791e-4,4.119e-4,3.973e-4,2.54e-4,2.375e-4,2.049e-4
KEN,KEN.22_1,MAIZ,3.1983877269871335,3.260306392613749,3.4399073308438783,5.609872153003666,6.048060702186291,5.747357805815116,15440.912125329964,13466.195105385086,12560.646125873456,17463.048108983035,16394.507648509487,16562.887836644975,2.071e-4,2.421e-4,2.739e-4,3.212e-4,3.689e-4,3.47e-4
KEN,KEN.23_1,MAIZ,6.723971994058538,6.755800303498184,6.040463056016405,5.876854796264831,8.298686827856251,7.486057633401184,41049.68135375854,35799.89405009246,33392.49112224377,46425.53202301774,43584.81606919256,44032.45497893734,1.638e-4,1.887e-4,1.809e-4,1.266e-4,1.904e-4,1.7e-4
KEN,KEN.24_1,MAIZ,0,0,0,0,0,0,10.447902346030082,9.358292039482135,8.830839012561144,11.718595553302809,11.10204640129184,11.199211422255905,0,0,0,0,0,0
KEN,KEN.25_1,MAIZ,0,0,0,0,0,0,34.133143025881225,29.77217243026364,27.771874254607663,38.601516820174076,36.241282339067396,36.61320732973653,0,0,0,0,0,0
KEN,KEN.26_1,MAIZ,0.6003457383449952,0.5590520285150286,0.5177583186850618,0.4794578148550944,0.6213694899736383,0.576974039684772,14402.490414759855,12560.575719515678,11715.92610350518,16288.635085846245,15291.955380992056,15449.01177934294,4.168e-5,4.451e-5,4.419e-5,2.944e-5,4.063e-5,3.735e-5
KEN,KEN.27_1,MAIZ,0.0253233825156464,0.02142747751323926,0.01753157251083212,0.01363566750842498,0.00973976250601784,0.0058438575036107,59986.808539406135,52498.27783470161,48963.550999980296,67907.65188547302,64148.10939723343,64677.95511216176,4.221e-7,4.082e-7,3.581e-7,2.008e-7,1.518e-7,9.035e-8
KEN,KEN.28_1,MAIZ,0.7735864898662778,0.7110649739761508,0.6488161345903773,0.5871306679278879,0.5257358974843291,0.4643411270407705,371.1748182908109,323.70578115721935,301.93783278762294,419.7837314301115,394.0977286840676,398.14531895773007,0.002084,0.002197,0.002149,0.001399,0.001334,0.001166
KEN,KEN.29_1,MAIZ,2.7120571506903906,2.4528939979092246,2.2372118815307283,2.0576278546294717,1.8780438277282157,2.176478333494363,5823.055966789438,5078.353346090795,4736.853935591908,6585.641163162285,6182.67462507097,6246.17393464887,4.657e-4,4.83e-4,4.723e-4,3.124e-4,3.038e-4,3.484e-4
KEN,KEN.2_1,MAIZ,0.484102372996255,0.4496356232136171,0.41516887343097925,0.3843933684114934,0.35730910815515976,0.3316590443867825,50548.009072226305,44083.49369715935,41119.05107484755,57167.757129680285,53669.73884865834,54220.95520222423,9.577e-6,1.02e-5,1.01e-5,6.724e-6,6.658e-6,6.117e-6
KEN,KEN.30_1,MAIZ,0,0,0,0,0,0,269.10128600024717,234.6862925568215,218.90455680540563,304.342688143567,285.72036779598693,288.65486575805306,0,0,0,0,0,0
KEN,KEN.31_1,MAIZ,3.1518590452166153,3.0733392744304355,2.7960123903619136,2.8360310311669985,2.7251129549810043,2.4691508392865478,62099.320847651135,54157.52409305986,50515.64230748147,70231.82430516752,65934.43329905001,66611.61449421143,5.076e-5,5.675e-5,5.535e-5,4.038e-5,4.133e-5,3.707e-5
KEN,KEN.32_1,MAIZ,0,0,0,0,0,0.1425750901517393,52421.2292918421,45717.150358628074,42642.85071203525,59286.293557344296,55658.644877561564,56230.288338699735,0,0,0,0,0,2.536e-6
KEN,KEN.33_1,MAIZ,125.23626577522501,126.2413706381037,120.56028365022584,144.9818734553507,151.65506496857938,153.75260688497423,123122.88191152325,107444.58530928525,100217.72116340997,139271.04566125953,130895.56327144465,132192.2227296405,0.001017,0.001175,0.001203,0.001041,0.001159,0.001163
KEN,KEN.34_1,MAIZ,0,0,0,0,0,0,31467.786472231644,27443.414529542464,25597.95218275055,35588.795829381335,33411.165209234074,33754.315391256656,0,0,0,0,0,0
KEN,KEN.35_1,MAIZ,0.8928588836911692,0.8314425280770239,0.7722263478112009,0.7153821617755414,0.6560443407799663,0.5967065197843914,4476.428641949126,3903.944338167314,3641.4193425147632,5062.660035643244,4752.882667342659,4801.69726396678,1.995e-4,2.13e-4,2.121e-4,1.413e-4,1.38e-4,1.243e-4
KEN,KEN.36_1,MAIZ,0.8682138941851398,0.8105039689418738,0.8663604669858824,1.132593012604614,1.0521480712950808,0.9717031299855476,16340.424554966596,14250.670127254754,13292.368269149945,18480.360344547422,17349.571914655746,17527.761113483284,5.313e-5,5.687e-5,6.518e-5,6.129e-5,6.064e-5,5.544e-5
KEN,KEN.37_1,MAIZ,13.398881216435239,12.77922789311658,33.57629435649579,41.13162627877346,39.82645782730928,37.81720292952724,378.38135047154503,329.99067984657887,307.8000966087109,427.93402832641,401.74931985933637,405.87549598560565,0.03541,0.03873,0.1091,0.09612,0.09913,0.09317
KEN,KEN.38_1,MAIZ,0.00753622667741917,0.00674293965874346,0.00594965264006776,0.00515636562139206,0.00436307860271636,0.00356979158404066,34790.19081291147,30340.92114750832,28300.612807435205,39346.3009798451,36938.75366596538,37318.13403072621,2.166e-7,2.222e-7,2.102e-7,1.311e-7,1.181e-7,9.566e-8
KEN,KEN.39_1,MAIZ,0.3586011335844249,0.27171062314242267,0.20656804314355062,0.1598761578600635,0.14068250310504185,0.10786034265475203,694.3397259941703,624.5287746959756,582.0730098338356,792.0099527646043,784.5748064434841,779.2568132674123,5.165e-4,4.351e-4,3.549e-4,2.019e-4,1.793e-4,1.384e-4
KEN,KEN.3_1,MAIZ,0,0,0,0,0,0,150546.76588973845,131329.97094115388,122618.43742600376,170342.60031414474,159948.66300228663,161577.93435624856,0,0,0,0,0,0
KEN,KEN.40_1,MAIZ,0.407176642180471,0.3859837896602683,0.3525036297623076,0.3190234698643469,0.2874091951359274,0.29697031474922375,848.088890324877,739.6279682914312,689.8908787376992,959.1542890877553,900.4649263069358,909.7131731559198,4.801e-4,5.219e-4,5.11e-4,3.326e-4,3.192e-4,3.264e-4
KEN,KEN.41_1,MAIZ,0.28706642699734375,0.24701707726571642,0.20699318068462788,0.1670322058161425,0.12765539232184653,0.1261821657407478,8931.718455677059,7789.453263788056,7265.6429819099885,10101.412910155204,9483.321020635738,9580.719699012581,3.214e-5,3.171e-5,2.849e-5,1.654e-5,1.346e-5,1.317e-5
KEN,KEN.42_1,MAIZ,0.6239927503257918,0.5673791189167231,0.5107654875076545,0.46124511006852037,0.41881798659932096,0.37639086313012154,110780.29085208425,96612.75178156576,90115.92189762763,125288.03564029995,117621.82900446949,118829.8668499008,5.633e-6,5.873e-6,5.668e-6,3.681e-6,3.561e-6,3.167e-6
KEN,KEN.43_1,MAIZ,0.2095402523888821,0.17988126677717606,0.158485634081916,0.12750097292101395,0.09972948525309432,0.08177246361643568,176.57690150795494,154.04276700975822,143.8358925836301,199.52743683627082,187.38584975256757,189.29592129213728,0.001187,0.001168,0.001102,6.39e-4,5.322e-4,4.32e-4
KEN,KEN.44_1,MAIZ,1.8110085181512818,1.6486839987103699,1.4863594792694579,1.324034959828546,1.1617104403876337,1.0100411953100246,125068.76101915582,109073.88914608843,101739.096486794,141447.71843015376,132792.7225072747,134156.57338210297,1.448e-5,1.512e-5,1.461e-5,9.361e-6,8.748e-6,7.529e-6
KEN,KEN.45_1,MAIZ,0,0,0,0,0,0,27813.733969909692,24256.67377729973,22625.507288660614,31456.21000006884,29531.44675664996,29834.750196277797,0,0,0,0,0,0
KEN,KEN.46_1,MAIZ,0,0,0,0,0,0,0.5025216153775444,0.4382548169707096,0.4087838937315848,0.5683316551453009,0.5335562044507419,0.5390361063796321,0,0,0,0,0,0
KEN,KEN.47_1,MAIZ,217.52071718683447,223.16916666919968,255.5052790129931,337.5045576560202,340.40633043477476,358.0848438809429,47398.62681805133,41368.67559529294,38691.44750472498,53676.01462346763,50417.05032326597,50923.08874442415,0.004589,0.005395,0.006604,0.006288,0.006752,0.007032
KEN,KEN.4_1,MAIZ,0,0,0,0,0,0,74384.5279933632,66275.05110131332,66437.95962294293,87219.4593126602,83003.78439048666,83336.67321408138,0,0,0,0,0,0
KEN,KEN.5_1,MAIZ,17.2424151013963,17.267646964287973,16.871236389594372,17.06450466718135,15.934872887499903,15.053198153571861,52669.59456873958,45933.75254177359,42844.88724509383,59567.18465651366,55922.34862761661,56496.70046451074,3.274e-4,3.759e-4,3.938e-4,2.865e-4,2.849e-4,2.664e-4
KEN,KEN.6_1,MAIZ,0.7834298665396248,0.5860515177835377,0.38956678198018896,0.36697557179095786,0.26540203623959296,0.21532959167809634,3316.368953969519,2892.243088563077,2697.751047058309,3750.679371803618,3521.1803383001784,3557.3447063027675,2.362e-4,2.026e-4,1.444e-4,9.784e-5,7.537e-5,6.053e-5
KEN,KEN.7_1,MAIZ,0.005698840228434709,0.004822872947003739,0.00394690566557278,0.0030709383841418104,0.002194971102710851,0.0013190038212798913,7.941974279354021,6.926286109244077,6.4605204442624835,8.982052212650707,8.432452500881825,8.519058208658056,7.176e-4,6.963e-4,6.109e-4,3.419e-4,2.603e-4,1.548e-4
KEN,KEN.8_1,MAIZ,1.9381115065114267,1.804448643993397,1.6707857814753675,1.5371229189573383,1.403460056439309,1.2697971939212795,13446.532522761572,11726.873967851416,10938.287535578298,15207.485311621278,14276.959709440433,14423.591570147571,1.441e-4,1.539e-4,1.527e-4,1.011e-4,9.83e-5,8.804e-5
KEN,KEN.9_1,MAIZ,0.02757512293021724,0.02467247841124701,0.02176983389227678,0.01886718937330653,0.0159645448543363,0.01306190033536606,47.666930775163266,41.570872541929994,38.775393870103926,53.9093739137805,50.610731725648414,51.13053047242042,5.785e-4,5.935e-4,5.614e-4,3.5e-4,3.154e-4,2.555e-4
KGZ,KGZ.1_1,MAIZ,0,0,0,0,0,0,91.87871515553505,107.19998103824784,97.98046311018847,102.49132350025815,118.6569128716614,112.609871648541,0,0,0,0,0,0
KGZ,KGZ.3_1,MAIZ,0.0565501231794376,0.026055771251621028,0.017110032153903533,0.01097713295836635,0.005715314610879252,0.00297080783454612,2666.0265516290606,2580.5376849161626,2735.3750292384943,2986.650039720778,3006.3151634962696,2975.4955325015876,2.121e-5,1.01e-5,6.255e-6,3.675e-6,1.901e-6,9.984e-7
KGZ,KGZ.4_1,MAIZ,0.00575274558562159,0.00447435767770568,0.00319596976978977,0.00191758186187386,6.391939539579554e-4,0,612.7650690315194,593.0736631384875,628.680102043351,686.4335159734137,690.9935154032215,683.8912047369256,9.388e-6,7.544e-6,5.084e-6,2.794e-6,9.25e-7,0
KGZ,KGZ.5_1,MAIZ,0,0,0,0,0,0,0.0864166131934874,0.08363958706668224,0.0886610675875976,0.09680587655995904,0.09744896104176712,0.09644734122913758,0,0,0,0,0,0
KGZ,KGZ.7_1,MAIZ,0.007452505482078916,0.005679894106530519,0.0039072827309821236,0.00226573278240595,7.552442608019834e-4,0,486.1698430794375,470.5466161742884,498.7968831850285,544.6186338146097,548.23655252322,542.6015556269513,1.533e-5,1.207e-5,7.833e-6,4.16e-6,1.378e-6,0
KGZ,KGZ.8_1,MAIZ,0,0,0,0,0,0,0.08922929130023435,0.08636187884260597,0.09154679794092786,0.09995670323023134,0.10062071875267996,0.09958649833220247,0,0,0,0,0,0
KGZ,KGZ.9_1,MAIZ,9.003826722960242e-4,8.191235859753504e-4,7.378644996546767e-4,6.566054133340029e-4,5.753463270133291e-4,4.940872406926552e-4,42.95091420223757,41.57067252761048,44.06645627857906,48.114601402969036,48.43422821293306,47.93640163716585,2.096e-5,1.97e-5,1.674e-5,1.365e-5,1.188e-5,1.031e-5
KHM,KHM.10_1,MAIZ,0.0020881668649588656,0.00176691042419596,0.0015670890304873143,0.0012396051514139371,9.121212723405599e-4,5.846373932671824e-4,7.504440201039557,5.828448556140723,9.697404393121117,12.615797804636498,11.506808308260656,11.36734662539123,2.783e-4,3.032e-4,1.616e-4,9.826e-5,7.927e-5,5.143e-5
KHM,KHM.11_1,MAIZ,13.212543230065926,11.88902627629473,10.835049011775725,9.557408200198289,8.458498685853057,7.421259761042052,4687.565308656581,3681.182437253839,5991.817549592292,7736.149788087283,7071.972621602581,6989.534655166169,0.002819,0.00323,0.001808,0.001235,0.001196,0.001062
KHM,KHM.12_1,MAIZ,17.634435888326813,15.370750506912882,13.110358882363492,10.886691371086275,8.9432078121723535,7.271987063374986,81012.9863541376,62920.09535880627,104686.7645508912,136191.79542612648,124219.88284581542,122714.348004616,2.177e-4,2.443e-4,1.252e-4,7.994e-5,7.199e-5,5.926e-5
KHM,KHM.13_1,MAIZ,3.8567323918121588,3.236529021072992,2.618203564433737,2.1583911086378036,1.566760350209351,1.110434006622381,123.41899819523012,95.85542193162873,159.4847721122807,207.4810491882035,189.24246389935286,186.9488589501148,0.03125,0.03376,0.01642,0.0104,0.008279,0.00594
KHM,KHM.14_1,MAIZ,6.51777175556376,6.2316353017655866,5.853594068299992,5.580163969184838,6.820437524713404,6.870703864367666,7981.972459127972,7733.9274719883,7830.800189937834,7956.769931187635,7858.479726268101,7887.264435357196,8.166e-4,8.058e-4,7.475e-4,7.013e-4,8.679e-4,8.711e-4
KHM,KHM.15_1,MAIZ,6.556015975650067,6.27610107404002,6.171952772628413,8.231350390193471,8.380519518628148,8.045195090867866,3186.2290544724065,2479.782297740396,4108.066180370161,5336.427492594846,4869.180784007548,4810.796507862533,0.002058,0.002531,0.001502,0.001542,0.001721,0.001672
KHM,KHM.16_1,MAIZ,0.12027472059529877,0.10505672747507946,0.0898911923459444,0.07495188921012444,0.06018636007653526,0.04561290541369112,81.311395696299,63.151850657458894,105.07239243866194,136.69349076500043,124.67747340099181,123.16639145797136,0.001479,0.001664,8.555e-4,5.483e-4,4.827e-4,3.703e-4
KHM,KHM.17_1,MAIZ,1.7343693996031198,1.6395107383196872,1.4850734450815624,1.4630786482823483,1.414561423248923,1.271837006439153,4916.790951405864,3818.7076389252206,6353.586529427799,8265.671899418969,7539.079458822325,7447.706362091507,3.527e-4,4.293e-4,2.337e-4,1.77e-4,1.876e-4,1.708e-4
KHM,KHM.18_1,MAIZ,11.04556782941523,11.263906474029028,11.007685421249857,11.015558681579734,11.25309277451528,11.525711809372604,3775.5459948652842,2982.196898077265,4812.029397464591,6192.372511888464,5667.547586419481,5601.782964100855,0.002926,0.003777,0.002288,0.001779,0.001986,0.002058
KHM,KHM.19_1,MAIZ,5.5372872310306045,4.943543181694781,4.351230071136965,3.759012584630786,3.1669872828915224,2.5752904848221845,1387.941600386717,1123.2769107102877,1720.198265843603,2172.0240221745353,1998.8415339336923,1978.277673184488,0.00399,0.004401,0.002529,0.001731,0.001584,0.001302
KHM,KHM.1_1,MAIZ,2.219680222427002,1.9886624710630374,1.8211977774610721,1.5103934661854226,1.251402369997886,0.9978581132032616,10927.69081569016,8487.17992591825,14120.99281650673,18370.636330576577,16755.77118152847,16552.693272443557,2.031e-4,2.343e-4,1.29e-4,8.222e-5,7.468e-5,6.028e-5
KHM,KHM.20_1,MAIZ,20.67615232254574,19.32490991744598,18.370811400763348,17.170853100518233,16.405447530347768,15.556508735656548,6347.237922055803,5000.96021461233,8086.69083337072,10416.74611607763,9528.983344735361,9419.25310267204,0.003258,0.003864,0.002272,0.001648,0.001722,0.001652
KHM,KHM.21_1,MAIZ,3.5880194433479424,3.600598685578233,3.4923991156679035,3.5904097755664597,3.628912454245096,3.4879056750969175,1460.8257131176242,1134.5746371880214,1887.7114492842188,2455.8103377188504,2239.9327601136906,2212.784937375082,0.002456,0.003174,0.00185,0.001462,0.00162,0.001576
KHM,KHM.22_1,MAIZ,0.861975885817193,0.80797066232955606,0.8281602524118477,0.8418971125623161,0.8746467358231993,1.0805472132762117,699.6503182131495,567.1949145309184,872.9626125834318,1103.6063503385606,1015.9617299916117,1004.9399247464023,0.001232,0.001425,9.487e-4,7.629e-4,8.609e-4,0.001075
KHM,KHM.23_1,MAIZ,0.09291944658820478,0.05798449584596126,0.042949569690010736,0.03185641092296063,0.02255642038625499,0.014531569956642926,1216.1935235909682,1159.4038458119658,1223.9035195407644,1279.9613926936033,1251.600904517224,1253.7943067827914,7.64e-5,5.001e-5,3.509e-5,2.489e-5,1.802e-5,1.159e-5
KHM,KHM.24_1,MAIZ,0.5362519324065174,0.4619719980935337,0.38771015612007925,0.3138170758504729,0.24244485814753494,0.1734344172556268,1027.4121104145713,921.9028774792479,1127.042851360869,1286.0544905028257,1221.557609908763,1216.76998159239,5.219e-4,5.011e-4,3.44e-4,2.44e-4,1.985e-4,1.425e-4
KHM,KHM.25_1,MAIZ,12.527043016903837,11.089631290705263,9.65059855621054,8.231258041381341,6.7972300134514985,5.384284899836877,3141.7326524182513,2527.226574331734,3918.7719003139887,4971.432918921064,4568.558353388539,4520.231186872571,0.003987,0.004388,0.002463,0.001656,0.001488,0.001191
KHM,KHM.2_1,MAIZ,19.676963057509354,17.740422925565642,15.353894252765743,13.279105355597027,11.248730834137314,9.290024744189143,27112.610714083592,21057.610195582034,35035.24978663704,45578.731695070615,41572.19495514535,41068.36123264671,7.257e-4,8.425e-4,4.382e-4,2.913e-4,2.706e-4,2.262e-4
KHM,KHM.3_1,MAIZ,3.1437036849879223,2.7608306821557638,2.406994307231243,2.3131706354064803,2.112755676707058,1.8153950914186316,2583.201507846762,2006.2865044276518,3338.070392917538,4342.648757080167,3960.908978698369,3912.903048898936,0.001217,0.001376,7.211e-4,5.327e-4,5.334e-4,4.64e-4
KHM,KHM.4_1,MAIZ,1.8243231192197304,1.6504003222190706,1.4736275765602436,1.2981430096378925,1.143061305825005,1.0363388285914863,1952.2682943284294,1516.26170859508,2522.7644736710704,3281.9799214654595,2993.478051303592,2957.197314240493,9.345e-4,0.001088,5.841e-4,3.955e-4,3.819e-4,3.504e-4
KHM,KHM.5_1,MAIZ,0.9444758444925003,0.7972009375652271,0.6723531815429055,0.7499421039029721,0.7133204822121146,0.6727219365276066,670.622037617798,520.8497825498231,866.5926997216657,1127.3901587952537,1028.2871243472905,1015.8243589137613,0.001408,0.001531,7.759e-4,6.652e-4,6.937e-4,6.622e-4
KHM,KHM.6_1,MAIZ,11.088351974754985,10.900769172564397,10.29533876367194,9.742961631769449,9.628033411386065,9.169146395619086,16768.49960951059,13023.53469671989,21668.627828734236,28189.711010210576,25711.69940124957,25400.075467673058,6.613e-4,8.37e-4,4.751e-4,3.456e-4,3.745e-4,3.61e-4
KHM,KHM.7_1,MAIZ,2.1079868800193746,1.8381282253153388,1.5434826574390952,1.2581753321865818,0.9839695109434055,0.7148907532766697,963.9026745893251,748.6310772643758,1245.5764561637613,1620.427496281832,1477.9841010369653,1460.071040832695,0.002187,0.002455,0.001239,7.764e-4,6.658e-4,4.896e-4
KHM,KHM.8_1,MAIZ,36.69926864902896,33.17941652560258,29.67667621286724,26.558018292239037,23.0248305957238,19.493900625391568,2469.523992054038,1918.2873762142488,3190.7037653101024,4150.510620959812,3785.774473937699,3739.914633054086,0.01486,0.0173,0.009301,0.006399,0.006082,0.005212
KHM,KHM.9_1,MAIZ,8.531906078528342,8.305789715240364,8.212052278993427,8.102515392342994,7.662135375241405,6.935714326523613,356.9231750309011,277.21033260733316,461.2240584010422,600.0275153575037,547.2822017140484,540.6491810874049,0.0239,0.02996,0.0178,0.0135,0.014,0.01283
KOR,KOR.10_1,MAIZ,1.6252295411829895e-4,1.2526415891342063e-4,8.800536370854231e-5,5.074656850366398e-5,2.5253322932290152e-5,1.6090790592936054e-5,137.0001282390082,137.0001282390082,137.0001282390082,137.0001282390082,137.0001282390082,137.0001282390082,1.186e-6,9.143e-7,6.424e-7,3.704e-7,1.843e-7,1.175e-7
KOR,KOR.11_1,MAIZ,1.976421022274062e-4,1.41172930162433e-4,8.47037580974598e-5,2.8234586032486604e-5,0,0,0.9923719411836612,0.9923719411836612,0.9923719411836612,0.9923719411836612,0.9923719411836612,0.9923719411836612,1.992e-4,1.423e-4,8.535e-5,2.845e-5,0,0
KOR,KOR.12_1,MAIZ,0.45753210901294755,0.426933836644111,0.39939287299961573,0.42452488935452276,0.4264980778192115,0.4525477420119817,288.66025452031676,288.66025452031676,288.66025452031676,288.66025452031676,288.66025452031676,288.66025452031676,0.001585,0.001479,0.001384,0.001471,0.001478,0.001568
KOR,KOR.13_1,MAIZ,1.3288100142996528e-4,1.1851642938800092e-4,1.0415185734603653e-4,8.978728530407217e-5,7.542271326210778e-5,6.282478683674621e-5,72.4532100440326,72.4532100440326,72.4532100440326,72.4532100440326,72.4532100440326,72.4532100440326,1.834e-6,1.636e-6,1.438e-6,1.239e-6,1.041e-6,8.671e-7
KOR,KOR.14_1,MAIZ,0.034644269285299394,0.02911005395409476,0.02357583862289011,0.018041623291685457,0.012507407960480806,0.006973192629276175,226.86382875468058,226.86382875468058,226.86382875468058,226.86382875468058,226.86382875468058,226.86382875468058,1.527e-4,1.283e-4,1.039e-4,7.953e-5,5.513e-5,3.074e-5
KOR,KOR.15_1,MAIZ,0.0065419534357846,0.00764767512616368,0.0069361234070118,0.00622457168785992,0.00551301996870805,0.00480146824955617,0.4838480918045555,0.4838480918045555,0.4838480918045555,0.4838480918045555,0.4838480918045555,0.4838480918045555,0.01352,0.01581,0.01434,0.01286,0.01139,0.009924
KOR,KOR.17_1,MAIZ,9.041103960313064e-5,4.891023047694422e-5,1.4079912956925508e-5,0,0,0,0.8055945704828217,0.8055945704828217,0.8055945704828217,0.8055945704828217,0.8055945704828217,0.8055945704828217,1.122e-4,6.071e-5,1.748e-5,0,0,0
KOR,KOR.1_1,MAIZ,2.358279930029309e-5,1.4417175885343114e-5,7.3757731334010926e-6,2.458591044467031e-6,0,0,5.739775461541473,5.739775461541473,5.739775461541473,5.739775461541473,5.739775461541473,5.739775461541473,4.109e-6,2.512e-6,1.285e-6,4.283e-7,0,0
KOR,KOR.2_1,MAIZ,0.12587283291891385,0.11344646438722188,0.10154964752835065,0.1195708910072101,0.10688477454291134,0.10201497412373774,245.77929201214346,245.77929201214346,245.77929201214346,245.77929201214346,245.77929201214346,245.77929201214346,5.121e-4,4.616e-4,4.132e-4,4.865e-4,4.349e-4,4.151e-4
KOR,KOR.3_1,MAIZ,2.407633062948162e-4,1.7935358684074488e-4,1.179438673866735e-4,5.653414793260214e-5,1.2914644102783229e-5,0,36.65722060347421,36.65722060347421,36.65722060347421,36.65722060347421,36.65722060347421,36.65722060347421,6.568e-6,4.893e-6,3.217e-6,1.542e-6,3.523e-7,0
KOR,KOR.4_1,MAIZ,0,0,0,0,0,0,0.15143158940992918,0.15143158940992918,0.15143158940992918,0.15143158940992918,0.15143158940992918,0.15143158940992918,0,0,0,0,0,0
KOR,KOR.5_1,MAIZ,0.01190214637964788,0.01050189386439519,0.0091016413491425,0.00770138883388981,0.00630113631863711,0.00490088380338442,12.350211244787625,12.350211244787625,12.350211244787625,12.350211244787625,12.350211244787625,12.350211244787625,9.637e-4,8.503e-4,7.37e-4,6.236e-4,5.102e-4,3.968e-4
KOR,KOR.6_1,MAIZ,0.35715105436338673,0.3142609369836945,0.7987874154408556,1.5111494898631104,1.6420696954258078,1.5240456884656588,143.49882868064302,143.49882868064302,143.49882868064302,143.49882868064302,143.49882868064302,143.49882868064302,0.002489,0.00219,0.005567,0.01053,0.01144,0.01062
KOR,KOR.7_1,MAIZ,0,0,0,0,0,0,0.3473448092472408,0.3473448092472408,0.3473448092472408,0.3473448092472408,0.3473448092472408,0.3473448092472408,0,0,0,0,0,0
KOR,KOR.8_1,MAIZ,0.10676457692155653,0.09408086786405333,0.08139715880655016,0.06872746392379908,0.05613468823311842,0.043620215296330395,138.36227843024545,138.36227843024545,138.36227843024545,138.36227843024545,138.36227843024545,138.36227843024545,7.716e-4,6.8e-4,5.883e-4,4.967e-4,4.057e-4,3.153e-4
KOR,KOR.9_1,MAIZ,7.969020867691787e-4,0.0030011447059122274,0.04476653748665151,0.05822090471954556,0.056595511281644216,0.05334685529956413,52.32631825233446,52.32631825233446,52.32631825233446,52.32631825233446,52.32631825233446,52.32631825233446,1.523e-5,5.735e-5,8.555e-4,0.001113,0.001082,0.00102
LAO,LAO.10_1,MAIZ,38.38860499269762,40.83778023124155,40.23144973509714,42.40325336237508,41.74458020314879,39.67624598333508,11123.53850012575,11128.693764595468,11132.27588574945,11146.529071415263,11150.811206707893,11146.265284968023,0.003451,0.00367,0.003614,0.003804,0.003744,0.00356
LAO,LAO.11_1,MAIZ,1.7123047891534369,1.6283320596380013,1.5901452186437994,1.6235659331503365,1.588241075585024,4.953043517758728,17091.32799084795,17087.366918178315,17086.35793682675,17086.679503116233,17085.41878548346,17086.18670814883,1.002e-4,9.529e-5,9.307e-5,9.502e-5,9.296e-5,2.899e-4
LAO,LAO.12_1,MAIZ,3.6376881256162363,3.578890913081534,3.165541364622673,2.726543212928238,2.561395406606441,2.137128240695686,11178.221444328883,11177.171584925853,11176.136694005017,11175.543770961802,11175.137020485017,11175.590608291817,3.254e-4,3.202e-4,2.832e-4,2.44e-4,2.292e-4,1.912e-4
LAO,LAO.13_1,MAIZ,4.838393967096057,4.1061953775008035,3.445628192407437,2.8452777789905714,2.2659772001073257,1.7709437038369056,4656.082654169215,4656.082654169215,4656.082654169215,4656.082654169215,4656.082654169215,4656.082654169215,0.001039,8.819e-4,7.4e-4,6.111e-4,4.867e-4,3.804e-4
LAO,LAO.14_1,MAIZ,12.518023746602525,11.882948046618734,11.780898016793627,14.234432507927103,16.65784401904605,16.735952085450798,36598.065906382224,36598.06548118069,36598.06504126038,36598.06478275904,36598.06461605585,36598.064806533446,3.42e-4,3.247e-4,3.219e-4,3.889e-4,4.552e-4,4.573e-4
LAO,LAO.15_1,MAIZ,99.63824607182437,109.49467581142933,108.9673850388618,118.51324204776435,153.4151279013374,160.23889571067244,138818.41999763084,138281.84122582964,137726.68825454096,137400.47510692698,137190.1057136246,137430.47697837028,7.178e-4,7.918e-4,7.912e-4,8.625e-4,0.001118,0.001166
LAO,LAO.16_1,MAIZ,3.0063457678939587,3.330742486866121,3.282020314527709,4.87736579217925,6.769566606517085,6.665748041433954,1921.518350207178,1921.518350207178,1921.518350207178,1921.518350207178,1921.518350207178,1921.518350207178,0.001565,0.001733,0.001708,0.002538,0.003523,0.003469
LAO,LAO.17_1,MAIZ,18.71426861472482,19.050437060477552,19.858869339549415,21.082339838344524,29.911497514633453,32.71969810132086,6973.13142435013,6971.703210576787,6971.408798503883,6971.586056743577,6971.13805376744,6971.39232971771,0.002684,0.002733,0.002849,0.003024,0.004291,0.004693
LAO,LAO.18_1,MAIZ,136.43817448895336,149.17256065328297,143.81552920016503,153.45070995552823,155.5020778330699,154.3109027858099,59643.90017402421,59643.8931773409,59643.891735044184,59643.89260341543,59643.8904086915,59643.89165436517,0.002288,0.002501,0.002411,0.002573,0.002607,0.002587
LAO,LAO.1_1,MAIZ,2.818055944571279,2.877358530976743,2.853000222564121,2.738032136016889,2.610677496064873,2.4712745012584487,3411.162005347441,3410.8291456855845,3410.760529974924,3410.8018418001047,3410.6974301763476,3410.756691757775,8.261e-4,8.436e-4,8.365e-4,8.028e-4,7.654e-4,7.246e-4
LAO,LAO.2_1,MAIZ,6.820287300365815,6.233575973491992,5.520382559791281,5.161985436885394,4.69160856524939,4.279758362563518,8250.275930791531,8092.863036528802,7921.15368805496,7814.303286079144,7741.291328659969,7820.076012618208,8.267e-4,7.703e-4,6.969e-4,6.606e-4,6.06e-4,5.473e-4
LAO,LAO.3_1,MAIZ,26.12697613853167,24.36913442882577,21.857972161090657,22.22098756341547,22.840477535460856,22.35611562192481,7849.783687729221,7849.782665816385,7849.782052941528,7849.7818243634265,7849.781465758206,7849.781778747032,0.003328,0.003104,0.002785,0.002831,0.00291,0.002848
LAO,LAO.4_1,MAIZ,9.776666552206107,9.658903700673307,9.543231077586022,9.531216465955463,11.340432140797937,11.507645545623356,25400.37870615507,25399.638780957717,25400.099727320438,25400.511764689614,25400.122750145358,25400.259338146938,3.849e-4,3.803e-4,3.757e-4,3.752e-4,4.465e-4,4.531e-4
LAO,LAO.5_1,MAIZ,95.34297313659481,84.35134113365697,70.86177194905405,62.00804088294983,49.195920621380374,38.43983278850821,29498.414511730152,29258.689554700017,29209.272637678707,29239.02534325177,29163.828271071096,29206.508360277476,0.003232,0.002883,0.002426,0.002121,0.001687,0.001316
LAO,LAO.6_1,MAIZ,7.415689591467551,6.75708775462465,6.133441194878694,6.021686155483932,5.755064763244835,5.404798203194772,5172.370103836673,5170.946080927661,5170.651680618648,5170.827665749288,5170.380896751005,5170.634704212216,0.001434,0.001307,0.001186,0.001165,0.001113,0.001045
LAO,LAO.7_1,MAIZ,18.673810375784704,18.37143644114432,16.788764732348962,16.648315931402717,15.891719529707645,14.539181212651737,9916.949817009378,9930.0094476682425,9935.13853396827,9947.923358525888,9954.597734050609,9948.763256763024,0.001883,0.00185,0.00169,0.001674,0.001596,0.001461
LAO,LAO.8_1,MAIZ,33.32146948980719,35.24339202765905,34.51936288317968,33.93707475274851,34.48397866551362,34.69319914029021,22909.1725693885,22892.24986429945,22888.761416857342,22890.861724928105,22885.553400372173,22888.566280515155,0.001455,0.00154,0.001508,0.001483,0.001507,0.001516
LAO,LAO.9_1,MAIZ,62.51096746264502,79.00354134805063,79.06593173731909,84.7842308967471,86.73002467313945,83.76142452678673,83716.62578945806,83718.04279892426,83718.59932031679,83719.98651248899,83720.71070244095,83720.07764399062,7.467e-4,9.437e-4,9.444e-4,0.001013,0.001036,0.001
LBN,LBN.1_1,MAIZ,0.03406521029322835,0.030052862881453028,0.0260405154696777,0.022028168057902378,0.018015820646127056,0.014003473234351723,65.88221769429656,65.88221769429656,65.88221769429656,65.88221769429656,109.80369615716093,94.25549278130694,5.171e-4,4.562e-4,3.953e-4,3.344e-4,1.641e-4,1.486e-4
LBN,LBN.4_1,MAIZ,0,0,0,0,0,0,13.98528316771093,13.98528316771093,13.98528316771093,13.98528316771093,23.308805279518218,20.00827845193844,0,0,0,0,0,0
LBN,LBN.5_1,MAIZ,0.0015247713646704716,4.199813346120803e-4,2.999866675800574e-4,1.7999200054803443e-4,5.9997333516011475e-5,0,0.1275107594170707,0.1275107594170707,0.1275107594170707,0.1275107594170707,0.21251793236178454,0.1824253931393558,0.01196,0.003294,0.002353,0.001412,2.823e-4,0
LBN,LBN.6_1,MAIZ,0,0,0,0,0,0,38.91924596455137,36.52445784331381,29.45042561903738,29.989311015862906,33.717937239154054,33.08135017822779,0,0,0,0,0,0
LBN,LBN.7_1,MAIZ,0.005765567634778305,0.004926404641189368,0.00408724164760043,0.0032480786540115027,0.0024089156604225844,0.0015697526668336517,14.936297395844363,14.936297395844363,14.936297395844363,14.936297395844363,24.893828993073942,21.36886280765467,3.86e-4,3.298e-4,2.736e-4,2.175e-4,9.677e-5,7.346e-5
LBN,LBN.8_1,MAIZ,0.00346849878513509,0.0067338387080612,0.0063747461571608,0.00601565360626042,0.00565656105536002,0.00529746850445963,165.87491931068993,165.87491931068993,165.87491931068993,165.87491931068993,276.4581988511499,237.31171789382708,2.091e-5,4.06e-5,3.843e-5,3.627e-5,2.046e-5,2.232e-5
LBR,LBR.10_1,MAIZ,0.0030480419878971617,0.0017087073113725535,5.331486414365894e-4,0,0,0,0.6584487807237839,0.6584487807237839,0.6584487807237839,0.6584487807237839,0.6584487807237839,0.6584487807237839,0.004629,0.002595,8.097e-4,0,0,0
LBR,LBR.12_1,MAIZ,0.39677141442779135,0.4555132019692254,0.5525846776412647,0.5793238907123756,0.5687271298313399,0.5331291310880111,18.707011234573095,18.824139819201022,19.153888593653928,22.52186386945292,21.615919161949176,21.852327184865377,0.02121,0.0242,0.02885,0.02572,0.02631,0.0244
LBR,LBR.14_1,MAIZ,0.0032222972644205725,0.00283780618948683,0.00247975420753518,0.00212170222558354,0.00176365024363189,0.00140559826168025,2.610829813105039,2.610829813105039,2.610829813105039,2.610829813105039,2.610829813105039,2.610829813105039,0.001234,0.001087,9.498e-4,8.127e-4,6.755e-4,5.384e-4
LBR,LBR.2_1,MAIZ,0.01008253059565489,0.005842391988451914,0.0033631061497996304,0.0020178636898797757,6.72621229959928e-4,0,0.13369099639617973,0.13467245429386035,0.1374355248113209,0.1656568675700194,0.1580656669176254,0.16004660540418889,0.07542,0.04338,0.02447,0.01218,0.004255,0
LBR,LBR.4_1,MAIZ,0,0,0,0,0,0,25.363017558274134,21.537547696528872,22.927885095430305,24.164080233492253,26.216995298509808,25.040021634576792,0,0,0,0,0,0
LBR,LBR.6_1,MAIZ,0.10994191207269656,0.33919147994383275,0.9943409505744052,1.1729623079940892,1.2609142850756918,1.2960184817802394,15.988474998037562,15.988474998037562,15.988474998037562,15.988474998037562,15.988474998037562,15.988474998037562,0.006876,0.02121,0.06219,0.07336,0.07886,0.08106
LBR,LBR.8_1,MAIZ,1.6066914893579034,1.60939854635704,1.5631412853600024,1.6857643492969614,1.5861687522687933,1.513752263318815,50.39318510362848,47.787444383757624,49.47142083691297,57.054709508187265,56.78431544726998,56.37921380830451,0.03188,0.03368,0.0316,0.02955,0.02793,0.02685
LBY,LBY.2_1,MAIZ,0.5703408932271551,0.5259153498448957,0.4815547084523632,0.5812363760407155,0.5333437511859476,0.48142468836273694,675.5753108929836,683.695682557191,757.5316473478404,785.5528713247209,752.6495214570423,763.6599017072878,8.442e-4,7.692e-4,6.357e-4,7.399e-4,7.086e-4,6.304e-4
LKA,LKA.10_1,MAIZ,0.037973268975177235,0.033345165420895335,0.029899191879476067,0.02667874110185872,0.023623266554137965,0.02127492637974223,17.82230723779065,26.856426735795722,14.725322480913656,12.577064830063565,12.704797225116886,13.450219425527667,0.002131,0.001242,0.00203,0.002121,0.001859,0.001582
LKA,LKA.11_1,MAIZ,0.6784402288966628,0.6527872553227458,0.6057937373790655,0.6549880029745652,0.6134274298690875,0.6534143419731102,1474.5459900548112,2221.992687147591,1218.3139324662927,1040.5757382807087,1051.1438026964427,1112.8170362373212,4.601e-4,2.938e-4,4.972e-4,6.294e-4,5.836e-4,5.872e-4
LKA,LKA.12_1,MAIZ,0.20920113443451005,0.197481678973908,0.17993324617922252,0.16397938895160083,0.20518546763015377,0.2882522128543168,346.55516453350975,522.2238210814063,286.33422637677717,244.56130810544923,247.0450673961712,261.53981882557775,6.037e-4,3.782e-4,6.284e-4,6.705e-4,8.306e-4,0.001102
LKA,LKA.13_1,MAIZ,0.12379833643009443,0.09462450597788892,0.06721015704594265,0.04310294363034841,0.026620792928184738,0.021337340756189604,173.7880959958812,261.88120344879684,143.5889148772507,122.64091965594824,123.88645815088796,131.15518622262493,7.124e-4,3.613e-4,4.681e-4,3.515e-4,2.149e-4,1.627e-4
LKA,LKA.14_1,MAIZ,0.2972487698825402,0.2910162590049588,0.26804601110147414,0.2899422707109896,0.2790423201003011,0.28661300225556874,11623.270241938802,17515.100683545454,9603.492988406906,8202.452208894532,8285.756133944526,8771.902151074306,2.557e-5,1.662e-5,2.791e-5,3.535e-5,3.368e-5,3.267e-5
LKA,LKA.15_1,MAIZ,0.11456520513385386,0.08971371308513938,0.07183757396761792,0.09519836674867765,0.07387876639040468,0.062699153090438,272.96218626702574,411.3265953343404,225.52950997019443,192.62731065239169,194.58362940201735,206.00033717174196,4.197e-4,2.181e-4,3.185e-4,4.942e-4,3.797e-4,3.044e-4
LKA,LKA.16_1,MAIZ,0.09235808386084547,0.08077597981160481,0.09246786081179362,0.09144410817850174,0.07911304406878576,0.1022794450060935,2517.2957827825553,3793.3118793550766,2079.8649516442883,1776.4362287150523,1794.4776761607932,1899.764165527765,3.669e-5,2.129e-5,4.446e-5,5.148e-5,4.409e-5,5.384e-5
LKA,LKA.17_1,MAIZ,0.02754474764844631,0.01979822480899002,0.014992069053496924,0.010795546957333303,0.00756136058535105,0.011846391046037099,147.07799376385984,221.63176244607172,121.52023074915438,103.79180641221298,104.84591372572963,110.99748547683195,1.873e-4,8.933e-5,1.234e-4,1.04e-4,7.212e-5,1.067e-4
LKA,LKA.18_1,MAIZ,10.689093649772271,9.717817354157882,8.795600955207354,8.712316681528826,8.621881510748683,10.677619276664716,80739.4533948398,121666.24589373375,66709.34757822631,56977.20986077436,57555.869156667955,60932.815822806,1.324e-4,7.987e-5,1.318e-4,1.529e-4,1.498e-4,1.752e-4
LKA,LKA.19_1,MAIZ,0.45863682025440894,0.40184545118313103,0.3654480466242036,0.5119288488612813,0.6179529999230146,0.7138801672220199,622.3680402221436,937.8461190190319,514.2190610794001,439.2003283074282,443.6608372259173,469.6915271819303,7.369e-4,4.285e-4,7.107e-4,0.001166,0.001393,0.00152
LKA,LKA.1_1,MAIZ,4.31261712750818,3.9011372678762166,3.4469428666894903,3.3422335988120793,2.983865530133139,3.8288197779070456,17375.176212569575,26182.645195620695,14355.889474863756,12261.527912384694,12386.0557214104,13112.776561315763,2.482e-4,1.49e-4,2.401e-4,2.726e-4,2.409e-4,2.92e-4
LKA,LKA.20_1,MAIZ,0.4454412027954076,0.41484284488340123,0.4407700194564903,0.4900045043619032,0.45614266470314135,0.4683156496060703,1079.4369375420772,1626.6030341761873,891.8630338395725,761.750325717926,769.4866453482439,814.6343496522707,4.127e-4,2.55e-4,4.942e-4,6.433e-4,5.928e-4,5.749e-4
LKA,LKA.21_1,MAIZ,1.979067806074936,1.6935123844807707,1.4225335576898699,1.232759824174764,1.0518280407434109,0.8492448456470993,2198.3617563082566,3312.710338753359,1816.3521344029841,1551.366944813642,1567.122593539721,1659.0695920860974,9.002e-4,5.112e-4,7.832e-4,7.946e-4,6.712e-4,5.119e-4
LKA,LKA.22_1,MAIZ,0.3359200615775227,0.23575835749911445,0.16538561708155644,0.10818081462832313,0.051037889766315854,0.02153026635523556,2121.550353413775,3196.9632703864095,1752.8882594544993,1497.1617299106258,1512.3668716609125,1601.1012151790533,1.583e-4,7.374e-5,9.435e-5,7.226e-5,3.375e-5,1.345e-5
LKA,LKA.23_1,MAIZ,3.9221648443423796,4.533854990812828,4.2895721653102985,4.559119953874628,4.358919978065427,4.6368158903378145,1751.376029123966,2639.1477481244133,1447.039177930222,1235.9325628392667,1248.484666888098,1321.7363820536882,0.002239,0.001718,0.002964,0.003689,0.003491,0.003508
LKA,LKA.24_1,MAIZ,1.6736045833302853,1.529713575446411,1.3614051756755952,1.427950421819976,1.2824979410817512,1.292656798838172,4159.255024626841,6267.579520092948,3436.500712327701,2935.154208237305,2964.9635701142365,3138.9253917325286,4.024e-4,2.441e-4,3.962e-4,4.865e-4,4.326e-4,4.118e-4
LKA,LKA.25_1,MAIZ,1.2991633063807875,1.402896112624065,1.3655197678188626,1.728736045514263,2.0104107941521523,2.127875647968668,2001.2234228771642,3015.6426730482913,1653.4705560309474,1412.2479426007221,1426.590701786182,1510.292343077134,6.492e-4,4.652e-4,8.259e-4,0.001224,0.001409,0.001409
LKA,LKA.2_1,MAIZ,34.824020243427874,31.785281726397066,29.028518626251678,29.20316234753987,28.502158497095945,25.526942851736877,75810.27968879246,114238.47625996992,62636.71705864465,53498.729974166425,54042.061904489055,57212.844718711356,4.594e-4,2.782e-4,4.634e-4,5.459e-4,5.274e-4,4.462e-4
LKA,LKA.3_1,MAIZ,12.180708341359663,11.922123161257753,11.712240512344495,12.52617484594652,13.521185666262777,22.06814697738674,24678.419334114176,37187.89896049638,20390.047044161187,17415.370284410197,17592.240403728567,18624.421108350725,4.936e-4,3.206e-4,5.744e-4,7.193e-4,7.686e-4,0.001185
LKA,LKA.4_1,MAIZ,0.6579285398236786,0.5855633583562062,0.5171907830881609,0.6314780818308645,0.5929545782781258,0.5933141973177308,1976.7959732886613,2978.832960284227,1633.2878676855096,1395.0096797311276,1409.1773674962965,1491.8573249513825,3.328e-4,1.966e-4,3.167e-4,4.527e-4,4.208e-4,3.977e-4
LKA,LKA.5_1,MAIZ,0.007490908118041796,0.005185730621211866,0.002880553124381946,9.875567104932286e-4,1.2357452250973775e-4,0,7.802942931801806,11.758251183504363,6.447024475445592,5.506476676064939,5.562400332628892,5.888760259674145,9.6e-4,4.41e-4,4.468e-4,1.793e-4,2.222e-5,0
LKA,LKA.6_1,MAIZ,0.02294821851756089,0.017094978079366455,0.011531242191078032,0.006422958718852047,0.002035654911181987,0,4.560373723269244e-4,6.872025106105797e-4,3.7679169600573646e-4,3.2182205817469573e-4,3.250904759515831e-4,3.4416434652366436e-4,50.32,24.88,30.6,19.96,6.262,0
LKA,LKA.7_1,MAIZ,0.010316336607300502,0.007270388066710478,0.00519313433336463,0.003115880600018781,0.0010386268666729272,0,8.116716887270245,12.231077015435403,6.70627388792275,5.727904537635194,5.786077010713337,6.1255606073932904,0.001271,5.944e-4,7.744e-4,5.44e-4,1.795e-4,0
LKA,LKA.8_1,MAIZ,0.3459708402681287,0.28486721668417064,0.23445111405643748,0.21142636581421356,0.18194131793180093,0.17969146956206208,2390.79158535707,3602.6827613290898,1975.3434058407515,1687.163191780653,1704.297984217822,1804.2934057141788,1.447e-4,7.907e-5,1.187e-4,1.253e-4,1.068e-4,9.959e-5
LKA,LKA.9_1,MAIZ,9.672657035583877e-6,9.008065832726044e-6,8.343474629868212e-6,7.678883427010382e-6,7.01429222415255e-6,6.34970102129472e-6,13.491276816271528,20.32999894762513,11.146895805814857,9.520690048412334,9.617381968099124,10.181657800434216,7.17e-7,4.431e-7,7.485e-7,8.065e-7,7.293e-7,6.236e-7
LSO,LSO.1_1,MAIZ,0,0,0,0,0,0,21.342566906594293,86.76651947845212,70.64152528224324,124.43200540519857,55.30431107836294,79.31512066331473,0,0,0,0,0,0
LSO,LSO.2_1,MAIZ,0,0,0,0,0,0,15.111217470841636,61.433460687514426,50.01645095848859,88.10182496979444,39.15721456738199,56.15763288056388,0,0,0,0,0,0
LSO,LSO.3_1,MAIZ,0,0,0,0,0,0,321.03287487189846,362.0342489718739,337.63774576447287,382.5720390705743,278.8179744234944,313.7372974769066,0,0,0,0,0,0
LSO,LSO.4_1,MAIZ,0.0016632294885144,5.544098295048013e-4,0,0,0,0,1.7268559461237911,7.020396409746582,5.715701326404409,10.067961804335907,4.474746587414614,6.417493656428562,9.632e-4,7.897e-5,0,0,0,0
LSO,LSO.5_1,MAIZ,0.0058282539118732005,0.004466121433819461,0.0031039889557657103,0.0017418564777119702,5.303951193425516e-4,0,44.862123985792685,182.38342049921494,148.48864617021897,261.556357242299,116.24978716968582,166.72056330985797,1.299e-4,2.449e-5,2.09e-5,6.66e-6,4.563e-6,0
LSO,LSO.6_1,MAIZ,0,0,0,0,0,0,0.31207731623970414,1.2687256718838729,1.032941244679906,1.819481530554815,0.8086759691726022,1.1597691178462564,0,0,0,0,0,0
LSO,LSO.8_1,MAIZ,0,0,0,0,0,0,0.34489985359026604,1.4021631041676077,1.1415801966965302,2.0108443672225804,0.8937279605268289,1.2817471124253252,0,0,0,0,0,0
LSO,LSO.9_1,MAIZ,0,0,0,0,0,0,1.5817335271451056,6.43041268153891,5.235362242817627,9.221865188975556,4.098695504207658,5.878176983667418,0,0,0,0,0,0
LTU,LTU.10_1,MAIZ,0.0129760729039259,0.011094026134644344,0.009214919095054388,0.007338867052536313,0.005462930277398506,0.0038410579842657593,15.996772360421442,12.451553799421664,11.655875302868697,10.860730669784012,14.142181373643606,12.96153684742733,8.112e-4,8.91e-4,7.906e-4,6.757e-4,3.863e-4,2.963e-4
LTU,LTU.1_1,MAIZ,0.0011765458494630708,0.0010676893749842268,9.588329005053765e-4,8.49976426026526e-4,7.411199515476756e-4,6.322634770688253e-4,125.10620503023873,92.42795922482453,88.11029853883494,80.64048066491428,98.66163702504674,91.35945446107289,9.404e-6,1.155e-5,1.088e-5,1.054e-5,7.512e-6,6.921e-6
LTU,LTU.2_1,MAIZ,0.002982238774904841,0.002945962609528169,0.002698920803767703,0.0025442478690482686,0.0022924691981062047,0.0020406905271641304,0.44322758533643203,0.32745475074470815,0.31215809683620965,0.28569394712948226,0.3495394903344831,0.32366924077544923,0.006728,0.008997,0.008646,0.008906,0.006559,0.006305
LTU,LTU.3_1,MAIZ,1.921473399087076e-4,1.9800055147695922e-4,2.0691849990075165e-4,2.88703489302561e-4,2.610377300549072e-4,2.3191836240121414e-4,0.31963870581494763,0.23614778548033533,0.22511642637641063,0.20603149835612372,0.2520744511804802,0.2334178211291656,6.011e-4,8.385e-4,9.192e-4,0.001401,0.001036,9.936e-4
LTU,LTU.4_1,MAIZ,0.04080995634369045,0.03453529829169005,0.029302780424927725,0.025326739064657926,0.02143605959023059,0.017545380115803248,0.20173416204985498,0.1490403845252228,0.14207814264207091,0.1300330370528143,0.1590922102297325,0.14731741712237004,0.2023,0.2317,0.2062,0.1948,0.1347,0.1191
LTU,LTU.5_1,MAIZ,8.763316692107879e-5,7.768023518423538e-5,6.772730344739198e-5,5.777437171054857e-5,4.782143997370516e-5,3.786850823686176e-5,0.16951393260684974,0.12523620908522146,0.11938595055993743,0.1092646443996301,0.1336825946043432,0.12378842762251212,5.17e-4,6.203e-4,5.673e-4,5.288e-4,3.577e-4,3.059e-4
LTU,LTU.6_1,MAIZ,7.03130478975301e-5,5.633807863382821e-5,4.236310937012632e-5,2.8388140106424434e-5,1.4624702868333555e-5,6.1730546473127506e-6,0.19698881158407586,0.14553453875800026,0.1387360682332905,0.12697429714146127,0.15534991747056698,0.14385210035670365,3.569e-4,3.871e-4,3.054e-4,2.236e-4,9.414e-5,4.291e-5
LTU,LTU.7_1,MAIZ,0,0,0,0,0,0,0.04455241044661295,0.03291514098067219,0.031377549851559786,0.028717422867451204,0.0351350578255666,0.03253462857693236,0,0,0,0,0,0
LTU,LTU.8_1,MAIZ,0,0,0,0,0,0,0.12039083331273236,0.08894426163580227,0.08478933768281151,0.0776010643408275,0.09494298619778893,0.08791602983166759,0,0,0,0,0,0
LTU,LTU.9_1,MAIZ,3.384753438419073e-4,3.1763524098685756e-4,3.3433600758838236e-4,2.945664106131973e-4,3.708863637330468e-4,3.900339575681492e-4,0.34786872849715633,0.2570040122738536,0.24499837967909685,0.22422789874829058,0.2743372977787582,0.2540329414666974,9.73e-4,0.001236,0.001365,0.001314,0.001352,0.001535
LUX,LUX.1_1,MAIZ,0,0,0,0,0,0,2.9907641115350554,2.7317762520177444,3.7922650049202815,3.9387056024055145,5.330863645021202,4.884526412313586,0,0,0,0,0,0
LUX,LUX.2_1,MAIZ,0,0,0,0,0,0,28.92653128508395,31.403937403454975,27.85967206553994,32.366481584829835,37.913805185953066,35.254893378482386,0,0,0,0,0,0
LUX,LUX.3_1,MAIZ,0,0,0,0,0,0,1.5021005266686538,1.2998924995065488,1.719506485494298,1.8597061024887496,2.992842316340223,2.597144308485023,0,0,0,0,0,0
LVA,LVA.1_1,MAIZ,0,0,0,0,0,0,0.009807949098189574,0.007246073199227077,0.006907581625438194,0.006321970436429205,0.007734774735208575,0.007162305648836462,0,0,0,0,0,0
LVA,LVA.2_1,MAIZ,0,0,0,0,0,0,9.267346100044372e-4,6.846677886602052e-4,6.526843583339883e-4,5.973510616959931e-4,7.308442749798562e-4,6.767527508306753e-4,0,0,0,0,0,0
LVA,LVA.5_1,MAIZ,0,0,0,0,0,0,0.0011541725254727569,8.526980024453961e-4,8.128652432558855e-4,7.439521261304743e-4,9.102070576351602e-4,8.428404670708651e-4,0,0,0,0,0,0
MAR,MAR.10_1,MAIZ,0.05051644938919107,0.05431482875389184,0.054402743250064584,0.1208396470521643,0.24987794203869515,0.3923662754822524,109.44410763642207,178.173784726391,131.0709766594444,39.73274655731901,268.1686762634418,199.81089361593817,4.616e-4,3.048e-4,4.151e-4,0.003041,9.318e-4,0.001964
MAR,MAR.11_1,MAIZ,1.5471658295140465,1.1131148102410435,0.7677108556628707,0.4602235577924916,0.258930635993345,0.18787268737268475,101.37639744374158,164.97280681048764,121.37299851474158,36.74918998603021,248.37980550980484,185.0464633798066,0.01526,0.006747,0.006325,0.01252,0.001042,0.001015
MAR,MAR.12_1,MAIZ,0,0,0,0,0,0,18.168955444432925,29.566878011680934,21.7528010244726,6.586290421749478,44.51530862604306,33.164533689051034,0,0,0,0,0,0
MAR,MAR.13_1,MAIZ,0.08374717420061231,0.07691992923844417,0.07009268427627606,0.0744512355244926,0.07610571810617757,0.06824046522969511,188.5399446902464,306.81662256448857,225.72964717510237,68.34618729889806,461.9370580709441,344.1496329568799,4.442e-4,2.507e-4,3.105e-4,0.001089,1.648e-4,1.983e-4
MAR,MAR.14_1,MAIZ,3.8499977577228446,3.698795327410298,3.518449159270268,3.3836004551028234,3.349029127960894,3.287713466746306,203.03010862959874,330.396894466986,243.07801119903968,73.59890687626807,497.43905056440207,370.5991188173216,0.01896,0.0112,0.01447,0.04597,0.006733,0.008871
MAR,MAR.15_1,MAIZ,7.399067964560509,6.865298269762789,6.275295480017511,5.794880633511712,5.2030331508130985,4.690402659225625,86.90394626092646,141.42135940004147,104.04584110720708,31.50289132587148,212.92121060330692,158.6293093346254,0.08514,0.04854,0.06031,0.1839,0.02444,0.02957
MAR,MAR.1_1,MAIZ,0.08115325812333124,0.06600183352699433,0.05151307105099234,0.03768697069532534,0.029080747863828957,0.017558539135216867,28.49699495366547,46.374001855603744,34.1180571947752,10.330229796973788,69.81978293451658,52.01672446541977,0.002848,0.001423,0.00151,0.003648,4.165e-4,3.376e-4
MAR,MAR.2_1,MAIZ,0.9116136323508747,0.4877906744657972,0.40769327753850854,0.3328314863195934,0.2701272679199004,0.216148022426433,843.2473302342512,1372.241294936474,1009.5787534458293,305.67920270779285,2066.0194400425057,1539.2136646097113,0.001081,3.555e-4,4.038e-4,0.001089,1.307e-4,1.404e-4
MAR,MAR.3_1,MAIZ,0.06141096394232056,0.05418205985669733,0.04695315577107409,0.03973465548288299,0.03251115304619091,0.02528765060949884,11.791886500762116,19.1892853038202,14.117848521271922,4.274587460564414,28.891009638395865,21.524210255676437,0.005208,0.002824,0.003326,0.009296,0.001125,0.001175
MAR,MAR.4_1,MAIZ,0.69425171470265,0.8002797885270667,0.6614639845690412,0.5189890926786727,0.3830873843843402,0.30805081253475086,1637.336835388674,2664.4866087115665,1960.3032490875873,593.5385745800978,4011.5985079620173,2988.6975508110563,4.24e-4,3.004e-4,3.374e-4,8.744e-4,9.549e-5,1.031e-4
MAR,MAR.5_1,MAIZ,5.244477923212278e-4,4.97553033740652e-4,4.7065827516007625e-4,6.972815675867871e-4,0.0043111045276075805,0.012086607606681546,5.90780040655376,9.613938152479514,7.073120253340645,2.1415919781571766,14.474555744446183,10.783748477481987,8.877e-5,5.175e-5,6.654e-5,3.256e-4,2.978e-4,0.001121
MAR,MAR.6_1,MAIZ,0,0,0,0,0,0,0.13201987585589947,0.2148398446177417,0.15806093528887447,0.047857525243516,0.32345863450823614,0.24098125144496813,0,0,0,0,0,0
MAR,MAR.8_1,MAIZ,0.1290453046539009,0.11067924171665426,0.09383788028505367,0.08248047285257638,0.07611405917219394,0.09094666140759164,14.124134788158216,22.98462185012238,16.910135237509053,5.120033122170965,34.60519351778938,25.78135795660711,0.009137,0.004815,0.005549,0.01611,0.002199,0.003528
MAR,MAR.9_1,MAIZ,0.039327178525719576,0.038337041477876845,0.03699953455091742,0.03780345248788783,0.04010373721936261,0.04486853936541933,81.0617897903267,131.91424556404476,97.05131312526242,29.385095433732683,198.6074874437255,147.9653834045698,4.852e-4,2.906e-4,3.812e-4,0.001286,2.019e-4,3.032e-4
MDA,MDA.10_1,MAIZ,0,0,0,0,0,0,73.73743011786425,262.27214113001287,70.65023812088965,126.92084624145195,67.32629222179558,98.46625529903548,0,0,0,0,0,0
MDA,MDA.11_1,MAIZ,0.3388834601164497,0.3160991819862464,0.36573687147101414,0.3396928951010887,0.3136489187311633,0.2876049423612378,645.6461974662747,2296.4593470542773,618.6146916149191,1111.3210973586974,589.5101645531091,862.1722130937624,5.249e-4,1.376e-4,5.912e-4,3.057e-4,5.321e-4,3.336e-4
MDA,MDA.12_1,MAIZ,0.2395126244628297,0.22106942865809065,0.2026262328533516,0.18418303704861255,0.16573984124387353,0.14729664543913448,446.1719505201121,1586.9616365530765,427.4919060336345,767.9752527135137,407.37930619320645,595.8016317758602,5.368e-4,1.393e-4,4.74e-4,2.398e-4,4.068e-4,2.472e-4
MDA,MDA.13_1,MAIZ,0.02053430924791791,0.01561144681243491,0.01263205594159415,0.00965266507075338,0.00667327419991263,0.00408726168818881,703.8722910642583,2503.5601669929424,674.4030120238526,1211.542993632781,642.6737611992817,939.9251994416769,2.917e-5,6.236e-6,1.873e-5,7.967e-6,1.038e-5,4.348e-6
MDA,MDA.14_1,MAIZ,4.731602294622887e-4,0,0,0,0,0,1220.8917134163187,4342.514829358179,1169.7761928346172,2101.464740339985,1114.740670203012,1630.3339423895027,3.876e-7,0,0,0,0,0
MDA,MDA.15_1,MAIZ,0.00134446841203113,3.2994691287156937e-4,0,0,0,0,28.221374397212987,100.37887511075033,27.039819777755312,48.57615345240166,25.76765282612069,37.68578660585038,4.764e-5,3.287e-6,0,0,0,0
MDA,MDA.16_1,MAIZ,0.510445617742992,0.7946047319529995,0.8766871185859265,0.7932865243197013,0.7163723809260053,0.6459446884048387,866.8111268184017,3083.10731500397,830.5200278565193,1492.0021157700282,791.4457980430896,1157.507734849405,5.889e-4,2.577e-4,0.001056,5.317e-4,9.051e-4,5.58e-4
MDA,MDA.17_1,MAIZ,0.06489883678015364,0.05477597173742754,0.04465310669470145,0.03453024165197536,0.02440737660924926,0.014284511566523179,1224.145099033592,4354.086597053364,1172.8933677645277,2107.0646433340826,1117.7111885737854,1634.6783940236944,5.302e-5,1.258e-5,3.807e-5,1.639e-5,2.184e-5,8.738e-6
MDA,MDA.18_1,MAIZ,0.020079480688920202,0.013672514812971099,0.00832203256206575,0.00354555529174325,0.16643453991214185,0.2328530147419906,1253.7275140072848,4459.306473885867,1201.237244934394,2157.9834933174,1144.721545619884,1674.1816642150422,1.602e-5,3.066e-6,6.928e-6,1.643e-6,1.454e-4,1.391e-4
MDA,MDA.19_1,MAIZ,0.29084559014574435,0.22394422296505354,0.17911254878705973,0.15635056761176297,0.13358858643646623,0.11313341202470205,2343.303257961011,7824.038218560972,2223.131698662466,3869.1671801287275,2133.3925671585735,3036.012916120475,1.241e-4,2.862e-5,8.057e-5,4.041e-5,6.262e-5,3.726e-5
MDA,MDA.1_1,MAIZ,0.00764112046343005,0.00697667520574048,0.00631222994805091,0.00564778469036134,0.11933005740450145,0.14087472058418501,846.8515395546086,3012.1142836577624,811.3960959439529,1457.6465964347133,773.2216071186082,1130.8544352695505,9.023e-6,2.316e-6,7.779e-6,3.875e-6,1.543e-4,1.246e-4
MDA,MDA.20_1,MAIZ,0.01579067828213541,0.01250403254716489,0.00992566400141677,0.00805557264489105,0.006185481288365319,0.0043153899318396,948.532884434327,3330.526144676714,905.4636686001822,1614.958404507861,859.4036817055173,1254.211420476681,1.665e-5,3.754e-6,1.096e-5,4.988e-6,7.197e-6,3.441e-6
MDA,MDA.21_1,MAIZ,0.00909062440424192,0.0075287105313191095,0.00596679665839631,0.004404882785473515,0.00339743048344885,0.00294443975232234,397.73158697548934,1414.6670794515192,381.0796129333772,684.5970833970648,363.15061438604283,531.1161498443797,2.286e-5,5.322e-6,1.566e-5,6.434e-6,9.355e-6,5.544e-6
MDA,MDA.22_1,MAIZ,0.02509303554663566,0.02373665524681751,0.02238027494699937,0.02102389464718122,0.01966751434736308,0.01831113404754494,254.41963119981693,904.9295766563245,243.767751305741,437.92080685079026,232.29898858341804,339.74262893030186,9.863e-5,2.623e-5,9.181e-5,4.801e-5,8.466e-5,5.39e-5
MDA,MDA.23_1,MAIZ,0.00587468435645099,0.00331362035292326,0.00287180430586682,0.00242998825881039,0.00198817221175395,0.00154635616469752,543.6176095884458,1933.5601226520027,520.8577719991328,935.7039827728568,496.3525034919643,725.9269850498785,1.081e-5,1.714e-6,5.514e-6,2.597e-6,4.006e-6,2.13e-6
MDA,MDA.24_1,MAIZ,0.021198478579568043,0.019699143749146986,0.01821157246885082,0.01673576473867952,0.01525995700850822,0.013784149278336929,433.73272966627763,1542.7173350889561,415.5734825958094,746.5641941123474,396.02161964408145,579.1907532253476,4.887e-5,1.277e-5,4.382e-5,2.242e-5,3.853e-5,2.38e-5
MDA,MDA.25_1,MAIZ,0.03801853776456103,0.03290320783090391,0.027787877897246772,0.02267254796358965,0.01755721802993251,0.01332833546333052,1341.7454377985305,4670.80997815299,1281.1824493092001,2276.82085069669,1223.8595201624971,1773.1938316311466,2.834e-5,7.044e-6,2.169e-5,9.958e-6,1.435e-5,7.517e-6
MDA,MDA.26_1,MAIZ,0.01590494480998159,0.01508930661459792,0.03807943311303048,0.03604298647181008,0.03400653983058968,0.03197009318936928,661.0426473227774,2351.222034921366,633.3665326655164,1137.8222981976453,603.5679623440033,882.7320666151818,2.406e-5,6.418e-6,6.012e-5,3.168e-5,5.634e-5,3.622e-5
MDA,MDA.27_1,MAIZ,0,0,0,0,0,0,203.18299667590742,722.6891348698117,194.67625972756872,349.7295449374853,185.51714898168302,271.32310945924854,0,0,0,0,0,0
MDA,MDA.28_1,MAIZ,0,0,0,0,0,0,1203.670588343029,4281.262066162881,1153.276070912918,2071.822809992832,1099.0168444984938,1607.3374846163922,0,0,0,0,0,0
MDA,MDA.29_1,MAIZ,0,0,0,0,0,0,1414.6019806190984,5031.510993951005,1355.3763213237974,2434.889311819297,1291.6087009332673,1889.007516908508,0,0,0,0,0,0
MDA,MDA.2_1,MAIZ,0,0,0,0,0,0,65.43613789412386,232.74578413348863,62.696499139467505,112.63221382979079,59.74676001975505,87.38101462671796,0,0,0,0,0,0
MDA,MDA.30_1,MAIZ,0.03244040067640039,0.0293508387072194,0.02626127673803842,0.02317171476885743,0.02008215279967643,0.01699259083049544,143.21157864851543,509.3804775501076,137.21568702643023,246.50350201505367,130.75997601520265,191.23948098601102,2.265e-4,5.762e-5,1.914e-4,9.4e-5,1.536e-4,8.886e-5
MDA,MDA.31_1,MAIZ,0.06128374761457989,0.06279872651434251,0.058816398688561713,0.05483407086278092,0.05085174303700013,0.04686941521121933,1378.055531447787,4698.352164251931,1311.5827540418302,2306.6414552364777,1255.7848851768088,1803.1490712706914,4.447e-5,1.337e-5,4.484e-5,2.377e-5,4.049e-5,2.599e-5
MDA,MDA.32_1,MAIZ,0.07454938076076485,0.08599967594539186,0.06740998767132954,0.050500330593718216,0.03441489361609429,0.02594727626548615,1607.2413552187638,5465.7289405391575,1529.1081260950778,2685.755218162815,1464.4664564994887,2100.4771976962857,4.638e-5,1.573e-5,4.408e-5,1.88e-5,2.35e-5,1.235e-5
MDA,MDA.33_1,MAIZ,0.00256787576240911,0.01535436693637643,0.014544388771764519,0.013734410607152601,0.012924432442540691,0.01211445427792878,173.8558548902909,618.3772235780505,166.5769681297059,299.2500849492029,158.73987026811292,232.16072170532658,1.477e-5,2.483e-5,8.731e-5,4.59e-5,8.142e-5,5.218e-5
MDA,MDA.34_1,MAIZ,0.04623293406733499,0.041786372716698994,0.0377213682507677,0.03365636378483642,0.02959135931890513,0.02552635485297383,556.6909748874039,1901.6552189955478,529.9965808085062,932.990445065032,507.34182423807374,729.0845629445603,8.305e-5,2.197e-5,7.117e-5,3.607e-5,5.833e-5,3.501e-5
MDA,MDA.35_1,MAIZ,0.01099189669507574,0.009947046158569351,0.008902195622062953,0.007857345085556564,0.006812494549050175,0.0057676440125437765,750.2828692160922,2668.6351049655136,718.8705014998772,1291.4273867309712,685.0491483240879,1001.9001805275334,1.465e-5,3.727e-6,1.238e-5,6.084e-6,9.945e-6,5.757e-6
MDA,MDA.36_1,MAIZ,1.5545779940706537,4.069084850104571,5.611940600945053,7.151087544404891,7.465260780523951,7.483227129117288,2922.151847923828,9026.541224386521,2740.748972514628,4590.0920998942165,2651.565276084353,3652.794505895176,5.32e-4,4.508e-4,0.002048,0.001558,0.002815,0.002049
MDA,MDA.37_1,MAIZ,0.008045754030052435,0.006790746355116585,0.00577803986029562,0.00500763454558953,0.00423722923088345,0.00346682391617737,461.72240042557434,1485.168677452145,430.1991113718336,730.4229177840318,397.3922024359089,571.4379773184227,1.743e-5,4.572e-6,1.343e-5,6.856e-6,1.066e-5,6.067e-6
MDA,MDA.3_1,MAIZ,0.03425384142429384,0.19146297688133868,0.18026962657162166,0.1690762762619047,0.15788292595218767,0.2605341763463377,269.8753971646726,832.9896678780339,253.09355837707383,423.7068372807221,244.87743296832818,337.2341335154629,1.269e-4,2.299e-4,7.123e-4,3.99e-4,6.447e-4,7.726e-4
MDA,MDA.4_1,MAIZ,0,0,0,0,0,0,23.39590143112611,83.21544637777654,22.41637665592404,40.27028882717631,21.361733030653998,31.24202727957856,0,0,0,0,0,0
MDA,MDA.5_1,MAIZ,0.00733048272932342,0.11506093267094142,0.10903910679816652,0.18230590799191757,0.17221799867983362,0.17829224025405435,857.5700908370175,2887.1955185298425,814.6221781879701,1423.6589484789538,781.0381609982595,1115.4304651996426,8.548e-6,3.985e-5,1.339e-4,1.281e-4,2.205e-4,1.598e-4
MDA,MDA.6_1,MAIZ,0.02307782520227624,0.00769260840075874,0,0,0,0,1030.7550616653994,3479.990329297182,973.1467639095438,1697.9444121771749,912.4646939952992,1322.933833380218,2.239e-5,2.211e-6,0,0,0,0
MDA,MDA.7_1,MAIZ,0.06180211053554541,0.05827056136208566,0.05473901218862592,0.05120746301516619,0.04767591384170645,0.04414436466824671,531.2165800258732,1889.4516614485992,508.97594088378867,914.3586610843855,485.0296876731008,709.3671057466895,1.163e-4,3.084e-5,1.075e-4,5.6e-5,9.829e-5,6.223e-5
MDA,MDA.8_1,MAIZ,8.830455633194825e-4,2.9434852110649416e-4,0,0,0,0,459.5771488617918,1601.142676197936,437.73612918455296,777.3343756611479,414.4619169133166,604.0795718275256,1.921e-6,1.838e-7,0,0,0,0
MDA,MDA.9_1,MAIZ,0.15090281566090596,0.16211788817619044,0.14475125790477644,0.12879404606884093,0.11408740224814973,0.1006313264427027,1586.5085236329694,5442.131767917989,1511.4097169764448,2666.1964913837064,1446.142173603018,2081.937412187341,9.512e-5,2.979e-5,9.577e-5,4.831e-5,7.889e-5,4.834e-5
MDG,MDG.1_1,MAIZ,2.6090282992065883,1.736294251894211,1.276977916408097,1.233933083749552,1.023258334777838,1.4902885722150698,562.3657052641927,580.2282303670335,667.4722239316959,670.3435817048422,662.6864275868388,666.3542883996564,0.004639,0.002992,0.001913,0.001841,0.001544,0.002236
MDG,MDG.2_1,MAIZ,13.496207604760686,11.946410151293472,10.78154626356943,9.660967894293783,9.521541868698685,8.652402494453387,1927.2686861014472,1988.4848750744804,2287.476465908809,2297.316820452085,2271.075189395746,2283.6452185126545,0.007003,0.006008,0.004713,0.004205,0.004193,0.003789
MDG,MDG.3_1,MAIZ,60.75386836630584,66.61588798967759,71.40005389371112,77.48365431075105,77.49564946172717,98.13483129488844,3083.3886988454706,3181.326939956863,3659.676066301705,3675.419402044239,3633.4360765111182,3653.5465499509355,0.0197,0.02094,0.01951,0.02108,0.021329999999999998,0.02686
MDG,MDG.4_1,MAIZ,87.07763671455592,76.93311371735683,69.37959382266072,59.131390193246695,50.51181423792436,43.26458390884695,1280.0976049612148,1320.7575801137962,1519.348685801704,1525.8846786156055,1508.4549090625878,1516.8039598632818,0.06802,0.05825,0.04566,0.03875,0.03349,0.02852
MDG,MDG.5_1,MAIZ,55.12730572682705,53.632089758990944,51.034788762729136,52.54965761937192,49.2620498611607,50.0095004590704,994.6991659830559,1026.2939781414536,1180.6090916404746,1185.6878813949918,1172.1440881947938,1178.6317136977352,0.05542,0.05226,0.04323,0.04432,0.04203,0.04243
MDG,MDG.6_1,MAIZ,435.3055513596449,418.5598146354626,394.4941404989112,362.0390847473311,329.1387900889319,293.53197181669873,4468.0574495454,4609.977178302589,5303.14031347555,5325.953567143978,5265.116634558997,5294.2581925793365,0.09743,0.09079,0.07439,0.06798,0.06251,0.05544
MEX,MEX.10_1,MAIZ,405.9751461904812,401.94218802446363,399.37053513463,397.4242285575546,386.4537069453339,364.45201927193716,28915.44320440913,28998.685551756615,27996.78796553177,29047.649924779485,25649.002196769317,26496.229681800283,0.01404,0.01386,0.01426,0.01368,0.01507,0.01375
MEX,MEX.11_1,MAIZ,14.090037984790655,16.693993644086746,16.368054971722927,16.12677133186461,14.84182316407422,13.55450579143834,94990.1623857091,95263.62193588814,91972.28679236054,95424.47486529604,84259.57252251335,87042.80070310218,1.483e-4,1.752e-4,1.78e-4,1.69e-4,1.761e-4,1.557e-4
MEX,MEX.12_1,MAIZ,2081.376337758198,2163.5181198148052,2140.1104094739144,2359.807545598283,2539.221646929159,2490.774097646063,638564.1874756672,640402.4986342321,618276.7468842487,641483.8202952412,566428.6081163766,585138.6492096895,0.003259,0.003378,0.003461,0.003679,0.004483,0.004257
MEX,MEX.13_1,MAIZ,1974.7629163129645,1974.0190776786433,1945.0345769642952,1871.9508139206655,2069.0005017783237,2221.8416321565264,155706.88255741572,156155.13459735893,150760.0123891307,156418.8030400618,138117.4116728835,142679.65025171379,0.01268,0.01264,0.0129,0.01197,0.01498,0.01557
MEX,MEX.14_1,MAIZ,1566.362276400702,1720.0721140781427,1844.073589747781,2084.9533516690103,2118.7746860011453,2234.2305555418134,616556.0665900485,618331.0203367876,596967.8328344545,619375.0742363116,546906.6406697242,564971.8400161419,0.002541,0.002782,0.003089,0.003366,0.003874,0.003955
MEX,MEX.15_1,MAIZ,307.4798909525598,311.9311456654951,328.9862373112063,347.1769534737766,416.36907441192346,462.48945799756245,145227.90617492018,145645.99113128416,140613.9572931532,145891.91485173383,128822.19574433989,133077.39850347064,0.002117,0.002142,0.00234,0.00238,0.003232,0.003475
MEX,MEX.16_1,MAIZ,2667.2982839260044,2902.9928401240322,2930.53379655763,2902.735974480761,2919.510624540203,2900.7894307381416,434931.0484406864,436183.1365083175,421113.1144261203,436919.63312517834,385798.9427323497,398542.49764615076,0.006133,0.006655,0.006959,0.006644,0.007567,0.007278
MEX,MEX.17_1,MAIZ,15.692512600894842,14.988084452554864,14.729629676383881,16.776232299608235,22.0947899763815,20.820582847887543,28073.734700308254,28154.553920637816,27181.820878514965,28202.092974709845,24902.377525720498,25724.942806059753,5.59e-4,5.324e-4,5.419e-4,5.949e-4,8.873e-4,8.094e-4
MEX,MEX.18_1,MAIZ,75.13140638817282,74.14838258597305,98.40858292107852,123.48442781510376,124.34628330656695,131.19733180887278,52724.09695228641,52875.880120922586,51049.03122571611,52965.16121311322,46768.104814857754,48312.929970939156,0.001425,0.001402,0.001928,0.002331,0.002659,0.002716
MEX,MEX.19_1,MAIZ,15.548075320130856,14.479123145154098,14.884474761077922,13.92525153235526,12.968810389491722,11.634241043924455,6680.940012156228,6700.17323383532,6468.6838658677,6711.486497705638,5926.225783118884,6121.978480531413,0.002327,0.002161,0.002301,0.002075,0.002188,0.0019
MEX,MEX.1_1,MAIZ,0.00825616482092629,0.006212961115510393,0.004263070312331202,0.0024064924113887014,8.768456265480483e-4,2.2957316014886688e-4,2494.486620045745,2501.66779725308,2415.235778700692,2505.891871305864,2212.6962517942284,2285.7851410291164,3.31e-6,2.484e-6,1.765e-6,9.603e-7,3.963e-7,1.004e-7
MEX,MEX.20_1,MAIZ,15347.339148387262,15972.999474022921,17406.504916146718,17388.522178195184,19482.133962131873,19748.875876351733,315893.49524104025,316802.8956562362,305857.43207994674,317337.81835574796,280208.49952412635,289464.23354897776,0.04858,0.05042,0.05691,0.05479,0.06953,0.06823
MEX,MEX.21_1,MAIZ,612.667312163995,688.9280841247097,714.9587566983699,783.3291037565047,962.6693274376152,1064.5106424625017,113372.86018691299,113699.24020954456,109770.95890457896,113891.22173919357,100565.6638022669,103887.50820658436,0.005404,0.006059,0.006513,0.0068780000000000004,0.009573,0.01025
MEX,MEX.22_1,MAIZ,105.63323122265223,109.05404371830109,108.7289499161052,113.43481855243286,112.24213618269772,114.16293285638184,19289.265907169567,19344.796225739185,18676.438185510513,19377.459975851514,17110.24866987404,17675.427495842472,0.005476,0.005637,0.005822,0.005854,0.00656,0.006459
MEX,MEX.23_1,MAIZ,13060.552409201297,12494.763176515198,11929.690904759824,11332.631294407334,13683.269359318776,12833.654200916966,50502.78857171587,51609.7120396144,50043.11198602117,51829.99577613188,45980.93461900748,47501.43290036351,0.2586,0.2421,0.2384,0.2187,0.2976,0.2702
MEX,MEX.24_1,MAIZ,928.8580375170867,989.1601221443294,983.3297336363006,986.2297292680885,1114.8062258025957,1229.7204559602326,72376.13518128551,72584.49302459571,70076.71631075458,72707.05217251947,64200.14513128398,66320.77840508251,0.01283,0.01363,0.01403,0.01356,0.01736,0.01854
MEX,MEX.25_1,MAIZ,62.741783442237065,61.95083336811953,57.17084800625265,53.77169458542637,51.72048690576763,59.650302995817306,1030284.0693421732,1033250.0714110497,997551.530845625,1034994.7174513739,913897.7456110489,944085.2469668344,6.09e-5,5.996e-5,5.731e-5,5.195e-5,5.659e-5,6.318e-5
MEX,MEX.26_1,MAIZ,1.3710016890762786,1.1847190045939318,1.0116470886418323,0.9653287446276846,1.6585384439020099,2.080585248549308,39355.545524083864,39468.843043592955,38105.20404327048,39535.486310927205,34909.735481708274,36062.85976967724,3.484e-5,3.002e-5,2.655e-5,2.442e-5,4.751e-5,5.769e-5
MEX,MEX.27_1,MAIZ,2316.2150291119874,2351.8890358693798,2290.460122216493,2382.364885979606,2887.0778785800435,3008.4742921826078,110272.83618618059,110595.80670754967,106780.1839975407,110783.55836163697,97849.70835499142,101072.42499319643,0.021,0.02127,0.02145,0.0215,0.02951,0.02977
MEX,MEX.28_1,MAIZ,187.45833346638975,209.06177813906424,218.3455239705358,219.54188716493658,249.23950342996832,249.20201925733323,163684.56478812583,164264.54356245432,158482.65859108345,164579.39922452823,145489.04969404242,150244.85623823316,0.001145,0.001273,0.001378,0.001334,0.001713,0.001659
MEX,MEX.29_1,MAIZ,8.250727215018925,13.04202465852198,14.89832161169268,18.640850204024094,23.838353167656578,22.296151354373002,10824.698837453227,10855.861193644323,10480.79380974887,10874.191349886109,9601.88375113227,9919.049298533415,7.622e-4,0.001201,0.001421,0.001714,0.002483,0.002248
MEX,MEX.2_1,MAIZ,0.004221721654294446,0.003773282526725656,0.003324843399156855,0.00287915070427443,0.00243620444207836,0.00199325817988229,2781.3161051060333,2789.3230126836797,2692.952575871246,2794.03279348497,2467.1239650546545,2548.6170077912707,1.518e-6,1.353e-6,1.235e-6,1.03e-6,9.875e-7,7.821e-7
MEX,MEX.30_1,MAIZ,3820.4978321521053,4052.3112233772263,4166.04801711899,4194.679264857048,4891.809331273456,4957.640996318174,826894.9698793754,829275.4514032447,800624.1847245003,830675.6856472675,733484.5518017019,757712.717379632,0.00462,0.004887,0.005204,0.00505,0.006669,0.006543
MEX,MEX.31_1,MAIZ,10534.261598522162,9795.900228420738,9292.663826045591,8903.05814117048,9345.373063971761,8588.754043488967,92033.74791683072,92298.69648281415,89109.79879802823,92454.54312614021,81637.13022858856,84333.7349541098,0.1145,0.1061,0.1043,0.0963,0.1145,0.1018
MEX,MEX.32_1,MAIZ,0.9893567281376247,1.0501720599803936,1.1031492727653378,3.981341815393843,3.757577195271886,3.582511069162372,7285.609314690964,7306.58327026634,7054.14258191289,7318.920459416843,6462.588451309546,6676.05806382659,1.358e-4,1.437e-4,1.564e-4,5.44e-4,5.814e-4,5.366e-4
MEX,MEX.3_1,MAIZ,0.07570427327875305,0.06522115441913272,0.054891463225361446,0.04477199804214793,0.034954252344443965,0.02539479260002355,260.7703583891427,261.9975890739807,252.47864869182683,262.60424998579225,232.60555490681847,240.0701301568343,2.903e-4,2.489e-4,2.174e-4,1.705e-4,1.503e-4,1.058e-4
MEX,MEX.4_1,MAIZ,16796.649350258675,16213.100509891838,15736.462023418064,17905.641944497547,20443.98992020915,20010.56674959061,315872.79645413056,316787.7145848609,305848.2727262401,317323.6333630417,280224.3957083602,289471.13286276837,0.05318,0.05118,0.05145,0.05643,0.07296,0.06913
MEX,MEX.5_1,MAIZ,22388.866385670884,22342.965657946283,21895.376934600292,22864.777900269644,27252.67909123038,26996.796693962602,823699.2870084854,826384.2877130536,798142.1241134693,827837.1107181677,732576.7842850473,756239.3627773204,0.02718,0.02704,0.02743,0.02762,0.0372,0.0357
MEX,MEX.6_1,MAIZ,155.33994226290855,153.14822195732333,149.74827158315645,151.00592301462416,145.21747509532327,144.69094833679014,19607.852403753575,19664.299875403693,18984.903061199642,19697.503108447287,17392.84595510252,17967.35942050074,0.007922,0.007788,0.007888,0.007666,0.008349,0.008053
MEX,MEX.7_1,MAIZ,13.47111008224604,13.123343435169108,11.93635237099766,10.909806862709015,9.839631021263978,8.449094544159554,738.4590813683569,740.5849719147551,714.99793989458,741.8354520013523,655.0388477999564,676.6758265549834,0.01824,0.01772,0.01669,0.01471,0.01502,0.01249
MEX,MEX.8_1,MAIZ,26.917259716129323,28.777603754276026,34.37683364377047,39.29194473977274,43.16733564520403,44.125046927019014,50809.57358443502,50955.84518549588,49195.333033857925,51041.88429257558,45069.8561066969,46558.58539710157,5.298e-4,5.648e-4,6.988e-4,7.698e-4,9.578e-4,9.477e-4
MEX,MEX.9_1,MAIZ,1.3169775251674065,1.171757731171597,1.0447345670114492,0.9321755152695557,0.8293252929649887,0.7579065622032691,320.00695167004164,320.92819398461444,309.84020234682765,321.47008226350806,283.85727821438985,293.2335372237795,0.004115,0.003651,0.003372,0.0029,0.002922,0.002585
MKD,MKD.11_1,MAIZ,0.1428201359138686,0.12890018883683682,0.11498024175980497,0.10106029468277314,0.1495340638667612,0.132414439032754,20.564883050066275,18.414902391680418,20.193249228037153,18.296748939944724,17.91714662931017,18.288522208194195,0.006945,0.007,0.005694,0.005523,0.008346,0.00724
MKD,MKD.14_1,MAIZ,0.0269518769883144,0.0228056004046629,0.01896090662533003,0.0152218765760286,0.01148284652672716,0.00885334906758872,450.9592556737235,403.8131729530895,442.80984333048656,401.22223224507326,392.898082040133,401.0418314707137,5.977e-5,5.648e-5,4.282e-5,3.794e-5,2.923e-5,2.208e-5
MKD,MKD.15_1,MAIZ,0,0,0,0,0,0,0.4180487265752164,0.3743433150632042,0.41049404971790965,0.3719414584653173,0.36422479593047863,0.3717742231485002,0,0,0,0,0,0
MKD,MKD.16_1,MAIZ,0,0,0,0,0,0,2.7370663249210927,2.4509164039624785,2.6876040246978805,2.435190866738093,2.3846680070276545,2.434095936590243,0,0,0,0,0,0
MKD,MKD.18_1,MAIZ,0,0,0,0,0,0,7.187497821446001,6.436072138125638,7.057610514053734,6.394777097697783,6.262104775951079,6.391901826470098,0,0,0,0,0,0
MKD,MKD.19_1,MAIZ,0,0,0,0,0,0,5.081218228321433,4.549996101488403,4.9893940955919716,4.520802477034674,4.427009471958332,4.518769797382252,0,0,0,0,0,0
MKD,MKD.1_1,MAIZ,0,0,0,0,0,0,20.05342499493766,17.95691533968978,19.691033876179556,17.84170041838406,17.471538990979756,17.83367828921799,0,0,0,0,0,0
MKD,MKD.20_1,MAIZ,0,0,0,0,0,0,19.92824430256715,17.844821814736886,19.568115359530484,17.730326106414694,17.3624753597935,17.722354054264574,0,0,0,0,0,0
MKD,MKD.21_1,MAIZ,0.5284349193200282,0.48921883816347633,0.4500027570069247,0.410786675850373,0.37157059469382125,0.3323545135372695,38.432660508958655,34.41467136973499,37.738133023394084,34.19386041314145,33.48444102585312,34.17848589398194,0.01375,0.01422,0.01192,0.01201,0.0111,0.009724
MKD,MKD.23_1,MAIZ,0,0,0,0,0,0,20.45553638349834,18.316987505084573,20.0858785960289,18.199462293541607,17.82187838715415,18.191279304597266,0,0,0,0,0,0
MKD,MKD.24_1,MAIZ,0,0,0,0,0,0,23.603201110802978,26.572134539691703,26.566935143052703,27.784035193776443,19.343088858964773,22.012709393243856,0,0,0,0,0,0
MKD,MKD.25_1,MAIZ,0,0,0,0,0,0,3.677580823932268,3.2931036731575336,3.6111222200057767,3.2719745051809044,3.2040909108559896,3.2705033336281306,0,0,0,0,0,0
MKD,MKD.26_1,MAIZ,2.238757192320695,1.940256233344602,1.641755274368509,1.3432543153924168,1.044753356416324,0.7462523974402315,8.1968815125235,7.33992858611484,8.048753346766237,7.292834233970202,7.141529937486904,7.289555171053567,0.2731,0.2643,0.204,0.1842,0.1463,0.1024
MKD,MKD.27_1,MAIZ,0,0,0,0,0,0,38.49304442467816,34.46874237569671,37.797425724282306,34.247584489434075,33.537050489732124,34.23218581442231,0,0,0,0,0,0
MKD,MKD.29_1,MAIZ,0.01190236127248954,0.01007122876902961,0.00824009626556968,0.00640896376210975,0.00457783125864982,0.00274669875518989,17.009050113945587,15.230818325635907,16.70167475530429,15.13309455172407,14.819128519958484,15.126290287762147,6.998e-4,6.612e-4,4.934e-4,4.235e-4,3.089e-4,1.816e-4
MKD,MKD.2_1,MAIZ,0,0,0,0,0,0,11.137063905526837,9.97272604229679,10.935802871592571,9.908739170140239,9.703162742502395,9.904283922959102,0,0,0,0,0,0
MKD,MKD.30_1,MAIZ,1.215992437983151e-5,2.9318375241955217e-6,0,0,0,0,3.2585379971107837,2.9178701872648634,3.199652034708508,2.8991485873883542,2.839000005459523,2.8978450488301295,3.732e-6,1.005e-6,0,0,0,0
MKD,MKD.32_1,MAIZ,0,0,0,0,0,0,37.98844232906072,34.016894518608964,37.30194243595113,33.798635772555635,33.09741610354943,33.783438957484975,0,0,0,0,0,0
MKD,MKD.33_1,MAIZ,0.10146387257384636,0.08793535623066684,0.07440683988748732,0.0608783235443078,0.04734980720112829,0.03382129085794878,4.031498469780885,3.610020569165586,3.9586441199077704,3.586858003217017,3.512441526803184,3.5852452512075454,0.02517,0.02436,0.0188,0.01697,0.01348,0.009433
MKD,MKD.35_1,MAIZ,0.1691267575329392,0.1517137567489571,0.13611686698012299,0.12051997721128889,0.10505214126321546,0.09000547006041165,268.13737425978485,240.1046270253166,263.2917878792342,238.56407091172198,233.61458656071957,238.45680581106683,6.307e-4,6.319e-4,5.17e-4,5.052e-4,4.497e-4,3.774e-4
MKD,MKD.36_1,MAIZ,0.04414795171119957,0.03950079889949436,0.03485364608778914,0.03020649327608391,0.0255593404643787,0.02091218765267348,5.0852700144297565,4.553624288700316,4.993372660726764,4.524407385120067,4.430539589082591,4.522373084599813,0.008682,0.008675,0.00698,0.006676,0.005769,0.004624
MKD,MKD.3_1,MAIZ,0,0,0,0,0,0,0.3988647448263447,0.35716494597016357,0.3916567471328199,0.3548733089955125,0.3475107590409065,0.35471374799764827,0,0,0,0,0,0
MKD,MKD.40_1,MAIZ,0,0,0,0,0,0,5.509514102347162,4.933515263534785,5.4099501136585895,4.90186090853583,4.800162091254304,4.899656894319682,0,0,0,0,0,0
MKD,MKD.41_1,MAIZ,2.659630225898665e-4,0,0,0,0,0,29.75050428137862,26.64020170263463,29.212874498293278,26.469273194888462,25.920115675234193,26.45737186690279,8.94e-6,0,0,0,0,0
MKD,MKD.43_1,MAIZ,0.1192129238638497,0.10954312798756537,0.09987333211128102,0.09121893634276196,0.08357994068200825,0.0759409450212545,23.271537185120238,20.83858608507717,22.85099065015848,20.70488182627232,20.275318027344657,20.695572330401212,0.005123,0.005257,0.004371,0.004406,0.004122,0.003669
MKD,MKD.44_1,MAIZ,0.09446558931674644,0.08837103516727894,0.08227648101781143,0.07618192686834391,0.0700873727188764,0.06399281856940889,11.2032358982682,10.031980003743039,11.000779051524603,9.967612947107366,9.760815066311595,9.963131228624038,0.008432,0.008809,0.007479,0.007643,0.00718,0.006423
MKD,MKD.45_1,MAIZ,0,0,0,0,0,0,5.5751344340516775,4.992275238016839,5.474384601776501,4.960243868051348,4.8573337805924535,4.958013603218313,0,0,0,0,0,0
MKD,MKD.46_1,MAIZ,5.440250774652869e-4,4.7148840046991525e-4,3.9895172347454366e-4,3.2641504647917206e-4,2.5387836948380046e-4,1.8134169248842897e-4,4.246193307780394,3.80226987474799,4.169459146725205,3.7778738013626065,3.699494323730264,3.7761751632901723,1.281e-4,1.24e-4,9.568e-5,8.64e-5,6.863e-5,4.802e-5
MKD,MKD.48_1,MAIZ,0.251831618970947,0.23441215763122386,0.21699269629150067,0.1995732349517775,0.18217045338425172,0.16478435158892324,72.56052298796635,64.9745950443602,71.24926124041349,64.55770591205135,63.2183283858079,64.52867895591224,0.003471,0.003608,0.003046,0.003091,0.002882,0.002554
MKD,MKD.49_1,MAIZ,0,0,0,0,0,0,5.915239924321451,5.296823987015066,5.808343949472338,5.262838575417935,5.153650561182038,5.260472255513322,0,0,0,0,0,0
MKD,MKD.4_1,MAIZ,6.3001841124899e-6,0,0,0,0,0,55.76516423639504,59.34119825302267,60.623104431407015,61.35220252074115,46.472532409374224,51.36096217041291,1.13e-7,0,0,0,0,0
MKD,MKD.50_1,MAIZ,0,0,0,0,0,0,39.00468608672494,34.926893839197405,38.29982136504548,34.70279636760985,33.98281809552099,34.68719301656391,0,0,0,0,0,0
MKD,MKD.51_1,MAIZ,0,0,0,0,0,0,5.178252724552187,4.636886008538443,5.08467505397789,4.607134882219074,4.511550740334866,4.605063385094699,0,0,0,0,0,0
MKD,MKD.52_1,MAIZ,0,0,0,0,0,0,1.5248921453739088,1.5827580055816233,1.5336565740152814,1.5630632570186722,1.5681140742217647,1.563155545548063,0,0,0,0,0,0
MKD,MKD.59_1,MAIZ,0.00140486481265444,0.00100347486618174,6.020849197090479e-4,2.006949732363493e-4,0,0,37.277728937643055,33.380483521300896,36.60407254738134,33.166308107021756,32.47820732835517,33.15139560421334,3.769e-5,3.006e-5,1.645e-5,6.051e-6,0,0
MKD,MKD.60_1,MAIZ,0,0,0,0,0,0,0.31527482405441154,0.28231403491971213,0.30957740347741863,0.2805026553647347,0.2746830719805456,0.2803765334996661,0,0,0,0,0,0
MKD,MKD.61_1,MAIZ,0.2039357750998912,0.18647294495365233,0.1690101148074134,0.1515472846611746,0.1340844545149357,0.11662162436869679,40.40506286521991,36.18086652772567,39.674891538430856,35.94872333325669,35.20289583753832,35.93255977848488,0.005047,0.005154,0.00426,0.004216,0.003809,0.003246
MKD,MKD.62_1,MAIZ,8.501614967687253e-5,6.955866791744115e-5,5.410118615800978e-5,3.864370439857842e-5,2.3186222639147052e-5,7.728740879715684e-6,60.3897367165846,54.07621839559164,59.298416692411436,53.729255282545815,52.61453542051606,53.705097101668116,1.408e-6,1.286e-6,9.124e-7,7.192e-7,4.407e-7,1.439e-7
MKD,MKD.63_1,MAIZ,0,0,0,0,0,0,22.362447482360437,20.024538268668632,21.958329364714817,19.89605709263342,19.48327396544124,19.88711126705908,0,0,0,0,0,0
MKD,MKD.64_1,MAIZ,0,0,0,0,0,0,1.9195975678793713,1.71891091030016,1.8849079769309551,1.707882056985691,1.67244865965095,1.7071141452877996,0,0,0,0,0,0
MKD,MKD.65_1,MAIZ,0.00531386511758551,0.00504135921411958,0.00476885331065366,0.00449634740718774,0.00422384150372181,0.00395133560025589,11.314791144515656,10.131872571375224,11.110318351343897,10.06686458537607,9.858007532683438,10.062338240571066,4.696e-4,4.976e-4,4.292e-4,4.466e-4,4.285e-4,3.927e-4
MKD,MKD.67_1,MAIZ,0,0,0,0,0,0,29.68551243797932,26.582004510385115,29.14905714089054,26.41144940668961,25.86349155609578,26.399574077901708,0,0,0,0,0,0
MKD,MKD.68_1,MAIZ,0,0,0,0,0,0,0.52656482328788,0.471514464737377,0.5170491213338184,0.468489139901705,0.45876940441221425,0.46827849403807875,0,0,0,0,0,0
MKD,MKD.69_1,MAIZ,0,0,0,0,0,0,4.749932410879915,4.253344961918031,4.6640950379205,4.226054706559399,4.138376828006029,4.224154553775533,0,0,0,0,0,0
MKD,MKD.6_1,MAIZ,0,0,0,0,0,0,8.806160668523141,7.8855099132589626,8.647022046694936,7.834915009461454,7.67236417319109,7.83139221181677,0,0,0,0,0,0
MKD,MKD.72_1,MAIZ,0.19686212615382495,0.18066356264023095,0.16446499912663703,0.14826643561304306,0.1320678720994491,0.11586930858585512,25.558744578467028,22.88667460546753,25.09686527135708,22.739829428345693,22.268046609290312,22.7296049629298,0.007702,0.007894,0.006553,0.00652,0.005931,0.005098
MKD,MKD.73_1,MAIZ,0,0,0,0,0,0,24.57413569829722,22.005002855710096,24.130049536932393,21.863814649139393,21.410206492447706,21.85398406455018,0,0,0,0,0,0
MKD,MKD.75_1,MAIZ,0.00365904066667221,0.00317116857778258,0.00268329648889295,0.00219542440000332,0.00170755231111369,0.00121968022222407,13.581956917365028,12.162014746807891,13.336513529841413,12.083980989591508,11.833274860302136,12.07854769264864,2.694e-4,2.607e-4,2.012e-4,1.817e-4,1.443e-4,1.01e-4
MKD,MKD.76_1,MAIZ,0.00651113233873083,0.00488549096716123,0.00386903676730761,0.00346176973916997,0.00305450271103232,0.00264723568289468,21.167409485793915,18.954436969889255,20.78488723801309,18.83282176357077,18.442097560014975,18.82435399843594,3.076e-4,2.577e-4,1.861e-4,1.838e-4,1.656e-4,1.406e-4
MKD,MKD.77_1,MAIZ,0.08452006917295318,0.07592969928346205,0.0673393293939709,0.05874895950447975,0.05015858961498862,0.041568219725497464,28.399434095441837,25.430380789101395,27.886219884076837,25.267214718205313,24.742996283454293,25.255853869441854,0.002976,0.002986,0.002415,0.002325,0.002027,0.001646
MKD,MKD.79_1,MAIZ,0.11432886318956165,0.10130028280325688,0.08980979371647498,0.07831930462969307,0.06709992406462661,0.0566667636944112,176.61833430634366,158.15355618188246,173.4266143992143,157.13881343876557,153.87865739314688,157.06815941875354,6.473e-4,6.405e-4,5.179e-4,4.984e-4,4.361e-4,3.608e-4
MKD,MKD.7_1,MAIZ,0,0,0,0,0,0,57.495921667817235,51.48494075336574,56.45689659442012,51.1546037614539,50.09330014674181,51.13160321614767,0,0,0,0,0,0
MKD,MKD.85_1,MAIZ,0.004780254493049853,0.004288529164278509,0.003912444761511658,0.003537639029270913,0.0031696078184367555,0.00282292505851615,31.10135300252433,27.849824304682173,30.539311649871575,27.67113463248943,27.097042115898088,27.65869291387584,1.537e-4,1.54e-4,1.281e-4,1.278e-4,1.17e-4,1.021e-4
MKD,MKD.8_1,MAIZ,0,0,0,0,0,0,36.36177624411261,32.560290213821546,35.70467229421567,32.35137731293009,31.68018388832186,32.33683122587456,0,0,0,0,0,0
MLI,MLI.3_1,MAIZ,0.03085246395772988,0.027205109258594522,0.023557754559459156,0.01991039986032377,0.02159429604643011,0.021780736122891397,29886.607169131235,30612.953713734307,33159.38689379166,28855.58507157276,33600.35048053073,32278.18855910408,1.032e-6,8.887e-7,7.104e-7,6.9e-7,6.427e-7,6.748e-7
MLI,MLI.5_1,MAIZ,0.045326739284429124,0.04577394551290286,0.042323278158741755,0.04519295259397523,0.3319160808728084,0.3134545205230075,131255.78702682996,134465.40450541335,145705.55915838154,126488.82677662793,147541.64081057414,141672.36462614045,3.453e-7,3.404e-7,2.905e-7,3.573e-7,2.25e-6,2.213e-6
MLI,MLI.6_1,MAIZ,0.002905406099901796,0.0023246612458123336,0.0018523671726324992,0.0014389365251503596,0.0010488247876971092,6.82031960272748e-4,28.454551726958453,29.05228813521131,31.311696901114605,27.530956687584524,31.712436619809782,30.558619814242014,1.021e-4,8.002e-5,5.916e-5,5.227e-5,3.307e-5,2.232e-5
MLI,MLI.7_1,MAIZ,0,0,0,0,0,0,2930.552035146386,3001.920197186918,3252.5668898060453,2822.8117934524075,3292.6761725774445,3161.738940848052,0,0,0,0,0,0
MLI,MLI.8_1,MAIZ,0.3494552755767479,0.35666800956899813,0.3974571257597262,0.47817310350586395,0.49468334800165803,0.515942815647729,922469.8366390625,944857.0146507056,1023566.848499367,888912.0072257386,1036335.7853049987,995258.6279100998,3.788e-7,3.775e-7,3.883e-7,5.379e-7,4.773e-7,5.184e-7
MMR,MMR.10_1,MAIZ,0,0,0,0,0,0,1384.7397465818096,1519.518689029073,1539.0896247077076,1469.941568843532,1369.718280058746,1421.3694208710403,0,0,0,0,0,0
MMR,MMR.11_1,MAIZ,571.5908969676956,502.3682622275539,433.14562152689643,363.9229820234767,294.70046116507626,225.47783229305932,27.877614975337455,30.0188622288743,30.58796319459308,30.244931537473647,28.801201378254856,29.496082961363133,20.5,16.74,14.16,12.03,10.23,7.644
MMR,MMR.12_1,MAIZ,52.49509154593197,49.84680376405106,46.34921553547255,46.16671305188306,43.38629992711625,39.89705597762617,57127.500418441756,62685.192522887264,63496.11310373722,60651.493625787094,56530.29079853273,58653.614233027816,9.189e-4,7.952e-4,7.3e-4,7.612e-4,7.675e-4,6.802e-4
MMR,MMR.13_1,MAIZ,1334.8208951981262,1317.6938696806542,1280.861965143305,1328.0711172919819,1343.1445927531163,1370.3730750196867,400991.0845835077,439246.30501002877,444766.6191781123,425376.6893148386,397108.5121263927,411659.07749608404,0.003329,0.003,0.00288,0.003122,0.003382,0.003329
MMR,MMR.14_1,MAIZ,1.2466003847233331,1.2039019801264754,1.1402557248022398,1.1585641142107914,1.1868929895445708,1.1145769634013145,477.6483242427566,489.30951766409487,483.98128729157156,469.14870213217387,451.51163729222174,462.5425230283296,0.00261,0.00246,0.002356,0.00247,0.002629,0.00241
MMR,MMR.15_1,MAIZ,3.4318075895514633,3.041818900857686,2.651850275574039,2.261886444364402,1.871959799530824,1.4820798262009858,913.4004431527762,1002.3031745598003,1015.2125327015781,969.6011714148098,903.4920006365273,937.562066888149,0.003757,0.003035,0.002612,0.002333,0.002072,0.001581
MMR,MMR.1_1,MAIZ,0.12730389865716557,0.10842238969499277,0.09127913617881735,0.07623517150844697,0.06475812916310043,0.05565584618841572,7010.00840815577,7692.303779636133,7791.378298152236,7441.328078093173,6933.964800041365,7195.439876696594,1.816e-5,1.409e-5,1.172e-5,1.024e-5,9.339e-6,7.735e-6
MMR,MMR.2_1,MAIZ,1.3170888780490182,1.194626997681349,1.0619097860859423,0.9664170539644789,0.8914075753304234,0.8653733476149842,6507.975172238128,7141.406842956393,7233.385977525488,6908.4051774268155,6437.377551693169,6680.126662386316,2.024e-4,1.673e-4,1.468e-4,1.399e-4,1.385e-4,1.295e-4
MMR,MMR.3_1,MAIZ,329.35915017314966,358.45668541627157,421.6932392663083,536.3499816699581,661.7153281869276,809.0597609112099,5332.292460192135,5848.70359295851,5927.346235950813,5668.826129228691,5295.446230290136,5487.322174115345,0.06177,0.06129,0.07114,0.09461,0.125,0.1474
MMR,MMR.4_1,MAIZ,93.80495092563261,101.41240800674791,100.75220769709738,114.45018743826527,113.24893435525266,106.45703448531839,30292.481397370735,33228.14040401365,33657.199616657,32167.81588624729,29998.909346607998,31114.619845434987,0.003097,0.003052,0.002993,0.003558,0.003775,0.003421
MMR,MMR.5_1,MAIZ,51.125128053260106,52.58620514588918,55.755496925791114,56.27371046882229,60.61667340832792,57.63938060774187,16270.047500989836,17828.460149454633,18049.677904248874,17243.74018504048,16078.404182584849,16680.375942741543,0.003142,0.00295,0.003089,0.003263,0.00377,0.003456
MMR,MMR.6_1,MAIZ,117.69682248118826,120.5176024873042,126.43029003579362,125.4645623929781,127.68355194670343,128.13146555010167,118943.38114269344,128436.35648773584,129394.68104924641,123994.80593000748,116399.25796614123,120429.86915413925,9.895e-4,9.383e-4,9.771e-4,0.001012,0.001097,0.001064
MMR,MMR.7_1,MAIZ,3.2404056309386595,2.506545492773112,1.8271082976293695,1.3834887722319344,1.0838025531699493,0.8895285785965393,36001.334311771665,39505.40197301165,40014.21946012425,38216.464840658526,35610.7967833409,36953.65560757697,9.001e-5,6.345e-5,4.566e-5,3.62e-5,3.043e-5,2.407e-5
MMR,MMR.8_1,MAIZ,2.3241380603431865,2.226659112522185,1.9880853067377096,1.8654111672355354,1.7733788811027444,1.8095797543975543,21202.56827426543,23266.248280725453,23565.910438139366,22507.143706620347,20972.565726623507,21763.42685574158,1.096e-4,9.57e-5,8.436e-5,8.288e-5,8.456e-5,8.315e-5
MMR,MMR.9_1,MAIZ,28.32608420396792,29.796437912684087,31.10806991526806,30.06595121474471,29.812918101075933,28.374217001573705,17503.53787753523,19207.18531745541,19454.567986144877,18580.515213438528,17313.661903431355,17966.548268437913,0.001618,0.001551,0.001599,0.001618,0.001722,0.0015790000000000001
MNE,MNE.16_1,MAIZ,0.1057886893786829,0.09000239087166645,0.07421609236465002,0.05845249063871184,0.042711585693851924,0.026970680748991987,1.1631030469683459,1.201462158057997,1.2847105622442279,1.445910160037642,1.5817653451468225,1.4984994129778941,0.09095,0.07491,0.05777,0.04043,0.027,0.018
MNE,MNE.20_1,MAIZ,0.00942181211024897,0.0086025241006621,0.00778323609107523,0.00696394808148836,0.0061446600719015,0.00532537206231463,25.244431994399626,26.105146372703842,27.323858149762643,30.146403710018916,32.4518389799007,31.031909113240474,3.732e-4,3.295e-4,2.849e-4,2.31e-4,1.893e-4,1.716e-4
MOZ,MOZ.10_1,MAIZ,26.945795236577897,27.659559925413,28.40473636155315,29.45451423957426,30.565316101402903,31.038854962755593,26780.565031343787,30395.616966360994,32769.16488391456,30927.480194909996,29126.226353424634,30134.58597618208,0.001006,9.1e-4,8.668e-4,9.524e-4,0.001049,0.00103
MOZ,MOZ.11_1,MAIZ,117.64779599914755,129.38147412946768,141.50499442456848,160.74093585853979,168.30910255347902,174.42216203961735,27404.921622598737,30794.857262429494,39385.563024014366,35196.26441516409,38107.974726469765,37484.618624880946,0.004293,0.004201,0.003593,0.004567,0.004417,0.004653
MOZ,MOZ.1_1,MAIZ,13.710068673558215,12.198566952962889,10.772602336401716,9.34933454585516,8.34658198381389,7.990874586572844,14751.297612148102,16476.52444345099,21463.535134771646,19186.421347206364,20967.674827149833,20528.198587072446,9.294e-4,7.404e-4,5.019e-4,4.873e-4,3.981e-4,3.893e-4
MOZ,MOZ.2_1,MAIZ,41.40350119134745,39.455541094503864,37.028434743698305,35.27152376866602,32.57583555430065,30.037320032007763,34267.074548740704,38296.862580859546,50015.70282450251,44604.54308947949,48681.27114055967,47686.12578335186,0.001208,0.00103,7.403e-4,7.908e-4,6.692e-4,6.299e-4
MOZ,MOZ.3_1,MAIZ,18.288507727023397,16.64392399877631,15.032835828181115,13.149951299889242,11.475627652356602,10.036336415795287,1673.5483982590463,1870.3567163103407,2442.6858858549012,2178.413612060686,2377.514404581467,2328.913117762506,0.01093,0.008899,0.006154,0.006036,0.004827,0.004309
MOZ,MOZ.4_1,MAIZ,83.19381110890389,85.46168944475352,92.6235618557539,96.66515465597246,111.75330009224722,120.53377507970696,13263.074045340969,14855.467248346597,19128.80311126457,17123.047898235844,18563.654133465036,18229.767741737043,0.006273,0.005753,0.004842,0.005645,0.00602,0.006612
MOZ,MOZ.5_1,MAIZ,0.19751358253724832,0.1857101687178588,0.17400766967797796,0.16230517063809705,0.1506026715982162,0.1389001725583353,15.276043606560737,17.07249744787957,22.29668179794944,19.884421248636954,21.701800651474795,21.258171188739354,0.01293,0.01088,0.007804,0.008162,0.00694,0.006534
MOZ,MOZ.6_1,MAIZ,25.90240967688178,25.24126024072509,22.48912901155552,20.615170101544155,18.109483581347458,15.61667746641035,12461.80219302436,13920.24992429705,18151.48954479504,16200.292587677528,17657.412543568364,17303.134867752124,0.002079,0.001813,0.001239,0.001273,0.001026,9.025e-4
MOZ,MOZ.7_1,MAIZ,23.622423359342825,24.459583296644826,23.903721165286868,22.839826562187927,26.01861835254677,25.66322552122742,33767.310106408055,37738.32613084571,49286.25421649808,43954.0129553442,47971.28440711381,46990.65263973046,6.996e-4,6.481e-4,4.85e-4,5.196e-4,5.424e-4,5.461e-4
MOZ,MOZ.8_1,MAIZ,6.432534261125136,5.748426112594387,5.163437395030709,4.573430272917883,4.078548584007948,3.5510289089161713,7878.19110646623,9052.302495593098,10380.558340786762,9463.88124244971,9897.713560036089,9921.954904050639,8.165e-4,6.35e-4,4.974e-4,4.833e-4,4.121e-4,3.579e-4
MOZ,MOZ.9_1,MAIZ,127.67885800908793,124.5983190127719,130.11727369606163,133.46494104811904,158.2945607548606,155.48015878671046,19523.543531923486,21819.500893489036,28496.268334345117,25413.279370853463,27735.98064083983,27169.000122138026,0.00654,0.00571,0.004566,0.005252,0.005707,0.005723
MRT,MRT.13_1,MAIZ,0,0,0,0,0,0,56.11643154123139,46.88328401393116,65.28809994079286,63.482950109441035,65.4161584457675,64.79401023552826,0,0,0,0,0,0
MRT,MRT.2_1,MAIZ,0,0,0,0,0,0,0.07588468814766335,0.060707750518130675,0.09053549193937221,0.08600264656735179,0.09106162577719601,0.08918622845757868,0,0,0,0,0,0
MRT,MRT.3_1,MAIZ,0,0,0,0,0,0,0.7352406847814471,0.6277316663792987,0.844160530056577,0.8309746544755907,0.8440724701760253,0.8410946025502724,0,0,0,0,0,0
MRT,MRT.5_1,MAIZ,0,0,0,0,0,0,3.188884021874403,2.552311403552108,3.803545264199663,3.6139985675405377,3.825496925808046,3.747150257161369,0,0,0,0,0,0
MRT,MRT.6_1,MAIZ,0,0,0,0,0,0,18.099318278683693,17.846688054455996,18.78073689689625,20.31684790791852,18.46459808646008,19.311138052558686,0,0,0,0,0,0
MRT,MRT.8_1,MAIZ,0,0,0,0,0,0,0.028637125913248098,0.02290970073059848,0.03416600035623253,0.03245540936834784,0.034364551095897714,0.033656819529883454,0,0,0,0,0,0
MTQ,MTQ.1_1,MAIZ,1.6932733114664443e-4,1.5349119715201608e-4,1.669233592162709e-4,0.0021734165514097,0.00205229331174808,0.00196606153534448,12.577672494915387,14.072983518773956,9.966898372186806,11.760496400970178,13.442863331151814,12.158638269589595,1.346e-5,1.091e-5,1.675e-5,1.848e-4,1.527e-4,1.617e-4
MTQ,MTQ.2_1,MAIZ,5.229270243717608e-4,4.864811240186179e-4,4.5003522366547513e-4,4.480437751508919e-4,5.728096093098562e-4,0.0020863730530781173,0.4763125436118371,0.5329395067922525,0.37744333997376145,0.4453663392132746,0.5090770513603112,0.4604438478888383,0.001098,9.128e-4,0.001192,0.001006,0.001125,0.004531
MTQ,MTQ.3_1,MAIZ,2.6552475559581855e-4,2.445172515552575e-4,2.2350974751469643e-4,2.0250224347413535e-4,1.814947394335743e-4,1.6048723539301322e-4,38.36739309537239,42.928744639182916,30.403392037907476,35.8746491924594,41.00660292770157,37.08915573866042,6.921e-6,5.696e-6,7.351e-6,5.645e-6,4.426e-6,4.327e-6
MTQ,MTQ.4_1,MAIZ,0.1608599409022709,0.1489443897243249,0.1370288385463789,0.1251132873684329,0.11319773619048693,0.10128218501254094,4.7142350330620175,5.274692273210991,3.735691281206947,4.4079494168786875,5.038517045661633,4.55717689485072,0.03412,0.02824,0.03668,0.02838,0.02247,0.02222
MUS,MUS.12_1,MAIZ,0,0,0,0,0,0,27.931243880873502,39.70688397460937,29.55039439376219,53.90586463641589,46.2732393805371,48.708142574073825,0,0,0,0,0,0
MUS,MUS.2_1,MAIZ,0,0,0,0,0,1.5190897442843423e-5,0.8246395063614752,1.1723024344933053,0.8724431589796019,1.5915118493595821,1.3661669148448656,1.4380547754829331,0,0,0,0,0,1.056e-5
MUS,MUS.3_1,MAIZ,0,0,0,0,0,0,189.4514251630861,269.3229771598628,200.43376356264292,365.6315101315859,313.86110783123615,330.3765155272595,0,0,0,0,0,0
MUS,MUS.4_1,MAIZ,0,0,0,0,0,0,154.8186596438451,220.08925137029905,163.79336600623253,298.7920532843617,256.4855660860565,269.9818661575335,0,0,0,0,0,0
MUS,MUS.5_1,MAIZ,0,0,0,0,0,0,51.10584554724831,72.65175472398025,54.06840805904896,98.63165435628964,84.6662266399079,89.1213732514271,0,0,0,0,0,0
MUS,MUS.6_1,MAIZ,0,0,0,0,0,0.00555920043363919,93.40985607654768,132.79087509082484,98.82474619101082,180.27621966444264,154.75059575457882,162.8935899527119,0,0,0,0,0,3.413e-5
MUS,MUS.7_1,MAIZ,0,0,0,0,0,0,4.849597620551358,6.89415805697918,5.130724680560184,9.359474071025533,8.03424983692628,8.457012990046525,0,0,0,0,0,0
MUS,MUS.8_1,MAIZ,0,0,0,0,0,0,2.688780194548987,3.822353335695604,2.8446465014566473,5.189207534852576,4.454458602511813,4.68885272797032,0,0,0,0,0,0
MUS,MUS.9_1,MAIZ,0,0,0,0,0,0,53.58710818101151,76.17910237557676,56.69350738276424,103.42036366810898,88.77689426029016,93.44834467613403,0,0,0,0,0,0
MWI,MWI.11_1,MAIZ,0.5677812696577003,0.524166216733302,0.49909153431323305,0.4855813514502457,0.43988245732910936,0.3952355394860088,44632.089074112715,55377.94160170213,44941.250745421086,42440.48030919727,36283.494258549006,40661.22801934878,1.272e-5,9.465e-6,1.111e-5,1.144e-5,1.212e-5,9.72e-6
MWI,MWI.12_1,MAIZ,0.15822537519399535,0.21108548330318605,0.22839703177723522,0.31168727982383604,0.31116071829975805,0.645611621048002,5425.511099335008,6731.922551535323,5462.58824846634,5158.706281629676,4409.971815266216,4942.27426489507,2.916e-5,3.136e-5,4.181e-5,6.042e-5,7.056e-5,1.306e-4
MWI,MWI.13_1,MAIZ,1.3421320037119302,1.5381042934804539,2.0614772323802715,2.2267659810851015,2.0861840526401774,1.9197780440931071,34931.648276289714,43343.893916294845,35166.55454773407,33210.89664766513,28388.076140931127,31816.326356293353,3.842e-5,3.549e-5,5.862e-5,6.705e-5,7.349e-5,6.034e-5
MWI,MWI.14_1,MAIZ,0.291013597487447,0.34169858589863217,0.31808095346574616,0.2944633210328601,0.40072407781205904,0.6055409936510449,103621.56919354845,128411.47068994411,104129.51239362231,98534.07997945156,83874.48433341354,94101.63908457603,2.808e-6,2.661e-6,3.055e-6,2.988e-6,4.778e-6,6.435e-6
MWI,MWI.15_1,MAIZ,1.0501972140449927,1.025274203192198,0.9838343109914534,1.902326617422347,1.8625642383415426,2.6217257230876747,2103.631336012972,2608.7747717558777,2123.119347530616,2004.1447186896444,1716.7397119876532,1921.693438905147,4.992e-4,3.93e-4,4.634e-4,9.492e-4,0.001085,0.001364
MWI,MWI.16_1,MAIZ,0.22847115203755952,0.20736636105615933,0.23169783295984095,0.208285868138611,0.27192175433494986,0.2485235090615552,7034.446426564482,8722.551444517854,7103.551028203563,6704.819101696402,5745.984869850325,6430.234862025797,3.248e-5,2.377e-5,3.262e-5,3.107e-5,4.732e-5,3.865e-5
MWI,MWI.17_1,MAIZ,0.4658477943480463,0.384483656777843,0.30450161230082834,0.22845464786210917,0.1562815283207815,0.08839191428193842,6223.179742447861,7276.887858195722,5727.432366363676,5947.82030978329,4109.265697608048,4883.374899439363,7.486e-5,5.284e-5,5.317e-5,3.841e-5,3.803e-5,1.81e-5
MWI,MWI.18_1,MAIZ,0.29607932431823814,0.27535947621768686,0.25647753969177356,0.23944523083246322,0.2224199317078985,0.21580643448395298,5220.815473789102,6478.171809006229,5255.635083095904,4963.411348596319,4242.43803589956,4754.898742210602,5.671e-5,4.251e-5,4.88e-5,4.824e-5,5.243e-5,4.539e-5
MWI,MWI.19_1,MAIZ,4.340185626623963,3.7741965543298317,3.2105727080737068,2.6407952564908426,2.076799318451624,1.5067253789947266,3811.1443648697373,4729.004881398259,3836.5525720615856,3623.2342951129062,3096.925266141624,3471.019325755634,0.001139,7.981e-4,8.368e-4,7.289e-4,6.706e-4,4.341e-4
MWI,MWI.1_1,MAIZ,0.05390696070841497,0.04160802548631998,0.02930909026422499,0.017010155042130007,0.00974882749151395,0.00815713602128175,8280.050368274158,10274.184040553997,8335.251960020538,7871.799015574311,6728.345802589389,7541.098445766165,6.51e-6,4.05e-6,3.516e-6,2.161e-6,1.449e-6,1.082e-6
MWI,MWI.20_1,MAIZ,0.03203822922447994,0.025317407827316167,0.021401958912397802,0.01768240744975699,0.01415875343939373,0.010635099429030508,41704.60572385889,51748.573437117586,41982.64275463989,39648.3426646611,33889.04612777838,37982.684092178424,7.682e-7,4.892e-7,5.098e-7,4.46e-7,4.178e-7,2.8e-7
MWI,MWI.21_1,MAIZ,0.8029912057111872,0.7473224217967109,0.6353800588755947,0.5514828584982413,0.45011361005345235,0.35197935901981287,9921.53704027271,12284.874685275203,10083.696569859665,9506.755793950671,8191.113334243075,9138.025947594355,8.093e-5,6.083e-5,6.301e-5,5.801e-5,5.495e-5,3.852e-5
MWI,MWI.22_1,MAIZ,3.8956957132015884,3.586374292165015,3.438150533701503,3.337747653550579,3.0098864952998667,2.829388976455646,58622.56823575844,72738.6887385035,59021.849143359585,55738.709881546325,47647.88596480213,53399.78169173028,6.645e-5,4.93e-5,5.825e-5,5.988e-5,6.317e-5,5.299e-5
MWI,MWI.23_1,MAIZ,0.25103287192408086,0.28212280468721423,0.25890482085233507,0.23595538376674058,0.21300594668114609,0.19109235354518367,64299.32822313275,79784.91705554078,64728.000164518475,61129.02290405329,52249.45452229259,58560.94378183617,3.904e-6,3.536e-6,4e-6,3.86e-6,4.077e-6,3.263e-6
MWI,MWI.24_1,MAIZ,0.1858256726946041,0.21074944743435214,0.3299270471742054,0.9114560122545076,0.8605553499813657,0.8407058895643094,1237.0881453841644,1534.8634409560034,1245.9235616681076,1176.5486338986318,1006.0437312343507,1127.3086202047662,1.502e-4,1.373e-4,2.648e-4,7.747e-4,8.554e-4,7.458e-4
MWI,MWI.25_1,MAIZ,0.47161713591047555,0.4602645625467431,0.40610972179203053,0.3628085846838708,0.31434620895726606,0.28264136477346963,19302.499036524045,23943.3650865935,19421.686059928474,18351.3378006518,15668.400369410241,17565.98042476969,2.443e-5,1.922e-5,2.091e-5,1.977e-5,2.006e-5,1.609e-5
MWI,MWI.26_1,MAIZ,1.9624712657620722,1.8035698729297294,1.645059102847976,1.486548332766222,1.328037562684468,1.1695267926027146,40729.15425358373,50538.19819995283,41000.68812660172,38720.986237836245,33096.396987526416,37094.28665022596,4.818e-5,3.569e-5,4.012e-5,3.839e-5,4.013e-5,3.153e-5
MWI,MWI.27_1,MAIZ,0.17917965699469532,0.16581212869032497,0.15244460038595464,0.16500550462037736,0.15030831310888945,0.13561112159740152,21463.687061136985,26628.63191661061,21622.519794609274,20417.606975214334,17462.460838619794,19564.872061360995,8.348e-6,6.227e-6,7.05e-6,8.082e-6,8.608e-6,6.931e-6
MWI,MWI.28_1,MAIZ,0.5353360702810669,0.4868009983306348,0.5301984617713957,0.4774928720841701,0.42533125365457114,0.37399697335882404,8655.913226897848,10740.502908294733,8713.860522145866,8229.315699155817,7034.092971163551,7883.672163719777,6.185e-5,4.532e-5,6.085e-5,5.802e-5,6.047e-5,4.744e-5
MWI,MWI.2_1,MAIZ,2.9044049768101763,2.7676532779038547,4.049142115408702,4.446671298082956,4.688824172523444,4.3646786664132735,19121.18674938672,23726.255638460487,19248.66422810958,18178.40862504415,15537.82294594662,17414.71914585223,1.519e-4,1.166e-4,2.104e-4,2.446e-4,3.018e-4,2.506e-4
MWI,MWI.3_1,MAIZ,1.1398119995128662,1.0372461036501577,0.9798450997432523,0.8728426980424622,0.7912861803448412,0.7510044343080515,25900.32577095257,32135.554044210377,26082.189831296604,24630.42194843814,21058.871754155738,23598.61293022752,4.401e-5,3.228e-5,3.757e-5,3.544e-5,3.757e-5,3.182e-5
MWI,MWI.4_1,MAIZ,0.3182366699403453,0.30038097187031104,0.2825252738002768,0.5484951499969513,0.5230145575110675,0.5110006859986395,1926.4797633234812,2390.4453183796127,1939.3232539633584,1831.4938714092,1565.452074904789,1754.5513496709261,1.652e-4,1.257e-4,1.457e-4,2.995e-4,3.341e-4,2.912e-4
MWI,MWI.5_1,MAIZ,0.2456262257611074,0.22667135814392408,0.24422579342827583,0.21780461506814694,0.1948258915845559,0.16852376275423353,4216.836177213399,5018.448036414145,4067.4427193380147,4117.108697975018,3416.6452234488916,3796.427784428428,5.825e-5,4.517e-5,6.004e-5,5.29e-5,5.702e-5,4.439e-5
MWI,MWI.6_1,MAIZ,0.5239974337616657,0.4823257595627782,0.5824637732588289,0.5353470572390985,0.48886040560885324,0.6026796641842157,65154.85689391673,80842.08942786737,65605.39726092422,61954.89591143466,52966.3560465119,59357.28247277963,8.042e-6,5.966e-6,8.878e-6,8.641e-6,9.23e-6,1.015e-5
MWI,MWI.7_1,MAIZ,0.01500783132117687,0.012239367632810961,0.010044303048031,0.00784923846325101,0.0056541738784710565,0.0039407912687076,19565.553985165043,24277.642472950276,19695.993979530183,18600.866148075176,15898.914520596123,17819.42889060415,7.671e-7,5.041e-7,5.1e-7,4.22e-7,3.556e-7,2.212e-7
MWI,MWI.8_1,MAIZ,0.37723832727262413,0.7491130351420818,0.6981798751512822,0.7060367878582745,0.6467713855786393,0.59603989068853,18866.710933418166,23145.87485524582,18947.560509593954,18271.468466420047,16282.215555377556,17848.43796702177,1.999e-5,3.236e-5,3.685e-5,3.864e-5,3.972e-5,3.339e-5
MWI,MWI.9_1,MAIZ,0.12484450748314088,0.21721112583649194,0.20071619689519313,0.1842212679538944,0.16870331241519101,0.15611904195931076,20624.792527907033,25479.278753902963,20626.246172412822,19615.849646105486,16519.662953171268,18585.492135618944,6.053e-6,8.525e-6,9.731e-6,9.391e-6,1.021e-5,8.4e-6
MYS,MYS.10_1,MAIZ,0.029928677283347003,0.027318840196074036,0.02470900310880106,0.022126296767822597,0.15347718299055704,0.23651181162775728,2256.9199133800994,2198.4450010905334,2137.9459224661105,2102.3960904621376,2079.470599428506,2105.665613770487,1.326e-5,1.243e-5,1.156e-5,1.052e-5,7.381e-5,1.123e-4
MYS,MYS.11_1,MAIZ,0.6712570843853688,0.6586264676207968,0.6270734775493693,0.5827859248337923,0.5549006158849736,0.5308371611746392,402.9399106610027,402.9399106610027,402.9399106610027,402.9399106610027,402.9399106610027,402.9399106610027,0.001666,0.001635,0.001556,0.001446,0.001377,0.001317
MYS,MYS.12_1,MAIZ,2.500557129226183e-4,2.365391878997741e-4,2.2302266287692983e-4,2.095061378540856e-4,1.959896128312414e-4,1.8247308780839716e-4,0.5541694391849489,0.5541694391849489,0.5541694391849489,0.5541694391849489,0.5541694391849489,0.5541694391849489,4.512e-4,4.268e-4,4.024e-4,3.781e-4,3.537e-4,3.293e-4
MYS,MYS.13_1,MAIZ,115.75912206302472,89.18718106022156,67.54267018272729,49.72378239224926,37.13555726045712,41.17970307859432,3628.532474764455,3628.5523608347494,3628.6797164942645,3628.60799126333,3628.6229055398444,3628.634478337991,0.0319,0.02458,0.01861,0.0137,0.01023,0.01135
MYS,MYS.14_1,MAIZ,1038.4872354730594,704.7296326511868,420.87959143953316,198.08811029218595,52.73932223210495,2.006221079881624,444.3857262683854,461.03325501758235,567.6484369899063,507.6040025516414,520.0894178888223,529.777530572667,2.337,1.529,0.7414,0.3902,0.1014,0.003787
MYS,MYS.15_1,MAIZ,50.909207667167806,40.66627559165612,32.292184810195046,25.41354946416628,19.041730002125796,13.868136385488262,1616.6241986588373,1616.6241986588373,1616.6241986588373,1616.6241986588373,1616.6241986588373,1616.6241986588373,0.03149,0.02516,0.01998,0.01572,0.01178,0.008578
MYS,MYS.16_1,MAIZ,126.21821129118412,115.38287255795862,105.1605102638496,96.45681800686873,125.51915540606753,114.12523344917602,1696.1228692916184,1696.1228692916184,1696.1228692916184,1696.1228692916184,1696.1228692916184,1696.1228692916184,0.07442,0.06803,0.062,0.05687,0.074,0.06729
MYS,MYS.1_1,MAIZ,114.25575515602671,97.78770473292948,83.24123511163435,68.71961033038039,54.28609909194824,43.181882183647836,10668.478946991734,10668.478946991734,10668.478946991734,10668.478946991734,10668.478946991734,10668.478946991734,0.01071,0.009166,0.007803,0.006441,0.005088,0.004048
MYS,MYS.2_1,MAIZ,0.9949063572942363,0.9401042111568095,0.8691889303541582,0.7855153989437503,0.7301618283947579,0.682995566079881,2531.5070900387445,2531.5070900387445,2531.5070900387445,2531.5070900387445,2531.5070900387445,2531.5070900387445,3.93e-4,3.714e-4,3.433e-4,3.103e-4,2.884e-4,2.698e-4
MYS,MYS.3_1,MAIZ,16.734325529698687,16.265172597320543,15.33657733413817,16.01621734092893,19.26747934236304,18.3404220455871,3397.985780034154,3396.5147000676525,3394.992697227948,3394.0983539339463,3393.521606928072,3394.180606818997,0.004925,0.004789,0.004517,0.004719,0.005678,0.005403
MYS,MYS.5_1,MAIZ,0.00156321755936472,0.00145107145533708,0.00238143163409314,0.00221582366940992,0.0020502157047267,0.0025617088242982,2.0492659838196077,2.0492659838196077,2.0492659838196077,2.0492659838196077,2.0492659838196077,2.0492659838196077,7.628e-4,7.081e-4,0.001162,0.001081,0.001,0.00125
MYS,MYS.6_1,MAIZ,3.5472317550960617,3.085821044170408,2.6064249356062645,2.1424345452130193,1.657440914350004,1.1974090944515519,750.9645222055524,750.9645222055524,750.9645222055524,750.9645222055524,750.9645222055524,750.9645222055524,0.004724,0.004109,0.003471,0.002853,0.002207,0.001594
MYS,MYS.7_1,MAIZ,1.678058890624356,1.5284876522875253,1.3742656383910778,1.2327352467496935,1.3147427920449521,1.162430064160953,1904.477661050108,1904.477661050108,1904.477661050108,1904.477661050108,1904.477661050108,1904.477661050108,8.811e-4,8.026e-4,7.216e-4,6.473e-4,6.903e-4,6.104e-4
MYS,MYS.8_1,MAIZ,120.67476540815355,81.17169633924368,52.976998645296796,36.98557248790905,23.57455252515244,16.8855690352442,1923.0596874715409,1923.0596874715409,1923.0596874715409,1923.0596874715409,1923.0596874715409,1923.0596874715409,0.06275,0.04221,0.02755,0.01923,0.01226,0.008781
MYS,MYS.9_1,MAIZ,99.26914267410015,92.99515961371755,87.07113003729611,82.74964762730048,78.59203218845292,74.31150182044988,18862.563144283067,18862.563144283067,18862.563144283067,18862.563144283067,18862.563144283067,18862.563144283067,0.005263,0.00493,0.004616,0.004387,0.004167,0.00394
NAM,NAM.10_1,MAIZ,0,0,0,0,0,0,2.420291954336308,3.144061546281014,3.978257813805161,2.9740350505364277,1.2095423328045636,1.9260604322025345,0,0,0,0,0,0
NAM,NAM.11_1,MAIZ,0.2660694000109901,1.0086440170312936,0.9503599090845943,0.9303429378761504,1.0649985313782981,1.0713531245381092,258.41435257582197,335.69116630127434,424.75822616865844,317.53745276276805,129.1427252339281,205.64529775748105,0.00103,0.003005,0.002237,0.00293,0.008247,0.00521
NAM,NAM.12_1,MAIZ,1.288888344688689,1.243189058114272,1.1608478301403842,1.3075143386253414,1.3935627964177024,1.3111034702891757,41.850462025059564,54.36551904878169,68.79001818943979,51.42550704293093,20.914793100082974,33.30446098928007,0.0308,0.02287,0.01688,0.02543,0.06663,0.03937
NAM,NAM.13_1,MAIZ,0.10031677011640279,0.08838790365134465,0.07647619402544766,0.0646278238191204,0.05285405700554495,0.04110871100431273,346.8783381183333,373.9803056708872,289.09901835728283,337.7685314550467,155.50247219015557,213.36264781385748,2.892e-4,2.363e-4,2.645e-4,1.913e-4,3.399e-4,1.927e-4
NAM,NAM.3_1,MAIZ,0,0,0,0,0,0,0.8271795839201678,1.0745412416103712,1.359643260084668,1.0164315388724725,0.41338348532314456,0.6582668111836439,0,0,0,0,0,0
NAM,NAM.4_1,MAIZ,0.1452929286933734,0.1380981115053265,0.1290077175676876,0.134540899501894,0.13586374489452643,0.12622953621088331,1406.0939315454218,1647.8299924743674,1950.9216197920582,1640.0090578683005,1077.3560262649744,1298.9416018456598,1.033e-4,8.381e-5,6.613e-5,8.204e-5,1.261e-4,9.718e-5
NAM,NAM.6_1,MAIZ,0.03990563338003967,0.03521085298238795,0.03051607258473622,0.02582129218708449,0.02112651178943277,0.01643173139178104,0.08593209194214121,0.11162941949326038,0.1412474291016646,0.10559265502823517,0.04294461367119478,0.06838447809968227,0.4644,0.3154,0.216,0.2445,0.4919,0.2403
NAM,NAM.7_1,MAIZ,0,0,0,0,0,0,501.0317291314683,647.8538847175604,817.488712379434,614.1866246242055,256.69479600946477,401.7476374839324,0,0,0,0,0,0
NAM,NAM.8_1,MAIZ,0,0,0,0,0,0,0.0036857249430664527,0.004787912484236519,0.00605826252821285,0.004528988805535184,0.001841943215869198,0.0029330878715286652,0,0,0,0,0,0
NAM,NAM.9_1,MAIZ,0,0,0,0,0,0,5.568440801669902,7.233639960627588,9.152901198661166,6.8424547258988575,2.782831577516387,4.431347002555984,0,0,0,0,0,0
NCL,NCL.2_1,MAIZ,0.514681855097268,0.8520768680199495,0.7835340199462637,0.7069851807341199,1.0702128250206353,1.06760494320273,737.7178504665327,543.307843998637,310.7337028774731,263.78961970301356,536.6749027455594,395.28682947097684,6.977e-4,0.001568,0.002522,0.00268,0.001994,0.002701
NCL,NCL.3_1,MAIZ,1.5425577817234277,1.4149666019118592,1.2941211464944824,1.2187048636382598,1.215978541569745,1.3891182985996524,1671.7768259515317,1231.2152435788414,704.1681358044283,597.7859595876376,1216.184026064204,895.77791928923,9.227e-4,0.001149,0.001838,0.002039,9.998e-4,0.001551
NER,NER.2_1,MAIZ,0,0,0,0,0,0,3.42935191580693,3.465964124540848,6.067013165035107,5.432467235556766,5.517461809498187,5.530097815825371,0,0,0,0,0,0
NER,NER.3_1,MAIZ,0,0,0,0,0,0,7.309913023665155,6.46948370267047,52.509545682638425,49.400777126002964,50.44620059614703,50.34803774350515,0,0,0,0,0,0
NER,NER.4_1,MAIZ,0,0,0,0,0,0,0.14458937149117462,0.1279657609349374,1.0386337269623296,0.9771425860608921,0.9978209610293625,0.9958793093132173,0,0,0,0,0,0
NER,NER.6_1,MAIZ,0,0,0,0,0,0,0.0014318471437299593,0.0012672259890216388,0.01028543605933986,0.009676498392923668,0.00988127327941931,0.009862045389877993,0,0,0,0,0,0
NER,NER.7_1,MAIZ,0,0,0,0,0,0,0.44411256677151617,0.41057101818761227,1.8285810988314,1.7535328619956543,1.7693249729461102,1.7724413334598854,0,0,0,0,0,0
NGA,NGA.10_1,MAIZ,39.09185351684599,35.60601170871555,33.856290690944306,31.490299604536,32.315800161782875,30.076755405458798,46826.79110402582,48114.751548837965,48886.697238859175,41728.9368210716,42148.00060349619,42427.872885429606,8.348e-4,7.4e-4,6.925e-4,7.546e-4,7.667e-4,7.089e-4
NGA,NGA.11_1,MAIZ,0.324489762644199,0.3028437699124995,0.28128313009985106,0.25977330199711274,0.23842759910770908,0.21727347386108053,24994.28481678343,25681.747045806813,26093.78105421487,22273.252286077677,22496.931920905747,22646.31665050268,1.298e-5,1.179e-5,1.078e-5,1.166e-5,1.06e-5,9.594e-6
NGA,NGA.12_1,MAIZ,5.509829705637066,4.305209806818255,3.4865945679085293,2.8729555598806646,2.2839172660724487,1.7587069397983988,7129.117669460427,7325.202460841466,7442.72688497654,6352.997799016883,6416.797921670541,6459.406915011367,7.729e-4,5.877e-4,4.685e-4,4.522e-4,3.559e-4,2.723e-4
NGA,NGA.13_1,MAIZ,25.306723752125208,26.6040275639796,25.571813299388225,26.246845268026096,25.47855075737477,25.33370472851295,231570.04688133652,237939.32937015546,241756.7914557155,206359.8984285966,208432.2723293995,209816.3098839723,1.093e-4,1.118e-4,1.058e-4,1.272e-4,1.222e-4,1.207e-4
NGA,NGA.14_1,MAIZ,0.50536378854042,0.46159783152827755,0.4187446574021653,0.3762859189227401,0.389087586623406,0.3881147945916925,70834.60341910513,72782.8933868095,73950.61095883504,63123.11010709802,63757.02535380823,64180.38646037462,7.134e-6,6.342e-6,5.662e-6,5.961e-6,6.103e-6,6.047e-6
NGA,NGA.15_1,MAIZ,0.031910409319374694,0.02873837635823266,0.06159277306042162,0.056702023761621236,0.05957059383364836,0.07204921269512582,41291.88105213173,42427.6050305032,43108.307014550126,36796.591332081945,37166.12192448773,37412.913402249054,7.728e-7,6.774e-7,1.429e-6,1.541e-6,1.603e-6,1.926e-6
NGA,NGA.16_1,MAIZ,0.04071933655605969,0.03561093285396239,0.030502529151865073,0.025394125449767768,0.020285721747670456,0.033116083727905005,29270.540452967038,30075.620139464158,30558.148773490437,26083.96826865791,26345.917104071017,26520.859968120734,1.391e-6,1.184e-6,9.982e-7,9.736e-7,7.7e-7,1.249e-6
NGA,NGA.17_1,MAIZ,60.499278224393585,58.4941206023514,57.43971666243288,54.43178299404927,55.09907344983529,53.86603849195179,56169.381488194034,57714.30779770017,58640.26729500257,50054.43499625169,50557.10778052601,50892.81844105294,0.001077,0.001014,9.795e-4,0.001087,0.00109,0.001058
NGA,NGA.18_1,MAIZ,0.029131850508170524,0.02763009193301696,0.026128333357863413,0.02462657478270985,0.02312958001091016,0.02163734904246435,696.8232485445403,715.9892165724822,727.4764376854039,620.9627571825888,627.1987895762619,631.3635317692764,4.181e-5,3.859e-5,3.592e-5,3.966e-5,3.688e-5,3.427e-5
NGA,NGA.19_1,MAIZ,0.023334448271275787,0.02025334999824759,0.01932551129311816,0.019343796026186688,0.017554929103465546,0.01451702266378998,15079.086415019648,15493.8333235427,15742.414007657335,13437.483745875063,13572.429977286638,13662.55399016353,1.547e-6,1.307e-6,1.228e-6,1.44e-6,1.293e-6,1.063e-6
NGA,NGA.1_1,MAIZ,10.762507950322831,11.88801402467578,12.675095513417103,16.830539333959614,16.17928312440044,15.30342201531671,107534.90396310111,110492.62751143196,112265.35427070853,95827.98880170248,96790.34352503454,97433.05335524231,1.001e-4,1.076e-4,1.129e-4,1.756e-4,1.672e-4,1.571e-4
NGA,NGA.20_1,MAIZ,0.00318713820747023,0.00288360123533021,0.00258006426319019,0.00227652729105016,0.01813436688877559,0.01700204137459119,3238.8208658636377,3327.903911374863,3381.2962910192427,2886.2227818718234,2915.2077387873915,2934.5653792562657,9.84e-7,8.665e-7,7.63e-7,7.888e-7,6.221e-6,5.794e-6
NGA,NGA.21_1,MAIZ,0,0,0,0,0,0,6732.773541251689,6917.956975789112,7028.947615859071,5999.802145514091,6060.05529290865,6100.295434295768,0,0,0,0,0,0
NGA,NGA.22_1,MAIZ,0.0014875814822408987,0.002292124070580323,0.002346592604072588,0.0021385510845412705,0.0019040458276198399,0.001669540570698409,3378.635738570364,3450.592282932209,3482.3415683603776,3482.0350575347784,3528.238759208261,3508.6778851619406,4.403e-7,6.643e-7,6.739e-7,6.142e-7,5.397e-7,4.758e-7
NGA,NGA.23_1,MAIZ,3.031585504975777,2.7186358307896454,2.3885245753274194,2.175466174114165,1.8460768020186,1.5520965741795105,24247.36255228829,24914.280851024367,25314.001749580908,21607.644601875505,21824.639856630612,21969.5604144647,1.25e-4,1.091e-4,9.436e-5,1.007e-4,8.459e-5,7.065e-5
NGA,NGA.24_1,MAIZ,1.4022101738579733,1.231628538730135,1.0563669896439922,0.8820720530763267,0.7116813627259377,0.5995231625924689,31176.140078981054,32030.736530336355,32541.0202738272,27847.044238916165,28128.250506706885,28309.078788835985,4.498e-5,3.845e-5,3.246e-5,3.168e-5,2.53e-5,2.118e-5
NGA,NGA.25_1,MAIZ,6.222259756821136,8.891346368480672,9.624103374571003,13.155124327942893,18.70103464302499,19.100305980612426,43791.592000749224,44994.97426100435,45715.50008594759,39048.73260253474,39441.46739887071,39701.11686227636,1.421e-4,1.976e-4,2.105e-4,3.369e-4,4.741e-4,4.811e-4
NGA,NGA.26_1,MAIZ,0.39658345223185215,0.33939496938389246,0.28337372796636323,0.23045073363127552,0.18009525414451572,0.1329943337044654,19771.11232373373,20314.912358340793,20640.841694633054,17618.70667598372,17795.642932297324,17913.810036895902,2.006e-5,1.671e-5,1.373e-5,1.308e-5,1.012e-5,7.424e-6
NGA,NGA.27_1,MAIZ,0.20102759758627617,0.17027678629272353,0.14318009173009097,0.11847366570223083,0.09723389919598155,0.07370512316981735,17337.847021488116,17804.25624052938,18076.85315802768,15684.93915977439,15848.061794094989,15931.80039930152,1.159e-5,9.564e-6,7.921e-6,7.553e-6,6.135e-6,4.626e-6
NGA,NGA.28_1,MAIZ,1.9171295865924383,1.7999377116804895,1.6000641706652612,1.8462695845089523,1.621541181885154,1.525557651992037,17399.232776166053,17806.46431944051,18003.180754679917,17104.17638272998,17314.160631048497,17282.602459422786,1.102e-4,1.011e-4,8.888e-5,1.079e-4,9.365e-5,8.827e-5
NGA,NGA.29_1,MAIZ,4.852761782106605,5.220018942146479,4.917256381365351,4.894281382626271,4.546554966756594,4.399556423950138,90333.10455668523,92817.6964491262,94306.84932688497,80498.88373779895,81307.29558027572,81847.19446103067,5.372e-5,5.624e-5,5.214e-5,6.08e-5,5.592e-5,5.375e-5
NGA,NGA.2_1,MAIZ,1.2338708145124875,1.2565702371550052,1.2356728502060075,1.289388386106582,2.0079881488322275,1.9596899301772686,41906.31143111705,42931.491097375605,43806.47071577848,38297.03182746949,38619.59170162151,38833.890520918816,2.944e-5,2.927e-5,2.821e-5,3.367e-5,5.199e-5,5.046e-5
NGA,NGA.30_1,MAIZ,1.7325628371320845,1.653612051041644,1.6034348385904875,4.971269497568165,4.772391172196106,4.564759754386992,170427.24096973904,175114.804219586,177924.31926486283,151873.47677138547,153398.66956262986,154417.2715148297,1.017e-5,9.443e-6,9.012e-6,3.273e-5,3.111e-5,2.956e-5
NGA,NGA.31_1,MAIZ,1.9611920847769728,1.64052332683018,1.3260209493325588,1.0132636228115637,0.7140206137680986,0.4279229204272657,8953.702668400021,9199.7833334045,9347.147600526096,7983.182731083259,8063.455241227815,8116.61031015082,2.19e-4,1.783e-4,1.419e-4,1.269e-4,8.855e-5,5.272e-5
NGA,NGA.32_1,MAIZ,0.07793462831640686,0.07745871269963936,0.0700196494882177,0.06259638697319472,0.06384033904321669,0.05655124250380963,14907.892743361617,15317.93100812969,15563.689542490314,13284.927276803428,13418.34145645829,13507.442286614138,5.228e-6,5.057e-6,4.499e-6,4.712e-6,4.758e-6,4.187e-6
NGA,NGA.33_1,MAIZ,113.83766386294629,113.27572944280968,115.55054582754197,115.37180155298427,112.11181576177832,106.89443425362361,74647.25949282284,76700.41571543913,77930.98541451094,66520.69684472446,67188.73243232642,67634.88085210434,0.001525,0.001477,0.001483,0.001734,0.001669,0.00158
NGA,NGA.34_1,MAIZ,1.0122068434628596e-4,8.931236854084056e-5,7.740405273539515e-5,6.549573692994974e-5,5.358742112450433e-5,4.167910531905892e-5,1311.4068445982498,1347.4767973555556,1369.095508304658,1168.6389794122897,1180.3750625313312,1188.2130206208672,7.718e-8,6.628e-8,5.654e-8,5.604e-8,4.54e-8,3.508e-8
NGA,NGA.35_1,MAIZ,7.735400582123814,7.941846001704833,8.625989938160911,8.225267260759352,7.823930592634998,9.472816911535814,167315.34206278197,171914.06982791802,174676.97132616318,149124.6093712993,150620.6177350435,151619.70024500278,4.623e-5,4.62e-5,4.938e-5,5.516e-5,5.194e-5,6.248e-5
NGA,NGA.36_1,MAIZ,0,0,0,0,0,0,1787.5014445009092,1836.6662730377896,1866.133464862312,1592.9029746977455,1608.8997384896077,1619.5831976042925,0,0,0,0,0,0
NGA,NGA.37_1,MAIZ,5.70277904999551e-4,1.8394929116575482e-4,0,0,0,0,10651.783649450597,10944.758582896542,11120.35460998636,9492.164559220324,9587.489834355894,9651.152941016571,5.354e-8,1.681e-8,0,0,0,0
NGA,NGA.3_1,MAIZ,11.075147669207274,10.686760360116455,11.419471082068068,14.387235847919285,15.446156251930157,15.8468788379638,113967.28910437123,117101.93397129828,118980.69942913375,101560.1046875118,102580.02431298126,103261.17893655023,9.718e-5,9.126e-5,9.598e-5,1.417e-4,1.506e-4,1.535e-4
NGA,NGA.4_1,MAIZ,0.6259994963675908,0.5807963256306992,0.5184996292437036,0.4744477300531423,0.4126478046777103,1.0356613472283243,35333.49976767854,36305.33979781113,36887.81709800521,31486.87630970394,31803.08397010177,32014.263659666783,1.772e-5,1.6e-5,1.406e-5,1.507e-5,1.298e-5,3.235e-5
NGA,NGA.5_1,MAIZ,0.37680823965433313,0.3377259921912802,0.3516560490077277,0.3230403331085779,0.3372948521644117,0.5924142206626513,11083.943550115946,11388.804945238378,11571.525184020975,9877.276858532128,9976.469632557015,10042.715653286918,3.4e-5,2.965e-5,3.039e-5,3.271e-5,3.381e-5,5.899e-5
NGA,NGA.6_1,MAIZ,8.084254517704744,8.081843927366108,7.8601698641636135,15.579316566790043,36.142732682806106,38.107179132356755,41486.1284924094,42627.19520329969,43311.09938144929,36969.691793845275,37340.9607515144,37588.913198735485,1.949e-4,1.896e-4,1.815e-4,4.214e-4,9.679e-4,0.001014
NGA,NGA.7_1,MAIZ,0.008443598408294669,0.006456934883524488,0.004878000486922805,0.003503296494112855,0.0026043156743579,0.002010040250809961,7261.967525180425,7461.695660773217,7581.425537018448,6471.4645129484925,6536.449150312816,6579.849129352357,1.163e-6,8.653e-7,6.434e-7,5.413e-7,3.984e-7,3.055e-7
NGA,NGA.8_1,MAIZ,0.07661090275719333,0.06748698012445792,0.058363057491722485,0.04923913485898706,0.04011521222625164,0.030991289593516214,29101.454462899575,29901.833251294873,30381.647053882785,25933.66556371964,26194.080531338586,26367.998557169987,2.633e-6,2.257e-6,1.921e-6,1.899e-6,1.531e-6,1.175e-6
NGA,NGA.9_1,MAIZ,1.4358205148973342,1.2631204882548928,1.1627243856207525,1.0885089017924605,1.0039312474551256,1.1426627230068842,19073.159199660844,19568.498121813136,19925.206344654543,17215.54480328476,17374.186745503866,17479.878055759356,7.528e-5,6.455e-5,5.835e-5,6.323e-5,5.778e-5,6.537e-5
NIC,NIC.10_1,MAIZ,0.23950822442806835,0.2673616922025258,0.25410908272760524,0.23370018442059698,0.21427348971459895,0.19572117732300015,374.3797133242622,369.5236075422683,375.3803941185436,351.8165084944796,367.39751244757656,359.5006011681808,6.397e-4,7.235e-4,6.769e-4,6.643e-4,5.832e-4,5.444e-4
NIC,NIC.11_1,MAIZ,27.878897204807252,26.461863960012497,24.858241693617043,23.379668909365435,21.79754056258629,20.173240676730128,34274.50943947524,34697.28268943125,35183.6194978391,32862.30061734243,34274.50943947524,33603.09121003121,8.134e-4,7.626e-4,7.065e-4,7.114e-4,6.36e-4,6.003e-4
NIC,NIC.12_1,MAIZ,0.6494764092189629,0.41445993842840434,0.2964989036806928,0.20099263852108576,0.12726000229432255,0.08685641542209985,1154.826382213604,1168.9408022550053,1185.3835644313663,1114.6280421647841,1160.1602641533414,1138.1721188487247,5.624e-4,3.546e-4,2.501e-4,1.803e-4,1.097e-4,7.631e-5
NIC,NIC.13_1,MAIZ,3.475019901461958,3.1555663010317776,3.031829749930776,2.733703296558103,2.562750144576033,2.2938615599025582,14602.171823085737,14782.288409406647,14989.485354203278,14000.52015226385,14602.171823085737,14316.123546630995,2.38e-4,2.135e-4,2.023e-4,1.953e-4,1.755e-4,1.602e-4
NIC,NIC.14_1,MAIZ,1.1400241113813299,1.068405696999076,1.0200378983234981,0.9484502421778729,0.988384960648968,0.91258382920565,833.630636682559,843.9134019007031,855.7421711483311,799.2826457477156,833.630636682559,817.300284614936,0.001368,0.001266,0.001192,0.001187,0.001186,0.001117
NIC,NIC.15_1,MAIZ,6.070197904823082,5.6822495221621185,4.920168563088171,4.238112241679132,3.80888539598524,3.1678526373516473,9201.12806051131,9314.623217029102,9445.18226303392,8822.014998555644,9201.12806051131,9020.883172625006,6.597e-4,6.1e-4,5.209e-4,4.804e-4,4.14e-4,3.512e-4
NIC,NIC.16_1,MAIZ,9.240551857001485,9.673671040610513,10.169586182115419,9.585929783305673,9.272342369905184,9.585874734282935,636.1764393891632,642.5588879948834,652.2200329368395,692.9880326723328,696.1505808641058,690.8197430517496,0.01453,0.01505,0.01559,0.01383,0.01332,0.01388
NIC,NIC.17_1,MAIZ,10.735846015210262,9.54794347544929,8.477917194545686,7.408240486534352,6.855051079556842,6.073217464849266,20747.068244063306,20994.377872215664,21289.26210201369,19885.747083898375,20740.72743800613,20333.792816195237,5.175e-4,4.548e-4,3.982e-4,3.725e-4,3.305e-4,2.987e-4
NIC,NIC.18_1,MAIZ,5.418139700149357,5.50000150295857,5.0397221839405715,4.874012919599665,6.418003539578103,5.988351605024451,10555.999887459298,10681.317157968682,10831.382174206468,10117.37801208961,10552.39595952987,10345.319289405934,5.133e-4,5.149e-4,4.653e-4,4.817e-4,6.082e-4,5.788e-4
NIC,NIC.1_1,MAIZ,124.61504348091366,121.49338743475705,114.11408920115909,137.52042484619355,170.48824683981204,168.0179151305358,11591.096236548954,11733.609105474516,11898.280680800224,11139.716324453524,11610.027254929782,11385.21532290428,0.01075,0.01035,0.009591,0.01235,0.01468,0.01476
NIC,NIC.2_1,MAIZ,501.00349020247904,486.8854875361829,490.58831393486446,588.2558261655828,639.2226832829982,620.1735218944692,82529.11726709054,83547.10712875793,84718.15080374535,79128.67917495011,82529.11726709054,80912.41859804325,0.006071,0.005828,0.005791,0.007434,0.007745,0.007665
NIC,NIC.3_1,MAIZ,5.23996445140544,4.734851612254297,4.3431829120643295,3.8969332185023666,3.5366416310381115,3.106289250216497,22974.385481342582,23257.77263332623,23583.76677570363,22027.774417014287,22974.385481342582,22524.330280707632,2.281e-4,2.036e-4,1.842e-4,1.769e-4,1.539e-4,1.379e-4
NIC,NIC.4_1,MAIZ,0.7967709013041364,0.7332193040249388,0.670230955606897,0.6072426071888553,0.7314166581603299,0.6630269731269064,4716.061753870769,4774.233987034253,4841.152360459322,4521.746382959324,4716.061753870769,4623.676774931124,1.689e-4,1.536e-4,1.384e-4,1.343e-4,1.551e-4,1.434e-4
NIC,NIC.5_1,MAIZ,110.00357816636033,103.09642564423204,101.61077478379225,94.26974146690925,88.85601698765173,82.05488553327679,27313.182588359377,27641.51661974262,28032.787050039686,26673.667416755,27664.159212420087,27170.843907097922,0.004027,0.00373,0.003625,0.003534,0.003212,0.00302
NIC,NIC.6_1,MAIZ,5.972530948566644,5.512890338919733,5.412862590361946,4.901082205235496,4.727128165068556,4.416368962976162,31453.18920529054,31841.16170261494,32287.465498132762,30157.22692876659,31453.18920529054,30837.039041452994,1.899e-4,1.731e-4,1.676e-4,1.625e-4,1.503e-4,1.432e-4
NIC,NIC.7_1,MAIZ,0.24087964335969023,0.18106873240419646,0.12269918462372112,0.08328929262955155,0.06832718759151757,0.06094060896335653,1167.3792176571585,1181.778744123075,1198.3432257801967,1119.2798208485435,1167.3792176571585,1144.5109198980551,2.063e-4,1.532e-4,1.024e-4,7.441e-5,5.853e-5,5.325e-5
NIC,NIC.8_1,MAIZ,23.105064290806556,21.603354343576616,20.10509033525853,18.60464141894446,17.57283709415784,16.050522752003374,3099.6952195517574,3137.929704691717,3181.912708526562,2971.97882020536,3099.6952195517574,3038.973945632354,0.007454,0.006885,0.006319,0.00626,0.005669,0.005282
NIC,NIC.9_1,MAIZ,5.460191786637987,5.361475602572835,5.1211344273853046,6.432678606666396,20.46069402666309,19.95327259038586,223.1160088299722,225.3489464548047,228.73961671473413,243.35106204301786,244.37402807721594,242.53109338616957,0.02447,0.02379,0.02239,0.02643,0.08373,0.08227
NLD,NLD.10_1,MAIZ,0.006355454601673675,0.005872417211393238,0.05711601504861339,0.053980329697948304,0.050844644347283224,0.04770895899661814,27.768551184110212,27.768551184110212,27.768551184110212,27.768551184110212,27.768551184110212,27.768551184110212,2.289e-4,2.115e-4,0.002057,0.001944,0.001831,0.001718
NLD,NLD.11_1,MAIZ,0,0,0,0,0,0,5.270622136367063,5.270622136367063,5.270622136367063,5.270622136367063,5.270622136367063,5.270622136367063,0,0,0,0,0,0
NLD,NLD.12_1,MAIZ,0.00295487656537823,0.002185347565122326,0.0017668429619346288,0.0013483383587469479,9.298337555592578e-4,6.485233085688714e-4,1232.8033810639843,1295.6602556602497,1405.572726820617,1442.7906130947217,1408.6198052290233,1417.3171246598283,2.397e-6,1.687e-6,1.257e-6,9.345e-7,6.601e-7,4.576e-7
NLD,NLD.14_1,MAIZ,0,0,0,0,0,0,4.467283859304082,4.467283859304082,4.467283859304082,4.467283859304082,4.467283859304082,4.467283859304082,0,0,0,0,0,0
NLD,NLD.1_1,MAIZ,0.1435170133059792,0.12499288827908984,0.10646876325220052,0.08794463822531119,0.06942051319842185,0.05089638817153252,76.15216405226666,76.15216405226666,76.15216405226666,76.15216405226666,76.15216405226666,76.15216405226666,0.001885,0.001641,0.001398,0.001155,9.116e-4,6.684e-4
NLD,NLD.2_1,MAIZ,8.019628644919413e-5,3.9435045609102545e-5,1.5878687657547295e-5,9.527212594528376e-6,3.175737531509459e-6,0,2.404463586105663,2.404463586105663,2.404463586105663,2.404463586105663,2.404463586105663,2.404463586105663,3.335e-5,1.64e-5,6.604e-6,3.962e-6,1.321e-6,0
NLD,NLD.3_1,MAIZ,0.01681259098649784,0.01467180199078105,0.0125354251963147,0.01039904840184834,0.00826267160738198,0.006126294812915639,2.476587886530677,2.476587886530677,2.476587886530677,2.476587886530677,2.476587886530677,2.476587886530677,0.006789,0.005924,0.005062,0.004199,0.003336,0.002474
NLD,NLD.4_1,MAIZ,0.022343619224521678,0.02497517550221902,0.023063621758908533,0.02127464596059984,0.019485670162291163,0.017696694363982475,414.71828026414397,414.71828026414397,414.71828026414397,414.71828026414397,414.71828026414397,414.71828026414397,5.388e-5,6.022e-5,5.561e-5,5.13e-5,4.699e-5,4.267e-5
NLD,NLD.5_1,MAIZ,0.03284541847468369,0.029384292817392573,0.02621013245800501,0.023035972098617435,0.019891112914036082,0.016827105826806514,41.06987164287206,41.06987164287206,41.06987164287206,41.06987164287206,41.06987164287206,41.06987164287206,7.997e-4,7.155e-4,6.382e-4,5.609e-4,4.843e-4,4.097e-4
NLD,NLD.6_1,MAIZ,0,0,0,0,0,0,0.011573812370108462,0.011573812370108462,0.011573812370108462,0.011573812370108462,0.011573812370108462,0.011573812370108462,0,0,0,0,0,0
NLD,NLD.7_1,MAIZ,0.5814542956186148,0.5064832374943341,0.4343409904905944,0.36219874348685466,0.3425488169109275,0.27675089211319154,2041.6799964456723,2108.6153500835994,2014.0525200119348,2114.1378193597848,2191.5431695432467,2148.9668025070564,2.848e-4,2.402e-4,2.157e-4,1.713e-4,1.563e-4,1.288e-4
NLD,NLD.8_1,MAIZ,0.019769078881412636,0.018332139088998996,0.01698460957876389,0.0157264903507073,0.01446837112265072,0.01321025189459413,1387.5371745712278,1423.979619401446,1487.7034235540093,1509.2811869403229,1489.4700240651696,1494.512457141324,1.425e-5,1.287e-5,1.142e-5,1.042e-5,9.714e-6,8.839e-6
NLD,NLD.9_1,MAIZ,0,0,4.2816304699551226e-5,4.06205967662409e-5,3.8424888832930586e-5,3.622918089962026e-5,0.540953410871226,0.540953410871226,0.540953410871226,0.540953410871226,0.540953410871226,0.540953410871226,0,0,7.915e-5,7.509e-5,7.103e-5,6.697e-5
NPL,NPL.1_1,MAIZ,60.14534655821053,52.34707156133641,44.63984863131721,38.798235591905225,31.62249555435538,24.571764830601207,70398.32389872678,74421.61903639472,77119.47455040796,73895.14218168057,79292.04679722161,77188.3771762075,8.544e-4,7.034e-4,5.788e-4,5.25e-4,3.988e-4,3.183e-4
NPL,NPL.2_1,MAIZ,13.028805954861804,13.283653395773575,13.12996136142086,12.56849968323198,12.158689318412767,13.526579631878084,120203.89705095532,127075.08165891242,131691.46180864083,126228.96642910331,135459.56469787122,131852.57627272108,1.084e-4,1.045e-4,9.97e-5,9.957e-5,8.976e-5,1.026e-4
NPL,NPL.3_1,MAIZ,67.58376499832313,61.602455160975616,55.524322630673645,49.47365529985159,45.073261582924424,39.06324555016275,13105.546503034495,13854.561530107083,14356.983290577611,13757.52586915905,14762.514106535782,14370.612250723201,0.005157,0.004446,0.003867,0.003596,0.003053,0.002718
NPL,NPL.4_1,MAIZ,49.12171283043366,44.49727957708989,39.577657640403515,36.568520829886836,36.94019766644337,33.70998198792714,50776.94998143727,53679.22136108032,55627.436640949534,53311.85694991165,57208.16482480234,55687.31354892971,9.674e-4,8.289e-4,7.115e-4,6.859e-4,6.457e-4,6.053e-4
NPL,NPL.5_1,MAIZ,20.439440221111884,18.18241888656241,15.374574151112332,12.692779522763807,12.808231713986984,10.384709072966803,22962.785923593074,24275.124064582673,25155.15274600242,24103.56870069395,25864.001655251654,25177.76981811172,8.901e-4,7.49e-4,6.112e-4,5.266e-4,4.952e-4,4.125e-4
NZL,NZL.11_1,MAIZ,23.48681276425694,23.005293118740642,21.870996225832688,20.50931166885574,19.20550751566984,17.494925286558537,305.4681822144647,336.2933152480583,302.4970269739333,309.3343798935987,392.79668556866784,366.6187896351282,0.07689,0.06841,0.0723,0.0663,0.04889,0.04772
NZL,NZL.12_1,MAIZ,2.0672506750067965e-5,1.8496453407955543e-5,1.632040006584313e-5,1.4144346723730712e-5,1.1968293381618297e-5,9.792240039505876e-6,1332.3650490043442,1466.8154837014495,1319.405717629953,1349.2283001059045,1713.267062456301,1599.0865499542379,1.552e-8,1.261e-8,1.237e-8,1.048e-8,6.986e-9,6.124e-9
NZL,NZL.15_1,MAIZ,0.11187308682245134,0.09942505271560696,0.08699200714470226,0.07454978556742653,0.06210064532169102,0.04965150507595553,0.4644340229680942,0.5113005752863561,0.45991667660743807,0.47031219243469163,0.597208336281354,0.5574074462733791,0.2409,0.1945,0.1891,0.1585,0.104,0.08908
NZL,NZL.16_1,MAIZ,1.4738397082679755,1.3950097450635253,1.400753433833877,1.3175863602717446,1.2344192867096124,1.1512522131474803,95.18575774582722,104.79105812162392,94.25992756312128,96.39048863798,122.3978546140464,114.24066180083237,0.01548,0.01331,0.01486,0.01367,0.01009,0.01008
NZL,NZL.17_1,MAIZ,0.7854922121257826,0.7020508332342632,0.5620685046224352,0.475957100029196,0.4263296591197106,0.38226618707435106,302.8774176407557,333.4411137480405,299.93146163270853,306.710824971941,389.4652625370961,363.50938895923093,0.002593,0.002105,0.001874,0.001552,0.001095,0.001052
NZL,NZL.18_1,MAIZ,2.3049256397629323,2.3722238113879386,2.3030860085565594,2.1322701294731274,2.038916593080732,2.0852751114934738,536.4215315645106,590.5524232098829,531.203994231857,543.2108202731987,689.7759306344897,643.8058825332221,0.004297,0.004017,0.004336,0.003925,0.002956,0.003239
NZL,NZL.1_1,MAIZ,0.2022458904172591,0.1712089277800395,0.14325469711362143,0.11847167517573558,0.09490420189003192,0.07263092785416893,0.505172693083099,0.5561502297821337,0.500259099518145,0.5115664768133746,0.6495935453713615,0.6063014483283028,0.4004,0.3078,0.2864,0.2316,0.1461,0.1198
NZL,NZL.2_1,MAIZ,6.254494764760325,5.119278426105323,4.001442103911757,2.9040893264240166,1.8553751140160817,1.1234226746121407,22.584571471381913,24.863605625005405,22.36490123471143,22.87041603029439,29.04114187813906,27.105697874133632,0.2769,0.2059,0.1789,0.127,0.06389,0.04145
NZL,NZL.3_1,MAIZ,2.004381067910144,1.9929687421014306,1.872695663266609,1.7280693216678689,1.6177361263610026,1.7338059766592893,63143.29552237729,69515.1554998929,62529.12833797305,63942.47683426294,81194.96118145375,75783.73109162065,3.174e-5,2.867e-5,2.995e-5,2.703e-5,1.992e-5,2.288e-5
NZL,NZL.6_1,MAIZ,0.9501522019787577,0.7972758451095249,0.6538318463543873,0.5185155257706098,0.3845683822714562,0.2534908425794747,0.7743773557358316,0.8525206334929908,0.7668453263049299,0.784178363205139,0.9957595468941789,0.9293972512050329,1.227,0.9352,0.8526,0.6612,0.3862,0.2727
NZL,NZL.7_1,MAIZ,9.666704228018991,8.301824949267365,6.955210789405307,5.582805310300211,4.218005725854932,2.860930436285366,410.84014346154265,452.29847796281445,406.84408129749886,416.0399950389841,528.2928175378664,493.08479540315557,0.02353,0.01835,0.0171,0.01342,0.007984,0.005802
NZL,NZL.8_1,MAIZ,0.13128323646519446,0.12151183454673302,0.11593689849417663,0.10595029319797648,0.09596368790177633,0.10972747765851479,69.58050975602559,76.60195616077388,68.90373060769741,70.46116450501295,89.47247276037582,83.50958873693585,0.001887,0.001586,0.001683,0.001504,0.001073,0.001314
OMN,OMN.2_1,MAIZ,0,0,0,0,0,0,42.12078834763105,24.47272116852643,34.88838686495427,3.8381791063922446,3.923192097263935,6.648981465815595,0,0,0,0,0,0
OMN,OMN.9_1,MAIZ,0,0,0,0,0,0,21.700561205827768,12.608305884679226,17.97443980124647,1.9774235925923418,2.021222146324904,3.425544366941098,0,0,0,0,0,0
PAK,PAK.2_1,MAIZ,0,0,0,0,0,0,8.558148926628954,9.11793233889788,10.515584424893449,9.323747368250684,8.807255445739061,9.434090837371748,0,0,0,0,0,0
PAK,PAK.3_1,MAIZ,0.0272962260292419,0.019525751855976912,0.012016905670963578,0.2530750556891568,0.24939338808546782,0.2341984095869171,55.44248010802997,59.068939633986126,68.12338571106308,60.40227652361667,57.05627338844007,61.11711750666618,4.923e-4,3.306e-4,1.764e-4,0.00419,0.004371,0.003832
PAK,PAK.4_1,MAIZ,0.1534494410216226,0.14028629429249354,0.12712314756336449,0.1670515775916265,0.15116578590058,0.4311608004455154,1105.5116183444177,1177.8224733348254,1358.3662606325342,1204.408935913369,1137.6903235109842,1218.6627176794468,1.388e-4,1.191e-4,9.359e-5,1.387e-4,1.329e-4,3.538e-4
PAK,PAK.5_1,MAIZ,3.1448563016426623,2.6355598057891987,2.217306199914157,1.900057718796259,3.6225244887756487,4.692620020668184,18267.500511033133,19462.366814174045,22445.676688080086,19901.68215983041,18799.222207413804,20137.211991788143,1.722e-4,1.354e-4,9.879e-5,9.547e-5,1.927e-4,2.33e-4
PAK,PAK.7_1,MAIZ,0.10817308100039558,0.09675990134086368,0.08568438033298284,0.42375032992754397,0.8784314664393872,0.9042802411429518,119583.8391214118,127405.63713924937,146932.74231210075,130283.96887057503,123071.23357170475,131826.65665132622,9.046e-7,7.595e-7,5.832e-7,3.253e-6,7.138e-6,6.86e-6
PAK,PAK.8_1,MAIZ,0.04023852164408806,0.03547192341336316,0.03070806018903948,0.02594419696471581,0.02118837105212023,0.02192681133826123,241.35623848995274,257.14320596535015,296.55967944408417,262.9475851290181,248.3815208204185,266.0594829094043,1.667e-4,1.379e-4,1.035e-4,9.867e-5,8.531e-5,8.241e-5
PAN,PAN.10_1,MAIZ,159.85722943233247,178.7755070039318,190.52667516015498,205.7140973766011,211.19477097759605,217.87723426526682,5144.717098139712,5233.995515273038,3763.220552498695,3636.8394165567133,3435.866356343165,3634.490994816564,0.03107,0.03416,0.05063,0.05656,0.06147,0.05995
PAN,PAN.11_1,MAIZ,8.148196951184064,8.979748214031085,8.524038844730777,8.53165092625799,8.190424942855433,8.925756103104668,1552.4951112843141,1579.4362051284845,1135.6079253709474,1097.4705327863421,1036.8239146089886,1096.7618615025249,0.005248,0.005685,0.007506,0.007774,0.0079,0.008138
PAN,PAN.12_1,MAIZ,42.011889177739036,46.77591822066546,46.287652109661,47.845730654249444,48.974668293213114,50.51794229544711,2987.3383710417556,3039.1788971816086,2185.156723046507,2111.7720821472353,1995.0747938670481,2110.4084444112996,0.01406,0.01539,0.02118,0.02266,0.02455,0.02394
PAN,PAN.13_1,MAIZ,87.88902389421445,101.84671429823435,118.16145906304307,133.94099563569415,138.6394835810394,161.91363504555414,8279.029192497126,8422.698631964267,6055.884554508847,5852.508335003415,5529.096609796,5848.729186068283,0.01062,0.01209,0.01951,0.02289,0.02507,0.02768
PAN,PAN.1_1,MAIZ,23.104292529802155,22.581083986860964,22.33989329472644,23.436882311366293,24.225200103134423,24.052768086547022,186.10294563939297,189.3324675146662,136.12924025772975,131.55757942130396,124.28766004839451,131.47262854934962,0.1241,0.1193,0.1641,0.1781,0.1949,0.1829
PAN,PAN.2_1,MAIZ,226.66536805871027,228.87495192049374,224.3995906109262,235.65895144506175,231.12892622438267,236.2042089731599,27427.503384190793,27895.47094952767,20058.983306352566,19386.137099179636,18315.923087142688,19373.57404441879,0.008264,0.008205,0.01119,0.01216,0.01262,0.01219
PAN,PAN.3_1,MAIZ,1.9737083140215457,2.1489956972326225,2.327395367186051,2.840711842289535,2.9193846301720168,2.917850694835283,5986.384492968308,6090.268714722105,4378.877347258567,4231.820461918775,3997.9685341613085,4229.087842180897,3.297e-4,3.529e-4,5.315e-4,6.713e-4,7.302e-4,6.899e-4
PAN,PAN.4_1,MAIZ,20.20743993297714,21.00823279580596,20.42669428267392,21.599243606076882,20.94984369653543,20.393192039657297,266.9266367912682,271.55872581946056,195.24957085501848,188.69245781510975,178.26524441831305,188.57061315292373,0.0757,0.07736,0.1046,0.1145,0.1175,0.1081
PAN,PAN.5_1,MAIZ,33.91701279773842,31.943000654517835,29.184788799866293,28.102622979203346,29.445763006165226,27.369762759561173,3657.7841352021287,3721.259185739761,2675.569554480196,2585.7152621606906,2442.827702508878,2584.0455843883233,0.009273,0.008584,0.01091,0.01087,0.01205,0.01059
PAN,PAN.6_1,MAIZ,4.697760417188982,4.634351627238065,4.7480656162136174,4.578449493845056,5.2302983355786745,4.988510166092542,106.01881816338911,107.85860684203112,77.549880363364,74.94550418190974,70.8039885416767,74.89710950972653,0.04431,0.04297,0.06123,0.06109,0.07387,0.0666
PAN,PAN.7_1,MAIZ,3.7254385617405426,2.8379247330292583,2.165443250382524,1.836814785937829,1.6511455182933017,1.6762524490437118,12533.403226535169,12750.900589366527,9167.84338480058,8859.957507545801,8370.353054418934,8854.23635397141,2.972e-4,2.226e-4,2.362e-4,2.073e-4,1.973e-4,1.893e-4
PAN,PAN.8_1,MAIZ,6.265012931150569,9.841137044611957,9.223467582755704,8.89691531635281,8.2870028091463,7.686984500266555,7.366358059975052,7.494189537408418,5.388290457873048,5.207334210597246,4.919575040617377,5.203971670911629,0.8505,1.313,1.712,1.709,1.684,1.477
PAN,PAN.9_1,MAIZ,1.301369572578879,1.0823652218934516,0.8819234891727664,0.7027442171747177,0.5352205164933064,0.38130094393371067,401.81404000762177,408.7868862865355,293.9160355748197,284.0453830501236,268.348932552136,283.8619660013237,0.003239,0.002648,0.003001,0.002474,0.001994,0.001343
PER,PER.10_1,MAIZ,641.2582448917404,660.7580243323802,672.0934957890024,712.3046872819154,699.4103891684815,730.9097569674736,19182.985324834986,20960.03535152072,21349.3415494037,21757.47534522764,22331.09956158413,21760.761390222237,0.03343,0.03152,0.03148,0.03274,0.03132,0.03359
PER,PER.11_1,MAIZ,0,0,0,0,0,0,61.787520647533576,67.51131771854496,68.76525522267086,70.07983556089279,71.92745299435694,70.09041976191855,0,0,0,0,0,0
PER,PER.12_1,MAIZ,301.9228234397431,286.9666910087763,264.1017926430176,254.37104291952002,230.6566147463345,215.70250642658922,3688.8486645671805,4030.5717335684403,4105.434515552073,4183.917805936535,4294.224564172468,4184.549705637481,0.08185,0.0712,0.06433,0.0608,0.05371,0.05155
PER,PER.13_1,MAIZ,32.08606847567187,31.179704447167033,29.13527135887322,26.798760852107247,25.20496490237569,24.03332353267341,9059.870222067651,9899.14744337956,10083.011611012536,10275.767804107136,10546.682933760958,10277.31975969125,0.003542,0.00315,0.00289,0.002608,0.00239,0.002338
PER,PER.14_1,MAIZ,7.6291843988401045,6.814493373861864,5.968708413357328,5.440023690145598,4.875127467037771,4.989461553880255,22899.527897296666,25020.866467487736,25485.59747718466,25972.803774069023,26657.562872957264,25976.726462730418,3.332e-4,2.724e-4,2.342e-4,2.095e-4,1.829e-4,1.921e-4
PER,PER.16_1,MAIZ,0,0,0,0,0,0,566.3542050723656,618.8194360150412,630.3132258761174,642.3628775639482,659.2984317315389,642.4598940277172,0,0,0,0,0,0
PER,PER.17_1,MAIZ,340.8222021729472,284.0790608449606,238.71787343774193,191.76761046950708,151.15433490006524,116.82920082177594,60.38433253620905,64.0637099806675,67.51007601994216,69.8863834616097,69.50884640217247,68.91945789697459,5.644,4.434,3.536,2.744,2.175,1.695
PER,PER.18_1,MAIZ,323.40344283707964,420.6792001583184,417.0823912241372,439.57084913144547,842.2145775114918,807.1347933967562,1979.320194781262,2064.520381066857,2179.644407059899,2299.172937645297,2280.5143637369824,2257.176130558391,0.1634,0.2038,0.1914,0.1912,0.3693,0.3576
PER,PER.1_1,MAIZ,422.39592390854284,449.4601200778392,472.52883611008394,493.9769340135782,569.306742522684,582.3278930632762,24039.36355118692,26266.29282818736,26754.156060377984,27265.61329861272,27984.45663009908,27269.73124109836,0.01757,0.01711,0.01766,0.01812,0.02034,0.02135
PER,PER.20_1,MAIZ,383.7043132879901,394.05909938012036,384.8152576242335,374.7917908787872,372.31788099018286,362.75369734166264,1327.729534476595,1450.7261257119774,1477.6715321818888,1505.9200704337497,1545.622848747482,1506.1475104759047,0.289,0.2716,0.2604,0.2489,0.2409,0.2408
PER,PER.21_1,MAIZ,299.8375560872517,277.5488375373631,255.8908766224428,326.0594947075185,315.1787109801585,322.13995075463964,50775.48457629941,55494.26602109684,56520.044578823356,57586.22967262854,59090.358596705904,57590.72479625169,0.005905,0.005001,0.004527,0.005662,0.005334,0.005594
PER,PER.22_1,MAIZ,63.9910082822037,67.26836090534702,65.93884704275855,64.45130083047692,66.68497868807003,65.1247891188118,320.973600082587,350.70756145166206,357.2215116920968,364.0504891188471,373.64848581752204,364.1054718899898,0.1994,0.1918,0.1846,0.177,0.1785,0.1789
PER,PER.23_1,MAIZ,507.2951840145919,409.23973688961206,328.4200467596296,273.9095160195085,282.99745161341565,249.12358988592172,46428.19785352109,50729.156689566065,51671.38673743628,52659.1848461431,54047.51612824499,52667.13799548774,0.01093,0.008067,0.006356,0.005202,0.005236,0.00473
PER,PER.24_1,MAIZ,0,0,0,0,0,0.154102782410155,1.7777232918211814,1.9424058565876148,1.9784835933896614,2.0163061190669493,2.069464952945084,2.016610643030553,0,0,0,0,0,0.07642
PER,PER.25_1,MAIZ,5.711228658342127,4.400512257698727,3.2180544088806977,2.1680395926187206,1.305156904541497,0.6917378399908077,796.1171681331763,923.184944902361,922.8320325451741,889.9780133310271,863.6633443564348,875.2785017984816,0.007174,0.004767,0.003487,0.002436,0.001511,7.903e-4
PER,PER.26_1,MAIZ,497.04264902235275,485.70954747665786,617.5664046645267,642.8861513887455,681.1099005188653,763.3599282007013,6995.21042116346,7641.930826257628,7784.881713804927,7934.73065593468,8142.881022260279,7935.3710958859165,0.07105,0.06356,0.07933,0.08102,0.08364,0.0962
PER,PER.2_1,MAIZ,5.4696366661512625,5.06100910798674,4.679475750064311,4.311199269881318,4.649449941196467,5.126007348783631,1031.9766105291847,1127.5756026686272,1148.5188961000806,1170.4750475605897,1201.3339970144398,1170.6518251329092,0.0053,0.004488,0.004074,0.003683,0.00387,0.004379
PER,PER.3_1,MAIZ,18.155390350026956,15.951912846235993,13.113697820906351,11.950836686979748,10.2929735887345,10.228867681036673,12490.168916865176,13647.217970032581,13900.697816344396,14166.436436491427,14539.926966550966,14168.576002171945,0.001454,0.001169,9.434e-4,8.436e-4,7.079e-4,7.219e-4
PER,PER.4_1,MAIZ,0,0,0,0,0,0,0.1073927675060017,0.11734128788125964,0.1195207541786021,0.12180562366601798,0.1250169638750537,0.12182402004489973,0,0,0,0,0,0
PER,PER.5_1,MAIZ,106.12407677520633,97.4735617057345,86.65584326653341,76.57470407346206,69.06876052399058,63.11446663197328,4427.074673022632,4837.184623721991,4927.029221917413,5021.218878016329,5153.600631797716,5021.977235817455,0.02397,0.02015,0.01759,0.01525,0.0134,0.01257
PER,PER.6_1,MAIZ,92.5484733537309,81.04871045282283,68.63072308335374,61.607936593629965,57.95737883605602,62.46992267256875,45029.53376520937,49200.92486123003,50114.76993204294,51072.81031150276,52419.31767631453,51080.52386971763,0.002055,0.001647,0.001369,0.001206,0.001106,0.001223
PER,PER.8_1,MAIZ,640.2852268968061,759.3190796216046,759.0199830092365,753.8538064395933,806.2165435902729,795.0553413066812,8064.914594053719,8812.022327907162,8975.694518845932,9147.282212342505,9388.445422117094,9148.66373204785,0.07939,0.08617,0.08456,0.08241,0.08587,0.0869
PER,PER.9_1,MAIZ,32.10366012858394,26.36369236425157,21.04978865710946,16.34292319561902,12.827864673273783,10.077588690963132,2100.319245358579,2294.8860610971574,2337.5106727467537,2382.1966927553544,2445.0020361790134,2382.556477399214,0.01529,0.01149,0.009005,0.00686,0.005247,0.00423
PHL,PHL.10_1,MAIZ,0.0592045660246198,0.048664121660208136,0.03824988144342947,0.02796184537428382,0.01767380930513815,0.01941668353333181,816.3484723713198,833.3063481097986,830.130723740992,845.1528776007715,818.3225443620317,828.3656109783211,7.252e-5,5.84e-5,4.608e-5,3.308e-5,2.16e-5,2.344e-5
PHL,PHL.12_1,MAIZ,1.0022575424571227,0.8706410182228465,0.8523552609927866,0.7618505945271864,0.6899878209997837,0.6107986748870075,1560.8194463324735,1593.242098076064,1587.17045534403,1615.8920989358087,1564.5937780741785,1583.7956437063679,6.421e-4,5.465e-4,5.37e-4,4.715e-4,4.41e-4,3.857e-4
PHL,PHL.13_1,MAIZ,6.792362051786781,5.920507095343619,5.1116006555631115,4.365697389738905,3.9429942247263132,5.3633838154341795,34611.18818265263,35330.160837378884,35195.52209382013,35832.42485256394,34694.884030037705,35120.68560908348,1.962e-4,1.676e-4,1.452e-4,1.218e-4,1.136e-4,1.527e-4
PHL,PHL.14_1,MAIZ,0.01987875700852649,0.013337911718736162,0.00799474753868128,0.00518175525308139,0.00370125375220099,0.00222075225132059,899.1974393650962,917.8763233921808,914.3784136177904,930.9251246629215,901.3718545067259,912.4341644030234,2.211e-5,1.453e-5,8.743e-6,5.566e-6,4.106e-6,2.434e-6
PHL,PHL.15_1,MAIZ,3.227011836730758,3.034765924354538,7.253345242696007,6.796301935143622,6.2785130688540685,5.965808659431486,23055.198876582974,23534.12082095721,23444.43528364312,23868.688842648142,23110.95034042825,23394.585216961717,1.4e-4,1.29e-4,3.094e-4,2.847e-4,2.717e-4,2.55e-4
PHL,PHL.16_1,MAIZ,246.3210889423292,247.63675863648012,234.26730969564701,227.22861193738623,236.94362072861742,223.48597527209043,817251.3220464548,834227.9525362679,831048.816050361,846087.5838283275,819227.5772840469,829281.7511415927,3.014e-4,2.968e-4,2.819e-4,2.686e-4,2.892e-4,2.695e-4
PHL,PHL.17_1,MAIZ,0.12238664827293397,0.0777118358303263,0.06278963033134816,0.06710578504731214,0.06390331967966269,0.11899777337860863,2449.3283283707115,2500.207832456258,2490.6798588150655,2535.7515264265962,2455.251228471264,2485.3839088149134,4.997e-5,3.108e-5,2.521e-5,2.646e-5,2.603e-5,4.788e-5
PHL,PHL.18_1,MAIZ,98.11688366061969,105.75278248995508,102.73715347271619,181.73351144775725,184.93328178108877,235.81116557577334,377609.0773405913,385453.09007287794,383984.1774351143,390932.805197205,378522.2014882379,383167.70919358236,2.598e-4,2.744e-4,2.676e-4,4.649e-4,4.886e-4,6.154e-4
PHL,PHL.19_1,MAIZ,60.65725490449865,61.64167965712079,60.920463121047554,62.88720945900391,62.190024058748804,62.041219579088754,12169.168190138711,12421.956366993601,12374.617873249068,12598.550572439135,12198.59534641749,12348.3056367343,0.004985,0.004962,0.004923,0.004992,0.005098,0.005024
PHL,PHL.1_1,MAIZ,0.12214219228236844,0.07893900816293518,0.047874552201525485,0.03012694702426655,0.022301429347010127,0.01568228479873603,1015.8911853375408,1036.994129812623,1033.0422772479424,1051.7363450479404,1018.3477861672828,1030.8457122301681,1.202e-4,7.612e-5,4.634e-5,2.864e-5,2.19e-5,1.521e-5
PHL,PHL.20_1,MAIZ,8.409020211898977,7.067250415757998,5.78599876984206,4.549279329617986,3.338385542048508,2.141978016487032,50.442032559728986,51.48985680279942,51.29363551589788,52.22185183497932,50.56401013058361,51.18456950002404,0.1667,0.1373,0.1128,0.08711,0.06602,0.04185
PHL,PHL.22_1,MAIZ,13.779335713676927,12.992913618209696,12.285700447292063,13.156697125071315,16.369189937428434,15.724130381413502,24892.531976887385,25409.620546740385,25312.78771882135,25770.85122720285,24952.72643037945,25258.964961292364,5.536e-4,5.113e-4,4.854e-4,5.105e-4,6.56e-4,6.225e-4
PHL,PHL.23_1,MAIZ,0.01942637522062967,0.01195445324535842,0.00550009296609426,0.0013883591180100562,2.519027047789567e-4,0,0.08606713155951824,0.08785499026391938,0.08752018608459658,0.08910396278819147,0.08627525678971441,0.08733409130093037,0.2257,0.1361,0.06284,0.01558,0.00292,0
PHL,PHL.24_1,MAIZ,0.00870399129282864,0.005074408936758888,0.002094334807205708,4.788358290449529e-4,5.551276054663411e-5,0,3323.5529894488673,3392.5926220479323,3379.663883621246,3440.8227221055067,3331.5899161880816,3372.4776806728305,2.619e-6,1.496e-6,6.197e-7,1.392e-7,1.666e-8,0
PHL,PHL.25_1,MAIZ,8.954406707745829,8.378140243269263,15.275328475355213,14.450114548459958,13.281825366256466,12.106858738606245,211802.58990996506,216202.331101797,215378.41155192556,219275.92738151364,212314.7652547501,214920.45092938544,4.228e-5,3.875e-5,7.092e-5,6.59e-5,6.256e-5,5.633e-5
PHL,PHL.26_1,MAIZ,34.35764517071808,31.046876319974686,27.909715539696066,26.174510820632698,24.706820877891612,22.904786191040486,48177.33043257383,49178.11038199181,48990.698866292754,49877.2409433659,48293.83156145811,48886.529600720496,7.131e-4,6.313e-4,5.697e-4,5.248e-4,5.116e-4,4.685e-4
PHL,PHL.27_1,MAIZ,283.48440149451125,283.0473756763948,286.9482034879638,273.84132003550485,258.57416477095586,238.9698628411762,211361.1089821438,215751.6793615491,214929.47718806803,218818.86904284835,211872.21674958468,214472.471137805,0.001341,0.001312,0.001335,0.001251,0.00122,0.001114
PHL,PHL.28_1,MAIZ,25.627677405969695,25.158844447455543,24.781792686132246,24.651470797835337,33.466483146843395,32.49090502208912,140178.49097016928,143090.39625514465,142545.09697796917,145124.611646587,140517.4668390414,142242.0023415026,1.828e-4,1.758e-4,1.739e-4,1.699e-4,2.382e-4,2.284e-4
PHL,PHL.29_1,MAIZ,208.2006955610561,203.07760775330073,200.63092583749417,198.5878527905509,195.43813345511276,187.00569900880862,91796.02234433415,93702.8863771412,93345.79661047648,95034.9943220453,92018.0010246425,93147.31479041286,0.002268,0.002167,0.002149,0.00209,0.002124,0.002008
PHL,PHL.2_1,MAIZ,20.392609024337986,18.795061572007278,17.24324120342008,16.04581135714126,18.867639979525105,17.613116333581093,43649.0097861546,44555.723657880415,44385.92746931336,45189.141002536446,43754.56065144974,44291.549361361875,4.672e-4,4.218e-4,3.885e-4,3.551e-4,4.312e-4,3.977e-4
PHL,PHL.31_1,MAIZ,0.25312893017290244,0.1889399780508283,0.13437986319188053,0.08906528364913101,0.062294789194531616,0.04944189632574541,108.82208159990536,111.08262522781627,110.65930348974886,112.66180868019364,109.08523224026035,110.42400783894124,0.002326,0.001701,0.001214,7.906e-4,5.711e-4,4.477e-4
PHL,PHL.32_1,MAIZ,3.6725988493206856,4.634997288526418,7.578195270360549,8.646643480574397,8.517963114867515,8.099753353522193,7212.7114537393945,7362.539950649207,7334.482248536859,7467.2079960225265,7230.153039213983,7318.88688764462,5.092e-4,6.295e-4,0.001033,0.001158,0.001178,0.001107
PHL,PHL.33_1,MAIZ,33.06461177052345,48.38286452183968,49.62261104827502,48.31755441603223,60.7203888279288,73.61385559391259,280840.5320541207,286674.3873329431,285581.9077515836,290749.8352058049,281519.65309978666,284974.6729441685,1.177e-4,1.688e-4,1.738e-4,1.662e-4,2.157e-4,2.583e-4
PHL,PHL.34_1,MAIZ,0.5153758673928951,0.4423212373028868,0.37522646698121237,0.3195357058464689,0.2713593609845715,0.22733713015949833,16373.261709659608,16713.380846159576,16649.688280249575,16950.983211168565,16412.855092181348,16614.285931634495,3.148e-5,2.647e-5,2.254e-5,1.885e-5,1.653e-5,1.368e-5
PHL,PHL.35_1,MAIZ,0.2544304043746814,0.22191752437103776,0.18237879440810706,0.143716939408524,0.10686072827599667,0.07246226115737242,5501.353482984446,5615.632215554259,5594.231756346886,5695.46570392612,5514.656708493301,5582.336702245084,4.625e-5,3.952e-5,3.26e-5,2.523e-5,1.938e-5,1.298e-5
PHL,PHL.36_1,MAIZ,7.665911416963127,7.953655910454075,7.290526883461177,6.709312397639743,7.1361183000029085,6.438604983581897,119354.76175477564,121834.09905634972,121369.80482075132,123566.1286403689,119643.38223991451,121111.73535606923,6.423e-5,6.528e-5,6.007e-5,5.43e-5,5.964e-5,5.316e-5
PHL,PHL.37_1,MAIZ,198.19641833911186,191.33451807359825,189.46606201496627,184.89838414608639,181.981890955481,181.58695987489097,584944.1387486192,597095.0894205018,594819.6360764111,605583.5697996325,586358.6349833957,593554.8669248801,3.388e-4,3.204e-4,3.185e-4,3.053e-4,3.104e-4,3.059e-4
PHL,PHL.38_1,MAIZ,2.1703912069094127,1.8778668184744054,1.5730324656288466,1.2805930919810293,1.0226802429603978,0.7622533980346762,31283.74573914234,31933.597966264824,31811.903091246328,32387.575439157405,31359.395254414667,31744.26121925518,6.938e-5,5.881e-5,4.945e-5,3.954e-5,3.261e-5,2.401e-5
PHL,PHL.39_1,MAIZ,0.00245779465751804,0.00191161806695847,0.00136544147639891,8.192648858393472e-4,0.16416334789159043,0.7023156126314201,24220.44012571078,24723.56743945462,24629.349072556714,25075.044986047084,24279.009344706184,24576.9795154003,1.015e-7,7.732e-8,5.544e-8,3.267e-8,6.762e-6,2.858e-5
PHL,PHL.3_1,MAIZ,290.34685275237507,254.72093561171764,220.3071805937921,191.5429299397827,163.84120981244678,141.63513094734293,59407.441516448765,60641.502760234194,60410.405716075984,61503.600297899146,59551.09899889229,60281.95464797548,0.004887,0.0042,0.003647,0.003114,0.002751,0.00235
PHL,PHL.40_1,MAIZ,2.594596092621539,2.693444378438513,2.6045045167401257,2.643359281051079,2.5884511628797284,2.7411455837207,9046.681029165858,9234.606281592212,9199.414373105403,9365.888175580605,9068.55747070155,9179.853593995951,2.868e-4,2.917e-4,2.831e-4,2.822e-4,2.854e-4,2.986e-4
PHL,PHL.41_1,MAIZ,73.31998296002716,71.26767871458333,64.2560130177461,59.88919742963658,56.09549065053104,52.147073909566814,136085.66282651894,138912.5484496367,138383.1704183877,140887.37032109805,136414.74152809713,138088.9253154675,5.388e-4,5.13e-4,4.643e-4,4.251e-4,4.112e-4,3.776e-4
PHL,PHL.42_1,MAIZ,22.784641450830307,20.98931566978304,19.208888142139518,17.09755092855043,15.07805672061977,13.099445138700045,38631.681776886995,39434.17149949032,39283.892893955235,39994.77934398888,38725.099874097774,39200.36327779787,5.898e-4,5.323e-4,4.89e-4,4.275e-4,3.894e-4,3.342e-4
PHL,PHL.43_1,MAIZ,36.69065348215546,34.134967868488545,32.23538247855564,29.506076664202013,26.47804182871952,25.640213299776395,40730.513909435336,41576.60233492628,41418.159198321766,42167.66760979475,40829.007346242244,41330.09147679734,9.008e-4,8.21e-4,7.783e-4,6.997e-4,6.485e-4,6.204e-4
PHL,PHL.44_1,MAIZ,4.684709359420266,3.435841935292832,2.379056858623597,1.4383176487046032,0.6328441337157207,0.4457545288917569,188.3662632371431,192.27916537808585,191.5464139661069,195.01266285871586,188.82176548506348,191.13912748668142,0.02487,0.01787,0.01242,0.007376,0.003352,0.002332
PHL,PHL.46_1,MAIZ,16.63902066463768,14.356441363762697,12.085236944151521,9.8229757732103309,7.773853880757667,5.969210834408413,7426.534469313084,7580.804677392627,7551.91519620327,7688.575638672049,7444.493115871633,7535.857506113984,0.00224,0.001894,0.0016,0.001278,0.001044,7.921e-4
PHL,PHL.47_1,MAIZ,0,0,0,0,0,0,81.95327226476044,83.65567443057891,83.33687330910266,84.8449482390373,82.15144947069692,83.15967353264325,0,0,0,0,0,0
PHL,PHL.48_1,MAIZ,24.19334004287094,26.222816571682692,23.591756676801946,23.26315954460446,22.421692711358602,21.976994639428845,36602.938887767734,37363.28586008322,37220.89913598697,37894.45338187774,36691.451133311835,37141.756077882885,6.61e-4,7.018e-4,6.338e-4,6.139e-4,6.111e-4,5.917e-4
PHL,PHL.49_1,MAIZ,14.57492980109495,15.807727062039767,14.91850827861571,14.335505035124553,14.270365431532863,13.787679870580922,121777.5427954438,124307.20813855859,123833.4891992051,126074.39617270026,122072.02198474381,123570.18118520152,1.197e-4,1.272e-4,1.205e-4,1.137e-4,1.169e-4,1.116e-4
PHL,PHL.4_1,MAIZ,0.2323448493180137,0.17061112456630514,0.18286491752680917,0.13880476745371798,0.11720508414599011,0.1056405519948364,150.09272624326613,153.21057834567702,152.6267123433873,155.38866523871232,150.45567645008865,152.30218109767247,0.001548,0.001114,0.001198,8.933e-4,7.79e-4,0.00069360000000000005
PHL,PHL.50_1,MAIZ,2.8777026153432392,2.605281403083042,2.440255336237756,2.16917694131582,3.542858873833606,3.199091839285946,26682.753046281076,27237.029590959333,27133.232739898314,27624.239258841626,26747.276564369793,27075.539157391355,1.078e-4,9.565e-5,8.994e-5,7.852e-5,1.325e-4,1.182e-4
PHL,PHL.53_1,MAIZ,5.974559625797555,4.53449709895058,3.3924138499385434,2.552054334445343,2.0130653982189344,1.6823731989761963,1114.0788157930867,1137.2213961499929,1132.8875902375169,1153.3884718452823,1116.7728513185214,1130.4787234325536,0.005363,0.003987,0.002994,0.002213,0.001803,0.001488
PHL,PHL.54_1,MAIZ,0.7975050867372476,0.768058963074824,0.6981694399528393,0.645090969865282,0.59306569184178,0.5435548510085735,2321.3156545411844,2369.535971907798,2360.5059720857366,2403.2219960630205,2326.9289978257257,2355.4868117311926,3.436e-4,3.241e-4,2.958e-4,2.684e-4,2.549e-4,2.308e-4
PHL,PHL.55_1,MAIZ,0.9428140105466087,0.6387658200730227,0.40278418280148365,0.24198140415024003,0.1707260284640215,0.11884241148587263,9171.527862115601,9362.04653775662,9326.368970683432,9495.140160116474,9193.70620491576,9306.538247125407,1.028e-4,6.823e-5,4.319e-5,2.548e-5,1.857e-5,1.277e-5
PHL,PHL.56_1,MAIZ,3.813433238157633,3.73210889556304,3.6390023681576973,3.463379689128474,3.1929985954801325,3.2166768817718987,30914.214315612146,31556.390325807948,31436.132941068812,32005.005303326492,30988.97023990272,31369.2900717756,1.234e-4,1.183e-4,1.158e-4,1.082e-4,1.03e-4,1.025e-4
PHL,PHL.57_1,MAIZ,27.240528564454966,28.619780078434275,28.571952645394028,25.971068506570806,24.463150235606978,23.793351893536133,24606.926080505407,25118.081804931557,25022.359994029302,25475.16788441932,24666.42988947554,24969.15477500239,0.001107,0.001139,0.001142,0.001019,9.918e-4,9.529e-4
PHL,PHL.58_1,MAIZ,5.806510015585118,6.20288918316266,5.9537437284689725,5.449054279864656,5.372555172364076,5.7248130985033,2560.5064452589068,2613.6954345151084,2603.7349740754253,2650.8525017997135,2566.698193301186,2598.198634193145,0.002268,0.002373,0.002287,0.002056,0.002093,0.002203
PHL,PHL.59_1,MAIZ,2.693508870363673,2.1831925753183756,1.7347731095365513,1.3278734268448837,0.9798578504838719,0.7030373452737113,109.86469903221877,112.14690078464187,111.7195232279658,113.74121429308934,110.13037090209745,111.4819732245151,0.02452,0.01947,0.01553,0.01167,0.008897,0.006306
PHL,PHL.5_1,MAIZ,17.846697290245014,15.244950421581043,12.684632671524156,9.988986597890548,7.5163885970122575,5.526611084003715,6699.163857732102,6838.324512888515,6812.264529049205,6935.540156564497,6715.363596177528,6797.779563345578,0.002664,0.002229,0.001862,0.00144,0.001119,8.13e-4
PHL,PHL.60_1,MAIZ,8.87425181216714,7.587213107223305,6.331706691559691,5.094838517306221,3.8714791812098825,2.669171875982407,26303.889291298983,26850.29576002777,26747.97270234482,27232.007505394915,26367.496651212216,26691.09830094968,3.374e-4,2.826e-4,2.367e-4,1.871e-4,1.468e-4,1e-4
PHL,PHL.61_1,MAIZ,2.5642761202128623,2.266917434817564,1.9886622493876458,1.71750144268325,1.4518085729474581,1.624054662774352,3835.0371070701444,3914.701717117421,3899.7832874214446,3970.3542744816946,3844.310890990407,3891.4911509477365,6.686e-4,5.791e-4,5.099e-4,4.326e-4,3.777e-4,4.173e-4
PHL,PHL.62_1,MAIZ,40.00307835611586,41.96007072930672,39.80224997766049,37.88494467120966,35.05489468967747,36.20391852213127,44576.67848779358,45502.66267250617,45329.25781994965,46149.541982246665,44684.472616673505,45232.87390207726,8.974e-4,9.221e-4,8.781e-4,8.209e-4,7.845e-4,8.004e-4
PHL,PHL.63_1,MAIZ,62.09982946229512,81.35614462902706,94.045071887959,92.05473410502402,91.23202115726185,99.44445295145727,262555.2760556326,268009.2946475952,266987.9453574091,271819.39404273295,263190.1801854456,266420.247022253,2.365e-4,3.036e-4,3.522e-4,3.387e-4,3.466e-4,3.733e-4
PHL,PHL.64_1,MAIZ,0.3294181266157203,0.2965815217739763,0.2637449169322324,0.23107518083596115,0.19867084686310033,0.25917217773438317,918.4283877815793,937.5067532122765,933.9340343698308,950.8346264789424,920.6493066871146,931.9482039019136,3.587e-4,3.164e-4,2.824e-4,2.43e-4,2.158e-4,2.781e-4
PHL,PHL.65_1,MAIZ,0.42330314172483174,0.38388094090437497,0.3716314548675302,0.5889945635159495,0.5382524281056037,0.5464062352132091,9642.01989073954,9842.31202174598,9804.80422407643,9982.233240262376,9665.335964750075,9783.956200293604,4.39e-5,3.9e-5,3.79e-5,5.9e-5,5.569e-5,5.585e-5
PHL,PHL.66_1,MAIZ,2.137959052703724,1.9954029247275387,1.7427405239474725,1.6116170723706742,1.4778188706077866,1.3322451155708306,1530.1910783005806,1561.9774918729295,1556.0249945735027,1584.1830258445375,1533.8913453438151,1552.716407746865,0.001397,0.001277,0.00112,0.001017,9.634e-4,8.58e-4
PHL,PHL.67_1,MAIZ,18.73990741992429,17.78516260272832,16.322796608491252,16.33216723512093,16.889635901051467,15.336046598206478,92378.60349469977,94297.56939220043,93938.21336429982,95638.13152672119,92601.99095712772,93738.47188435002,2.029e-4,1.886e-4,1.738e-4,1.708e-4,1.824e-4,1.636e-4
PHL,PHL.68_1,MAIZ,0,0,0,0,0,0,18.546323201013994,18.931582994953327,18.859437143148373,19.200719977731914,18.591171422577347,18.819336190074203,0,0,0,0,0,0
PHL,PHL.69_1,MAIZ,0.6100769334533701,0.4717547819974585,0.35425519061092736,0.24828435429148715,0.1725520538602929,0.1434243860800936,308.28820346310386,314.6922248129328,313.49297282108523,319.16598254954744,309.03369773193685,312.82639052084164,0.001979,0.001499,0.00113,7.779e-4,5.584e-4,4.585e-4
PHL,PHL.6_1,MAIZ,0.03722177847065929,0.030489266394562457,0.06255243481693942,0.06518827754567819,0.06056738196691543,0.05670727682202931,468.7693965387636,478.50706794447456,476.6835384477206,485.3096659384795,469.9029621264128,475.6699629066571,7.94e-5,6.372e-5,1.312e-4,1.343e-4,1.289e-4,1.192e-4
PHL,PHL.70_1,MAIZ,9.836333019676347,8.323895937148203,7.276737691786244,6.403269328214305,5.936601907669898,5.194458056661153,4824.133048501937,4924.3439897250555,4905.577941908873,4994.349920233443,4835.798637711472,4895.147177228198,0.002039,0.00169,0.001483,0.001282,0.001228,0.001061
PHL,PHL.71_1,MAIZ,2.689672428535462,2.561255068655859,2.3064081442211744,2.0562583278299593,1.8114126929354522,4.025717822879104,1617.2382276233855,1650.8328576517747,1644.5417438693382,1674.301585781831,1621.1489897494985,1641.0449432597095,0.001663,0.001551,0.001402,0.001228,0.001117,0.002453
PHL,PHL.73_1,MAIZ,8.661069764376926,8.59873054303404,11.29101786831015,10.161792609051945,9.697646048227865,11.0612351884701,17878.530643289818,18249.918489652555,18180.370374465467,18509.36472822487,17921.764026792676,18141.713325809997,4.844e-4,4.712e-4,6.211e-4,5.49e-4,5.411e-4,6.097e-4
PHL,PHL.74_1,MAIZ,0.2374404880980554,0.2040009576118128,0.17246592682285405,0.1413150304373528,0.11268810299265879,0.08641969809745076,276.0354801346952,281.76952084152504,280.6957330817162,285.77523968175467,276.7029817326264,280.09888778166874,8.602e-4,7.24e-4,6.144e-4,4.945e-4,4.073e-4,3.085e-4
PHL,PHL.75_1,MAIZ,18.07199469465486,12.997615788835157,8.884598030788574,5.837353246020159,3.482138898750629,2.3672947737942556,256.3811968687459,261.7069623051086,260.7096304008605,265.42746587978183,257.0011710057877,260.1552816906983,0.07049,0.04966,0.03408,0.02199,0.01355,0.0091
PHL,PHL.76_1,MAIZ,1.3370993726565856,1.155951353935339,0.9794459803267699,0.8332818731751757,0.673409021329313,1.0416807551740004,76679.18361186588,78272.02798093892,77973.74325046015,79384.76627928231,76864.60715801296,77807.94713494672,1.744e-5,1.477e-5,1.256e-5,1.05e-5,8.761e-6,1.339e-5
PHL,PHL.77_1,MAIZ,196.91043373928596,209.21743667140763,214.49046244275556,206.27004977324404,244.08126644577158,250.501083620215,8123.112216909804,8291.852322693232,8260.253129481494,8409.731747587082,8142.755309103302,8242.689295491547,0.02424,0.02523,0.02597,0.02453,0.02998,0.03039
PHL,PHL.78_1,MAIZ,21.88145492650167,19.746895592782895,17.614211936155304,15.483326466203238,13.35297949704047,11.381682165250261,1771.440769840104,1808.2386245182222,1801.347657404312,1833.9450795820314,1775.724420419848,1797.5174392842516,0.01235,0.01092,0.009778,0.008443,0.00752,0.006332
PHL,PHL.79_1,MAIZ,33.95173445183492,35.76370108184803,35.70809453956853,34.20681121284077,32.15919431633723,31.469101086518904,48842.840713498,49857.44520112307,49667.44482694344,50566.23338719585,48960.9511615022,49561.836591702835,6.951e-4,7.173e-4,7.189e-4,6.765e-4,6.568e-4,6.349e-4
PHL,PHL.7_1,MAIZ,14.113971261839687,14.6335677241022,13.582429356785829,12.570940590987599,12.44484763269827,12.479145831623345,23107.934842164403,23587.95226228404,23498.06158020264,23923.285567665258,23163.813830707873,23448.09748755187,6.108e-4,6.204e-4,5.78e-4,5.255e-4,5.373e-4,5.322e-4
PHL,PHL.80_1,MAIZ,65.85964865356205,61.6053375701028,59.36893079259123,53.443809861512484,47.484317847105586,41.00850088280503,114328.10677728079,116703.02618211899,116258.28581178814,118362.11091666861,114604.57194011078,116011.08500571767,5.761e-4,5.279e-4,5.107e-4,4.515e-4,4.143e-4,3.535e-4
PHL,PHL.81_1,MAIZ,26.86425430891809,30.69849127393202,38.650019595408644,37.54814261173593,38.38711976903304,36.08667737964168,13768.34700401408,14054.354665595307,14000.795309825184,14254.15552802751,13801.641251628795,13971.0253208558,0.001951,0.002184,0.002761,0.002634,0.002781,0.002583
PHL,PHL.8_1,MAIZ,4.392565117900563,3.983612730708876,3.40239446559006,2.9512277003553526,2.8893563484312654,2.3152545823609345,6588.198276564079,6725.053861520225,6699.425537707953,6820.65921611712,6604.129681015958,6685.180502340654,6.667e-4,5.924e-4,5.079e-4,4.327e-4,4.375e-4,3.463e-4
PHL,PHL.9_1,MAIZ,14.247432271490561,13.192131835164163,14.130683871967564,13.641084948869043,13.18426708170746,13.45956090880379,4180.573482368323,4267.415864058156,4251.153285667298,4328.0827100488095,4190.682833087979,4242.114028709328,0.003408,0.003091,0.003324,0.003152,0.003146,0.003173
PNG,PNG.10_1,MAIZ,0.006131008001200911,0.006715085165171678,0.008700970927176943,0.008821939301785006,0.009039639223806049,0.00872407690119882,7.84335071683755,7.853046204255087,7.909823612343827,7.868738146492771,7.877202654363894,7.884008946454926,7.817e-4,8.551e-4,0.0011,0.001121,0.001148,0.001107
PNG,PNG.11_1,MAIZ,0.031153749648724954,0.03221299360820455,0.030558984989607935,0.029446296324724206,0.029951836638334898,0.029598363915457598,3.612661760672909,3.6171275200031943,3.643279298557732,3.6243552574485025,3.6282540253364757,3.6313890159874043,0.008623,0.008906,0.008388,0.008125,0.008255,0.008151
PNG,PNG.13_1,MAIZ,0.0011327024966576954,0.0011503546128146765,0.0022608159859601818,0.002464642576668067,0.0023867118510359324,0.00279114766280429,1.0491508776702216,1.0504477760878472,1.0580424979967202,1.0525467788693592,1.053679017651309,1.0545894483560911,0.00108,0.001095,0.002137,0.002342,0.002265,0.002647
PNG,PNG.14_1,MAIZ,0.045434674986402725,0.04301202348430833,0.049781789023535104,0.04772460584284331,0.044365263411983075,0.04175367297160648,8.14444727510849,8.154514960327397,8.213471983070672,8.170809296869626,8.179598746755897,8.186666324003895,0.005579,0.005275,0.006061,0.005841,0.005424,0.0051
PNG,PNG.15_1,MAIZ,0,0,0,0,0,0,0.004082110686126768,0.004087156750522355,0.0041167068334725,0.0040953236994969834,0.004099729094497278,0.004103271462890682,0,0,0,0,0,0
PNG,PNG.16_1,MAIZ,0,0,0,0,0,0,0.15290518226662592,0.15309419463191,0.154201063398316,0.15340010716528935,0.15356512173183842,0.15369780958047752,0,0,0,0,0,0
PNG,PNG.17_1,MAIZ,0.13468517072519817,0.1337479261788475,0.1986316408948923,0.1891415586652604,0.1819131540287335,0.17810562380739367,12.805065944705527,12.820894811758624,12.913589691918071,12.846513499792387,12.860332667823025,12.87144463032618,0.01052,0.01043,0.01538,0.01472,0.01415,0.01384
PNG,PNG.18_1,MAIZ,0.014398668422793665,0.013629646539922848,0.01774847441360524,0.018515028920157155,0.01748313231376314,0.016483143908676043,0.8387178482542549,0.8397546217759534,0.8458260352905135,0.8414326178905818,0.842337758319016,0.84306557973913,0.01717,0.01623,0.02098,0.022,0.02076,0.01955
PNG,PNG.19_1,MAIZ,0.015030810320953445,0.014639460869470265,0.01561310141382824,0.01521832727991914,0.014395779031838531,0.015318860006577591,6.757620607688392,6.765973979600435,6.814891871558007,6.779493736151981,6.786786529103473,6.79265064781457,0.002224,0.002164,0.002291,0.002245,0.002121,0.002255
PNG,PNG.1_1,MAIZ,0.003939483148141951,0.003700564911085013,0.02786541183583009,0.02867801162126192,0.03063954995192758,0.030267408018787932,0.8632718196518483,0.864338945344364,0.8705881031552805,0.8660660658083663,0.8669977047693368,0.86774683360095894,0.004563,0.004281,0.03201,0.03311,0.03534,0.03488
PNG,PNG.20_1,MAIZ,0.17179867591168618,0.2781503615603299,0.33056289308778997,0.36653729837303056,0.36812962227019885,0.3768843653368515,9.22397229403154,9.235374424389489,9.302146045096592,9.25382853229126,9.263783000592445,9.271787366575722,0.01863,0.03012,0.03554,0.03961,0.03974,0.04065
PNG,PNG.21_1,MAIZ,0.008587950813781312,0.009131048144866953,0.009753299136292297,0.009530024702609377,0.00899057967380277,0.008660631918933964,10.477286237290421,10.490237640402553,10.566081903630531,10.511199213635573,10.522506252556218,10.531598217588362,8.197e-4,8.704e-4,9.231e-4,9.067e-4,8.544e-4,8.223e-4
PNG,PNG.22_1,MAIZ,0.32237670701647403,0.20414415424152027,0.11091537291814396,0.03834078467909276,0.00102674527978358,0,0.10562961926171094,0.1057601923651516,0.10652483699416274,0.10597152218373093,0.10608551718101508,0.10617718030665044,3.052,1.93,1.041,0.3618,0.009678,0
PNG,PNG.2_1,MAIZ,1.0513413951989836,0.8919532803908141,0.732843749306875,0.5733921898250349,0.41455665650991935,0.2551949291119098,0.676973995938082,0.6778108312520413,0.6827113935525805,0.6791652315873304,0.6798958187973173,0.6804832823598603,1.553,1.316,1.073,0.8443,0.6097,0.375
PNG,PNG.3_1,MAIZ,0.0013572387650013717,0.0013145869446996414,0.002241357733315242,0.00230967060095129,0.002309358451697857,0.0023280176877962747,0.9248496310796213,0.9259928756296828,0.9326877904461022,0.9278431928618692,0.9288412863125513,0.9296438510526307,0.001468,0.00142,0.002403,0.002489,0.002486,0.002504
PNG,PNG.4_1,MAIZ,0.08087636766750946,0.08199684912104568,0.0938476153888584,0.09028709840291124,0.08839787134684103,0.08503559388991193,3.298253083163499,3.302330189035995,3.326205987536336,3.3089288990433343,3.3124883585385545,3.3153505120600038,0.02452,0.02483,0.02821,0.02729,0.02669,0.02565
PNG,PNG.5_1,MAIZ,0.0478971395452536,0.05475432622143211,0.05800533897822961,0.05723418251159671,0.0657444286592174,0.06272206032749672,3.4519471674356086,3.456214260867504,3.4812026389347404,3.463120461739366,3.4668457871805365,3.469841313142921,0.01388,0.01584,0.01666,0.01653,0.01896,0.01808
PNG,PNG.6_1,MAIZ,4.889411080339719e-4,4.3859302520301343e-4,3.910665036402879e-4,3.456389913583879e-4,3.3905303734866476e-4,3.1003359790237613e-4,1.0126542746398763,1.0139060581100467,1.0212365839375617,1.01593204329904,1.0170248951155492,1.0179036548483806,4.828e-4,4.326e-4,3.829e-4,3.402e-4,3.334e-4,3.046e-4
PNG,PNG.7_1,MAIZ,0.012626622782952021,0.013822348657331025,0.015122302261283221,0.014758002837775803,0.01494740951716521,0.014702634966338677,4.548950119055854,4.554573262816036,4.5875027602476,4.563674202591315,4.56858340855165,4.572530890225695,0.002776,0.003035,0.003296,0.003234,0.003272,0.003215
PNG,PNG.9_1,MAIZ,0,0,0,0,0,0,0.13033920483363734,0.13050032246895657,0.13144383787327413,0.13076108796923752,0.13090174943715605,0.13101485501295365,0,0,0,0,0,0
POL,POL.10_1,MAIZ,0.9455704477656189,0.9063604925707305,0.8521485904843866,0.7850660018053743,0.7177617889417872,0.6573132269713062,2170.064721544712,2372.795339607665,2696.23900834838,2900.8575247988497,2995.0985147753217,2872.132672173053,4.357e-4,3.82e-4,3.161e-4,2.706e-4,2.396e-4,2.289e-4
POL,POL.11_1,MAIZ,0.43040178308034766,0.403237161787973,0.3760725404955983,0.3489079192032236,0.3217617083492687,0.2946339079337335,738.8100845347725,808.0672185815837,920.9662576662745,991.2674247437814,1017.9024069454855,977.2023776664746,5.826e-4,4.99e-4,4.083e-4,3.52e-4,3.161e-4,3.015e-4
POL,POL.12_1,MAIZ,0.04747374939417966,0.04325659001983893,0.03907868091306642,0.034900771806293925,0.030787279313628742,0.02706368868614846,1421.8750184717683,1556.206478903771,1767.6726628703216,1900.3930548932276,1953.7956491146217,1874.986203043447,3.339e-5,2.78e-5,2.211e-5,1.837e-5,1.576e-5,1.443e-5
POL,POL.13_1,MAIZ,3.3660308046332604e-4,1.0312436347549452e-4,7.366025962535325e-5,4.4196155775211945e-5,1.473205192507065e-5,0,259.89161706337416,284.25423600614994,323.96879113583213,348.69867013406036,358.0680720138601,343.75100103003683,1.295e-6,3.628e-7,2.274e-7,1.267e-7,4.114e-8,0
POL,POL.14_1,MAIZ,0.1941545186095912,0.18093506379872454,0.16847297176345363,0.15658899454009803,0.14470501731674243,0.1329019817768176,2056.4909095294543,2249.269364464887,2563.525832307334,2759.2103716098018,2833.3493146478827,2720.0600648367167,9.441e-5,8.044e-5,6.572e-5,5.675e-5,5.107e-5,4.886e-5
POL,POL.15_1,MAIZ,0.9216879809019334,1.3559287032668816,1.4319309582080895,1.3207023433168255,1.204891010631937,1.092618179990908,10168.092816864417,11121.264656230196,12675.071151807222,13642.611805273138,14009.183644060366,13449.037425132296,9.065e-5,1.219e-4,1.13e-4,9.681e-5,8.601e-5,8.124e-5
POL,POL.16_1,MAIZ,0.4677123016587673,0.47136751959966605,0.43241067910351855,0.3900760812518903,0.3477475122075617,0.30611605337096504,1366.2555123728532,1494.4775809875389,1700.4735812292272,1831.1058114548807,1881.1847185313954,1805.7849097838457,3.423e-4,3.154e-4,2.543e-4,2.13e-4,1.849e-4,1.695e-4
POL,POL.1_1,MAIZ,1.4192896154652435,1.112288420402025,0.9367704740577031,0.6689665944324618,0.46541055289336236,0.35553798527900093,7680.867802853928,8401.52054616342,9570.91091933253,10300.603569134373,10579.025612442796,10155.576993652816,1.848e-4,1.324e-4,9.788e-5,6.494e-5,4.399e-5,3.501e-5
POL,POL.2_1,MAIZ,1.5719801069345338,1.5428969568732869,1.541403543149412,1.4562494362816785,1.4567126290355201,1.3510547089225922,8812.649071725984,9638.759639034173,10985.438078886504,11824.002045128203,12141.708524897076,11656.231833724469,1.784e-4,1.601e-4,1.403e-4,1.232e-4,1.2e-4,1.159e-4
POL,POL.3_1,MAIZ,0.222586817569415,0.20520055385518987,0.18781939909465456,0.170443353287809,0.1530673074809635,0.13583437578197946,2315.7997365029655,2532.8861787888072,2886.7681444476825,3107.127107599165,3190.6144422412035,3063.0402265490243,9.612e-5,8.101e-5,6.506e-5,5.486e-5,4.797e-5,4.435e-5
POL,POL.4_1,MAIZ,0.07081177368627758,0.06694559447806808,0.06307941526985855,0.05921323606164904,0.055355959879914804,0.051507586724655836,1319.161023776088,1471.110311953248,1607.9515396438192,1739.6541311253736,1770.6453372918995,1708.3190989840723,5.368e-5,4.551e-5,3.923e-5,3.404e-5,3.126e-5,3.015e-5
POL,POL.5_1,MAIZ,0.1993395792858535,0.1822767096525364,0.2849368557103061,0.2777130825297988,0.25483874507062426,0.232696100337806,1308.5305750859902,1431.4565159173314,1626.4558070775915,1752.0850025331665,1800.7265677725957,1728.4015080768258,1.523e-4,1.273e-4,1.752e-4,1.585e-4,1.415e-4,1.346e-4
POL,POL.6_1,MAIZ,0.02099899976472532,0.01964422558635595,0.01828945140798657,0.0169346772296172,0.01557990305124782,0.01422512887287844,106.53967028614424,116.52643871770458,132.80478784055464,142.94303340435587,146.7837221827735,140.9145810704599,1.971e-4,1.686e-4,1.377e-4,1.185e-4,1.061e-4,1.009e-4
POL,POL.7_1,MAIZ,0.9113853038997592,0.9025533879429681,0.8368602057550507,0.7695714322351718,0.7318666217684667,0.6766634633176452,8561.280393948311,9363.827295063476,10672.093587097117,11486.738671092337,11795.383011078844,11323.753873911703,1.065e-4,9.639e-5,7.842e-5,6.7e-5,6.205e-5,5.976e-5
POL,POL.8_1,MAIZ,0,0,0.0616485118963936,0.0584870497478606,0.0553255875993276,0.05216412545079459,1929.9442874874255,2111.2181536953667,2404.140635892336,2586.898631639798,2657.2110262547776,2550.728130314827,0,0,2.564e-5,2.261e-5,2.082e-5,2.045e-5
POL,POL.9_1,MAIZ,0.015587137106460619,0.014742459379662492,0.013897781652864373,0.013053103926066257,0.020922938230583457,0.0196493955768123,1341.618979151532,1505.67476945931,1623.0559030162,1759.0803515441808,1785.0240324013403,1725.1179154366573,1.162e-5,9.791e-6,8.563e-6,7.42e-6,1.172e-5,1.139e-5
PRI,PRI.12_1,MAIZ,2.169661721812176e-4,1.77517777239178e-4,1.3806938229713844e-4,9.86209873550989e-5,5.917259241305934e-5,1.972419747101978e-5,1.6801623331635978,2.4761923589931123,4.433905670491364,3.9279797585311416,2.6818795155514907,3.5617836043716435,1.291e-4,7.169e-5,3.114e-5,2.511e-5,2.206e-5,5.538e-6
PRI,PRI.22_1,MAIZ,0.00152491033511768,4.858303505441896e-4,0,0,0,0,1.4660254363004717,2.160601337027654,3.8688038451962554,3.427358253197628,2.340073640080135,3.107833844111283,0.00104,2.249e-4,0,0,0,0
PRI,PRI.29_1,MAIZ,0.08198027523443992,0.06912775412331008,0.05628103253177355,0.04343431094023702,0.03061059285117981,0.01808511750596586,0.20728730437996146,0.30549621848471803,0.5470259249179873,0.4846081356150076,0.33087253801467975,0.43942927868449694,0.3955,0.2263,0.1029,0.08963,0.09251,0.04116
PRI,PRI.35_1,MAIZ,0,0,0,0,0,0,0.5627528843531319,0.829374855471704,1.4850905509353332,1.3156359330065301,0.8982676275228858,1.1929823429785624,0,0,0,0,0,0
PRI,PRI.37_1,MAIZ,0,0,0,0,0,0,0.40346780701123175,0.5946234367364791,1.0647412824684641,0.9432501537961535,0.6440163699959253,0.8553131989327013,0,0,0,0,0,0
PRI,PRI.3_1,MAIZ,0,0,0,0,0,0,0.22572077352610376,0.3326631264366822,0.5956713812293506,0.5277029558334925,0.3602960897321529,0.47850647192974466,0,0,0,0,0,0
PRI,PRI.41_1,MAIZ,2.7535541988924037e-6,2.141653265805203e-6,1.5297523327180023e-6,9.178513996308012e-7,3.0595046654360045e-7,0,1.6736702250463185,2.4666244093989236,4.416773162264945,3.912802136243388,2.671516795575682,3.5480209554933095,1.645e-6,8.683e-7,3.464e-7,2.346e-7,1.145e-7,0
PRI,PRI.50_1,MAIZ,0,0,0,0,0,0,0.030874049120596412,0.045501606014253446,0.08147583049852368,0.07217912080034149,0.04928123804724989,0.0654500340757238,0,0,0,0,0,0
PRI,PRI.51_1,MAIZ,0,0,0,0,0,0,0.3349006289955948,0.49357039029640715,0.883794243356666,0.7829498768354756,0.5345692609103033,0.7099573332323436,0,0,0,0,0,0
PRI,PRI.62_1,MAIZ,0,0,0,0,0,0,0.30836662173237017,0.454465058185461,0.8137716729519674,0.7209171545291624,0.49221560903980427,0.6537077731969865,0,0,0,0,0,0
PRI,PRI.63_1,MAIZ,0,0,0,0,0,0,6.625434975412607e-5,9.764444266662998e-5,1.7484354414516788e-4,1.5489321454959068e-4,1.0575536655866297e-4,1.404528907800321e-4,0,0,0,0,0,0
PRI,PRI.64_1,MAIZ,9.0813634686088e-5,7.5911491669453e-5,6.1009348652817986e-5,4.650022236792061e-5,3.286847299278397e-5,1.972108379567038e-5,0.8095847396142588,1.1931511060693796,2.136473540006098,1.8926935851685192,1.2922612811979741,1.7162422909922361,1.122e-4,6.362e-5,2.856e-5,2.457e-5,2.543e-5,1.149e-5
PRI,PRI.68_1,MAIZ,0,0,0,0,0,0,1.1042049649168915,1.6273569779065107,2.91396882235248,2.58147362659678,1.7625348562629142,2.340809017246192,0,0,0,0,0,0
PRK,PRK.10_1,MAIZ,64.99017333772154,60.26036953630123,55.37134335821769,49.658760916057126,44.844324709256206,40.0382487913701,22904.158211340502,22904.158211340502,22904.158211340502,22904.158211340502,22904.158211340502,22904.158211340502,0.002837,0.002631,0.002418,0.002168,0.001958,0.001748
PRK,PRK.11_1,MAIZ,1.4863987676002195,1.338901538602809,1.2035553845897842,1.1685330742701407,1.0526759385371898,0.9850537408901752,2820.814631296057,2820.814631296057,2820.814631296057,2820.814631296057,2820.814631296057,2820.814631296057,5.269e-4,4.747e-4,4.267e-4,4.143e-4,3.732e-4,3.492e-4
PRK,PRK.12_1,MAIZ,0,0,0,0,0,0,38.76850676517029,38.76850676517029,38.76850676517029,38.76850676517029,38.76850676517029,38.76850676517029,0,0,0,0,0,0
PRK,PRK.13_1,MAIZ,51.05265606289163,48.172366232606485,43.719162689903015,40.936087709946044,36.98099216934172,32.36418240962147,14256.159514451887,14327.285502916047,14355.219779354393,14424.84910561594,14461.199410534748,14429.423399781377,0.003581,0.003362,0.003046,0.002838,0.002557,0.002243
PRK,PRK.1_1,MAIZ,123.91702014566006,114.4459266222106,102.56892303429673,96.47695157822969,84.82239195558148,73.02277488349681,83134.05446958372,83281.16972289559,83338.94829642476,83482.96789027636,83558.15397108266,83492.42924834536,0.001491,0.001374,0.001231,0.001156,0.001015,8.746e-4
PRK,PRK.2_1,MAIZ,35.646029992971634,32.617734043230975,29.25651890696462,26.870299244160755,23.533497049742667,20.600092025155988,21073.66941798857,21156.795421769682,21189.442627368895,21270.81945970649,21313.302603341785,21276.165505537312,0.001691,0.001542,0.001381,0.001263,0.001104,9.682e-4
PRK,PRK.3_1,MAIZ,55.61909359133911,51.850924983584825,52.35901257611859,48.718908628682975,44.74073773371306,40.78716105673829,12778.706850426097,12778.706850426097,12778.706850426097,12778.706850426097,12778.706850426097,12778.706850426097,0.004352,0.004058,0.004097,0.003813,0.003501,0.003192
PRK,PRK.4_1,MAIZ,26.584072460291846,24.446827244626867,23.495355237710275,21.55938999876472,19.522517783395667,18.515534963262745,14719.246156202305,14719.246156202305,14719.246156202305,14719.246156202305,14719.246156202305,14719.246156202305,0.001806,0.001661,0.001596,0.001465,0.001326,0.001258
PRK,PRK.5_1,MAIZ,0.7535648690551742,0.6909227089005844,0.6285629651158731,0.5677125092173433,0.5109172305886461,0.45763768300078933,3560.9176201846694,3560.9176201846694,3560.9176201846694,3560.9176201846694,3560.9176201846694,3560.9176201846694,2.116e-4,1.94e-4,1.765e-4,1.594e-4,1.435e-4,1.285e-4
PRK,PRK.6_1,MAIZ,0.5367875078882417,0.5440211643542305,0.4968733774648277,0.44972559057542477,0.4025778036860219,0.35945637828424964,783.8267668410001,783.8267668410001,783.8267668410001,783.8267668410001,783.8267668410001,783.8267668410001,6.848e-4,6.941e-4,6.339e-4,5.738e-4,5.136e-4,4.586e-4
PRK,PRK.7_1,MAIZ,70.32707529994349,65.91822577860272,66.37066604977366,65.12938007039546,63.58626847880119,60.956900455577724,26092.64956677194,26092.64956677194,26092.64956677194,26092.64956677194,26092.64956677194,26092.64956677194,0.002695,0.002526,0.002544,0.002496,0.002437,0.002336
PRK,PRK.8_1,MAIZ,6.765654567320247,6.141558108294015,5.695783281680353,5.015384999714005,4.319445723092343,3.82644757156709,4241.073455235106,4241.073455235106,4241.073455235106,4241.073455235106,4241.073455235106,4241.073455235106,0.001595,0.001448,0.001343,0.001183,0.001018,9.022e-4
PRK,PRK.9_1,MAIZ,10.98313397341652,10.463527331851497,9.231552440998266,8.080789217254281,7.079827449823642,6.009574176916108,14423.95542178493,14426.655117891984,14427.715406247651,14430.358294242658,14431.738025882225,14430.531918601597,7.615e-4,7.253e-4,6.398e-4,5.6e-4,4.906e-4,4.164e-4
PRT,PRT.10_1,MAIZ,0.18336609339065107,0.13570941541292852,0.09444097958790319,0.05539957945628665,0.03326220916838645,0.028795915901813074,35.81331569022529,39.37074710023238,35.41181133770224,35.13280911261319,31.57140478343888,32.71920163638176,0.00512,0.003447,0.002667,0.001577,0.001054,8.801e-4
PRT,PRT.11_1,MAIZ,0,0,0,0,0,0,758.6870762633301,836.9928279514335,798.6185604338261,853.3658487589462,686.8771426129899,737.7488746243056,0,0,0,0,0,0
PRT,PRT.12_1,MAIZ,0.2864712838914076,1.1702232138297068,1.095422937357109,1.020622660884511,0.945822384411913,0.8710221079393149,4405.315878710912,4859.9981609042425,4637.178008408931,4955.068092635575,3988.351558563166,4283.7382282699145,6.503e-5,2.408e-4,2.362e-4,2.06e-4,2.371e-4,2.033e-4
PRT,PRT.14_1,MAIZ,0.03559020295811522,0.029288317857362973,0.023588413442391237,0.018898734607894332,0.015806637286620892,0.02778261452863711,8294.680942042109,9117.505059495168,8183.447216915599,8095.983685410406,7305.418011961808,7561.256664563722,4.291e-6,3.212e-6,2.882e-6,2.334e-6,2.164e-6,3.674e-6
PRT,PRT.15_1,MAIZ,0.8178275582415585,0.7092352109592299,0.6006428636769013,0.4920505163945727,0.3834581691122441,0.306486514829515,375.1776745258331,413.900582480236,394.9241574173539,421.9971905070657,339.6670077994659,364.823542966914,0.00218,0.001714,0.001521,0.001166,0.001129,8.401e-4
PRT,PRT.16_1,MAIZ,0.3270304196937629,0.29465124555018346,0.26272542578664654,0.23549658967063852,0.21251138282211696,0.18952617597359542,19807.846645505182,21852.257799229123,20850.38017417975,22279.72558591686,17933.02868976061,19261.19085015259,1.651e-5,1.348e-5,1.26e-5,1.057e-5,1.185e-5,9.84e-6
PRT,PRT.17_1,MAIZ,0.09425412671275463,0.05667532078594776,0.027892844421585107,0.013677368832937183,0.007464369171585955,0.0051036226145891464,5612.525558746801,6191.806591067719,5907.925971535451,6312.92898873482,5081.298521152505,5457.63140603234,1.679e-5,9.153e-6,4.721e-6,2.167e-6,1.469e-6,9.351e-7
PRT,PRT.18_1,MAIZ,0.08667536174747817,0.08142230952035827,0.0761692572932384,0.0709162050661185,0.06566315283899861,0.06041010061187872,74.16845536786235,81.82354378419672,78.0721155119874,83.42415318033936,67.14839133151935,72.12155866652947,0.001169,9.951e-4,9.756e-4,8.501e-4,9.779e-4,8.376e-4
PRT,PRT.19_1,MAIZ,7.436551309038468,7.128923620480227,6.523312311625003,5.995467733584696,5.663122490005568,5.113669580367683,3732.2872782131913,4117.504807258051,3928.726330666465,4198.0502906037955,3379.025294191371,3629.2838317977285,0.001992,0.001731,0.00166,0.001428,0.001676,0.001409
PRT,PRT.1_1,MAIZ,0,0,0,0,0,0,99.02842299024888,109.24936301064726,104.24052166542364,111.38646865127602,89.65535640336084,96.2954423537832,0,0,0,0,0,0
PRT,PRT.20_1,MAIZ,0.40667121563500896,0.36319192654844296,0.32216770578434034,0.2835985533427013,0.2740906648644286,0.7343225392684045,335.10631352923576,369.69336871617327,352.7437465009837,376.92520752798754,303.38841178394193,325.858069051759,0.001214,9.824e-4,9.133e-4,7.524e-4,9.034e-4,0.002254
PRT,PRT.3_1,MAIZ,0.15199461158157326,0.11629971217258063,2.7599578636677906,2.8270487084417293,3.105328575968987,3.534561203784633,22012.8524013193,24284.847019409106,23171.4405659418,24759.90043955516,19929.3300640483,21405.342985844643,6.905e-6,4.789e-6,1.191e-4,1.142e-4,1.558e-4,1.651e-4
PRT,PRT.4_1,MAIZ,0.934308784550941,0.8591437121398887,0.7839786397288366,1.0334841914278263,0.9429171343389571,0.8541021244726827,225.80484927630283,249.1106613964801,237.68948926372275,253.98369483978993,204.4323602070039,219.57310022832542,0.004138,0.003449,0.003298,0.004069,0.004612,0.00389
PRT,PRT.5_1,MAIZ,0.7274395198675657,0.6476439098626469,0.5905499942161464,0.5253909412086429,0.4606432506576352,0.3980672354370142,648.2138113302925,715.1173758417978,682.3308278922674,729.1063029669307,586.860201602128,630.3244444075277,0.001122,9.056e-4,8.655e-4,7.206e-4,7.849e-4,6.315e-4
PRT,PRT.6_1,MAIZ,0.5019651841341556,0.4243378788065244,0.39510334571176603,0.3511532264417329,0.2984521801141582,0.2509917434301684,13261.817549433685,14630.598730040543,13959.818179885195,14916.79843144016,12006.582989490806,12895.818682921268,3.785e-5,2.9e-5,2.83e-5,2.354e-5,2.486e-5,1.946e-5
PRT,PRT.7_1,MAIZ,0.00525014186100903,3.1281394712743784e-4,0,0,0,0,2634.9063332311553,2906.860775987204,2773.5876470797652,2963.723977654378,2385.511747658278,2562.188342070873,1.993e-6,1.076e-7,0,0,0,0
PRT,PRT.8_1,MAIZ,0.03062769266281412,0.02402353909964061,0.0212875012436103,0.016855383263177523,0.013312796982467718,0.01093805302844553,3634.175694337851,4009.2102424539166,3824.518319541736,4085.5946178919385,3289.8524182373462,3533.02104605438,8.428e-6,5.992e-6,5.566e-6,4.126e-6,4.047e-6,3.096e-6
PRT,PRT.9_1,MAIZ,0.06566339687510185,0.04774269113772267,0.03097321271771433,0.015849972797726822,0.004415940474248888,0,360.2715873764627,397.4560054903523,379.2335278635172,405.23092927780203,326.1717857652025,350.3288331404836,1.823e-4,1.201e-4,8.167e-5,3.911e-5,1.354e-5,0
PRY,PRY.10_1,MAIZ,521.0188172891368,595.3753735111623,565.7810140542908,547.0423609343356,540.0628821005847,524.1251629735231,24235.94298411603,17093.559155561645,19409.20807000189,19035.339203627773,16702.130467481136,17870.286806263997,0.0215,0.03483,0.02915,0.02874,0.03233,0.02933
PRY,PRY.11_1,MAIZ,86.94536511513346,85.66650948944525,82.53533947384467,77.22456796818922,71.96988070659695,67.63046188359455,6774.574037272586,4746.704474460481,5369.73590266634,5215.16034059474,4577.655740845535,4901.941271405047,0.01283,0.01805,0.01537,0.01481,0.01572,0.0138
PRY,PRY.12_1,MAIZ,75.47684732775294,82.10025269601257,82.46212203975756,77.18555492293643,71.46806473279574,68.97570075711162,30704.282296815734,21513.40488147782,24337.15922325228,23636.57913247123,20747.22829085011,22216.98187539881,0.002458,0.003816,0.003388,0.003266,0.003445,0.003105
PRY,PRY.13_1,MAIZ,722.9725395176273,795.7657703697972,853.6556555578956,781.0858420095778,723.3315765224538,671.1150171694762,219361.5878952361,153822.83358347364,173953.32608212825,168845.1703997297,148339.06583556742,158778.48795775545,0.003296,0.005173,0.004907,0.004626,0.004876,0.004227
PRY,PRY.14_1,MAIZ,51.33182227407314,51.401654557606584,59.010902006097446,55.19251701354965,54.82741530820844,58.09964347122985,21946.465104116443,15377.20180599218,17395.502108718403,16894.674691072996,14829.555427162346,15880.045366447379,0.002339,0.003343,0.003392,0.003267,0.003697,0.003659
PRY,PRY.15_1,MAIZ,10.872790753472723,9.586715981809519,8.444134221867685,7.484862923348582,6.6449197594422085,5.987946623146055,1889.1817311790467,1324.8275994173207,1498.167942446782,1454.111186339912,1277.5941777382218,1367.462237062192,0.005755,0.007236,0.005636,0.005147,0.005201,0.004379
PRY,PRY.16_1,MAIZ,176.79123213266894,193.70269034136027,183.5633032125252,169.94480117098703,156.3688305858692,142.59523829419265,17283.128599273943,12109.677066556591,13699.139700786845,13304.790284441242,11678.404046801126,12505.713409236,0.01023,0.016,0.0134,0.01277,0.01339,0.0114
PRY,PRY.17_1,MAIZ,330.4238898171271,350.4215003315424,363.9002428767402,402.84790308239303,434.44339203558644,419.22083772751654,278453.03196545684,195102.1932132645,220710.4438928208,214356.9766947665,188153.84012626307,201482.83892530442,0.001187,0.001796,0.001649,0.001879,0.002309,0.002081
PRY,PRY.18_1,MAIZ,1385.2339559839575,1265.902595242362,1096.6215123791167,929.3765443687028,795.8462898635061,678.4449201827763,174348.03132822207,122159.5004890119,138193.6160460446,134215.5142804778,117808.9223209769,126154.6195604215,0.007945,0.01036,0.007935,0.006925,0.006755,0.005378
PRY,PRY.1_1,MAIZ,985.097880807452,1070.9805783788515,1070.9665296545095,1081.3554568724737,1112.161846609692,1041.6597076307717,665202.0891437855,466089.96242891066,527264.0709392462,512086.6307987951,449491.4328756333,481332.32779149077,0.001481,0.002298,0.002031,0.002112,0.002474,0.002164
PRY,PRY.2_1,MAIZ,494.33364664309073,375.58250552379457,268.65651783132427,185.6903789743674,135.2330155071937,105.63078560894239,307544.0496721966,215847.69759593272,244362.99761681794,237819.33363645003,208776.67612823306,223499.8211202498,0.001607,0.00174,0.001099,7.808e-4,6.477e-4,4.726e-4
PRY,PRY.3_1,MAIZ,1898.4802794852249,2154.386703192877,2083.908175713784,2013.9029509355028,1990.9481175141734,1881.5941851878774,104741.5703019203,77556.43091377431,90409.33971065954,94667.6635271621,82860.98888826577,88172.77693308912,0.01813,0.02778,0.02305,0.02127,0.02403,0.02134
PRY,PRY.4_1,MAIZ,1.4193694890229355e-4,1.327797263924682e-4,1.236225038826428e-4,1.144652813728174e-4,1.05308058862992e-4,9.615083635316662e-5,1.679906906843587,1.1770513669966218,1.3315459217339731,1.2932154594902014,1.1351319586868942,1.215545797192331,8.449e-5,1.128e-4,9.284e-5,8.851e-5,9.277e-5,7.91e-5
PRY,PRY.5_1,MAIZ,806.060463743334,793.2868287275065,867.3354149079124,824.2945450873791,793.4109240279895,736.5828708982443,1301486.4717224296,911988.651897415,1031652.3225106294,1001888.2960432401,879505.6460151961,941764.7375397912,6.193e-4,8.698e-4,8.407e-4,8.227e-4,9.021e-4,7.821e-4
PRY,PRY.6_1,MAIZ,575.9521834574815,542.810689012842,520.4207735963115,459.82464309579746,436.01776230818047,403.52343089663924,132557.12373055788,92878.08928969469,105068.85636410097,102044.2983927049,89570.33683544413,95915.58554951871,0.004345,0.005844,0.004953,0.004506,0.004868,0.004207
PRY,PRY.7_1,MAIZ,510.1807579695818,502.15002091867433,502.16837408305423,462.389579549575,437.67967531595224,409.3424064574244,61987.60008899123,43432.51945947291,49133.27980278244,47718.9077592402,41885.717367235025,44852.94182627456,0.00823,0.01156,0.01022,0.00969,0.01045,0.009126
PRY,PRY.8_1,MAIZ,1784.7182771177345,1781.8072395764493,1602.784986852412,1408.397753408235,1319.5000518678712,1212.66179827904,289484.7683920019,205067.05436717093,233416.9902923344,230377.51569547405,202090.27962941036,216107.1834305662,0.006165,0.008689,0.006867,0.006113,0.006529,0.005611
PRY,PRY.9_1,MAIZ,3.5364679376721506,8.393798247399898,9.468997456813378,20.732858677882955,21.29566883597314,20.132695066300563,3041.9491112488467,2131.3861769025934,2411.142496470978,2341.7342958848644,2055.479169000919,2201.0912880875258,0.001163,0.003938,0.003927,0.008854,0.01036,0.009147
PSE,PSE.1_1,MAIZ,0,0,0,0,0,0,0.07084419842352757,0.06495993601435504,0.04757824720045117,0.04890234892589058,0.04154083796814953,0.04582587196950199,0,0,0,0,0,0
PSE,PSE.2_1,MAIZ,0,0,0,0,0,0,89.45610757833309,82.02595489388597,60.077817163057915,61.74978168564931,52.454283524489234,57.86506480413877,0,0,0,0,0,0
ROU,ROU.10_1,MAIZ,0,0,0,0,0,0,3.5687302276277952,5.238453829651201,2.8407674965136276,3.090614558868049,2.110783000157383,2.624061596451978,0,0,0,0,0,0
ROU,ROU.11_1,MAIZ,0.20723764574462095,0.19088073830852365,0.17452383087242632,0.15816692343632902,0.1418100160002317,0.12545310856413436,1878.3020468774823,2757.1146943341464,1495.1590798588861,1626.659142540447,1110.9520128522606,1381.1019475755108,1.103e-4,6.923e-5,1.167e-4,9.723e-5,1.276e-4,9.084e-5
ROU,ROU.12_1,MAIZ,0,0,0,0,0,0,602.3798919908304,878.9199274226661,480.32861776284795,520.8184930038274,355.50261985828604,441.94016198054686,0,0,0,0,0,0
ROU,ROU.13_1,MAIZ,0.019745635359689123,0.017945985500166028,0.016146335640642925,0.014346685781119833,0.01254703592159674,0.010747386062073648,454.2478291831522,666.7795346293143,361.5886845454092,393.3906080485271,268.6721983845604,334.00515247786507,4.347e-5,2.691e-5,4.465e-5,3.647e-5,4.67e-5,3.218e-5
ROU,ROU.14_1,MAIZ,0.27528087056656725,0.23012309359334057,0.1849653166201138,0.1398075396468871,0.11109714549982708,0.09883413417893376,1451.227461231703,2130.2221146140064,1155.2007405881689,1256.8012805196568,858.3518672313942,1067.0770850801853,1.897e-4,1.08e-4,1.601e-4,1.112e-4,1.294e-4,9.262e-5
ROU,ROU.15_1,MAIZ,0.07024092713386598,0.0649875123706483,0.059734097607430606,0.10241152058658018,0.09470011414426671,0.08698870770195327,2197.4604322554314,3225.031261398856,1749.3027898482935,1902.966653394785,1299.6392161964664,1615.671106231782,3.196e-5,2.015e-5,3.415e-5,5.382e-5,7.287e-5,5.384e-5
ROU,ROU.16_1,MAIZ,0,0,0,0,0,0,527.6228407174367,774.4849608329569,419.99639107621726,456.9353044644598,312.07103133189435,387.95726923237874,0,0,0,0,0,0
ROU,ROU.17_1,MAIZ,0,0,0,0,0,0,304.7231563153006,447.29584007933425,242.56460496622083,263.89829526517985,180.23342115500506,224.06073898394146,0,0,0,0,0,0
ROU,ROU.18_1,MAIZ,0.47159471411253157,0.4129305371049433,0.3559362283984453,0.3006117879930378,0.2476403027304068,0.19754994961901826,3851.8763340947553,5586.406576756397,3076.684062484232,3324.864770185813,2268.2339119635258,2819.672812655491,1.224e-4,7.392e-5,1.157e-4,9.041e-5,1.092e-4,7.006e-5
ROU,ROU.19_1,MAIZ,0.45562888233603427,0.41585151336266135,0.3866558954483471,0.3712365454242509,0.37188695529768173,0.3363901333819434,3717.823727231434,5460.018384354073,2959.658960277,3220.8444895265998,2199.3845281497815,2734.4685222917087,1.226e-4,7.616e-5,1.306e-4,1.153e-4,1.691e-4,1.23e-4
ROU,ROU.1_1,MAIZ,0.2261886279239474,0.19915643933279364,0.17212425074163984,0.14533788909669976,0.12581901265046497,0.11332179445672179,1131.2133739913297,1660.4810823923049,900.4643050848283,979.6606355330497,669.0743785805172,831.7730348748308,2e-4,1.199e-4,1.912e-4,1.484e-4,1.88e-4,1.362e-4
ROU,ROU.20_1,MAIZ,0,0,0,0,0,0,726.8876608503954,1055.4690601079851,580.4053770856566,627.6391043010921,428.2247712632156,532.3344819972799,0,0,0,0,0,0
ROU,ROU.21_1,MAIZ,0.13126512004889368,0.11010139840097069,0.08914247585831231,0.06842931035820908,0.04796190190066091,0.029923819203802042,270.72967498725586,397.39762108046034,215.50523911601957,234.4590433190051,160.12742884773562,199.06557734575756,4.849e-4,2.771e-4,4.136e-4,2.919e-4,2.995e-4,1.503e-4
ROU,ROU.22_1,MAIZ,0.11752480222758516,0.10730525420779516,0.09708570618800512,0.08686615816821514,0.07664661014842512,0.0664270621286351,35.54335354457986,52.1732393927732,28.293089425717646,30.78148218810385,21.022689204600635,26.13477150035079,0.003307,0.002057,0.003431,0.002822,0.003646,0.002542
ROU,ROU.23_1,MAIZ,0.01074721324396726,0.0096753066069931,0.008603399970018941,0.007531493333044771,0.006459586696070619,0.00538768005909646,327.2950660219761,480.42860700301196,260.53221342610345,283.446164762527,193.58394087798453,240.65770138847716,3.284e-5,2.014e-5,3.302e-5,2.657e-5,3.337e-5,2.239e-5
ROU,ROU.24_1,MAIZ,0.21461035488347976,0.17490749877262488,0.13520464266177004,0.09550178655091517,0.055798930440060325,0.033962532120529076,2404.921410068115,3530.1266744826685,1914.3566864488016,2082.7254089840926,1422.4295212307472,1768.3213670201408,8.924e-5,4.955e-5,7.063e-5,4.585e-5,3.923e-5,1.921e-5
ROU,ROU.25_1,MAIZ,0.00374528068945704,0.002793386135489112,0.001841491581521187,8.895970275532561e-4,3.1023731292696737e-4,1.0341243764232244e-4,700.5269794139234,1028.2868146422381,557.6309069662459,606.6748516588452,414.33797036583655,515.0924353227132,5.346e-6,2.717e-6,3.302e-6,1.466e-6,7.488e-7,2.008e-7
ROU,ROU.26_1,MAIZ,0.00727731327110842,0.00566013254419543,0.00404295181728245,0.00242577109036947,8.085903634564911e-4,0,130.37096568561773,191.36842543716585,103.77741610773914,112.9046968813583,77.11000847105896,95.86083075138735,5.582e-5,2.958e-5,3.896e-5,2.149e-5,1.049e-5,0
ROU,ROU.27_1,MAIZ,0,0,0,0,0,0,350.66742120101844,513.9915626127171,279.7939737443753,305.20620591909415,210.24056863835747,259.80803055942033,0,0,0,0,0,0
ROU,ROU.28_1,MAIZ,0.026056178714076412,0.02166978515751631,0.01728339160095622,0.01289699804439611,0.008510604487836011,0.00412421093127592,207.21890426355483,287.1097516964625,158.82883391465646,178.88026800979844,123.95450799229431,151.42916230204952,1.257e-4,7.548e-5,1.088e-4,7.21e-5,6.866e-5,2.724e-5
ROU,ROU.29_1,MAIZ,0.3408316782603203,0.2705678144076534,0.2067448789386407,0.14936287185328226,0.11311586382011446,0.09800385483913739,2180.4521174965816,3200.6335634015118,1735.6754666227546,1888.3290776868569,1289.6635410091783,1603.2707152057449,1.563e-4,8.454e-5,1.191e-4,7.91e-5,8.771e-5,6.113e-5
ROU,ROU.2_1,MAIZ,0.026131816016759048,0.02325865066775546,0.02038548531875189,0.0175123199697483,0.014639154620744721,0.011765989271741141,2707.383574881739,3886.6859375929243,2096.988916211044,2329.7006975916297,1606.5494222363952,1972.6392599274218,9.652e-6,5.984e-6,9.721e-6,7.517e-6,9.112e-6,5.965e-6
ROU,ROU.30_1,MAIZ,0.00943207694934985,0.00562555254921676,0.00337533152953005,0.00112511050984335,0,0,574.6221037981275,843.4740561055029,457.4085714327214,497.6379066417635,339.86950283378485,422.5154883874206,1.641e-5,6.67e-6,7.379e-6,2.261e-6,0,0
ROU,ROU.31_1,MAIZ,0.11029838586193257,0.09868802945541336,0.08707767304889415,0.07546731664237492,0.0638569602358557,0.05224660382933648,1355.555014414259,1989.7868159346542,1079.0439117175304,1173.9464167007484,801.7648568817891,996.7298249850652,8.137e-5,4.96e-5,8.07e-5,6.429e-5,7.965e-5,5.242e-5
ROU,ROU.32_1,MAIZ,0.002179568991271803,0.0019501406764010835,0.0017207123615303732,0.0014912840466596517,0.0012618557317889403,0.0010324274169182237,468.2891243327302,687.3904162757152,372.76578461340455,405.5507402094541,276.9771486642073,344.3296155267144,4.654e-6,2.837e-6,4.616e-6,3.677e-6,4.556e-6,2.998e-6
ROU,ROU.33_1,MAIZ,0.010407403542056801,0.008386265149979297,0.006365126757901796,0.004343988365824282,0.0027650044280587453,0.00197693071769876,444.1296797552065,651.9273448477859,353.5344724905848,384.62802361759407,262.68765586010164,326.5653501819421,2.343e-5,1.286e-5,1.8e-5,1.129e-5,1.053e-5,6.054e-6
ROU,ROU.34_1,MAIZ,0,0,0,0,0,0,1549.0724229532018,2263.733571446098,1226.3619210858606,1339.8063980307636,916.8281538344928,1136.9301733645148,0,0,0,0,0,0
ROU,ROU.35_1,MAIZ,0.00955936975074597,0.008769517382201192,0.007979665013656406,0.007189812645111616,0.0063999602765668255,0.0056101079080220365,940.8270793119142,1381.0175895355105,748.9137077547359,814.7810798888921,556.4673366805215,691.7833655825325,1.016e-5,6.35e-6,1.065e-5,8.824e-6,1.15e-5,8.11e-6
ROU,ROU.36_1,MAIZ,0.1376363481749891,0.12154127045807964,0.10696649764720496,0.09276657040097397,0.09478679129921733,0.08131489915824437,7271.71903171106,10673.982615697796,5788.4070107466805,6297.500588141411,4300.975398821166,5346.842555814525,1.893e-5,1.139e-5,1.848e-5,1.473e-5,2.204e-5,1.521e-5
ROU,ROU.37_1,MAIZ,0.13355161054652798,0.12193842702074294,0.11032524349495788,0.09871205996917284,0.08709887644338782,0.07548569291760276,1313.7760586541324,1928.460485043585,1045.7871811743141,1137.7647384312813,777.0540202654216,966.0100601507007,1.017e-4,6.323e-5,1.055e-4,8.676e-5,1.121e-4,7.814e-5
ROU,ROU.38_1,MAIZ,0.16332667488050995,0.12199365132704124,0.08111260865036089,0.04068354685046888,0.01023450797526144,0,3294.2510713687097,4820.416574658946,2616.8477709149533,2852.3967039846984,1949.6723406845256,2421.407469650159,4.958e-5,2.531e-5,3.1e-5,1.426e-5,5.249e-6,0
ROU,ROU.39_1,MAIZ,0.7715427621728965,0.7343495346260227,0.6652681416472482,0.5961867486684739,0.6380808009778104,0.5641728103350272,2556.1038196818818,3745.4414333347513,2040.5244603697543,2227.1188584000697,1536.9601860056418,1896.90253080255,3.018e-4,1.961e-4,3.26e-4,2.677e-4,4.152e-4,2.974e-4
ROU,ROU.3_1,MAIZ,0.6513180537752357,0.593966699309912,0.5366153448445882,0.4795699858178537,0.4228306222297085,0.36609125864156333,307.56985475818163,451.4744407044323,244.83062337980314,266.3636112434412,181.917146821151,226.15389581681563,0.002118,0.001316,0.002192,0.0018,0.002324,0.001619
ROU,ROU.40_1,MAIZ,0.00811177823139394,0.00161356310414043,9.681378624842592e-4,3.2271262082808643e-4,0,0,238.7224279343437,350.41494791483626,190.02694816063,206.73992267346046,141.19622680895523,175.53087944411013,3.398e-5,4.605e-6,5.095e-6,1.561e-6,0,0
ROU,ROU.41_1,MAIZ,0.00630436552008715,0.0023974815139986994,9.1018806134354e-4,3.0339602044784664e-4,0,0,1022.0011573882339,1500.1710791647781,813.5295985198809,885.0799737540439,604.4790532094106,751.4700797136406,6.169e-6,1.598e-6,1.119e-6,3.428e-7,0,0
ROU,ROU.42_1,MAIZ,0,0,0,0,0,0,445.0359756086655,653.2576748759834,354.25589877907254,385.41289974458675,263.2236991468104,327.2317429862159,0,0,0,0,0,0
ROU,ROU.4_1,MAIZ,0.3506219650513869,0.30814875067251835,0.2664496599389145,0.22552469285057553,0.18540005783584879,0.1505649740154803,2614.714182739623,3838.0764726843454,2081.35515693976,2264.4114867224075,1546.514837257915,1922.5804796083223,1.341e-4,8.029e-5,1.28e-4,9.96e-5,1.199e-4,7.831e-5
ROU,ROU.5_1,MAIZ,6.391822690954179e-4,5.718999249801108e-4,5.046175808648037e-4,4.373352367494964e-4,3.700528926341893e-4,3.027705485188821e-4,1996.5751809701244,2891.7208052089873,1563.3687211911054,1722.4097192768234,1183.2373193307737,1460.0002044702326,3.201e-7,1.978e-7,3.228e-7,2.539e-7,3.127e-7,2.074e-7
ROU,ROU.6_1,MAIZ,0.09237996513496471,0.06905530695008416,0.04573064876520356,0.02240599058032298,0.010281040898415196,0.0093557997194802,683.2280200446455,1002.8940855265912,543.8606530200909,591.6934963112051,404.1062220889832,502.3726352694379,1.352e-4,6.886e-5,8.409e-5,3.787e-5,2.544e-5,1.862e-5
ROU,ROU.7_1,MAIZ,0.02355877896130179,0.02155934389299315,0.0195599088246845,0.01756047375637585,0.0155610386880672,0.01356160361975857,3622.9094910804515,5317.982275910337,2883.895074331036,3137.5352308536235,2142.828198578821,2663.8992180938562,6.503e-6,4.054e-6,6.782e-6,5.597e-6,7.262e-6,5.091e-6
ROU,ROU.8_1,MAIZ,0.01968722673292577,0.01797529397354092,0.01626336121415607,0.01455142845477122,0.01283949569538637,0.01112756293600152,1025.0951444787463,1504.7126688870028,815.9924627322881,887.759448227306,606.3090417310426,753.7450661055173,1.921e-5,1.195e-5,1.993e-5,1.639e-5,2.118e-5,1.476e-5
ROU,ROU.9_1,MAIZ,0.00411516928673751,0.00293940663338394,0.00176364398003036,5.878813266767883e-4,0,0,1370.5597534370925,2011.8119138220134,1090.9879288303255,1186.9409166819958,810.6396515653447,1007.7627013649575,3.003e-6,1.461e-6,1.617e-6,4.953e-7,0,0
RUS,RUS.10_1,MAIZ,0.06294263702638425,0.05134129176547831,0.04660729742954489,0.04192947994591637,0.03749297247923168,0.04535277522093288,590.010671084221,647.7556236812293,674.3183003454791,637.6558898163315,593.1900190998061,624.363523751304,1.067e-4,7.926e-5,6.912e-5,6.576e-5,6.321e-5,7.264e-5
RUS,RUS.11_1,MAIZ,0.1189965419584235,0.10316612153078739,0.09803770313048028,0.08174772421569435,0.06549400692520238,0.04929170361934311,84.91097875826267,93.23150777484787,97.04445126864248,91.78799788298866,85.37403957549323,89.86391873294947,0.001401,0.001107,0.00101,8.906e-4,7.671e-4,5.485e-4
RUS,RUS.13_1,MAIZ,0.053785172073257614,0.04802463902616598,0.04255996491787169,0.03694326165631444,0.03115979191983482,0.025401503980944706,75.15008030584845,82.50509613454206,85.88840322081627,81.21868582331834,75.55503613190561,79.52562766997019,7.157e-4,5.821e-4,4.955e-4,4.549e-4,4.124e-4,3.194e-4
RUS,RUS.15_1,MAIZ,0.16921585800692898,0.13626931989876154,0.109518734966339,0.08645143100352301,0.06576415237939454,0.048607688731413856,375.6947134147912,412.21986376553866,429.04576398728017,405.83739331356963,377.669154610113,397.40729376184237,4.504e-4,3.306e-4,2.553e-4,2.13e-4,1.741e-4,1.223e-4
RUS,RUS.17_1,MAIZ,0.18312639724683769,2.6559629388155077,3.564229402511391,3.4274933423528986,3.225648589674974,3.227749909888303,1976.602229452339,2170.0543272476575,2259.0422871065784,2136.2190807807633,1987.2534035476517,2091.6881567034943,9.265e-5,0.001224,0.001578,0.001604,0.001623,0.001543
RUS,RUS.18_1,MAIZ,0,0,0,0,0,0,3.554636145338853,3.9025320492129443,4.062564155774985,3.841684202192659,3.573790757159758,3.7616017101506163,0,0,0,0,0,0
RUS,RUS.19_1,MAIZ,0,0,0,0,0,0,9.615616799015935,10.556707127483762,10.989608653637902,10.392108120420993,9.667431780823636,10.175477634401693,0,0,0,0,0,0
RUS,RUS.1_1,MAIZ,2.100278716948636,1.9824923858428618,1.8483337555512642,2.2060425658968343,2.56195825280465,2.464971108627696,2744.2707368188603,3012.855342788371,3136.404254416236,2965.879236332254,2759.0585909186852,2904.053488082131,7.653e-4,6.58e-4,5.893e-4,7.438e-4,9.286e-4,8.488e-4
RUS,RUS.20_1,MAIZ,1.5035657658437298,1.690197742736774,1.5640109904116137,4.32772279496112,4.914210468677599,5.269500342122639,10342.980035621891,11355.258153865509,11820.906061429874,11178.208227738289,10398.714507324008,10945.190956060618,1.454e-4,1.488e-4,1.323e-4,3.872e-4,4.726e-4,4.814e-4
RUS,RUS.21_1,MAIZ,0.07304425026962681,0.07606258703118447,0.06973852604342898,0.06341446505567348,0.057090404067917995,0.0507663430801625,729.5829721426434,800.988009723646,833.8343251185094,788.4990934851293,733.5144233660997,772.0622993459493,1.001e-4,9.496e-5,8.364e-5,8.042e-5,7.783e-5,6.575e-5
RUS,RUS.22_1,MAIZ,6.843351626193932e-4,5.404424378700456e-4,4.3650638260249333e-4,3.3326158290888577e-4,2.3181288459261918e-4,1.321602876536935e-4,45.05112545755,49.4603255474527,51.48855747195399,48.68914563540255,45.29388921309381,47.674187634519626,1.519e-5,1.093e-5,8.478e-6,6.845e-6,5.118e-6,2.772e-6
RUS,RUS.23_1,MAIZ,0.00626007719524098,0.005702809882250884,0.009748577286137759,0.008955256910743711,0.00816193653534965,0.0073686161599555945,842.463273784009,924.9160228503623,962.8442852356973,910.4948347716225,847.0029949602148,891.5149573214399,7.431e-6,6.166e-6,1.012e-5,9.836e-6,9.636e-6,8.265e-6
RUS,RUS.25_1,MAIZ,0.3665319371569826,0.3266192694403637,0.29055675860466657,0.2583444046498912,0.22619174432709324,0.19445666232740966,3853.045847621404,4230.147416676309,4403.614128447507,4164.191427170705,3873.808478316001,4077.3860550275167,9.513e-5,7.721e-5,6.598e-5,6.204e-5,5.839e-5,4.769e-5
RUS,RUS.27_1,MAIZ,0.41355730011242287,0.6610135270426739,0.6863944173313266,0.6484092758934458,0.6523821595043505,0.6155721704185075,225.87071060899487,247.97690989722292,258.1457609839427,244.11048141240565,227.08784384191392,239.02183417952523,0.001831,0.002666,0.002659,0.002656,0.002873,0.002575
RUS,RUS.28_1,MAIZ,1.0427913532386917,0.9201761002095873,0.7979349767455205,0.6759111558640312,0.5540114458657063,0.43225154500073054,131.14820237010886,140.6593273237962,144.83970410680263,143.47398989667408,139.85949346659064,142.13734809906575,0.007951,0.006542,0.005509,0.004711,0.003961,0.003041
RUS,RUS.29_1,MAIZ,0,0,0,0,0,0,0.9973626281243356,1.0949755366794187,1.1398774720277904,1.0779027995163093,1.0027370442967054,1.0554331904018766,0,0,0,0,0,0
RUS,RUS.2_1,MAIZ,0.638801118650316,0.5913069626370617,0.5868338010185051,0.5307312768321087,0.478293648934431,0.4167240360470543,368.79968283689726,404.89606806534806,421.49815904542567,398.5845444862456,370.78785991067605,390.2741251071169,0.001732,0.00146,0.001392,0.001332,0.00129,0.001068
RUS,RUS.31_1,MAIZ,7.081536029704368e-5,6.540838633703835e-5,1.13925961891652e-4,1.0575362641807647e-4,9.758129094450093e-5,8.94089554709254e-5,6.812797246158283,7.479572735675288,7.786289443182027,7.362952066874053,6.849508876077371,7.209466376935031,1.039e-5,8.745e-6,1.463e-5,1.436e-5,1.425e-5,1.24e-5
RUS,RUS.34_1,MAIZ,4.593248552741561,4.567390953789012,4.318442024870535,4.141176055636572,4.173383105035075,4.253420794032594,47452.111549121044,52096.15203866849,54232.19208690185,51283.75453097582,47707.673243762045,50214.70665301605,9.68e-5,8.767e-5,7.963e-5,8.075e-5,8.748e-5,8.47e-5
RUS,RUS.35_1,MAIZ,2.151027457226637,2.3629889550677925,2.5644955289717872,2.3362903309862078,2.108085133000628,1.9527689029737338,755.957921079178,829.944302101461,863.9780354109018,817.003902562702,760.031497090663,799.972906499061,0.002845,0.002847,0.002968,0.00286,0.002774,0.002441
RUS,RUS.36_1,MAIZ,0.004623146444147587,0.0033198319008506975,0.002175811838669131,0.0013504605930069447,7.754944424177347e-4,4.928838448468188e-4,1.4487903721767466,1.5948884590688481,1.6559784328297014,1.5742999199378338,1.4589199714345154,1.5369713557600315,0.003191,0.002082,0.001314,8.578e-4,5.316e-4,3.207e-4
RUS,RUS.37_1,MAIZ,22.56651143483086,25.55597955953972,26.095107579212648,29.64878139817856,32.15019761848921,30.310626766578896,20938.958569346767,23024.865056632603,23896.12213271215,22622.796371851317,21036.95754801646,22143.338400874796,0.001078,0.00111,0.001092,0.001311,0.001528,0.001369
RUS,RUS.39_1,MAIZ,4.612127741202346,4.550985079483475,4.148805957336259,5.345533327067522,6.094065199433806,5.919582217380595,8137.284793594021,8933.689244738887,9300.035271158975,8794.396152552681,8181.133594181341,8611.071047511668,5.668e-4,5.094e-4,4.461e-4,6.078e-4,0.00074489999999999995,6.874e-4
RUS,RUS.3_1,MAIZ,0.5832367086252664,0.5302447869938965,0.6193907959135928,0.559691521724441,0.50269490427672,0.4687432747369167,678.3459713303979,736.4059052465977,762.6254932008989,737.4724965906057,702.0591871958813,726.2444013193805,8.598e-4,7.2e-4,8.122e-4,7.589e-4,7.16e-4,6.454e-4
RUS,RUS.41_1,MAIZ,0.00329782796955134,0.00309795960776035,0.00289809124596936,0.00269822288417837,0.00249835452238738,0.00229848616059639,4.53695204951147,4.980988223556434,5.185244851849138,4.903325207439006,4.5613999963069265,4.80111209432571,7.269e-4,6.22e-4,5.589e-4,5.503e-4,5.477e-4,4.787e-4
RUS,RUS.42_1,MAIZ,0.7682209172275359,0.795936510474523,0.7849241289818192,0.7181261533898503,4.340636794916207,4.097574502994546,2062.488695133124,2264.346589861484,2357.201216086831,2229.0411488905165,2073.6026794412182,2182.5752863488933,3.725e-4,3.515e-4,3.33e-4,3.222e-4,0.002093,0.001877
RUS,RUS.43_1,MAIZ,0,0,0,0,0,0,8.155855855903884,8.954077876061167,9.3212599841788,8.814466886595962,8.19980472903734,8.630723393599382,0,0,0,0,0,0
RUS,RUS.44_1,MAIZ,0.4993052018896361,0.4741964077839353,0.449637974440843,0.4027925901256055,0.3702553535724495,0.34342363040812324,1550.8858387707169,1702.6726345563184,1772.494556594996,1676.1247516211856,1559.242985608135,1641.184803406139,3.219e-4,2.785e-4,2.537e-4,2.403e-4,2.375e-4,2.093e-4
RUS,RUS.47_1,MAIZ,2.057197608389986,1.7856399079111223,1.5080700289618774,1.2380211639506062,0.9535531647463151,0.6691784453759255,1416.8111543046364,1555.4759225094053,1619.2617122086638,1531.2231143881556,1424.4458225448216,1499.303738297171,0.001452,0.001148,9.313e-4,8.085e-4,6.694e-4,4.463e-4
RUS,RUS.48_1,MAIZ,1.5353571778489354,2.6337564130430535,2.5697070482873743,2.5598440993268454,2.5891258670538377,3.299405479646416,10960.862881905596,12033.613831265284,12527.079239540375,11845.987058628352,11019.92689440667,11599.049487910985,1.401e-4,2.189e-4,2.051e-4,2.161e-4,2.349e-4,2.845e-4
RUS,RUS.50_1,MAIZ,0.44112419063534564,0.4205887119396579,0.4732356190331666,0.49284249599490487,0.47181919090714436,0.43994702802358837,285.6437000305238,313.59994341097973,326.45981462508473,308.7103278635329,287.1829276671825,302.27505336587444,0.001544,0.001341,0.00145,0.001596,0.001643,0.001455
RUS,RUS.51_1,MAIZ,0.009197892395360478,0.008183101087025732,0.0073090483604793055,0.006483303477689769,0.006727612930315452,0.006102648200340224,40.53134082270434,44.50047163522193,46.32302235162078,43.80889879768159,40.75098328452073,42.893275734788126,2.269e-4,1.839e-4,1.578e-4,1.48e-4,1.651e-4,1.423e-4
RUS,RUS.52_1,MAIZ,3.9897892604163583,4.0491392276173235,15.26109596686374,14.897764090356286,14.809550998820306,14.58918198510047,12807.564236587526,14061.05375121923,14637.658894729457,13841.815360141634,12876.579435694426,13553.273405601672,3.115e-4,2.88e-4,0.001043,0.001076,0.00115,0.001076
RUS,RUS.53_1,MAIZ,2.489820367980415,2.098907544091268,1.7225348381447776,1.335472365537313,0.9501735207170653,0.5650573187552828,1344.1564715003076,1475.7104510022605,1536.2252780866759,1452.7013372687984,1351.3996306832544,1422.418800454634,0.001852,0.001422,0.001121,9.193e-4,7.031e-4,3.973e-4
RUS,RUS.54_1,MAIZ,2.442099072028177,2.801937953928013,3.1570185901595336,3.0140710299699194,3.1737452645816404,2.9929582015448335,5355.888264418361,5880.074570024287,6121.20025671087,5788.393099278424,5384.749153822077,5667.730150448689,4.56e-4,4.765e-4,5.158e-4,5.207e-4,5.894e-4,5.281e-4
RUS,RUS.55_1,MAIZ,0,0,0,0,0,0,0.002215258350448345,0.002432067968826428,0.002531800387534392,0.0023941474347106526,0.00222719555359683,0.002344239820550628,0,0,0,0,0,0
RUS,RUS.56_1,MAIZ,2.385695766177645,2.620584157728459,2.2950853187352864,2.015864242154749,1.814304494394086,8.645341895768174,12198.687966253805,13361.945841199422,13895.24959716601,13199.76258522693,12338.196816391599,12939.850399288323,1.956e-4,1.961e-4,1.652e-4,1.527e-4,1.47e-4,6.681e-4
RUS,RUS.57_1,MAIZ,1.6274395430542572e-4,1.534442997736871e-4,3.1548895212332175e-4,2.97402410059205e-4,2.7931586799508827e-4,2.6122932593097153e-4,26.00950691398834,28.55508416780283,29.72604963709384,28.109856461487322,26.149662470906275,27.523887590049323,6.257e-6,5.374e-6,1.061e-5,1.058e-5,1.068e-5,9.491e-6
RUS,RUS.58_1,MAIZ,29.20376604683059,28.274304437448528,26.305341603285207,24.370979605967165,22.465423442221525,20.612225806947553,7571.7578306290125,8749.466014046786,8237.921097673876,8099.078455093591,7435.539267986793,7836.320680821259,0.003857,0.003232,0.003193,0.003009,0.003021,0.00263
RUS,RUS.59_1,MAIZ,1.4935623740374446,1.5734018618719707,1.5730210387309767,1.6969322097032158,1.5867012524841015,1.6955118927599588,3975.0732511345027,4364.117767964321,4543.078235395462,4296.072927595321,3996.4934421110074,4206.51839684034,3.757e-4,3.605e-4,3.462e-4,3.95e-4,3.97e-4,4.031e-4
RUS,RUS.5_1,MAIZ,0,0,0,0,0,0,3.7176165335373836,4.081463496014316,4.248833089110924,4.0178257697144275,3.7376493860396756,3.93407148818191,0,0,0,0,0,0
RUS,RUS.62_1,MAIZ,1.3131747446572188,1.1914202571739498,1.099418143603138,0.9995435909756677,0.8895212864912007,0.8144906469989883,1860.1482986120725,2042.2029301484347,2125.948055830295,2010.3611284896601,1870.1719457963145,1968.4537981104436,7.06e-4,5.834e-4,5.171e-4,4.972e-4,4.756e-4,4.138e-4
RUS,RUS.63_1,MAIZ,2.9355608974494487,3.1649453376553702,3.1432057718269526,3.0132533624813256,4.477861804311205,4.302940571393519,5039.625244306442,5532.858599992449,5759.745876708031,5446.590919817689,5066.78193039293,5333.053027687986,5.825e-4,5.72e-4,5.457e-4,5.532e-4,8.838e-4,8.068e-4
RUS,RUS.64_1,MAIZ,0.020442063560213355,0.019871428911414784,0.020121297804997388,0.01855408932750167,0.01698688085000594,0.015419672372510233,236.45118557967655,258.5802681370822,262.456330635476,250.57141750995638,256.6285305095875,261.2537488736365,8.645e-5,7.685e-5,7.667e-5,7.405e-5,6.619e-5,5.902e-5
RUS,RUS.65_1,MAIZ,4.352187468118663,4.007688021947851,3.708049507993084,3.4490219915774576,3.1026305081990166,2.7710186374648664,7773.253951835614,8534.030329233,8883.987442673475,8400.968674545406,7815.141125640441,8225.844829998074,5.599e-4,4.696e-4,4.174e-4,4.106e-4,3.97e-4,3.369e-4
RUS,RUS.66_1,MAIZ,0,0,0,1.6127540185756153e-4,1.5300486842896862e-4,1.447343350003757e-4,0.059718889234951895,0.06556363848614981,0.06825222298680156,0.06454137750420526,0.06004069211291201,0.06319596906396623,0,0,0,0.002499,0.002548,0.00229
RUS,RUS.67_1,MAIZ,16.49881649366064,19.501952616695203,22.13392059632988,23.77852699802333,27.125679933097775,26.84219579854181,19171.251959054527,21047.562151150833,21910.6647897886,20719.390895726687,19274.55870393135,20287.48125162425,8.606e-4,9.266e-4,0.00101,0.001148,0.001407,0.001323
RUS,RUS.68_1,MAIZ,1.322672907701141,1.1831006105046138,1.0463420338009084,0.9059858948196855,1.0384744857862447,0.8930126180424849,2028.4306156501207,2226.9552110303903,2318.2765196439564,2192.232772292409,2039.3610736378855,2146.5342051272037,6.521e-4,5.313e-4,4.513e-4,4.133e-4,5.092e-4,4.16e-4
RUS,RUS.69_1,MAIZ,0,0,0,0,0,0,6.116030440728581,6.71461264472963,6.989960442706309,6.609919148851901,6.14898745353863,6.472130936761394,0,0,0,0,0,0
RUS,RUS.6_1,MAIZ,0.39804976332954833,0.4911941527792008,0.5104487104785733,0.4709957159563034,0.4334997709889756,0.39391978774092135,461.4223434133692,506.58222382475594,527.3557676171532,498.6836499578991,463.90877676750165,488.2882537391114,8.627e-4,9.696e-4,9.679e-4,9.445e-4,9.345e-4,8.067e-4
RUS,RUS.70_1,MAIZ,1.4547204305914883,1.4225353273677015,1.8283348847148284,2.319009685493934,2.944939050092806,2.9444737397678655,4743.852953920894,5208.138732766133,5421.710178730302,5126.934011094292,4769.415812720651,5020.0596220153575,3.067e-4,2.731e-4,3.372e-4,4.523e-4,6.175e-4,5.865e-4
RUS,RUS.72_1,MAIZ,0,0,0,0,0,0,0.16427066398107076,0.18034800320484212,0.1877435788216905,0.1775360371348555,0.16515585747865158,0.17383517898703765,0,0,0,0,0,0
RUS,RUS.73_1,MAIZ,0,0,0,0,0,0,0.21472212106286342,0.24407783910986167,0.24572961355487816,0.2485649858714973,0.22038066025772496,0.23464020793780696,0,0,0,0,0,0
RUS,RUS.74_1,MAIZ,0.00558023208727027,0.005112796687277739,0.004645361287285219,0.004177925887292701,0.003710490487300173,0.003243055087307646,19.77111335014419,21.706132594959143,22.59624139629156,21.367692982193766,19.877652524902125,20.922269044893902,2.822e-4,2.355e-4,2.056e-4,1.955e-4,1.867e-4,1.55e-4
RUS,RUS.75_1,MAIZ,0.5043315955029927,0.4544584665449213,0.4948331473164669,0.48181507621811476,0.46991760442948854,0.4302816631102218,960.6740338284501,1054.6961918390157,1097.9463820320725,1038.251485754708,965.8507488147466,1016.608434954714,5.25e-4,4.309e-4,4.507e-4,4.641e-4,4.865e-4,4.233e-4
RUS,RUS.76_1,MAIZ,4.8769320799080945e-4,4.275729755229184e-4,3.6745274305502733e-4,3.0733251058713616e-4,0.005801939822087785,0.0054569617668522785,118.24587562101513,129.8187213629061,135.1422300974689,127.79460225299327,118.88305865588455,125.13063778342543,4.124e-6,3.294e-6,2.719e-6,2.405e-6,4.88e-5,4.361e-5
RUS,RUS.77_1,MAIZ,3.515678024483123,3.198789210530868,2.7242879932685877,2.280355827648475,1.8428788453186986,1.4131263298964731,2019.6552734011777,2217.3210169894005,2308.247253801386,2182.7487935367203,2030.5384443340934,2137.2479262898983,0.001741,0.001443,0.00118,0.001045,9.076e-4,6.612e-4
RUS,RUS.79_1,MAIZ,52.11079865810686,54.41408052667436,50.69793460835552,53.13829217835454,69.222798668134,68.81237997031252,22528.429459470724,24747.28639849634,25734.246918112145,24344.978457141442,22644.160749554947,23834.484594481874,0.002313,0.002199,0.00197,0.002183,0.003057,0.002887
RUS,RUS.7_1,MAIZ,5.879645633641204,5.966585276048149,6.29744542897578,10.964736248899708,10.170904664433557,9.552019780779949,10307.097109899274,11338.578758526717,11758.26625395106,11135.05143421903,10353.429332197053,10898.047545096439,5.704e-4,5.262e-4,5.356e-4,9.847e-4,9.824e-4,8.765e-4
RUS,RUS.82_1,MAIZ,0.05239441012852456,0.04499000485525835,0.044882597298003674,0.03944695311508243,0.03519172886280988,0.03160935608511129,59.02857631363833,63.11215130971139,64.89138788505063,64.67927148288032,63.42448260519546,64.1736825139181,8.876e-4,7.129e-4,6.917e-4,6.099e-4,5.549e-4,4.926e-4
RUS,RUS.8_1,MAIZ,2.9113993963850513,2.8081098060012692,2.9188417256738832,2.823297563684027,2.7146403248388324,2.800725030568595,21361.991363742727,23527.656743574476,24337.23817303056,23069.148190954722,21459.07267344272,22582.613957954614,1.363e-4,1.194e-4,1.199e-4,1.224e-4,1.265e-4,1.24e-4
RWA,RWA.1_1,MAIZ,0.22571300909363556,0.4018767788603436,0.3967641196968533,0.8980501915006162,0.8744315717501123,0.8394762872777645,3938.2929369350427,4237.182702492371,4025.1550574142057,4463.805076181601,5504.840832849041,5102.285595606144,5.731e-5,9.485e-5,9.857e-5,2.012e-4,1.588e-4,1.645e-4
RWA,RWA.2_1,MAIZ,1.6540897850896839,1.7004178204037188,2.6566902398745365,3.4367864894701605,5.067019290475374,5.7532127730432245,4114.923276922806,4451.730206527601,4257.322331517599,4684.075989529105,5754.962850514879,5346.642070420302,4.02e-4,3.82e-4,6.24e-4,7.337e-4,8.805e-4,0.001076
RWA,RWA.3_1,MAIZ,0.06812887841354812,0.07430859295254195,0.12090434708097848,0.14619366706831313,0.1939316325439478,0.1931987785555815,3933.2146936883823,4248.935479348934,4066.140301010484,4482.20170856282,5505.318658568626,5114.277825147365,1.732e-5,1.749e-5,2.973e-5,3.262e-5,3.523e-5,3.778e-5
RWA,RWA.4_1,MAIZ,2.1508326697307245,2.2155150051258037,2.3276203092513166,3.626628557862343,3.5279836702175857,3.7022698228660116,6362.561528098193,6844.038374158026,6503.655433636362,7209.603872643609,8884.246086301258,8236.48325043289,3.38e-4,3.237e-4,3.579e-4,5.03e-4,3.971e-4,4.495e-4
RWA,RWA.5_1,MAIZ,0.007137904017159129,0.02908213368087205,0.027209000216998076,0.13449777808589916,0.1270265978870111,0.12052650885910615,445.50650497206624,479.3186683698426,455.3270948652953,504.94879431418184,622.716609219261,577.17773197627,1.602e-5,6.067e-5,5.976e-5,2.664e-4,2.04e-4,2.088e-4
SAU,SAU.10_1,MAIZ,0,0,0,0,0,0,24.816158692404187,24.731902549819207,24.522310155329215,26.711087722836105,28.27042579490643,27.234969036000834,0,0,0,0,0,0
SAU,SAU.11_1,MAIZ,0,0,0,0,0,0,0.6994602892191502,0.6970854726090753,0.6911779686039136,0.7528701510798969,0.7968211538277388,0.7676361017398944,0,0,0,0,0,0
SAU,SAU.13_1,MAIZ,0,0,0,0,0,0,0.07174860989585033,0.07150500808863312,0.07089903344381421,0.07722723877915112,0.08173560530015365,0.07874188721591692,0,0,0,0,0,0
SAU,SAU.4_1,MAIZ,0,0,0,0,0,0,28.99003188744461,28.89160455666681,28.646760450254384,31.20367235040152,33.0252782239351,31.815666179185765,0,0,0,0,0,0
SAU,SAU.5_1,MAIZ,0,0,0,0,0,0,0.1362076514411077,0.135745197463309,0.1345948144339589,0.1466082874171223,0.15516697610186278,0.14948369791817995,0,0,0,0,0,0
SAU,SAU.6_1,MAIZ,0,0,0,0,0,0,0.14340047251471272,0.14291359737788298,0.14170246519671448,0.15435034278730073,0.16336099665668902,0.15737759727824036,0,0,0,0,0,0
SAU,SAU.7_1,MAIZ,0,0,0,0,0,0,0.21849951751690144,0.21775766513229822,0.21591226119049908,0.23518385146278628,0.24891339843322002,0.23979648372313891,0,0,0,0,0,0
SDN,SDN.11_1,MAIZ,0,0,0,7.395808209533016e-4,7.016535993659528e-4,6.637263777786041e-4,40.08866257520672,69.71452813145636,72.40006630845308,70.63240689466174,65.41440376782153,68.78723283224708,0,0,0,1.047e-5,1.073e-5,9.649e-6
SDN,SDN.12_1,MAIZ,0,0,0,0,0,0,0.011172860087186818,0.019429699541504225,0.02017816906837091,0.019685515783292154,0.018231238810062684,0.01917125887593862,0,0,0,0,0,0
SDN,SDN.13_1,MAIZ,0,0,0,0,0,0,3.409239203691907,5.928696222448567,6.157081043689546,6.006754906942856,5.563002991008081,5.849836732398662,0,0,0,0,0,0
SDN,SDN.14_1,MAIZ,0,0,0,0,0,0,35.44681789778847,45.74978651118177,51.29425698392506,42.69491025128848,42.198305609148285,43.121950745761026,0,0,0,0,0,0
SDN,SDN.15_1,MAIZ,6.015654353412356e-5,5.51316860986174e-5,5.010682866311123e-5,4.508197122760507e-5,4.005711379209891e-5,6.444654018268058e-5,3.8718493408992054,4.15516304362077,5.00153989568623,3.5295381291305103,3.757637912119047,3.7332670152475873,1.554e-5,1.327e-5,1.002e-5,1.277e-5,1.066e-5,1.726e-5
SDN,SDN.16_1,MAIZ,0,0,0,0,0,0,3.363350267144502,3.0298617910544725,3.026106397603956,2.94519423999374,3.2685897568228803,3.111681870075636,0,0,0,0,0,0
SDN,SDN.17_1,MAIZ,1.204689329394204e-4,1.0899570123090416e-4,9.752246952238796e-5,8.604923781387172e-5,7.457600610535548e-5,6.310277439683925e-5,70.74321986220639,68.98064810311467,86.02493083483989,55.62718866198626,61.76528292942846,60.3775913395454,1.703e-6,1.58e-6,1.134e-6,1.547e-6,1.207e-6,1.045e-6
SDN,SDN.18_1,MAIZ,0,0,0,0,0,0,22.023585443932785,31.31461248898952,34.38032940052619,29.88369003625521,29.00044354880164,29.904788538121547,0,0,0,0,0,0
SDN,SDN.1_1,MAIZ,0,0,0,0,0,0,0.0014317555754829357,0.00248983522852932,0.0025857484870690384,0.0025226170165066884,0.0023362574677009535,0.0024567171315543635,0,0,0,0,0,0
SDN,SDN.2_1,MAIZ,0,0,0,0,0,0,0.14030676985079565,0.2439946764361876,0.25339382229740276,0.2472071708450093,0.22894462186561051,0.2407492249850248,0,0,0,0,0,0
SDN,SDN.3_1,MAIZ,0.001342217090658257,6.893991786715261e-4,6.237421140361427e-4,5.580850494007592e-4,4.924279847653758e-4,4.267709201299923e-4,0.9108044058303574,0.9986592811751239,1.192929757369738,0.8573650106000213,0.9050000816574171,0.9021475513676979,0.001474,6.903e-4,5.229e-4,6.509e-4,5.441e-4,4.731e-4
SDN,SDN.4_1,MAIZ,9.07962821128394e-5,8.268184525958916e-5,7.45674084063389e-5,6.645297155308868e-5,9.006040022108242e-5,8.031920103340942e-5,1.2733056300575845,1.9462498063449434,2.0172179695251957,1.9878933141883535,1.8376639545450548,1.923131018065579,7.131e-5,4.248e-5,3.697e-5,3.343e-5,4.901e-5,4.176e-5
SDN,SDN.5_1,MAIZ,0,0,0,0,0,0,0.05779557948254907,0.09603664411931065,0.10092624839255769,0.09612136701110688,0.0898680298227479,0.09412348691830098,0,0,0,0,0,0
SDN,SDN.6_1,MAIZ,0,0,0,0,0,0,20.941986282667713,36.33657737798461,37.73207287927997,36.81353789776397,34.102088866198216,35.85472371099783,0,0,0,0,0,0
SDN,SDN.9_1,MAIZ,0,0,0,0,0,0,0.012569459074606043,0.021858397161788928,0.022700424808526364,0.022146190238644912,0.020510129753191157,0.021567651610185166,0,0,0,0,0,0
SEN,SEN.10_1,MAIZ,1.9720903767525018e-4,1.965641480972437e-5,1.794716134800921e-5,1.6237907886294044e-5,1.4528654424578885e-5,1.2819400962863722e-5,59.24716189321869,57.908609124925746,61.90511994804685,66.53586243530394,60.93735235902217,63.511883746295936,3.329e-6,3.394e-7,2.899e-7,2.44e-7,2.384e-7,2.018e-7
SEN,SEN.11_1,MAIZ,0.051525471698815724,0.04350489362631349,0.0405783265617565,0.03759673899963642,0.035194570881923105,0.04081886214050071,22171.14885190903,22051.821615887624,22982.33045261061,24937.31597116232,22582.925173343232,23657.401597925833,2.324e-6,1.973e-6,1.766e-6,1.508e-6,1.558e-6,1.725e-6
SEN,SEN.12_1,MAIZ,0.05995189389941078,0.046702764369459866,0.04037699472915579,0.03398453890998485,0.027609813485915798,0.021990875900795816,3863.5800918126392,3886.5554893980825,4003.012351339603,4353.821418807025,3981.8616347723396,4150.947871704033,1.552e-5,1.202e-5,1.009e-5,7.806e-6,6.934e-6,5.298e-6
SEN,SEN.13_1,MAIZ,0,0,0,0,0,0,3.842792375143731,3.806163176500993,3.9732603753976123,4.3126229623070085,3.9039080045163463,4.0901782277526335,0,0,0,0,0,0
SEN,SEN.14_1,MAIZ,0.014048529403913702,0.013145116565585984,0.022511146560102807,0.0213702067420647,0.0205933140662852,0.019189479572082016,742.3144725407158,737.5423172652943,767.908532790239,833.4934377276501,755.8680087153565,791.2605219826534,1.893e-5,1.782e-5,2.931e-5,2.564e-5,2.724e-5,2.425e-5
SEN,SEN.1_1,MAIZ,0,0,0,0,0,0,2.8607385271189494,2.8334701895286694,2.9578644705596178,3.2105004530066665,2.9062356080141467,3.0449031060329963,0,0,0,0,0,0
SEN,SEN.3_1,MAIZ,6.775666084933476e-4,3.800413266283013e-4,2.1200546188779662e-4,1.734590142718336e-4,1.3491256665587055e-4,9.636611903990756e-5,554.664180448585,549.3771645335233,573.4957798094216,622.4789807652037,563.4855392859313,590.3715665877486,1.222e-6,6.918e-7,3.697e-7,2.787e-7,2.394e-7,1.632e-7
SEN,SEN.4_1,MAIZ,0,0,0,0,0,0,16.024838513835167,15.872090996967538,16.568903462234374,17.984080271691074,16.27969695940261,17.05646290351269,0,0,0,0,0,0
SEN,SEN.5_1,MAIZ,0,0,0,0,0,0,125.66212356057433,126.60338976515557,130.24255967132285,141.37268769444728,129.29596444366356,134.8128335297639,0,0,0,0,0,0
SEN,SEN.6_1,MAIZ,0.0761152288052684,0.06498283497542502,0.05960622312482164,0.04819834210283752,0.0368101421953404,0.025421942287843266,3052.207191936672,3026.189333292704,3154.750586680956,3446.675509201997,3131.0829172802682,3272.896903227298,2.494e-5,2.147e-5,1.889e-5,1.398e-5,1.176e-5,7.767e-6
SEN,SEN.7_1,MAIZ,0.20098210763479432,0.17430045284137866,0.16144009188676633,0.14921035096573823,0.12943334925668795,0.11280667153525255,20298.52955194537,20170.18688367554,20997.22219693745,22791.296134977758,20671.764459857313,21638.0828402697,9.901e-6,8.641e-6,7.689e-6,6.547e-6,6.261e-6,5.213e-6
SEN,SEN.8_1,MAIZ,0,0,0,0,0,0,0.05611924689526483,0.05558432258982911,0.0580245712540666,0.06298054361545963,0.05701176534515716,0.059732012401607165,0,0,0,0,0,0
SEN,SEN.9_1,MAIZ,0,0,0,0,0,0,0.0011105199422925239,0.001047778090145396,0.0011917946348474488,0.001249326705115937,0.0011785931974011804,0.0012123821530048706,0,0,0,0,0,0
SLE,SLE.1_1,MAIZ,1.8063602579837599,1.5322321722698817,1.3875111302431946,1.233125383630282,1.1160525600180855,1.0611278607600816,1814.0322230176903,1542.7271123257585,1641.6706186820122,1732.450516720902,1877.2753761653662,1793.9863980385508,9.958e-4,9.932e-4,8.452e-4,7.118e-4,5.945e-4,5.915e-4
SLE,SLE.2_1,MAIZ,0.7645613208227511,0.7114379127464755,0.8415396455354498,0.8180349522459082,0.7904551960871038,0.8147400827512419,3508.4029920407256,2990.178004139156,3180.1373051998503,3362.3692715990546,3636.8157601166226,3478.243497516117,2.179e-4,2.379e-4,2.646e-4,2.433e-4,2.173e-4,2.342e-4
SLE,SLE.3_1,MAIZ,1.1357450728253913,1.0678042979565043,1.0489284402992427,1.0286428895608728,1.0094056909925515,2.131663195839622,1449.5990912760633,1230.9580079527252,1310.4214166494226,1381.0749713637706,1498.407374965942,1431.1385671526316,7.835e-4,8.675e-4,8.005e-4,7.448e-4,6.737e-4,0.001489
SLE,SLE.4_1,MAIZ,0.7812443400054474,0.8754303923270489,1.0083581634436083,1.0169030302045388,1.0269234319124345,1.0726514508616654,124.64409880862279,105.84419685132463,112.67687564152875,118.75203718653451,128.8408898879861,123.05676655465838,0.006268,0.008271,0.008949,0.008563,0.00797,0.008717
SLV,SLV.10_1,MAIZ,17.433474608851977,16.287455486965595,15.517950546222384,14.243932041081358,12.989935178112994,12.026533559802708,33426.49244305684,35823.450602855395,33354.27607235647,32967.105250563174,33609.3215866131,33501.22694087112,5.215e-4,4.547e-4,4.652e-4,4.321e-4,3.865e-4,3.59e-4
SLV,SLV.11_1,MAIZ,58.29459593123875,52.166575874753896,46.884223370933455,41.982560030879114,37.64036825051902,32.317087088615274,35630.86618164885,38185.89631471726,35553.88736477381,35141.18382538041,35825.75234145925,35710.52918832865,0.001636,0.001366,0.001319,0.001195,0.001051,9.05e-4
SLV,SLV.12_1,MAIZ,71.0001631168499,67.53042686750292,70.03607234247082,68.12294386767357,67.89831090010807,69.94846945563005,59445.410570607564,63626.12220150775,59479.76384031468,58839.22619784519,60205.22899760088,59917.403817960294,0.001194,0.001061,0.001177,0.001158,0.001128,0.001167
SLV,SLV.13_1,MAIZ,51.814388878256835,49.08526271326643,47.69803524420785,45.742887039882824,48.665638727610016,49.94579927788734,70931.53175563965,76017.91388557224,70778.28750483062,69956.7050582825,71319.49801396333,71090.11951096533,7.305e-4,6.457e-4,6.739e-4,6.539e-4,6.824e-4,7.026e-4
SLV,SLV.14_1,MAIZ,360.79495142004737,342.7797777362095,318.55433449995616,305.02304409195017,309.85397549779884,286.8879299556339,48522.01415700122,52001.44706374772,48417.184618949635,47855.166090435596,48787.40958570382,48630.499017240094,0.007436,0.006592,0.006579,0.006374,0.006351,0.005899
SLV,SLV.1_1,MAIZ,108.98515614886996,108.48937640626373,112.44158552774236,107.97539858748927,104.43860600948558,102.3039673989958,76256.66044223966,81612.86979673502,76314.25180405141,75496.55703444744,77267.46685369371,76890.30322519128,0.001429,0.001329,0.001473,0.00143,0.001352,0.001331
SLV,SLV.2_1,MAIZ,46.830554986059326,45.0240213404951,43.51807255601909,43.22130460269765,42.380695292595476,43.54364211461923,43170.97591062846,46255.74351017762,43082.56413557261,42596.20474460372,43423.04352293032,43282.54504875015,0.001085,9.734e-4,0.00101,0.001015,9.76e-4,0.001006
SLV,SLV.3_1,MAIZ,28.000527113342777,25.644510485703886,24.079961519591,22.179626880445365,21.522464992669473,20.290206765560594,39760.501368415244,42601.86219644254,39678.951496758404,39230.65281598807,39992.24969342913,39862.87042015616,7.042e-4,6.02e-4,6.069e-4,5.654e-4,5.382e-4,5.09e-4
SLV,SLV.4_1,MAIZ,12.440770977762687,11.927465014315253,11.176714518737795,10.998812763393206,10.504385557422962,10.657399898259493,31731.073526844575,34006.45601691306,31662.520029272586,31294.9868268374,31904.629427360207,31802.017430072727,3.921e-4,3.507e-4,3.53e-4,3.515e-4,3.292e-4,3.351e-4
SLV,SLV.5_1,MAIZ,36.03719578322557,34.51852852313669,33.33095004991876,32.70303496316396,33.261314324259956,33.42432208482162,66336.53989723636,71093.42280591592,66193.2229110357,65424.86312244316,66699.37344301022,66484.85423217302,5.432e-4,4.855e-4,5.035e-4,4.999e-4,4.987e-4,5.027e-4
SLV,SLV.6_1,MAIZ,29.31817670152123,26.19012328551514,23.116792283912435,20.082457351783507,17.089707739318364,14.152824536144445,20314.62135480343,21771.34905372562,20270.732567222884,20035.433315955113,20425.733964967225,20360.040509320606,0.001443,0.001203,0.00114,0.001002,8.367e-4,6.951e-4
SLV,SLV.7_1,MAIZ,16.059966408543485,14.253376570350508,12.565197850315892,12.32278308836887,10.903396335804208,9.983197438409388,42833.69648729209,45860.94103598906,42760.799131489504,42319.98849470106,43132.443603668275,42990.32012936716,3.749e-4,3.108e-4,2.938e-4,2.912e-4,2.528e-4,2.322e-4
SLV,SLV.8_1,MAIZ,25.073262492507606,23.612351352280644,20.930995061774567,17.845106824215932,18.98212775041459,17.0686566818683,23942.016707883045,25658.328561596492,23890.526314674877,23613.874281571127,24073.74160216455,23996.2746681526,0.001047,9.203e-4,8.761e-4,7.557e-4,7.885e-4,7.113e-4
SLV,SLV.9_1,MAIZ,115.15614555275741,110.461928432949,106.73351496717318,104.19191264272064,97.96013888517638,94.84788067800837,42880.68298789417,45933.63330248298,42797.77747351873,42328.521817059736,43147.17517890437,43006.71931164305,0.002686,0.002405,0.002494,0.002462,0.00227,0.002205
SMR,SMR.4_1,MAIZ,0,0,0,0,0,0,0.2108387990731256,0.18870409734726715,0.14578635795904296,0.16600793516426554,0.15333953744220252,0.15557166228590297,0,0,0,0,0,0
SMR,SMR.9_1,MAIZ,0,0,0,0,0,0,0.05780608175096011,0.051737367723356895,0.039970528021421245,0.04551471699516429,0.04204139786417615,0.04265338385423363,0,0,0,0,0,0
SOM,SOM.10_1,MAIZ,0.10488154654305828,0.2677543731846689,0.2507480402363332,0.23494385791843436,0.2455243198930237,0.2700069063421325,1418.7127226830034,926.8968167849766,1229.5499309109084,1797.0333211952159,1305.2186236547598,1474.0810437681007,7.393e-5,2.889e-4,2.039e-4,1.307e-4,1.881e-4,1.832e-4
SOM,SOM.14_1,MAIZ,0.28393385044123076,0.2587795330344785,0.25314459717444304,0.22698928584221814,0.2008339745099932,0.17538759810076698,3813.3697636466563,2491.4015789158157,3304.9204618271024,4830.268367285765,3508.3001825549236,3962.1928742892405,7.446e-5,1.039e-4,7.66e-5,4.699e-5,5.725e-5,4.427e-5
SOM,SOM.15_1,MAIZ,0.03122900579829728,0.020397022542294974,0.012024340183999898,0.004781598478594034,8.237693001473614e-4,4.074543357452999e-4,11025.115566048004,7203.075503151363,9555.100157241604,13965.146383660805,10143.106320764164,11455.389076205638,2.833e-6,2.832e-6,1.258e-6,3.424e-7,8.121e-8,3.557e-8
SOM,SOM.5_1,MAIZ,6.490826117813887e-5,6.0100241831610066e-5,5.529222248508126e-5,5.048420313855246e-5,4.567618379202365e-5,4.086816444549485e-5,1.3683737377670888,0.8940041753411647,1.1859239060648104,1.7332734011716457,1.2589038387457219,1.4217768035063458,4.743e-5,6.723e-5,4.662e-5,2.913e-5,3.628e-5,2.874e-5
SOM,SOM.7_1,MAIZ,0,0,0.00734918628424454,0.00697230493633456,0.00659542358842459,0.00621854224051461,8.281681456688567,5.496326260681058,7.156634735681645,10.437015357907823,7.674629605026139,8.618052644474371,0,0,0.001027,6.68e-4,8.594e-4,7.216e-4
SOM,SOM.8_1,MAIZ,0,0,0,0,0,0,0.15259675194963204,0.09969654460709293,0.13225051835634777,0.19328921913620056,0.14038901179366148,0.15855209452238636,0,0,0,0,0,0
SOM,SOM.9_1,MAIZ,0.0308691137504316,0.017996365057798232,0.009356235831019275,0.0038607495004916387,0.0012755289029313154,8.857536894489318e-4,277.577397180558,181.35056615796458,240.56707755648364,351.5980364287068,255.37120540611338,288.4103177345246,1.112e-4,9.924e-5,3.889e-5,1.098e-5,4.995e-6,3.071e-6
SRB,SRB.10_1,MAIZ,0,0,0,0,0,0,179.12120093093245,137.13206339634954,97.45546269958253,150.87121377723366,116.2038470661863,124.79515709391003,0,0,0,0,0,0
SRB,SRB.11_1,MAIZ,0.7167093547222555,0.6202009384106711,0.523692522099087,0.42718410578750277,0.33067568947591847,0.23416727316433433,150.254047138177,115.40624536413965,83.01171949360334,126.69352719977363,98.11784813098664,105.23837864716582,0.00477,0.005374,0.006309,0.003372,0.00337,0.002225
SRB,SRB.12_1,MAIZ,0.6210056484240002,0.5429082388445023,0.46481082926500455,0.38671341968550665,0.30861601010600886,0.23051860052651107,121.62949473102613,93.11741712111694,66.17563205987646,102.44677573514765,78.90643391739846,84.74023076734568,0.005106,0.00583,0.007024,0.003775,0.003911,0.00272
SRB,SRB.13_1,MAIZ,0,0,0,0,0,0,175.96658414853636,134.71694387757447,95.73911289525745,148.2141253896583,114.15730760447663,122.5973106364044,0,0,0,0,0,0
SRB,SRB.14_1,MAIZ,0.36453617830404345,0.4286790673856647,0.6658115597766441,0.6147810523483075,0.563750544919971,0.5127200374916344,248.15598232968355,189.98388646433477,135.0155981196996,209.01821819851176,160.98976374280198,172.8922351886624,0.001469,0.002256,0.004931,0.002941,0.003502,0.002966
SRB,SRB.15_1,MAIZ,0,0,0,0,0,0,459.757052124516,351.98197025916795,250.14256275262204,387.24675882122295,298.26473859606557,320.31637375541845,0,0,0,0,0,0
SRB,SRB.16_1,MAIZ,6.678153865547018e-4,6.097444833760321e-4,5.516735801973623e-4,4.936026770186926e-4,0.5185394363913607,0.49191193448215526,155.575395464293,119.10580591712271,84.6447660625579,131.03892015899086,100.9286414329315,108.39060823626288,4.293e-6,5.119e-6,6.518e-6,3.767e-6,0.005138,0.004538
SRB,SRB.17_1,MAIZ,0,0,0,0,0,0,2504.4956184177754,1917.4402701041506,1358.9079586674743,2107.8234961867333,1624.5072785380717,1743.0484293900622,0,0,0,0,0,0
SRB,SRB.18_1,MAIZ,0,0,0,0,0,0,2049.543112785754,1569.094415487205,1115.1062595672079,1726.300714307894,1329.6292856228974,1427.9328934907232,0,0,0,0,0,0
SRB,SRB.19_1,MAIZ,0.03257293629800807,0.03059881894661364,0.02862470159521922,0.02665058424382479,0.02467646689243036,0.02270234954103593,5371.046586248592,4127.449266802948,2927.80466363712,4524.478314214911,3483.173830724928,3742.9005581181923,6.065e-6,7.413e-6,9.777e-6,5.89e-6,7.084e-6,6.065e-6
SRB,SRB.1_1,MAIZ,1.8937604113679742,1.637238492417964,1.480252233288333,1.2186259215270216,0.9569996097657101,0.6953732980043988,167.81977948978928,128.4798925004359,91.30663581596716,141.3521888858654,108.87211502133749,116.92136740959586,0.01128,0.01274,0.01621,0.008621,0.00879,0.005947
SRB,SRB.20_1,MAIZ,0,0,0,0,0,0,7417.6804286419065,5682.683440458808,4038.993041837936,6247.242238870569,4817.110779903556,5170.190249771698,0,0,0,0,0,0
SRB,SRB.21_1,MAIZ,0.01374194998387843,0.01212524998577508,0.01050854998767174,0.00889184998956839,0.00727514999146505,0.0056584499933617,815.4751335803113,624.3135214317912,443.68006718376677,686.8629875692563,529.0347944093088,568.1479739552037,1.685e-5,1.942e-5,2.368e-5,1.295e-5,1.375e-5,9.959e-6
SRB,SRB.22_1,MAIZ,0,0,0,0,0,0,421.57729170399114,322.75221242350176,229.36988928793164,355.08849521852596,273.49583900253816,293.7162327630383,0,0,0,0,0,0
SRB,SRB.23_1,MAIZ,0.4118045184135335,0.2976033223437839,0.18340212627403424,0.1008184972279731,0.05864991015167749,0.02527879802145895,581.0066172565564,444.80851991410293,316.1114844137853,489.37352531429894,376.9246953751521,404.7919045668481,7.088e-4,6.691e-4,5.802e-4,2.06e-4,1.556e-4,6.245e-5
SRB,SRB.24_1,MAIZ,0.08524681273324752,0.07922561787684533,0.07320442302044311,0.06718322816404089,0.06116203330763868,0.055140838451236455,5857.300657895568,4484.423926729973,3171.183108824363,4926.485856408742,3798.758373109035,4073.05394931274,1.455e-5,1.767e-5,2.308e-5,1.364e-5,1.61e-5,1.354e-5
SRB,SRB.25_1,MAIZ,5.229997746993617,4.801173529795856,4.372349312598096,3.943525095400335,3.5147008782025746,3.085876661004814,851.0407526679045,651.5419383143401,463.0304503118644,716.8193974894474,552.1077848749238,592.926822009543,0.006145,0.007369,0.009443,0.005501,0.006366,0.005204
SRB,SRB.2_1,MAIZ,0,0,0,0,0,0.3013877137541921,399.6915561199171,305.9968754561696,217.46239605551926,336.6544546090616,259.29759414081815,278.46826771961815,0,0,0,0,0,0.001082
SRB,SRB.3_1,MAIZ,0,0,0,0,0,0,1741.330065382142,1333.1318887931616,947.4150818134956,1466.6972931489813,1129.6778469425442,1213.1984261623263,0,0,0,0,0,0
SRB,SRB.4_1,MAIZ,0.014625345798264109,0.01268328271130449,0.010741219624344869,0.00879915653738526,0.006857093450425641,0.0049150303634660315,1152.6546733632595,882.4522888426698,627.1312046906555,970.8644690439017,747.7780781253043,803.0636255775394,1.269e-5,1.437e-5,1.713e-5,9.063e-6,9.17e-6,6.12e-6
SRB,SRB.5_1,MAIZ,0.1462454939807092,0.13338315645164817,0.12052081892258712,0.10765848139352611,0.09479614386446508,0.6256045381292765,5858.590356595481,4485.234467044902,3187.5156653816694,4934.606476114335,3800.726738560457,4081.72622838831,2.496e-5,2.974e-5,3.781e-5,2.182e-5,2.494e-5,1.533e-4
SRB,SRB.6_1,MAIZ,0.06772679207876875,0.05887234418252336,0.05001789628627797,0.04116344839003258,0.03230900049378719,0.0234545525975418,8571.564299002292,6614.3824842887825,4682.284022227035,7221.468103803062,5556.500276260184,5974.741403032834,7.901e-6,8.901e-6,1.068e-5,5.7e-6,5.815e-6,3.926e-6
SRB,SRB.7_1,MAIZ,0.07257550334712985,0.06045032474255449,0.04832514613797912,0.03619996753340377,0.02407478892882841,0.011949610324253051,1123.1166765993912,859.8385143493542,611.0603033853905,945.9850387969419,728.615472913018,782.4842696597119,6.462e-5,7.03e-5,7.908e-5,3.827e-5,3.304e-5,1.527e-5
SRB,SRB.8_1,MAIZ,0,0,0,0,0,0,874.0847609552408,669.1840286360966,475.5681313815739,736.2290345538152,567.0574524792969,608.9817648043961,0,0,0,0,0,0
SRB,SRB.9_1,MAIZ,3.0134959215891355,2.736327926428366,2.4591599312675982,2.1819919361068307,1.9048239409460621,1.6276559457852935,650.643109476549,498.1210022790106,353.99899596911513,548.0273421144121,422.1009684801873,453.3081993488026,0.004632,0.005493,0.006947,0.003982,0.004513,0.003591
SSD,SSD.10_1,MAIZ,0.29258259009085846,0.29835417822847793,0.28593797186983366,0.2951933102257192,0.2707097998419714,0.27324403614208315,666.410311782119,645.9827491561508,807.4033463275006,519.1416693520912,578.0470014805921,564.4552533745742,4.39e-4,4.619e-4,3.541e-4,5.686e-4,4.683e-4,4.841e-4
SSD,SSD.1_1,MAIZ,0.05903325800438353,0.04773360319915752,0.03946080999241087,0.03133444148553848,0.027710306693164478,0.031032579202763182,2419.321447502954,2354.0566502632223,2966.2053156478414,2055.809150175099,2249.582712607405,2197.0584185552175,2.44e-5,2.028e-5,1.33e-5,1.524e-5,1.232e-5,1.412e-5
SSD,SSD.2_1,MAIZ,0.5458310683437084,0.6995552066898362,1.0196694166982812,1.1091813658179372,1.1601922707120462,1.2081852127583232,1224.789050969734,1187.2803436848492,1483.8830542039561,954.2064893320997,1062.4459850603253,1037.4723381539643,4.457e-4,5.892e-4,6.872e-4,0.001162,0.001092,0.001165
SSD,SSD.3_1,MAIZ,0.7263313056775027,0.5719599768495903,0.4222016237956437,0.3297012421272809,0.34788658985316484,0.2699061507336479,735.9019721230609,713.4383119173336,891.4846550881572,573.5187365200917,638.5028465499919,623.5102350464194,9.87e-4,8.017e-4,4.736e-4,5.749e-4,5.448e-4,4.329e-4
SSD,SSD.4_1,MAIZ,0.11850489735446294,0.0919857802148692,0.06962980982820895,0.050076527858835145,0.033820499651597315,0.02213411276628075,1711.1644483019763,1658.7053646203376,2073.2162644410505,1332.9844655092936,1484.2451140777239,1449.3446942133132,6.925e-5,5.546e-5,3.359e-5,3.757e-5,2.279e-5,1.527e-5
SSD,SSD.5_1,MAIZ,0.020061357203975567,0.01790268665461965,0.021655538443251483,0.01945237859943881,0.01838403990160338,0.01745806768419466,880.518727042282,853.524708068245,1066.8207534702324,685.9175843105461,763.7522038067782,745.793396105539,2.278e-5,2.098e-5,2.03e-5,2.836e-5,2.407e-5,2.341e-5
SSD,SSD.6_1,MAIZ,0.025947691845509175,0.02022413095936855,0.014943844944207862,0.011008261404002266,0.008447476295367573,0.00929273405083167,131.9706525148812,127.92483476155626,159.8932840699516,102.80416349230813,114.46988417228636,111.77824855122138,1.966e-4,1.581e-4,9.346e-5,1.071e-4,7.38e-5,8.314e-5
SSD,SSD.7_1,MAIZ,0.04407119446100438,0.03988238064656679,0.03573156735688319,0.03161082879977277,0.033111186678935964,0.028806682426198337,1053.351517763068,1021.4933240364583,1276.4140522678717,821.2049487471214,914.1651709118279,892.742852161733,4.184e-5,3.904e-5,2.799e-5,3.849e-5,3.622e-5,3.227e-5
SSD,SSD.8_1,MAIZ,0.03153640127586321,0.024986377956326515,0.021399394308568676,0.018012987512370612,0.01847523720569075,0.01583358154021886,2788.9353622889194,2703.435109114435,3379.024242415651,2172.560046423195,2419.0916828967493,2362.2093562359933,1.131e-5,9.242e-6,6.333e-6,8.291e-6,7.637e-6,6.703e-6
SSD,SSD.9_1,MAIZ,0.01299563449241922,0.012192899709939559,0.010874296259563264,0.009555692809186977,0.03383674814842856,0.031564137537476916,534.1636236050601,517.8481359378696,647.229700966414,416.1865752566302,463.3875420377569,452.5010887165148,2.433e-5,2.355e-5,1.68e-5,2.296e-5,7.302e-5,6.975e-5
STP,STP.1_1,MAIZ,0,0,0,0,0,0,9.406318321621777e-4,0.0010163965584401309,9.667494862517829e-4,9.74588497649943e-4,9.85919770050127e-4,9.842131070520008e-4,0,0,0,0,0,0
SUR,SUR.10_1,MAIZ,0.09355102259564677,0.07545121755728572,0.06007490439297419,0.0618838311598016,0.0776763778754401,0.0676870394021262,2.7166124099035653,1.9302246070367437,2.073204207557984,7.506429027365114,7.94966578898096,7.405447301503618,0.03444,0.03909,0.02898,0.008244,0.009771,0.00914
SUR,SUR.4_1,MAIZ,0.23824310488078906,0.20780672953028811,0.17758458358918638,0.14761577500475462,0.11771693018374876,0.08784894117889816,0.01204535454281082,0.01347738033625005,0.009545074784995963,0.01126276334563515,0.01287392838060726,0.011644054873761423,19.78,15.42,18.6,13.11,9.144,7.545
SUR,SUR.5_1,MAIZ,0.8538702320558689,0.7971373978840419,0.7729424538404052,1.5435481989394042,3.0018842519479625,2.8387456346327795,18.146563233528774,13.293464530525227,14.17584611288951,47.706346242732195,50.44172914806146,47.08314954382754,0.04705,0.05996,0.05453,0.03236,0.05951,0.06029
SUR,SUR.6_1,MAIZ,0.008633388716480235,0.006669187489752861,0.004773346095316403,0.003267679271866281,0.002244991563118083,0.0015199305027183614,0.007601038385326274,0.005400737800100247,0.005800792451959525,0.021002869222612075,0.02224303864337584,0.020720323957158848,1.136,1.235,0.8229,0.1556,0.1009,0.07335
SUR,SUR.7_1,MAIZ,0.02047600690098425,0.016469578293482855,0.012604464863343406,0.01146684471032945,0.012237667633981625,0.010624912432742202,0.1438274703947459,0.10219320264889838,0.10976306951177973,0.39741801030127144,0.4208845975762038,0.3920716656649123,0.1424,0.1612,0.1148,0.02885,0.02908,0.0271
SUR,SUR.8_1,MAIZ,0.1782168789999416,0.13023718856920039,0.09599616194245343,0.0984270528092168,0.08945502605358521,0.07935158148106713,2.9732086962502025,2.1125430210198806,2.2690276892435755,8.215445081743981,8.700547553237435,8.104925176733161,0.05994,0.06165,0.04231,0.01198,0.01028,0.009791
SUR,SUR.9_1,MAIZ,0.06458161029148189,0.05600495388842088,0.04786536869002045,0.03984953046702061,0.0318906156784104,0.02396992926682897,0.02195234715687857,0.01863412551011543,0.023166380201690085,0.027854407339657047,0.024266488365412342,0.025549904106344574,2.942,3.006,2.066,1.431,1.314,0.9382
SVK,SVK.1_1,MAIZ,0.006804399965136802,0.006036622931618118,0.005268845898099444,0.00450106886458076,0.003733291831062076,0.0029655147975433923,210.08769526513348,199.86306595933965,86.51246588227902,142.20056528037165,135.90081223098096,123.34896723864367,3.239e-5,3.02e-5,6.09e-5,3.165e-5,2.747e-5,2.404e-5
SVK,SVK.2_1,MAIZ,0.044646462216242966,0.039501499430982204,0.03485426420380782,0.030207028976633438,0.02555979374945906,0.02091255852228469,719.3362978149763,691.5073232028255,299.3968519642407,484.1759885077993,465.85396966008267,422.21106089498517,6.207e-5,5.712e-5,1.164e-4,6.239e-5,5.487e-5,4.953e-5
SVK,SVK.3_1,MAIZ,0.00222567990071235,0.00202436976961864,0.00182305963852493,0.00162174950743121,0.0014204393763375,0.00121912924524379,788.3552770094456,747.1753296592216,323.3931811778108,534.6721538566939,509.76015994786843,462.9199773601543,2.823e-6,2.709e-6,5.637e-6,3.033e-6,2.786e-6,2.634e-6
SVK,SVK.4_1,MAIZ,0.14413281424872892,0.13057355554782038,0.1836377944833349,0.16666194616004565,0.15248676788746227,0.14111225966558474,5278.946626802781,5058.059436383559,2189.7857888105746,3559.493306431598,3417.4974821307965,3098.7626341036835,2.73e-5,2.581e-5,8.386e-5,4.682e-5,4.462e-5,4.554e-5
SVK,SVK.5_1,MAIZ,0.006817775656508272,0.005303613140811974,0.0037894506251156855,0.002275288109419387,7.611255937230933e-4,3.791564882761035e-6,366.6357324673761,352.4516901470672,152.59842225641486,246.77778492325237,237.4393060769625,215.1951208875004,1.86e-5,1.505e-5,2.483e-5,9.22e-6,3.206e-6,1.762e-8
SVK,SVK.6_1,MAIZ,0.043283230252870314,0.03788018567235287,0.03298180273080408,0.028588081428223965,0.024194360125643844,0.020427500511212525,1799.3050713580672,1729.6953279008874,748.8934949122529,1211.0890472205374,1165.259437995543,1056.0936593348704,2.406e-5,2.19e-5,4.404e-5,2.361e-5,2.076e-5,1.934e-5
SVK,SVK.7_1,MAIZ,0.05108251643433177,0.04710035490639903,0.04311819337846628,0.03924374037034932,0.0354769958820481,0.031710251393746884,2061.0492992612158,1991.6300876747405,873.5310329775908,1384.714437469118,1344.1924052714548,1217.310127552146,2.478e-5,2.365e-5,4.936e-5,2.834e-5,2.639e-5,2.605e-5
SVK,SVK.8_1,MAIZ,5.162958546883155e-5,4.71400562976288e-5,4.265052712642606e-5,3.8160997955223315e-5,3.367146878402058e-5,5.6188704630380267e-05,0.18591870644695754,0.1787260665407657,0.07738171367212214,0.12513948447962345,0.12040399976404412,0.10912411138939052,2.777e-4,2.638e-4,5.512e-4,3.049e-4,2.797e-4,5.149e-4
SVN,SVN.10_1,MAIZ,0,0,0,0,0,0,498.7594884604926,451.16354983853284,322.3574760593092,451.39561194785495,446.63833870675217,417.6894337278193,0,0,0,0,0,0
SVN,SVN.11_1,MAIZ,0.00542947449175517,0.00180982483058505,0,0,0,0,804.8340263264265,728.6372165133387,521.1704918757389,725.4906732700168,719.1975470207104,672.3349543565597,6.746e-6,2.484e-6,0,0,0,0
SVN,SVN.12_1,MAIZ,0,0,0,0,0,0,1.0772690325589966,0.9744667161333365,0.6962588871130404,0.9749679463450658,0.964692727004617,0.9021660792278345,0,0,0,0,0,0
SVN,SVN.1_1,MAIZ,0,0,0,0,0,0,5.455740856057118,4.935106937444897,3.526146154774429,4.937645376833548,4.8856073693662125,4.568946278628507,0,0,0,0,0,0
SVN,SVN.2_1,MAIZ,0.0050944910788827055,0.004125082467201543,0.0031556738555203797,0.002450912055903793,0.002010797068351802,0.001570682080799811,246.2255673748886,220.9966336659581,167.3220796974112,201.5152515825009,190.00468798178042,188.15263890805602,2.069e-5,1.867e-5,1.886e-5,1.216e-5,1.058e-5,8.348e-6
SVN,SVN.3_1,MAIZ,0.0709852842070819,0.057158722821591845,0.04333216143610179,0.03077524700117434,0.023379910921142638,0.02003898420231615,376.1461892039693,340.3221258410162,243.22620808994296,340.08524513983843,336.65933316258474,314.80974684062596,1.887e-4,1.68e-4,1.782e-4,9.049e-5,6.945e-5,6.365e-5
SVN,SVN.4_1,MAIZ,0.041399751170364506,0.03673838129343894,0.03207701141651337,0.02741564153958781,0.02351714681355471,0.02038152723841408,133.85633761773062,121.08260964499756,86.51382509470263,121.14489013243166,119.8681401400327,112.09887561840026,3.093e-4,3.034e-4,3.708e-4,2.263e-4,1.962e-4,1.818e-4
SVN,SVN.5_1,MAIZ,0,0,0,0,0,0,58.51949191947057,52.93505651517446,37.822229254547665,52.96228438160204,52.40411311983671,49.00753571091113,0,0,0,0,0,0
SVN,SVN.6_1,MAIZ,0.1894010373962638,0.1442044833705675,0.1095197314919079,0.08534678176028504,0.061173832028662195,0.03700088229703933,29.980708646486324,27.135477295404506,19.423056651846803,27.003524374181342,26.743947050822925,25.02200275606341,0.006317,0.005314,0.005639,0.003161,0.002287,0.001479
SVN,SVN.7_1,MAIZ,0.00747903483548012,0.00512563286875999,0.00277223090203986,0.00101611605331726,3.639184899622834e-4,2.1835109397737003e-4,26.728256768097562,24.177615631358325,17.274966372718076,24.190051716861685,23.935111964042793,22.383755481942572,2.798e-4,2.12e-4,1.605e-4,4.201e-5,1.52e-5,9.755e-6
SVN,SVN.8_1,MAIZ,0.06197614530045239,0.05822001528224316,0.05446388526403393,0.05070775524582469,0.04695162522761545,0.04319549520940621,1405.0400663047294,1276.9095872705957,921.1519346262487,1269.7832827588231,1255.848226872642,1178.3839671254416,4.411e-5,4.559e-5,5.913e-5,3.993e-5,3.739e-5,3.666e-5
SVN,SVN.9_1,MAIZ,0,0,0,0,0,0,79.48192836370963,71.89707620253859,51.370639381192994,71.9340574417447,71.17594203801964,66.56266681222785,0,0,0,0,0,0
SWE,SWE.11_1,MAIZ,0,0,0,0,0,0,0.0033913812997669332,0.004042526509322184,0.0033099881485725265,0.004259574912507268,0.004205312811710997,0.004161482599792811,0,0,0,0,0,0
SWE,SWE.12_1,MAIZ,0,0,0,0,0,0,0.11158704265788608,0.1330117548482002,0.10890895363409679,0.1401533255783049,0.13836793289577873,0.13692578195646826,0,0,0,0,0,0
SWE,SWE.13_1,MAIZ,0.016923918561946583,0.016824752207768048,0.015585180092211277,0.014345607976654497,0.015846247001051642,0.014466151237292101,148.6755019219474,177.22119829096127,145.10728987582064,186.7364304139659,184.35762238321473,182.43614019637553,1.138e-4,9.494e-5,1.074e-4,7.682e-5,8.595e-5,7.929e-5
SWE,SWE.16_1,MAIZ,0,0,0,0,0,0,0.005780467897254205,0.006890317733527011,0.005641736667720104,0.007260267678951281,0.0071677801925952135,0.0070930734254911025,0,0,0,0,0,0
SWE,SWE.17_1,MAIZ,0,0,0,0,0,0,0.028856173976802683,0.034396559380348794,0.028163625801359414,0.03624335451486417,0.035781655731235325,0.03540871853875914,0,0,0,0,0,0
SWE,SWE.19_1,MAIZ,0,0,0,0,0,0,7.878555366692792e-4,9.391237997097806e-4,7.689470037892164e-4,9.895465540566146e-4,9.769408654699062e-4,9.667586205139927e-4,0,0,0,0,0,0
SWE,SWE.1_1,MAIZ,0.00143064075009689,0.00130623720661021,0.00118183366312352,0.00105743011963683,9.3302657615015e-4,8.086230326634633e-4,6.0005512776129875,7.152657122914681,5.856538046950275,7.536692404681912,7.440683584240104,7.363132459528235,2.384e-4,1.826e-4,2.018e-4,1.403e-4,1.254e-4,1.098e-4
SWE,SWE.21_1,MAIZ,0,0,0,0,0,0,0.004336495072588349,0.00516910212652531,0.004232419190846228,0.005446637811170966,0.005377253890009552,0.005321209027691422,0,0,0,0,0,0
SWE,SWE.2_1,MAIZ,0,0,0,0,0,0,0.001553210760776285,0.0018514272268453315,0.0015159337025176542,0.001950832715535014,0.0019259813433625936,0.0019059076474903214,0,0,0,0,0,0
SWE,SWE.4_1,MAIZ,0,0,0,0,0,0,0.14317193323511965,0.1706609444162626,0.13973580683747677,0.1798239481433103,0.17753319721154837,0.17568284314641774,0,0,0,0,0,0
SWE,SWE.5_1,MAIZ,0,0,0,0,0,0,0.015891415249241765,0.018942566977096183,0.015510021283259961,0.019959617553047655,0.019705354909059787,0.019499974258378593,0,0,0,0,0,0
SWZ,SWZ.1_1,MAIZ,14.212170540919978,14.060814635290738,12.817287575731047,13.417662424932269,12.752334998219029,12.575795446577889,9048.774129107129,9048.872888538597,9048.69587966269,9048.896978503957,9048.147047408398,9048.395578518635,0.001571,0.001554,0.001416,0.001483,0.001409,0.00139
SWZ,SWZ.2_1,MAIZ,43.1621365119069,63.11358156708473,104.31722181780248,102.60446456905413,223.99459084789552,215.1604442435099,12222.452028436588,12222.48851228594,12222.453870762503,12222.506055680502,12222.285309082738,12222.359043434584,0.003531,0.005164,0.008535,0.008395,0.01833,0.0176
SWZ,SWZ.3_1,MAIZ,15.0091431702333,23.31164359511944,22.516431244508716,26.839256091354763,41.60869654903007,39.56360537016721,9857.632654963443,9857.637856323536,9857.628533802237,9857.63912506904,9857.599628469921,9857.612717850649,0.001523,0.002365,0.002284,0.002723,0.004221,0.004014
SWZ,SWZ.4_1,MAIZ,4.111131265944166,3.749901333788378,3.5614308055486066,3.2480875789974744,3.5233280623753975,3.3160896143804655,2733.832785305556,2733.8542008908485,2733.815817228416,2733.859424702896,2733.6968051626486,2733.75069813378,0.001504,0.001372,0.001303,0.001188,0.001289,0.001213
SYR,SYR.10_1,MAIZ,0.8617026444569597,0.7902953298798059,0.7188880153026518,0.6474807007254981,0.576073386148344,0.5046660715711901,474.27280085466367,480.5409506600788,497.6289452950835,499.6600745636683,481.31802706782594,491.6523930712374,0.001817,0.001645,0.001445,0.001296,0.001197,0.001026
SYR,SYR.11_1,MAIZ,0.09596098776432262,0.1488603685250059,0.13946857195165682,0.1300767753783078,0.12068497880495878,0.20382362454795674,613.3126559752509,837.1816841999789,1447.4850228251994,1520.0274715018481,864.9352232281025,1234.0304979619164,1.565e-4,1.778e-4,9.635e-5,8.558e-5,1.395e-4,1.652e-4
SYR,SYR.13_1,MAIZ,0,0,0,0,0,0,38.97447791686747,53.20079203546497,91.98403539771999,96.59392569826782,54.96445969082504,78.41953679413146,0,0,0,0,0,0
SYR,SYR.14_1,MAIZ,9.218139366224792e-4,8.636268771826673e-4,8.054398177428553e-4,7.472527583030434e-4,6.890656988632314e-4,6.308786394234196e-4,190.9977539813828,258.551156754687,442.71270681356987,464.60268995449866,270.8779883109447,380.8549713774167,4.826e-6,3.34e-6,1.819e-6,1.608e-6,2.544e-6,1.656e-6
SYR,SYR.1_1,MAIZ,0.01318298364843362,0.01134537720215513,0.00950777075587664,0.00767016430959815,0.00583255786331966,0.00399495141704117,97.9963615435568,120.63917312354664,182.36715583162174,189.70432529164896,123.44625260155672,160.77769959597038,1.345e-4,9.404e-5,5.214e-5,4.043e-5,4.725e-5,2.485e-5
SYR,SYR.2_1,MAIZ,0.09364725129920037,0.07681615311454146,0.0677029754683849,0.05969138280150969,0.07507851123804432,0.06773806649564437,420.7731157081451,471.89099259792283,611.2466291353147,627.8108496983017,478.22818896021334,562.5067824041532,2.226e-4,1.628e-4,1.108e-4,9.508e-5,1.57e-4,1.204e-4
SYR,SYR.3_1,MAIZ,0.09041458435667725,0.07231028944264965,0.06009523488635406,0.05376942068779047,0.04744360648922689,0.0411177922906633,79.79975640080504,108.9279567468601,188.33616278729747,197.77485555959873,112.53904422749065,160.56302143632735,0.001133,6.638e-4,3.191e-4,2.719e-4,4.216e-4,2.561e-4
SYR,SYR.5_1,MAIZ,0,0,0,0,0,0,0.6394972563588697,0.8729240867669105,1.5092835468156791,1.5849231026707649,0.9018625276906702,1.2867158536863137,0,0,0,0,0,0
SYR,SYR.7_1,MAIZ,0,0,0,0,0,0,33.3447669537118,45.51614561609622,78.69730109897188,82.64131076811537,47.025058373753176,67.09214128784177,0,0,0,0,0,0
SYR,SYR.8_1,MAIZ,0.0031479733726469,0.00268865670654213,0.0022293400404373586,0.001770023374332587,0.0013107067082278145,0.006743062084246782,158.92038869703177,216.92889811891501,375.0695183270362,393.8665772633069,224.1203414506268,319.759594864798,1.981e-5,1.239e-5,5.944e-6,4.494e-6,5.848e-6,2.109e-5
SYR,SYR.9_1,MAIZ,0.0017786527830238,0.00156939951443277,0.00136014624584173,0.00115089297725069,9.416397086596622e-4,7.323864400686261e-4,9.026512546275363,12.321335459687612,21.303557968000884,22.371211336536188,12.729801950310646,18.162011926245277,1.97e-4,1.274e-4,6.385e-5,5.145e-5,7.397e-5,4.033e-5
TCD,TCD.10_1,MAIZ,0.021964846643903652,0.018603579988679078,0.015242313333454487,0.012749989547628609,0.01112660863120143,0.00957813830348871,146.54934833338314,131.17362185385934,130.9413424851606,127.43599901997545,141.75524073674765,134.7865568218799,1.499e-4,1.418e-4,1.164e-4,1.001e-4,7.849e-5,7.106e-5
TCD,TCD.11_1,MAIZ,0.0014285918614746667,0.0012896986036852699,0.001150805345895873,0.0010119120881064763,8.730188303170796e-4,7.341255725276829e-4,5127.771744794027,4589.774021201123,4581.646550166572,4458.994342012875,4960.025591330375,4716.190863414907,2.786e-7,2.81e-7,2.512e-7,2.269e-7,1.76e-7,1.557e-7
TCD,TCD.12_1,MAIZ,0.24209059908209085,0.2281189887913506,0.21977537267322786,0.28561363799847495,0.2915084823633469,0.49385774150599265,16476.13781631637,14755.949664503758,14732.699370297718,14341.309557037821,15941.01840283748,15161.881390846118,1.469e-5,1.546e-5,1.492e-5,1.992e-5,1.829e-5,3.257e-5
TCD,TCD.13_1,MAIZ,0.38014058791707034,0.381305245387129,0.37568830415305515,0.39844094158586746,0.5002112850906404,0.49052664113042455,25030.873553209956,22408.83526422155,22370.163488724564,21773.164308159205,24212.723943337372,23024.907055472686,1.519e-5,1.702e-5,1.679e-5,1.83e-5,2.066e-5,2.13e-5
TCD,TCD.14_1,MAIZ,0.022624414044711997,0.020112259832961332,0.017607974830184715,0.015103689827408085,0.012599404824631464,0.010629015066379815,3776.235155104241,3503.345285733968,3552.4802934303198,3488.8022554164772,3748.925472278442,3622.119004283909,5.991e-6,5.741e-6,4.957e-6,4.329e-6,3.361e-6,2.934e-6
TCD,TCD.15_1,MAIZ,0.02043405784261564,0.01871850656427076,0.01700295528592589,0.015287404007581004,0.01357185272923613,0.011856301450891253,11166.880861901147,10287.4217047565,10400.319577689348,10196.350591468414,11029.558876314279,10623.559321069997,1.83e-6,1.82e-6,1.635e-6,1.499e-6,1.23e-6,1.116e-6
TCD,TCD.16_1,MAIZ,0.14011433254742198,0.128612192365549,0.11893382275814454,0.10504057242071937,0.09122686096824237,0.08442225017193121,18236.348920448392,16331.160355118702,16304.215811953405,15871.380149725552,17641.132012226368,16778.74559799365,7.683e-6,7.875e-6,7.295e-6,6.618e-6,5.171e-6,5.031e-6
TCD,TCD.17_1,MAIZ,0,0,0,0,0,0,0.23781196985715455,0.21533621455928334,0.21516040404176665,0.2094129628130807,0.23198110748114878,0.22105893633942517,0,0,0,0,0,0
TCD,TCD.18_1,MAIZ,0.0476615602920545,0.04302904238741264,0.03845957603598553,0.033972481417863756,0.06690389950154103,0.07973886449527773,1738.7805042754821,1556.4987985928062,1553.7785771847334,1512.2496483096372,1681.9239942605145,1599.3290933908274,2.741e-5,2.764e-5,2.475e-5,2.246e-5,3.978e-5,4.986e-5
TCD,TCD.19_1,MAIZ,0,0,0,0,0,0,311.37295025473856,278.7218309590092,278.2307945080301,270.78546696271434,301.19671099463153,286.39597353101726,0,0,0,0,0,0
TCD,TCD.20_1,MAIZ,0.10779702027619725,0.1198606439735805,0.11516821555126408,0.1393155815711883,0.1306534149537022,0.1219912483362161,13965.620327118148,12500.369469924592,12478.234090204649,12144.187596599268,13508.759295231097,12844.669042756264,7.719e-6,9.589e-6,9.23e-6,1.147e-5,9.672e-6,9.497e-6
TCD,TCD.2_1,MAIZ,0,0,0,0,0,0,0.01399153556157344,0.012523565718856107,0.012501389263728001,0.012166722898394907,0.013533826757766668,0.012868504189491372,0,0,0,0,0,0
TCD,TCD.4_1,MAIZ,0.04357120202499833,0.03809044209013346,0.032973531947545966,0.028220471597235824,0.023467411246925703,0.019951909244669934,5930.63072024493,5315.796213531379,5309.703216923553,5169.445946099839,5742.393442802129,5463.54673915143,7.347e-6,7.166e-6,6.21e-6,5.459e-6,4.087e-6,3.652e-6
TCD,TCD.7_1,MAIZ,0.07964309709277971,0.0720731436371748,0.06325996936843174,0.05564684770548571,0.049267449885094794,0.045612027351383144,95.86235229207473,85.80462549022218,85.65268454387468,83.35973357557788,92.72638180444552,88.16795530814021,8.308e-4,8.4e-4,7.386e-4,6.676e-4,5.313e-4,5.173e-4
TCD,TCD.8_1,MAIZ,0,0,0,0,0,0,118.96460484018102,106.89514105855005,106.89080591210381,104.13432520203702,115.39448100904627,109.9138360205077,0,0,0,0,0,0
TGO,TGO.1_1,MAIZ,0.2687446770366188,0.23040428605919283,0.19490199362506794,0.1600250307964622,0.12857549239377747,0.09999097555734758,9993.084724765326,10481.947345590057,10787.322051162946,11463.63687471001,11466.298028468136,11324.963844909265,2.689e-5,2.198e-5,1.807e-5,1.396e-5,1.121e-5,8.829e-6
TGO,TGO.2_1,MAIZ,0.009449406620700328,0.007731170048146801,0.006151811517071278,0.004711331027473753,0.0032708505378762345,0.002079789575118942,2363.185797281361,2473.8617894527574,2538.7125711414415,2726.967922991916,2753.878655732919,2708.1038762609483,3.999e-6,3.125e-6,2.423e-6,1.728e-6,1.188e-6,7.68e-7
TGO,TGO.3_1,MAIZ,1.8557350461359439,1.6863689282670948,1.522812339020786,1.3740575272143425,1.2786116693413563,1.7912356951302242,69727.2907555981,73087.60006211115,75191.69025864624,80164.25346428309,80039.66852280476,79115.38339837501,2.661e-5,2.307e-5,2.025e-5,1.714e-5,1.597e-5,2.264e-5
TGO,TGO.4_1,MAIZ,0.6812867462172942,0.5801735855323653,0.4828489421801781,0.3917268593476551,0.3051112511473569,0.4151123567020093,92108.53546911154,96682.22552518397,99594.60779532926,105442.07878407801,105134.96254669614,103988.50278906882,7.397e-6,6.001e-6,4.848e-6,3.715e-6,2.902e-6,3.992e-6
TGO,TGO.5_1,MAIZ,1.8058627441808742e-4,0,0,0,0,0,703.2734003412887,734.3647485751175,752.0541000010328,817.7901818668623,825.9832356591055,812.1482189856475,2.568e-7,0,0,0,0,0
THA,THA.10_1,MAIZ,60.46726008880924,64.51349841871759,63.21309438387214,66.19376290363128,67.56113361092072,68.24617386618911,94081.116880386,91397.14490189038,88620.2645773428,86988.54336050003,85936.273673505435,87138.61298915771,6.427e-4,7.059e-4,7.133e-4,7.609e-4,7.862e-4,7.832e-4
THA,THA.11_1,MAIZ,26.16429021028634,23.972848230717972,21.852531568010896,23.11487868643039,24.775717224389094,25.980761254580376,165820.99629476835,161094.27565713788,156203.90565600296,153330.25817969008,151477.07747111586,153594.53453597182,1.578e-4,1.488e-4,1.399e-4,1.508e-4,1.636e-4,1.692e-4
THA,THA.12_1,MAIZ,0.20642764328213878,0.17723356760825515,0.21482291797396103,0.3670549410331112,0.3249567564781432,0.2828590449291721,10935.05754093221,10623.099207010953,10300.34212995906,10110.687012423827,9988.381604734408,10128.129621639531,1.888e-5,1.668e-5,2.086e-5,3.63e-5,3.253e-5,2.793e-5
THA,THA.13_1,MAIZ,0.76685655070448,0.6748156708832445,0.5827759344034317,0.4907361979236188,0.398696461443806,0.30665672496399315,0.06137838542927293,0.06711555483410357,0.06790087944336581,0.0648972451468157,0.06057003577259568,0.06281331380723393,12.49,10.05,8.583,7.562,6.582,4.882
THA,THA.14_1,MAIZ,4.0630752740967235,3.535964677934994,3.008854081773264,2.4817434856115343,1.9546328894498046,1.427522293288075,7.894291638747898,7.669081112155427,7.436074702707648,7.2991579281045125,7.21086259415843,7.311750184119083,0.5147,0.4611,0.4046,0.34,0.2711,0.1952
THA,THA.15_1,MAIZ,6.815223889055073,5.864583832730478,4.914789583401523,3.96708833225262,3.0398327535704803,2.1326024988259595,40052.57256244961,38909.94173869111,37727.75763035187,37033.09504366811,36585.11878035867,37096.983264527975,1.702e-4,1.507e-4,1.303e-4,1.071e-4,8.309e-5,5.749e-5
THA,THA.16_1,MAIZ,3.1805403717495815,2.9871008172920552,3.3366877474895498,3.464470816761231,3.451330308681106,3.287408128760922,20288.250521666057,19717.760775712806,19121.814806021077,18767.79098622907,18536.837913843323,18797.73485956126,1.568e-4,1.515e-4,1.745e-4,1.846e-4,1.862e-4,1.749e-4
THA,THA.17_1,MAIZ,0.2456962468699258,0.21547445691073472,0.18525510256811498,0.15503755653757395,0.124821588792997,0.15309724551156753,4274.854651974193,4152.900420824192,4026.724624571797,3952.5825308122166,3904.769536773034,3959.4013901432454,5.747e-5,5.189e-5,4.601e-5,3.922e-5,3.197e-5,3.867e-5
THA,THA.18_1,MAIZ,0.2825415187315275,0.27300737014479587,0.27648248194783676,0.2795737036405327,0.3273610481989851,0.3256591581442783,2991.6304913044232,2906.284432513058,2817.9840363442763,2766.09788665311,2732.637378052632,2770.869863515809,9.444e-5,9.394e-5,9.811e-5,1.011e-4,1.198e-4,1.175e-4
THA,THA.19_1,MAIZ,2.2522291000341492,1.9814930138717133,1.8010063783887573,1.59154262959419,1.4035576397500698,1.1222987067878456,11694.675243529971,11361.046326529253,11015.868517949462,10813.038766066971,10682.237257423663,10831.693048352536,1.926e-4,1.744e-4,1.635e-4,1.472e-4,1.314e-4,1.036e-4
THA,THA.1_1,MAIZ,5.957941177738644,5.186536949225992,4.41513272071334,3.6437284922006885,2.8724109110141534,2.1011799771537345,159.2779391983195,157.5586666588316,155.7798798172505,154.73464780997233,154.0605952009968,154.83077795230457,0.03741,0.03292,0.02834,0.02355,0.01864,0.01357
THA,THA.20_1,MAIZ,1.6166866220708012,1.3913134400445397,1.1720450829382751,0.9928038438239782,0.8624936838666408,0.9879003204383627,19846.374050946728,19280.191224735132,18694.409425710775,18350.198488622318,18128.222622434892,18381.855619426027,8.146e-5,7.216e-5,6.269e-5,5.41e-5,4.758e-5,5.374e-5
THA,THA.21_1,MAIZ,5.371180545387646,5.171886768115884,4.801493544942074,5.829663031548983,6.528760428428825,6.893401558184597,176937.68148445472,171925.37131194174,166739.55511584,163692.32036835945,161727.20973512417,163972.5749988676,3.036e-5,3.008e-5,2.88e-5,3.561e-5,4.037e-5,4.204e-5
THA,THA.22_1,MAIZ,0.7121814518688928,1.0409553688381143,0.965456862961923,1.0135052385658747,1.907111908278417,2.9095174793157956,83013.76501196026,80645.52545503752,78195.30696738529,76755.53536111322,75827.05077512759,76887.9513687298,8.579e-6,1.291e-5,1.235e-5,1.32e-5,2.515e-5,3.784e-5
THA,THA.23_1,MAIZ,18.970799117554538,20.552423517901445,22.54078263360781,22.99292100570722,23.263091849744573,23.993374159439174,26194.905333687857,25478.576809136033,24716.152528732917,24253.81509078837,23945.77683031681,24286.57596852819,7.242e-4,8.067e-4,9.12e-4,9.48e-4,9.715e-4,9.879e-4
THA,THA.24_1,MAIZ,0.07107751379647803,0.060334155766715414,0.04959079773695279,0.03884743970719017,0.02810408167742756,0.01736072364766493,0.15828521234091936,0.15376960819879099,0.14909769199858244,0.14635242975938192,0.14458205613728645,0.1466049119336323,0.449,0.3924,0.3326,0.2654,0.1944,0.1184
THA,THA.25_1,MAIZ,27.80638741501283,24.272271337361115,20.7381552597094,17.204039182057684,13.669923104405974,10.135807026754259,31.13436077568831,31.03621123085785,30.934664143446334,30.874994112430112,30.836513909179477,30.88048197400976,0.8931,0.7821,0.6704,0.5572,0.4433,0.3282
THA,THA.26_1,MAIZ,0.14274554451372526,0.12139140025493261,0.10003725599614,0.08101495389637622,0.0643244939556413,0.0476340340149064,573.8144551198359,557.4445182695669,540.5079200293334,530.5558143799752,524.1378681909578,531.4711110087778,2.488e-4,2.178e-4,1.851e-4,1.527e-4,1.227e-4,8.963e-5
THA,THA.28_1,MAIZ,2.3535156597095246,2.05243646534132,1.7532178407261234,1.452043232524431,1.1529500444320775,0.8522769305258419,137.76997767338716,137.67404753205204,137.57479667496062,137.51647593064396,137.47886585977898,137.52183969812623,0.01708,0.01491,0.01274,0.01056,0.008386,0.006197
THA,THA.29_1,MAIZ,2.371038614053586,2.141360321431953,2.0465213801421425,3.0169831210213744,5.22405263302112,4.938482018910798,141131.45248617354,137105.21553070523,132939.60644140522,130491.85505930308,128913.3412042539,130716.97511601484,1.68e-5,1.562e-5,1.539e-5,2.312e-5,4.052e-5,3.778e-5
THA,THA.30_1,MAIZ,8.85277428722506,7.380149995491011,5.9284277684304,4.50500320625097,4.960519788817925,3.5584814716939523,5178.264678416168,5030.537717160115,4877.697042517978,4787.886413489515,4729.96904357658,4796.146310327094,0.00171,0.001467,0.001215,9.409e-4,0.001049,7.419e-4
THA,THA.31_1,MAIZ,0.029514270642439992,0.03026903189799238,0.02707217539110455,0.023922710628277374,0.020537730337680384,0.01715275004708338,33.918605167540214,32.950965855411205,31.949830761190267,31.361554291166993,30.982184652027552,31.415658165139725,8.701e-4,9.186e-4,8.473e-4,7.628e-4,6.629e-4,5.46e-4
THA,THA.32_1,MAIZ,96.57641505111971,97.27381578422118,93.69745030860655,97.61284336490927,104.22815366826235,106.11166604080198,283777.20874508447,275724.86999893066,267393.79166397476,262498.3710732212,259341.39635540446,262948.6036291403,3.403e-4,3.528e-4,3.504e-4,3.719e-4,4.019e-4,4.035e-4
THA,THA.33_1,MAIZ,0.4744639061429956,0.4750364398727927,0.44661511112291263,0.45242592869030457,0.45384345869460196,0.4695343905264034,7443.327549272611,7231.468226918748,7012.275186714898,6883.475278801238,6800.414376187769,6895.321025385636,6.374e-5,6.569e-5,6.369e-5,6.573e-5,6.674e-5,6.809e-5
THA,THA.34_1,MAIZ,0.07984991329026113,0.06768624365066767,0.056428671538666146,0.04607719695425657,0.035749305693998056,0.0254483245665506,5150.3496977507475,5003.419102753146,4851.402361367126,4762.075883329116,4704.470734278132,4770.2912527284825,1.55e-5,1.353e-5,1.163e-5,9.676e-6,7.599e-6,5.335e-6
THA,THA.35_1,MAIZ,0.7129512148457443,0.6156447268060323,0.5185524510973937,0.42167752585365,0.32490382517528343,0.22823650898860046,92.88973702099143,92.88346362090779,92.87697306093868,92.87315914638395,92.8706996167885,92.87350991266976,0.007675,0.006628,0.005583,0.00454,0.003498,0.002457
THA,THA.39_1,MAIZ,14.359648074378274,13.806703953418504,16.619923325654387,16.907179316722996,16.414912088364744,16.1673705179534,126389.89974548238,122784.2138676087,119053.7136431667,116861.63635397374,115448.00243770645,117063.24202653836,1.136e-4,1.124e-4,1.396e-4,1.447e-4,1.422e-4,1.381e-4
THA,THA.41_1,MAIZ,3.9307138037783194,3.570973004440793,3.3197736990915865,3.2271009660871797,4.206213142574487,4.736248188473403,50603.64232382934,49162.226127278096,47670.91389796105,46794.60469750508,46229.48757640315,46875.19898430485,7.768e-5,7.264e-5,6.964e-5,6.896e-5,9.099e-5,1.01e-4
THA,THA.42_1,MAIZ,0.7906592514712285,0.5970594873923412,0.40509080763569594,0.3117710578958063,0.21458749557535142,0.1911160686964581,32321.12920196996,31399.06312425999,30445.078826582925,29884.508611499405,29523.006271961436,29936.064337106698,2.446e-5,1.902e-5,1.331e-5,1.043e-5,7.268e-6,6.384e-6
THA,THA.43_1,MAIZ,0.1289315202871429,0.11237003263364183,0.09580854498014073,0.07924705732663963,0.06268556967313857,0.046133129548607474,188.47516976523676,183.1051988231382,177.54459477082335,174.27393792006933,172.16254345005828,174.57256573153376,6.841e-4,6.137e-4,5.396e-4,4.547e-4,3.641e-4,2.643e-4
THA,THA.44_1,MAIZ,0.971808752306362,0.8259674371515555,0.6825987600221491,0.5411849067271473,0.4015869529582681,0.2640836481684796,6388.396003639158,6206.146082569736,6017.587402062893,5906.788534256614,5835.336200806896,5916.978722519414,1.521e-4,1.331e-4,1.134e-4,9.162e-5,6.882e-5,4.463e-5
THA,THA.45_1,MAIZ,15.909102171035983,13.66561964496292,11.417250441637087,9.345003131782985,7.320380587006821,5.397857772730025,120572.47711452548,117132.75369998757,113573.96089202416,111482.78050817987,110134.21331567752,111675.10667743374,1.319e-4,1.167e-4,1.005e-4,8.382e-5,6.647e-5,4.834e-5
THA,THA.47_1,MAIZ,5.141956911162339,4.6793956805215045,4.334053654823185,3.969034066697189,3.9803245644041647,3.7296680243857163,112051.68084467768,108855.0396255038,105547.74354107032,103604.3450156332,102351.07986758125,103783.07966550776,4.589e-5,4.299e-5,4.106e-5,3.831e-5,3.889e-5,3.594e-5
THA,THA.48_1,MAIZ,1.3287835159531916e-5,1.2024905116399055e-5,1.076197507326619e-5,9.499045030133324e-6,8.23611498700046e-6,6.973184943867596e-6,56.6035391149759,54.988737757940775,53.31803847106855,52.336319735380414,51.703225771109324,52.4266085527289,2.348e-7,2.187e-7,2.018e-7,1.815e-7,1.593e-7,1.33e-7
THA,THA.49_1,MAIZ,0.12231837813458933,0.10680459126290734,0.09165714313100005,0.08287271306200598,0.07209598304821875,0.05869460705705724,5383.93807223165,5230.343603737849,5071.432312350738,4978.054531386227,4917.836764956189,4986.642499715059,2.272e-5,2.042e-5,1.807e-5,1.665e-5,1.466e-5,1.177e-5
THA,THA.4_1,MAIZ,2.334096967719697,2.0137613977229436,1.7055067013584218,1.3891989974900936,1.0776339787769849,0.7643813848657163,280.6995808835199,280.6966533344128,280.6936244453274,280.6918446413933,280.69069687565616,280.6920083302244,0.008315,0.007174,0.006076,0.004949,0.003839,0.002723
THA,THA.50_1,MAIZ,0.07754079416332024,0.06744031684501878,0.05695730540051638,0.04655175942296011,0.03611119339601377,0.02575334277303152,22.63465182671361,22.09585172865724,21.46485486832968,21.044595309199224,20.73944590697012,21.049544543640593,0.003426,0.003052,0.002654,0.002212,0.001741,0.001223
THA,THA.51_1,MAIZ,0.0018953176762899985,0.0016111049342334048,0.001337192643825818,0.0010632803534182313,8.021927362164134e-4,5.658379431239502e-4,1.4153230038888192,1.5530786638648504,1.5730818417486183,1.5024065871527001,1.3999697743922888,1.4527616783938846,0.001339,0.001037,8.5e-4,7.077e-4,5.73e-4,3.895e-4
THA,THA.52_1,MAIZ,0.8887974433280589,0.7651375911140865,0.6419763019130691,0.5189303592223351,0.39631770775567315,0.27583667754658636,11.353520657755865,11.029624292759495,10.69451593799969,10.497603092619107,10.37061729784306,10.515713196138394,0.07828,0.06937,0.06003,0.04943,0.03822,0.02623
THA,THA.53_1,MAIZ,26.381520895265503,26.38377479770386,24.981868471297513,23.733899398674556,21.613221352199965,19.330138765422568,332514.8199110223,323028.7455272998,313214.30139207764,307447.2409978938,303728.1603748828,307977.6383954775,7.934e-5,8.168e-5,7.976e-5,7.72e-5,7.116e-5,6.276e-5
THA,THA.54_1,MAIZ,0.6750117028244846,0.5946845420520002,0.5143573812795158,0.43403022050703144,0.353703059734547,0.27337589896206266,10.672043174500761,10.36758818688035,10.052594191807158,9.867500734820329,9.748137065589457,9.884523807440583,0.06325,0.05736,0.05117,0.04399,0.03628,0.02766
THA,THA.55_1,MAIZ,0.405100327635287,0.3605911615473843,0.3153440188847272,0.44799244103181035,0.6461807734301153,0.6930461656828564,37030.21759179792,35870.05001251731,35067.39539460219,34641.524188946605,34154.59829159074,34611.13233694524,1.094e-5,1.005e-5,8.993e-6,1.293e-5,1.892e-5,2.002e-5
THA,THA.56_1,MAIZ,2.3437491296473025,2.039907824444616,1.7360858564977018,1.4322638885507872,1.128441920603873,0.8246199526569586,8.089438147571466,7.858660427616248,7.619894110957279,7.479592760285021,7.389114769939418,7.492496296261354,0.2897,0.2596,0.2278,0.1915,0.1527,0.1101
THA,THA.5_1,MAIZ,0.3353257917532478,0.29377311280223584,0.2522204338512239,0.21066775490021195,0.16911507594920006,0.1275623969981881,5300.645862785661,5146.926256578594,4997.472185301838,4910.755082323778,4849.715043027096,4917.053604918078,6.326e-5,5.708e-5,5.047e-5,4.29e-5,3.487e-5,2.594e-5
THA,THA.60_1,MAIZ,2.02445226998998,1.8902438123386394,1.7706964124117546,2.132190320166711,3.69821499807042,4.687510404915922,48653.91691569596,47265.904570726634,45829.8448195955,44986.00249899907,44441.822724746686,45063.610802055286,4.161e-5,3.999e-5,3.864e-5,4.74e-5,8.321e-5,1.04e-4
THA,THA.61_1,MAIZ,7.869715397496384,8.582951696507019,11.762387669872927,11.365257112529523,10.979916705928204,11.390005053154827,175438.50372624098,170433.5479877675,165255.34080663937,162212.57718847485,160250.34991162317,162492.4206085584,4.486e-5,5.036e-5,7.118e-5,7.006e-5,6.852e-5,7.01e-5
THA,THA.62_1,MAIZ,0.06544780461225264,0.0573757824918578,0.04939017650642003,0.041404570520982266,0.03347726953580044,0.02569141161442546,3200.0567069445174,3108.1331279386054,3015.447765595362,2961.2635626996303,2925.029088229066,2965.8235537291703,2.045e-5,1.846e-5,1.638e-5,1.398e-5,1.145e-5,8.662e-6
THA,THA.64_1,MAIZ,0.008838856658301529,0.007737584694298693,0.006731339488114112,0.005628648850031372,0.004525781117291851,0.003419281676231406,199.40858702090935,194.17211084556274,188.75436892098452,185.57085241728217,183.5178559628154,185.86364090107045,4.433e-5,3.985e-5,3.566e-5,3.033e-5,2.466e-5,1.84e-5
THA,THA.65_1,MAIZ,14.547611815765567,12.632843552508167,10.756845269208052,8.826233619455918,6.916408772892625,4.981504648140738,38137.79530210873,37049.78977151675,35924.12186434424,35262.66873312099,34836.10869122455,35323.502675449425,3.814e-4,3.41e-4,2.994e-4,2.503e-4,1.985e-4,1.41e-4
THA,THA.66_1,MAIZ,0.09080328953113273,0.07827224414247014,0.06710119739425882,0.090397018096542,0.0802486042126488,0.07044150270994592,11905.733657044771,11566.083607480852,11214.676238939603,11008.185938580607,10875.023803556089,11027.176882051068,7.627e-6,6.767e-6,5.983e-6,8.212e-6,7.379e-6,6.388e-6
THA,THA.67_1,MAIZ,0.03214851144692285,0.027791219607076777,0.023433927767230727,0.01907663592738467,0.014719344087538612,0.010362052247692563,232.94739695892926,226.30180944605314,219.42617841550052,215.38599245539945,212.7805442217158,215.75756895582117,1.38e-4,1.228e-4,1.068e-4,8.857e-5,6.918e-5,4.803e-5
THA,THA.68_1,MAIZ,0.20915277667963061,0.18137108398973542,0.1535893912998402,0.12580769860994503,0.0980260059200498,0.07024431323015459,15.879415671983633,14.846210343217317,16.00091679428276,16.935401189363215,16.35097588109461,16.460500543812874,0.01317,0.01222,0.009599,0.007429,0.005995,0.004267
THA,THA.69_1,MAIZ,80.31395483055164,78.60251336620448,93.12965882311538,97.47463279375816,108.21829995099885,114.06610019253975,241084.89399172552,234390.24135102294,227337.9202161894,223109.18901644563,220323.7111634288,223440.40056258783,3.331e-4,3.353e-4,4.097e-4,4.369e-4,4.912e-4,5.105e-4
THA,THA.6_1,MAIZ,0.411768545801538,0.36103785242227715,0.3103496940001871,0.25970407053526773,0.20983228943429946,0.16073435069728223,133.8372485419778,130.01910264603939,126.06878789201257,123.74754550185529,122.25061517609485,123.9610305078632,0.003077,0.002777,0.002462,0.002099,0.001716,0.001297
THA,THA.70_1,MAIZ,0.005888065060676487,0.005116925456366913,0.004345785852057334,0.0035746462477477554,0.0028035066434381768,0.002032367039128598,239.58295628541634,232.74806770810793,225.6765827714552,221.52131119984577,218.8416461835219,221.90347214098276,2.458e-5,2.198e-5,1.926e-5,1.614e-5,1.281e-5,9.159e-6
THA,THA.71_1,MAIZ,2.028118747765844,1.7431248729588469,1.4584345994185808,1.1747255262865002,0.8916940522958735,0.6086625783052468,1.0064378813172872,0.9592695321297836,0.9812053896333089,1.0022376563674484,0.9780397093073256,0.9879303087887225,2.015,1.817,1.486,1.172,0.9117,0.6161
THA,THA.72_1,MAIZ,4.103552738760738,3.5870214989494844,3.070633850844708,2.5546815614757548,2.039579667146748,1.5241425000638011,6000.896751357664,5846.92614461809,5693.4058282760625,5603.861187723303,5543.029758645114,5611.085585627979,6.838e-4,6.135e-4,5.393e-4,4.559e-4,3.68e-4,2.716e-4
THA,THA.73_1,MAIZ,3.0274720713929857,2.6828940060602626,2.338315940727539,1.9937378753948156,1.649189269832532,1.304670124040687,86.65807618664657,84.18587071659624,81.62808743395263,80.12510973465517,79.15586459827476,80.26333881599749,0.03494,0.03187,0.02865,0.02488,0.02083,0.01625
THA,THA.74_1,MAIZ,3.944369136884472,3.3737351048588202,2.825445879736954,2.2895861318119284,1.8032025069436908,1.4366721750676104,71207.36776475796,69175.94436093394,67074.20124725725,65839.19707354822,65042.76357401158,65952.7805901004,5.539e-5,4.877e-5,4.212e-5,3.478e-5,2.772e-5,2.178e-5
THA,THA.75_1,MAIZ,9.884913927276836,9.317669541213894,8.961326525124448,8.295069335875002,8.240384094876921,7.34836911010607,62290.29612056498,60530.148625629845,58709.07190200278,57638.9899592151,56948.912043181954,57737.40555379224,1.587e-4,1.539e-4,1.526e-4,1.439e-4,1.447e-4,1.273e-4
THA,THA.76_1,MAIZ,0.010997420485183875,0.010278927763831092,0.009560435042478312,0.008841942321125531,0.00812344959977275,0.02673349626684184,87.4724327638905,84.97699510506533,82.39517542868849,80.87807371661884,79.89972024104483,81.01760178550519,1.257e-4,1.21e-4,1.16e-4,1.093e-4,1.017e-4,3.3e-4
THA,THA.77_1,MAIZ,1.6800443763054889,1.4649636401732145,1.2498829040409403,1.0348021679086659,0.8197214317763915,0.6046406956441172,30.439748884499995,29.57135534277012,28.672901508450625,28.14496151994823,27.80450186682372,28.193516238789808,0.05519,0.04954,0.04359,0.03677,0.02948,0.02145
THA,THA.7_1,MAIZ,0.05601865341921323,0.033659598872492515,0.020857732763795062,0.01760534129288836,0.014399837973403058,0.01131805263388173,358.0373620011578,347.82317350572885,337.2554108760122,331.04569339458544,327.04115063258524,331.61680202996587,1.565e-4,9.677e-5,6.185e-5,5.318e-5,4.403e-5,3.413e-5
THA,THA.8_1,MAIZ,0.1934455469471751,0.15836931396852197,0.12549868109306261,0.0978640828858466,0.0794247754995322,0.06312093116674036,15007.979075904825,14579.827314423996,14136.854660566147,13876.55973070843,13708.699891599039,13900.499093913295,1.289e-5,1.086e-5,8.877e-6,7.052e-6,5.794e-6,4.541e-6
THA,THA.9_1,MAIZ,0.28646167279908813,0.2614293187047048,0.2328865264140494,0.22753108386321788,0.19855250493326615,0.17340357957373537,2702.5835275647205,2549.044076541654,2683.1552604077697,2795.683588382249,2711.858337193757,2734.0900765183683,1.06e-4,1.026e-4,8.68e-5,8.139e-5,7.322e-5,6.342e-5
TJK,TJK.3_1,MAIZ,0.07025190179715655,0.06000024466149873,0.05016804735157226,0.040863592750803306,0.03532420397433586,0.027030602605695123,1726.4908172579192,3183.862217304626,2084.1163058316292,1907.7117459174237,3185.008970309356,2759.261748690948,4.069e-5,1.885e-5,2.407e-5,2.142e-5,1.109e-5,9.796e-6
TJK,TJK.4_1,MAIZ,0.0017890347881028127,5.963449293676069e-4,0,0,0,0,323.8751326228225,601.1133451241465,392.480063156637,359.0177945578601,604.7873047817168,522.290005031224,5.524e-6,9.921e-7,0,0,0,0
TJK,TJK.5_1,MAIZ,0,0,0,0,0,0,24.462679936829648,45.11397257542774,29.723949165094197,27.368604027745103,45.65976515822293,39.48147519537425,0,0,0,0,0,0
TKM,TKM.1_1,MAIZ,3.51267920849302e-4,1.5477662850716905e-4,2.9049256891637648e-5,0,0,0,1.3728434959384188,1.1803642025306391,1.180102201570325,0.6593112322720047,0.828190285331506,0.7812575667372554,2.559e-4,1.311e-4,2.462e-5,0,0,0
TKM,TKM.3_1,MAIZ,0.0037953636504248706,0.0028785283802964584,0.0022095461946741797,0.0017728441262804134,0.0013809171961695387,0.001021657638926381,2.057941990785436,1.7301910017638413,1.729744870274333,0.842949453276299,1.1305142904352687,1.0505979281897493,0.001844,0.001664,0.001277,0.002103,0.001221,9.725e-4
TKM,TKM.4_1,MAIZ,0.0015199601376126224,5.147184085210858e-4,3.6203222178419805e-5,1.2067740726139935e-5,0,0,0.0015085269408149494,0.0014671081693547723,0.0017262446963434935,0.002014877250072952,0.0014431627686472936,0.0016531075218395046,1.008,0.3508,0.02097,0.005989,0,0
TKM,TKM.5_1,MAIZ,0.007237235995082337,0.0053856331622716604,0.00376459314053044,0.00221555484724487,7.38518282414959e-4,0,0.0026575469578958106,0.002584580193355091,0.0030410967263687634,0.0035495759217744724,0.002542395977028548,0.002912252175864966,2.723,2.084,1.238,0.6242,0.2905,0
TLS,TLS.10_1,MAIZ,1.353108558061736,1.1534895560176608,0.9538705539735856,0.7542515519295102,0.554632549885435,0.35501354784135963,361.0758863060312,260.8199370479538,404.7831624954863,395.4778024381189,325.6876020078626,360.9832173270065,0.003747,0.004423,0.002356,0.001907,0.001703,9.835e-4
TLS,TLS.11_1,MAIZ,2.317794954726585,2.3918098978291087,2.046709061361927,2.253387423168599,1.9357741011309104,2.4503012943309916,1862.7667421172448,1345.5528957762094,2088.2497044584215,2040.2439641260446,1680.200911633213,1862.2886689511881,0.001244,0.001778,9.801e-4,0.001104,0.001152,0.001316
TLS,TLS.12_1,MAIZ,0.5127347333113269,0.4437377257274813,0.3974880248964984,0.33708958409482004,0.2737155667660828,0.2388165044984541,668.0845249763538,482.5848813380981,748.9543807559052,731.7370386695626,602.6069730219928,667.91306320563,7.675e-4,9.195e-4,5.307e-4,4.607e-4,4.542e-4,3.576e-4
TLS,TLS.13_1,MAIZ,5.388638242281308,5.1038927941131,4.497653321349279,4.071750478511186,3.7591473232023453,3.0720446457674018,4327.877723247178,3126.2037652989507,4851.755816850559,4740.221200371237,3903.7115767763125,4326.766987179866,0.001245,0.001633,9.27e-4,8.59e-4,9.63e-4,7.1e-4
TLS,TLS.1_1,MAIZ,5.719385161039009,5.677253150647455,5.675042598546593,5.051392506909238,4.809135530631715,4.943488881143033,810.2882412553246,585.3044639369506,908.3714788703609,887.489375907824,730.8736036887963,810.0802833526217,0.007058,0.0097,0.006247,0.005692,0.00658,0.006102
TLS,TLS.2_1,MAIZ,2.8085789561300722,2.274942963120706,2.053524567817736,2.1826002570697005,1.694460424617572,1.2698508728337106,511.9267873833893,369.785736246399,573.8941641413662,560.7011948507602,461.75392517121423,511.7954029998806,0.005486,0.006152,0.003578,0.003893,0.00367,0.002481
TLS,TLS.3_1,MAIZ,15.61881431480728,15.13499874612844,14.659879781166357,15.329647326921283,14.817425124486688,14.145301126406489,7193.638145880578,5710.066681557214,8320.73348618503,7956.381111338631,6926.936940913829,7506.456840094823,0.002171,0.002651,0.001762,0.001927,0.002139,0.001884
TLS,TLS.4_1,MAIZ,0.9320257448735395,0.992288056723596,0.850179647034588,1.2558320506878229,1.4893966672788859,1.7283020567532195,4708.06252740875,3400.826858251678,5277.96098091077,5156.628544567994,4246.635271997172,4706.854218119358,1.98e-4,2.918e-4,1.611e-4,2.435e-4,3.507e-4,3.672e-4
TLS,TLS.5_1,MAIZ,13.67261830313566,12.514591171077988,11.438361105827301,11.66249505232541,11.407581039468297,10.57533175923209,5875.864537785493,4307.100257365767,6618.412708794866,6445.137922387185,5353.492122425688,5912.76870441893,0.002327,0.002906,0.001728,0.00181,0.002131,0.001789
TLS,TLS.6_1,MAIZ,5.616283756222798,5.770175659433902,6.1798997665380995,5.83439202891804,7.116339141741584,7.694580082251278,1854.985903463709,1398.7448245969488,2108.8669511076628,2040.576835467019,1723.3558978098818,1890.5276325428608,0.003028,0.004125,0.00293,0.002859,0.004129,0.00407
TLS,TLS.7_1,MAIZ,0.6061967512270965,0.5227702252476921,0.44061800384152133,0.35974008700858395,0.2788621701756465,0.19868600979931492,295.03090391271616,213.11293471560245,330.7436105508118,323.14030915883916,266.11554871904406,294.9551851685873,0.002055,0.002453,0.001332,0.001113,0.001048,6.736e-4
TLS,TLS.8_1,MAIZ,2.711184292626197,2.57305974468359,2.3785248619072967,2.136302013309821,2.7507313226676158,4.440301506229127,717.4295002977371,518.2287829251675,804.2724341662129,785.7834126911276,647.1157516279875,717.2453742958738,0.003779,0.004965,0.002957,0.002719,0.004251,0.006191
TLS,TLS.9_1,MAIZ,3.236455055176505,2.668511814661923,2.1320323601938997,1.6277068506050567,1.1302537617215225,0.6551425617998581,1892.494814252783,1367.0267027985274,2121.576280699844,2072.804412178009,1707.0153982642428,1892.0091114714635,0.00171,0.001952,0.001005,7.853e-4,6.621e-4,3.463e-4
TTO,TTO.11_1,MAIZ,0.05973762711228361,0.0542195654799295,0.04870150384757539,0.04381867945321972,0.04030505634587308,0.03752539728753701,4.708835941343367,4.708835941343367,4.708835941343367,4.708835941343367,4.708835941343367,4.708835941343367,0.01269,0.01151,0.01034,0.009306,0.008559,0.007969
TTO,TTO.12_1,MAIZ,0.8523785519914188,0.7447630854262792,0.6403674583110321,0.5412993184064527,0.4660890922158033,0.36936367379401536,94.46876768631857,94.46876768631857,94.46876768631857,94.46876768631857,94.46876768631857,94.46876768631857,0.009023,0.007884,0.006779,0.00573,0.004934,0.00391
TTO,TTO.13_1,MAIZ,2.637218953881211,2.261953318239767,1.8868411606251747,1.5718151897096064,1.3661459818287904,1.1251032230240723,121.07945497204621,121.07945497204621,121.07945497204621,121.07945497204621,121.07945497204621,121.07945497204621,0.02178,0.01868,0.01558,0.01298,0.01128,0.009292
TTO,TTO.15_1,MAIZ,0.1782796422354457,0.16361327146852234,0.16152389498017683,0.15770497378563306,0.14365449646366327,0.13023991077787575,174.9459848917864,174.9459848917864,174.9459848917864,174.9459848917864,174.9459848917864,174.9459848917864,0.001019,9.352e-4,9.233e-4,9.014e-4,8.211e-4,7.445e-4
TTO,TTO.2_1,MAIZ,0.2728257006944143,0.25843643428732516,0.244047167880236,0.22972256922829862,0.215462638331513,0.2013033235119313,39.967595058151865,39.967595058151865,39.967595058151865,39.967595058151865,39.967595058151865,39.967595058151865,0.006826,0.006466,0.006106,0.005748,0.005391,0.005037
TTO,TTO.3_1,MAIZ,3.6278911517626855,3.2651669217747377,2.907429537751436,2.5404501853476105,2.2908177020970615,1.9641708926336274,598.140778386331,598.140778386331,598.140778386331,598.140778386331,598.140778386331,598.140778386331,0.006065,0.005459,0.004861,0.004247,0.00383,0.003284
TTO,TTO.4_1,MAIZ,0.01983902622949023,0.0321644849646052,0.03009611074891769,0.02802773653323019,0.02614108145551413,0.02443614551576951,7.00979702797133,7.00979702797133,7.00979702797133,7.00979702797133,7.00979702797133,7.00979702797133,0.00283,0.004589,0.004293,0.003998,0.003729,0.003486
TTO,TTO.5_1,MAIZ,0.8145928920898207,0.7958792658483057,0.7204920792297991,0.6905954485408489,0.7028258838934974,0.7168378124397129,93.74403190495033,93.74403190495033,93.74403190495033,93.74403190495033,93.74403190495033,93.74403190495033,0.00869,0.00849,0.007686,0.007367,0.007497,0.007647
TTO,TTO.6_1,MAIZ,0.5396240433914902,0.4355620801940592,0.3354177133565317,0.25906099985988845,0.22183191014116735,0.17511678414056975,204.56752908486723,204.56752908486723,204.56752908486723,204.56752908486723,204.56752908486723,204.56752908486723,0.002638,0.002129,0.00164,0.001266,0.001084,8.56e-4
TTO,TTO.7_1,MAIZ,0.00295047070797454,0.00169625255043234,7.062577928528464e-4,1.0563020703154777e-4,0,0,2.701986906344864,2.701986906344864,2.701986906344864,2.701986906344864,2.701986906344864,2.701986906344864,0.001092,6.278e-4,2.614e-4,3.909e-5,0,0
TTO,TTO.9_1,MAIZ,5.574853174022066,4.949926700022561,4.358532443999203,3.7740126521434187,3.226998744681781,2.6491682698128405,500.53547892992526,500.53547892992526,500.53547892992526,500.53547892992526,500.53547892992526,500.53547892992526,0.01114,0.009889,0.008708,0.00754,0.006447,0.005293
TUN,TUN.7_1,MAIZ,0.0018383699325642071,0.0016826424487470279,0.0015269149649298486,0.0013711874811126695,0.00121545999729549,0.001059732513478311,0.5531861599395925,3.1757110473278503,1.8891796831218621,2.060923290678395,2.060923290678395,2.2116190321544456,0.003323,5.298e-4,8.082e-4,6.653e-4,5.898e-4,4.792e-4
TUR,TUR.10_1,MAIZ,0.03822018150563602,0.03310732900471414,0.02803485698372443,0.023002765442666925,0.018433362894959386,0.014326649340601818,68.91023401590923,68.91010981571948,68.90965761411958,68.90987214172003,68.90998843826134,68.90984333019284,5.546e-4,4.804e-4,4.068e-4,3.338e-4,2.675e-4,2.079e-4
TUR,TUR.11_1,MAIZ,0.4580396344754274,0.37795854223812303,0.2996798361244272,0.24960493340297296,0.22580234879991565,0.23690832924908528,13845.286395129351,13845.286395129351,13845.286395129351,13845.286395129351,13845.286395129351,13845.286395129351,3.308e-5,2.73e-5,2.164e-5,1.803e-5,1.631e-5,1.711e-5
TUR,TUR.12_1,MAIZ,0.15617564995912747,0.1764693084997316,0.1615814912547292,0.1723964281813065,0.16816128645840794,0.1961536925415964,2690.0933300692254,2690.0933300692254,2690.0933300692254,2690.0933300692254,2690.0933300692254,2690.0933300692254,5.806e-5,6.56e-5,6.007e-5,6.409e-5,6.251e-5,7.292e-5
TUR,TUR.13_1,MAIZ,0.00317922547115976,0.0019075352826958525,6.358450942319524e-4,0,0,0,1243.833952784882,1243.833952784882,1243.833952784882,1243.833952784882,1243.833952784882,1243.833952784882,2.556e-6,1.534e-6,5.112e-7,0,0,0
TUR,TUR.14_1,MAIZ,2.8144748966313094e-4,1.8208836031273932e-4,1.0925301618764356e-4,3.641767206254786e-5,0,0,611.4247547008792,611.4247547008792,611.4247547008792,611.4247547008792,611.4247547008792,611.4247547008792,4.603e-7,2.978e-7,1.787e-7,5.956e-8,0,0
TUR,TUR.16_1,MAIZ,0.2548579782260284,0.22625644845665605,0.19441312499449775,0.16309340203179293,0.1323158532299559,0.10166850541521782,1241.4461359944428,1241.4461359944428,1241.4461359944428,1241.4461359944428,1241.4461359944428,1241.4461359944428,2.053e-4,1.823e-4,1.566e-4,1.314e-4,1.066e-4,8.19e-5
TUR,TUR.18_1,MAIZ,0.1379265156773513,0.12163655976391295,0.10546404193245668,0.08937054720351525,0.07331130568145258,0.05727276460883208,20.30746075260063,20.30746075260063,20.30746075260063,20.30746075260063,20.30746075260063,20.30746075260063,0.006792,0.00599,0.005193,0.004401,0.00361,0.00282
TUR,TUR.19_1,MAIZ,0.9725030443688288,0.8834015680915235,0.7967720867754751,0.7212441401506292,0.6666362980337109,0.6133231737413386,2949.6355969065594,2949.6355969065594,2949.6355969065594,2949.6355969065594,2949.6355969065594,2949.6355969065594,3.297e-4,2.995e-4,2.701e-4,2.445e-4,2.26e-4,2.079e-4
TUR,TUR.1_1,MAIZ,0.4996697174508046,0.367943697750594,0.3062471090263069,0.28946626414886073,0.21326207562008787,0.17799633603654638,138660.59788277026,138660.59788277026,138660.59788277026,138660.59788277026,138660.59788277026,138660.59788277026,3.604e-6,2.654e-6,2.209e-6,2.088e-6,1.538e-6,1.284e-6
TUR,TUR.20_1,MAIZ,0.05050026028178972,0.04305151959359826,0.035665852193257915,0.028337536074100642,0.02105559411206641,0.013773652150032163,71.57058585967701,71.57058585967701,71.57058585967701,71.57058585967701,71.57058585967701,71.57058585967701,7.056e-4,6.015e-4,4.983e-4,3.959e-4,2.942e-4,1.924e-4
TUR,TUR.21_1,MAIZ,0.723889399329709,0.7643900631558713,0.6981530530752202,0.6253519241037991,0.5374396322030802,0.4871382562835478,13302.074991261796,13302.074991261796,13302.074991261796,13302.074991261796,13302.074991261796,13302.074991261796,5.442e-5,5.746e-5,5.248e-5,4.701e-5,4.04e-5,3.662e-5
TUR,TUR.22_1,MAIZ,0.17138959369838952,0.1651244262092713,0.15339505944453072,0.14128688821940907,0.14212025466016537,0.17964491007860392,1184.504193411953,1184.504193411953,1184.504193411953,1184.504193411953,1184.504193411953,1184.504193411953,1.447e-4,1.394e-4,1.295e-4,1.193e-4,1.2e-4,1.517e-4
TUR,TUR.23_1,MAIZ,0.0010435945681930368,3.4786485606434563e-4,0,0,0,0,44.13102898956417,44.13102898956417,44.13102898956417,44.13102898956417,44.13102898956417,44.13102898956417,2.365e-5,7.883e-6,0,0,0,0
TUR,TUR.24_1,MAIZ,0.023793477032949963,0.017460453401732398,0.012248863277760851,0.007349317966656511,0.0024497726555521705,0,235.8360989668167,235.8360989668167,235.8360989668167,235.8360989668167,235.8360989668167,235.8360989668167,1.009e-4,7.404e-5,5.194e-5,3.116e-5,1.039e-5,0
TUR,TUR.25_1,MAIZ,0.0882525423461069,0.08412633453189736,0.08563234919247285,0.08419753246323182,0.07748276467847166,0.0707751886792817,2797.53022859977,2797.53022859977,2797.53022859977,2797.53022859977,2797.53022859977,2797.53022859977,3.155e-5,3.007e-5,3.061e-5,3.01e-5,2.77e-5,2.53e-5
TUR,TUR.26_1,MAIZ,0.061946442603681644,0.05319267658383129,0.045027194635011904,0.06164527156008687,0.05445572457062574,0.0729075708933992,3957.9842243166972,3957.9842243166972,3957.9842243166972,3957.9842243166972,3957.9842243166972,3957.9842243166972,1.565e-5,1.344e-5,1.138e-5,1.557e-5,1.376e-5,1.842e-5
TUR,TUR.27_1,MAIZ,0.17364173606414457,0.15290944195026043,0.13106220905779142,0.11265782736536925,0.11553566880355542,0.2371416933218668,6050.820218933131,6050.820218933131,6050.820218933131,6050.820218933131,6050.820218933131,6050.820218933131,2.87e-5,2.527e-5,2.166e-5,1.862e-5,1.909e-5,3.919e-5
TUR,TUR.28_1,MAIZ,0.015298026306712991,0.012669227890037996,0.010045444160644455,0.007431190865673301,0.005302165820385163,0.003653853277639128,1180.164896475162,1258.9971996021313,1254.7360490926894,1289.4082089493445,1080.3527462316472,1145.8879856087153,1.296e-5,1.006e-5,8.006e-6,5.763e-6,4.908e-6,3.189e-6
TUR,TUR.2_1,MAIZ,0.058091331513033584,0.054468015480494354,0.050847918421934375,0.0478334608910734,0.0442483428471034,0.040727892356727795,1504.991651149192,1504.991651149192,1504.991651149192,1504.991651149192,1504.991651149192,1504.991651149192,3.86e-5,3.619e-5,3.379e-5,3.178e-5,2.94e-5,2.706e-5
TUR,TUR.31_1,MAIZ,2.4245544417344868e-4,2.0515460660830271e-4,1.6785376904315677e-4,1.305529314780108e-4,9.325209391286488e-5,5.595125634771892e-5,0.33188172435823954,0.33188172435823954,0.33188172435823954,0.33188172435823954,0.33188172435823954,0.33188172435823954,7.305e-4,6.182e-4,5.058e-4,3.934e-4,2.81e-4,1.686e-4
TUR,TUR.32_1,MAIZ,0.1389453955824125,0.12168582097683073,0.10442624637124898,0.08716667176566721,0.06990709716008547,0.05264752255450374,984.0047595428473,984.0047595428473,984.0047595428473,984.0047595428473,984.0047595428473,984.0047595428473,1.412e-4,1.237e-4,1.061e-4,8.858e-5,7.104e-5,5.35e-5
TUR,TUR.33_1,MAIZ,7.659937263196769e-4,0.0032333512801928977,0.003055975556661599,0.18501317701098058,0.17549556656038004,0.1659779561097795,550.6329732698671,550.6329732698671,550.6329732698671,550.6329732698671,550.6329732698671,550.6329732698671,1.391e-6,5.872e-6,5.55e-6,3.36e-4,3.187e-4,3.014e-4
TUR,TUR.34_1,MAIZ,0.15219672332352066,0.13233587248370965,0.11357490892951516,0.09598974702332025,0.0801034249576693,0.06685150501953381,246.80989136241146,246.80989136241146,246.80989136241146,246.80989136241146,246.80989136241146,246.80989136241146,6.167e-4,5.362e-4,4.602e-4,3.889e-4,3.246e-4,2.709e-4
TUR,TUR.35_1,MAIZ,0.00452634978973358,0.00352049428090389,0.00251463877207421,0.00150878326324452,5.029277544148424e-4,0,34.56693811857036,34.56693811857036,34.56693811857036,34.56693811857036,34.56693811857036,34.56693811857036,1.309e-4,1.018e-4,7.275e-5,4.365e-5,1.455e-5,0
TUR,TUR.36_1,MAIZ,0.00198693199047889,0.00162567162857364,0.00126441126666838,9.031509047631356e-4,5.418905428578814e-4,1.8063018095262716e-4,1.1572089351122814,1.1572089351122814,1.1572089351122814,1.1572089351122814,1.1572089351122814,1.1572089351122814,0.001717,0.001405,0.001093,7.805e-4,4.683e-4,1.561e-4
TUR,TUR.37_1,MAIZ,0.4982652277319109,0.5462466734166891,0.5064683810991952,0.4947506468372007,0.42686088810774736,0.3770413920978222,33609.377088402085,33609.377088402085,33609.377088402085,33609.377088402085,33609.377088402085,33609.377088402085,1.483e-5,1.625e-5,1.507e-5,1.472e-5,1.27e-5,1.122e-5
TUR,TUR.38_1,MAIZ,0,0,0,0,0,0,59.77482800812635,59.22714092260931,55.66420000836525,59.83432517579258,59.24749521681091,58.810640394651486,0,0,0,0,0,0
TUR,TUR.39_1,MAIZ,5.864995951668408,5.077087331950668,4.2924039134618575,3.5084391957522927,2.7287411982041805,1.9557609268964296,228.32647183613446,228.32647183613446,228.32647183613446,228.32647183613446,228.32647183613446,228.32647183613446,0.02569,0.02224,0.0188,0.01537,0.01195,0.008566
TUR,TUR.3_1,MAIZ,0.23510495551743388,0.16105580666885372,0.10047854485183513,0.05738170230897692,0.038337172706436155,0.03055144072352827,1403.163283736162,1403.163283736162,1403.163283736162,1403.163283736162,1403.163283736162,1403.163283736162,1.676e-4,1.148e-4,7.161e-5,4.089e-5,2.732e-5,2.177e-5
TUR,TUR.40_1,MAIZ,7.709686679710466e-4,6.713837507382934e-4,5.717988335055402e-4,4.7221391627278695e-4,3.726289990400337e-4,2.730440818072805e-4,15.314887282849497,15.314887282849497,15.314887282849497,15.314887282849497,15.314887282849497,15.314887282849497,5.034e-5,4.384e-5,3.734e-5,3.083e-5,2.433e-5,1.783e-5
TUR,TUR.41_1,MAIZ,0.8809997517539314,0.9281113706620329,0.8671904803622246,0.7846054538563048,0.8182552376993633,0.8943608832487584,8486.227191475173,8486.227191475173,8486.227191475173,8486.227191475173,8486.227191475173,8486.227191475173,1.038e-4,1.094e-4,1.022e-4,9.246e-5,9.642e-5,1.054e-4
TUR,TUR.42_1,MAIZ,0.2585805595868158,0.23793377586246628,0.21806742703465534,0.27203781409987104,0.2874000012858806,0.35935235144605204,4790.494723534796,4790.494723534796,4790.494723534796,4790.494723534796,4790.494723534796,4790.494723534796,5.398e-5,4.967e-5,4.552e-5,5.679e-5,5.999e-5,7.501e-5
TUR,TUR.43_1,MAIZ,0.00494858398349568,0.00353470284535406,0.00212082170721243,7.06940569070812e-4,0,0,119.02934811439516,119.02934811439516,119.02934811439516,119.02934811439516,119.02934811439516,119.02934811439516,4.157e-5,2.97e-5,1.782e-5,5.939e-6,0,0
TUR,TUR.44_1,MAIZ,0.07750446829441679,0.06916903890256047,0.0731506402838367,0.06436194234699352,0.0637445047538272,0.05475594828164646,354.9291617026155,354.9291617026155,354.9291617026155,354.9291617026155,354.9291617026155,354.9291617026155,2.184e-4,1.949e-4,2.061e-4,1.813e-4,1.796e-4,1.543e-4
TUR,TUR.45_1,MAIZ,0,0,0,0,0,0,0.25327972185911873,0.25327972185911873,0.25327972185911873,0.25327972185911873,0.25327972185911873,0.25327972185911873,0,0,0,0,0,0
TUR,TUR.46_1,MAIZ,0.06353226549581886,0.053650979887579414,0.043884742148547415,0.03944447769478837,0.029792290601970018,0.02040633323057147,194.5743341023291,194.5743341023291,194.5743341023291,194.5743341023291,194.5743341023291,194.5743341023291,3.265e-4,2.757e-4,2.255e-4,2.027e-4,1.531e-4,1.049e-4
TUR,TUR.47_1,MAIZ,1.887171685419696e-4,1.6518038053763145e-4,1.4365088696772108e-4,1.2412868783223845e-4,1.049410237308865e-4,9.153469006405604e-5,12.33624252744235,12.33624252744235,12.33624252744235,12.33624252744235,12.33624252744235,12.33624252744235,1.53e-5,1.339e-5,1.164e-5,1.006e-5,8.507e-6,7.42e-6
TUR,TUR.48_1,MAIZ,0,0,0,0,0,0,11.690223143091806,11.690223143091806,11.690223143091806,11.690223143091806,11.690223143091806,11.690223143091806,0,0,0,0,0,0
TUR,TUR.49_1,MAIZ,0.004066002077055525,0.003222312239633593,0.002413209143142414,0.0016041060466512544,8.700951739799926e-4,2.703179247771577e-4,119.39710375407265,119.39710375407265,119.39710375407265,119.39710375407265,119.39710375407265,119.39710375407265,3.405e-5,2.699e-5,2.021e-5,1.344e-5,7.287e-6,2.264e-6
TUR,TUR.4_1,MAIZ,0,0,0,0,0,0,1.3214165252839807,1.3214165252839807,1.3214165252839807,1.3214165252839807,1.3214165252839807,1.3214165252839807,0,0,0,0,0,0
TUR,TUR.50_1,MAIZ,0.002229626379928622,0.011903721570095015,0.0111508819324219,0.010398042294748774,0.009645202657075637,0.008892363019402525,329.28359720585,329.2844484103629,329.28265021456525,329.2824327064957,329.280756582184,329.2815717705102,6.771e-6,3.615e-5,3.386e-5,3.158e-5,2.929e-5,2.701e-5
TUR,TUR.51_1,MAIZ,0.044899172883829275,0.04113019798642201,0.03747133611040115,0.033849110642669614,0.030305822504294394,0.026841471695275485,289.79802902135344,289.79802902135344,289.79802902135344,289.79802902135344,289.79802902135344,289.79802902135344,1.549e-4,1.419e-4,1.293e-4,1.168e-4,1.046e-4,9.262e-5
TUR,TUR.52_1,MAIZ,0.3993884542855926,0.3566594081257795,0.3140076792372947,0.31907809335404547,0.2843360441590115,0.27224237702794857,7953.911418669372,7953.911418669372,7953.911418669372,7953.911418669372,7953.911418669372,7953.911418669372,5.021e-5,4.484e-5,3.948e-5,4.012e-5,3.575e-5,3.423e-5
TUR,TUR.53_1,MAIZ,1.9832225458080448,1.8193127554659396,1.6443967121029066,1.925648645526465,2.6202187350843666,2.62722854959638,9451.342721904655,9451.342721904655,9451.342721904655,9451.342721904655,9451.342721904655,9451.342721904655,2.098e-4,1.925e-4,1.74e-4,2.037e-4,2.772e-4,2.78e-4
TUR,TUR.54_1,MAIZ,0.032510389409333436,0.02723559674342958,0.02260096548145461,0.018741599252688833,0.015266160827237097,0.01182741600812321,733.7131554127279,733.7131554127279,733.7131554127279,733.7131554127279,733.7131554127279,733.7131554127279,4.431e-5,3.712e-5,3.08e-5,2.554e-5,2.081e-5,1.612e-5
TUR,TUR.55_1,MAIZ,0.03405058871490222,0.02864567922505419,0.023813790880285252,0.01920077259594581,0.014600029117224642,0.0105508196252547,8.804061014562764,8.804061014562764,8.804061014562764,8.804061014562764,8.804061014562764,8.804061014562764,0.003868,0.003254,0.002705,0.002181,0.001658,0.001198
TUR,TUR.56_1,MAIZ,0.24823765772261702,0.21666586491225567,0.1780299940890892,0.14687333916838471,0.12225594595197488,0.10344062529736749,4545.726081085976,4545.726081085976,4545.726081085976,4545.726081085976,4545.726081085976,4545.726081085976,5.461e-5,4.766e-5,3.916e-5,3.231e-5,2.689e-5,2.276e-5
TUR,TUR.57_1,MAIZ,0.5222308157056821,0.4635281895894765,0.4049635471017775,0.3464992964510252,0.28814790982703226,0.23470987791099973,647.1669315922954,647.1669315922954,647.1669315922954,647.1669315922954,647.1669315922954,647.1669315922954,8.069e-4,7.162e-4,6.257e-4,5.354e-4,4.452e-4,3.627e-4
TUR,TUR.58_1,MAIZ,0.42375604571394704,0.40657647319851026,0.5991243430161689,0.7608732979339725,0.7614646388207092,0.707086844742626,34610.16119275163,34610.16119275163,34610.16119275163,34610.16119275163,34610.16119275163,34610.16119275163,1.224e-5,1.175e-5,1.731e-5,2.198e-5,2.2e-5,2.043e-5
TUR,TUR.59_1,MAIZ,0.24290595207502155,0.21953412677851045,0.19306390776328372,0.16503183652161127,0.1394322868199327,0.12272421222358505,1397.5445019258975,1397.5445019258975,1397.5445019258975,1397.5445019258975,1397.5445019258975,1397.5445019258975,1.738e-4,1.571e-4,1.381e-4,1.181e-4,9.977e-5,8.781e-5
TUR,TUR.5_1,MAIZ,3.00729819375841e-6,1.0024327312528033e-6,0,0,0,0,104.94188111274859,104.94188111274859,104.94188111274859,104.94188111274859,104.94188111274859,104.94188111274859,2.866e-8,9.552e-9,0,0,0,0
TUR,TUR.60_1,MAIZ,0.06643306535031449,0.0607919011699294,0.05523524902761645,0.049678596885303496,0.04412194474299055,0.038565292600677606,7.7251795018089116,7.7251795018089116,7.7251795018089116,7.7251795018089116,7.7251795018089116,7.7251795018089116,0.0086,0.007869,0.00715,0.006431,0.005711,0.004992
TUR,TUR.61_1,MAIZ,1.2682211303033849e-5,9.058722359309893e-6,5.435233415585935e-6,1.8117444718619784e-6,0,0,35.96096117983191,35.96096117983191,35.96096117983191,35.96096117983191,35.96096117983191,35.96096117983191,3.527e-7,2.519e-7,1.511e-7,5.038e-8,0,0
TUR,TUR.62_1,MAIZ,0.008358334644519669,0.00787299472697674,0.007387654809433803,0.006902762865216445,0.006418516482312389,0.005934574637083642,27.835736913627585,27.835736913627585,27.835736913627585,27.835736913627585,27.835736913627585,27.835736913627585,3.003e-4,2.828e-4,2.654e-4,2.48e-4,2.306e-4,2.132e-4
TUR,TUR.63_1,MAIZ,0.03525609082757868,0.023998469311175632,0.014402355834950866,0.0065631290715536346,0.001461528297915036,0,43.71842163476587,43.71842163476587,43.71842163476587,43.71842163476587,43.71842163476587,43.71842163476587,8.064e-4,5.489e-4,3.294e-4,1.501e-4,3.343e-5,0
TUR,TUR.64_1,MAIZ,0.20462184948011697,0.1674802462403556,0.1303386430005942,0.09972720377781086,0.06318563803591967,0.027175634980247318,11929.519515303673,11929.519515303673,11929.519515303673,11929.519515303673,11929.519515303673,11929.519515303673,1.715e-5,1.404e-5,1.093e-5,8.36e-6,5.297e-6,2.278e-6
TUR,TUR.65_1,MAIZ,0.02344040299185824,0.0369695311170594,0.03449794006790751,0.03202634901875563,0.02963508451098286,0.02732414654458915,102.388950955777,102.388950955777,102.388950955777,102.388950955777,102.388950955777,102.388950955777,2.289e-4,3.611e-4,3.369e-4,3.128e-4,2.894e-4,2.669e-4
TUR,TUR.66_1,MAIZ,0.4980636174693243,0.4105020532646777,0.3276673804130541,0.24699639999562703,0.19214620522656414,0.21673910888075676,17195.53157438454,17195.53157438454,17195.53157438454,17195.53157438454,17195.53157438454,17195.53157438454,2.896e-5,2.387e-5,1.906e-5,1.436e-5,1.117e-5,1.26e-5
TUR,TUR.67_1,MAIZ,0.24201703909790068,0.251954542665918,0.23991067460728233,0.228874639871438,0.2146676927974151,0.20948305481964266,7575.901776345811,7575.901776345811,7575.901776345811,7575.901776345811,7575.901776345811,7575.901776345811,3.195e-5,3.326e-5,3.167e-5,3.021e-5,2.834e-5,2.765e-5
TUR,TUR.68_1,MAIZ,0.31793831563834296,0.28867904582601106,0.2598599205624006,0.23144732980550742,0.2032008777234852,0.1750369241198056,2660.6432020384177,2661.7914032622557,2664.9215863245527,2665.2936490837974,2661.9337483098516,2663.8268000174635,1.195e-4,1.085e-4,9.751e-5,8.684e-5,7.634e-5,6.571e-5
TUR,TUR.69_1,MAIZ,0.199493995149964,0.17975262677781767,0.1602356682062037,0.16541174730137426,0.17330756744665426,0.15406328423389326,187.40086512442903,187.40086512442903,187.40086512442903,187.40086512442903,187.40086512442903,187.40086512442903,0.001065,9.592e-4,8.55e-4,8.827e-4,9.248e-4,8.221e-4
TUR,TUR.6_1,MAIZ,0.24766532830365676,0.22857826756932134,0.21326686764961966,0.19380010557932673,0.17450511470614907,0.15551292539314063,508.3665543088234,508.3665543088234,508.3665543088234,508.3665543088234,508.3665543088234,508.3665543088234,4.872e-4,4.496e-4,4.195e-4,3.812e-4,3.433e-4,3.059e-4
TUR,TUR.70_1,MAIZ,0.03654156942822407,0.03206407554291868,0.02760979623909884,0.02315551693527902,0.018949898113555106,0.014992939773927136,126.86728466207907,126.86728466207907,126.86728466207907,126.86728466207907,126.86728466207907,126.86728466207907,2.88e-4,2.527e-4,2.176e-4,1.825e-4,1.494e-4,1.182e-4
TUR,TUR.71_1,MAIZ,0.0308786429424836,0.02802791901778089,0.025177195093078156,0.03541201756435776,0.07386138803489672,0.06866455181708953,98.35681722815433,98.35681722815433,98.35681722815433,98.35681722815433,98.35681722815433,98.35681722815433,3.139e-4,2.85e-4,2.56e-4,3.6e-4,7.51e-4,6.981e-4
TUR,TUR.72_1,MAIZ,0.0029347765763146723,0.003194483524947186,0.003269015637145283,0.0031566678771435914,0.0029060429525887633,0.0026572066634405873,34.85510721271172,34.85510721271172,34.85510721271172,34.85510721271172,34.85510721271172,34.85510721271172,8.42e-5,9.165e-5,9.379e-5,9.057e-5,8.337e-5,7.624e-5
TUR,TUR.73_1,MAIZ,0.0035683801895500626,0.003177414071703841,0.0029093071188163607,0.0026427982121496546,0.0023762893054829586,0.006358430618687108,229.5732282531786,229.5732282531786,229.5732282531786,229.5732282531786,229.5732282531786,229.5732282531786,1.554e-5,1.384e-5,1.267e-5,1.151e-5,1.035e-5,2.77e-5
TUR,TUR.74_1,MAIZ,0.052710452606779805,0.05028711046136585,0.04169187912655729,0.03322913785362903,0.024826836120000844,0.017713733991583033,3083.3816981761156,3083.3816981761156,3083.3816981761156,3083.3816981761156,3083.3816981761156,3083.3816981761156,1.71e-5,1.631e-5,1.352e-5,1.078e-5,8.052e-6,5.745e-6
TUR,TUR.75_1,MAIZ,0.05306666303494497,0.04141444154751912,0.05228516468972868,0.04095953554945216,0.03904469001087433,0.035588787264703346,399.6400860573894,399.6400860573894,399.6400860573894,399.6400860573894,399.6400860573894,399.6400860573894,1.328e-4,1.036e-4,1.308e-4,1.025e-4,9.77e-5,8.905e-5
TUR,TUR.77_1,MAIZ,0.005039914063794476,0.003423794558696309,0.002262615347375979,0.0015051168131379935,8.886284491032497e-4,5.345278311315343e-4,577.1373871881129,577.1373871881129,577.1373871881129,577.1373871881129,577.1373871881129,577.1373871881129,8.733e-6,5.932e-6,3.92e-6,2.608e-6,1.54e-6,9.262e-7
TUR,TUR.78_1,MAIZ,4.883337457746743e-4,3.455833925226894e-4,2.0565616192252262e-4,6.855205397417421e-5,0,0,4.528324727628257,4.528324727628257,4.528324727628257,4.528324727628257,4.528324727628257,4.528324727628257,1.078e-4,7.632e-5,4.542e-5,1.514e-5,0,0
TUR,TUR.79_1,MAIZ,0.10574387562767644,0.11340604636519402,0.10372408798087714,0.09404212959656023,0.08458926640771393,0.09506465751915202,485.0508458994482,485.0508458994482,485.0508458994482,485.0508458994482,485.0508458994482,485.0508458994482,2.18e-4,2.338e-4,2.138e-4,1.939e-4,1.744e-4,1.96e-4
TUR,TUR.7_1,MAIZ,0.019324220606666956,0.016291149965045267,0.013416374061454045,0.01055914680880607,0.007750645574886821,0.004986304354969519,490.5062384575672,490.5062384575672,490.5062384575672,490.5062384575672,490.5062384575672,490.5062384575672,3.94e-5,3.321e-5,2.735e-5,2.153e-5,1.58e-5,1.017e-5
TUR,TUR.80_1,MAIZ,0.008918332870844984,0.008284267568320087,0.009960501717419247,0.01248992465479381,0.011375758114234396,0.010722008581818756,45.44083628868944,45.44083628868944,45.44083628868944,45.44083628868944,45.44083628868944,45.44083628868944,1.963e-4,1.823e-4,2.192e-4,2.749e-4,2.503e-4,2.36e-4
TUR,TUR.81_1,MAIZ,0.00626879567484465,0.00553129030133351,0.00479378492782237,0.00405627955431124,0.0033187741808001,0.00529758153466049,556.3124765961621,556.3124765961621,556.3124765961621,556.3124765961621,556.3124765961621,556.3124765961621,1.127e-5,9.943e-6,8.617e-6,7.291e-6,5.966e-6,9.523e-6
TUR,TUR.8_1,MAIZ,0.5538481166162967,0.5139094565556156,0.449370203369417,0.38324594739575385,0.32392713577197896,0.29505642724821135,1242.205752824811,1242.205752824811,1242.205752824811,1242.205752824811,1242.205752824811,1242.205752824811,4.459e-4,4.137e-4,3.618e-4,3.085e-4,2.608e-4,2.375e-4
TWN,TWN.1_1,MAIZ,0,0,0,0,0,0,0.5081447996745543,0.5081447996745543,0.5081447996745543,0.5081447996745543,0.5081447996745543,0.5081447996745543,0,0,0,0,0,0
TWN,TWN.2_1,MAIZ,0.09288899961557631,0.08484753019288525,0.0768060607701942,0.069003323907951,0.061439319606155646,0.05387531530436031,1439.4252927789576,1439.4252927789576,1439.4252927789576,1439.4252927789576,1439.4252927789576,1439.4252927789576,6.453e-5,5.895e-5,5.336e-5,4.794e-5,4.268e-5,3.743e-5
TWN,TWN.3_1,MAIZ,0.0015461111477312406,0.0012853444251154612,0.0010291521414231076,7.729598577307538e-4,5.238277647693414e-4,3.356598447117549e-4,40.34990352884273,40.34990352884273,40.34990352884273,40.34990352884273,40.34990352884273,40.34990352884273,3.832e-5,3.185e-5,2.551e-5,1.916e-5,1.298e-5,8.319e-6
TWN,TWN.4_1,MAIZ,0.22479041881236975,0.22276152524095968,0.20187036171246006,0.17881570947587416,0.1557859899075199,0.13279669672096758,256.6466088593454,256.6466088593454,256.6466088593454,256.6466088593454,256.6466088593454,256.6466088593454,8.759e-4,8.68e-4,7.866e-4,6.967e-4,6.07e-4,5.174e-4
TWN,TWN.5_1,MAIZ,0.3933139961532245,0.35911592193937486,0.36516198443493997,0.3289001083385563,0.2926382322421726,1.6073093330386983,3614.8118294953733,3614.8118294953733,3614.8118294953733,3614.8118294953733,3614.8118294953733,3614.8118294953733,1.088e-4,9.935e-5,1.01e-4,9.099e-5,8.096e-5,4.446e-4
TWN,TWN.6_1,MAIZ,0,0,0,0,0,0,1.7820741508771194,1.7820741508771194,1.7820741508771194,1.7820741508771194,1.7820741508771194,1.7820741508771194,0,0,0,0,0,0
TWN,TWN.7_1,MAIZ,3.3488839967095876,3.150383966576075,3.139852911058148,3.3701100896263836,3.606563244272351,3.9216124677632207,23788.263303388037,23788.263303388037,23788.263303388037,23788.263303388037,23788.263303388037,23788.263303388037,1.408e-4,1.324e-4,1.32e-4,1.417e-4,1.516e-4,1.649e-4
TZA,TZA.10_1,MAIZ,20.888177077976106,20.05554641139726,18.703208114692035,20.061686058658875,18.10626308270239,16.807261470435716,63492.46611103355,66595.65920959099,61846.2600160671,75791.22454175506,95404.26587150384,88477.69641017994,3.29e-4,3.012e-4,3.024e-4,2.647e-4,1.898e-4,1.9e-4
TZA,TZA.11_1,MAIZ,251.73479719195632,251.00044890862512,270.10099799352133,310.9470258613975,326.7262255156772,322.65670833177154,141491.08669416592,148406.46092091102,137822.56500070967,168898.50684868748,212605.59055639533,197169.9349554384,0.001779,0.001691,0.00196,0.001841,0.001537,0.001636
TZA,TZA.12_1,MAIZ,0.6357074574365847,0.8979130231745918,0.9961213282594287,0.9369880460386599,1.0132547859267782,1.0871957305255888,47258.50645128293,48953.13433255696,45474.30088250216,56194.329586294116,69476.85244317536,64738.87783813966,1.345e-5,1.834e-5,2.191e-5,1.667e-5,1.458e-5,1.679e-5
TZA,TZA.13_1,MAIZ,21.539392418616348,21.688967043356833,25.94824831887031,28.108467073083233,42.243246548982626,43.62473222330321,176474.50767537864,185101.91191523665,171899.3267445497,210655.55873607268,265163.9815010499,245914.27981480115,1.221e-4,1.172e-4,1.51e-4,1.334e-4,1.593e-4,1.774e-4
TZA,TZA.14_1,MAIZ,27.79211740707291,24.783315990652454,23.59716723603813,21.822750632271905,21.828690190574548,19.623577552838373,100778.5195249459,105704.06778961321,98165.57623820165,120299.74373563491,151430.5753076374,140436.36672739103,2.758e-4,2.345e-4,2.404e-4,1.814e-4,1.441e-4,1.397e-4
TZA,TZA.15_1,MAIZ,5.790137394072348,5.037792439873652,7.650226827376211,7.481614400778166,6.870842758843055,6.434087743344361,40456.262387818824,42438.24198126725,39440.39548631624,48300.16433385939,60784.307447587336,56376.27341546932,1.431e-4,1.187e-4,1.94e-4,1.549e-4,1.13e-4,1.141e-4
TZA,TZA.16_1,MAIZ,0.05657769509632868,0.03984875864451809,0.026079364418372372,0.15471427545786437,0.19161258923968325,0.17709472789124953,31239.146053363005,32765.958734856533,30429.190545497535,37290.30037804237,46940.18012250224,43532.214921203195,1.811e-6,1.216e-6,8.571e-7,4.149e-6,4.082e-6,4.068e-6
TZA,TZA.17_1,MAIZ,19.515473177679823,21.56166381109119,23.506718165565587,25.41057196682689,34.024538083961644,33.66402146288373,95391.76605775123,100054.03684704378,92918.48826099235,113869.55340613562,143336.39829032385,132929.8456060747,2.046e-4,2.155e-4,2.53e-4,2.232e-4,2.374e-4,2.532e-4
TZA,TZA.18_1,MAIZ,0.01877506392330107,0.016165502518167563,0.013555941113034044,0.010946379707900538,0.008336818302767042,0.00572725689763353,196.0746364361268,205.6577806398296,190.99089530367468,234.05512035216117,294.6232504577414,273.23292382428514,9.575e-5,7.86e-5,7.098e-5,4.677e-5,2.83e-5,2.096e-5
TZA,TZA.19_1,MAIZ,0.010812612770381255,0.009975577234169959,0.009138541697958661,0.008301506161747376,0.007464470625536068,0.006627435089324772,193.18475366690552,202.62665490408997,188.1759402057162,230.60545510402966,290.2808904749032,269.2058291786144,5.597e-5,4.923e-5,4.856e-5,3.6e-5,2.571e-5,2.462e-5
TZA,TZA.1_1,MAIZ,4.955027743098685,4.342378281692157,3.692188637310388,3.069606484764115,2.702029155732683,2.1749575675283457,8986.366768643555,9420.703267249482,8748.945310941577,10725.334522057552,13490.83269974914,12513.792400026527,5.514e-4,4.609e-4,4.22e-4,2.862e-4,2.003e-4,1.738e-4
TZA,TZA.20_1,MAIZ,16.644074922738774,19.68709853670572,19.21674266647201,19.945514387115328,18.3296694521508,19.650898364283208,29018.8159001077,30437.10998671705,28266.42818343079,34639.88291106421,43603.89502856296,40438.15181005318,5.736e-4,6.468e-4,6.798e-4,5.758e-4,4.204e-4,4.859e-4
TZA,TZA.21_1,MAIZ,161.0961291615299,155.9574418908196,150.27880906583067,144.1437326348733,141.02837626145055,131.7284326526161,256066.4664892226,268649.52280650305,248828.5814641575,304878.68099268794,381156.552390901,354145.6651031797,6.291e-4,5.805e-4,6.039e-4,4.728e-4,3.7e-4,3.72e-4
TZA,TZA.22_1,MAIZ,12.813003149182464,13.24092920796137,12.585931112458,13.630038122191024,13.922541462816891,13.440042317131468,419115.83514001156,439600.1292673509,408249.2845727133,500300.36413786386,629766.6454417752,584044.1530494298,3.057e-5,3.012e-5,3.083e-5,2.724e-5,2.211e-5,2.301e-5
TZA,TZA.23_1,MAIZ,0.02792364883068702,0.023318537973642,0.01871342711659696,0.01410831625955194,0.01314827084979108,0.00975870774132645,30308.18094735103,31789.492726628505,29522.363113222124,36179.00340515583,45541.30482388433,42234.90119150567,9.213e-7,7.335e-7,6.339e-7,3.9e-7,2.887e-7,2.311e-7
TZA,TZA.24_1,MAIZ,0.1806866579980352,0.15977908710217645,0.13899517904105305,0.11863344485064045,0.0986938845309387,0.07875432421123699,19594.19378431791,20551.85964056233,19086.163726432154,23389.671748217523,29442.385653563077,27304.80063602138,9.221e-6,7.774e-6,7.283e-6,5.072e-6,3.352e-6,2.884e-6
TZA,TZA.25_1,MAIZ,23.60220290446298,25.857133761226027,25.882075158513153,28.764176950793413,31.48782871434167,30.795043574301275,93823.95413937625,98409.59815036051,91391.32591403704,111998.0497077756,140980.59209379676,130745.07636589964,2.516e-4,2.628e-4,2.832e-4,2.568e-4,2.233e-4,2.355e-4
TZA,TZA.26_1,MAIZ,10.424547165622926,9.67784930921774,10.191560391582005,13.71472634513293,13.290884710929472,12.578369334940268,192842.59384224433,202267.7720243716,187842.65175782316,230197.01747845826,289766.75850174215,268729.0243709827,5.406e-5,4.785e-5,5.426e-5,5.958e-5,4.587e-5,4.681e-5
TZA,TZA.27_1,MAIZ,128.98082717007722,129.52609487516548,141.37408404495042,152.124722753226,165.38843845583318,178.103188770522,239288.5490348182,250943.8722753647,233048.12245907256,285625.58696741675,359457.29522659327,333379.7294241277,5.39e-4,5.162e-4,6.066e-4,5.326e-4,4.601e-4,5.342e-4
TZA,TZA.28_1,MAIZ,0.02066462902806173,0.017964170158025528,0.01526371128798934,0.012563252417953131,0.009862793547916941,0.007162334677880745,909.8405100607604,954.3089480431669,886.250546009118,1086.0804536180508,1367.1333189469094,1267.8762908667372,2.271e-5,1.882e-5,1.722e-5,1.157e-5,7.214e-6,5.649e-6
TZA,TZA.29_1,MAIZ,0.16521702080179412,0.26418107263978946,0.24998427100813048,0.31091880560951574,0.38989454004820723,0.4619831641606722,107.60497809257774,112.8641693925875,104.81504124440183,128.44851611470088,161.6880642356659,149.94913833162144,0.001535,0.002341,0.002385,0.002421,0.002411,0.003081
TZA,TZA.2_1,MAIZ,0.05084319595523646,0.04551799402316061,0.04020007766673723,0.034908351197646986,0.02965800279882774,0.024450277738886868,5926.844200716749,6216.518600632573,5773.175464176037,7074.898915644113,8905.721490095022,8259.145596020948,8.578e-6,7.322e-6,6.963e-6,4.934e-6,3.33e-6,2.96e-6
TZA,TZA.30_1,MAIZ,0.00578655856335065,0.00517744713562952,0.0045683357079084,0.00395922428018728,0.00335011285246616,0.00274100142474504,62.79143654237446,65.86036683382116,61.16340644874115,74.95440258943498,94.35089347240412,87.50080127364657,9.216e-5,7.861e-5,7.469e-5,5.282e-5,3.551e-5,3.133e-5
TZA,TZA.31_1,MAIZ,14.243774074404485,15.36298845144686,15.042730609899534,14.73707291873822,14.785606393435653,13.643507533560866,198357.3221188929,208107.90650658603,192737.93876302303,236149.3303977747,295170.97868228296,274269.56687520986,7.181e-5,7.382e-5,7.805e-5,6.241e-5,5.009e-5,4.974e-5
TZA,TZA.3_1,MAIZ,82.50727458448297,77.0057863522883,84.84997813162352,115.43835754029433,135.90199043936389,139.2369572116826,90766.27734275689,95202.47745725908,88412.92728201486,108348.08802155878,136386.10352024445,126484.15824596658,9.09e-4,8.089e-4,9.597e-4,0.001065,9.965e-4,0.001101
TZA,TZA.4_1,MAIZ,0.4291194584897489,0.5399765980538446,0.5047420337903584,0.895497730100621,2.830205933429679,2.819418633801245,102179.87622505146,107173.91577233456,99530.59914813908,121972.54913801218,153536.26461830112,142389.1781437484,4.2e-6,5.038e-6,5.071e-6,7.342e-6,1.843e-5,1.98e-5
TZA,TZA.5_1,MAIZ,3.6798604621655406,3.528483354461654,4.351738148799817,5.250574401871688,5.341889075494801,5.200378466226434,69054.98788440147,72430.04913102399,67264.55905235173,82431.23023954079,103762.55369189457,96229.15328190377,5.329e-5,4.872e-5,6.47e-5,6.37e-5,5.148e-5,5.404e-5
TZA,TZA.6_1,MAIZ,0.5607231627687116,0.518106791208239,0.49173882544548336,0.4641648998662666,0.47517665268436293,0.5262895761169599,76726.92984997205,80522.83208025568,74867.34311002686,91633.64640337041,115276.39982554462,106935.29056522534,7.308e-6,6.434e-6,6.568e-6,5.065e-6,4.122e-6,4.922e-6
TZA,TZA.7_1,MAIZ,6.004957227976636,6.0279357107304445,5.665841284096178,5.454396361424471,5.212114335267606,4.815010319366997,88328.62066412988,92645.6803538683,86038.47314579302,105438.24696478776,132723.26192476318,123087.24738749342,6.798e-5,6.506e-5,6.585e-5,5.173e-5,3.927e-5,3.912e-5
TZA,TZA.8_1,MAIZ,1.1600681358162936,1.1310556639329366,1.0386888547552557,0.9719807927839674,1.1894841956220836,1.0798432945258254,169616.1150407901,178392.83761030412,166235.6439923292,202783.03578167793,254815.07518351523,236548.38286023846,6.839e-6,6.34e-6,6.248e-6,4.793e-6,4.668e-6,4.565e-6
TZA,TZA.9_1,MAIZ,6.338454581038756,6.687875128175588,6.790933867425793,6.514564195470824,10.341975199635804,10.234012511870214,17550.89598333315,18405.426724644643,17092.873512377293,20949.41818117648,26363.957881629445,24451.501068009187,3.611e-4,3.634e-4,3.973e-4,3.11e-4,3.923e-4,4.185e-4
UGA,UGA.10_1,MAIZ,0,0,0,0,0,0,36979.28340562817,36979.28340562817,50059.38422167608,52246.44469738037,52827.547722325966,51619.20737500887,0,0,0,0,0,0
UGA,UGA.11_1,MAIZ,0,0,0,0,0,0,882.5777076871296,882.5777076871296,1194.7580511490344,1246.9562184322444,1260.8252966958994,1231.9860614369848,0,0,0,0,0,0
UGA,UGA.12_1,MAIZ,0.0880040301566438,0.36186213404639467,0.3978029573299458,0.4513189911344267,0.601926942708023,0.8659162257181363,5181.5590661601545,5192.271285828667,6967.537410615969,7281.362921350443,7397.880130200692,7218.7513625337315,1.698e-5,6.969e-5,5.709e-5,6.198e-5,8.136e-5,1.2e-4
UGA,UGA.13_1,MAIZ,0,0,0,0,0,0,47729.92635327425,47729.92635327425,64612.68316051811,67435.5673762689,68185.60907610608,66625.97918402555,0,0,0,0,0,0
UGA,UGA.14_1,MAIZ,9.485143859723732e-5,0,0,0,0,0,8864.076159411086,8864.076159411086,11999.426526654206,12523.673316653663,12662.965942015837,12373.322123134323,1.07e-8,0,0,0,0,0
UGA,UGA.17_1,MAIZ,0,0,0,0,0,0,120957.72976342491,120957.72976342491,163742.20674831633,170895.9924800389,172796.75680489274,168844.32474746733,0,0,0,0,0,0
UGA,UGA.18_1,MAIZ,0,0,0,0,0,0,48384.3975898795,48384.3975898795,65498.65022309973,68360.24173770117,69120.56798554215,67539.55249783842,0,0,0,0,0,0
UGA,UGA.19_1,MAIZ,0,0,0,0,0,0,2123.156822126895,2139.9545299674155,2675.8031887451125,2778.6638482891317,2817.252413997765,2758.130008412996,0,0,0,0,0,0
UGA,UGA.1_1,MAIZ,0,0,0,0,0,0,3266.9377105463946,3266.9213410482557,4422.424356822586,4615.3778231118995,4666.754224801319,4560.009858689271,0,0,0,0,0,0
UGA,UGA.20_1,MAIZ,0.6241150355406653,0.5868584726732577,0.5496019098058504,0.5123453469384429,0.47508878407103544,0.43783222120362797,19746.83853291822,19584.67551637373,26046.540684343356,27542.015281828637,27744.648861288057,27154.659072409162,3.161e-5,2.997e-5,2.11e-5,1.86e-5,1.712e-5,1.612e-5
UGA,UGA.21_1,MAIZ,0,0,0,0,0,0,28399.675394227575,28399.675394227575,38445.04629081435,40124.68423555867,40570.96484889654,39642.97299861826,0,0,0,0,0,0
UGA,UGA.22_1,MAIZ,0,0,0,0,0,0,6208.356208571065,6208.356208571065,8404.34049034563,8771.52041468112,8869.080297958664,8666.215163579363,0,0,0,0,0,0
UGA,UGA.23_1,MAIZ,0.01047536596265646,0.00857075396944619,0.00666614197623592,0.00476152998302566,0.00285691798981539,9.523059966051328e-4,32012.81068045335,32012.81068045335,43336.199143996564,45229.52823281194,45732.58668636193,44686.53151130875,3.272e-7,2.677e-7,1.538e-7,1.053e-7,6.247e-8,2.131e-8
UGA,UGA.24_1,MAIZ,0.00230335599826298,0.00135082069733065,0.00110521693417962,8.596131710285954e-4,6.140094078775683e-4,3.6840564472654096e-4,244334.23523214558,244334.23523214558,330758.7447228302,345209.36949227424,349048.9074744937,341065.00709915726,9.427e-9,5.529e-9,3.341e-9,2.49e-9,1.759e-9,1.08e-9
UGA,UGA.25_1,MAIZ,0.02447768920044099,0.22170734058917832,0.20953436306725728,0.19736138554533625,0.2572679708055325,0.7696603109582785,117294.01130755013,117294.01130755013,158782.57873576356,165719.68169023868,167562.87329650018,163730.1574267273,2.087e-7,1.89e-6,1.32e-6,1.191e-6,1.535e-6,4.701e-6
UGA,UGA.26_1,MAIZ,0,0,0,0,0.01563161645822103,0.03469424009293016,2040.1221513354997,2053.1017730197173,2621.9566136949425,2728.764395004807,2770.2322387551185,2708.7262879073664,0,0,0,0,5.643e-6,1.281e-5
UGA,UGA.27_1,MAIZ,0,0,0,0,0,0,4317.236626628119,4316.803395418508,5842.296344037594,6090.6810967476895,6159.550498793214,6018.653399927922,0,0,0,0,0,0
UGA,UGA.28_1,MAIZ,0.44556072582350076,0.39479087176842703,0.3442213984276892,0.6010708202316993,0.5349469319934811,0.468823043755263,1582.4440492085703,1582.3302731687986,2141.696483560611,2235.5165881311227,2260.3080204125104,2208.6386243647094,2.816e-4,2.495e-4,1.607e-4,2.689e-4,2.367e-4,2.123e-4
UGA,UGA.29_1,MAIZ,0,0,0,0,0,0,8976.09595558642,8976.09595558642,12151.069325019556,12681.941285821382,12822.994222266312,12529.690028522144,0,0,0,0,0,0
UGA,UGA.2_1,MAIZ,0.018590469237332,0.01721339744197407,0.01583632564661614,0.01445925385125822,0.01308218205590029,0.01170511026054237,59082.104697568495,59082.104697568495,79980.28915916558,83474.5736369932,84403.00671081214,82472.4314174137,3.147e-7,2.913e-7,1.98e-7,1.732e-7,1.55e-7,1.419e-7
UGA,UGA.30_1,MAIZ,0.00145465085373267,0.00123085841469687,0.00100706597566108,0.023699095098127777,0.02230013232260467,0.020901169547081575,87595.58375543915,87595.58375543915,118579.39309522019,123760.0461916133,125136.54822205594,122274.26241360833,1.661e-8,1.405e-8,8.493e-9,1.915e-7,1.782e-7,1.709e-7
UGA,UGA.31_1,MAIZ,0,0,0,0,0,0,576.6383567426707,576.6383567426707,780.6035812133638,814.7076211692874,823.769081060958,804.9267637391262,0,0,0,0,0,0
UGA,UGA.32_1,MAIZ,0,0,0,0,0,0,3962.9330591632183,3961.2210590143072,5357.446971832642,5595.284616076455,5656.422535248763,5527.51257137696,0,0,0,0,0,0
UGA,UGA.33_1,MAIZ,4.732398739038559e-5,0,0,0,0,0,58283.311361202184,58283.311361202184,78898.95120839312,82345.99276604137,83261.87337314598,81357.39956491996,8.12e-10,0,0,0,0,0
UGA,UGA.34_1,MAIZ,1.1905382138430058,1.1183843827010054,1.0462305515590051,0.9740767204170048,0.9019228892750043,1.0476783911934477,213375.51742972492,213375.51742972492,288849.4861662962,301469.1239114256,304822.1677567499,297849.8788669993,5.58e-6,5.241e-6,3.622e-6,3.231e-6,2.959e-6,3.517e-6
UGA,UGA.35_1,MAIZ,0.0312991056837325,0.02938183074453637,0.027464555805340247,0.02554728086614411,0.02363000592694798,0.02171273098775185,62963.09463688217,62963.09463688217,85234.04068272791,88957.85799410923,89947.27805268881,87889.8869776062,4.971e-7,4.667e-7,3.222e-7,2.872e-7,2.627e-7,2.47e-7
UGA,UGA.36_1,MAIZ,1.086179726712456,1.0118217317366005,0.9374637367607452,0.9513864758135727,0.8725012637080413,0.7936160516025099,159278.4102819789,159278.4102819789,215617.45940457602,225037.63966982448,227540.58611711272,222335.9820286801,6.819e-6,6.353e-6,4.348e-6,4.228e-6,3.834e-6,3.569e-6
UGA,UGA.37_1,MAIZ,0,0,0,0,0,0,10335.919024949299,10335.919024949299,13991.881240059934,14603.17702239265,14765.598607070426,14427.860640451318,0,0,0,0,0,0
UGA,UGA.38_1,MAIZ,0.00598834548123491,0.0056557248160103,0.00532310415078569,0.014250660379255719,0.013443158847687792,0.012635657316119871,43696.46555459557,42642.18057458841,54698.83881972399,59412.963877248665,59399.59273683418,58331.03231880096,1.37e-7,1.326e-7,9.732e-8,2.399e-7,2.263e-7,2.166e-7
UGA,UGA.39_1,MAIZ,0.02021863135173287,0.018945716298049108,0.0439559644751368,0.0413351948967981,0.12349169434881019,0.11652337251250479,44527.90624067507,44528.10318490216,60276.533004705256,62910.687300732556,63611.59296229793,62156.28481212734,4.541e-7,4.255e-7,7.292e-7,6.57e-7,1.941e-6,1.875e-6
UGA,UGA.3_1,MAIZ,0.03110584205064735,0.02827636379303305,0.02544688553541875,0.02261740727780444,0.01978792902019015,0.01695845076257584,20098.027078092822,20096.282144492547,27196.11436679348,28353.838210694335,28674.255004533145,28018.39903110749,1.548e-6,1.407e-6,9.357e-7,7.977e-7,6.901e-7,6.053e-7
UGA,UGA.40_1,MAIZ,2.362864388174352,2.165098599965133,1.8845373405562555,1.7010077127462566,1.4154704722297435,1.2108739569816596,1545.353075584936,1535.6947552657557,2051.1662071629153,2162.0738524240182,2179.9449880384727,2132.7401020097013,0.001529,0.00141,9.188e-4,7.867e-4,6.493e-4,5.678e-4
UGA,UGA.41_1,MAIZ,0,0,0,0,0,0,1272.2248384024078,1270.7000798666104,1715.1598327875256,1765.9459720345462,1789.5530010874961,1748.59238173732,0,0,0,0,0,0
UGA,UGA.42_1,MAIZ,0.02972656973343108,0.0271416506261762,0.02455673151892132,0.02197181241166645,0.01938689330441157,0.01680197419715669,66987.94537537906,66987.94537537906,90682.53862529885,94644.39710892842,95697.0648219701,93508.15714917768,4.438e-7,4.052e-7,2.708e-7,2.322e-7,2.026e-7,1.797e-7
UGA,UGA.43_1,MAIZ,0.0954884764251662,0.08932792955902646,0.11911893194109145,0.11111471588273605,0.1031104998243807,0.0951062837660253,141266.75820789003,141266.75820789003,191234.82868256656,199589.74838229033,201809.65458270005,197193.6018105335,6.759e-7,6.323e-7,6.229e-7,5.567e-7,5.109e-7,4.823e-7
UGA,UGA.44_1,MAIZ,0.062030728342404126,0.05874743764659598,0.055464146950787815,0.05218085625497966,0.08964301599768822,0.08427021502298176,69601.74628034054,69601.74628034054,94220.87825035813,98337.3243875097,99431.0661147722,97156.74951020915,8.912e-7,8.441e-7,5.887e-7,5.3060000000000005e-07,9.016e-7,8.674e-7
UGA,UGA.45_1,MAIZ,0,0,0,0,0,0,2811.171733146606,2719.4448478997833,3418.0349458915193,3769.595778116975,3752.8660169228597,3692.265785563705,0,0,0,0,0,0
UGA,UGA.46_1,MAIZ,0,0,0,0,0,0,62355.66670427427,62355.66670427427,84411.75681281471,88099.64910075322,89079.52386324896,87041.98119006767,0,0,0,0,0,0
UGA,UGA.47_1,MAIZ,0.032561970423054074,0.029261663281088736,0.02597150090024132,0.02269148328051179,0.019411465660782265,0.016131448041052727,14380.59526941382,14381.476567843598,19456.811028430056,20306.129088541704,20532.38398588486,20063.019589604693,2.264e-6,2.035e-6,1.335e-6,1.117e-6,9.454e-7,8.04e-7
UGA,UGA.48_1,MAIZ,0,0,0,0,0.03298129468249952,0.03128994623724313,7317.281897163725,7317.906778433507,9902.77826366532,10335.973332162675,10453.00627111336,10213.333155678074,0,0,0,0,3.155e-6,3.064e-6
UGA,UGA.49_1,MAIZ,0.00542156218679866,0.00490522293091307,0.00438888367502748,0.0038725444191419,0.00335620516325631,0.00283986590737072,3510.8565144540075,3510.8565144540075,4752.696618709453,4960.338703992877,5015.509306362868,4900.788057345637,1.544e-6,1.397e-6,9.235e-7,7.807e-7,6.692e-7,5.795e-7
UGA,UGA.4_1,MAIZ,0,0,0,0,0,0,31051.576030577326,31051.576030577326,42034.962066535816,43871.44099177282,44359.39432939618,43344.74859508158,0,0,0,0,0,0
UGA,UGA.50_1,MAIZ,0,0,0,0,0,0,3438.5047470441395,3438.5047470441395,4654.752997570038,4858.115992609505,4912.149638634485,4799.792566305105,0,0,0,0,0,0
UGA,UGA.51_1,MAIZ,0.01156015995773267,0.009458312692690369,0.0073564654276480675,0.005254618162605761,0.0031527708975634546,0.001050923632521153,54248.866275315915,54248.88382055125,73437.32897612733,76645.81953704088,77498.40697097767,75725.73583453617,2.131e-7,1.744e-7,1.002e-7,6.856e-8,4.068e-8,1.388e-8
UGA,UGA.52_1,MAIZ,0.10464412157270396,0.151263383398042,0.2656924318788572,0.24403853075888116,0.26224380772871436,0.23854584619387625,3857.5204235517244,3857.5204235517244,5221.980504796592,5450.125284132365,5510.743462216749,5384.694573782425,2.713e-5,3.921e-5,5.088e-5,4.478e-5,4.759e-5,4.43e-5
UGA,UGA.53_1,MAIZ,0,0,0,0,0,0,55773.19566700508,55773.19566700508,75500.97173436287,78799.55787809717,79675.99381000725,77853.54090079278,0,0,0,0,0,0
UGA,UGA.54_1,MAIZ,0,0,0,0,0,0,22380.10819805833,22380.10819805833,30296.27218354296,31619.89572554241,31971.583140083327,31240.287527445245,0,0,0,0,0,0
UGA,UGA.55_1,MAIZ,0.01732981741328441,0.01639307052607985,0.01545632363887529,0.01451957675167072,0.01358282986446616,0.0126460829772616,8890.930159805432,8890.930159805432,12035.779170616608,12561.614182925103,12701.328799722045,12410.807495687357,1.949e-6,1.844e-6,1.284e-6,1.156e-6,1.069e-6,1.019e-6
UGA,UGA.56_1,MAIZ,0,0,0,0,0,0,64072.4017535936,64072.400836441484,86735.72169947394,90525.14845595171,91531.99987453251,89438.3612341722,0,0,0,0,0,0
UGA,UGA.57_1,MAIZ,0,0,0,0,0,0,35745.83510038329,35745.83510038329,48389.647630176005,50503.7584489701,51065.47871483327,49897.44270054525,0,0,0,0,0,0
UGA,UGA.58_1,MAIZ,0.10487194452478804,0.09710365233776669,0.08933536015074536,0.08156706796372404,0.07379877577670269,0.06603048358968135,4381.393337486732,4380.572605731263,5927.349664918869,6173.313384683455,6244.109656747616,6101.2713873349785,2.394e-5,2.217e-5,1.507e-5,1.321e-5,1.182e-5,1.082e-5
UGA,UGA.5_1,MAIZ,0,0,0,0,0,0,838.2950139054557,838.3719275459413,1133.9037525298681,1183.3789348646599,1196.576065049812,1169.230769393387,0,0,0,0,0,0
UGA,UGA.6_1,MAIZ,0,0,0,0,0,0,13650.678897571353,13650.678897571353,18479.119033340878,19286.459185282954,19500.969853673363,19054.91831991933,0,0,0,0,0,0
UGA,UGA.7_1,MAIZ,0,0,0,0,0,0,11061.565298850546,10886.274048647649,14233.703703234984,15242.02714683358,15299.460905078173,14997.74608869899,0,0,0,0,0,0
UGA,UGA.8_1,MAIZ,0.02913695499720459,0.026069907102762,0.02300285920831941,0.01993581131387682,0.01686876341943423,0.01380171552499164,18867.377623324825,18867.033271233613,25539.4421329619,26649.789402284438,26947.093160952536,26330.71797347265,1.544e-6,1.382e-6,9.007e-7,7.481e-7,6.26e-7,5.242e-7
UGA,UGA.9_1,MAIZ,0.13111465270702424,0.12237821052294748,0.1136417683388707,0.10490532615479393,0.09616888397071717,0.08743244178664039,120029.24935891893,120029.24935891893,162485.30956073082,169584.18230852974,171470.35622702705,167548.26332793932,1.092e-6,1.02e-6,6.994e-7,6.186e-7,5.608e-7,5.218e-7
UKR,UKR.10_1,MAIZ,1.271467306671925,2.208341545961928,2.8512971207323403,3.0931380131124073,3.4621739083775203,3.29027556093583,14648.909825177901,20365.020511548162,12664.432824730458,15006.834436179766,12991.749344082127,13772.830824565981,8.68e-5,1.084e-4,2.251e-4,2.061e-4,2.665e-4,2.389e-4
UKR,UKR.12_1,MAIZ,6.425411878624156,6.285503239615954,10.338673199018157,10.07443958959865,29.13450694445543,27.53904228081518,18974.85881624466,26378.986123075552,16404.3486993174,19438.481641538227,16828.324600394197,17840.06615611672,3.386e-4,2.383e-4,6.302e-4,5.183e-4,0.001731,0.001544
UKR,UKR.13_1,MAIZ,12.97712396772667,14.529132911664647,17.053652680158372,18.074272978447887,19.998178613779206,34.170988438264914,23373.184392743155,32493.570187748155,20206.836356734773,23944.273847964498,20729.088828276937,21975.34958672107,5.552e-4,4.471e-4,8.44e-4,7.548e-4,9.647e-4,0.001555
UKR,UKR.14_1,MAIZ,0.7554534045629328,0.7091968906623083,0.6629403767616837,0.6166937090166952,0.5705238292040409,0.5244208911680848,9869.000896398578,13719.55834308999,8532.567700575604,10110.561559591511,8753.227722975193,9279.298337595483,7.655e-5,5.169e-5,7.77e-5,6.1e-5,6.518e-5,5.652e-5
UKR,UKR.15_1,MAIZ,80.73350505069295,91.10821763624129,83.51126788375386,75.48437541614028,68.56837554987932,61.099955719999016,11317.976981536698,15686.815317640327,9829.98560234719,11603.66969520465,10056.892866735658,10660.289869437387,0.007133,0.005808,0.008496,0.006505,0.006818,0.005732
UKR,UKR.16_1,MAIZ,4.989969852092134,6.498868565330673,6.413025461943736,5.826381310095634,8.48994418304255,11.629174010076714,21395.576314159785,29744.28511706443,18497.133384721343,21918.34581856646,18975.198008795767,20116.012487327534,2.332e-4,2.185e-4,3.467e-4,2.658e-4,4.474e-4,5.781e-4
UKR,UKR.17_1,MAIZ,7.366791639920424,8.288081118905836,9.013149062387367,8.257472397740404,7.998597323236474,8.549550920746839,22034.63093619949,31927.781409031577,19095.51293169061,22963.8811204578,19516.158821462046,20922.415116819237,3.343e-4,2.596e-4,4.72e-4,3.596e-4,4.098e-4,4.086e-4
UKR,UKR.18_1,MAIZ,12.581922473728088,13.169638577316837,14.147541602643642,14.903510125464383,15.284615939183897,14.68380170437473,23144.82130691619,32176.098172257058,20009.409449571143,23710.331045309642,20526.559356397345,21760.6437700285,5.436e-4,4.093e-4,7.07e-4,6.286e-4,7.446e-4,6.748e-4
UKR,UKR.19_1,MAIZ,2.6355431953327635,2.4781610020965124,2.2971859619741912,2.115220862054731,1.9332863343242976,1.7513518065938642,5159.280452518374,7167.213399553943,4461.03549773699,5283.796009582958,4586.912370828045,4858.1067769102665,5.108e-4,3.458e-4,5.149e-4,4.003e-4,4.215e-4,3.605e-4
UKR,UKR.1_1,MAIZ,7.30403834669412,7.0131509979111,6.6644394031055985,6.286137815232548,6.257406814858023,6.326207352663915,17260.35560118693,23995.471338804433,14922.107969187207,17682.087056840395,15307.774860824586,16228.098916849629,4.232e-4,2.923e-4,4.466e-4,3.555e-4,4.088e-4,3.898e-4
UKR,UKR.20_1,MAIZ,0.13681770412476704,0.12567744857329513,0.1145371930218232,0.10339693747035128,0.09225668191887937,0.08111642636740746,131.65892442400593,183.0331900749951,113.8231871206046,134.87581700316508,116.76498561607912,123.7850539239107,0.001039,6.866e-4,0.001006,7.666e-4,7.901e-4,6.553e-4
UKR,UKR.21_1,MAIZ,1.1318313946726395,1.1605892602021874,1.0835760847915386,0.9902727368626018,1.1208952642725176,1.0605722035371414,7076.871140368265,9815.862665353756,6139.554006320419,7254.110104445388,6285.402102400769,6662.704424481735,1.599e-4,1.182e-4,1.765e-4,1.365e-4,1.783e-4,1.592e-4
UKR,UKR.22_1,MAIZ,0.7232373421790201,0.663219930511807,0.6493304741601736,0.5675726206500964,0.48628703782341937,0.5854365974755443,10170.607103488188,14139.251640517145,8792.802466943189,10419.11096040401,9020.055399518784,9562.353287117096,7.111e-5,4.691e-5,7.385e-5,5.447e-5,5.391e-5,6.122e-5
UKR,UKR.23_1,MAIZ,0.01074648810087538,0.0094326079921607,0.01527170759880508,0.013591008017507891,0.011910308436210701,0.010488516162595595,1463.4936788552152,1985.0551446306463,1217.2576708429417,1466.1898818271547,1273.3459568942606,1340.4650622486865,7.343e-6,4.752e-6,1.255e-5,9.27e-6,9.354e-6,7.825e-6
UKR,UKR.24_1,MAIZ,5.918090913747635,7.687872024952433,7.345320258712152,6.8776533183576944,6.54302990437399,6.763044745278619,21530.934703101673,30254.99320864743,18628.088758745536,22160.742477809312,19099.14114851098,20302.1018164357,2.749e-4,2.541e-4,3.943e-4,3.104e-4,3.426e-4,3.331e-4
UKR,UKR.25_1,MAIZ,1.0334644504043793,1.0262875358153214,0.9704880656043996,0.9093613664152205,0.8452391680446119,0.781116969674003,5258.389353596554,7309.050816707615,4547.585715565629,5388.154755028746,4665.520314785522,4945.459357506727,1.965e-4,1.404e-4,2.134e-4,1.688e-4,1.812e-4,1.579e-4
UKR,UKR.26_1,MAIZ,13.132184272730637,13.720722535994902,13.915972221058166,17.56531008079993,16.725422841890456,20.111347219226282,12848.01886398079,17861.408857061408,11107.50723266046,13161.941347559126,11394.58448723505,12079.642263910982,0.001022,7.682e-4,0.001253,0.001335,0.001468,0.001665
UKR,UKR.27_1,MAIZ,0.939293387702976,0.9593714665062987,0.9474302154499455,0.8662504991367567,0.8151229448194407,0.7324701545693113,7653.641763628716,10640.148199727726,6616.808563694622,7840.647266678918,6787.8222030939005,7195.915222381468,1.227e-4,9.017e-5,1.432e-4,1.105e-4,1.201e-4,1.018e-4
UKR,UKR.2_1,MAIZ,0.7002554982335903,0.6915489880745794,0.7666867745061786,0.7129910357082759,0.8039492009250527,1.291607094737581,18042.526526804384,25054.19968135408,15624.537397042255,18488.260693482775,16015.325580984058,16976.35149191679,3.881e-5,2.76e-5,4.907e-5,3.856e-5,5.02e-5,7.608e-5
UKR,UKR.3_1,MAIZ,0.12176994918818126,0.11220995647008086,0.10264996375198046,0.09317947605174587,0.08379849336937709,0.17246214122905126,3041.36042769476,4566.8179429429565,2643.981805523684,3224.601421442747,2701.3985115115197,2921.245994372184,4.004e-5,2.457e-5,3.882e-5,2.89e-5,3.102e-5,5.904e-5
UKR,UKR.4_1,MAIZ,2.8374928573477716,2.555768367455234,2.2751404522145995,2.044757523457018,1.7631198089950193,1.5374830589070767,9894.124747511876,13754.88386723335,8553.774971636542,10135.873163859582,8774.850158325218,9302.405976342185,2.868e-4,1.858e-4,2.66e-4,2.017e-4,2.009e-4,1.653e-4
UKR,UKR.5_1,MAIZ,31.34012360089235,37.898483704102084,38.25213748077257,40.02381640287573,39.048184933618714,46.58237535317294,25744.090703688547,35789.62130892949,22256.557739898028,26373.10977477854,22831.7859489298,24204.463692224148,0.001217,0.001059,0.001719,0.001518,0.00171,0.001925
UKR,UKR.6_1,MAIZ,14.334133870437357,15.692087532814396,15.875870522629755,16.069114082892234,14.910889204969495,23.45149632617801,18191.478897688987,25286.013398282335,15730.817941103694,18636.714701021217,16135.150723472621,17105.115890363017,7.88e-4,6.206e-4,0.001009,8.622e-4,9.241e-4,0.001371
UKR,UKR.7_1,MAIZ,1.0122191729925012,1.0014677794920641,0.9051845192472432,0.8089212582757489,0.712669894694699,0.6199048524021189,3934.713807174432,5470.067625950856,3401.681032253529,4030.852763973524,3489.5986208918116,3699.39799316358,2.573e-4,1.831e-4,2.661e-4,2.007e-4,2.042e-4,1.676e-4
UKR,UKR.8_1,MAIZ,12.665688954990262,14.138121064425956,14.627083463791436,13.653291851458459,14.17192089406626,17.694150958601,24690.258726793396,34320.56944364527,21349.303066057044,25294.300927023472,21898.793354010864,23215.274017985328,5.13e-4,4.119e-4,6.851e-4,5.398e-4,6.472e-4,7.622e-4
UKR,UKR.9_1,MAIZ,7.577691331046121,6.6859093266408385,7.0880949276262015,6.370746196096233,8.792589941954974,8.271124941656845,7951.7229233437265,11054.542786365748,6874.508888741347,8146.0116020302885,7052.182879582923,7476.169619038962,9.53e-4,6.048e-4,0.001031,7.821e-4,0.001247,0.001106
URY,URY.10_2,MAIZ,0.027140095703717455,0.11110261220859466,0.10506769416583545,0.1923922328123049,0.1815696503239442,0.19106442343890065,306.82971815805104,309.4030508748791,353.0290820898556,106.91393271946764,233.8749475528297,179.88565829021073,8.845e-5,3.591e-4,2.976e-4,0.0018,7.764e-4,0.001062
URY,URY.11_2,MAIZ,1.8123920026771685,1.5617523363782637,1.3117451660015909,1.0916395422205198,0.8503158969691185,0.6175068012088375,6703.57787263487,6759.806818843367,7712.900647915694,2335.9334685480744,5109.7271568383285,3930.190602270267,2.704e-4,2.31e-4,1.701e-4,4.673e-4,1.664e-4,1.571e-4
URY,URY.12_2,MAIZ,3.1679083888101847,2.7100472524544528,2.2529545392488037,3.3029558868304743,2.7728705753136116,2.248159954565296,3833.0180806229096,3865.166775936546,4410.146963145409,1335.6269029512825,2921.657055705683,2247.2087389325256,8.265e-4,7.011e-4,5.109e-4,0.002473,9.491e-4,0.001
URY,URY.13_2,MAIZ,0.6986550882545061,0.6143503385276922,0.5183230462070973,0.4672666133769103,0.3702731539130224,0.27708291508936245,354.51098867199755,344.72566025376403,400.27126143180493,197.13324325987088,297.66353412501627,254.0309784942973,0.001971,0.001782,0.001295,0.00237,0.001244,0.001091
URY,URY.14_2,MAIZ,1.8070824326562382,1.7954429115633699,1.775658010049949,1.6901081834214697,1.5298862581911017,1.4079296338043472,13080.76419844673,13190.470515928135,15050.335429480054,4557.95465911019,9970.55650028921,7668.885181338711,1.381e-4,1.361e-4,1.18e-4,3.708e-4,1.534e-4,1.836e-4
URY,URY.15_2,MAIZ,0.6786122554360852,0.6227440845530235,0.5915083203621759,0.5595052644789971,0.5234460709960508,0.4679725722719505,511.10060609314104,515.3910879551624,588.0373607051016,178.14240078632582,389.6077896001931,299.68356642739866,0.001328,0.001208,0.001006,0.003141,0.001344,0.001562
URY,URY.16_2,MAIZ,4.130303200476696,5.55996774791911,5.6764442346773984,10.71326092787527,10.490560184802815,10.819809828909037,33105.95259967396,33383.60703112189,38090.71731426253,11535.673956563105,25234.36443645559,19409.091506740024,1.248e-4,1.665e-4,1.49e-4,9.287e-4,4.157e-4,5.575e-4
URY,URY.17_2,MAIZ,2.6076999434450423,2.2502794855340413,1.8936458751015783,1.5405460448059953,1.2005664878781597,0.8767212221020153,6726.513032322196,6782.927242002267,7739.324390484718,2343.834117801693,5127.152911040474,3943.5659364445105,3.877e-4,3.318e-4,2.447e-4,6.573e-4,2.342e-4,2.223e-4
URY,URY.18_2,MAIZ,5.9381478091021,5.200871064286792,4.423991018979443,3.766488937359774,2.989013586920743,2.220450983042216,443.1371421859631,446.8536638869069,509.86032084821863,154.40986254389674,337.77261377943734,259.79887806663896,0.0134,0.01164,0.008677,0.02439,0.008849,0.008547
URY,URY.19_2,MAIZ,1.0101911314756544,0.9910218052415319,0.9429155746857073,1.3866043490491613,1.3491566862711448,1.2145545577623604,4455.3324064829485,4492.6985805118975,5126.171999596421,1552.4477616089844,3395.9899293714525,2612.0364339319276,2.267e-4,2.206e-4,1.839e-4,8.932e-4,3.973e-4,4.65e-4
URY,URY.1_2,MAIZ,2.849919891997086,2.5797569720984996,2.3105910166050956,2.7288255370974945,2.49100024430002,2.1857876692926266,4682.157860158206,4711.987057942703,5381.514107521175,1685.9404981464456,3589.1877857685977,2779.192008251523,6.087e-4,5.475e-4,4.294e-4,0.001619,6.94e-4,7.865e-4
URY,URY.2_2,MAIZ,0.5978726976176314,0.7051965147293624,0.6773386865685259,1.053487727307128,1.046336994733987,1.1448913425448723,19995.960188903107,20163.663170437612,23006.75277926475,6967.53481094134,15241.529303361829,11723.070644261516,2.99e-5,3.497e-5,2.944e-5,1.512e-4,6.865e-5,9.766e-5
URY,URY.3_2,MAIZ,1.162643251618072,1.2157427776588947,1.5593332071034416,2.0965963845147417,2.0938248085693396,1.9001298377852354,4194.111515375176,4224.378370149749,4822.688075686125,1489.743540044464,3207.4379164962565,2476.660706928484,2.772e-4,2.878e-4,3.233e-4,0.001407,6.528e-4,7.672e-4
URY,URY.4_2,MAIZ,5.361802191391203,5.30818019116461,5.9526148819905,8.514679866333408,8.539298494378594,9.03085089768003,7145.567233390293,7205.495984921806,8221.475600729495,2489.8523487858456,5446.568774291732,4189.245661573297,7.504e-4,7.367e-4,7.24e-4,0.00342,0.001568,0.002156
URY,URY.5_2,MAIZ,0.401418727667171,0.44651011813934705,0.41527445309908867,1.8128613331326378,1.7251091839460087,1.639180292845354,839.3836303407887,846.4234091825932,965.7696598600609,292.48081156809815,639.8037442433596,492.10708078837933,4.782e-4,5.275e-4,4.3e-4,0.006198,0.002696,0.003331
URY,URY.6_2,MAIZ,0.1583043833584365,0.16880144869344585,0.15398187680538178,1.434897097116321,1.3679203969787717,1.2885830275690042,2175.096085092691,2193.3382747724095,2502.6003966863877,757.9059743495563,1657.9244210020806,1275.1978310973534,7.278e-5,7.696e-5,6.153e-5,0.001893,8.251e-4,0.00101
URY,URY.7_2,MAIZ,0.6882368362392284,0.6866723015224083,0.6158696807383464,6.020901283751412,6.0407853454989855,5.711824878980497,3025.5128831443158,3050.887385112765,3481.064488796631,1054.2312614704147,2306.137981397552,1773.7733486740744,2.275e-4,2.251e-4,1.769e-4,0.005711,0.002619,0.00322
URY,URY.8_2,MAIZ,0.3394203102372851,0.46785154602221357,0.4419458861303993,0.5786097881192274,0.5328952555807538,0.5612161855513926,3151.0474739616957,3177.474814851952,3625.500828382085,1097.9734285498819,2401.8242663497717,1847.3707584782462,1.077e-4,1.472e-4,1.219e-4,5.27e-4,2.219e-4,3.038e-4
URY,URY.9_2,MAIZ,0.29539206369225557,0.3516059257099657,0.3438536840316708,0.5540077281951461,0.5776670552100209,0.5401750716760645,273.35331991777275,275.6458913336733,314.51214111886316,95.2491780449951,208.35821817699468,160.25938489404717,0.001081,0.001276,0.001093,0.005816,0.002772,0.003371
USA,USA.10_1,MAIZ,17.836540573679297,16.650342857922396,16.29559595168163,19.497084710392205,18.524278077748363,23.39976585381002,119363.12872134087,127029.48923843254,115464.40897198593,129768.4448823829,125751.86960074052,126543.98232755279,1.494e-4,1.311e-4,1.411e-4,1.502e-4,1.473e-4,1.849e-4
USA,USA.11_1,MAIZ,97.31790450859913,87.90510667428856,81.81528588063759,76.08653588221465,67.13147661137846,60.8951636399924,224758.32657138567,239193.92640169073,217417.11713742788,244351.32377960876,236788.19479228582,238279.7268327189,4.33e-4,3.675e-4,3.763e-4,3.114e-4,2.835e-4,2.556e-4
USA,USA.13_1,MAIZ,13.424516537084239,12.383130835297592,11.112726517180885,9.904894402052319,12.760886035155096,11.547532401963528,14648.211351206286,15589.025162994252,14169.762241699751,15925.149329787731,15432.236479739493,15529.444187381247,9.165e-4,7.943e-4,7.843e-4,6.22e-4,8.269e-4,7.436e-4
USA,USA.14_1,MAIZ,9.71105166359065,8.93511893622552,8.53408246909302,7.723767917366019,7.278985348126233,6.464491132649767,2318658.1116543994,2467579.0488838498,2242924.5223228657,2520783.9354291176,2442760.9734171843,2458147.957815488,4.188e-6,3.621e-6,3.805e-6,3.064e-6,2.98e-6,2.63e-6
USA,USA.15_1,MAIZ,8.62996639907871,7.601260812644186,7.063198835282591,6.010610203292536,5.191097382549731,4.355499507298359,1437110.4597033113,1529412.0523725988,1390170.5797649254,1562388.5824514448,1514029.7432414768,1523566.6370642213,6.005e-6,4.97e-6,5.081e-6,3.847e-6,3.429e-6,2.859e-6
USA,USA.16_1,MAIZ,3.1609725238624544,2.7121406171669746,2.6542068827461502,2.25226618804339,1.8913437424787083,1.8350502979168681,1827662.497557186,1945048.157265823,1767966.141147021,1986986.455688003,1925485.5207719055,1937614.1801003006,1.73e-6,1.394e-6,1.501e-6,1.134e-6,9.823e-7,9.471e-7
USA,USA.17_1,MAIZ,33.37710328674226,31.87121912423621,32.351852947511986,31.994548964141664,31.204837203029093,29.48552872431432,827670.2795353772,880829.2308813449,800636.3495492426,899821.2949110648,871970.1483992067,877462.700153231,4.033e-5,3.618e-5,4.041e-5,3.556e-5,3.579e-5,3.36e-5
USA,USA.18_1,MAIZ,13.50612743777709,12.695403706542683,11.722897932857135,10.640622091719328,9.654170037419727,8.49711028892978,1385864.3511015275,1474874.5492853662,1340598.3064406146,1506675.1649935944,1460040.759914126,1469237.5764009466,9.746e-6,8.608e-6,8.745e-6,7.062e-6,6.612e-6,5.783e-6
USA,USA.19_1,MAIZ,27.102458152323837,24.179644403844435,21.528534265917383,19.971143016605982,17.143668104880142,14.419392802355286,239046.59687672745,254399.8924184287,231238.6942333984,259885.1543472707,251841.22434592745,253427.5756230397,1.134e-4,9.505e-5,9.31e-5,7.685e-5,6.807e-5,5.69e-5
USA,USA.1_1,MAIZ,21.420028101386638,19.507481844674356,17.597715095530152,15.662493626732742,14.400069571384996,13.460874178063591,251190.65740389764,267323.9320491964,242986.09719033033,273087.85660591756,264635.278357375,266302.21955368423,8.527e-5,7.297e-5,7.242e-5,5.735e-5,5.441e-5,5.055e-5
USA,USA.21_1,MAIZ,1.0249281190632225,0.9174413297087767,0.8257553297709773,0.7271338678241401,0.6342644397485565,0.5480628358230251,52964.23903142902,56365.98423765832,51234.285008495724,57581.32353863571,55799.07423281133,56150.55335582145,1.935e-5,1.628e-5,1.612e-5,1.263e-5,1.137e-5,9.761e-6
USA,USA.22_1,MAIZ,0,0,0,0,0,0,9.57522696473364,10.190217060343466,9.262474384670877,10.409934172471024,10.087727303778344,10.151270034453477,0,0,0,0,0,0
USA,USA.23_1,MAIZ,84.62110756599101,79.34995280117666,74.7405452190824,67.6500787351343,60.942907138231675,56.31241650345495,553022.2342364085,588542.8453694298,534971.4086463097,601237.0697363804,582631.1592400157,586298.5086578449,1.53e-4,1.348e-4,1.397e-4,1.125e-4,1.046e-4,9.605e-5
USA,USA.24_1,MAIZ,109.771309679334,108.17227976090577,120.75493777456948,120.68824032097122,128.24003090924793,119.497436313699,861710.4998695197,917056.8902490379,833573.8202539836,936833.2538215182,907839.0913185058,913555.630910292,1.274e-4,1.18e-4,1.449e-4,1.288e-4,1.413e-4,1.308e-4
USA,USA.25_1,MAIZ,43.91782281290278,41.75859435571788,38.892455525406334,39.254959571494645,39.017777523088135,37.0306623656085,162182.46060408978,172598.98726403204,156885.14669375916,176320.49298007574,170863.04502812825,171939.31365887218,2.708e-4,2.419e-4,2.479e-4,2.226e-4,2.284e-4,2.154e-4
USA,USA.26_1,MAIZ,100.92722758628597,92.77400653427259,84.78061304973721,77.55679611601896,74.57452739043401,64.90115886652416,1848191.885082891,1966896.090037896,1787824.983844972,2009305.4642640762,1947113.7144257633,1959378.6100384027,5.461e-5,4.717e-5,4.7420000000000003e-05,3.86e-5,3.83e-5,3.312e-5
USA,USA.27_1,MAIZ,1.2749855344884506,1.1154725920482798,0.9424648572932045,0.7693953153964842,0.5983801729425606,0.441546979286981,1781.245878124694,1895.650327954149,1723.0656129297836,1936.52353145858,1876.5845181196655,1888.4051493712002,7.158e-4,5.884e-4,5.47e-4,3.973e-4,3.189e-4,2.338e-4
USA,USA.28_1,MAIZ,23.39175669946724,21.754596065205806,20.41569884085671,20.493265835809595,21.65886143461863,21.289739938098524,1392489.790392191,1481925.522044618,1347007.341123864,1513878.1678188574,1467020.816374209,1476261.600331044,1.68e-5,1.468e-5,1.516e-5,1.354e-5,1.476e-5,1.442e-5
USA,USA.29_1,MAIZ,0,0,0,0,0,0,2.2212399486281216,2.363903989220623,2.148688297640573,2.414873478367193,2.34012864243813,2.3548691443959813,0,0,0,0,0,0
USA,USA.31_1,MAIZ,6.442379785746261,7.081625671862099,6.612578208129494,6.356996799627469,5.964683872782047,5.387728515477375,20976.655611352646,22323.927638168672,20291.501808972665,22805.266640366302,22099.40112458563,22238.60555105891,3.071e-4,3.172e-4,3.259e-4,2.788e-4,2.699e-4,2.423e-4
USA,USA.32_1,MAIZ,2.657019024939504,1.859115650634301,1.1479507324444425,0.5270775524303819,0.1744426859544233,0.09552009692186668,926.5896601617443,986.1019271599814,896.3247580406356,1007.3638361473949,976.1840475049606,982.3330440184504,0.002868,0.001885,0.001281,5.232e-4,1.787e-4,9.724e-5
USA,USA.33_1,MAIZ,57.007770768047116,52.53824385195096,49.52157720100833,46.527175293660314,42.23769741909862,39.45581178712594,278634.1912999172,296537.57663691917,269593.492504135,302952.41723713966,293592.5179351282,295428.93823180307,2.046e-4,1.772e-4,1.837e-4,1.536e-4,1.439e-4,1.336e-4
USA,USA.34_1,MAIZ,136.216826849511,125.86120968001907,127.22601279787439,115.8588194059208,110.07176566945238,101.10569489950863,271682.08480215,289131.46662080847,262808.2196403474,295365.5959327692,286223.4801222083,288026.4056933122,5.014e-4,4.353e-4,4.841e-4,3.923e-4,3.846e-4,3.51e-4
USA,USA.35_1,MAIZ,7.375411838108975,6.503498930003342,5.762921508803347,5.274130724894139,4.5267185177927445,3.6443090904138296,214867.59986475512,228667.98428621094,207849.75659175895,233598.5334621698,226368.31066219384,227794.14152883028,3.433e-5,2.844e-5,2.773e-5,2.258e-5,2e-5,1.6e-5
USA,USA.36_1,MAIZ,4.691416910454145,4.044486942452351,3.4402659137039193,2.8855281972614932,2.50976279556324,2.140405908941116,482680.60984815937,513681.8378600728,466914.9672548009,524757.6264618896,508515.3996770151,511718.5450548379,9.72e-6,7.874e-6,7.368e-6,5.499e-6,4.935e-6,4.183e-6
USA,USA.37_1,MAIZ,172.24511549963887,159.84954275113014,148.91472045541406,136.3093706480277,123.05921040587815,125.87478357517251,99799.93865672988,106209.81009292768,96540.20513605652,108499.86069882203,105141.5877462601,105803.87602901475,0.001726,0.001505,0.001543,0.001256,0.00117,0.00119
USA,USA.38_1,MAIZ,6.989511646373247,6.4813281154588065,6.014729672706687,5.393096532138076,4.666924438678244,3.866605300290816,71345.4352496486,75927.75337193519,69015.10208551466,77564.87519205202,75164.09770949495,75637.55737720474,9.797e-5,8.536e-5,8.715e-5,6.953e-5,6.209e-5,5.112e-5
USA,USA.39_1,MAIZ,13.19190744950471,12.095259417785051,11.089131481814736,9.850823729592628,8.806542860452508,7.683527525863902,281344.26390711823,299414.2205145988,272154.80607526854,305870.06217840477,296402.81355526135,298269.85888528725,4.689e-5,4.04e-5,4.075e-5,3.221e-5,2.971e-5,2.576e-5
USA,USA.3_1,MAIZ,4.330162793925841,3.730035914656269,3.1326750661259215,2.5370211339558852,1.9434473681700648,1.3509816292044392,2738.3697687626545,2914.2476139676796,2648.927271629093,2977.083377521476,2884.937097149702,2903.1093549297293,0.001581,0.00128,0.001183,8.522e-4,6.737e-4,4.654e-4
USA,USA.41_1,MAIZ,21.52794795430527,19.45364557114477,17.60392517361418,17.761072718931523,15.745850621473693,14.17313747918728,34863.57882984047,37102.76916515393,33724.84088979861,37902.763242279914,36729.60206212654,36960.962322109415,6.175e-4,5.243e-4,5.22e-4,4.686e-4,4.287e-4,3.835e-4
USA,USA.42_1,MAIZ,8.598151612217148,8.163714035849877,7.140476432856093,6.151020384918297,5.230644306941946,4.337023552963513,212882.61203463443,226555.46787513213,205929.29527153834,231440.36020308358,224276.84960689305,225689.5725148468,4.039e-5,3.603e-5,3.467e-5,2.658e-5,2.332e-5,1.922e-5
USA,USA.43_1,MAIZ,22.654934573561285,20.39269609342844,18.26502395572217,16.23804293432759,14.138433182274447,12.299535253100279,913287.6519744977,971945.568123715,883457.2290982049,992902.243738054,962170.0683397886,968230.7906090445,2.481e-5,2.098e-5,2.067e-5,1.635e-5,1.469e-5,1.27e-5
USA,USA.44_1,MAIZ,65.56998056804369,57.23106607855855,49.27589087771793,41.90177160042626,34.79125838657016,27.88760764385462,876160.3566289712,932081.4634605623,847547.7336905202,952064.1781696087,922099.7053796969,928044.1685997108,7.484e-5,6.14e-5,5.814e-5,4.401e-5,3.773e-5,3.005e-5
USA,USA.45_1,MAIZ,1.5905677671694094,1.379496544423284,1.1720648797814173,0.9679232999806207,0.7672678499509518,0.5785954463784249,1498.6719086708356,1594.9274213386627,1449.7212667872857,1629.316565847992,1578.8861807856838,1588.8316061853945,0.001061,8.649e-4,8.085e-4,5.941e-4,4.86e-4,3.642e-4
USA,USA.46_1,MAIZ,0.006053673702389374,0.00512179894849168,0.004189924194593985,0.0032580494406962922,0.00232676005312287,0.00139605603187372,1422.7152683849906,1530.2757335091585,1506.4213730677104,1608.7019481167044,1595.7377595206365,1577.863833233546,4.255e-6,3.347e-6,2.781e-6,2.025e-6,1.458e-6,8.848e-7
USA,USA.47_1,MAIZ,9.958725634302644,9.233642868320274,8.460900657774134,7.592422737018431,6.946946220669736,6.149944483245072,76124.7541667481,81014.03460006944,73638.31563531887,82760.82464573008,80199.22284136488,80704.39883035648,1.308e-4,1.14e-4,1.149e-4,9.174e-5,8.662e-5,7.62e-5
USA,USA.48_1,MAIZ,18.66442908022428,17.013029208929,16.112469266163515,14.316026286275465,12.747111739686817,10.936951404901837,182397.09825483558,194112.15615500146,176441.14090739912,198298.08530023997,192160.84844196786,193370.92452458065,1.023e-4,8.765e-5,9.132e-5,7.219e-5,6.634e-5,5.656e-5
USA,USA.49_1,MAIZ,4.229127863549618,3.861319565334785,3.4916968767733594,3.1283194440613307,2.778574012776985,2.484127140558793,16412.67075842165,17466.810779969965,15876.588935575812,17843.422700984742,17291.135504928487,17400.052601254574,2.577e-4,2.211e-4,2.199e-4,1.753e-4,1.607e-4,1.428e-4
USA,USA.4_1,MAIZ,30.001538348376634,27.473737538953458,25.05865689588484,22.56999834438039,20.354386648705272,18.155566391552437,258856.7746171618,275482.42256862926,250401.81846558256,281422.257016733,272711.7135386022,274429.52830931346,1.159e-4,9.973e-5,1.001e-4,8.02e-5,7.464e-5,6.616e-5
USA,USA.50_1,MAIZ,44.56759796056222,40.30527379512525,35.52089543614137,30.488285936918913,27.23150885032783,23.225375181962146,598582.2997851947,637027.5697648069,579030.9973119245,650762.8864067903,630620.5619293656,634592.8493751087,7.446e-5,6.327e-5,6.135e-5,4.685e-5,4.318e-5,3.66e-5
USA,USA.51_1,MAIZ,0.5670459611538029,0.48357424721092007,0.4104635993462898,0.3282771833912695,0.24995694566448548,0.1733038962161146,1718.035451973388,1828.3800726034408,1661.9198087387194,1867.8028235659665,1809.9908442445176,1821.3920010439494,3.301e-4,2.645e-4,2.47e-4,1.758e-4,1.381e-4,9.515e-5
USA,USA.5_1,MAIZ,28.75514291599534,23.46880994855551,18.992885149224964,14.72252640918647,10.7442912250067,7.086744342179748,134680.12027161007,143330.05195093178,130281.10937658313,146420.40955425668,141888.14812242254,142781.9794159707,2.135e-4,1.637e-4,1.458e-4,1.005e-4,7.572e-5,4.963e-5
USA,USA.6_1,MAIZ,2.6189374464088733,2.2748959715337853,1.9545565236610756,1.6514646726113182,1.5548310989664675,1.3595997864506515,7909.320865520879,8417.314463292563,7650.981244293456,8598.805006113427,8332.655961401351,8385.143473961842,3.311e-4,2.703e-4,2.555e-4,1.921e-4,1.866e-4,1.621e-4
USA,USA.7_1,MAIZ,0,0,0,0,0,0,9.851008592850798,10.483711372501208,9.529248245552312,10.709756683754586,10.378269749412716,10.443642610881108,0,0,0,0,0,0
USA,USA.8_1,MAIZ,0.11181645063048419,0.09613437712115977,0.08045230361183534,0.06477023010251091,0.0527918199207148,0.04451707306644702,52542.825409077195,55917.504394854914,50826.63588469308,57123.17376482645,55355.10504857791,55703.78760369398,2.128e-6,1.719e-6,1.583e-6,1.134e-6,9.537e-7,7.992e-7
UZB,UZB.10_1,MAIZ,0.013632415040039812,0.005046339165282221,0.0023612065736583173,0.0020612914207600724,0.00177480999828874,0.00150176230624432,514.9365810907328,639.1639303759404,711.0932176435352,846.5048957429766,939.0430425630256,865.7787080742693,2.647e-5,7.895e-6,3.321e-6,2.435e-6,1.89e-6,1.735e-6
UZB,UZB.11_1,MAIZ,0,0,0,0,0,0,38.40557172534582,51.46212715246172,44.578817455204785,46.38616978722268,47.654428669758794,47.733629366412195,0,0,0,0,0,0
UZB,UZB.12_1,MAIZ,0,0,0,0,0,0,5.427231500363838,6.736539496737438,7.494646238407489,8.921832715122225,9.897148829474121,9.124971208788615,0,0,0,0,0,0
UZB,UZB.14_1,MAIZ,0.003995936905871089,0.0019310544371670569,7.573576525698946e-4,1.1759160547851832e-4,0,0,451.9926887022683,602.2251611203516,599.1669170165349,682.3565745193391,785.4083421670205,725.0693069291673,8.841e-6,3.207e-6,1.264e-6,1.723e-7,0,0
UZB,UZB.1_1,MAIZ,0.0011220088420304095,9.933013137900953e-4,8.73590634621093e-4,7.628768045234055e-4,6.632998963824016e-4,5.748599101980813e-4,535.9234463664638,571.2979796380405,618.1342174759294,701.1050255976131,738.2357465942034,706.8808564237128,2.094e-6,1.739e-6,1.413e-6,1.088e-6,8.985e-7,8.132e-7
UZB,UZB.3_1,MAIZ,6.335933188762639e-5,4.525666563401885e-5,2.715399938041131e-5,9.051333126803773e-6,0,0,87.85956623393736,109.05549874949307,121.3282255490941,144.4324518513427,160.22150576256468,147.72099038848597,7.211e-7,4.15e-7,2.238e-7,6.267e-8,0,0
UZB,UZB.5_1,MAIZ,1.543369252431518e-4,0,0,0,0,0,31.809094943491974,39.482971092708944,43.92624743378032,52.29101133538346,58.00735545655414,53.481609457331814,4.852e-6,0,0,0,0,0
UZB,UZB.6_1,MAIZ,1.910576398194128e-4,6.935087146741356e-5,6.3731154685604485e-6,2.124371822853483e-6,0,0,69.6599367558012,86.46524756945183,96.19574601517722,114.51405797589209,127.03249556937085,117.12139370876451,2.743e-6,8.021e-7,6.625e-8,1.855e-8,0,0
UZB,UZB.8_1,MAIZ,0.00250785122121858,0.0014894740706667489,7.916536627991861e-4,3.6301738021483014e-4,8.531999462020029e-5,0,224.47699698464677,275.5031796882286,305.92588815969543,363.02539761705805,401.3943785637321,370.951661346622,1.117e-5,5.406e-6,2.588e-6,1e-6,2.126e-7,0
UZB,UZB.9_1,MAIZ,0.003940736980522411,0.002537660798983521,0.0018443866060839412,0.0015586982417172056,0.0013373973426658232,0.0011590776969770465,304.4426998590699,377.888850320189,420.41514815729437,500.4737386456971,555.1844822447941,511.8688728781238,1.294e-5,6.715e-6,4.387e-6,3.114e-6,2.409e-6,2.264e-6
VCT,VCT.1_1,MAIZ,2.005572954350074e-4,1.8207342685450703e-4,1.6358955827400668e-4,1.4510568969350638e-4,1.26621821113006e-4,1.0813795253250566e-4,207.0954847013172,194.3962332809534,156.29847901986204,154.58896440558232,104.2803914710642,129.82025488930114,9.684e-7,9.366e-7,1.047e-6,9.387e-7,1.214e-6,8.33e-7
VCT,VCT.3_1,MAIZ,1.5195384567321911e-4,1.42744521693024e-4,1.335351977128289e-4,1.2432587373263382e-4,1.1511654975243872e-4,1.0590722577224362e-4,3.9618843414541383,3.71893860353478,2.990101389776708,2.957397155826025,1.9949582709916474,2.483554075509188,3.835e-5,3.838e-5,4.466e-5,4.204e-5,5.77e-5,4.264e-5
VCT,VCT.5_1,MAIZ,4.947690127766087e-4,4.642113368669568e-4,4.3365366095730494e-4,4.0309598504765305e-4,3.7253830913800106e-4,3.419806332283492e-4,13.166542956638898,12.359160605524247,9.9370135521803,9.828327466453327,6.629851229345294,8.253603235758632,3.758e-5,3.756e-5,4.364e-5,4.101e-5,5.619e-5,4.143e-5
VCT,VCT.6_1,MAIZ,6.190386236590259e-4,5.872930532149732e-4,5.555474827709207e-4,5.238019123268681e-4,4.920563418828154e-4,4.603107714387629e-4,9.465807742500619,8.885357267724636,7.144005843396693,7.065868279484541,4.766391398641231,5.933753580561452,6.54e-5,6.61e-5,7.776e-5,7.413e-5,1.032e-4,7.757e-5
VEN,VEN.12_1,MAIZ,17.588191822126266,15.168900763262931,12.800228057434609,10.497303347230778,8.293924148551469,6.1409100206812255,380.92304877418155,380.92304877418155,380.92304877418155,380.92304877418155,380.92304877418155,380.92304877418155,0.04617,0.03982,0.0336,0.02756,0.02177,0.01612
VEN,VEN.13_1,MAIZ,121.2556672108169,102.55761739553677,83.98227898324564,66.43938733858361,51.520418826176225,39.17092964931736,449033.53329430986,449033.53329430986,449033.53329430986,449033.53329430986,449033.53329430986,449033.53329430986,2.7e-4,2.284e-4,1.87e-4,1.48e-4,1.147e-4,8.723e-5
VEN,VEN.14_1,MAIZ,13.631931202967802,15.180356238317374,14.252380167324786,13.896202892628018,13.021957323512488,12.139898503820145,483.86684045229475,483.86684045229475,483.86684045229475,483.86684045229475,483.86684045229475,483.86684045229475,0.02817,0.03137,0.02946,0.02872,0.02691,0.02509
VEN,VEN.15_1,MAIZ,4.739082681211203,4.110334604924854,3.496671525431542,2.874737866505233,2.259066805690385,1.6571236213589964,397.4804387494957,397.4804387494957,397.4804387494957,397.4804387494957,397.4804387494957,397.4804387494957,0.01192,0.01034,0.008797,0.007232,0.005683,0.004169
VEN,VEN.16_1,MAIZ,5.219791872255413,4.473925720020631,3.749052698565775,3.034787311190945,2.333517037304694,1.6381886258185414,23.075806319467628,23.075806319467628,23.075806319467628,23.075806319467628,23.075806319467628,23.075806319467628,0.2262,0.1939,0.1625,0.1315,0.1011,0.07099
VEN,VEN.17_1,MAIZ,12.37416128720697,11.249308278698342,10.0707091354794,9.385161253181305,12.788610802745902,11.528006019789093,7526.416698845302,7526.416698845302,7526.416698845302,7526.416698845302,7526.416698845302,7526.416698845302,0.001644,0.001495,0.001338,0.001247,0.001699,0.001532
VEN,VEN.18_1,MAIZ,0.07815391103104657,0.06993670564796786,0.06171950026488915,0.05350229488181041,0.04528508949873169,0.03706788411565297,8.618041396428849,8.618041396428849,8.618041396428849,8.618041396428849,8.618041396428849,8.618041396428849,0.009069,0.008115,0.007162,0.006208,0.005255,0.004301
VEN,VEN.19_1,MAIZ,73.9155213870421,72.06511588266238,68.15474216650902,65.93211698559386,66.89145287783951,64.68158983665452,166950.36951179648,166950.36951179648,166950.36951179648,166950.36951179648,166950.36951179648,166950.36951179648,0.00044270000000000003,4.317e-4,4.082e-4,3.949e-4,4.007e-4,3.874e-4
VEN,VEN.1_1,MAIZ,68.39141314707658,60.356224130296475,52.23648629765185,44.8268926586273,37.423780775919674,29.5413639596766,207.05147936259442,207.13134378135217,207.31830714958082,207.21961116338184,207.10031448163613,207.1935719704221,0.3303,0.2914,0.252,0.2163,0.1807,0.1426
VEN,VEN.20_1,MAIZ,5.892504013747304,4.184869957794586,2.9190244827011056,2.0598784492624844,1.597003708917282,1.1853041009466017,0.04615042928997531,0.04615042928997531,0.04615042928997531,0.04615042928997531,0.04615042928997531,0.04615042928997531,127.7,90.68,63.25,44.63,34.6,25.68
VEN,VEN.21_1,MAIZ,7.7479091246289356,6.719686533068282,5.726444299045889,4.7578030030549465,3.802840104677233,2.861159632713536,664.5659663182132,708.5902514928989,811.6515241866263,757.2465675162538,691.4857290945928,742.8927805055978,0.01166,0.009483,0.007055,0.006283,0.0055,0.003851
VEN,VEN.22_1,MAIZ,13.727063981524807,11.520281080335895,9.372895469634338,7.363398221121743,5.476797214126071,3.6243796989602104,52.39835627201255,52.39835627201255,52.39835627201255,52.39835627201255,52.39835627201255,52.39835627201255,0.262,0.2199,0.1789,0.1405,0.1045,0.06917
VEN,VEN.24_1,MAIZ,5.000586593129325,3.869276463338143,2.873102230568299,1.9802864843736525,1.197576888132026,0.6879455286610506,3.641704971894722,3.641704971894722,3.641704971894722,3.641704971894722,3.641704971894722,3.641704971894722,1.373,1.062,0.7889,0.5438,0.3289,0.1889
VEN,VEN.25_1,MAIZ,48.55140061784379,44.6329182526206,40.98913216977923,37.564314836557095,34.89800366634201,31.673802647673043,9038.615468529886,9061.385284475004,9114.689641399693,9086.550834716722,9052.538648458241,9079.126907512653,0.005372,0.004926,0.004497,0.004134,0.003855,0.003489
VEN,VEN.2_1,MAIZ,23.380782494694557,20.240291979622437,17.202117797403467,14.279761576478672,11.49846064648912,8.81212103638628,30007.132418851073,30007.132418851073,30007.132418851073,30007.132418851073,30007.132418851073,30007.132418851073,7.792e-4,6.745e-4,5.733e-4,4.759e-4,3.832e-4,2.937e-4
VEN,VEN.3_1,MAIZ,28.129189870003678,26.980505701493417,26.483079689950646,24.926619697789874,23.891833637074754,23.934352597807514,2420.1221760011426,2464.19810004899,2567.3802598387233,2512.911488147943,2447.073514672736,2498.5408646711435,0.01162,0.01095,0.01032,0.009919,0.009763,0.009579
VEN,VEN.4_1,MAIZ,18.059478858631355,15.3975327235126,12.779551223937103,10.348286906314428,8.207444490882938,6.293198536557977,26162.71036318186,26162.71036318186,26162.71036318186,26162.71036318186,26162.71036318186,26162.71036318186,6.903e-4,5.885e-4,4.885e-4,3.955e-4,3.137e-4,2.405e-4
VEN,VEN.5_1,MAIZ,37.59263719436551,35.77814272393359,36.17368242046855,33.68588599185589,33.37365071471404,34.70476005718549,91213.099109103,91213.099109103,91213.099109103,91213.099109103,91213.099109103,91213.099109103,4.121e-4,3.922e-4,3.966e-4,3.693e-4,3.659e-4,3.805e-4
VEN,VEN.6_1,MAIZ,42.14286778357802,41.00650553888665,38.569293574283414,37.53106318651768,42.0338396802038,39.88651684638474,32256.3510619728,32256.292564996344,32256.372464178563,32256.455109475446,32256.391858000978,32256.41448335527,0.001306,0.001271,0.001196,0.001164,0.001303,0.001237
VEN,VEN.7_1,MAIZ,1.3068443639901335,1.121147371425957,0.9398347493470112,0.7630288332977868,0.5901924685144728,0.4214079464416637,5.685962443690211,5.685962443690211,5.685962443690211,5.685962443690211,5.685962443690211,5.685962443690211,0.2298,0.1972,0.1653,0.1342,0.1038,0.07411
VEN,VEN.8_1,MAIZ,6.110958482571552,5.378020465210907,4.66038318029596,3.981362516515796,3.3306564308449587,2.7550045955310396,20908.360911061318,20908.360911061318,20908.360911061318,20908.360911061318,20908.360911061318,20908.360911061318,2.923e-4,2.572e-4,2.229e-4,1.904e-4,1.593e-4,1.318e-4
VEN,VEN.9_1,MAIZ,11.02717432630226,10.004724671855591,8.841797343734765,7.711550306990988,7.413469712357746,6.394740466167847,26.04571519399536,26.04571519399536,26.04571519399536,26.04571519399536,26.04571519399536,26.04571519399536,0.4234,0.3841,0.3395,0.2961,0.2846,0.2455
VNM,VNM.10_1,MAIZ,7.144747294964512,6.607870808709073,6.197305504152419,6.3372847298157655,6.378057321809823,7.02366708937456,8180.640074573305,7975.168514246169,7946.809864809049,7981.313207005402,7914.923591540228,7950.051064638217,8.734e-4,8.286e-4,7.798e-4,7.94e-4,8.058e-4,8.835e-4
VNM,VNM.11_1,MAIZ,1.8919071817637796,1.4918574019297368,1.1564507896114573,0.8317478266910895,0.6001069351977305,0.4357035468878013,55110.6255451456,53759.80627715375,53481.34831222541,53649.00097743347,53225.27515740771,53465.77196497349,3.433e-5,2.775e-5,2.162e-5,1.55e-5,1.127e-5,8.149e-6
VNM,VNM.12_1,MAIZ,0.057048888919035125,0.050814778644971914,0.044580668370908696,0.03834655809684551,0.03638423140040535,0.029960933808129607,675.2636034450596,658.7121838688117,655.3002732445808,657.3545003870912,652.1626408995063,655.109418209462,8.448e-5,7.714e-5,6.803e-5,5.833e-5,5.579e-5,4.573e-5
VNM,VNM.13_1,MAIZ,25.67526860330127,25.290888929979257,24.015777075959896,23.579297481018294,22.73316512812938,38.69736821877656,706.6662303229677,689.3450994064359,685.7745204403503,687.9242778737716,682.4909748588599,685.5747898351207,0.03633,0.03669,0.03502,0.03428,0.03331,0.05645
VNM,VNM.14_1,MAIZ,23.73219204248684,22.615854099251408,21.1150266711328,19.030216621476654,16.835119429165125,15.430150238871091,60057.286991046894,58600.649745470975,58302.25055673996,58494.103032741856,58039.16446620799,58295.8049436892,3.952e-4,3.859e-4,3.622e-4,3.253e-4,2.901e-4,2.647e-4
VNM,VNM.15_1,MAIZ,28.332349375386006,26.554977276322763,24.01680614242002,21.03661967778037,19.832180636877915,18.460864425941384,365526.66870543855,356566.88974696875,354720.87143582175,355833.4977344482,353022.8571286927,354617.9371031359,7.751e-5,7.447e-5,6.771e-5,5.912e-5,5.618e-5,5.206e-5
VNM,VNM.16_1,MAIZ,66.44033279518882,61.11176541136388,54.99224606953056,51.5809820627445,49.58133004899189,47.31476530270229,228767.94623892193,223160.52157459274,222004.83896040116,222700.93611378086,220941.96354967306,221940.27262722354,2.904e-4,2.738e-4,2.477e-4,2.316e-4,2.244e-4,2.132e-4
VNM,VNM.17_1,MAIZ,39.94174477209908,37.599709706815425,36.261832410677876,34.66247441389061,35.00206783488061,35.621664601153896,155851.90263441813,152031.80894197218,151244.3345990755,151718.4534572075,150520.16411476038,151200.28495653754,2.563e-4,2.473e-4,2.398e-4,2.285e-4,2.325e-4,2.356e-4
VNM,VNM.18_1,MAIZ,0.3241162331619225,0.28752598380306216,0.25151514856202944,0.2512917494640677,0.2175463660765708,0.9687786807807078,7877.531688023414,7666.553518637285,7673.599088420433,7732.284960636222,7659.111119007233,7691.42279234768,4.114e-5,3.75e-5,3.278e-5,3.25e-5,2.84e-5,1.26e-4
VNM,VNM.19_1,MAIZ,0.04929375297365968,0.0375242912295202,0.026467650818119526,0.015411010406718844,0.00517844114282772,4.520793768958414e-4,56.872224322940966,55.47822642019441,55.190867608907816,55.36387925393515,54.92660913316351,55.17479336721158,8.667e-4,6.764e-4,4.796e-4,2.784e-4,9.428e-5,8.194e-6
VNM,VNM.1_1,MAIZ,1.6181637078159576,1.6088062055731644,1.4438170394297996,1.3604708061834385,1.2011161218716249,1.8306974893122379,12486.521503996983,12170.798465200349,12133.015888786811,12189.758341645278,12086.943844855643,12140.318119684138,1.296e-4,1.322e-4,1.19e-4,1.116e-4,9.937e-5,1.508e-4
VNM,VNM.20_1,MAIZ,171.32003908614078,149.62827538042353,125.74614289435773,104.30629206133476,86.33240993210451,69.43318398150723,58858.317007393605,57502.57208999315,57223.14250259101,57391.665125614025,56966.44050471786,57207.75125973973,0.002911,0.002602,0.002197,0.001817,0.001515,0.001214
VNM,VNM.21_1,MAIZ,31.145384270614827,30.288371100966643,28.178466300061704,27.787018248622328,25.880727520369735,29.47583825576784,125716.46644144757,122619.91779375637,122024.26382796981,122436.02320180017,121458.79071812106,122005.66024987643,2.477e-4,2.47e-4,2.309e-4,2.27e-4,2.131e-4,2.416e-4
VNM,VNM.22_1,MAIZ,0.0014769496252840428,9.948463456506212e-4,6.505104020750386e-4,3.061744584994559e-4,6.700324335583227e-5,0,1558.9886266329677,1520.7761793126076,1512.8990631299393,1517.641680287677,1505.6551762751299,1512.4584339777564,9.474e-7,6.542e-7,4.3e-7,2.017e-7,4.45e-8,0
VNM,VNM.23_1,MAIZ,0.014843842220274,0.01399562266482977,0.01314740310938554,0.01229918355394132,0.01236540939530409,0.01147029520412617,193.7225622538386,188.9742189507333,187.99539517741727,188.5847208029481,187.09525755087063,187.94064185407265,7.662e-5,7.406e-5,6.993e-5,6.522e-5,6.609e-5,6.103e-5
VNM,VNM.24_1,MAIZ,0.6520020425869698,0.5920506348644197,0.6023250450924208,0.5796153999023329,0.524217470853605,0.5208822389971993,5242.952739179866,5114.442465322547,5087.951349761329,5103.900996341975,5063.589814482038,5086.469493010783,1.244e-4,1.158e-4,1.184e-4,1.136e-4,1.035e-4,1.024e-4
VNM,VNM.25_1,MAIZ,1.4900578351059415,1.8769066064936246,1.7627738025644124,1.6492312308894481,1.6299917594327604,1.5095304604003927,1155.2277978958134,1126.9119522148544,1121.0749220877478,1124.5892538037072,1115.7071218892552,1120.7484110173853,0.00129,0.001666,0.001572,0.001467,0.001461,0.001347
VNM,VNM.26_1,MAIZ,74.508243268697,67.99393894021026,60.883484500134124,55.56336413107474,52.00352767681156,46.017256249443115,80179.44237853953,78260.85009377218,77871.01623890144,78142.62302503592,77546.79010081859,77880.21421483943,9.293e-4,8.688e-4,7.819e-4,7.111e-4,6.706e-4,5.909e-4
VNM,VNM.27_1,MAIZ,1.6543925072884398,1.5473178604544051,2.7112692747788265,2.864613236761209,2.9422655027377846,2.741573739596373,10127.011909244446,9878.788219549904,9827.61937326738,9858.4268721913,9780.563912313624,9824.757096663507,1.634e-4,1.566e-4,2.759e-4,2.906e-4,3.008e-4,2.79e-4
VNM,VNM.28_1,MAIZ,0.00880457776935836,0.00776874509061032,0.00673291241186227,0.00569707973311423,0.31883179587514937,0.30168465300046365,670.8852475042138,654.4411460269444,651.0513579620741,653.092265657827,647.9340697776327,650.8617404159485,1.312e-5,1.187e-5,1.034e-5,8.723e-6,4.921e-4,4.635e-4
VNM,VNM.29_1,MAIZ,12.689719442670638,11.662493840829546,10.889496315235506,10.175624127289808,9.293174339141393,8.467961030040968,5894.117491302504,5749.646486005405,5719.865224307838,5737.795786639357,5692.478032710319,5718.199323769058,0.002153,0.002028,0.001904,0.001773,0.001633,0.001481
VNM,VNM.2_1,MAIZ,0.04420686269683877,0.03949881386492409,0.034914279487841045,0.05319488821866933,0.04836622861475468,0.055943829068848275,110.50725624928977,107.79860742671072,107.2402463959548,107.576421785941,106.72677115487225,107.20901286557532,4e-4,3.664e-4,3.256e-4,4.945e-4,4.532e-4,5.218e-4
VNM,VNM.30_1,MAIZ,9.608070293101733,9.142804245476986,8.36121449802105,7.396323248362531,6.752990353628271,6.063766426542131,25635.50646206811,25007.153295484586,24877.62453603534,24955.610603872716,24758.50839554236,24870.378972286384,3.748e-4,3.656e-4,3.361e-4,2.964e-4,2.728e-4,2.438e-4
VNM,VNM.31_1,MAIZ,0.04022318183304203,0.0353195045910994,0.03054740575759661,0.02584780487181252,0.02114820398602842,0.01644860310024433,1447.5326061318876,1412.052062841599,1404.7381015195542,1409.141657040708,1398.01209836704,1404.3289740544137,2.779e-5,2.501e-5,2.175e-5,1.834e-5,1.513e-5,1.171e-5
VNM,VNM.32_1,MAIZ,22.548577102245908,22.048904874501257,20.65625043258119,20.071951394115274,19.57413508456023,18.674896714998305,6548.415018145676,6387.906493812703,6354.819256979123,6374.740265311377,6324.391852532796,6352.968427211481,0.003443,0.003452,0.00325,0.003149,0.003095,0.00294
VNM,VNM.33_1,MAIZ,0.32721352444767393,0.31165740254956725,0.28515770489521214,0.2610568177771939,0.24713627808167926,0.3566936164890453,637.3759327707049,616.9398369972143,626.3229088856187,637.6029471285347,629.3109363164915,631.5368268639288,5.134e-4,5.052e-4,4.553e-4,4.094e-4,3.927e-4,5.648e-4
VNM,VNM.34_1,MAIZ,175.3216860527913,169.27765122372955,157.8512344491795,145.85206869365305,138.17994217219803,129.68555411290183,12242.090026577464,11939.47683663509,11884.535001839218,11926.876946432025,11830.923543338351,11884.027264947807,0.01432,0.01418,0.01328,0.01223,0.01168,0.01091
VNM,VNM.35_1,MAIZ,25.4127771715499,25.84540303633874,28.660504886294284,31.704681899595958,33.94722239034046,36.14081515725742,27172.229107979645,26511.824997196294,26376.370609226895,26462.36227259895,26255.92703953833,26372.522706664473,9.352e-4,9.749e-4,0.001087,0.001198,0.001293,0.00137
VNM,VNM.36_1,MAIZ,25.67400689002126,22.649434481722466,19.269075025447517,17.223068070285603,15.372846500530965,12.44689904268779,32036.476248373343,31252.518363915715,31091.069725639518,31189.293223217494,30943.54636264058,31082.895101836726,8.014e-4,7.247e-4,6.198e-4,5.522e-4,4.968e-4,4.004e-4
VNM,VNM.37_1,MAIZ,11.880738781961016,10.402618161067437,9.006934416057048,7.81147863056548,6.642864289867095,6.09193058078091,33281.93317188428,32466.15806209588,32297.994132032483,32399.241482145975,32143.348643227888,32288.587398881256,3.57e-4,3.204e-4,2.789e-4,2.411e-4,2.067e-4,1.887e-4
VNM,VNM.38_1,MAIZ,88.63773571244174,77.76215997985818,66.86993313166691,56.7594684776346,46.427780677928055,36.72206900427727,72913.0197730013,71135.95550726155,70770.85805884583,70998.66408325623,70442.53105423921,70757.14906474263,0.001216,0.001093,9.449e-4,7.994e-4,6.591e-4,5.19e-4
VNM,VNM.39_1,MAIZ,5.728646054553625,5.016456556655893,4.330694898727807,4.38843828068799,3.985353412160165,5.018839180417853,2984.4858719788836,2899.406818483151,2915.555289461686,2947.779093869434,2916.4293345325577,2928.0768063723986,0.001919,0.00173,0.001485,0.001489,0.001367,0.001714
VNM,VNM.3_1,MAIZ,0.4451463778115987,0.4981228720762209,0.4533356258490801,0.40282527801754514,0.35683562163830107,0.3171185225359941,5253.940006706234,5125.16042339125,5098.613792362275,5114.59686343531,5074.20120441881,5097.12883019435,8.473e-5,9.719e-5,8.891e-5,7.876e-5,7.032e-5,6.222e-5
VNM,VNM.40_1,MAIZ,0.0106379776880558,0.00901983763012906,0.00740169757220231,0.005783557514275568,0.00455994686153617,0.00373086561398414,589.475796706504,575.0271263034853,572.0486765199505,573.8419275929677,569.3096597612375,571.8820683638049,1.805e-5,1.569e-5,1.294e-5,1.008e-5,8.01e-6,6.524e-6
VNM,VNM.41_1,MAIZ,7.704635573531085,8.044992564448043,9.492132002140334,9.305107672458977,9.528423324623557,9.048611364466732,24799.432707853575,24217.119292772728,24097.081170459787,24169.35316001309,23986.692729292452,24090.366492798847,3.107e-4,3.322e-4,3.939e-4,3.85e-4,3.972e-4,3.756e-4
VNM,VNM.42_1,MAIZ,0.4501233306620014,0.4236320919424807,0.39714085322296,0.37064961450343936,0.3444342121894656,0.5356919678271835,3140.3845252673073,3063.4104048745085,3047.5429550796944,3057.096354813978,3032.9510653166735,3046.6553636327412,1.433e-4,1.383e-4,1.303e-4,1.212e-4,1.136e-4,1.758e-4
VNM,VNM.43_1,MAIZ,1.8020651912735646,2.438503795862254,2.3087601907320945,2.102262409679325,1.9039616579517777,1.7310956414913832,20020.59519917287,19529.86940021503,19428.71115458327,19489.616036554595,19335.68486567315,19423.052577132414,9.001e-5,1.249e-4,1.188e-4,1.079e-4,9.847e-5,8.913e-5
VNM,VNM.44_1,MAIZ,2.7655555837986903,2.8605535040160466,3.804583859667361,3.770719189424726,3.7990500388907407,3.7840906527294322,25516.753904331123,24891.311487562678,24762.382750254903,24840.007559576195,24643.818397040723,24755.17075047039,1.084e-4,1.149e-4,1.536e-4,1.518e-4,1.542e-4,1.529e-4
VNM,VNM.45_1,MAIZ,0.7771104258871012,0.7137646345592048,0.7213153717915908,0.7158435977946151,0.9305887752726761,0.8781739146931551,8669.088272042536,8456.599820714682,8412.79743861253,8439.169771340657,8372.516263045098,8410.347226372201,8.964e-5,8.44e-5,8.574e-5,8.482e-5,1.111e-4,1.044e-4
VNM,VNM.46_1,MAIZ,25.902105915810456,29.67880936447779,27.83635884310185,26.385395178056783,26.099863082178654,25.120902380001827,4742.742223641606,4626.492634466367,4602.52893718093,4616.956887622845,4580.491644885997,4601.188458841753,0.005461,0.006415,0.006048,0.005715,0.005698,0.00546
VNM,VNM.47_1,MAIZ,1.1438846597864352,1.2096104058138315,1.4532765264355936,1.2974118311405136,1.1250161817513462,0.9676527687644636,4433.048588319857,4324.795836583265,4302.480607847094,4315.916056078245,4281.959266234832,4301.232341338035,2.58e-4,2.797e-4,3.378e-4,3.006e-4,2.627e-4,2.25e-4
VNM,VNM.48_1,MAIZ,0.757010007065064,0.6852278898180274,0.612010883553913,0.5403046765447136,0.4771797184949914,0.433287314254363,12466.7728280086,12161.199142731593,12098.208164919748,12136.133477334262,12040.280935517343,12094.684583382448,6.072e-5,5.635e-5,5.059e-5,4.452e-5,3.963e-5,3.582e-5
VNM,VNM.49_1,MAIZ,25.994836545047654,25.607032109962887,25.95696370297356,25.6388579818584,26.341097799795534,32.57992900217443,1897.1859781076125,1851.5914549143897,1842.3027032278114,1848.6123933267054,1834.4267450457696,1842.3857323019947,0.0137,0.01383,0.01409,0.01387,0.01436,0.01768
VNM,VNM.4_1,MAIZ,14.135114030570369,13.7522392050933,13.127422404532824,13.125455638954373,11.958263345031233,11.427565806573257,30737.545477551637,29984.135980360585,29828.828101418803,29922.335140583946,29686.00518543972,29820.140508467462,4.599e-4,4.587e-4,4.401e-4,4.387e-4,4.028e-4,3.832e-4
VNM,VNM.50_1,MAIZ,7.0757827413064165,6.682318378658866,6.357060037238299,5.93460390190562,5.442286755758049,5.183057291949671,3757.641002029876,3665.7732019092387,3646.8355680819795,3658.2374498155164,3629.4203016873676,3645.7762370597948,0.001883,0.001823,0.001743,0.001622,0.001499,0.001422
VNM,VNM.51_1,MAIZ,0.8549502576944581,0.820618725646874,0.7420970603230194,0.6723117603680364,0.5807647325808399,0.822419432025876,2462.2547455929985,2401.9022977637364,2389.461240548167,2396.951693912404,2378.02030090301,2388.765314226144,3.472e-4,3.417e-4,3.106e-4,2.805e-4,2.442e-4,3.443e-4
VNM,VNM.52_1,MAIZ,824.9945599131768,719.9979271767386,616.0459829471378,518.995499524239,424.45719330730367,335.30934851957886,311713.65890063235,304107.1635961493,302539.16019783233,303483.21632799465,301097.20619563584,302451.4494173895,0.002647,0.002368,0.002036,0.00171,0.00141,0.001109
VNM,VNM.53_1,MAIZ,0.7009536964572358,0.6722636994801129,0.658522826666067,0.9663676130545467,1.959162957563355,2.061971052175581,23504.730438561368,22916.874367073025,22828.82754713894,22923.096413136715,22734.111755428177,22835.329943228033,2.982e-5,2.933e-5,2.885e-5,4.216e-5,8.618e-5,9.03e-5
VNM,VNM.54_1,MAIZ,0.09314301787464882,0.12207303888511205,0.11700251197596453,0.17721196171846945,0.1828470293652915,0.18039091103596433,683.2877215183189,666.5443486860252,663.0928688060794,665.1709196204413,659.9188481172656,662.8998003508212,1.363e-4,1.831e-4,1.764e-4,2.664e-4,2.771e-4,2.721e-4
VNM,VNM.55_1,MAIZ,0.1442149897978432,0.13250640889877016,0.12091528342170456,0.10932415794463891,0.09886819822537654,0.08954740426391741,2454.9249343497154,2394.7521478863014,2382.3481260754643,2389.8162813369627,2370.9412446154706,2381.654271435337,5.875e-5,5.533e-5,5.075e-5,4.575e-5,4.17e-5,3.76e-5
VNM,VNM.56_1,MAIZ,2.842249316534714,2.643800148446271,2.513341408677056,2.1818499324944107,1.8750688625705363,1.6541956904059096,14433.579430094023,14079.797250933489,14006.868571300864,14050.777128607388,13939.802516734884,14002.789095826445,1.969e-4,1.878e-4,1.794e-4,1.553e-4,1.345e-4,1.181e-4
VNM,VNM.57_1,MAIZ,22.65914248089889,22.13403330884133,22.2066034561776,31.552487052334644,38.06429046879444,38.28442807442259,38323.90127943742,37391.03941565182,37198.73921509638,37314.518417718435,37021.89773368649,37187.982350227256,5.913e-4,5.92e-4,5.97e-4,8.456e-4,0.001028,0.001029
VNM,VNM.58_1,MAIZ,2.133649102958025,2.0696130462066917,1.9216865912945877,2.1868403000593966,2.2700558057125906,2.1105836400439486,2432.3446367433535,2372.725317071179,2360.4353869378856,2367.834850417401,2349.133425499895,2359.747914343926,8.772e-4,8.723e-4,8.141e-4,9.236e-4,9.663e-4,8.944e-4
VNM,VNM.59_1,MAIZ,0.7946405358829213,0.716761272127994,0.648546659796127,0.627908905213807,0.580780176124579,0.5398514675281842,2640.4995228582634,2575.7781084791372,2562.436432236921,2570.4691260796926,2550.1672729518564,2561.6901271990137,3.009e-4,2.783e-4,2.531e-4,2.443e-4,2.277e-4,2.107e-4
VNM,VNM.5_1,MAIZ,3.112036156767027e-4,1.0373453855890088e-4,0,0,0,0,389.32110061990966,379.7784318704439,377.8113055620431,378.9956637415233,376.00231353034917,377.70126869354874,7.993e-7,2.731e-7,0,0,0,0
VNM,VNM.60_1,MAIZ,70.07087190147777,97.19432242497884,106.58600867857247,111.26681198029989,115.57853974428059,115.86649264922978,18175.930773700522,17730.41963569524,17638.5819429843,17693.875150178104,17554.126941994393,17633.444737471615,0.003855,0.005482,0.006043,0.006288,0.006584,0.006571
VNM,VNM.61_1,MAIZ,0.05884703828626047,0.052385861526025215,0.04963417648622228,0.0500038367828283,0.048613251665858614,0.09418730777763554,678.9249657404403,662.2838023319135,658.8533919087139,660.9187573234002,655.6987469352281,658.661502034125,8.668e-5,7.91e-5,7.533e-5,7.566e-5,7.414e-5,1.43e-4
VNM,VNM.62_1,MAIZ,0.04859721897828946,0.04375752930269558,0.038381056554535296,0.03183268867579152,0.026410384727545897,0.023069813603442988,10911.259426214268,10643.81300684975,10588.681585920045,10621.87485319811,10537.982095637248,10585.597651304946,4.454e-6,4.111e-6,3.625e-6,2.997e-6,2.506e-6,2.179e-6
VNM,VNM.63_1,MAIZ,142.32602039300437,141.5697968195441,138.44986065909794,129.07814499627247,119.74835963039217,116.23880228489007,39257.839339474696,38295.5884981002,38097.230051941784,38216.656774655734,37914.817338031455,38086.13430167833,0.003625,0.003697,0.003634,0.003378,0.0031580000000000002,0.003052
VNM,VNM.6_1,MAIZ,0.00251952993066796,0.00193790533623315,0.00135628074179834,0.0011025523521394766,5.530029398604938e-4,0.05877428823549139,103.28261620822519,100.75105089495564,100.22919386943053,100.54339109919678,99.74928813240348,100.20000229558732,2.439e-5,1.923e-5,1.353e-5,1.097e-5,5.544e-6,5.866e-4
VNM,VNM.7_1,MAIZ,4.946673927621388,4.878603111012106,5.058490630252352,4.9508742861802215,4.755613894130414,4.3120792654449795,41967.60311258301,40938.93311736636,40726.883022850976,40854.55314897674,40531.87931126413,40715.02139085268,1.179e-4,1.192e-4,1.242e-4,1.212e-4,1.173e-4,1.059e-4
VNM,VNM.8_1,MAIZ,1.4041160653907927,1.2885741197012996,1.1515018091442284,1.0642169764058267,0.9081517897608605,0.778428775009831,11104.600527035913,10832.415114388317,10776.306797098987,10810.088229554389,10724.70894166149,10773.16821697597,1.264e-4,1.19e-4,1.069e-4,9.845e-5,8.468e-5,7.226e-5
VNM,VNM.9_1,MAIZ,0.46428759312589424,0.39642360468037735,0.31651656308018383,0.29810553864635725,0.5982827622226737,0.5800616256565477,2763.7189525723625,2695.9773006582363,2682.0130324693955,2690.420573550656,2669.1713304525147,2681.2319009600697,1.68e-4,1.47e-4,1.18e-4,1.108e-4,2.241e-4,2.163e-4
VUT,VUT.1_1,MAIZ,0.12013388556666749,0.10248655736780739,0.08488578881641266,0.13381655532346368,0.12412952642860801,0.11854827334853918,10.76034795909019,10.889850856605364,11.220549819855883,11.192896740685242,11.214177093791866,11.203331870984158,0.01116,0.009411,0.007565,0.01196,0.01107,0.01058
VUT,VUT.2_1,MAIZ,0.690205165919024,0.6545067510663954,0.618808336213767,0.5831099213611385,0.5474115065085099,0.5117130916558814,0.02043952570270489,0.020685519402202316,0.021313689604961106,0.021261161952080724,0.021301584466848753,0.021280983719440538,33.77,31.64,29.03,27.43,25.7,24.05
VUT,VUT.3_1,MAIZ,0.2866599991057186,0.2704502710550713,0.25424054300442406,0.23815354150660792,0.4347208197482373,0.40834191145253995,34.67090964129329,35.088180836900044,36.15372573534751,36.06462476827155,36.13319217914893,36.098247794317196,0.008268,0.007708,0.007032,0.006604,0.01203,0.01131
VUT,VUT.4_1,MAIZ,0.17590122081090587,0.15941165142972966,0.14303139131833165,0.2618081495182273,0.36778856505187485,0.4810695722505018,113.63051985509891,114.99808544157787,118.4903047687376,118.19828505211689,118.42300804391967,118.30848123583971,0.001548,0.001386,0.001207,0.002215,0.003106,0.004066
VUT,VUT.5_1,MAIZ,0.00454287892185912,0.0037665308910396,0.00299018286022008,0.00241615107018101,0.00204443552092239,0.00167271997166378,0.3775147915038872,0.382058256040579,0.3936604598574737,0.3926902824564051,0.3934368798802727,0.39305638734948917,0.01203,0.009859,0.007596,0.006153,0.005196,0.004256
VUT,VUT.6_1,MAIZ,0.006997676411912309,0.00644413751639202,0.00589059862087174,0.00533705972535147,0.004783520829831181,0.03365484772424182,0.026285158811823424,0.026601505851967414,0.027409330543231414,0.02734178016471209,0.027393763377811322,0.027367270888448147,0.2662,0.2422,0.2149,0.1952,0.1746,1.23
XCA,NA,MAIZ,0,0,0,0,0,0,4.397294723591451,4.821829148212202,5.017114972286609,4.7475770359093294,4.42066893414601,4.6498530492148245,0,0,0,0,0,0
XKO,XKO.1_1,MAIZ,0.13952697591693425,0.11806128731432897,0.0965955987117237,0.07512991010911843,0.05366422150651317,0.03219853290390789,4.022326794609641,4.1749640815894065,4.045445410749534,4.123013709165897,4.136336643140151,4.123257145808763,0.03469,0.02828,0.02388,0.01822,0.01297,0.007809
XKO,XKO.3_1,MAIZ,0.02217230066976458,0.02046713485598911,0.01876196904221364,0.01705680322843816,0.01535163741466269,0.01364647160088722,1.6953545478866276,1.2979338354800536,0.9224009276704258,1.4279727753781382,1.0998514948632192,1.181166919570659,0.01308,0.01577,0.02034,0.01194,0.01396,0.01155
XKO,XKO.4_1,MAIZ,0.00524194320133928,0.00477467683353114,0.00430741046572301,0.00384014409791487,0.00337287773010674,0.00290561136229861,0.015386322766731386,0.01177950001517512,0.008371321745744183,0.012959678582548928,0.009981788243959195,0.01071977273930983,0.3407,0.4053,0.5145,0.2963,0.3379,0.2711
XKO,XKO.5_1,MAIZ,7.326068894512274e-5,6.68901942542425e-5,6.051969956336226e-5,5.414920487248202e-5,4.777871018160179e-5,4.140821549072155e-5,0.0239719491210743,0.018352505619213602,0.013042550972544918,0.020191228295176115,0.015551663873769094,0.016701446511433418,0.003056,0.003645,0.00464,0.002682,0.003072,0.002479
XKO,XKO.7_1,MAIZ,0,0,0,0,0,0,2.533512328947648,2.2686432075547116,2.4877285105970897,2.254087169188175,2.2073216645291756,2.253073668344715,0,0,0,0,0,0
YEM,YEM.12_1,MAIZ,0,0,0,0,0,0,0.0346042159850348,0.03790402492586566,0.038806893779199124,0.024097923131676184,0.023294659027286977,0.024788915279949614,0,0,0,0,0,0
YEM,YEM.18_1,MAIZ,0,0,0,0,0,0,0.021478361220662698,0.023526507273761797,0.024086905560929114,0.01495724965749094,0.01445867466890791,0.015386138986111388,0,0,0,0,0,0
YEM,YEM.2_1,MAIZ,0,0,0,0,0,0,1.9776124888086475,2.16619480995968,2.2177932834197,1.3771834553386049,1.3312773401606512,1.4166732881001742,0,0,0,0,0,0
YEM,YEM.5_1,MAIZ,0,0,0,0,0,0,173.06402868670256,189.56716892382173,194.08263377935285,120.51952461382042,116.50220712669307,123.97534297487783,0,0,0,0,0,0
Z01,Z01.14_1,MAIZ,6.00948698417376,4.60470803287489,3.396081353083701,2.3582220617083043,1.6365091511305272,1.2522242618359898,4733.067317160791,5021.243084468274,5320.6603271091535,5615.753434619058,6162.252191129509,5842.551548427182,0.00127,9.17e-4,6.383e-4,4.199e-4,2.656e-4,2.143e-4
Z06,Z06.1_1,MAIZ,8.44767295289755e-5,7.699967373580782e-5,6.952261794264013e-5,6.204556214947247e-5,5.456850635630478e-5,4.70914505631371e-5,49.4005246929852,52.48522192631532,57.31146026306637,56.96356470691247,59.67825959181307,58.735227319510535,1.71e-6,1.467e-6,1.213e-6,1.089e-6,9.144e-7,8.018e-7
Z07,Z07.3_1,MAIZ,81.66109168635722,80.74535144903476,86.67918067439605,91.49588115691698,103.04190435381196,112.21035607570035,9538.47281124161,10119.170954684474,10721.350558434337,11318.52429755914,12422.034858042301,11776.017300702744,0.008561,0.007979,0.008085,0.008084,0.008295,0.009529
ZAF,ZAF.1_1,MAIZ,41.04634589839062,36.36408246431991,31.058129369296058,26.14560595086496,21.438049232335253,17.08894991303063,14546.311018434379,14982.443075357029,14205.871358274188,15089.925410963448,11799.793536434338,12890.216292533214,0.002822,0.002427,0.002186,0.001733,0.001817,0.001326
ZAF,ZAF.2_1,MAIZ,1.3816006179378924,1.1210381718665865,0.8807578823185177,0.6759540396106822,0.5174190112617941,0.38792636737838176,529166.2885714909,544986.2921737817,516746.68896404054,548869.8730248301,429226.60836482124,468878.2678318367,2.611e-6,2.057e-6,1.704e-6,1.232e-6,1.205e-6,8.273e-7
ZAF,ZAF.3_1,MAIZ,0.46519370071892735,0.41403131513585845,0.3507320639383243,0.2906625145736814,0.48062030655068605,0.49538393485303833,106886.2623965522,110066.86767385388,104366.1932524989,110842.69910397912,86690.72936616748,94694.81919372987,4.352e-6,3.762e-6,3.361e-6,2.622e-6,5.544e-6,5.231e-6
ZAF,ZAF.4_1,MAIZ,148.6296480801137,146.20907499099755,136.58963874360037,128.9172875190929,139.35862023596155,131.28487287502983,200975.09866158557,206946.36298010589,196243.92404288033,208402.90792422532,163060.03053337635,178086.89863632503,7.395e-4,7.065e-4,6.96e-4,6.186e-4,8.546e-4,7.372e-4
ZAF,ZAF.5_1,MAIZ,9.213047894705525,8.578833308485802,8.219905784394774,7.236501777961241,6.371252928300807,5.65291459844339,550.9406706941503,616.8126998199159,447.9344561210562,496.2359376575796,348.28706035629983,408.3636600432547,0.01672,0.01391,0.01835,0.01458,0.01829,0.01384
ZAF,ZAF.6_1,MAIZ,30.57870735528231,34.511212647637315,33.318635402565995,32.3089473204071,31.88920129808422,31.450290249845022,19540.667613580044,20111.541960412575,19088.42164187983,20250.812950534964,15916.001382336623,17352.582080652297,0.001565,0.001716,0.001745,0.001595,0.002004,0.001812
ZAF,ZAF.7_1,MAIZ,4.228048084911253,3.8892965773084818,4.080274067400196,3.5918395379247836,3.1202846707049985,2.7962037712456427,103703.90447105045,106789.8127651191,101258.86472577749,107542.54351838004,84109.65785141503,91875.43963198444,4.077e-5,3.642e-5,4.03e-5,3.34e-5,3.71e-5,3.043e-5
ZAF,ZAF.8_1,MAIZ,3.090432669380618,2.6643058765731578,2.2592328524133345,1.8654451099574811,1.5011067489591667,1.1616358810216991,111189.42515585752,114498.11463159078,108567.98748263242,115305.17029118093,90180.79386151786,98507.15152976662,2.779e-5,2.327e-5,2.081e-5,1.618e-5,1.665e-5,1.179e-5
ZAF,ZAF.9_1,MAIZ,46.38879040556625,40.87208364009919,33.954846199298544,32.02629038588693,34.36254852015779,36.092406651818465,16881.243632703434,17383.577341280412,16483.232698106523,17506.10945248159,13691.631555957907,14955.769597718852,0.002748,0.002351,0.00206,0.001829,0.00251,0.002413
ZMB,ZMB.10_1,MAIZ,36.60222442221968,34.735703019376245,33.937459899248026,33.98529334600216,39.23641725876251,35.74821359144944,36595.492605504514,39109.99562481149,29237.131673318894,35237.11398981915,16327.670602495262,22229.650242922566,0.001,8.882e-4,0.001161,9.645e-4,0.002403,0.001608
ZMB,ZMB.1_1,MAIZ,12.665566543310675,12.66674071894349,12.713032847294114,12.34009979904384,16.70250104285604,23.277442539166614,402673.52889197884,430343.2549646858,321698.08015411027,387722.66027388576,179639.5081668887,244586.3942281322,3.145e-5,2.943e-5,3.952e-5,3.183e-5,9.298e-5,9.517e-5
ZMB,ZMB.2_1,MAIZ,24.7826890545074,23.713851329333785,23.190861116628405,22.87722748695897,34.067230422799234,36.759157726291704,138008.90564385176,147490.33111926386,110266.82021216812,132889.3882660846,61596.39340571965,83847.94880899167,1.796e-4,1.608e-4,2.103e-4,1.722e-4,0.00055309999999999995,4.384e-4
ZMB,ZMB.3_1,MAIZ,18.638237543057194,19.164289369829753,19.54102804351645,20.667381235502013,20.106937206017754,18.71326842260345,385425.57275814086,413921.8098066944,310487.5476117853,371053.5517848976,176428.3971299215,237816.3906016327,4.836e-5,4.63e-5,6.294e-5,5.57e-5,1.14e-4,7.869e-5
ZMB,ZMB.4_1,MAIZ,1.1191796962826235,0.9970486335823031,0.8855698975107464,0.7779382307250724,0.7339806319206145,1.2170612191519699,76418.59125621295,81664.8767990546,61079.0751962597,73593.20002084655,34164.855456530386,46470.17691161686,1.465e-5,1.221e-5,1.45e-5,1.057e-5,2.148e-5,2.619e-5
ZMB,ZMB.5_1,MAIZ,4.971912640733416,6.204103979104082,5.789139753271726,6.926125979800506,8.884316698692604,8.511348999131243,68690.67015556167,73413.3190748525,54875.62659663188,66138.203409651,30644.092165614096,41723.09561376458,7.238e-5,8.451e-5,1.055e-4,1.047e-4,2.899e-4,2.04e-4
ZMB,ZMB.6_1,MAIZ,6.417598659943796,6.182056574212249,6.023953881163638,6.457796497439521,8.249908561928159,8.276334685125757,102699.5011160866,109794.2807740649,82462.88104560167,99310.83615018068,47941.26535003867,63975.00399735314,6.249e-5,5.631e-5,7.305e-5,6.503e-5,1.721e-4,1.294e-4
ZMB,ZMB.7_1,MAIZ,792.5251118818053,791.301801628437,940.5012720953305,990.6139104739616,1375.5298662739647,1363.6212399183414,96244.1016936844,102857.30524897012,76891.13855813378,92671.17214265621,42939.29658798659,58461.55648106913,0.008235,0.007693,0.01223,0.01069,0.03203,0.02333
ZMB,ZMB.8_1,MAIZ,36.20957640432869,37.149303445683955,37.230311130176716,39.380858876375804,44.23499385772797,43.480910849892695,199968.72599565712,213671.73368909454,160089.5560351846,192982.27232907925,91215.88646224148,122955.11177563279,1.811e-4,1.739e-4,2.326e-4,2.041e-4,4.849e-4,3.536e-4
ZMB,ZMB.9_1,MAIZ,15.951896679578544,15.318307236782552,14.126600506739942,13.808888836001955,13.454705727929111,16.468484111675266,274953.76158405276,293848.06527368934,219661.01607890683,264744.3182858869,122656.5073244533,167005.1454452173,5.802e-5,5.213e-5,6.431e-5,5.216e-5,1.097e-4,9.861e-5
ZWE,ZWE.10_1,MAIZ,13.829950504167943,14.772352922098133,14.145627946857674,13.819839434333964,13.349126364212914,13.076798004556883,28334.857381138674,34634.52716910658,20481.46896616057,24059.62611921137,14957.500326404386,18793.90353663354,4.881e-4,4.265e-4,6.907e-4,5.744e-4,8.925e-4,6.958e-4
ZWE,ZWE.1_1,MAIZ,0.01927753888989625,0.020261594801762338,0.01847067939824953,0.01667976399473673,0.01488884859122392,0.01309793318771112,81.89875444043197,100.10724944291707,59.199408519186406,69.54167388107426,43.23299142808834,54.32168830143806,2.354e-4,2.024e-4,3.12e-4,2.399e-4,3.444e-4,2.411e-4
ZWE,ZWE.2_1,MAIZ,0,0,0,0,0,0,128.43017861676427,156.98397386663603,92.83402002964338,109.05232514068535,67.79615696457151,85.18498454567077,0,0,0,0,0,0
ZWE,ZWE.3_1,MAIZ,44.73326381107066,44.87865654914777,45.482644145480556,46.86903705198634,51.01518284780397,54.436713851170545,35000.71828511705,42773.54062869936,25362.1511944069,29758.028010327558,18551.856217431454,23276.86784090351,0.001278,0.001049,0.001793,0.001575,0.00275,0.002339
ZWE,ZWE.4_1,MAIZ,7.8469598199765045,7.344667714265263,7.470950751975321,6.888552103704653,6.35494518562051,6.166466397996025,24136.54028057355,29499.577764374477,17449.94420371735,20498.010953769804,12741.745065684365,16009.84078586759,3.251e-4,2.49e-4,4.281e-4,3.361e-4,4.987e-4,3.852e-4
ZWE,ZWE.5_1,MAIZ,11.657406860032607,11.75631166233607,11.233333713077597,10.58145662533206,9.981166386415229,10.436165068805836,11955.219677291067,14613.188882009481,8641.857233878896,10151.503027791194,6311.189790311766,7929.826955218402,9.751e-4,8.045e-4,0.0013,0.001042,0.001582,0.001316
ZWE,ZWE.6_1,MAIZ,27.39694344328472,28.4747970179814,28.73390810690408,27.34507789333885,26.19266401316454,24.9147472027187,51903.43469135355,63443.09042417324,37517.696756636346,44072.11993973649,27398.960612175528,34426.43566854816,5.278e-4,4.488e-4,7.659e-4,6.205e-4,9.56e-4,7.237e-4
ZWE,ZWE.7_1,MAIZ,14.541642735913914,16.517574535688947,17.576359810476028,17.279408492405388,17.367143280912213,20.662553660889277,37679.964679426645,46056.87966397587,27239.592640987335,31996.64942254557,19894.430965955144,24995.416076015084,3.859e-4,3.586e-4,6.453e-4,5.4e-4,8.73e-4,8.267e-4
ZWE,ZWE.8_1,MAIZ,6.728855738344972,6.632868980876945,6.292596557248612,5.842672981472231,5.481174045362133,7.880096644041657,11967.97885762998,14624.88024537836,8652.838468557247,10165.13262057986,6315.604076138139,7936.67358767702,5.622e-4,4.535e-4,7.272e-4,5.748e-4,8.679e-4,9.929e-4
ZWE,ZWE.9_1,MAIZ,2.712643142757433,2.7685184979873125,2.5523920840324834,2.7631100684460335,2.873063991133381,4.068306751979356,3383.9638384095892,4135.0772570623885,2443.8059729893107,2870.407835630073,1784.1357869553349,2242.4291196202257,8.016e-4,6.695e-4,0.001044,9.626e-4,0.00161,0.001814
