GID_0,GID_1,crop_type,LD_2020,LD_2021,LD_2022,LD_2023,LD_2024,LD_2025,production_2020,production_2021,production_2022,production_2023,production_2024,production_2025,EF_2020,EF_2021,EF_2022,EF_2023,EF_2024,EF_2025
AGO,AGO.10_1,BANA,0.17370593932034473,0.18044000122509002,0.186467387689141,0.18483523640916005,0.1778310956465827,0.17028519252033686,40516.03212861768,41877.26021468104,44221.76289651973,47156.84320212269,50234.85819033853,48156.97315168228,4.287e-6,4.309e-6,4.217e-6,3.92e-6,3.54e-6,3.536e-6
AGO,AGO.11_1,BANA,0.11491094556402633,0.09806858484608257,0.08356925778362038,0.07016397816569675,0.05710875056496845,0.04405352296424015,7663.056351424647,7920.514127584262,8363.944918387348,8919.07543330037,9501.240099138106,9108.23640883453,1.5e-5,1.238e-5,9.992e-6,7.867e-6,6.011e-6,4.837e-6
AGO,AGO.12_1,BANA,0.571315111357269,0.6554888135320481,0.7451929235573883,0.8792544619801447,0.8675535642375221,0.9902823782342263,52307.81496923099,54065.214624075954,57092.06092472398,60881.366447647764,64855.20633584556,62172.574028093026,1.092e-5,1.212e-5,1.305e-5,1.444e-5,1.338e-5,1.593e-5
AGO,AGO.13_1,BANA,6.4781872066007145,6.4755983825935415,5.981633470430654,5.9683642657999965,6.91685852281059,7.152265092840014,28345.94899061856,29298.295502973488,30938.563563202104,32992.01332752949,35145.46348699609,33691.72726901839,2.285e-4,2.21e-4,1.933e-4,1.809e-4,1.968e-4,2.123e-4
AGO,AGO.14_1,BANA,7.111166116150271,9.551089265824807,11.967561587017006,12.859226684493056,16.8614426994207,17.971746811281918,66484.66341039329,68718.3666229735,72565.57138310379,77381.8827529098,82432.74236853173,79023.04304353354,1.07e-4,1.39e-4,1.649e-4,1.662e-4,2.045e-4,2.274e-4
AGO,AGO.15_1,BANA,35.55305481495638,35.296813573269816,37.58105733159453,42.35402999959708,67.37976742769473,68.71230720503452,41219.65574637553,42604.52366536894,44989.742265627334,47975.794784315774,51107.26426764718,48993.29353867597,8.625e-4,8.285e-4,8.353e-4,8.828e-4,0.001318,0.001402
AGO,AGO.16_1,BANA,0.9896634825893355,1.0261688419957895,0.968008937737331,0.9016796820674122,0.8593199330329455,0.7950543575869203,24803.775748754255,25637.114908977037,27072.411400451707,28869.25748532139,30753.60769209014,29481.533606283567,3.99e-5,4.003e-5,3.576e-5,3.123e-5,2.794e-5,2.697e-5
AGO,AGO.17_1,BANA,76.37407850825343,101.44785371802703,104.41181917414166,120.03150003474612,137.15020815026875,139.28158114266404,326060.37977253244,337014.94574549654,355882.46774711413,379502.69544629887,404273.197824198,387551.2981045271,2.342e-4,3.01e-4,2.934e-4,3.163e-4,3.393e-4,3.594e-4
AGO,AGO.18_1,BANA,31.138279335895657,37.50671815781329,41.48160317296025,45.61958715254279,49.17602621617041,54.34281878892942,172138.07672907825,177921.36697928843,187882.17793296036,200352.10512261573,213429.30173994496,204601.2381754982,1.809e-4,2.108e-4,2.208e-4,2.277e-4,2.304e-4,2.656e-4
AGO,AGO.1_1,BANA,35.564081305779396,36.4953471315077,33.94293809762082,32.41801156080151,46.340283694355584,43.80830246393081,260207.57160455227,268949.8357421176,284007.01971129276,302857.09161272773,322625.13807156007,309280.2621896922,1.367e-4,1.357e-4,1.195e-4,1.07e-4,1.436e-4,1.416e-4
AGO,AGO.2_1,BANA,8.033253774598741,7.483286311481093,7.15063769731959,6.782161707243809,7.233472079698336,7.727404079329795,550908.4623531817,569417.4829163143,601296.3787404285,641205.5330453173,683058.2124704652,654804.5955328817,1.458e-5,1.314e-5,1.189e-5,1.058e-5,1.059e-5,1.18e-5
AGO,AGO.3_1,BANA,1.0243696195817547,0.9831446805222708,1.046714121192085,1.0144147586793306,0.9779623508600358,1.2881602840151258,105061.78052089062,108591.56956743069,114671.07965884448,122282.0115956034,130263.5862499371,124875.44011593428,9.75e-6,9.054e-6,9.128e-6,8.296e-6,7.508e-6,1.032e-5
AGO,AGO.4_1,BANA,27.170356765423826,28.035648511833877,27.36121308206145,33.208134273422196,32.03569893095544,33.445686846852226,309253.2885286908,319642.4397332483,337535.730996065,359936.5557609033,383428.2694815698,367569.6516826913,8.786e-5,8.771e-5,8.106e-5,9.226e-5,8.355e-5,9.099e-5
AGO,AGO.5_1,BANA,0.8815454869811097,1.586974337781,1.5953747911274363,1.5289886624968887,1.508316320741547,1.5329824532977518,31821.061504750094,32890.1623118358,34731.52140149219,37036.71680240123,39454.17229117248,37822.2131840965,2.77e-5,4.825e-5,4.593e-5,4.128e-5,3.823e-5,4.053e-5
AGO,AGO.6_1,BANA,43.67609031438141,45.87466168256947,44.96499638066215,43.64590105712594,50.640002243237745,79.885991250791,87248.99900932705,90180.32721924131,95229.08203105876,101549.6125771625,108177.94493224152,103703.33623651086,5.006e-4,5.087e-4,4.722e-4,4.298e-4,4.681e-4,7.703e-4
AGO,AGO.7_1,BANA,1.3561633896386613,1.3449776879997126,1.4259902367186947,1.3741856533777546,1.2922719856700076,1.294281381315514,451236.9200698901,466397.2488779524,492508.5463981567,525197.2507869212,559477.8535567676,536335.9416803506,3.005e-6,2.884e-6,2.895e-6,2.617e-6,2.31e-6,2.413e-6
AGO,AGO.8_1,BANA,0.0018111802874426184,0.005536686901203728,0.005055224191149249,0.006792496857621544,0.007311831086809635,0.010105623754545087,8820.667151904729,9117.017491120409,9627.434644695528,10266.425312825344,10936.53401481862,10484.161673723462,2.053e-7,6.073e-7,5.251e-7,6.616e-7,6.686e-7,9.639e-7
AGO,AGO.9_1,BANA,1.8495574804710386,1.9333521334273782,2.0580165136907156,2.1827078005595784,2.526407402176127,2.7784516288611734,112679.59506902978,116465.3218906321,122985.64480846397,131148.4298334276,139708.73212037314,133929.9025446506,1.641e-5,1.66e-5,1.673e-5,1.664e-5,1.808e-5,2.075e-5
ALB,ALB.7_1,BANA,0,0,0,0,0,0,0.2817147709623398,0.08645526374000824,0.08704339478585862,0.08116208432735467,0.06410628399769319,0.07550857662727675,0,0,0,0,0,0
ARE,ARE.1_1,BANA,0,0,0,0,0,0,0.03949384857746818,0.02758940711540949,0.027546473362307915,0.029201548168284165,0.030066418273876738,0.02920616083131707,0,0,0,0,0,0
ARE,ARE.4_1,BANA,0,0,0,0,0,0,0.003227011365692038,0.0012032142377794597,0.0011939942053060541,0.0014752051957449316,0.001507475309401852,0.0013926728433952794,0,0,0,0,0,0
ARG,ARG.10_1,BANA,4.108561383375702,4.0682049602647465,4.050101661358714,4.026575607515587,3.949474464685721,3.719532399949992,11941.488948097667,11949.553452530334,11929.331434258062,11941.885219996375,11954.439680814585,11948.246909876212,3.441e-4,3.404e-4,3.395e-4,3.372e-4,3.304e-4,3.113e-4
ARG,ARG.14_1,BANA,57.67614591445434,62.802007958312515,65.0932009282351,64.17949431191941,63.664390658386594,63.5639405322013,23078.7524170333,23105.988086853024,23069.738697156794,23090.15486123242,23120.083041254402,23105.132377068105,0.002499,0.002718,0.002822,0.00278,0.002754,0.002751
ARG,ARG.17_1,BANA,54.68454043639947,51.6416088613435,49.70387629068305,45.192158699524896,40.78772954817198,36.88569443752906,23562.158424857967,23578.06926632003,23538.172291935618,23562.940248392057,23587.709536745486,23575.491526645295,0.002321,0.00219,0.002112,0.001918,0.001729,0.001565
ARG,ARG.22_1,BANA,0.17105656424596904,0.14804034942311242,0.1250256672623246,0.10237172732022001,0.07937685686219867,0.056406345860264204,16.92487159132239,16.936301548052555,16.90764054404685,16.925433234098264,16.943226880951684,16.93444976334248,0.01011,0.008741,0.007395,0.006048,0.004685,0.003331
ARG,ARG.24_1,BANA,0.19349208527096934,0.18296163290290685,0.2049883136565989,0.1912616309946263,0.1782396233002762,0.16147945854273427,23.47136106662158,23.48721209626999,23.447465102036087,23.472139951135524,23.496816127125108,23.48464404679834,0.008244,0.00779,0.008742,0.008148,0.007586,0.006876
ARG,ARG.3_1,BANA,0.7277086864672665,1.006857821396569,0.9421020872546598,0.9271115241888354,0.8715065557395271,0.8257348095560095,236.4354090272464,236.63002759473977,236.1780648500544,236.38632504661007,236.62340119865354,236.5144787524369,0.003078,0.004255,0.003989,0.003922,0.003683,0.003491
ARG,ARG.7_1,BANA,0.10360611746233277,0.1021870685355323,0.11493678582578708,0.16574677584679434,0.1953078699085394,0.19816137172164336,307.59856716167803,307.8813724865836,307.4025010876196,307.7124676283365,308.08363201737853,307.8959393588755,3.368e-4,3.319e-4,3.739e-4,5.386e-4,6.339e-4,6.436e-4
ARG,ARG.8_1,BANA,0,0,0,0,0,0,0.47358662342234226,0.47390645300477047,0.47310446948378965,0.47360233914014616,0.47410023556944625,0.47385463692667396,0,0,0,0,0,0
ARG,ARG.9_1,BANA,110.50156592917001,121.60111959134777,127.51015177801888,125.54828506926351,118.99875793183071,109.55857948886117,17675.57881815748,17687.603517197473,17657.54171390757,17676.022396514138,17694.57641436188,17685.44437015646,0.006252,0.006875,0.007221,0.007103,0.006725,0.006195
ATG,ATG.1_1,BANA,8.231148533225123e-4,7.042425518633021e-4,5.853702504040919e-4,4.664979489448818e-4,3.4762564748567164e-4,2.287533460264615e-4,0.03327735673367533,0.03618027508703849,0.0498452322138456,0.03419779426035145,0.016780284140172453,0.024285177718255977,0.02473,0.01946,0.01174,0.01364,0.02072,0.009419
ATG,ATG.3_1,BANA,8.321553989289493e-4,7.212013457384227e-4,6.102472925478961e-4,4.992932393573696e-4,3.883391861668429e-4,2.7738513297631643e-4,0.3778643779287824,0.4108270151523571,0.565992600131623,0.3883159458289402,0.1905401224874924,0.27575818731156837,0.002202,0.001755,0.001078,0.001286,0.002038,0.001006
ATG,ATG.4_1,BANA,3.604767680771208e-4,2.949355375176443e-4,2.2939430695816777e-4,1.638530763986913e-4,9.831184583921476e-5,3.277061527973826e-5,0.5659842151709351,0.6153573062815911,0.8477721010219964,0.5816390977182163,0.28540055105428,0.4130444422361342,6.369e-4,4.793e-4,2.706e-4,2.817e-4,3.445e-4,7.934e-5
ATG,ATG.5_1,BANA,0,0,0,0,0,0,1.7117120233972156,1.8610315828850577,2.56392609462051,1.7590572495762873,0.8631398926492342,1.2491746572109963,0,0,0,0,0,0
ATG,ATG.6_1,BANA,0.040978050522316296,0.03792220749545451,0.03488843089581815,0.03185465429618179,0.02882087769654542,0.02578710109690906,1.3563908261939122,1.4747142812448704,2.031700301362796,1.39390801925885,0.6839672889531003,0.9898680515149533,0.03021,0.02571,0.01717,0.02285,0.04214,0.02605
ATG,ATG.7_1,BANA,0.3771157769963352,0.3510197305717304,0.32492368414712575,0.29884858037124856,0.2727944192440989,0.24674025811694933,1.9955584506747255,2.169639081478265,2.989091806968099,2.0507547482465793,1.0062709634253402,1.4563203444810024,0.189,0.1618,0.1087,0.1457,0.2711,0.1694
ATG,ATG.8_1,BANA,0,0,0,0,0,0,1.3957823640207814,1.5175421021587643,2.0907037963204895,1.4343891102596538,0.7038306814317558,1.0186152415149587,0,0,0,0,0,0
AUS,AUS.11_1,BANA,0.11374998629434377,0.25182141700068833,0.24934031875237475,0.6251896691360085,2.192823874470061,3.038052059803956,637.9740789091243,690.3048652339066,640.7154653508936,641.0888975652878,631.6400347460298,639.5451596248352,1.783e-4,3.648e-4,3.892e-4,9.752e-4,0.003472,0.00475
AUS,AUS.5_1,BANA,8.978604720567418,12.81509858524258,12.430995900355551,13.23358651363439,13.655767243565862,13.387463324283273,2118.591949308169,2292.37265023919,2127.695578181941,2128.9356763445194,2097.557779717078,2123.809212933848,0.004238,0.00559,0.005842,0.006216,0.00651,0.006304
AUS,AUS.6_1,BANA,0.24967488399304133,0.21036279555927603,0.17659772607351237,0.15185834522010774,0.19143494905422334,0.28015297216169704,128.30708336709736,138.83166545532362,128.85842128246685,128.9335246445755,127.0332028767259,128.6230535468135,0.001946,0.001515,0.00137,0.001178,0.001507,0.002178
AUS,AUS.7_1,BANA,56.42662807393343,52.661739980874444,48.24329318855458,46.28885867392048,42.79336318118983,38.42858141631544,91092.83735247843,98564.86476676108,91484.26496296596,91537.58531106875,90188.43375081677,91317.16339460945,6.194e-4,5.343e-4,5.273e-4,5.057e-4,4.745e-4,4.208e-4
AZE,AZE.10_1,BANA,0,0,0,0,0,0,0.3776947455281511,0.3776947455281511,0.3776947455281511,0.3776947455281511,0.3776947455281511,0.3776947455281511,0,0,0,0,0,0
AZE,AZE.2_1,BANA,0,0,0,0,0,0,13.104425866247693,13.104425866247693,13.104425866247693,13.104425866247693,13.104425866247693,13.104425866247693,0,0,0,0,0,0
AZE,AZE.5_1,BANA,0,0,0,0,0,0,0.14105442610800012,0.14105442610800012,0.14105442610800012,0.14105442610800012,0.14105442610800012,0.14105442610800012,0,0,0,0,0,0
AZE,AZE.6_1,BANA,0,0,0,0,0,0,1.3374735230718553,1.3374735230718553,1.3374735230718553,1.3374735230718553,1.3374735230718553,1.3374735230718553,0,0,0,0,0,0
BDI,BDI.10_1,BANA,0,0,0,0.00395136510693453,0.008957452251572729,0.02269229849887856,4393.754533198765,5625.487495569508,5003.118583812651,5163.392063632856,5589.440858373309,5397.074747067677,0,0,0,7.653e-7,1.603e-6,4.205e-6
BDI,BDI.11_1,BANA,0.00572881073337521,0.00540145012003949,0.0171021124413508,0.01615793013905883,0.04987076972315545,0.04714930424720251,5525.359188516149,7229.338545740314,6265.5395706508525,6350.285272726723,6821.153928101233,6641.514591235626,1.037e-6,7.472e-7,2.73e-6,2.544e-6,7.311e-6,7.099e-6
BDI,BDI.12_1,BANA,0,0,0,0,0,0,1346.0889946365164,1909.8025935374674,1575.686229232939,1614.126083254755,1772.5715516055602,1710.1416602954127,0,0,0,0,0,0
BDI,BDI.13_1,BANA,1.2812025040750895e-4,0,0,0,0,0,3708.6691509292696,5089.23616894323,4297.416850234287,4406.045159231061,4810.895776138082,4646.44742844702,3.455e-8,0,0,0,0,0
BDI,BDI.14_1,BANA,0,0,0,0,0,0,882.4599951170857,1252.0155755546891,1032.9778103047554,1058.1779519949064,1162.0505694698988,1121.123200031306,0,0,0,0,0,0
BDI,BDI.15_1,BANA,0.002800601305649391,0.002291401068258594,0.1306147869002272,0.12349878737722823,0.11638278785422927,0.10926678833123027,6860.451496520267,9726.991379798552,8029.122123446115,8225.404248074401,9031.964761062163,8713.907176923645,4.082e-7,2.356e-7,1.627e-5,1.501e-5,1.289e-5,1.254e-5
BDI,BDI.16_1,BANA,0.004825657785919883,0.013544871407605625,0.012790800163223157,0.012036728918840679,0.01128265767445819,0.010528586430075712,4280.293333301249,6063.8853388160305,5007.413756800872,5128.578473547636,5629.782640947599,5432.386668617618,1.127e-6,2.234e-6,2.554e-6,2.347e-6,2.004e-6,1.938e-6
BDI,BDI.17_1,BANA,0.062425441764736286,0.05798377242549416,0.05363248928659178,0.052580684013497136,0.04815521827157723,0.08662602454549909,12503.065881729673,17287.409604650627,14485.884179972665,14788.840861887942,16127.616573792233,15604.480648694258,4.993e-6,3.354e-6,3.702e-6,3.555e-6,2.986e-6,5.551e-6
BDI,BDI.1_1,BANA,0.0016846048467841891,0.0013771311104652292,0.0010696573741462696,7.621836378273084e-4,4.54709901508345e-4,1.5048651667443172e-4,2943.561173438432,4175.242667099427,3445.2240128917288,3529.216503597108,3875.4134730968854,3739.0053275510136,5.723e-7,3.298e-7,3.105e-7,2.16e-7,1.173e-7,4.025e-8
BDI,BDI.2_1,BANA,0,0,0,0,0,0,81.8982556189136,116.19551278586212,95.86732681947787,98.20607039674223,107.84615178835686,104.04781511288314,0,0,0,0,0,0
BDI,BDI.3_1,BANA,0,0,0,0,0,0,3308.6121315117107,4694.188909461261,3872.949406962352,3967.4324373242953,4356.882615475471,4203.43340329059,0,0,0,0,0,0
BDI,BDI.4_1,BANA,1.605725417916704e-4,0,0.00178077887638995,0.0019986516498191023,0.0018914735142560222,0.0017842953786929322,2711.1999763223866,3846.5931799534455,3173.638952854986,3251.0618659974602,3570.1918431035365,3444.4498449768926,5.923e-8,0,5.611e-7,6.148e-7,5.298e-7,5.18e-7
BDI,BDI.5_1,BANA,0,0,0,0,0.00441470200066134,0.00418830702626845,9633.318170715265,13136.143962406302,11100.21565815699,11311.674119445866,12289.19220638365,11909.167132688426,0,0,0,0,3.592e-7,3.517e-7
BDI,BDI.6_1,BANA,0.05906513277252672,0.05603325740661753,0.0531569414078821,0.05011708863852809,0.04739440291813898,0.04433828517191499,8721.5357476025,10429.959652150288,9758.464662667291,10116.57070267992,10849.62822310126,10483.20083041106,6.772e-6,5.372e-6,5.447e-6,4.954e-6,4.368e-6,4.229e-6
BDI,BDI.7_1,BANA,0.02033133411032155,0.014695254800319824,0.01142928007153948,0.010533409923980531,0.009637539776421586,0.00874166962886263,5144.986329976576,7299.597779831312,6022.546905916057,6169.470715750742,6775.076862119806,6536.45895598399,3.952e-6,2.013e-6,1.898e-6,1.707e-6,1.422e-6,1.337e-6
BDI,BDI.8_1,BANA,3.7028723081241184e-4,1.2342907693747062e-4,0,0,0,0.00901912304083455,3809.3448538700673,5404.617904601581,4459.090188359524,4567.872490781559,5016.2629255047505,4839.5903680902275,9.72e-8,2.284e-8,0,0,0,1.864e-6
BDI,BDI.9_1,BANA,0.00112878837973651,0.00103063286845508,9.324773571736444e-4,8.343218458922081e-4,7.361663346107719e-4,6.380108233293356e-4,6794.74933055949,9640.21629941556,7953.696667179146,8147.733992602359,8947.525928797804,8632.394687103611,1.661e-7,1.069e-7,1.172e-7,1.024e-7,8.228e-8,7.391e-8
BEN,BEN.10_1,BANA,0.0020912620672650247,0.0018665228626949413,0.0016417836581248577,0.0014170444535547741,0.0011941835747120595,0.0010761469241290281,160.9521999796603,158.83651387278033,159.56299722272163,159.78392902503143,159.39442937355645,159.4333048967705,1.299e-5,1.175e-5,1.029e-5,8.869e-6,7.492e-6,6.75e-6
BEN,BEN.11_1,BANA,0.00270953581605931,0.00240784694040512,0.0021065356720810042,0.0018076757999725406,0.0015155771966915649,0.001232508555202962,571.0139771160309,563.5081068118578,566.0854692027476,566.8692742524722,565.4874370045058,565.6253566298711,4.745e-6,4.273e-6,3.721e-6,3.189e-6,2.68e-6,2.179e-6
BEN,BEN.12_1,BANA,0.00135332083983433,0.00102854474357488,8.146414797612156e-4,7.147657336909154e-4,6.236206602438249e-4,6.528917469598367e-4,724.5436957994846,715.9729290458312,719.2185941973581,720.3426019496047,718.8159978811748,718.7982063342516,1.868e-6,1.437e-6,1.133e-6,9.923e-7,8.676e-7,9.083e-7
BEN,BEN.1_1,BANA,0.007695486271577951,0.010171122499940212,0.016044648691079258,0.049398249559567425,0.053032490092137584,0.062335630617064715,4013.1122552507977,3960.360671362988,3978.4744942461493,3983.9831274365883,3974.2715103650767,3975.2408165814386,1.918e-6,2.568e-6,4.033e-6,1.24e-5,1.334e-5,1.568e-5
BEN,BEN.2_1,BANA,7.576760856807654e-5,5.809601816199324e-4,9.118140397811811e-4,0.0017015194356358079,0.00349728335764075,0.007587942733527992,1000.9458421255504,987.7885990919546,992.306527325238,993.6804803929391,991.2582205126611,991.4999835536538,7.57e-8,5.881e-7,9.189e-7,1.712e-6,3.528e-6,7.653e-6
BEN,BEN.3_1,BANA,0.023637801124355026,0.02080256236160563,0.017978960435143056,0.015167329151282046,0.01235695395273899,0.00960837056300585,571.0973935721029,563.5904267744539,566.1681656787836,566.952085230503,565.5700461171346,565.7079858904591,4.139e-5,3.691e-5,3.176e-5,2.675e-5,2.185e-5,1.698e-5
BEN,BEN.4_1,BANA,0.0026634793110910005,0.002466025993505677,0.0025178274740322334,0.002395076773549953,0.0022348833721110564,0.002335504798084002,2996.4239488592316,2957.0365250170908,2970.5613610149007,2974.674416590341,2967.4231576209118,2968.14689764309,8.889e-7,8.34e-7,8.476e-7,8.052e-7,7.531e-7,7.869e-7
BEN,BEN.5_1,BANA,0.007547635273109952,0.012496858079946663,0.018452001694559527,0.01847711402714043,0.020299702276632768,0.01882986864330457,2206.1283199455816,2184.211728336889,2193.9860788439487,2197.9762286918694,2194.322392503892,2193.4227692766444,3.421e-6,5.721e-6,8.41e-6,8.406e-6,9.251e-6,8.585e-6
BEN,BEN.6_1,BANA,0.0028046632268885993,0.0035544644151523233,0.00308772614330499,0.002888882801166587,0.0039417385254075085,0.006824998487599366,1796.210146376823,1785.9210182985923,1793.6836117490552,1797.958441460934,1796.780886611763,1794.5203520191105,1.561e-6,1.99e-6,1.721e-6,1.607e-6,2.194e-6,3.803e-6
BEN,BEN.7_1,BANA,8.823080751142669e-4,8.197066285229261e-4,7.591687500613118e-4,8.064712363367938e-4,7.425724748968358e-4,6.786737134568777e-4,999.4125014365003,1005.6039033699417,1009.6145141244147,1013.6114102243663,1015.7910882984402,1012.123199721071,8.828e-7,8.151e-7,7.519e-7,7.956e-7,7.31e-7,6.705e-7
BEN,BEN.8_1,BANA,0,0,0,0,0,0,0.2372618689868029,0.234143106770622,0.23521402594672927,0.23553970457890247,0.23496553774371579,0.2350228446913485,0,0,0,0,0,0
BEN,BEN.9_1,BANA,0.013089062078340355,0.01338929114610137,0.011952038976019479,0.010518103657649108,0.009084493454562565,0.007650940627047675,275.00345168037353,271.3886447954074,272.6299150206315,273.0074081368023,272.34192234304317,272.40833279626673,4.76e-5,4.934e-5,4.384e-5,3.853e-5,3.336e-5,2.809e-5
BFA,BFA.10_1,BANA,0,0,0,0,0,0,1.5929522298293544,1.5945309840067006,1.605608235295349,1.6316727430089502,1.6248822646883578,1.626498671177446,0,0,0,0,0,0
BFA,BFA.11_1,BANA,0,0,0,0,0,0,2.670920560573808,2.6735676751032984,2.6921410244275674,2.735843671782504,2.724458001940701,2.7271682485162767,0,0,0,0,0,0
BFA,BFA.12_1,BANA,0,0,0,0,0,0,0.0048682669656688205,0.004873091841559361,0.00490694534671106,0.004986601835777363,0.004965849260357841,0.00497078920655746,0,0,0,0,0,0
BFA,BFA.13_1,BANA,2.6683395274354015e-5,2.4809958101860103e-5,2.988250872922139e-5,2.7652867054170807e-5,2.542322537912022e-5,3.7919775561479513e-5,861.9522637176722,862.8065333633872,868.8004744529092,882.9040746775261,879.2297220820391,880.1043655310186,3.096e-8,2.875e-8,3.44e-8,3.132e-8,2.892e-8,4.309e-8
BFA,BFA.1_1,BANA,8.635643315963247e-6,7.813201095395318e-6,6.990758874827391e-6,6.168316654259463e-6,5.345874433691534e-6,4.5234322131236054e-6,357.3190842389853,385.32115058707376,389.8791921621223,399.0622172985755,403.63943409496375,398.6695875604404,2.417e-8,2.028e-8,1.793e-8,1.546e-8,1.324e-8,1.135e-8
BFA,BFA.2_1,BANA,3.9548691924295613e-4,3.676027146028161e-4,0.0010565656461104555,0.00137466235563805,0.0014563408740287886,0.001363557112101823,1648.8970329728115,2202.341102669456,2255.186759310459,2348.7566382484815,2463.4823232185518,2358.7285265851087,2.398e-7,1.669e-7,4.685e-7,5.853e-7,5.9120000000000005e-07,5.781e-7
BFA,BFA.3_1,BANA,0,0,0,0,0,0,16.682034828536953,16.69856817566376,16.814573595249684,17.08753157686696,17.016418963616356,17.033346620857486,0,0,0,0,0,0
BFA,BFA.4_1,BANA,0,0,0,0,0,0,4.006745461384402,4.010716494549283,4.038579054075101,4.104138991171193,4.0870589320946085,4.0911246719470835,0,0,0,0,0,0
BFA,BFA.5_1,BANA,0,0,0,0,0,0,715.9834325771325,716.6930344182454,721.6719209489579,733.387122040215,730.3350091859965,731.0615345926129,0,0,0,0,0,0
BFA,BFA.6_1,BANA,0,0,0,0,0,0,98.33073933675414,98.42819364993593,99.11197706078465,100.72090309505845,100.301736254264,100.40151479260587,0,0,0,0,0,0
BFA,BFA.7_1,BANA,0,0,0,0,0,0,3.0179165219605797,3.020907539661366,3.0418938687275565,3.091274199783732,3.0784093465056612,3.0814716981306973,0,0,0,0,0,0
BFA,BFA.8_1,BANA,0,0,0,0,0,0,64.32689962953708,64.3906531807134,64.83797684709376,65.89051875022774,65.61630436439393,65.68157839837751,0,0,0,0,0,0
BFA,BFA.9_1,BANA,9.398864876307182e-4,9.044665507038606e-4,8.527517395242131e-4,8.588809984030678e-4,0.0011180537882204368,0.0010750418015426496,2163.7559769221357,2349.2716623277483,2378.068957514835,2435.6016087034923,2466.838020336893,2433.667027376205,4.344e-7,3.85e-7,3.586e-7,3.526e-7,4.532e-7,4.417e-7
BGD,BGD.1_1,BANA,0,0.0526239326822699,0.04992526946779453,0.09988378317354603,0.09799147486966484,0.09241261166144525,119.98248707444186,121.19168864840204,121.19579609036138,123.27636213712557,119.34466001589777,120.59546821657382,0,4.342e-4,4.119e-4,8.102e-4,8.211e-4,7.663e-4
BGD,BGD.2_1,BANA,10.926736081580351,10.947274452334634,11.381053500288246,12.64045601624783,13.15504320128146,13.263715205944287,59109.628842887774,59715.285144288835,59824.00196441491,60959.759424354175,59173.457303103,59708.40664269948,1.849e-4,1.833e-4,1.902e-4,2.074e-4,2.223e-4,2.221e-4
BGD,BGD.3_1,BANA,0.2521270285115972,0.2504974420039987,0.2191019501381509,0.24531981034907177,0.23262671250448697,0.26459899387157854,15780.772485534359,15939.813487209678,15940.353721110796,16214.001486094552,15696.881878318016,15861.395217882837,1.598e-5,1.572e-5,1.375e-5,1.513e-5,1.482e-5,1.668e-5
BGD,BGD.4_1,BANA,0.025229762980552548,0.0414824772176065,0.03723072324517515,0.04066262817134366,0.04332404294795587,0.05774592916070582,3532.813903980051,3568.543885984484,3570.0145332302423,3632.6767577936457,3518.8159881802144,3554.617284455394,7.142e-6,1.162e-5,1.043e-5,1.119e-5,1.231e-5,1.625e-5
BGD,BGD.5_1,BANA,0.023347339901063493,0.01722093405516645,0.013126336813101916,0.015356384763128986,0.012299465973558101,0.010515913403946874,579.6881449582664,585.5309601091157,585.5575746240844,595.6167317354336,576.6305095183405,582.6685576730226,4.028e-5,2.941e-5,2.242e-5,2.578e-5,2.133e-5,1.805e-5
BGD,BGD.6_1,BANA,0.0414038003375384,0.039167366950741044,0.04005171631044614,0.04016983296491017,0.05186650090544978,0.059300585785582616,3985.1047772456627,4029.169038993904,4071.1837119882052,4183.763066580511,4112.310694416787,4121.958122002961,1.039e-5,9.721e-6,9.838e-6,9.601e-6,1.261e-5,1.439e-5
BGD,BGD.7_1,BANA,0.18766055120777828,0.19884585448145395,0.24474271597994254,0.24705853437292036,0.2525454680376647,0.25052934615177663,1501.2952055587903,1520.5958431122658,1565.4082183204082,1637.90953998648,1651.9196863639609,1633.4779286321452,1.25e-4,1.308e-4,1.563e-4,1.508e-4,1.529e-4,1.534e-4
BGD,BGD.8_1,BANA,0.19423018824135158,0.1852959090573567,0.16762925112402383,0.17061907145226118,0.1520089785901601,0.14766585519733547,2146.0209641053766,2167.725087766828,2168.6164309786354,2206.678749206258,2137.510766673872,2159.2599260419024,9.051e-5,8.548e-5,7.73e-5,7.732e-5,7.111e-5,6.839e-5
BGR,BGR.6_1,BANA,0,0,0,0,0,0,0.44796720709163895,0.13747636626820653,0.1384115796441807,0.12905944588443877,0.10193825798118716,0.12006955143899081,0,0,0,0,0,0
BHS,BHS.16_1,BANA,0,0,0,0,0,0,76.70068874012162,77.85501521862714,77.49919074254495,77.99477705141427,77.7829943375288,77.78862133782401,0,0,0,0,0,0
BLZ,BLZ.1_1,BANA,2.644744018514503,2.292150328599506,1.9421902199529872,1.6242850441272119,1.291049643659131,0.9574849432269124,0.40619273958595,0.4361501940777858,0.37801992853354294,0.2947511842712534,0.37302989885171417,0.33777845851193045,6.511,5.255,5.138,5.511,3.461,2.835
BLZ,BLZ.2_1,BANA,6.1998313975715975,5.925847138977695,5.572022947472911,5.972601949326622,6.704593950965984,6.599831288652372,199.03736753206363,213.71673596709425,185.2324872341902,144.4302028985299,182.7873367551578,165.51387713080254,0.03115,0.02773,0.03008,0.04135,0.03668,0.03987
BLZ,BLZ.3_1,BANA,0.04213512860015396,0.033407053254609506,0.027053213085047063,0.023621450094298148,0.0198080303476682,0.018439952162085944,44.46411701625458,47.74342664495919,41.38016438680097,32.26510439717853,40.833927977175364,36.97510920592553,9.476e-4,6.997e-4,6.538e-4,7.321e-4,4.851e-4,4.987e-4
BLZ,BLZ.4_1,BANA,2.1254746601598953,1.4159968595118653,0.8651184205010726,0.5010854730053667,0.28038968471682424,0.18019851152404945,5.103077625336951,5.47943889630691,4.749137173641696,3.703015900849029,4.686446469605321,4.243575834738184,0.4165,0.2584,0.1822,0.1353,0.05983,0.04246
BLZ,BLZ.5_1,BANA,60.702287689679636,66.32339314965124,62.848782265124186,64.56821731346346,89.21547209267197,89.69888362595731,60179.58483702081,64617.93884583526,56005.63511415302,43668.93390991029,55266.33604425095,50043.65026528393,0.001009,0.001026,0.001122,0.001479,0.001614,0.001792
BLZ,BLZ.6_1,BANA,15.0818568626623,14.885024685661921,12.804289182365324,11.52308914780022,45.78643876045708,43.439723114152,7071.121063850558,7592.629123528078,6580.680594964719,5131.114135176062,6493.812710451601,5880.145409131039,0.002133,0.00196,0.001946,0.002246,0.007051,0.007388
BOL,BOL.1_1,BANA,0.9419497872425189,0.6825295297185421,0.48917810682631546,0.3458687402518955,0.2460784413658586,0.18451194559897927,31.89353435019267,31.89353435019267,31.89353435019267,31.89353435019267,31.89353435019267,31.89353435019267,0.02953,0.0214,0.01534,0.01084,0.007716,0.005785
BOL,BOL.2_1,BANA,1428.0928326103294,1479.1938143412283,1548.9848968081565,1533.9934183440066,1680.7622176311893,1730.6646891279017,160538.00470786294,160538.00470786294,160538.00470786294,160538.00470786294,160538.00470786294,160538.00470786294,0.008896,0.009214,0.009649,0.009555,0.01047,0.01078
BOL,BOL.3_1,BANA,123.09797390527156,124.67094302853975,141.22271001438668,189.12963522899466,213.2093013383177,203.3050429198662,5430.042543163575,5431.287322941655,5431.997906450191,5431.866853904157,5432.728278300181,5432.215041881043,0.02267,0.02295,0.026,0.03482,0.03925,0.03743
BOL,BOL.4_1,BANA,9.207967740465524,6.701117009618015,4.407225911436544,2.7257788475946354,1.732426800782807,1.0773261428850798,286.92293514389297,286.9752570161268,287.38665058094546,287.34262900158313,287.00436316027236,287.22333698849525,0.03209,0.02335,0.01534,0.009486,0.006036,0.003751
BOL,BOL.6_1,BANA,26.304281685393967,24.983956447874657,24.371951630806088,22.47751597797576,22.617524584658266,20.562936710635807,883.395344667972,897.9235188712154,906.731553020752,905.1500542793186,914.6988768977288,909.0332080920983,0.02978,0.02782,0.02688,0.02483,0.02473,0.02262
BOL,BOL.7_1,BANA,0,0,0,0,0,0,0.07448216871430131,0.07448216871430131,0.07448216871430131,0.07448216871430131,0.07448216871430131,0.07448216871430131,0,0,0,0,0,0
BOL,BOL.8_1,BANA,115.9182869464976,113.778818116072,127.20751944084522,120.24086365425941,122.55573766938224,122.97772429885642,13517.384012021368,13518.409840562861,13518.995435586983,13518.88743460197,13519.597338271149,13519.174377859552,0.008575,0.008417,0.00941,0.0088940000000000009,0.009065,0.009097
BOL,BOL.9_1,BANA,7.556610000073082,7.047298527347868,6.7781034235938185,6.32723068252947,5.8036065530465475,5.254959213478413,266.7456224531594,266.74801922892095,266.742009232442,266.74574022541555,266.7494714190232,266.7476309236269,0.02833,0.02642,0.02541,0.02372,0.02176,0.0197
BRA,BRA.10_1,BANA,507.8025495183775,501.0148053969873,532.8707810763036,557.7429236999956,567.016435184877,588.4994066129242,61775.4206417039,63742.143592596134,64864.848925198035,64657.788966002,66018.81937471566,65207.91783009938,0.00822,0.00786,0.008215,0.008626,0.008589,0.009025
BRA,BRA.11_1,BANA,49.41863931776718,65.3435523825186,66.8202037372543,71.03533913526684,71.76486513170286,70.48997232420965,5094.285117363422,5256.4192243507905,5335.966384353068,5312.6726123991475,5418.70853947751,5356.758489487981,0.009701,0.01243,0.01252,0.01337,0.01324,0.01316
BRA,BRA.12_1,BANA,324.0282396758219,316.2934471767123,311.1952300420566,286.72271917696537,305.0200817353849,295.22780537003206,52087.148373320386,53745.33859238578,54691.9177740486,54517.340669051075,55664.85730862439,54981.167209163395,0.006221,0.005885,0.00569,0.005259,0.00548,0.00537
BRA,BRA.13_1,BANA,1602.6311404037474,1582.1112794984929,1565.9710944115307,1509.1654216482618,1557.423855034273,1507.400447013081,466750.0120080871,481609.7725958737,490092.4785334472,488528.01749963756,498811.4110081168,492684.5679732106,0.003434,0.003285,0.003195,0.003089,0.003122,0.00306
BRA,BRA.14_1,BANA,10203.136985257159,10165.808551412194,10355.635817491022,10973.579499545502,14148.490546197125,15896.489045695607,335935.88849293586,346630.9645452615,352736.25706299086,351610.2611467952,359011.5698690617,354601.872160147,0.03037,0.02933,0.02936,0.03121,0.03941,0.04483
BRA,BRA.15_1,BANA,57.71386732106271,58.33517651892294,57.097642988694915,53.87281349385899,49.77802402645486,46.5076798007218,123623.88464100484,127559.65599919744,129806.39415300809,129392.02940658432,132115.69950857517,130492.93760804058,4.669e-4,4.573e-4,4.399e-4,4.164e-4,3.768e-4,3.564e-4
BRA,BRA.16_1,BANA,355.282819842347,367.54191255230535,373.8262626569173,356.86483531039016,347.16757969683835,340.7068989331592,87916.88704032707,90713.31493869386,92308.38835137461,92013.54120214362,93948.2784386098,92795.67499607813,0.004041,0.004052,0.00405,0.003878,0.003695,0.003672
BRA,BRA.17_1,BANA,374.4680020212234,375.5113906202899,373.37534795492763,355.8293034690086,339.47136544954043,324.446310638132,405810.1673546376,418729.80693865335,426104.99328591634,424744.7915127687,433685.56394616555,428358.6541799419,9.228e-4,8.968e-4,8.763e-4,8.377e-4,7.828e-4,7.574e-4
BRA,BRA.18_1,BANA,140.63089215819144,144.09232560573196,155.40831937986368,155.83754690927057,165.00811300864586,170.6257803602663,31326.865240133204,32324.207940632517,32893.54180017496,32788.539853268216,33478.730478578385,33067.51509311712,0.004489,0.004458,0.004725,0.004753,0.004929,0.00516
BRA,BRA.19_1,BANA,935.8685310193052,923.3485126753318,889.6712687785215,846.9823034558593,847.5993090554398,893.8192062152926,37080.57106322575,38261.09252928281,38934.99413021345,38810.70680927639,39627.66255421951,39140.92054521206,0.02524,0.02413,0.02285,0.02182,0.02139,0.02284
BRA,BRA.1_1,BANA,621.8146114070089,848.0547543212803,1067.9523227359998,1090.1992512549045,1484.8071553403604,1521.9637126098546,72975.2458937567,75292.43124741998,76615.1984373635,76371.2411842167,77974.80181484068,77019.40083598801,0.008521,0.01126,0.01394,0.01427,0.01904,0.01976
BRA,BRA.20_1,BANA,13.235486749867617,12.25620218209472,11.369539903594665,14.304800093443344,12.991705105150018,11.62460537543277,113932.34561633391,117559.57075936046,119630.17506525731,119248.29459258108,121758.44159456235,120262.89669851237,1.162e-4,1.043e-4,9.504e-5,1.2e-4,1.067e-4,9.666e-5
BRA,BRA.21_1,BANA,87.75707436666262,100.89498531830677,111.49020640741188,110.15169188770076,110.28462531478377,108.95353025648141,61974.2223139753,63920.556114998,65029.83976090708,64825.888752826744,66173.3099827706,65370.60920442072,0.001416,0.001578,0.001714,0.001699,0.001667,0.001667
BRA,BRA.22_1,BANA,398.81297232147455,636.477689947118,650.3939256629587,628.9407323573523,717.0866881882803,717.1200163402361,84427.13000440443,87113.07151097583,88646.34331782411,88363.56279782188,90222.31370364287,89114.87042321559,0.004724,0.007306,0.007337,0.007118,0.007948,0.008047
BRA,BRA.23_1,BANA,2767.209916928253,2675.5407389755082,2591.387289686087,2538.8988003800946,2725.5149990588475,2660.6774210475746,42180.08231046018,43522.80565239777,44290.261907825305,44149.32826904087,45080.677643044495,44526.3930003163,0.0656,0.06147,0.05851,0.05751,0.06046,0.05976
BRA,BRA.24_1,BANA,686.293561179982,727.7407032314813,744.4112306224066,726.6816511648568,696.1813532346932,681.6431452194356,312332.94565006765,322273.4564755539,327947.79626488563,326901.3548750132,333780.54074949794,329681.9345047717,0.002197,0.002258,0.00227,0.002223,0.002086,0.002068
BRA,BRA.25_1,BANA,1087.3402928928292,1115.0972530990168,1084.0495061780719,1046.6617866167792,1090.9229754619314,1125.0315320237062,517379.9191260473,533851.5667604307,543254.4196774989,541520.2564159578,552919.1234001671,546127.6815740386,0.002102,0.002089,0.001995,0.001933,0.001973,0.00206
BRA,BRA.26_1,BANA,23.54790209231859,22.129564407209575,21.015170591412893,19.253356702072125,17.50893028460461,15.891040922776016,22276.634200544715,22985.847788987125,23390.702919872132,23316.03569914461,23806.832463226274,23514.41588565499,0.001057,9.627e-4,8.984e-4,8.258e-4,7.355e-4,6.758e-4
BRA,BRA.27_1,BANA,391.74908021510714,389.2223384547467,386.4476845830351,401.2897155530531,678.1340796605646,680.5763031026368,54039.87881265933,55760.3279625036,56742.447703428115,56561.31587161419,57751.917531355495,57042.55738868285,0.007249,0.00698,0.006811,0.007095,0.01174,0.01193
BRA,BRA.2_1,BANA,55.20695831544067,53.768217922491004,54.57652658414854,50.937883948002735,49.23202169754073,45.92148817269614,98762.07375991136,101906.32814334816,103701.22821391474,103370.19572962863,105546.11269172402,104249.70196186565,5.59e-4,5.276e-4,5.263e-4,4.928e-4,4.665e-4,4.405e-4
BRA,BRA.3_1,BANA,552.0411235007925,527.1220258885579,528.2623256199233,569.799211117267,740.4548293777519,835.6617800979989,5278.262578931512,5446.615581759978,5542.318226692591,5524.24262048608,5640.339834819914,5571.252987042369,0.1046,0.09678,0.09531,0.1031,0.1313,0.15
BRA,BRA.4_1,BANA,7180.982241451362,7962.7256016375495,8417.562140503016,11401.206024864196,13471.034997623894,13794.546892468354,51954.53503101487,53608.59374522443,54552.81452903586,54378.67238837945,55523.32983094778,54841.34324370283,0.1382,0.1485,0.1543,0.2097,0.2426,0.2515
BRA,BRA.5_1,BANA,6371.245890580721,6275.214842798071,6423.205609358487,6367.055987277803,6529.46768038462,6363.42868464658,705395.0992120662,727852.5218674889,740672.3591304341,738308.0032273466,753849.2034363028,744589.7606097871,0.009032,0.008622,0.008672,0.008624,0.008662,0.008546
BRA,BRA.6_1,BANA,242.4618877774667,238.07206316646568,227.85678144117514,221.9176983134982,217.17264001850725,207.75664349565537,317060.4548005345,327154.60012239695,332916.8508632917,331854.1219631609,338839.5688593782,334677.6415124858,7.647e-4,7.277e-4,6.844e-4,6.687e-4,6.409e-4,6.208e-4
BRA,BRA.7_1,BANA,0.016179169725331618,0.014361397668402396,0.014127743481020612,0.012211310600502828,0.011416551173484325,0.01813049275281696,962.6196999228055,993.2662942665288,1010.7609265837935,1007.5344006659311,1028.7427497149909,1016.1068211622278,1.681e-5,1.446e-5,1.398e-5,1.212e-5,1.11e-5,1.784e-5
BRA,BRA.8_1,BANA,1364.7287743496834,1333.2772459043545,1272.2953634810463,1229.0879096618849,1172.266181190756,1160.3763058667587,283002.2526752178,292012.0986577931,297155.37627397693,296206.80426454963,302441.8839714033,298727.025190348,0.004822,0.004566,0.004282,0.004149,0.003876,0.003884
BRA,BRA.9_1,BANA,175.1178714192996,175.43100963314234,171.06003300853078,173.85965367527282,183.8615976199078,187.28859334920193,107112.16280669726,110522.25612088868,112468.9105527068,112109.8900906886,114469.77544976273,113063.75639938812,0.001635,0.001587,0.001521,0.001551,0.001606,0.001656
BRB,BRB.10_1,BANA,0,0,0,0,0,0,11.376302570442137,13.3268176431122,2.6449392870238007,8.4302078410464,10.021868988828368,7.345931387805081,0,0,0,0,0,0
BRB,BRB.11_1,BANA,0.001044642853745601,9.11349393261734e-4,8.137567928360497e-4,7.28098183063834e-4,6.424395732916182e-4,5.567809635194025e-4,25.47185995044751,29.839117805506284,5.922093112357186,18.875471371358998,22.439245241984445,16.447746036742004,4.101e-5,3.054e-5,1.374e-4,3.857e-5,2.863e-5,3.385e-5
BRB,BRB.1_1,BANA,0,0,0,0,0,0,5.712480820988682,6.691909758878123,1.3281261513788767,4.2331328927597545,5.032367417678333,3.6886758158283044,0,0,0,0,0,0
BRB,BRB.2_1,BANA,0,0,0,0,0,0,18.35623393048569,21.50348768337866,4.2677419999962245,13.602562542150126,16.17078751558415,11.853028183532812,0,0,0,0,0,0
BRB,BRB.3_1,BANA,8.634371864749235e-4,7.883556919988432e-4,7.132741975227629e-4,6.381927030466826e-4,5.631112085706023e-4,4.88029714094522e-4,54.104233749121626,63.380632892822014,12.578991508996863,40.09298563935134,47.66272161074999,34.93630610207732,1.596e-5,1.244e-5,5.67e-5,1.592e-5,1.181e-5,1.397e-5
BRB,BRB.4_1,BANA,2.3121262768438493e-5,0,0,0,0,0,8.103725436395955,9.493143352330991,1.8840797917653076,6.005122428186018,7.138916545346409,5.232755605151056,2.853e-6,0,0,0,0,0
BRB,BRB.5_1,BANA,0,0,0,0,0,0,25.350132880320093,29.696520115635295,5.893792114903864,18.785267678665207,22.332010686498858,16.369144162393315,0,0,0,0,0,0
BRB,BRB.6_1,BANA,0,0,0,0,0,0,23.26827647854891,27.257720650364746,5.409769845551318,17.24254480772613,20.498014800496897,15.024843218217608,0,0,0,0,0,0
BRB,BRB.7_1,BANA,0.00816675236273072,0.00719943164208359,0.00623950742313911,0.00527958320419463,0.00431965898525015,0.00335973476630567,13.450221418810276,15.756318627959972,3.127116110836501,9.967048728404013,11.848872346299677,8.685106877350448,6.072e-4,4.569e-4,0.001995,5.297e-4,3.646e-4,3.868e-4
BRB,BRB.8_1,BANA,0,0,0,0,0,0,15.682762758044198,18.3716385989656,3.646171951825357,11.62143400753417,13.815613005261971,10.126708434350304,0,0,0,0,0,0
BRB,BRB.9_1,BANA,4.077251566215097e-5,0,0,0,0,0,19.43262411292966,22.764429503925676,4.5179978862197325,14.400202451943052,17.119025427024937,12.548077245192314,2.098e-6,0,0,0,0,0
BRN,BRN.1_1,BANA,0.00762372559910605,0.00585450938258876,0.00412683704318081,0.0024176616776965623,7.815369974772204e-4,0,0.010930143173021684,0.011502818110637154,0.011514935920759962,0.011953871557289086,0.01168361489028526,0.011710219448600265,0.6975,0.509,0.3584,0.2022,0.06689,0
BRN,BRN.2_1,BANA,5.540959779928855,5.143021506680578,4.696603648135125,4.231853424198455,4.769011639595584,4.217052464771597,400.96261333451184,327.5127045755376,393.4291862875684,439.228319783363,461.2162024997709,440.9930827308725,0.01382,0.0157,0.01194,0.009635,0.01034,0.009563
BRN,BRN.3_1,BANA,0,0,0.00415538184697644,0.00394228534200329,0.00372918883703013,0.00351609233205698,6.295682440703841,6.625539011830545,6.632518781738615,6.885342494635287,6.729676633172582,6.745000663972093,0,0,6.265e-4,5.726e-4,5.541e-4,5.213e-4
BRN,BRN.4_1,BANA,1.9755102284782018,1.783057927220119,1.591975681987206,1.4092060926048728,1.2188370888721063,1.130868027238154,597.7701118659272,480.64587889073727,584.1999482069707,654.8754489183041,690.2301644586387,658.3701036902042,0.003305,0.00371,0.002725,0.002152,0.001766,0.001718
BTN,BTN.11_1,BANA,0.007235497466537141,0.006754461379901313,0.0062734252932654866,0.005792389206629659,0.00532971216233766,0.00488539416038949,44.6716710529131,45.30891764123732,47.31795742292184,50.176659322372004,51.54757818600468,50.484236626198395,1.62e-4,1.491e-4,1.326e-4,1.154e-4,1.034e-4,9.677e-5
BTN,BTN.12_1,BANA,0.0011358347932958,0.00102766005107716,9.194853088585124e-4,0.00145813815814032,0.00694026014005815,0.00651053181007771,32.289175817128836,32.74978466932275,34.20194074957279,36.26824196608139,37.259157218981194,36.49056222871149,3.518e-5,3.138e-5,2.688e-5,4.02e-5,1.863e-4,1.784e-4
BTN,BTN.13_1,BANA,1.148153689619001e-4,0.006522776179894148,0.010211565854973946,0.009670424464603164,0.016210308397038783,0.015753096271498925,52.34152375791164,53.088181688010394,55.44216131279483,58.791684844377606,60.39798209226888,59.15207129010859,2.194e-6,1.229e-4,1.842e-4,1.645e-4,2.684e-4,2.663e-4
BTN,BTN.2_1,BANA,0.00805611473412095,0.00735558301811043,0.00665505130209991,0.0059545195860894,0.00525398787007888,0.00455345615406836,29.9375103812102,30.364572452175715,31.71096599203687,33.62677562651871,34.54552114788473,33.832903996228005,2.691e-4,2.422e-4,2.099e-4,1.771e-4,1.521e-4,1.346e-4
BTN,BTN.3_1,BANA,0,0,0,0,0,0,6.381218747715827,6.472247576064689,6.75923308651508,7.167590368097287,7.3634221547311025,7.211526894564452,0,0,0,0,0,0
BTN,BTN.9_1,BANA,0,0,0,0,0,0,13.197648420790522,13.385914412006512,13.979458375711111,14.824023661037034,15.229043324488236,14.914893266369393,0,0,0,0,0,0
BWA,BWA.11_1,BANA,0,0,0,0,0,0,0.5132481529647172,0.5636796194989726,0.5692129354986438,0.5931162554698823,0.6153592024241313,0.5934531365821089,0,0,0,0,0,0
BWA,BWA.1_1,BANA,0,0,0,0,0,0,0.07571342551852071,0.08309668304070375,0.08660860225259373,0.08851535970039809,0.09157915368035015,0.08896622717220588,0,0,0,0,0,0
BWA,BWA.2_1,BANA,1.904859692375662e-5,1.7524709169856093e-5,1.600082141595556e-5,1.4476933662055031e-5,1.2953045908154503e-5,1.1429158154253974e-5,0.0046184459727308695,0.0050722518016824945,0.005122043156696461,0.005337136364959119,0.005537288763344037,0.005340167778140178,0.004124,0.003455,0.003124,0.002712,0.002339,0.00214
BWA,BWA.8_1,BANA,0,0,0,0,0,0,0.0011544054796701374,0.0012568600161328798,0.0017948723496044043,0.001532901473021351,0.0015405358535547586,0.0016118748236719394,0,0,0,0,0,0
CAF,CAF.10_1,BANA,2.1767966152461713,2.50637882869456,2.3410476142803445,2.2869871115568374,2.140954645433596,1.9979464798733966,685.456034001489,680.4429010788883,681.0088194078162,669.6579914088666,649.6776466533208,656.953041614352,0.003176,0.003683,0.003438,0.003415,0.003295,0.003041
CAF,CAF.11_1,BANA,0.09334132867405644,0.20653539874243335,0.25893012479411065,0.8847917603382006,0.8426695011646623,0.8433392947521993,475.8934412807877,472.4112770640611,472.80289464554994,464.9204779359795,451.0483401178504,456.10025813094677,1.961e-4,4.372e-4,5.476e-4,0.001903,0.001868,0.001849
CAF,CAF.12_1,BANA,0.2881897819453006,0.6296788704304019,0.6793307417409097,0.6368617850501981,0.6149423156969701,0.7081355163517492,26.480078627796534,26.286414632766657,26.30827681079643,25.869779222339677,25.09791191956212,25.378970107191932,0.01088,0.02395,0.02582,0.02462,0.0245,0.0279
CAF,CAF.13_1,BANA,0.755240552645122,0.7620303611806258,0.8001486058303451,1.0707262034286427,1.1881989791031997,1.300198232031695,1284.7376491866742,1275.3450771594482,1276.406065882773,1255.138452618395,1217.7015733025382,1231.3331423146103,5.879e-4,5.975e-4,6.269e-4,8.531e-4,9.758e-4,0.001056
CAF,CAF.14_1,BANA,0.01644275262144153,0.016274327709127737,0.01573551104243497,0.01707937358735573,0.022584263235652036,0.024347846037688584,1399.7998475623551,1389.5528214876558,1390.7012681031051,1367.5108346812876,1326.7062405761908,1341.5682086031504,1.175e-5,1.171e-5,1.131e-5,1.249e-5,1.702e-5,1.815e-5
CAF,CAF.15_1,BANA,0.5835731144430343,0.7594307216690659,0.7316734066093495,0.7449356742092594,0.7264120309610697,0.7191716445120566,2506.3425564970594,2488.0122365902635,2490.0814943120367,2448.577645992009,2375.5203150032235,2402.1225055182126,2.328e-4,3.052e-4,2.938e-4,3.042e-4,3.058e-4,2.994e-4
CAF,CAF.16_1,BANA,11.912858940766588,13.325980690320034,13.28803671931512,15.22951483531136,15.608407055444598,15.892114153669928,360.6699974910678,358.0322110409847,358.3299832570714,352.35745853947026,341.8442957173633,345.6724284526219,0.03303,0.03722,0.03708,0.04322,0.04566,0.04597
CAF,CAF.17_1,BANA,2.4302889556229653e-4,1.9844235971223332e-4,1.5385582386217005e-4,1.0926928801210681e-4,7.827841807836769e-5,6.0883214060952645e-5,0.00679890940192043,0.006749185079907279,0.006754798317308962,0.006642211590555496,0.0064440303111245305,0.006516193584550657,0.03575,0.0294,0.02278,0.01645,0.01215,0.009343
CAF,CAF.1_1,BANA,0.004645228243564203,0.004571276383946399,0.004269751987265799,0.003968227590585186,0.004605818793134888,0.004256134622134772,210.4332613776803,208.8942423038174,209.0679777933637,205.58330242882985,199.44938733902444,201.68291511253176,2.207e-5,2.188e-5,2.042e-5,1.93e-5,2.309e-5,2.11e-5
CAF,CAF.2_1,BANA,4.42092107893738e-4,3.851882005377522e-4,3.3444023143102444e-4,2.898482005735545e-4,2.4525616971608457e-4,2.0066413885861463e-4,0.04891030761895821,0.04855259850091637,0.048592979266686986,0.04778304768592961,0.04635736206956453,0.046876493549837805,0.009039,0.007933,0.006882,0.006066,0.005291,0.004281
CAF,CAF.3_1,BANA,0.9699946127701026,1.6403508050060138,1.631497090171311,1.6059856305635833,1.5675850892807273,1.9619437107213296,851.3326814275235,845.1418417437739,845.8477741028507,831.8223648017356,807.129251100343,816.1183127954839,0.001139,0.001941,0.001929,0.001931,0.001942,0.002404
CAF,CAF.5_1,BANA,0.9272786934331859,1.0246939724354944,1.270244777462323,1.5338737004675436,1.6581570430745671,1.9155721408080773,546.3076382596478,542.312177323605,542.7632135540684,533.7166172316205,517.7923063880866,523.5907874596797,0.001697,0.001889,0.00234,0.002874,0.003202,0.003659
CAF,CAF.6_1,BANA,2.106801671177574,2.845908587016927,3.0379351339770544,3.756882665615218,3.8534622488678925,4.137470322563952,485.835681403015,482.29555278997253,482.6977926945079,474.6792205757376,460.5627149697578,465.7020459692863,0.004336,0.005901,0.006294,0.007915,0.008367,0.008884
CAF,CAF.7_1,BANA,22.950314070701744,26.18115107307415,27.411636924577362,26.224608191581915,26.213715573457524,27.911520338989067,576.5996332586532,572.5339997952657,572.9627668646239,563.6641671197963,547.2783144186635,553.2387764917613,0.0398,0.04573,0.04784,0.04653,0.0479,0.05045
CAF,CAF.8_1,BANA,10.621861639906164,16.898179211943045,17.443038357316084,24.154164909836656,24.404497622516125,26.23746814684425,687.9752493731721,682.9436919843877,683.511690198943,672.1191451839371,652.0653678679603,659.3675016509022,0.01544,0.02474,0.02552,0.03594,0.03743,0.03979
CAF,CAF.9_1,BANA,0.9778672870888521,0.9555511252661889,0.8896390970135556,0.8304611328905295,0.8024675013984243,1.0807446954819424,488.70931950449534,485.13510809244076,485.5385906612803,477.445795278335,463.2004167207268,468.3875522103302,0.002001,0.00197,0.001832,0.001739,0.001732,0.002307
CHN,CHN.13_1,BANA,0.01255898403013199,0.011312200773601127,0.010065417517070277,0.008818634260539417,0.007622982679451665,0.00882317251677584,5.257055328294274,5.34062907379935,5.370267590674736,5.329478764071312,5.358228262704991,5.34966232453561,0.002389,0.002118,0.001874,0.001655,0.001423,0.001649
CHN,CHN.14_1,BANA,0.01638055200236925,0.01399622257544201,0.01161189314851477,0.00922756372158753,0.0068432342946602815,0.004458904867733033,0.7914420783118464,0.8040239848553913,0.8084860207155972,0.8023453218484635,0.8066735172978436,0.8053839276922373,0.0207,0.01741,0.01436,0.0115,0.008483,0.005536
CHN,CHN.16_1,BANA,0.20294872750146764,0.2092021653458152,0.1922398556200052,0.17527754589419525,0.1749895510791899,0.18504728270344398,634.72913091627845,644.8197020705043,648.3982130206763,643.473430068185,646.9446022629725,645.9103634828571,3.197e-4,3.244e-4,2.965e-4,2.724e-4,2.705e-4,2.865e-4
CHN,CHN.22_1,BANA,0,0,0,0,0,0,0.0075793467768704645,0.007699839021876077,0.007742570281739679,0.0076837630898531715,0.007725212609821705,0.007712862689229175,0,0,0,0,0,0
CHN,CHN.26_1,BANA,1.5479454877211511,1.319934437097874,1.1154938952967386,0.9418429580044938,0.7730209726486191,0.6392517521422729,6779.017514398574,6886.786569343374,6925.005688689077,6872.408150206236,6909.480872975378,6898.435022922221,2.283e-4,1.917e-4,1.611e-4,1.37e-4,1.119e-4,9.267e-5
CHN,CHN.29_1,BANA,0.011292469326006105,0.013282177980870493,0.013754615372887155,0.013822107183330228,0.012916770773217557,0.011935796567407278,0.8077480659003728,0.9672323705987306,0.9663315878853118,1.177353871229315,1.1262352915281852,1.129964955322093,0.01398,0.01373,0.01423,0.01174,0.01147,0.01056
CHN,CHN.30_1,BANA,312.1141292583573,286.3558777048696,259.6206225993625,244.6081023317266,227.76269032158908,206.07914455503484,828501.8795804101,841698.3029248513,846459.6586092054,840148.4001033207,844669.2211664962,843294.7325768982,3.767e-4,3.402e-4,3.067e-4,2.911e-4,2.696e-4,2.444e-4
CHN,CHN.3_1,BANA,1.2746541442819879,1.115820639031968,0.9607861916190956,0.8090516149197323,0.6533333532893943,0.4978330349272456,699.6052066515356,710.7271416214863,714.671414494524,709.2432662855111,713.0692292394277,711.9292802434754,0.001822,0.00157,0.001344,0.001141,9.162e-4,6.993e-4
CHN,CHN.4_1,BANA,6.034534166730446,4.530373929044238,3.2422208952418248,2.334341216103152,1.9482729035446786,1.5656182818466173,16907.98305522298,17176.776778061703,17272.101538753075,17140.914639246563,17233.380098593767,17205.829934409558,3.569e-4,2.637e-4,1.877e-4,1.362e-4,1.131e-4,9.099e-5
CHN,CHN.6_1,BANA,97.07391625144245,87.6086022501094,77.3482023108926,68.98079026084608,58.409067293549484,49.35609933465684,672341.6286588268,683030.1424097812,686820.7071770527,681604.0936173612,685280.9589968177,684185.4337530951,1.444e-4,1.283e-4,1.126e-4,1.012e-4,8.523e-5,7.214e-5
CHN,CHN.7_1,BANA,36.07604646237453,32.921365022098584,30.844137304860613,28.98025224463048,25.902737753072568,23.864665429084997,675042.2094810313,685797.144716031,689672.6358602643,684521.1487691393,688206.7103875844,687087.8531847933,5.344e-5,4.8e-5,4.472e-5,4.234e-5,3.764e-5,3.473e-5
CHN,CHN.8_1,BANA,1.2146446800326145,1.0662640259469676,0.935882457922472,0.8434175951419502,0.919834987736706,0.7979229742604185,435.9427979563299,442.87317440777855,445.3309567910817,441.9485318241712,444.33259211867727,443.62225927652844,0.002786,0.002408,0.002102,0.001908,0.00207,0.001799
CHN,CHN.9_1,BANA,12.361120660815672,11.592029750862809,11.290784154528609,11.725784800994221,12.559628921847434,13.159183348706586,622204.2732122765,632095.7311358297,635603.628751494,630776.0245839343,634178.7015172186,633164.8709599529,1.987e-5,1.834e-5,1.776e-5,1.859e-5,1.98e-5,2.078e-5
CIV,CIV.10_1,BANA,0.4573824093503927,0.421249605796232,0.3872413673286257,0.3540818963122128,0.3213701318707449,0.5646833150229521,159203.01494025998,162321.07796419933,162569.2886043256,162979.5421406119,163658.15512829373,163059.30034373328,2.873e-6,2.595e-6,2.382e-6,2.173e-6,1.964e-6,3.463e-6
CIV,CIV.11_1,BANA,0.3351570127221294,0.2618114584030278,0.1935827932470332,0.12852439834138152,0.07120476499471014,0.044629005934978094,177464.0893153349,177464.0893153349,177464.0893153349,177464.0893153349,177464.0893153349,177464.0893153349,1.889e-6,1.475e-6,1.091e-6,7.242e-7,4.012e-7,2.515e-7
CIV,CIV.12_1,BANA,0.13543343454540813,0.11284050176333407,0.09681650666483503,0.07744139319743056,0.06297099910302857,0.12525573985676589,41918.70665703716,41918.71740682304,41918.72094552224,41918.71500315196,41918.71778519023,41918.717618397226,3.231e-6,2.692e-6,2.31e-6,1.847e-6,1.502e-6,2.988e-6
CIV,CIV.14_1,BANA,0.06092286387338965,0.0519148862425635,0.04585953963806854,0.04223928666330118,0.038774590439083975,0.035684958190308036,16241.676696400833,16241.553803275114,16241.519214813745,16241.63132503474,16241.423813435531,16241.542687805922,3.751e-6,3.196e-6,2.824e-6,2.601e-6,2.387e-6,2.197e-6
CIV,CIV.2_1,BANA,0.46099509195780036,0.4395951755987914,0.41171689913200693,0.3845935472309976,0.3576175419557885,0.3306595414435748,39.239129761043394,38.80571874219611,38.945927588989875,38.99692627406852,38.9161899584261,38.923768697177806,0.01175,0.01133,0.01057,0.009862,0.009189,0.008495
CIV,CIV.3_1,BANA,0.016614365938691467,0.009917845537273016,0.006142170392955877,0.0031308387503795215,0.0010306593433534932,2.429135966619366e-4,68.29232734667664,71.49495567690013,75.02229703381536,78.89338292887345,81.96581897109903,79.6442633602525,2.433e-4,1.387e-4,8.187e-5,3.968e-5,1.257e-5,3.05e-6
CIV,CIV.4_1,BANA,0.06305702965635128,0.04924391485277391,0.03930363579647415,0.03010197605713237,0.02096998913305677,0.012711474709681444,1688.610265374133,4205.617053374597,4405.931352447806,4736.908663016267,5284.7527621465315,4801.335933689614,3.734e-5,1.171e-5,8.921e-6,6.355e-6,3.968e-6,2.647e-6
CIV,CIV.6_1,BANA,0.005957592204228088,6.018874341846755e-4,3.49157990208629e-4,0.20540063045315216,0.19476732036587022,0.25917118152032553,4329.52982036917,4329.52982036917,4329.52982036917,4329.52982036917,4329.52982036917,4329.52982036917,1.376e-6,1.39e-7,8.065e-8,4.744e-5,4.499e-5,5.986e-5
CIV,CIV.8_1,BANA,0.9802695609529469,0.8896924023488136,0.8462273546035349,0.7837098059457719,0.7278254634777165,0.6723436167352409,3333.7707474671784,3333.7709235749444,3333.776069417583,3333.7725801877586,3333.773191061885,3333.7732036885786,2.94e-4,2.669e-4,2.538e-4,2.351e-4,2.183e-4,2.017e-4
CIV,CIV.9_1,BANA,0.0020899573410438927,9.469395154111414e-4,3.1020618296708776e-4,1.7320767717617577e-4,5.23542121403599e-5,0,148397.26785140118,148397.26785140118,148397.26785140118,148397.26785140118,148397.26785140118,148397.26785140118,1.408e-8,6.381e-9,2.09e-9,1.167e-9,3.528e-10,0
CMR,CMR.10_1,BANA,3.016353518808702,2.427220219010568,1.9298766422979436,1.4835848284815927,1.0510494340192438,0.6295157229493995,9.474401743218776,9.888033140499386,9.820717109283038,9.854467707579806,9.89154006052191,9.866728349799502,0.3184,0.2455,0.1965,0.1505,0.1063,0.0638
CMR,CMR.1_1,BANA,9.525353682863386e-6,3.1751178942877953e-6,0,0,0,0,39.509300149982394,37.94819605787343,37.01000391052667,34.959953800845604,33.55952713987918,34.59095452366514,2.411e-7,8.367e-8,0,0,0,0
CMR,CMR.2_1,BANA,1.9226862464918937,1.5179014652678908,1.173205366412526,0.8642382741796921,0.6063511333546969,0.38147751024058196,0.10078690081948519,0.09680335073742953,0.09440911852597268,0.08917816439153911,0.0856054831871977,0.08823720968462909,19.08,15.68,12.43,9.691,7.083,4.323
CMR,CMR.3_1,BANA,1.345235906809902,1.2784169388543059,1.0970433334121734,0.9340405629233548,0.8075944323560059,0.8820474685789114,12.694552936260356,12.65895450042868,12.643507800197902,12.520902520986255,12.299702996722859,12.37869375252759,0.106,0.101,0.08677,0.0746,0.06566,0.07126
CMR,CMR.4_1,BANA,0.01795326670709577,0.01638246732973839,0.014811667952381001,0.01881442385563797,0.02674555132809754,0.02899334954688168,57657.033543742335,55378.169139372665,54008.50377805036,51016.038531648956,48972.21936105307,50477.74777502948,3.114e-7,2.958e-7,2.742e-7,3.688e-7,5.461e-7,5.744e-7
CMR,CMR.5_1,BANA,3.247369675856973,2.55423388564826,1.9493064864829264,1.3926376374957472,0.913460012140432,0.5924510658450122,0.6559339790497393,0.630008528075246,0.614426560096662,0.5803828447752523,0.5571313807537808,0.5742589917746077,4.951,4.054,3.173,2.4,1.64,1.032
CMR,CMR.6_1,BANA,0.019210750998760722,0.011296399315379001,0.005886729718939533,0.003085380494245064,0.001483964116313253,9.135199441013508e-4,0.6130743790073991,0.5888429315380967,0.5742791101059108,0.5424598564974692,0.5207276741113276,0.5367361442102329,0.03134,0.01918,0.01025,0.005688,0.00285,0.001702
CMR,CMR.7_1,BANA,0.005009227460361596,0.004220225203488309,0.0034312229466150327,0.002642220689741746,0.0018532184328684698,0.0010642161759951895,97.61614837495868,93.7852071261677,91.48712041802283,86.45067047737474,82.995721614237,85.5315255639053,5.132e-5,4.5e-5,3.75e-5,3.056e-5,2.233e-5,1.244e-5
CMR,CMR.8_1,BANA,3.3534571914837857e-4,2.3953265653455617e-4,1.4371959392073366e-4,4.7906531306911226e-5,0,0,0.06760002272685522,0.06492816682206023,0.06332230186746922,0.059813784237740864,0.05741750725486339,0.05918266492506367,0.004961,0.003689,0.00227,8.009e-4,0,0
CMR,CMR.9_1,BANA,4.791824704447047,3.9271884496212484,3.151235144559543,2.4211172898011504,1.7787787855318231,1.2265918893774341,0.2093438512192812,0.20106964386771242,0.19609659888087094,0.1852314162514827,0.17781062211638837,0.18327696502254512,22.89,19.53,16.07,13.07,10,6.693
COD,COD.10_1,BANA,1.7954165788334215,2.071501719165414,2.0486513875543984,2.307406985608208,2.2724699047467762,2.2764804083300696,1515.6160279482312,1518.5004240722112,1520.0089487417956,1522.4599037742212,1524.9142643401815,1523.146092557756,0.001185,0.001364,0.001348,0.001516,0.00149,0.001495
COD,COD.11_1,BANA,12.062166927033605,16.69525559267439,17.32397116721029,22.51604976226493,23.330333990062343,23.596910710174633,36085.21149736527,37197.99685724935,39110.81851893472,41504.371362072794,44014.25239844419,42319.58988537255,3.343e-4,4.488e-4,4.429e-4,5.425e-4,5.301e-4,5.576e-4
COD,COD.12_1,BANA,17.011595572281642,20.353763285674624,20.77975027475985,24.6248945115614,33.529851025461724,40.761286915289915,7967.108938970435,8184.136076757074,8556.11402951363,9021.160619225038,9508.735143655544,9179.426941687809,0.002135,0.002487,0.002429,0.00273,0.003526,0.004441
COD,COD.13_1,BANA,41.286291545180504,51.66772218470911,57.996289938271154,72.06192870581643,90.51638205332861,113.64964035962423,3655.502778561777,3661.3271027017754,3667.160498997756,3673.0029674497177,3678.85450805766,3674.535228890519,0.01129,0.01411,0.01582,0.01962,0.0246,0.03093
COD,COD.14_1,BANA,0.7589692774355223,0.7787537896473115,0.827989621525645,0.8315485073864894,1.2564568424972296,1.3252563677600286,8019.406912999401,8032.184259400498,8044.9815082103205,8057.798659428866,8070.6357130561355,8061.160119872269,9.464e-5,9.695e-5,1.029e-4,1.032e-4,1.557e-4,1.644e-4
COD,COD.15_1,BANA,1.76752175618829,1.8286428098870504,1.778229953907698,1.9091432189531212,2.3109263177164583,2.270790349260691,2056.4050065161045,2076.049238667318,2108.1090609963985,2147.627507285763,2188.954035017952,2160.8996272499876,8.595e-4,8.808e-4,8.435e-4,8.89e-4,0.001056,0.001051
COD,COD.16_1,BANA,34.02459182019061,33.63536535718328,35.17252256893664,39.80036116448815,62.87975643644452,66.55090479227482,932.3090745987672,933.9561235141866,935.130689273262,936.6306092071349,938.132720448003,937.0389164153336,0.03649,0.03601,0.03761,0.04249,0.06703,0.07102
COD,COD.17_1,BANA,11.848930832864488,12.594496267358798,13.454233118130299,15.87388857416582,17.346942775971353,16.985897016989522,3307.873812302723,3313.144258111177,3318.422913336779,3323.7097779795276,3329.0048520394234,3325.096325275663,0.003582,0.003801,0.004054,0.004776,0.005211,0.005108
COD,COD.18_1,BANA,6.648754432761454,6.502632172035277,7.402449617873676,7.776494289606661,10.056381541669507,10.085117169630118,96.9201929314636,97.07461618143475,97.22927996606319,97.38418428534888,97.53932913929185,97.42480990744794,0.0686,0.06699,0.07613,0.07985,0.1031,0.1035
COD,COD.19_1,BANA,0.10068621298104191,0.09877458070118125,0.10578453424143107,0.10643045495076954,0.14559170862010987,0.13371201730949422,4879.07545481028,4910.43595599027,4931.554131022434,4960.44426466637,4995.45613206411,4972.748350678109,2.064e-5,2.012e-5,2.145e-5,2.146e-5,2.914e-5,2.689e-5
COD,COD.1_1,BANA,18.5883879727329,19.089485930865973,19.454409931278285,20.07199758857219,20.37990779992315,20.770772317523363,696.6921789966916,697.58087436931,698.6735054577614,699.3357625888257,699.6868241826746,699.1567576832426,0.02668,0.02737,0.02784,0.0287,0.02913,0.02971
COD,COD.20_1,BANA,21.990906756445607,29.431606671721994,32.9853336728614,36.04325056010418,40.83159388371356,44.20698864282662,2435.874348605483,2439.5073516436987,2443.373031526461,2446.7604593257984,2449.803209209135,2447.2535629825543,0.009028,0.01206,0.0135,0.01473,0.01667,0.01806
COD,COD.21_1,BANA,62.902749745533754,84.50611893338724,93.35069599598637,91.78565842569444,93.65230764813703,98.30872615922341,2831.04771315149,2835.5584304278923,2840.0761737436665,2844.600943098812,2849.132738493329,2845.7876212415213,0.02222,0.0298,0.03287,0.03227,0.03287,0.03455
COD,COD.22_1,BANA,0.12382373792716969,0.1238242753020653,0.12352222892711347,0.18488442950551612,0.17608446474827844,0.17020233536886897,5946.101510639049,6019.160524127408,6058.62563305289,6120.738173619839,6199.1035247901655,6149.52894936325,2.082e-5,2.057e-5,2.039e-5,3.021e-5,2.84e-5,2.768e-5
COD,COD.23_1,BANA,193.19960628046832,209.46420907917985,237.34416113443112,281.5749555393254,326.10930605169057,346.9807483028891,9304.481986628703,9319.650130001857,9333.815990937628,9348.691567061487,9363.578263940442,9352.6121735372,0.02076,0.02248,0.02543,0.03012,0.03483,0.0371
COD,COD.24_1,BANA,0.0546968727592954,0.043886950831020954,0.035132450805010214,0.027294867655620676,0.04568317197482939,0.044311397983170915,323.3932880594969,323.9085516083047,324.42461774831,324.9414864795129,325.45915780191325,325.0770418587657,1.691e-4,1.355e-4,1.083e-4,8.4e-5,1.404e-4,1.363e-4
COD,COD.25_1,BANA,51.49846134656919,54.687641747682676,57.34716461152894,62.55624293769387,69.21422353170789,66.95287127091626,1842.7204597493505,1845.6564720866768,1848.597057651943,1851.5422164451488,1854.4919484662944,1852.3146216866955,0.02795,0.02963,0.03102,0.03379,0.03732,0.03615
COD,COD.2_1,BANA,15.574766177991766,15.737124688824244,15.38555199513103,15.201534415147899,20.62354203898911,23.09523496025943,95.288714431785,95.65715900430935,95.38937842270353,95.55486747548758,95.72042883099112,95.61828823772966,0.1634,0.1645,0.1613,0.1591,0.2155,0.2415
COD,COD.3_1,BANA,0.06801519905367719,0.06454082950603703,0.07466316869310684,0.07807629806292002,0.08700527892815353,0.09646463064922021,715.8509457064858,716.9528370563316,718.0626898240963,719.1959992446386,720.3347936757019,719.4981071109736,9.501e-5,9.002e-5,1.04e-4,1.086e-4,1.208e-4,1.341e-4
COD,COD.4_1,BANA,0.41104268335667477,0.41107194640423206,0.3884483584896642,0.37000782152595285,0.35175990588026984,0.32415580917791564,1386.6037160360534,1388.812996122854,1391.0257174558958,1393.2418800351788,1395.4614838607026,1393.823096775107,2.964e-4,2.96e-4,2.793e-4,2.656e-4,2.521e-4,2.326e-4
COD,COD.5_1,BANA,0.17581348561559434,0.17287144627681186,0.20838899783104228,0.2818638109717359,0.4077252853219601,0.49285557710989664,494.8080827087027,495.59646199203644,496.3860692804844,497.17690457404655,497.9689678727229,497.3843111584917,3.553e-4,3.488e-4,4.198e-4,5.669e-4,8.188e-4,9.909e-4
COD,COD.6_1,BANA,0.8078167599468652,0.7800599807425873,0.7432703982548264,0.7662923298619967,0.7512563349768181,0.7052837867234717,11588.591865673345,11607.056005749417,11625.548906168287,11644.070566929953,11662.620988034418,11648.928107340837,6.971e-5,6.721e-5,6.393e-5,6.581e-5,6.442e-5,6.054e-5
COD,COD.7_1,BANA,7.382258367473718,12.712729965450956,14.437867438462364,16.961198388915168,19.09941760135027,19.33817051373689,4240.216360157463,4247.0266658678065,4253.8887087680205,4260.786027301748,4267.699856619679,4262.604593399982,0.001741,0.002993,0.003394,0.003981,0.004475,0.004537
COD,COD.8_1,BANA,0.34435627334606655,0.36947961796289125,0.37961072068987345,0.6553163610452619,0.7111526352474508,0.714585833684544,6756.126000396158,6766.890557323252,6777.671881472976,6788.469972845326,6799.2848314403045,6791.301909240045,5.097e-5,5.46e-5,5.601e-5,9.653e-5,1.046e-4,1.052e-4
COD,COD.9_1,BANA,50.55631758509439,76.57071424905948,86.53006169508599,94.73243533674717,97.29177982822081,118.95123538046558,5331.953925575384,5356.969465117342,5394.524251355909,5439.615174431945,5486.539091790572,5454.375816354492,0.009482,0.01429,0.01604,0.01742,0.01773,0.02181
COG,COG.11_1,BANA,80.11028870290383,112.45519725920126,123.6583630301323,131.90771640023488,134.26687795058947,142.42049858806482,16140.527459146968,16216.604200005158,16144.756417952683,16173.62022468273,16202.485919410843,16185.844177550143,0.004963,0.006935,0.007659,0.008156,0.008287,0.008799
COG,COG.12_1,BANA,25.980684855102275,26.7220197466002,27.3864342330139,26.078625627853754,28.978785698740214,27.898672899129814,581.7676875402923,584.5102436998271,581.9196906652161,582.9600826552276,584.0005423526446,583.4007307995726,0.04466,0.04572,0.04706,0.04473,0.04962,0.04782
COG,COG.1_1,BANA,1.1939122501580077,1.0730129860958662,0.9304069924019613,0.8620926915460145,0.7423433395951937,0.6203434170369775,7315.64674992603,7350.134007442546,7317.558167817815,7330.640950590706,7343.724584774688,7336.182038956524,1.632e-4,1.46e-4,1.271e-4,1.176e-4,1.011e-4,8.456e-5
COG,COG.2_1,BANA,0,0,0,0,0,0,0.733368432703952,0.736758690449131,0.7336228740244483,0.7349302994446258,0.7362378609752238,0.7354785156503049,0,0,0,0,0,0
COG,COG.3_1,BANA,0.2881593707785245,0.26641039916382564,0.2790465477899201,0.29790855475145067,0.4456127054094464,0.4240929441106626,118.21486483919905,118.80897301607662,118.28006642661937,118.49315082526083,118.70658037742963,118.58319769811925,0.002438,0.002242,0.002359,0.002514,0.003754,0.003576
COG,COG.4_1,BANA,3.5074314626396266,3.440046497396086,3.7655524549742245,4.7676560394145255,6.420563771540593,6.363333377294828,723.0962242479093,726.659144704852,723.4287742381485,724.7289284746033,726.0305538922054,725.278746812574,0.004851,0.004734,0.005205,0.006579,0.008843,0.008774
COG,COG.5_1,BANA,1.194863076332501,1.0453996601878173,0.9296121948153326,0.8169281877855524,0.754796771470749,0.7482463290364472,3170.987585827443,3195.0674516118675,3200.4674965681556,3228.2792430116456,3257.1973999771462,3238.1790605958386,3.768e-4,3.272e-4,2.905e-4,2.531e-4,2.317e-4,2.311e-4
COG,COG.6_1,BANA,1.9433980488025207,1.7003073129685151,1.5006711744232382,1.57374936393892,1.658519099012967,1.7457511851093275,1923.7564643974295,1932.8257406317591,1924.259422853876,1927.6997480008513,1931.140300159445,1929.1568631245175,0.00101,8.797e-4,7.799e-4,8.164e-4,8.588e-4,9.049e-4
COG,COG.7_1,BANA,92.40388225910921,95.48489542400553,112.64666864239895,109.22569556671723,114.18789300257023,112.27825048407863,867.4959438769388,871.5524715906852,867.7307780983459,869.2578799303084,870.7691897162891,869.8886418718262,0.1065,0.1096,0.1298,0.1257,0.1311,0.1291
COG,COG.8_1,BANA,1.5782230976296485,1.5303407446721085,1.40175600866358,1.7948283084055878,1.7832677915186685,1.7737393146197478,2520.7190728711503,2532.9101391575696,2521.666189934055,2526.1897443164553,2530.7164414076133,2528.1038160128683,6.261e-4,6.042e-4,5.559e-4,7.105e-4,7.046e-4,7.016e-4
COG,COG.9_1,BANA,50.522768319831556,58.82072154718888,65.51742982974014,93.47599336556783,192.2034616417889,196.34641204594973,5965.154031359955,5993.260219071098,5966.726298885927,5977.3930668576495,5988.060540138487,5981.90966862556,0.00847,0.009814,0.01098,0.01564,0.0321,0.03282
COL,COL.10_2,BANA,12.96741092888284,12.586564215896479,13.89619157286129,14.06455098627501,13.39944959955699,12.89392775616003,4710.815058046348,4738.616106663229,4950.566913889182,5014.476833431086,5178.943940331117,5058.982675177313,0.002753,0.002656,0.002807,0.002805,0.002587,0.002549
COL,COL.11_2,BANA,64.99366785939745,70.36289795731484,67.53805094238368,62.513182051328684,56.7440695698343,51.23914466624713,5275.918793458802,5307.054822589288,5544.430994940218,5616.007471928768,5800.203856101729,5665.852181176387,0.01232,0.01326,0.01218,0.01113,0.009783,0.009044
COL,COL.12_2,BANA,8.760615348386217,10.063877114679226,13.226374443680246,26.895519784289423,25.841068655392988,25.341890759862018,24248.006267778343,24391.106770091956,25482.082416290843,25811.046323922565,26657.60883801312,26040.131506914833,3.613e-4,4.126e-4,5.19e-4,0.001042,9.694e-4,9.732e-4
COL,COL.13_2,BANA,69.66938433040102,71.28878009147742,75.37112736319871,89.03464083159065,87.397311914469,85.76698050335241,8397.958870396627,8447.518149242294,8825.351753818659,8939.276624851296,9232.472654684092,9018.619640162764,0.008296,0.008439,0.00854,0.00996,0.009466,0.00951
COL,COL.14_2,BANA,0.7520441703171304,0.4549977987937833,0.27823437264598966,0.23344124642773934,0.21343329669886835,0.19637027744711866,1723.5061185855216,1733.677453440293,1811.2221051814217,1834.6042876724619,1894.7764790141912,1850.8872641037701,4.363e-4,2.624e-4,1.536e-4,1.272e-4,1.126e-4,1.061e-4
COL,COL.15_2,BANA,65.83644756372081,61.56808038870382,56.28124950724925,54.397807928939045,51.563895285732876,48.043690673756196,26216.371656098527,26371.088539268145,27550.625639871298,27906.29364690971,28821.577041941287,28153.975135932225,0.002511,0.002335,0.002043,0.001949,0.001789,0.001706
COL,COL.16_2,BANA,0.6310237091427924,0.4636503151373396,0.3305407496670749,0.22089062247054153,0.1675692945051359,0.16089801300542766,0.4365891533645901,0.4365891533645901,0.4365891533645901,0.4365891533645901,0.4365891533645901,0.4365891533645901,1.445,1.062,0.7571,0.5059,0.3838,0.3685
COL,COL.18_2,BANA,36.30034523718153,37.50395066463399,42.20821571305133,48.470141325132644,52.177698911898204,51.10305625010699,21061.53723565253,21185.832673579884,22133.44147662368,22419.175714451645,23154.490103433753,22618.156449545702,0.001724,0.00177,0.001907,0.002162,0.002253,0.002259
COL,COL.19_2,BANA,41.573424354590635,39.17812437787125,35.71012446831546,32.297241395531934,28.4766051495872,25.452709367650247,54583.54729249546,54905.656470571535,57361.36601048642,58101.8406572611,60007.393406517884,58617.495311228224,7.616e-4,7.136e-4,6.225e-4,5.559e-4,4.746e-4,4.342e-4
COL,COL.20_2,BANA,472.65816308912366,459.86974872862186,520.3471112499494,548.704542128566,530.5992092397123,496.75738341986636,611247.9847615933,614855.2872627395,642356.7922441694,650649.3719877828,671989.667969155,656424.1913645344,7.733e-4,7.479e-4,8.101e-4,8.433e-4,7.896e-4,7.568e-4
COL,COL.21_2,BANA,1.3999345552708506,1.353778513617892,1.2331976013135908,1.118464852684939,1.0911460121549024,0.9970618212485902,2036.4644027123898,2048.4826724106774,2140.108063924309,2167.736037963535,2238.834436964983,2186.9757154529184,6.874e-4,6.609e-4,5.762e-4,5.16e-4,4.874e-4,4.559e-4
COL,COL.22_2,BANA,294.4904838506724,303.98380214858975,300.53966151810613,286.68644131423457,257.74443859776534,236.15331486837434,1568.515664450775,1582.7588919638545,1646.7744969523515,1675.5814831851496,1731.6820062594422,1690.3558325051229,0.1878,0.1921,0.1825,0.1711,0.1488,0.1397
COL,COL.23_2,BANA,75.46902920123276,73.7037620082147,69.74162591965103,67.03460011159135,64.84359540385937,63.06069790162891,6511.778394262894,6545.367700900921,6801.447273804758,6878.663421810093,7077.3730518554785,6932.435507395733,0.01159,0.01126,0.01025,0.009745,0.009162,0.009096
COL,COL.24_2,BANA,153.48813568523627,160.06033074423019,166.4355363620796,160.16704698689537,152.54066572051062,146.45268366627604,2056.143191366825,2115.7627563320166,2145.766410336876,2245.2027942618306,2329.1659044748676,2264.026752175577,0.07465,0.07565,0.07756,0.07134,0.06549,0.06469
COL,COL.25_2,BANA,25.355204183262817,25.138143910148347,25.110390800382397,25.53675329492416,25.000769536154205,24.230186312754128,46862.0289265258,47138.5869166865,49247.021388606154,49882.78154080085,51518.85984700539,50325.51470217782,5.411e-4,5.333e-4,5.099e-4,5.119e-4,4.853e-4,4.815e-4
COL,COL.26_2,BANA,7.65558359647034,7.553986736632731,7.913716926153482,7.672636773984417,7.41635996103635,7.359672947626992,3462.126074579145,3482.5579391569627,3638.3272502386394,3685.296659171887,3806.1687061941147,3718.0054013496383,0.002211,0.002169,0.002175,0.002082,0.001949,0.001979
COL,COL.28_2,BANA,111.80744698524926,114.87343896153756,114.08356755215421,116.98038709039162,118.92107309379797,123.31629403031027,29730.249223436458,29905.70338452499,31243.33821932349,31646.677729030023,32684.639953601694,31927.556887033497,0.003761,0.003841,0.003651,0.003696,0.003638,0.003862
COL,COL.2_2,BANA,875.8589151315407,853.9629863489542,862.4943558993342,848.7534182029492,864.2516886647837,855.366995397142,1245610.6256335399,1252961.642630438,1309004.6361122795,1325903.3837565554,1369390.9699592807,1337671.4002672387,7.032e-4,6.816e-4,6.589e-4,6.401e-4,6.311e-4,6.394e-4
COL,COL.30_2,BANA,111.16238679315383,102.11400458856048,91.3898084061034,81.13864963527888,71.17882732232529,63.98896888082934,16911.46354483153,17011.267169979033,17772.154257570586,18001.585950636083,18592.010208092986,18161.35849762618,0.006573,0.006003,0.005142,0.004507,0.003828,0.003523
COL,COL.31_2,BANA,58.765402053646206,55.81543427237299,50.68649181096048,46.64845934464179,43.687903607306374,40.34533682139739,60576.577311461675,60934.072214175736,63659.55693432399,64481.3773909532,66596.26712734926,65053.6799607064,9.701e-4,9.16e-4,7.962e-4,7.234e-4,6.56e-4,6.202e-4
COL,COL.32_2,BANA,3.1594240571073593,3.268778285428807,3.560015294528543,3.6708236584494367,3.7534521363039626,3.5201687896302776,2.3782415625181077,2.4539568262133344,2.497178943630242,2.489207511047865,2.541604711297258,2.5103864737444628,1.328,1.332,1.426,1.475,1.477,1.402
COL,COL.33_2,BANA,0.20195011213564856,0.19319408338998328,0.18011464588055395,0.1714959164639366,0.16119036024604666,0.1603609967702629,6.274500368169284,6.274500368169284,6.274500368169284,6.274500368169284,6.274500368169284,6.274500368169284,0.03219,0.03079,0.02871,0.02733,0.02569,0.02556
COL,COL.3_2,BANA,0.08871069339674902,0.0741493451090699,0.05958799682139079,0.045026648533711675,0.03046530024603256,0.015903951958353445,0.15352431029860225,0.15409064890650712,0.15840832507631084,0.15971024197029074,0.16306062179414202,0.1606168759899474,0.5778,0.4812,0.3762,0.2819,0.1868,0.09902
COL,COL.4_2,BANA,1.8211665182581247,2.0509090082736585,1.905239413103963,2.091270553046379,2.5196076506936533,2.5271422801303265,782.5197891265966,787.1378584910523,822.3452905239385,832.9614527266147,860.2813037977894,840.354377617324,0.002327,0.002606,0.002317,0.002511,0.002929,0.003007
COL,COL.5_2,BANA,0.00108539865431502,0.00101054357470709,9.35688495099158e-4,8.608334154912254e-4,7.859783358832929e-4,7.111232562753601e-4,65.09522094651129,65.47938279110959,68.40817206773355,69.29129532389877,71.563942950726,69.90628817888947,1.667e-5,1.543e-5,1.368e-5,1.242e-5,1.098e-5,1.017e-5
COL,COL.6_2,BANA,2.5362523071684175,2.4471226365948455,2.2730262636225724,2.382544546565339,2.377509309588754,2.720838224667411,641.7700148015348,645.5574441874282,674.4322081114036,683.1388691679261,705.5447705520855,689.202048121947,0.003952,0.003791,0.00337,0.003488,0.00337,0.003948
COL,COL.7_2,BANA,2.7131761245324095,2.6810739551106906,2.4897265724963535,2.443913730591689,2.3630589159422373,3.274568440848355,1458.3915273421335,1466.9982786695568,1532.614792513309,1552.4002614872672,1603.316595980125,1566.1785443789001,0.0018600000000000001,0.001828,0.001624,0.001574,0.001474,0.002091
COL,COL.8_2,BANA,15.723483220632394,14.492650652414534,14.497555911488536,15.903634581562029,14.451901596317008,15.171149067928237,11662.961582394079,11731.790979849437,12256.535443721228,12414.762614002084,12821.947681916441,12524.949474679572,0.001348,0.001235,0.001183,0.001281,0.001127,0.001211
COL,COL.9_2,BANA,11.874312512140197,13.85435449478128,16.04682244108247,15.629297443714348,16.070190040335806,16.14828752356297,1869.7999132630284,1880.8346063367198,1964.9613648878121,1990.3282622386193,2055.6079597913895,2007.9933622290455,0.006351,0.007366,0.008166,0.007853,0.007818,0.008042
CRI,CRI.1_1,BANA,1.6776931213737223,1.612589334986992,1.4870026051560048,1.4704543668197514,1.5228798736369,1.4867231616334518,4711.78190107136,4616.87871654673,4406.653658363331,4977.099214357457,4724.089390065635,4803.053495124049,3.561e-4,3.493e-4,3.374e-4,2.954e-4,3.224e-4,3.095e-4
CRI,CRI.2_1,BANA,0.6590651204336837,0.6218052930838281,0.6164735014125018,0.7074288762549752,0.6798552073293149,0.6352413098318284,1181.7019107764224,1157.9004537382639,1105.1765887198255,1248.2427614896012,1184.788595085407,1204.5925749362275,5.577e-4,5.37e-4,5.578e-4,5.667e-4,5.738e-4,5.273e-4
CRI,CRI.3_1,BANA,0.003189348606506816,0.0029911483586981544,0.003391033628332189,0.0031541450144667495,0.0029056516495831507,0.0026720088876644927,423.3034334090056,414.7773927954556,395.8909097650321,447.13936894569093,424.40913024669993,431.50321428732497,7.534e-6,7.211e-6,8.566e-6,7.054e-6,6.846e-6,6.192e-6
CRI,CRI.4_1,BANA,133.6242448561369,128.7154748638553,136.03374983743836,155.40268310848214,185.73423797105136,193.58736856666266,252699.68322477775,247609.88807510337,236335.21392331884,266929.0347586849,253359.75167349743,257594.71092104923,5.288e-4,5.198e-4,5.756e-4,5.822e-4,7.331e-4,7.515e-4
CRI,CRI.5_1,BANA,1295.8992925226173,1369.8456967624588,1427.0943886163623,1470.7464242377132,1502.4148855878186,1580.615001907361,1888683.5335352481,1850647.8572205447,1766371.8929403683,1994933.204472987,1893569.256827385,1925207.4047776947,6.861e-4,7.402e-4,8.079e-4,7.372e-4,7.934e-4,8.21e-4
CRI,CRI.6_1,BANA,81.13574963413734,81.64403897461739,80.50501540720231,76.6308153808756,79.80667735259959,78.92208049596165,47042.5785614349,46110.65331649941,43987.214849016134,49409.51386545035,47032.22676606166,47781.34685744913,0.001725,0.001771,0.00183,0.001551,0.001697,0.001652
CRI,CRI.7_1,BANA,10.55138117700536,10.461320860445042,10.835201243587422,20.21913178803499,19.05931161708261,18.27870147682307,5429.511761609578,5320.152294764663,5077.904361826109,5735.243967236066,5443.694008931997,5534.686450042684,0.001943,0.001966,0.002134,0.003525,0.003501,0.003303
CUB,CUB.10_1,BANA,1.3819699126523362,1.4355333630573146,1.3213675835409715,1.4305514834997903,1.4115341018668806,1.3672579546919885,9583.636262760325,8804.030348619344,8635.808598879026,3151.001530478714,5674.277567217821,4721.5640165032655,1.442e-4,1.631e-4,1.53e-4,4.54e-4,2.488e-4,2.896e-4
CUB,CUB.11_1,BANA,29.94188455589511,31.681030864714536,30.251948284395024,28.730713821883988,27.917593753264736,30.6207484754703,11489.74684765337,10555.083391234451,10353.403646115572,3777.7111848922614,6802.84716605815,5660.64631286275,0.002606,0.003001,0.002922,0.007605,0.004104,0.005409
CUB,CUB.12_1,BANA,4.017879375960092,3.8384960671273523,3.66287654851792,3.8326266105706357,4.35099750418519,4.887817528488133,3367.5494246996946,3093.6073242613197,3034.49666510982,1107.2157895248806,1993.8580339616374,1659.088445295265,0.001193,0.001241,0.001207,0.003461,0.002182,0.002946
CUB,CUB.13_1,BANA,25.839310536251414,24.65980246066284,24.392768277450422,49.057015409080016,51.19228499897541,69.13199982027406,9360.939408652472,8599.44935155812,8435.13660393689,3077.7810837831994,5542.423255460979,4611.8480982322535,0.00276,0.002868,0.002892,0.01594,0.009236,0.01499
CUB,CUB.14_1,BANA,9.003289201385773,8.529585961006607,8.044143752859735,7.557973087974361,7.01822932426015,7.097360711656475,10080.28729667659,9260.28000745318,9083.340532661008,3314.2953080258644,5968.334618551999,4966.248767281023,8.932e-4,9.211e-4,8.856e-4,0.00228,0.001176,0.001429
CUB,CUB.15_1,BANA,2.8850605673904637,3.160237222059721,2.8337677581723564,2.901499738936074,3.7406589380393025,3.6853528017691812,10358.986423218885,9516.307625878813,9334.476140013534,3405.928728806894,6133.346745304674,5103.555289694257,2.785e-4,3.321e-4,3.036e-4,8.519e-4,6.099e-4,7.221e-4
CUB,CUB.16_1,BANA,13.105089038498214,18.663643063524475,17.58600453140066,24.19845697576384,26.82745607218306,25.293389422407227,14120.137265715453,12971.497832934685,12723.646794739296,4642.556636641795,8360.248233149092,6956.559096566393,9.281e-4,0.001439,0.001382,0.005212,0.003209,0.003636
CUB,CUB.1_1,BANA,16.570899004245195,17.691517417378737,17.042472540599803,18.95389012828437,18.640033404691223,18.223673547429115,17818.839452548156,16369.31943327167,16056.545005187721,5858.6520655534505,10550.175132620067,8778.796363747615,0.00093000000000000005,0.001081,0.001061,0.003235,0.001767,0.002076
CUB,CUB.2_1,BANA,23.09619519807378,23.597365430278728,22.05857529024709,24.062108860388896,22.578398592285996,22.43364354622458,10576.626710291324,9716.243395552536,9530.591665585593,3477.486628006791,6262.20716579629,5210.779992281905,0.002184,0.002429,0.002315,0.006919,0.003606,0.004305
CUB,CUB.3_1,BANA,16.326055696528822,16.004153423399465,15.47607813745736,16.513580647464725,15.470296467635281,19.257700295024627,5350.654400599077,4915.391448118236,4821.471309577288,1759.240411790658,3168.014457438299,2636.1035195775416,0.003051,0.003256,0.00321,0.009387,0.004883,0.007305
CUB,CUB.4_1,BANA,0.15240048450994687,0.13128128901944505,0.11016209352894327,0.08914883099496566,0.06824150141751222,0.04927229838058098,763.7893333443565,701.6568958115538,688.2500871049835,251.12611667903533,452.2242457298614,376.2956078081612,1.995e-4,1.871e-4,1.601e-4,3.55e-4,1.509e-4,1.309e-4
CUB,CUB.5_1,BANA,3.829792585540354,3.5868558765601097,3.319478551462646,3.335626416803653,3.203150992590638,3.2971658723573403,9521.4223764894,8746.877413364158,8579.747705153768,3130.546241329389,5637.441981062668,4690.913140500693,4.022e-4,4.101e-4,3.869e-4,0.001066,5.682e-4,7.029e-4
CUB,CUB.6_1,BANA,12.331330787652584,13.143359656695237,12.424312657119184,13.307877421004362,15.963390881783464,22.92969796129261,2310.686580224703,2122.7177472808576,2082.1582217553223,759.730101510297,1368.1108785386918,1138.4044961096613,0.005337,0.006192,0.005967,0.01752,0.01167,0.02014
CUB,CUB.7_1,BANA,4.367598828276607,4.706172884427649,4.324029971751993,10.321697488419549,10.40962526530329,10.560331686350299,10293.624140113341,9456.262408349814,9275.578227884029,3384.438278996998,6094.647056940135,5071.3532950143435,4.243e-4,4.977e-4,4.662e-4,0.00305,0.001708,0.002082
CUB,CUB.8_1,BANA,56.95909128572522,48.83452127057786,40.76086003618071,33.60714071182488,25.811428493973505,18.031006962807513,315.67371481513885,289.99441227680853,284.4533855519552,103.7902870311888,186.9040340664956,155.5227694334238,0.1804,0.1684,0.1433,0.3238,0.1381,0.1159
CUB,CUB.9_1,BANA,0.5522619243777116,0.6241667539401756,0.8059388626210862,0.7479453247711273,2.3424838486284276,2.6847296944940258,3144.099945898516,2888.334926727512,2833.146480530667,1033.747887532074,1861.5581083170416,1549.001731892582,1.757e-4,2.161e-4,2.845e-4,7.235e-4,0.001258,0.001733
CYP,CYP.4_1,BANA,0,0,0,0,0,0,62.33131120612022,56.580811325489684,60.277561248752164,67.05493610806673,60.277561248752164,62.8718581948995,0,0,0,0,0,0
CYP,CYP.5_1,BANA,0,0,0,0,0,0,100.57006894577704,91.29177592936269,97.2563928684862,108.19152392354599,97.2563928684862,101.44222848932,0,0,0,0,0,0
DEU,DEU.1_1,BANA,0,0,0,0,0,0,1.245004539186839,1.3433654144426674,1.3235876012199859,1.2468825511248978,1.23784461867299,1.259072667926965,0,0,0,0,0,0
DMA,DMA.10_1,BANA,0.8336295095898464,0.7831065090086435,0.7325835084274408,0.682060507846238,0.6315375072650351,0.5810145066838324,68.47650955483344,68.47965359894432,68.36492564968988,68.44038270835156,68.42834042619093,68.41282098943464,0.01217,0.01144,0.01072,0.009966,0.009229,0.008493
DMA,DMA.1_1,BANA,3.3104992507719047,3.1058032477336233,2.901107244695342,2.696776850833404,2.493620212432611,2.29127172031662,744.181673757533,744.2158422632589,742.9690141486543,743.7890582860779,743.6581864622594,743.4895259902794,0.004449,0.004173,0.003905,0.003626,0.003353,0.003082
DMA,DMA.2_1,BANA,0.01270118355085453,0.01100769241074059,0.00931420127062665,0.00762071013051271,0.00592721899039877,0.00423372785028484,217.02054381907965,217.0305081435929,216.66690430192057,216.90604809023873,216.8678828472917,216.818697562783,5.853e-5,5.072e-5,4.299e-5,3.513e-5,2.733e-5,1.953e-5
DMA,DMA.3_1,BANA,0.0943630294728566,0.08864405798965316,0.08292508650644974,0.07720611502324631,0.07148714354004287,0.06576817205683945,101.92962323723742,101.93430325427902,101.76352678336497,101.87584719236324,101.85792184407185,101.83482063240517,9.258e-4,8.696e-4,8.149e-4,7.578e-4,7.018e-4,6.458e-4
DMA,DMA.4_1,BANA,1.0644279634894933,1.0009127301090992,0.9373974967287052,0.8738822633483109,0.8103670299679169,0.7468517965875228,310.7606136349989,310.77488195976525,310.25422271262806,310.5966625070224,310.5420121310303,310.47158170575,0.003425,0.003221,0.003021,0.002814,0.00261,0.002406
DMA,DMA.5_1,BANA,8.326474823476055,8.028437323115082,7.5176585869768084,7.006879850838537,6.4961011147002665,5.985322378561995,991.9720186533019,992.0175642543218,990.3555794925728,991.4486739170532,991.2742256716368,991.0494062830965,0.008394,0.008093,0.007591,0.007067,0.006553,0.006039
DMA,DMA.6_1,BANA,0,0,0,0,0,0,19.025995875855177,19.026869439222764,18.99499261746957,19.015958138291737,19.012612225770585,19.008300196117787,0,0,0,0,0,0
DMA,DMA.8_1,BANA,0.9480694642109648,0.8844904809130408,0.8209114976151171,0.7573325143171931,0.6937535310192691,0.6301745477213452,458.7460188437011,458.767081799864,457.9984826070498,458.5039935549607,458.42331845871394,458.319348792723,0.002067,0.001928,0.001792,0.001652,0.001513,0.001375
DMA,DMA.9_1,BANA,8.621372014015643,10.668566285489176,10.053451528972186,10.11135679046656,9.461728186872062,8.812099583277565,210.61297564867715,210.622645774828,210.26977739792565,210.50186042554708,210.46482201783704,210.41708893715165,0.04093,0.05065,0.04781,0.04803,0.04496,0.04188
DOM,DOM.10_1,BANA,5.582900420192504,5.270652561965136,5.739569730673004,5.542745495814964,5.228246207359906,5.08723094273513,7339.685922483744,7510.103891322566,8293.713531414818,9800.363094289047,12041.316537744342,10963.844518497064,7.606e-4,7.018e-4,6.92e-4,5.656e-4,4.342e-4,4.64e-4
DOM,DOM.11_1,BANA,3.9158406605781853,3.9447963913875648,3.967188073304458,10.522404568519,10.092808624062167,9.444053414413668,109998.70094988646,112618.09497184772,124622.26216827822,147598.58775796654,181827.16019732517,165376.74108292072,3.56e-5,3.503e-5,3.183e-5,7.129e-5,5.551e-5,5.711e-5
DOM,DOM.12_1,BANA,22.050117392567486,19.52262850971853,16.857178239269103,16.363383171825717,17.317948523424963,15.467516002158458,26301.55287052841,26902.402258181977,29671.26151335053,35010.632735709085,42944.131503594705,39128.573957304405,8.384e-4,7.257e-4,5.681e-4,4.674e-4,4.033e-4,3.953e-4
DOM,DOM.13_1,BANA,0.16997430771105765,0.157947964947536,0.1459355884459975,0.13395157555227294,0.12198196000437908,0.11001234445648526,19441.14094399062,19904.09194185736,22025.70523697578,26086.53486775162,32136.08359295273,29228.64092472925,8.743e-6,7.935e-6,6.626e-6,5.135e-6,3.796e-6,3.764e-6
DOM,DOM.14_1,BANA,7.608416276281215,7.4740298783105965,6.980527353689432,7.703601170209202,7.352144182107759,7.318136383918136,19382.768359547936,19844.329333737896,21959.572423960377,26008.209297057398,32039.594078340848,29140.881090291598,3.925e-4,3.766e-4,3.179e-4,2.962e-4,2.295e-4,2.511e-4
DOM,DOM.15_1,BANA,25.209602439266394,25.997311945047585,25.904804135574203,27.33607463095023,26.973944691250228,27.301103563833347,39330.23342777804,40266.80247298883,44558.91405125902,52774.1406034959,65012.628261208316,59130.7513102335,6.41e-4,6.456e-4,5.814e-4,5.18e-4,4.149e-4,4.617e-4
DOM,DOM.16_1,BANA,54.40471043101152,54.04793021699794,53.44157443409675,64.00220413179302,61.29286907115916,58.268743559386145,13135.974313435028,13448.780667438465,14882.310614472382,17626.128679203604,21713.68284544605,19749.184346227357,0.004142,0.004019,0.003591,0.003631,0.002823,0.00295
DOM,DOM.17_1,BANA,28.603271666987027,24.796184677872958,21.016435996463965,17.248105116155777,13.477897333338316,9.723327757996866,41976.331083419085,42975.91153077243,47556.79196178451,56324.730507464104,69386.61102805214,63109.0074450622,6.814e-4,5.77e-4,4.419e-4,3.062e-4,1.942e-4,1.541e-4
DOM,DOM.18_1,BANA,34.6000142131169,37.22099915398095,37.15464371238324,75.46624657077606,77.45101968363278,75.07787723730934,99536.71618933462,101906.9794479051,112769.42939506202,133560.4749214675,164533.56524927687,149647.74674009226,3.476e-4,3.652e-4,3.295e-4,5.65e-4,4.707e-4,5.017e-4
DOM,DOM.19_1,BANA,6.509548276814934,5.905647672079441,5.169633026618433,4.597596487715305,3.912329547853428,3.340439373985491,5052.387219951774,5172.678688845016,5723.96329329304,6779.170492671887,8351.129721334855,7595.636249529336,0.001288,0.001142,9.032e-4,6.782e-4,4.685e-4,4.398e-4
DOM,DOM.1_1,BANA,79.67421373654958,69.80908173840841,60.01028391772791,50.33716707097906,40.67923601349556,31.415360316898045,21183.651903140137,21688.09723457794,23999.870892633488,28424.672995768426,35016.44323882908,31848.406260473595,0.003761,0.003219,0.0025,0.001771,0.001162,9.864e-4
DOM,DOM.20_1,BANA,1.2271364487485326,1.3942518472268859,1.5152339551991127,1.5398569062800682,1.7196963011021276,1.941610131762329,4778.5755767128785,4892.367577809639,5413.85391981448,6411.993964718357,7898.955345825791,7184.314442542786,2.568e-4,2.85e-4,2.799e-4,2.402e-4,2.177e-4,2.703e-4
DOM,DOM.21_1,BANA,13.425064618378508,12.633560332157383,11.71364839299494,12.181590543737826,11.130428486006737,10.418353833850214,34016.87174626321,34826.91395338508,38539.177938463516,45644.55931147526,56229.67485077422,51142.416616316405,3.947e-4,3.628e-4,3.039e-4,2.669e-4,1.979e-4,2.037e-4
DOM,DOM.22_1,BANA,3.096041290196301,3.809110348654465,3.970352009383496,4.569269723561047,5.119610698688116,5.309359163186611,11568.94773729615,11844.43855929469,13106.958768406419,15523.45921474627,19123.397779962608,17393.249720506283,2.676e-4,3.216e-4,3.029e-4,2.943e-4,2.677e-4,3.053e-4
DOM,DOM.23_1,BANA,91.46471416946619,93.45773243078452,91.64032940318762,121.12681347771681,115.1046244317317,109.2962651301558,13183.047689105228,13496.974999245049,14935.642067600998,17689.292732141712,21791.494839088715,19819.956468015014,0.006938,0.006924,0.006136,0.006847,0.005282,0.005514
DOM,DOM.24_1,BANA,8.486033751178148,9.40159606905252,9.489000840016445,14.980217123679344,14.499195825328913,14.36370250606723,10265.931507984944,10510.393664261957,11630.715606110147,13775.044427923798,16969.520155765742,15434.239516560185,8.266e-4,8.945e-4,8.159e-4,0.001087,8.544e-4,9.306e-4
DOM,DOM.25_1,BANA,6.022948048730731,6.3463215126097525,6.548633216999249,6.49076252235575,6.565053745068144,6.708379655198032,2109.4899998620294,2159.7231885025303,2389.9320040509842,2830.5583809670434,3486.973689937605,3171.4972859827526,0.002855,0.002938,0.00274,0.002293,0.001883,0.002115
DOM,DOM.26_1,BANA,17.653641933123755,16.27152180363043,14.930907593989408,18.601348822232254,17.60497616638221,16.876003347762694,43461.79721642815,44496.75100069393,49239.74047182459,58317.960441100455,71842.077194488,65342.32062007876,4.062e-4,3.657e-4,3.032e-4,3.19e-4,2.451e-4,2.583e-4
DOM,DOM.27_1,BANA,1.2535935391975277,1.3200036303532816,1.24782154966369,1.184894925114109,1.4280570014953757,1.6740312533219117,59003.29241601843,60408.33511284956,66847.36922130188,79171.86801726176,97532.07092131644,88708.06771953801,2.125e-5,2.185e-5,1.867e-5,1.497e-5,1.464e-5,1.887e-5
DOM,DOM.28_1,BANA,19.9028559768057,20.639078789076464,21.967373486819216,58.39135239280813,60.08453558284385,57.49832148363058,45997.52350839685,47092.8604265829,52112.57391454576,61720.451710573136,76033.61679200029,69154.63973678461,4.327e-4,4.383e-4,4.215e-4,9.461e-4,7.902e-4,8.314e-4
DOM,DOM.29_1,BANA,95.70142123186397,83.45787037877339,71.20812017547722,59.93492370549483,48.61777268328676,37.366604751671744,13119.667178525666,13432.085211473235,14863.835559545925,17604.247420041305,21686.727254098885,19724.667503715384,0.007295,0.006213,0.004791,0.003405,0.002242,0.001894
DOM,DOM.2_1,BANA,11.345651145770033,10.982453365006124,10.619607728607486,12.682292990582901,12.400522651335228,12.351014641852977,9882.58247523887,10117.915958576761,11196.402989249318,13260.658572790104,16335.84661792673,14857.896221726929,0.001148,0.001085,9.485e-4,9.564e-4,7.591e-4,8.313e-4
DOM,DOM.30_1,BANA,20.40766211112129,18.684142028062713,16.273763786440732,14.093194894158932,12.242894768690984,10.294933403423935,18808.652447169614,19256.542025462983,21309.13179939348,25237.848400568062,31090.584089401025,28277.730727850227,0.001085,9.703e-4,7.637e-4,5.584e-4,3.938e-4,3.641e-4
DOM,DOM.31_1,BANA,3.058011805461331,3.025714914598382,2.9431686639613712,5.443108386544898,5.629521425136629,5.387838344879032,40971.91166017889,41947.57391386216,46418.84197138439,54976.97924216086,67726.31204453958,61598.92042165702,7.464e-5,7.213e-5,6.34e-5,9.901e-5,8.312e-5,8.747e-5
DOM,DOM.32_1,BANA,15.0171350964425,13.076234297310764,11.087706630233042,9.151747370966728,7.1401179286480545,5.1498214494632775,22562.63729208509,23099.920339359378,25562.182785258625,30275.024810740073,37295.89740565326,33921.631740914294,6.656e-4,5.661e-4,4.338e-4,3.023e-4,1.914e-4,1.518e-4
DOM,DOM.3_1,BANA,22.260430329995167,19.73806275706151,16.97698066527013,15.711575043799003,12.79085730040285,10.461611872962754,4400.1032084127855,4504.882664357268,4985.066285974774,5904.151721272623,7273.342903616008,6615.302933143967,0.005059,0.004381,0.003406,0.002661,0.001759,0.001581
DOM,DOM.4_1,BANA,230.7961849331858,199.6255242361365,168.44811142215852,137.41482151060927,106.43728218337435,75.69618958993293,29292.936867141376,29973.65951622073,33103.37716977137,39119.976542188335,48069.39765798406,43766.491758829245,0.007879,0.00666,0.005089,0.003513,0.002214,0.00173
DOM,DOM.6_1,BANA,39.81069237184986,46.01336269951888,46.15140932795371,95.49059163014502,97.35885534184443,93.4272530784934,52321.09876053571,53567.01868624673,59276.82445666725,70205.55897763204,86486.44687509663,78661.77262254267,7.609e-4,8.59e-4,7.786e-4,0.00136,0.001126,0.001188
DOM,DOM.7_1,BANA,2.690674578990266,2.51576017070287,2.540786029876202,2.9405983026428575,2.7307967215227493,2.545513907168328,74042.88146479752,75806.0612060386,83886.36689268347,99352.30728509718,122392.41694049473,111319.22769356894,3.634e-5,3.319e-5,3.029e-5,2.96e-5,2.231e-5,2.287e-5
DOM,DOM.8_1,BANA,4.115756262014662,4.020872808171863,4.219647770265803,4.814039860908185,4.692935014298958,4.560617043078286,20781.638046146203,21276.51024004091,23544.412093130002,27885.242283959655,34351.916864008694,31244.001472365046,1.98e-4,1.89e-4,1.792e-4,1.726e-4,1.366e-4,1.46e-4
DOM,DOM.9_1,BANA,24.94500098595152,23.899661141119648,24.11809364856508,35.36953628264665,34.20633905678928,32.05617148443923,47785.52990264199,48923.44453510893,54138.28330654749,64119.63657742922,78989.18010568312,71842.8048511199,5.22e-4,4.885e-4,4.455e-4,5.516e-4,4.331e-4,4.462e-4
DZA,DZA.19_1,BANA,0.02198195349219297,0.02989778560970225,0.03015735196629941,0.02948572905187586,0.03200527625552969,0.03057129429984467,31.9264704932824,31.619419881278404,32.16558955395808,31.90337376583077,31.89658061069794,31.951232449495595,6.885e-4,9.456e-4,9.376e-4,9.242e-4,0.001003,9.568e-4
DZA,DZA.23_1,BANA,0.00798903274955072,0.0073445233732253815,0.007112498253292663,0.006446835838177934,0.0057811734230632265,0.005570152315205077,2.8972904260322627,2.86942593663768,2.9189902053837957,2.8951944246176256,2.894577953613321,2.8995375450390886,0.002757,0.00256,0.002437,0.002227,0.001997,0.001921
DZA,DZA.47_1,BANA,0.0012534643974230321,0.0011693954497437498,0.0010853265020644676,0.0010012575543851855,9.171886067059033e-4,8.33119659026621e-4,3.5125502680671286,3.4787685598845175,3.538858147005799,3.5100091661241883,3.5092617831997943,3.5152745784776025,3.569e-4,3.362e-4,3.067e-4,2.853e-4,2.614e-4,2.37e-4
DZA,DZA.48_1,BANA,0,0,0,0,0,0.00101536637515277,14.43201035273655,14.227990239114959,14.160223392246046,13.087424682756584,13.126281625558374,13.186528172521285,0,0,0,0,0,7.7e-5
DZA,DZA.8_1,BANA,0.006730557988242809,0.006316383204358494,0.005906160927485614,0.00553407928447502,0.005125775740977416,0.00475280609317004,6.871830114665839,6.805740765931232,6.923297926069778,6.866858791973412,6.8653966382403455,6.8771598599766985,9.794e-4,9.281e-4,8.531e-4,8.059e-4,7.466e-4,6.911e-4
ECU,ECU.10_1,BANA,146.2621617618535,131.04389480423902,117.0566121427424,109.16088190481203,115.3658032930942,112.8454634816759,1817451.320060848,2026863.711214531,1847429.5543435258,2172014.442088366,2288836.433663506,2187418.2337346827,8.048e-5,6.465e-5,6.336e-5,5.026e-5,5.04e-5,5.159e-5
ECU,ECU.11_1,BANA,18.20040541199932,17.38731449008913,16.720175618617198,23.87641827696862,25.691723798208006,23.93899470512466,45290.6880939333,50509.22197490056,46037.74241308731,54126.362310958204,57037.55356243262,54510.223113840075,4.019e-4,3.442e-4,3.632e-4,4.411e-4,4.504e-4,4.392e-4
ECU,ECU.12_1,BANA,143.35775357937334,135.30790191795091,116.64147209539053,98.602532994508,81.12894092518046,81.93072682579198,51675.38823963701,57629.57284508957,52527.75930938263,61756.62118903779,65078.195407517895,62194.59296102039,0.002774,0.002348,0.002221,0.001597,0.001247,0.001317
ECU,ECU.13_1,BANA,128.31866067832263,107.90876254609246,94.82385153618112,82.07412360384205,72.2193187785528,61.71093323007599,851667.4942951095,949799.2706346449,865715.4566218611,1017817.6862554187,1072561.1017984732,1025035.986129125,1.507e-4,1.136e-4,1.095e-4,8.064e-5,6.733e-5,6.02e-5
ECU,ECU.14_1,BANA,45.26449818554026,41.395704846120125,41.38262948679384,38.63530978694268,37.7062089317384,35.4507057496375,19611.159685974508,21870.81847177304,19934.639018340597,23437.06353720202,24697.628101614635,23603.277737500535,0.002308,0.001893,0.002076,0.001648,0.001527,0.001502
ECU,ECU.15_1,BANA,178.82936499206068,190.68107027106788,210.2133471671409,227.05112936171216,254.4408852988897,253.73097914198263,4396.006283495438,4901.281586260313,4468.80657160279,5251.844501449352,5533.338440591513,5288.88480458663,0.04068,0.0389,0.04704,0.04323,0.04598,0.04797
ECU,ECU.16_1,BANA,58.44517105308933,58.490512097010225,60.54302096116998,60.08939122926958,69.6441064039523,89.41167785754976,2921.05732754464,3257.630633748863,2969.2391632569347,3490.920846992803,3678.680337848105,3515.678241022448,0.02001,0.01795,0.02039,0.01721,0.01893,0.02543
ECU,ECU.17_1,BANA,591.9925603678465,675.987691090478,727.4672351548209,708.5658055447116,749.8491286595157,738.2815790481576,60148.54832233481,67079.05083198394,61140.67798489812,71882.81393035637,75749.03735490245,72392.60235058892,0.009842,0.01008,0.0119,0.009857,0.009899,0.0102
ECU,ECU.18_1,BANA,7.4023946098856905,8.099184958019013,9.078144810303122,9.033154154834692,11.527702445115636,11.577230617581886,406.6447273272898,453.4995969789259,413.35219221015933,485.9762739198914,512.1145513997599,489.42278749892535,0.0182,0.01786,0.02196,0.01859,0.02251,0.02365
ECU,ECU.19_1,BANA,95.17430698136101,88.97982904217487,86.31455323931101,82.62183288351432,89.70872784738141,92.21952319414721,139081.5501562853,155106.9587392307,141375.65247911587,166214.70530356502,175154.57813607148,167393.4896796893,6.843e-4,5.737e-4,6.105e-4,4.971e-4,5.122e-4,5.509e-4
ECU,ECU.1_1,BANA,3.5638995697696485,2.8363638703094134,2.397898410036964,2.18272764983663,2.1681578949053377,1.978677252551772,95285.65055391633,106264.75943286106,96857.35457952238,113874.74692855186,119999.5104055008,114682.33956765877,3.74e-5,2.669e-5,2.476e-5,1.917e-5,1.807e-5,1.725e-5
ECU,ECU.20_1,BANA,6.345524683835188,5.305755853162966,4.213342708173264,3.5466719328473566,2.5669700487500715,1.796629528877427,17574.911560752033,19599.94750731503,17864.803680805035,21003.56763728955,22133.246406465754,21152.523635668203,3.611e-4,2.707e-4,2.358e-4,1.689e-4,1.16e-4,8.494e-5
ECU,ECU.21_1,BANA,20.62470265194904,17.96941805268029,15.721597425277805,14.468803179980695,12.081352962033815,9.841520716900256,23967.33324695739,26728.923892837505,24362.666163595975,28643.074714646675,30183.645057163958,28846.2096231743,8.605e-4,6.723e-4,6.453e-4,5.051e-4,4.003e-4,3.412e-4
ECU,ECU.22_1,BANA,234.2421390324111,248.93044003950502,266.43152936029304,264.31262259861666,284.84433316050786,293.923278532349,9192.27477612545,10251.09911995001,9344.004495116107,10985.173907787408,11575.942752653866,11063.085755732456,0.02548,0.02428,0.02851,0.02406,0.02461,0.02657
ECU,ECU.23_1,BANA,37.154198773156565,35.171755246731614,34.73260702784915,32.60274077511529,36.096765534091155,34.67522178920018,38311.184473370115,42725.51824943499,38943.114281399925,45785.24060104428,48247.80387323791,46109.94668633939,9.698e-4,8.232e-4,8.919e-4,7.121e-4,7.482e-4,7.52e-4
ECU,ECU.24_1,BANA,20.44458164804478,16.475201310957598,15.67381040651667,13.306713936872727,12.864770271227437,14.422589689891566,1032.0452791997095,1150.9607446707987,1049.0685110346863,1233.385030216842,1299.7227546890413,1242.132120317624,0.01981,0.01431,0.01494,0.01079,0.009898,0.01161
ECU,ECU.2_1,BANA,6.581709096816716,6.1847302301401,6.0063801180677885,5.770361705517823,6.152295061829625,6.37870200568886,29054.28242403612,32402.00716830499,29533.522817332418,34722.42713351345,36589.975991135034,34968.67643216212,2.265e-4,1.909e-4,2.034e-4,1.662e-4,1.681e-4,1.824e-4
ECU,ECU.3_1,BANA,7.655914712628854,6.8578929678375955,6.3722873221156995,5.780057419725986,6.17021841077617,7.097041624931754,169441.7878973962,188965.39745617157,172236.67189720197,202497.8640936015,213389.22987585724,203933.9663804366,4.518e-5,3.629e-5,3.7e-5,2.854e-5,2.892e-5,3.48e-5
ECU,ECU.4_1,BANA,3.3279234641048823,3.156052467174678,2.9411456044315307,3.11300213542945,2.9017817646701376,2.6992988206832553,4467.091541008616,4980.671763848473,4541.1308605870945,5337.215374527808,5624.046672168754,5375.086232480016,7.45e-4,6.337e-4,6.477e-4,5.833e-4,5.16e-4,5.022e-4
ECU,ECU.5_1,BANA,5.076228685813542,5.227780975374865,4.952365856483347,4.7107728729543155,5.417809279081846,6.184009362668161,12250.90547854786,13662.492893155788,12452.979949845694,14640.911332455695,15428.374061611401,14744.74376713348,4.144e-4,3.826e-4,3.977e-4,3.218e-4,3.512e-4,4.194e-4
ECU,ECU.6_1,BANA,5.171248128563081,4.731320036810336,5.213745546337509,4.833474276688365,4.4433835345542745,4.429348703741916,31191.194060770427,34785.14040701193,31705.682076371824,37276.22479798031,39281.1298920347,37540.585471198145,1.658e-4,1.36e-4,1.644e-4,1.297e-4,1.131e-4,1.18e-4
ECU,ECU.7_1,BANA,28.88834992165147,24.913695108349113,20.332347206875475,16.06682650052581,12.625864218781388,10.256531795173368,1030416.4758509727,1149144.2655366291,1047412.8411350548,1231438.466720077,1297671.4951000158,1240171.751913327,2.804e-5,2.168e-5,1.941e-5,1.305e-5,9.73e-6,8.27e-6
ECU,ECU.8_1,BANA,234.98491619826487,221.04089356658847,210.87371555533838,204.09291105986432,191.17833495136654,207.97806718241023,25559.450284041144,28504.400997775956,25981.072504582502,30545.688961489042,32188.57347548013,30762.31863095659,0.009194,0.007755,0.008116,0.006682,0.005939,0.006761
EGY,EGY.12_1,BANA,0.00991296291540674,0.00925249175491516,0.00859202059442357,0.03733814337743375,0.03516964175830106,0.03300114013916836,699.2274241449958,615.2100840910123,629.443800475612,704.9961801691408,649.8833549119216,660.1014891792247,1.418e-5,1.504e-5,1.365e-5,5.296e-5,5.412e-5,4.999e-5
EGY,EGY.13_1,BANA,0,0,0,0,0,0,142.99978735540793,125.81730659590718,128.72825995098162,144.17956214151084,132.90837622946657,134.9980983669815,0,0,0,0,0,0
EGY,EGY.14_1,BANA,0,0,0,0,0,0,67.05014562109109,58.993575339676966,60.358471399758855,67.60332176681283,62.318456168749556,63.29829100780251,0,0,0,0,0,0
EGY,EGY.15_1,BANA,0,0,0,0,0,0,0.19567239270869907,0.17216090933476558,0.17614408454491598,0.1972867262648771,0.1818639067148529,0.18472335803506787,0,0,0,0,0,0
EGY,EGY.16_1,BANA,0.5003250415695207,0.4793863925414897,0.4538840934194565,1.168447891048481,1.628676285786299,1.749555116797977,8097.441738522059,7124.474299573823,7289.308636968237,8164.247135730815,7526.01002409096,7644.341691369393,6.179e-5,6.729e-5,6.227e-5,1.431e-4,2.164e-4,2.289e-4
EGY,EGY.17_1,BANA,0,0,0,0,0.00158268205702202,0.00150151887461063,614.7594869882263,540.8915935301577,553.4058512385594,619.8313668537794,571.3762705408323,580.3600357125504,0,0,0,0,2.77e-6,2.587e-6
EGY,EGY.19_1,BANA,0,0,0,0,0,0,1323.4916249916491,1164.4643299002248,1191.4057852508345,1334.4106765347317,1230.0935972285972,1249.434393454306,0,0,0,0,0,0
EGY,EGY.1_1,BANA,0.056831590995474975,0.050090338148456336,0.04629862593274615,0.09730187331298483,0.08929540115240343,0.08434517943609916,1889.8609384592846,1662.7801867061205,1701.250852580325,1905.4526419552742,1756.4945604139066,1784.1119737888487,3.007e-5,3.012e-5,2.721e-5,5.106e-5,5.084e-5,4.728e-5
EGY,EGY.20_1,BANA,0.003962209032302804,0.003596044963091875,0.00324380854809965,0.00289458352833511,0.00254535850857057,0.00219613348880603,4.46252711974733,3.9263215225792933,4.017162275083727,4.4993437967196765,4.147609198127566,4.212822174201577,8.879e-4,9.159e-4,8.075e-4,6.433e-4,6.137e-4,5.213e-4
EGY,EGY.21_1,BANA,0.0068667983390649084,0.006116081145288889,0.0055220955241117075,0.004943891442506846,0.004368625266320448,0.004541839805207665,626.1100201516275,550.878276290023,563.6235893951141,631.2755440224107,581.9258032358493,591.0754390068378,1.097e-5,1.11e-5,9.797e-6,7.832e-6,7.507e-6,7.684e-6
EGY,EGY.23_1,BANA,0.1703168396542572,0.16320647670470273,0.1623856105499038,0.14888017734946213,0.13484349641967716,0.12315264686744593,2876.7563565514033,2531.092830329757,2589.653082220358,2900.4901304120976,2673.745347654071,2715.784720954544,5.92e-5,6.448e-5,6.271e-5,5.133e-5,5.043e-5,4.535e-5
EGY,EGY.24_1,BANA,0,0,0,0,0,0,0.005741772204708829,0.005051855861073689,0.005168737370986915,0.005789142891056957,0.005336578707705854,0.0054204858848188285,0,0,0,0,0,0
EGY,EGY.25_1,BANA,0,0,0,0,0,0,5028.6444483079185,4424.415672326082,4526.780505861793,5070.131698310922,4673.775958832933,4747.261869683996,0,0,0,0,0,0
EGY,EGY.26_1,BANA,0,0,0,0,0,0,67.1744843297541,59.102973834030735,60.47040097606627,67.72868629289927,62.43402036766543,63.4156722258682,0,0,0,0,0,0
EGY,EGY.27_1,BANA,0,0,0,0,0,0,1952.5378295248565,1717.925986329417,1757.672524774533,1968.646629004819,1814.7483800362565,1843.2817198555142,0,0,0,0,0,0
EGY,EGY.3_1,BANA,0.4732033148918417,0.45995617471730066,0.4230608294263306,0.45090816565872394,0.6998817070307884,0.6761450511054704,38043.152649760144,33471.98684228503,34246.406475289055,38357.015719839415,35358.46967913784,35914.41189236279,1.244e-5,1.374e-5,1.235e-5,1.176e-5,1.979e-5,1.883e-5
EGY,EGY.4_1,BANA,5.277707854846482e-6,4.992426349179105e-6,4.707144843511728e-6,1.0034196226681275e-5,9.46110277799662e-6,8.888009329311964e-6,2.0174433717674436,1.7750326482282421,1.8161004264419494,2.0340876540172217,1.8750735762291377,1.9045554108047875,2.616e-6,2.813e-6,2.592e-6,4.933e-6,5.046e-6,4.667e-6
EGY,EGY.5_1,BANA,0.01420698741644868,0.01299570458003948,0.011784421743630298,0.23913300248410616,0.28345798953081575,0.31853516524752196,2731.721078709253,2403.484612464821,2459.0924758487913,2754.258284609547,2538.94512430772,2578.8650299052506,5.201e-6,5.407e-6,4.792e-6,8.682e-5,1.116e-4,1.235e-4
EGY,EGY.6_1,BANA,0,0,0,0,0,0,91.79113803109827,80.76175475521904,82.63028705277858,92.54843195607197,85.31349125468988,86.65487767713633,0,0,0,0,0,0
EGY,EGY.7_1,BANA,5.969158483652301e-4,5.368936180433187e-4,4.962680767655378e-4,0.01428477877308839,0.01422864247610778,0.013810244651752013,4632.252594500882,4075.653227815539,4169.948971053263,4670.469538140591,4305.357245669798,4373.050498731992,1.289e-7,1.317e-7,1.19e-7,3.059e-6,3.305e-6,3.158e-6
EGY,EGY.8_1,BANA,0.25110176690067804,0.23512388874218546,0.22000384131338024,0.28685631543020795,0.3159916590307968,0.366750165881977,6661.320484424185,5860.913622475393,5996.513776657213,6716.277614745942,6191.235004626184,6288.579966732915,3.77e-5,4.012e-5,3.669e-5,4.271e-5,5.104e-5,5.832e-5
EGY,EGY.9_1,BANA,0.11130521378418186,0.10246870099696265,0.09366942868216326,1.1687828911395213,2.293838047706735,2.6500785428444154,13532.378748412011,11906.363481011877,12181.833284487348,13644.023384663757,12577.406716720994,12775.161636268598,8.225e-6,8.606e-6,7.689e-6,8.566e-5,1.824e-4,2.074e-4
ESP,ESP.10_1,BANA,0.32606283063757985,0.3277030173517922,0.3054829280270189,0.3051040525523214,0.3066912688605443,0.28947546127301627,1764.0109073674066,1717.7000578689956,1464.77480185954,1961.8501846443912,1768.9652865521869,1810.248322889597,1.848e-4,1.908e-4,2.086e-4,1.555e-4,0.00017340000000000001,1.599e-4
ESP,ESP.11_1,BANA,1.7099984359839546,1.5299830267051193,1.3039926708878118,1.067722019225191,0.8376525872738092,0.6149788108397894,5958.30665494747,5801.882314479839,4947.575671708297,6626.549168350443,5975.041081216899,6114.48295718167,2.87e-4,2.637e-4,2.636e-4,1.611e-4,1.402e-4,1.006e-4
ESP,ESP.12_1,BANA,0.6282703419629392,0.5712105603629491,0.5132820306648811,0.4556351552631086,0.4051801154179404,0.38002458642706477,377.45288405062985,367.5435554671138,313.42406735550827,419.7853920157503,378.5129935455119,387.34649965527706,0.001665,0.001554,0.001638,0.001085,0.00107,9.811e-4
ESP,ESP.13_1,BANA,0.15919195686969428,0.15614956982287234,0.1391404497522526,0.12161516714868813,0.1040898845451237,0.08972858539060763,462.65355626756946,450.5074413400899,384.1718145738729,514.5415830475188,463.95295931511487,474.78041139903104,3.441e-4,3.466e-4,3.622e-4,2.364e-4,2.244e-4,1.89e-4
ESP,ESP.14_1,BANA,0.037247729662363144,0.026906344594978947,0.017052005335968512,0.009277822294221989,0.003096749661365615,4.660008703070762e-6,69.61287274592655,67.78531529748659,57.80416745577997,77.42017165530929,69.80838659807154,71.43753228142249,5.351e-4,3.969e-4,2.95e-4,1.198e-4,4.436e-5,6.523e-8
ESP,ESP.15_1,BANA,0.018814546874402604,0.016606651638422777,0.015345804137420095,0.015815817359698094,0.01335487334062754,0.011181363023771613,297.4955433965638,289.6853471675351,247.03020475260436,330.8605883931032,298.3310856948642,305.2933551893237,6.324e-5,5.733e-5,6.212e-5,4.78e-5,4.477e-5,3.662e-5
ESP,ESP.16_1,BANA,0.030791294948605757,0.027419200801082295,0.023840370114647937,0.02026153942821355,0.01668270874177919,0.013103878055344822,485.66060066960483,472.9104782690104,403.2760835807232,540.1289386130328,487.02462101708454,498.39050551437117,6.34e-5,5.798e-5,5.912e-5,3.751e-5,3.425e-5,2.629e-5
ESP,ESP.17_1,BANA,0.16735502575198088,0.14681891620118478,0.12672310440946016,0.10558303198305513,0.08773132245350695,0.06642261603239133,23.43582710418184,22.820562732879118,19.460315613452465,26.064227573427925,23.501648677902345,24.050115865887648,0.007141,0.006434,0.006512,0.004051,0.003733,0.002762
ESP,ESP.18_1,BANA,0.07724581616504539,0.06465154031993135,0.052057264474817296,0.039462988629703266,0.026868712784589206,0.014774924314351996,103.40303099645296,100.68837532955413,85.86236831468688,115.00000062694009,103.69344746852373,106.11338210055818,7.47e-4,6.421e-4,6.063e-4,3.432e-4,2.591e-4,1.392e-4
ESP,ESP.1_1,BANA,0.6855220094196444,0.6739619961869147,0.6224933652863359,0.5437705766696137,0.686817904199931,0.6040485423419237,14585.954881096653,14203.020849674991,12111.753785737841,16221.833575715484,14626.962614272836,14968.307076713674,4.7e-5,4.745e-5,5.14e-5,3.352e-5,4.696e-5,4.036e-5
ESP,ESP.2_1,BANA,0.27987970900829207,0.24955950311144376,0.22357641041214169,0.18449859215180586,0.1454207738914701,0.11214347157734983,479.1929345275829,466.6126087603643,397.90555307430344,532.9359037162812,480.53878986804693,491.75331198132324,5.841e-4,5.348e-4,5.619e-4,3.462e-4,3.026e-4,2.28e-4
ESP,ESP.3_1,BANA,0.024148425727963236,0.021293019169553312,0.01915817033097729,0.01626581209462716,0.013373453858277038,0.010481095621926907,47.0859343328152,45.8497800611654,39.09856217139344,52.366767449781584,47.2181793047596,48.320128465008,5.129e-4,4.644e-4,4.9e-4,3.106e-4,2.832e-4,2.169e-4
ESP,ESP.4_1,BANA,0.8703027517216522,0.7541895061719746,0.6350374884551575,0.5150947007654455,0.3951519130757335,0.28372083775050205,900.6986709371079,877.0524902820017,747.9096142472242,1001.7148116867545,903.2283620679351,924.307356424521,9.663e-4,8.599e-4,8.491e-4,5.142e-4,4.375e-4,3.07e-4
ESP,ESP.5_1,BANA,1.6894621574168445,1.4672398950574626,1.2445326944226418,1.0197013133851545,0.8003050271390175,0.5796698557884159,4404.653893099046,4289.017837401226,3657.4751361104973,4898.649445635885,4417.024749465631,4520.106587544453,3.836e-4,3.421e-4,3.403e-4,2.082e-4,1.812e-4,1.282e-4
ESP,ESP.6_1,BANA,1.0441113998708105,0.9509103203479292,0.8684450436700459,0.7725669436076892,0.6739338708699234,0.5735009376663063,3813.3300585541074,3713.2181183773764,3166.4598884366437,4241.006814776009,3824.0401301233314,3913.2832536869882,2.738e-4,2.561e-4,2.743e-4,1.822e-4,1.762e-4,1.466e-4
ESP,ESP.7_1,BANA,0,0,0,0,0,0,0.05970630134793555,0.05813882264115275,0.049578086712177546,0.06640254764563329,0.05987399172635838,0.06127129454224499,0,0,0,0,0,0
ESP,ESP.8_1,BANA,0.006429176289807394,0.005658240208264062,0.00488730412672072,0.004116368045177388,0.003345431963634057,0.0025744958820907156,29.344548276885547,28.57416134040236,24.366717183217645,32.63563009439125,29.426965011704237,30.113713629731482,2.191e-4,1.98e-4,2.006e-4,1.261e-4,1.137e-4,8.549e-5
ESP,ESP.9_1,BANA,0.08797328446621429,0.13022505571782286,0.13515451409552992,0.13844536642018263,0.14743164781750198,0.14125477105123951,1311.4026021222132,1276.974148032129,1088.9442228837447,1458.4804585795814,1315.0857912270453,1345.7764638585325,6.708e-5,1.02e-4,1.241e-4,9.492e-5,1.121e-4,1.05e-4
ETH,ETH.10_1,BANA,0.696609881535594,0.6551960855987223,1.2790873030156018,1.4589802415354953,1.415107383511046,1.5639030748536729,95756.14657430492,117069.66524050814,144411.80335242912,119079.20434514365,126853.55764602697,128278.45368376636,7.275e-6,5.597e-6,8.857e-6,1.225e-5,1.116e-5,1.219e-5
ETH,ETH.11_1,BANA,0,0,0,0,0,0,0.0016102137424608115,0.0019686170605171032,0.0024283962821246975,0.002002409016418185,0.0021331407863533283,0.0021571015164331,0,0,0,0,0,0
ETH,ETH.3_1,BANA,0.0046142788518447235,0.004064526163672124,0.003532078393399224,0.00300899776014301,0.0024880645821614743,0.0026261913953820153,2.028843968002531,2.4804265068767433,3.0597410883967613,2.5230038393693497,2.6877238115476176,2.717913954265558,0.002274,0.001639,0.001154,0.001193,9.257e-4,9.663e-4
ETH,ETH.4_1,BANA,0.022595343470100906,0.019832292537950092,0.01717467924308175,0.014631967171195272,0.012141271696264236,0.009697792125860479,110.7864003800308,135.44537107732143,167.07923656252896,137.77033518448422,146.76498094144486,148.41353415274622,2.04e-4,1.464e-4,1.028e-4,1.062e-4,8.273e-5,6.534e-5
ETH,ETH.6_1,BANA,0.00509373874448143,0.004267146472452252,0.003452462132971558,0.002905438922159843,0.0020907754630454327,0.0013223082046914688,335.0112459626944,409.5784533917566,505.23731273245494,416.60900154285935,443.80825588902354,448.7933791844766,1.52e-5,1.042e-5,6.833e-6,6.974e-6,4.711e-6,2.946e-6
ETH,ETH.7_1,BANA,0,0,0,0,0,0,0.009872639094205493,0.012070103018422141,0.01488912896401457,0.012277290285616149,0.013078840756017618,0.013225750221682556,0,0,0,0,0,0
ETH,ETH.8_1,BANA,0.5118753497345153,0.7412157201586385,2.3359634691593882,3.0158694013147893,6.447356581541675,6.9949796284788945,120229.68815563731,146977.82521427833,181287.42023037496,149489.98959658475,159257.21953418737,161041.0780865653,4.257e-6,5.043e-6,1.289e-5,2.017e-5,4.048e-5,4.344e-5
ETH,ETH.9_1,BANA,1.3115745160336095e-4,1.073106422209317e-4,8.346383283850242e-5,5.9617023456073166e-5,3.57702140736439e-5,1.1923404691214634e-5,23.752103700260346,25.39722056503302,26.258766921004057,22.75611401839116,26.369873512989304,25.23165440058137,5.522e-6,4.225e-6,3.179e-6,2.62e-6,1.356e-6,4.726e-7
FJI,FJI.1_1,BANA,0.4002395375045775,0.38671886091394786,0.3639224487394879,0.34099805480227735,0.3180784091179099,0.29517333194237894,138.81792028368434,120.16064859811411,159.94791686556002,195.86642407327068,212.07932561951424,197.89049558366028,0.002883,0.003218,0.002275,0.001741,0.0015,0.001492
FJI,FJI.2_1,BANA,0.00845080824359654,0.00797856473143951,0.00750632121928248,0.0070340777071254395,0.00878590049469948,0.00819960230050496,0.1022785373576631,0.08853219643002894,0.1178467373447412,0.14431084495972255,0.15625621810091983,0.14580214430469843,0.08263,0.09012,0.0637,0.04874,0.05623,0.05624
FJI,FJI.3_1,BANA,0.00185513973559552,0.00171772197740326,0.001580304219211,0.00144288646101874,0.00130546870282647,0.00116805094463421,1.7648820061296808,1.5276800439187126,2.0335213192725754,2.4901765330114203,2.696301636655408,2.515909863265225,0.001051,0.001124,7.771e-4,5.794e-4,4.842e-4,4.643e-4
FJI,FJI.5_1,BANA,0.565953545711172,0.5600788529084695,0.5356022801496947,0.5035918125543234,0.4620783194345352,0.4270453148271868,671.242250930595,581.0265999767912,773.4145528840411,947.0954406174112,1025.4915475881605,956.8826663149433,8.431e-4,9.639e-4,6.925e-4,5.317e-4,4.506e-4,4.463e-4
FRA,FRA.10_1,BANA,0.013986047464601265,0.013662439857198951,0.017298211412674774,0.01636805704417409,0.01519264045573486,0.014506509829759378,1322.8387124352737,1423.1642714466248,1397.0813845583582,1329.2328584701636,1315.5714607762188,1338.3791685257552,1.057e-5,9.6e-6,1.238e-5,1.231e-5,1.155e-5,1.084e-5
FRA,FRA.11_1,BANA,0.03928354234368887,0.045385702025602534,0.042728571236161854,0.04007144044672118,0.0374143096572805,0.03475717886783983,1001.654724258538,1080.7839495147327,1064.8647366884913,1003.171898280263,995.8947716087001,1012.9739236834406,3.922e-5,4.199e-5,4.013e-5,3.994e-5,3.757e-5,3.431e-5
FRA,FRA.12_1,BANA,0.0016915040101195382,0.0015438593178419826,0.001396214625564427,0.0012485699332868796,0.0011009252410093236,9.532805487317676e-4,294.1166020620303,317.35311686621446,312.6808582212203,294.56025866927007,292.4251612469286,297.4400198425948,5.751e-6,4.865e-6,4.465e-6,4.239e-6,3.765e-6,3.205e-6
FRA,FRA.13_1,BANA,0.03741207223887301,0.034416888133299094,0.03142170402772517,0.030855185328686942,0.034276982746580455,0.03403608799625407,911.3376892705821,983.337404893166,968.8601351050927,912.712385511586,906.0966598517543,921.635495852686,4.105e-5,3.5e-5,3.243e-5,3.381e-5,3.783e-5,3.693e-5
FRA,FRA.1_1,BANA,0.001974038126756102,0.00640713064957683,0.006054107955604029,0.005701085261631228,0.0053480625676584365,0.004995039873685635,283.47410468708074,305.86981504135366,301.3666202982809,283.90170774873746,281.8438680145143,286.677265859356,6.964e-6,2.095e-5,2.009e-5,2.008e-5,1.898e-5,1.742e-5
FRA,FRA.2_1,BANA,1.7596453167430283e-4,1.6530001460313297e-4,1.546354975319631e-4,1.4397098046079325e-4,1.3330646338962336e-4,1.226419463184535e-4,2.080649304370802,2.245029818848291,2.2119771736341423,2.083787834480157,2.0686836583288843,2.1041599353409186,8.457e-5,7.363e-5,6.991e-5,6.909e-5,6.444e-5,5.829e-5
FRA,FRA.4_1,BANA,3.372230637310757e-4,3.835094226385466e-4,3.5149421689893614e-4,3.194790111593257e-4,2.9544374322525613e-4,2.6301930990587437e-4,203.5956416352144,219.6805994640359,216.44633288389693,203.90275300187446,202.42477954982286,205.89620328563493,1.656e-6,1.746e-6,1.624e-6,1.567e-6,1.46e-6,1.277e-6
FRA,FRA.5_1,BANA,0.00947406452543866,0.008849648061459454,0.008225231597480249,0.007600815133501045,0.007078630168615222,0.00644897106365687,155.33867176036298,167.6111151406952,165.14344603617732,155.57299048838837,154.44533160976601,157.09394602954137,6.099e-5,5.28e-5,4.981e-5,4.886e-5,4.583e-5,4.105e-5
FRA,FRA.6_1,BANA,0,0,0,0,0,0,26.416740988900187,28.503780580556484,28.084131211589796,26.456589000196725,26.26482044583212,26.71524119627223,0,0,0,0,0,0
FRA,FRA.7_1,BANA,0,0,0,0,0,0,14.950693562779383,16.131864601301977,15.894361832816227,14.973245754445685,14.864713332051606,15.119631325795675,0,0,0,0,0,0
FRA,FRA.8_1,BANA,0,0,0,0,0,0,7.570576848703395,8.168685965250338,8.048421781314586,7.581996593172071,7.527039072916564,7.656121797651241,0,0,0,0,0,0
GAB,GAB.1_1,BANA,0.2243583624821253,0.20938334407845388,0.21394623255045078,0.46025306713817304,0.5022498459387623,0.5035161908611331,215.70273787192818,225.11984169350495,223.58726447865007,224.3556609067031,225.19968338386786,224.63479769723966,0.00104,9.301e-4,9.569e-4,0.002051,0.00223,0.002241
GAB,GAB.2_1,BANA,2.797132228979194,2.64290700288246,3.3470191629282944,3.231314194469599,3.042964295262433,2.9792850024934925,812.2474550581582,847.7083800726368,841.9373270265456,844.8307907318251,848.0090309148312,845.8819046396192,0.003444,0.003118,0.003975,0.003825,0.003588,0.003522
GAB,GAB.3_1,BANA,0.3256603044934422,0.3035748508760133,0.315560757572294,0.3229871613061799,0.321483604424455,0.3074676212598913,391.66033027355047,408.759352888502,405.9765894240152,407.3717984128364,408.9043247285707,407.8786385607717,8.315e-4,7.427e-4,7.773e-4,7.929e-4,7.862e-4,7.538e-4
GAB,GAB.4_1,BANA,1.4598473774859864,1.3723440649494578,1.3426608008601466,1.2905394319387429,1.4273408211836724,1.5498944079635422,2061.0685440685143,2151.050232082152,2136.406251574269,2143.748382336536,2151.8131301247813,2146.41557174796,7.083e-4,6.38e-4,6.285e-4,6.02e-4,6.633e-4,7.221e-4
GAB,GAB.5_1,BANA,0.4945536631159153,0.39624947256665866,0.3037732007813257,0.21614147214808702,0.1395363865131392,0.0716283801394827,268.4755755594597,280.19662459919016,278.28909410649993,279.2454828631501,280.29599998953205,279.5929119743356,0.001842,0.001414,0.001092,7.74e-4,4.978e-4,2.562e-4
GAB,GAB.6_1,BANA,0.14748931146337943,0.134962896612795,0.13837919451034922,0.13778335930571356,0.7274773472326339,0.6950516488072751,92.84506638521306,96.89847636088923,96.23880817745547,96.56954953974223,96.93284267035378,96.6896985656823,0.001589,0.001393,0.001438,0.001427,0.007505,0.007188
GAB,GAB.7_1,BANA,1.407661947163386,1.3863183926007738,1.4263100989474249,1.437132404952207,1.7319578871524457,1.6459808119658998,65.66923792744778,68.53621141859456,68.0696286632832,68.30356175265536,68.56051868058253,68.38854305837683,0.02144,0.02023,0.02095,0.02104,0.02526,0.02407
GAB,GAB.8_1,BANA,0.5537165721438679,0.5099900741890218,0.5434557554662238,0.5918967040527101,0.62580351924117394,0.5784788593220535,61.54212025093635,64.22891292459788,63.79165351759654,64.01088460312734,64.25169254695145,64.09052508474173,0.008997,0.00794,0.008519,0.009247,0.00974,0.009026
GAB,GAB.9_1,BANA,0.26788631298469856,0.25618607327173376,0.25438508929408127,0.32218600459955854,0.5010847498999573,0.5048853016748629,968.6335293883016,1010.9219240619283,1004.039741242504,1007.4902980199348,1011.2804607179373,1008.7437881576451,2.766e-4,2.534e-4,2.534e-4,3.198e-4,4.955e-4,5.005e-4
GHA,GHA10_2,BANA,0.04697587900506009,0.039887801195116056,0.03405733495084073,0.038378588079449494,0.03405334982434043,0.03773174568870702,3193.3177194196433,3343.071142578032,3508.0079970551,3689.018187545936,3832.683879382984,3724.129010091433,1.471e-5,1.193e-5,9.708e-6,1.04e-5,8.885e-6,1.013e-5
GHA,GHA11_2,BANA,0.018763857964471307,0.017804537221698908,0.02023324684610309,0.027297526494813665,0.025825240644921962,0.023995675628832425,28.155793781585352,29.46341029381123,30.905236774478638,32.49000088115449,33.74300975195117,32.79561294303059,6.664e-4,6.043e-4,6.547e-4,8.402e-4,7.654e-4,7.317e-4
GHA,GHA12_2,BANA,0,0,0,0,0,0,0.3481778914640439,0.3485229660308231,0.35094416481172575,0.3566411877153831,0.3551569659167486,0.35551027029875126,0,0,0,0,0,0
GHA,GHA13_2,BANA,0,0,0,0,0,0,19.502877845800487,19.522209221648748,19.657832805020757,19.976948568754487,19.893813690068193,19.913601948324374,0,0,0,0,0,0
GHA,GHA14_2,BANA,0.020496026832202034,0.017905694804222806,0.015430811424493469,0.013107306947310965,0.011121708619684373,0.00911999610373014,2681.690680837164,2807.3527612430216,2945.665703600674,3097.46719424784,3217.955234097303,3126.9036768878827,7.643e-6,6.378e-6,5.238e-6,4.232e-6,3.456e-6,2.917e-6
GHA,GHA15_2,BANA,0.3666212455788181,0.36797934424447004,0.3478721709546053,0.34531095753662516,0.3529504712221445,0.43512135038092437,2393.83837498168,2506.0995161018855,2629.742763153335,2765.435224202421,2873.1327590253327,2791.7556976947544,1.532e-4,1.468e-4,1.323e-4,1.249e-4,1.228e-4,1.559e-4
GHA,GHA16_2,BANA,1.7927971896933554,1.6899416997740617,1.8821025324931013,1.7627163032842665,1.6869746872394389,1.6343689196632667,1842.4039238847465,1928.8050648561912,2023.9663781303948,2128.4012995900894,2211.2900872476794,2148.658700485482,9.731e-4,8.762e-4,9.299e-4,8.282e-4,7.629e-4,7.606e-4
GHA,GHA1_2,BANA,0.03230957194155067,0.031944261287404054,0.04716525716854324,0.043980815359324583,0.04079903840195413,0.04798443509269872,968.0005014137331,1013.3957302768632,1063.393560703966,1118.2637523202168,1161.8135879311524,1128.907007021245,3.338e-5,3.152e-5,4.435e-5,3.933e-5,3.512e-5,4.251e-5
GHA,GHA2_2,BANA,7.132193112291603,6.71551192607403,6.448521119762189,6.063921076036711,5.775539058367502,5.398670920850559,14577.231845613393,15260.843863227105,16013.766991726634,16840.063572601495,17495.885599151898,17000.341579836215,4.893e-4,4.4e-4,4.027e-4,3.601e-4,3.301e-4,3.176e-4
GHA,GHA3_2,BANA,0.02817932710524304,0.026188740202668308,0.024202280474562618,0.022217832516737937,0.020233648337167832,0.020445778976255186,1345.2773084832666,1408.3652626876126,1477.8496758142,1554.1054459152128,1614.6287674940802,1568.8968938708597,2.095e-5,1.86e-5,1.638e-5,1.43e-5,1.253e-5,1.303e-5
GHA,GHA4_2,BANA,0.14011698328802685,0.13219670779536064,0.12640880064531212,0.13745552279771386,0.12689398515520406,0.1853043076591894,3450.2584974152956,3612.061382742711,3790.26938886616,3985.8440240055884,4141.069346883234,4023.77993407872,4.061e-5,3.66e-5,3.335e-5,3.449e-5,3.064e-5,4.605e-5
GHA,GHA5_2,BANA,0.1477791509768496,0.13380922500636838,0.11822216539541595,0.10231923104491267,0.08457984454012318,0.08014737410815925,13086.067009340773,13699.74954973171,14375.653083185645,15117.424397618808,15706.159699117272,15261.3069100883,1.129e-5,9.767e-6,8.224e-6,6.768e-6,5.385e-6,5.252e-6
GHA,GHA6_2,BANA,0.31393048975861276,0.3026108519229503,0.2803852985146993,0.34288375721600267,0.32341640126181836,0.2977601651843367,19238.37964711044,20140.580261429226,21134.25458482437,22224.763914190873,23090.288539259567,22436.291670963965,1.632e-5,1.502e-5,1.327e-5,1.543e-5,1.401e-5,1.327e-5
GHA,GHA7_2,BANA,4.7692759615019446e-4,4.3610451283407434e-4,3.988217025297648e-4,3.615388922254553e-4,3.242560819211458e-4,2.869732716168363e-4,194.08972784129298,203.19173512586602,213.21659078046434,224.2183831781378,232.95037838776304,226.35241761846214,2.457e-6,2.146e-6,1.871e-6,1.612e-6,1.392e-6,1.268e-6
GHA,GHA9_2,BANA,0.00909571868667161,0.008440360614657763,0.007794649683744793,0.007157449777086324,0.007435957111104441,0.01078309310571106,58.02558494484898,60.67381429120701,63.52369883985851,66.65855476426624,69.15033545960034,67.26017465829791,1.568e-4,1.391e-4,1.227e-4,1.074e-4,1.075e-4,1.603e-4
GIN,GIN.1_1,BANA,0.08543936588655947,0.07934988988066297,0.0704358975589682,0.07526467320914766,0.08121448146949393,0.08016750505795182,3536.7887022470495,3559.1899636495295,3566.633114250404,3554.2039756297318,3560.0090690882407,3559.661759252126,2.416e-5,2.229e-5,1.975e-5,2.118e-5,2.281e-5,2.252e-5
GIN,GIN.2_1,BANA,0,0,0,0,0,0,6.372165822992927,6.412771483136378,6.426138374232151,6.403691985942253,6.41420070692536,6.4135706720515575,0,0,0,0,0,0
GIN,GIN.3_1,BANA,0.053397927764341165,0.022308283353187117,0.018665087720265223,0.023170385699676905,0.03329893608875152,0.043322659751691264,9190.042820475175,9248.604974354701,9267.882925519049,9235.510373504656,9250.666224514483,9249.757577811073,5.81e-6,2.412e-6,2.014e-6,2.509e-6,3.6e-6,4.684e-6
GIN,GIN.4_1,BANA,0.07378452248528437,0.05251467706634917,0.04434557880107625,0.0647826398062166,0.07681698311724065,0.08606586204729086,40263.013890521295,40976.28792638594,41096.604701913624,41016.172200609384,41181.89651213586,41089.85473696533,1.833e-6,1.282e-6,1.079e-6,1.579e-6,1.865e-6,2.095e-6
GIN,GIN.5_1,BANA,1.0575841766972893,0.9746844126152562,1.1104981774765244,1.3060630594269051,1.1017105728373109,0.9641701194399303,5087.576413854678,5119.9962228416625,5130.668430965944,5112.747096397431,5121.137323911681,5120.634300190562,2.079e-4,1.904e-4,2.164e-4,2.555e-4,2.151e-4,1.883e-4
GIN,GIN.6_1,BANA,0.15905481979833472,0.24254667469544702,0.24694704298454298,0.25957753180726634,0.2555250088808454,0.24051516514243054,112.32244161518138,113.03819933671637,113.2738181022017,112.87815464833078,113.06339232604725,113.05228667417093,0.001416,0.002146,0.00218,0.0023,0.00226,0.002127
GIN,GIN.7_1,BANA,0.5031602520261619,1.05236115130338,1.689201159706891,1.8822042727451525,1.8038810796560616,1.7691075600458104,798.3726801694655,803.4601889724851,805.134935199452,802.3226130350686,803.6392573236029,803.5603198563789,6.302e-4,0.00131,0.002098,0.002346,0.002245,0.002202
GIN,GIN.8_1,BANA,0.9184940698803855,0.9197982933632165,0.9490103806633811,0.9597367005833297,0.9050932716653025,0.8676242288869218,11220.13370308536,11287.066479165116,11310.98973149752,11272.730136377744,11290.262268650153,11289.229448773607,8.186e-5,8.149e-5,8.39e-5,8.514e-5,8.017e-5,7.685e-5
GLP,GLP.1_1,BANA,0.1223797497620805,0.10745712354392191,0.5355121955210328,0.5028041555537058,0.470096115586379,0.43738807561905213,4475.5438840106035,4829.131682143995,4758.034374285431,4482.294963688568,4449.805392738364,4526.116010906998,2.734e-5,2.225e-5,1.125e-4,1.122e-4,1.056e-4,9.664e-5
GLP,GLP.2_1,BANA,2.4740253366352087,2.3014164723421415,2.1800249555903184,1.971159531593457,1.763966135798103,1.567969371534103,6216.012751768152,6707.105302534788,6608.359366014288,6225.389220517873,6180.26496465984,6286.251586157667,3.98e-4,3.431e-4,3.299e-4,3.166e-4,2.854e-4,2.494e-4
GMB,GMB.3_1,BANA,0,0,0,0,0,0,6.118403022923562,5.9507755428434645,6.034589282883513,6.28603050300366,6.474611418093768,6.356441029115636,0,0,0,0,0,0
GMB,GMB.5_1,BANA,2.0951211180653043e-5,6.9837370602176814e-6,0,0,0,0,118.49810913354597,115.2515855956406,116.87484736459328,121.74463267145134,125.39697165159485,123.10830782918563,1.768e-7,6.06e-8,0,0,0,0
GNB,GNB.1_1,BANA,0.016200512323443474,0.014249610553187318,0.01264260183050276,0.010674064519345473,0.008705527208188195,0.00739554989488827,2929.924347122934,2883.7876522670117,2901.351827204599,2905.020167940713,2896.719882470775,2897.5624777430007,5.529e-6,4.941e-6,4.357e-6,3.674e-6,3.005e-6,2.552e-6
GNB,GNB.2_1,BANA,0.011380925806249055,0.011075752505740558,0.010374269756407524,0.009677179521473043,0.008980089286538564,0.008282999051604092,263.5842041623881,259.43361781423795,261.01374020792326,261.3437544195444,260.5970374805686,260.672839712281,4.318e-5,4.269e-5,3.975e-5,3.703e-5,3.446e-5,3.178e-5
GNB,GNB.3_1,BANA,0,0,0,0,0,0,0.1829758462931411,0.18009457709084226,0.18119147222972243,0.18142056270140686,0.18090220400732387,0.18095482467760488,0,0,0,0,0,0
GNB,GNB.5_1,BANA,2.1401210958854497e-4,1.790285288776818e-4,1.504006832529163e-4,3.103067040210171e-4,0.00029304925766743993,2.6071846451856777e-4,219.9403609558594,216.4770219348754,217.7955102362741,218.070881232253,217.44780446780086,217.51105548945097,9.73e-7,8.27e-7,6.906e-7,1.423e-6,1.348e-6,1.199e-6
GNB,GNB.6_1,BANA,0.0041671880383585625,0.0036534619261169906,0.0030761456651259983,0.002999896879635145,0.002396884850669783,0.0028102073354716248,1161.541703032774,1143.2512324382433,1150.214388906568,1151.6686690316212,1148.3780967921443,1148.7121359793437,3.588e-6,3.196e-6,2.674e-6,2.605e-6,2.087e-6,2.446e-6
GNB,GNB.7_1,BANA,1.701841032027695e-5,1.3236541360215406e-5,9.454672400153865e-6,5.672803440092317e-6,1.8909344800307728e-6,0,56.80023501927172,55.90581768955394,56.24632111086385,56.317436467868426,56.15652508942874,56.17285984890318,2.996e-7,2.368e-7,1.681e-7,1.007e-7,3.367e-8,0
GNB,GNB.8_1,BANA,0.0010956586920938094,0.0031584996152109785,0.002962457096897917,0.003123984369127536,0.0029309179050895974,0.0027378514410516487,23.584900725846065,23.213515925735415,23.35490159756724,23.384430500651295,23.31761600798465,23.32439861514208,4.646e-5,1.361e-4,1.268e-4,1.336e-4,1.257e-4,1.174e-4
GNB,GNB.9_1,BANA,7.459690471078062e-4,4.8098358569531206e-4,2.7992862275714477e-4,1.5549277911931927e-4,4.9809583856707065e-5,0,0.8684371243987298,0.8582069965271217,0.8628061212805135,0.8631498135785953,0.8613876460559446,0.8615772054118305,8.59e-4,5.605e-4,3.244e-4,1.801e-4,5.782e-5,0
GNQ,GNQ.2_1,BANA,0.08089892252420089,0.07078313903985739,0.06125429089416376,0.05237740238631152,0.04356553817765086,0.03497331700651519,24.31528048799569,24.45003758295569,24.49564384648872,24.420318045818856,24.455335751748937,24.45244329520379,0.003327,0.002895,0.002501,0.002145,0.001781,0.00143
GNQ,GNQ.3_1,BANA,0.045950029825433336,0.03883130880839792,0.03178478885001711,0.02473826889163629,0.01769174893325547,0.01275164005865856,2.019636349230302,2.030829324258177,2.0346173976727258,2.028360808317615,2.031269392152293,2.031029143622977,0.02275,0.01912,0.01562,0.0122,0.00871,0.006278
GNQ,GNQ.4_1,BANA,0.19938072186061134,0.17731743097538297,0.15935245429513978,0.17094224844951272,0.1677911935321258,0.15084605890498537,301.69522791662985,303.37413949311656,303.938381184353,303.00497048065125,303.43990479859326,303.40356408057147,6.609e-4,5.845e-4,5.243e-4,5.642e-4,5.53e-4,4.972e-4
GNQ,GNQ.5_1,BANA,0.6805043991024095,0.7991870747482872,0.7388386554287588,1.5752844816482943,2.155830150897973,2.2989072274992663,1886.0973592833602,1896.5698138755329,1900.1028094301291,1894.2633260102195,1896.980862484495,1896.7552162302668,3.608e-4,4.214e-4,3.888e-4,8.316e-4,0.001136,0.001212
GNQ,GNQ.6_1,BANA,0.013744494846005954,0.01147278722754349,0.011630454955888353,0.010399140662166977,0.009361767812221604,0.009054705227636005,14.724755200001523,14.80636088971294,14.833978957554768,14.788363445298783,14.809569334646456,14.807817731798407,9.334e-4,7.749e-4,7.84e-4,7.032e-4,6.321e-4,6.115e-4
GNQ,GNQ.7_1,BANA,0.3266963843743165,0.30228198653005167,0.26353316870221444,0.22626083873931557,0.2482042378212007,0.20894356753967108,1168.3505377575034,1174.857193915381,1177.0411388304965,1173.4272465372028,1175.1118973188975,1174.9708440424833,2.796e-4,2.573e-4,2.239e-4,1.928e-4,2.112e-4,1.778e-4
GRC,GRC.1_1,BANA,0.002812916230948358,0.0019306365277104896,0.0010621575186854357,5.56264578642629e-4,4.07775254693098e-4,2.839797509221554e-4,18.12581051760757,5.56261825905702,5.600459199594822,5.222049794216795,4.124662518620512,4.858297446473741,1.552e-4,3.471e-4,1.897e-4,1.065e-4,9.886e-5,5.845e-5
GRC,GRC.4_1,BANA,0.00204938477625132,0.0015412895699691677,0.0011048123222125803,7.276248068879427e-4,4.0202836928742667e-4,1.7180899786887333e-4,4.588679014837599,1.4082167331547537,1.4177964388224729,1.321999382145279,1.044187917781416,1.2299128647967146,4.466e-4,0.001094,7.792e-4,5.504e-4,3.85e-4,1.397e-4
GRC,GRC.5_1,BANA,4.778065269503031e-4,3.686218596414225e-4,2.8960076300653387e-4,2.1626335291529382e-4,1.7896502564916788e-4,1.299920053997681e-4,26.286666850004636,8.067098177350065,8.121976396243602,7.573194207308224,5.981725859395627,7.045668181824275,1.818e-5,4.569e-5,3.566e-5,2.856e-5,2.992e-5,1.845e-5
GRC,GRC.6_1,BANA,2.231834315123114e-4,1.9283478200082303e-4,1.6502109878245878e-4,1.4574934435046858e-4,1.2072115368764646e-4,1.1674070588393794e-4,178.93779774577473,54.91410494494548,55.287670284707005,51.55201688709167,40.7186220340072,47.96105779774396,1.247e-6,3.512e-6,2.985e-6,2.827e-6,2.965e-6,2.434e-6
GRC,GRC.7_1,BANA,0.03902401431458656,0.0331076082842082,0.027310082992141032,0.02154122777666745,0.0162688601707791,0.011340721814553315,34.905705219570926,10.712189284502976,10.785061320451977,10.056340960961977,7.943051918440983,9.35584637006289,0.001118,0.003091,0.002532,0.002142,0.002048,0.001212
GRC,GRC.8_1,BANA,0.0030977111755337828,0.002460206209436851,0.001991052645823065,0.0019171536833629346,0.0015250180307727088,0.001160038924828201,30.623180473288315,9.397928036687645,9.461859519930417,8.8225446875026865,6.968531673462269,8.207992649584321,1.012e-4,2.618e-4,2.104e-4,2.173e-4,2.188e-4,1.413e-4
GRD,GRD.2_1,BANA,0.6212659456627397,0.5082375021819795,0.3952090587012192,0.28218061522045884,0.20429747718477975,0.16226602265871312,854.4974251331366,1130.8706769561,889.2613561800501,750.5532713028649,522.1542443246425,645.6780814592717,7.271e-4,4.494e-4,4.444e-4,3.76e-4,3.913e-4,2.513e-4
GRD,GRD.3_1,BANA,0.0377116689687319,0.02821153407609051,0.01871139918344911,0.00921126429080772,0.00371766403707252,0.00223059842224351,168.94443144165226,223.58675161907843,175.8176792627121,148.39342045668317,103.23618227231965,127.65833243965304,2.232e-4,1.262e-4,1.064e-4,6.207e-5,3.601e-5,1.747e-5
GRD,GRD.4_1,BANA,0.07639559096321379,0.054568279259438426,0.03274096755566304,0.01091365585188768,0,0,161.41646179691975,213.6239830046298,167.98344559663167,141.78118023578102,98.63609667167351,121.97002390351298,4.733e-4,2.554e-4,1.949e-4,7.698e-5,0,0
GRD,GRD.5_1,BANA,0.2682128816451869,0.2187229720463472,0.1692330624475075,0.11974315284866774,0.08708168154514388,0.07124864853693591,184.03919243299575,243.56366679598665,191.52654769878077,161.65200018829853,112.46007609209099,139.06428409065816,0.001457,8.98e-4,8.836e-4,7.407e-4,7.743e-4,5.123e-4
GRD,GRD.6_1,BANA,0.01106781698189266,0.00790558355849475,0.00474335013509685,0.00158111671169895,0,0,7.331076919167648,9.702194148922848,7.629330658759497,6.4392982377880195,4.479771168669572,5.539531824172554,0.00151,8.148e-4,6.217e-4,2.455e-4,0,0
GRD,GRD.7_1,BANA,0.02063111842724303,0.2015952038968442,0.21297874858193588,0.19832309011238144,0.19177672830321824,0.18005422220317063,118.11657903112139,156.31945955583313,122.92197280781468,103.74845163880842,72.17701452593342,89.25162779216595,1.747e-4,0.00129,0.001733,0.001912,0.002657,0.002017
GTM,GTM.11_1,BANA,4.9457830989595575,4.650515305620307,4.456607117344955,4.037579731899811,3.6221575692315775,3.2140596944456483,261193.84669739622,299518.4338169757,288265.00485175353,196547.1159107277,183346.48175622127,200350.43249805094,1.894e-5,1.553e-5,1.546e-5,2.054e-5,1.976e-5,1.604e-5
GTM,GTM.12_1,BANA,717.613903234714,624.6443739706019,531.9046003881715,439.46633277644963,347.1241186746055,255.03777338833376,1.5794234456976448,1.6959088019993267,1.469877424878221,1.1460986022539612,1.4504743949711838,1.3134041178805096,454.4,368.3,361.9,383.4,239.3,194.2
GTM,GTM.13_1,BANA,1.8253088242243678,1.534327983919134,1.2503189688498129,0.9720148043678222,0.7415033645112489,0.5678034415832952,0.1536171412994245,0.17611820943679157,0.16951200622545112,0.11551904874342044,0.10770768730900757,0.11773599252334924,11.88,8.712,7.376,8.414,6.884,4.823
GTM,GTM.15_1,BANA,4.401636861332731,3.6884174267923995,2.993286462484924,2.321850256402741,1.6955513745616517,1.1413524605847094,786.1063766112732,901.2512946440321,867.4453116287497,591.1466654640284,551.1735154518277,602.4914517766042,0.005599,0.004093,0.003451,0.003928,0.003076,0.001894
GTM,GTM.16_1,BANA,0.005692154380532806,0.004009688168912342,0.0023612129647950057,8.305460815655889e-4,5.3560648321635176e-5,0,315.1056807184827,361.2607798977992,347.7098692229508,236.95733550526268,220.93435563916108,241.5048200696802,1.806e-5,1.11e-5,6.791e-6,3.505e-6,2.424e-7,0
GTM,GTM.17_1,BANA,8.305460914196091,7.233784809096207,6.3125821339513735,5.424267706663324,4.535953279375276,3.6476388520872263,50095.38875021852,56026.57974691518,54855.65711303018,40319.58040432899,38286.43946059024,40887.09080987882,1.658e-4,1.291e-4,1.151e-4,1.345e-4,1.185e-4,8.921e-5
GTM,GTM.18_1,BANA,88.13685544677142,75.50980967902142,62.998037098896965,50.52479530862154,38.18610723910051,25.756248101134986,130900.85784509868,150074.5587530676,144445.25423568982,98436.55760062077,91780.30879886942,100325.66867333234,6.733e-4,5.031e-4,4.361e-4,5.133e-4,4.161e-4,2.567e-4
GTM,GTM.20_1,BANA,56.55006592240469,73.03077718440217,69.96914455896969,68.4980523010152,73.02332820612699,77.43707550425948,399184.67714385025,457655.24588265474,440488.5737667775,300184.1707672745,279885.8123557468,305945.051223395,1.417e-4,1.596e-4,1.588e-4,2.282e-4,2.609e-4,2.531e-4
GTM,GTM.22_1,BANA,23.021197028328586,24.484015758669837,24.762166922704594,31.007760415298485,29.674388168178126,29.103850260175925,300109.2067102261,344064.01547151344,331160.7053555846,225681.55778897397,210421.3394414561,230012.26868308964,7.671e-5,7.116e-5,7.477e-5,1.374e-4,1.41e-4,1.265e-4
GTM,GTM.3_1,BANA,1.5041603445499094,1.3024984899592251,1.1028067903185748,0.9071001150833972,0.7158187785914633,0.5290397149693826,0.35382348050510454,0.40564976874417324,0.39043382478512995,0.2660728584407589,0.24808109614894458,0.2711791034708602,4.251,3.211,2.825,3.409,2.885,1.951
GTM,GTM.4_1,BANA,0.6781424344449803,0.6884084622856176,0.6819386883616696,0.646599549838089,0.6729967052771834,0.6847732515396907,125113.58869440708,143427.8704124063,138056.44547810918,94091.79614073187,87731.82286040159,95896.71728071188,5.42e-6,4.8e-6,4.94e-6,6.872e-6,7.671e-6,7.141e-6
GTM,GTM.6_1,BANA,360.03872777913193,331.8771456986289,300.8720772528632,270.0734882610336,237.98830786885108,313.24782069728207,981673.0073912219,1125463.5443135924,1083247.348132246,738211.4458821238,688293.822065695,752378.5749489121,3.668e-4,2.949e-4,2.778e-4,3.658e-4,3.458e-4,4.163e-4
GTM,GTM.8_1,BANA,0.0012561609162257304,0.00103603641036162,8.159119044975097e-4,5.957873986333995e-4,4.5566704111543813e-4,3.955508319436258e-4,16.103297780004116,15.722439379284458,16.945351510799473,17.267614974252016,17.45028385927994,17.197237426007348,7.801e-5,6.59e-5,4.815e-5,3.45e-5,2.611e-5,2.3e-5
GTM,GTM.9_1,BANA,282.66991967043367,247.0802368176421,211.1333643646914,179.53724379576852,181.78693788560668,163.78396018334712,438420.48249900824,502602.07944867003,483774.39561358356,329703.6075194544,307412.06083898584,336027.29587101686,6.447e-4,4.916e-4,4.364e-4,5.445e-4,5.913e-4,4.874e-4
GUF,GUF.1_1,BANA,382.7852041392824,386.46665891841394,408.04501838783585,431.93866698818226,454.5015783934115,474.21945850584916,34589.54963657414,37321.869623882274,36772.68357584213,34642.11608549071,34391.271378553196,34980.78241417948,0.01107,0.01035,0.0111,0.01247,0.01322,0.01356
GUF,GUF.2_1,BANA,42.779382304637835,39.830018192482164,40.58439302473498,39.6756112327306,40.546273699981015,40.4865271635528,4205.765565738904,4538.039681331362,4471.228000570826,4212.109701597471,4181.578547778117,4253.289289201188,0.01017,0.008777,0.009077,0.009419,0.009696,0.009519
GUY,GUY.10_1,BANA,0.019550893030819194,0.015094663390509305,0.011326531471310245,0.008340211705442076,0.006643153144969855,0.005193248076104875,11.753295695037512,12.049497396467112,12.72010967352968,12.913494878629834,14.23729291035211,13.768321531143902,0.001663,0.001253,8.904e-4,6.459e-4,4.666e-4,3.772e-4
GUY,GUY.2_1,BANA,0.00413518718158585,0.0018637202171958994,3.63993367500463e-4,0,0,0,0.07100589648061423,0.07273879245589399,0.0771216916098321,0.0784588472839149,0.0872287726154766,0.08416728819955566,0.05824,0.02562,0.00472,0,0,0
GUY,GUY.3_1,BANA,0.44774061015474725,0.35936808918010416,0.2960074513082883,0.2656667048729431,0.25783021414849405,0.23050537516113956,420.90183581069,431.17392775538264,457.1544503809836,465.08071152099734,517.0662205411498,498.9186514682245,0.001064,8.335e-4,6.475e-4,5.712e-4,4.986e-4,4.62e-4
GUY,GUY.4_1,BANA,5.3031612375405794,4.858152954583915,4.673137283168433,13.414392351889,16.79560469921079,16.603457060762352,2193.029799211264,2247.421000954066,2380.86908948961,2421.6111963593316,2691.7872468975925,2597.693420227773,0.002418,0.002162,0.001963,0.005539,0.00624,0.006392
GUY,GUY.5_1,BANA,9.92539065515206,10.122817773266735,9.88098235845038,10.73199583305038,15.975292504481441,16.977437633617136,2165.064246966239,2217.9025506247826,2351.5429766539187,2392.3146320526375,2659.7213225534983,2566.372589841358,0.004584,0.004564,0.004202,0.004486,0.006006,0.006615
GUY,GUY.6_1,BANA,0.315468399064027,0.2931259990489472,0.29010978127211845,0.5158620804225639,0.8312841065262332,0.9053929257302805,1581.0223052469355,1619.607089404092,1717.1970314720152,1746.9702341368052,1942.2420108734689,1874.0747826763238,1.995e-4,1.81e-4,1.689e-4,2.953e-4,4.28e-4,4.831e-4
GUY,GUY.7_1,BANA,8.148662750562433,8.080723559984843,7.776946305246747,10.857029442321219,13.870183283447062,14.607134928440063,679.884794394404,696.4773547627054,738.443820053939,751.2471484478747,835.2195954760024,805.9057383764255,0.01199,0.0116,0.01053,0.01445,0.01661,0.01813
GUY,GUY.8_1,BANA,0.15435911111976172,0.13324774198614142,0.11220407560859241,0.09120353474605147,0.07020299388351056,0.049209628962551745,0.09150992877003322,0.09442329909235585,0.09608639881630625,0.09577967420123558,0.09779581256923812,0.0965945978819641,1.687,1.411,1.168,0.9522,0.7179,0.5094
GUY,GUY.9_1,BANA,0.16672073713286123,0.11755182733549673,0.06940024467215575,0.038611789299285014,0.027168437639313113,0.0186800495890987,0.6798307776161834,0.6964220197072399,0.7383851507670465,0.7511874619378349,0.8351532373635305,0.8058417092469383,0.2452,0.1688,0.09399,0.0514,0.03253,0.02318
HND,HND.10_1,BANA,173.35782993203077,171.24128191050175,167.94580572295405,169.36128795960641,165.48501992381958,161.92510910257465,1467.1823488248324,908.9006514598309,1410.3416991018842,1413.4098593630665,1381.1806976108126,1361.310726079055,0.1182,0.1884,0.1191,0.1198,0.1198,0.1189
HND,HND.11_1,BANA,0.5939986436112813,0.5852419215875971,0.5545495974023108,0.5885117374133533,0.6382319963995755,0.6455870998954769,22.95136334009329,14.1939210347068,22.05126481390858,22.0944757729014,21.578006219844976,21.27274649196039,0.02588,0.04123,0.02515,0.02664,0.02958,0.03035
HND,HND.12_1,BANA,16.409044021721634,15.384987872210354,14.661274312179101,13.930553545998261,13.379644190895254,12.817753567697965,6291.843832104709,3900.6438028187563,6049.413959245938,6063.151273200223,5926.4312723064095,5840.546226320833,0.002608,0.003944,0.002424,0.002298,0.002258,0.002195
HND,HND.13_1,BANA,45.86093404567293,44.1424969506682,42.737182313184654,42.70650806399587,42.46091186731127,44.15774314544898,1557.3556886775134,982.9125535855295,1505.2359375489002,1512.0881627134338,1487.1238064671434,1461.8475428414727,0.02945,0.04491,0.02839,0.02824,0.02855,0.03021
HND,HND.14_1,BANA,11.629665344394379,10.967084578869922,10.935301240603057,10.585794932984037,10.74528553289255,11.337341287838786,443.0548076746859,287.14655140136307,431.62866712910386,435.0669369499497,431.79332697216546,422.8694280729924,0.02625,0.03819,0.02533,0.02433,0.02489,0.02681
HND,HND.15_1,BANA,288.1737274469217,266.3509869197394,241.46585560127238,238.4021705754964,253.26231044090207,220.06308929734504,16869.24267871068,10432.526161905638,16207.67062967972,16239.430666886587,15859.825756382012,15635.459981093765,0.01708,0.02553,0.0149,0.01468,0.01597,0.01407
HND,HND.16_1,BANA,52.52227471228157,50.448954941475,47.88796148489111,48.70268827392386,47.802648875691816,45.57625426472934,3742.0544998263763,2314.2166019096685,3595.2999175261307,3602.3451531901237,3518.13851211177,3468.3681119216067,0.01404,0.0218,0.01332,0.01352,0.01359,0.01314
HND,HND.17_1,BANA,0.29736274282823666,0.2793429276447424,0.2597685324426955,0.5585801970046838,0.6395530304116626,0.6150826124214052,948.3052129917089,596.5881083819944,915.6963024308127,919.4870136678013,903.3040747872467,888.3571941032907,3.136e-4,4.682e-4,2.837e-4,6.075e-4,7.08e-4,6.924e-4
HND,HND.18_1,BANA,67.33671924188471,59.84641934746076,51.81326584771358,47.208592523498446,40.766818705390286,33.47904343474529,32133.277761811853,19872.336138773513,30873.086132830693,30933.584053023736,30210.495870506493,29783.11404223508,0.002096,0.003012,0.001678,0.001526,0.001349,0.001124
HND,HND.1_1,BANA,41.60065658519481,39.334588429035065,34.87185213016861,30.832976503411917,25.91486065407769,21.257532977393865,3671.9836616904668,2270.8823594684186,3527.9770929700717,3534.8904049627595,3452.260552762613,3403.422114855694,0.01133,0.01732,0.009884,0.008722,0.007507,0.006246
HND,HND.2_1,BANA,2.5017597395223143,2.156684956684685,1.9206419520786957,1.7946715039040952,1.8551878868234684,1.8167945728316937,85036.0864239052,52725.39586879975,81670.77475476712,81833.69801392691,79968.41990048192,78802.47579587887,2.942e-5,4.09e-5,2.352e-5,2.193e-5,2.32e-5,2.306e-5
HND,HND.3_1,BANA,64.84023959246173,66.6845251773751,65.60432214476842,74.44469743225781,76.55178543789448,73.12786527462343,19216.350680546504,11884.0593516482,18462.730572237153,18498.909553369755,18066.48818038664,17810.90519419291,0.003374,0.005611,0.003553,0.004024,0.004237,0.004106
HND,HND.4_1,BANA,221.49380483277127,214.3592738357722,206.2759011531409,206.67243741380358,204.3078928573692,192.61058719332968,32445.111755232552,20065.18512177135,31172.690729952225,31233.775745809377,30503.670430548278,30072.141120553613,0.006827,0.01068,0.006617,0.006617,0.006698,0.006405
HND,HND.5_1,BANA,38.69681740074331,36.33500655395686,34.02015467155828,37.929934708340696,36.8425789302234,35.56816272740283,2332.346227939921,1442.4039955458672,2240.877090738216,2245.268242397451,2192.783960916329,2161.763085845703,0.01659,0.02519,0.01518,0.01689,0.0168,0.01645
HND,HND.6_1,BANA,58.50876931369726,58.09716762412068,57.28107921554384,60.90809355182999,64.24014118400248,61.68368229883432,115883.26926190725,71666.24260066685,111338.59980909538,111556.77539726546,108949.07931422435,107407.7985320291,5.049e-4,8.107e-4,5.145e-4,5.46e-4,5.896e-4,5.743e-4
HND,HND.7_1,BANA,31.106757230939845,26.307361476859327,21.915018782477826,17.75104222178356,13.697094078403179,9.712922668492231,3373.7804617257157,2086.4631330426582,3241.468721622449,3247.8206008996044,3171.901150653521,3127.028900999853,0.00922,0.01261,0.006761,0.005466,0.004318,0.003106
HND,HND.8_1,BANA,32.84754735248152,29.00214005366973,25.20652538961094,21.952593426755517,18.696114053732753,15.37909580652549,2399.7640870335053,1484.0975435117825,2305.650979854528,2310.1690603720417,2256.1676894248976,2224.250137454668,0.01369,0.01954,0.01093,0.009503,0.008287,0.006914
HND,HND.9_1,BANA,75.23118097860433,88.79103718759315,94.564731761426,138.51995034201806,184.46085706128392,178.58562461049303,1654.8970033921535,1023.4458423516753,1589.9958325262528,1593.1115379199275,1555.8717494580674,1533.861143750387,0.04546,0.08676,0.05947,0.08695,0.1186,0.1164
HTI,HTI.10_1,BANA,23.021617661003955,21.75843993407022,20.32902960909584,19.203403748631576,17.81714505785045,16.40820898345651,16275.107197083482,16142.077752783494,15844.860629104398,16087.348324664115,16024.762638836688,16000.075351540248,0.001415,0.001348,0.001283,0.001194,0.001112,0.001026
HTI,HTI.1_1,BANA,1.45971000775677,1.379389716608732,1.2653432270955194,1.3109687950163729,1.459904155551581,1.4243626155755416,21780.910975972987,21690.87517138503,21643.572115505634,22501.736830457405,23284.60709632887,22844.319691683966,6.702e-5,6.359e-5,5.846e-5,5.826e-5,6.27e-5,6.235e-5
HTI,HTI.2_1,BANA,2.855191200418677,2.520433441695461,2.195835874467773,1.8905138612271966,1.57288365126414,1.2669095783833488,5062.681283228029,5021.299947325279,4928.844914563671,5004.275318975587,4984.806852414993,4977.127402699801,5.64e-4,5.019e-4,4.455e-4,3.778e-4,3.155e-4,2.545e-4
HTI,HTI.3_1,BANA,2.881591092147263,2.8796246641541763,2.726795232981939,2.8031068862065367,2.7163805070787896,2.708946236084119,26050.935578996272,25838.000484830518,25362.25651287522,25750.39720277848,25650.218712405785,25610.702725002953,1.106e-4,1.114e-4,1.075e-4,1.089e-4,1.059e-4,1.058e-4
HTI,HTI.4_1,BANA,0.6105500677412435,0.5917374447382385,0.5562744064481715,0.6042377997448648,0.748829870704011,0.6804893962972307,7004.193118186112,6946.942256056671,6819.031201028212,6923.388771636935,6896.4542498140645,6885.829771234938,8.717e-5,8.518e-5,8.158e-5,8.727e-5,1.086e-4,9.882e-5
HTI,HTI.5_1,BANA,6.000881697937337,5.687187914064976,5.427737202670377,6.93657969782453,6.569423100857171,6.123460537799477,17334.129114696883,17222.96240495055,17027.95181610789,17471.295881097536,17705.200410787336,17537.665454563947,3.462e-4,3.302e-4,3.188e-4,3.97e-4,3.71e-4,3.492e-4
HTI,HTI.6_1,BANA,1.024670506359922,0.9894640873749435,0.8682365321815811,0.8191154221649899,0.6962034860686781,0.5698757999194857,12860.971658006525,12755.848669131274,12520.980722787051,12712.600190618741,12663.14351289144,12643.63503909844,7.967e-5,7.757e-5,6.934e-5,6.443e-5,5.498e-5,4.507e-5
HTI,HTI.7_1,BANA,3.2815394231393173,3.4119881871017546,3.0634443808314025,2.960778143098468,2.7103366742196906,2.465978401218506,14926.603197412276,14804.596152875327,14532.00550171027,14754.401432381832,14697.001398890729,14674.35962227862,2.198e-4,2.305e-4,2.108e-4,2.007e-4,1.844e-4,1.68e-4
HTI,HTI.8_1,BANA,3.2664723895810654,2.974582680087921,2.8368081543786894,2.776219952642117,2.686970820014477,2.822748353074884,11719.612793862327,11642.625486211615,11503.500662825762,11792.163537312703,11932.30912605386,11827.496040729013,2.787e-4,2.555e-4,2.466e-4,2.354e-4,2.252e-4,2.387e-4
HTI,HTI.9_1,BANA,2.320130713752952,2.081390018227298,1.842372840055106,1.6749899425636021,1.4570149839443203,1.2747496713642616,5036.6670717742445,4997.222828885656,4912.11078841437,4997.611316321285,4995.2260221971555,4979.60526947277,4.606e-4,4.165e-4,3.751e-4,3.352e-4,2.917e-4,2.56e-4
IDN,IDN.10_1,BANA,10.527445709660341,10.611350148396914,9.947875025491312,10.06930586875958,9.916267145576718,9.994734459496721,217788.64876888826,232650.52958332133,246072.234367885,248462.45260754495,246470.3927912941,246027.8280689483,4.834e-5,4.561e-5,4.043e-5,4.053e-5,4.023e-5,4.062e-5
IDN,IDN.11_1,BANA,47.905172083395975,49.72417216737005,47.95426338522428,55.801689513182446,66.96404473551274,67.24363723541157,1105866.9811248798,1181331.2597408674,1249482.7462189593,1261619.5744873937,1251504.4780961433,1249257.2640369188,4.332e-5,4.209e-5,3.838e-5,4.423e-5,5.351e-5,5.383e-5
IDN,IDN.12_1,BANA,4325.443486547191,4237.263657574111,4042.709681857489,3955.589182538021,3792.163826481092,3680.2370898438135,40735.722388886315,43514.86358841879,46022.76612287551,46471.056492497875,46097.806483936634,46015.21450803329,0.1062,0.09738,0.08784,0.08512,0.08226,0.07998
IDN,IDN.13_1,BANA,158.09695511748632,151.84429407851846,139.77986178405908,131.80366376628078,124.78094410342453,119.13422695486489,59759.9434786423,63837.95747283957,67520.79550800133,68176.65754539923,67630.04787268139,67508.61067683792,0.002646,0.002379,0.00207,0.001933,0.001845,0.001765
IDN,IDN.14_1,BANA,1564.7651952785511,1458.0561707028446,1364.5647262252303,1353.7568378405454,1269.017239204855,1241.5755485421003,18833.080956669757,20118.248967623407,21278.879028983698,21485.571039178376,21313.30942682138,21275.039033522095,0.08309,0.07247,0.06413,0.06301,0.05954,0.05836
IDN,IDN.16_1,BANA,39.34581529009441,39.52880611039198,38.04706538059892,37.548451549023724,35.665793227162936,33.05598949950829,2156.53104668996,2303.69256116605,2436.5935329615713,2460.2613405875845,2440.5360754514422,2436.1538242675374,0.01824,0.01716,0.01561,0.01526,0.01461,0.01357
IDN,IDN.17_1,BANA,51.44672323977707,48.5483479725472,46.186655517578735,45.29300011689382,43.89811034116753,45.846668740744605,1180350.18850346,1260897.195521477,1333638.87357518,1346593.150878865,1335796.7746998796,1333398.2045429922,4.359e-5,3.85e-5,3.463e-5,3.364e-5,3.286e-5,3.438e-5
IDN,IDN.18_1,BANA,2.5375080319973824,2.237666171857419,1.988723343667048,1.8567451580080814,1.659239713519248,1.4579380321970081,3853.848511840095,4116.834840942246,4354.336736944353,4396.6325088220765,4361.382293525036,4353.5509515049325,6.584e-4,5.435e-4,4.567e-4,4.223e-4,3.804e-4,3.349e-4
IDN,IDN.19_1,BANA,80.13222808375349,75.0691604446117,70.15881779634613,70.30412336830462,67.51916887383055,62.638263869344314,18518.35305271345,19782.044055457463,20923.27831709061,21126.516206141612,20957.13333339785,20919.50249348308,0.004327,0.003795,0.003353,0.003328,0.003222,0.002994
IDN,IDN.1_1,BANA,38.13461263468275,39.575611809944455,39.8493434799451,39.37732893626785,38.51141329505541,41.25637750624208,53390.5870650782,57033.95666243417,60324.26909107894,60910.22779806612,60421.877079791324,60313.38294810032,7.143e-4,6.939e-4,6.606e-4,6.465e-4,6.374e-4,6.84e-4
IDN,IDN.20_1,BANA,6.302173748563755,5.877382042899612,5.407009525446178,5.937307261520115,5.645393793368408,5.311240480116786,35957.247190407,38410.96700169992,40626.911493680105,41021.54027056221,40692.64807330624,40619.5799441402,1.753e-4,1.53e-4,1.331e-4,1.447e-4,1.387e-4,1.308e-4
IDN,IDN.21_1,BANA,57.65669744850512,63.25703400730604,63.24746137212918,75.55566607518296,82.4225149410935,85.5009742841681,102385.66201954923,109401.61478542346,115686.40969378622,116802.87512216125,115868.4694086956,115664.22922325038,5.631e-4,5.782e-4,5.467e-4,6.469e-4,7.113e-4,7.392e-4
IDN,IDN.22_1,BANA,12.693149818747058,12.16391933291755,11.461935830376001,10.802951395601301,10.059115363315307,9.855146744605705,3039.376352024726,3246.783162936768,3434.0914196189105,3467.448405094815,3439.6479686094567,3433.4717020366024,0.004176,0.003746,0.003338,0.003116,0.002924,0.00287
IDN,IDN.23_1,BANA,528.4859464350466,517.3990363160933,504.83590332768375,482.23683318918273,456.22820558390026,434.8027288292063,263.7055176709783,281.1916068677016,295.79447590246025,298.56796599866175,296.52449095684824,295.9259171306614,2.004,1.84,1.707,1.615,1.539,1.469
IDN,IDN.24_1,BANA,229.11850538394958,213.27222128844008,197.35889776922565,180.87945142796104,164.26514052391792,153.03312372389607,26752.76111857018,28578.367500944627,30227.0652817295,30520.67533876571,30275.974337591793,30221.610492812222,0.008564,0.007463,0.006529,0.005926,0.005426,0.005064
IDN,IDN.25_1,BANA,161.33180518507905,153.2348803001519,144.9770879894384,139.26397392860557,136.66156278407047,132.37823007461208,129517.30245908503,138355.55332034285,146337.34212304378,147758.78727383204,146574.12399961456,146310.9340247201,0.001246,0.001108,9.907e-4,9.425e-4,9.324e-4,9.048e-4
IDN,IDN.26_1,BANA,57.17569473410642,56.39988275241387,55.792544835631816,55.773095218742384,54.61546407139905,55.5641326720687,116546.97241755297,124500.12894404742,131682.592613139,132961.6891171317,131895.6622981441,131658.82911707708,4.906e-4,4.53e-4,4.237e-4,4.195e-4,4.141e-4,4.22e-4
IDN,IDN.27_1,BANA,38.06720735289868,35.747557275611065,33.336545337239926,31.507438244119598,29.354064456650924,28.433471267651374,14775.6428494884,15783.931592850568,16694.51310134061,16856.674955235147,16721.525742702153,16691.500402482954,0.002576,0.002265,0.001997,0.001869,0.001755,0.001703
IDN,IDN.28_1,BANA,29.752028672200566,28.972819364278042,27.70157048299132,28.320284589425953,27.726074536032435,26.57268231845765,25663.360123681574,27414.625865087444,28996.186912033994,29277.840854079797,29043.104338924637,28990.954247945145,0.001159,0.001057,9.554e-4,9.673e-4,9.547e-4,9.166e-4
IDN,IDN.29_1,BANA,21.915066630871934,23.677957060060915,24.06365338544913,25.762671183536405,24.775026398482794,23.4862531619071,28248.68577161041,30176.37393844208,31917.261368166663,32227.28911460526,31968.90525435533,31911.50156575256,7.758e-4,7.847e-4,7.539e-4,7.994e-4,7.75e-4,7.36e-4
IDN,IDN.2_1,BANA,1.177046221611725,1.3942147772209392,1.3869360926178331,1.7365713524088648,1.6452690438281556,1.8150360431414965,136212.45759903462,145507.58533742325,153901.97781016494,155396.90191416457,154150.99968376986,153874.2045945027,8.641e-6,9.582e-6,9.012e-6,1.118e-5,1.067e-5,1.18e-5
IDN,IDN.30_1,BANA,118.40709034558519,128.99558777128823,147.6693004287664,149.1340653381655,146.24480524729282,161.80775501878318,93433.88406080117,99809.8051971444,105567.87392950509,106593.30558146135,105738.6885618605,105548.82310656333,0.001267,0.001292,0.001399,0.001399,0.001383,0.001533
IDN,IDN.31_1,BANA,166.73721410966726,157.2089424173576,146.06958891121522,138.1023310719973,130.31950566133696,123.18579990806779,121683.8670175401,129987.56484052943,137486.6009445031,138822.07457943217,137709.06183454444,137461.79005465598,0.00137,0.001209,0.001062,9.948e-4,9.463e-4,8.961e-4
IDN,IDN.32_1,BANA,344.435720192484,307.03871543923,268.0394790868146,228.5440563340497,190.5616636045039,157.3607320551356,97902.57611018849,104583.44045183565,110616.90216633312,111691.37746360445,110795.88640436424,110596.94019363161,0.003518,0.002936,0.002423,0.002046,0.00172,0.001423
IDN,IDN.33_1,BANA,0.06438506056704062,0.05843807969578079,0.05272023819533624,0.04723153606570691,0.042234117217605505,0.03716386236806473,8076.386554269949,8627.518557977923,9125.243653708054,9213.881544441496,9140.008800355818,9123.596908399313,7.972e-6,6.773e-6,5.777e-6,5.126e-6,4.621e-6,4.073e-6
IDN,IDN.34_1,BANA,102.66926772004916,94.23117857531014,85.84349423665685,79.14014464437228,71.79386909089972,63.358329190630776,64846.26027326317,69271.36413836697,73267.65763984468,73979.3417195938,73386.20874386378,73254.43572752326,0.001583,0.00136,0.001172,0.00107,9.783e-4,8.649e-4
IDN,IDN.35_1,BANA,1240.9651097145183,1235.7753861430806,1182.6804179150545,1156.3063638836454,1105.8894385716824,1055.3033598667866,18844.431951787057,20130.014227237214,21289.96765624192,21497.447857709703,21324.728160362447,21286.53625870359,0.06585,0.06139,0.05555,0.05379,0.05186,0.04958
IDN,IDN.3_1,BANA,8.71280705728701,7.976056158942858,7.182826538691562,6.661815314858624,6.1121100606446905,5.682937383187921,3191.728549994281,3409.531863299077,3606.229159474259,3641.2582018020594,3612.0642368054205,3605.578377842998,0.00273,0.002339,0.001992,0.00183,0.001692,0.001576
IDN,IDN.4_1,BANA,20.827674683661208,21.318432753938016,20.384291783000837,24.15552328579602,31.47029484491728,31.595541525260415,165889.78870336295,177210.09525734282,187433.4185725672,189254.04972563012,187736.69616349388,187399.59425899826,1.256e-4,1.203e-4,1.088e-4,1.276e-4,1.676e-4,1.686e-4
IDN,IDN.5_1,BANA,22.156455844758963,21.210924295692685,21.86849084149755,28.56544130248342,30.660566781492598,32.603956705773165,20793.909299105257,22212.884086893097,23494.35451020128,23722.566501788126,23532.36966934683,23490.114709102283,0.001066,9.549e-4,9.308e-4,0.001204,0.001303,0.001388
IDN,IDN.6_1,BANA,6.428804924136728,6.113345057786435,5.8381556750155434,6.198344765831749,6.105692641365384,5.8771470840894935,9093.989590315714,9714.56274774592,10274.999870089408,10374.805897230506,10291.625385598354,10273.145639290156,7.069e-4,6.293e-4,5.682e-4,5.974e-4,5.933e-4,5.721e-4
IDN,IDN.7_1,BANA,0,0,0,0,0,0,22.183343146899016,23.697132794699893,25.06423013671198,25.3076910870695,25.104785441055167,25.059707035196976,0,0,0,0,0,0
IDN,IDN.8_1,BANA,154.98499345196802,149.98872475169017,144.58055415509557,135.8063347573667,127.80053196065002,118.97915545208204,36996.69189929929,39521.34333840695,41801.3458981583,42207.382522585984,41868.98277731269,41793.80240969168,0.004189,0.003795,0.003459,0.003218,0.003052,0.002847
IDN,IDN.9_1,BANA,29.03659587730179,27.249777632649884,26.364837805541978,26.38841559749166,28.156525147955126,28.810008949418457,636042.9760549377,679446.5003268424,718644.0485147818,725624.5846040956,719806.8541522565,718514.3617074529,4.565e-5,4.011e-5,3.669e-5,3.637e-5,3.912e-5,4.01e-5
IND,IND.10_1,BANA,0.250339287347315,0.2824851400478689,0.2667990972339587,0.33696636647510203,0.3552334312233688,0.365178233879551,1962.8936672359014,1990.8945739225503,2079.172701240028,2204.7853708063717,2265.0241729888867,2218.300458279844,1.275e-4,1.419e-4,1.283e-4,1.528e-4,1.568e-4,1.646e-4
IND,IND.12_1,BANA,1.296238960044153e-4,1.1818629073663608e-4,1.0674868546885682e-4,9.53110802010776e-5,8.387347493329837e-5,7.243586966551912e-5,0.1388486262708609,0.1408293180896157,0.14707382175906633,0.1559592478535234,0.16022034210985284,0.1569152605815407,9.336e-4,8.392e-4,7.258e-4,6.111e-4,5.235e-4,4.616e-4
IND,IND.13_1,BANA,8.742995718698991e-4,7.986828590727532e-4,9.220705963528316e-4,0.0011784016599604714,0.001647817778862627,0.001557648922264134,33.737988900519724,34.21926524002157,35.7365794630532,37.89559547208729,38.93097302377922,38.127891229509366,2.591e-5,2.334e-5,2.58e-5,3.11e-5,4.233e-5,4.085e-5
IND,IND.15_1,BANA,0,0,0,0,0,0,1.3782945717211281,1.3979561042502056,1.4599427852988653,1.5481448430529616,1.5904430151042575,1.5576347976093152,0,0,0,0,0,0
IND,IND.16_1,BANA,6.911734384587147,5.9993957409363325,5.059078344259689,4.773810561498965,4.434584451998731,3.6814486607492736,202341.9098693454,205228.3407706322,214328.3573325385,227276.94842949387,233486.5737827693,228670.13067725394,3.416e-5,2.923e-5,2.36e-5,2.1e-5,1.899e-5,1.61e-5
IND,IND.17_1,BANA,8.697517082419301,7.480881606057399,6.2858663987473395,5.234307872582484,4.189759011610218,3.134134760679904,61764.1315293474,62645.20405630223,65422.950990744765,69375.4612944604,71270.92683254553,69800.72510486214,1.408e-4,1.194e-4,9.608e-5,7.545e-5,5.879e-5,4.49e-5
IND,IND.19_1,BANA,0.0035408314366959202,0.003199799391204797,0.002864030270931327,0.0025732921376360597,0.002460889003477635,0.002766569077023032,1617.9406297458918,1641.0207411927072,1713.7851355605162,1817.3230118574127,1866.9756278728087,1828.4629984511303,2.188e-6,1.95e-6,1.671e-6,1.416e-6,1.318e-6,1.513e-6
IND,IND.1_1,BANA,2.078168620936093,1.714100536894875,1.3538470180443316,1.0323907983866984,1.0795812742961248,0.8851610922805712,2532.259787543487,2568.382768222928,2682.267262149938,2844.3157303162025,2922.0276812806032,2861.7510672911285,8.207e-4,6.674e-4,5.047e-4,3.63e-4,3.695e-4,3.093e-4
IND,IND.20_1,BANA,2.1117206979328362e-4,1.866586969840215e-4,1.6214532417475934e-4,1.3763195136549716e-4,1.1311857855623502e-4,8.860520574697285e-5,73.08020549840505,74.1227031379657,77.4093731155913,82.08603994596444,84.32878193242931,82.58921818041311,2.89e-6,2.518e-6,2.095e-6,1.677e-6,1.341e-6,1.073e-6
IND,IND.21_1,BANA,10.91113952945075,9.631390072532477,8.438981000374715,7.284651007332815,6.114482941184805,5.367583762485898,17589.993013696214,17840.916311894478,18631.999226214157,19757.64653813152,20297.46187669541,19878.758699328027,6.203e-4,5.398e-4,4.529e-4,3.687e-4,3.012e-4,2.7e-4
IND,IND.22_1,BANA,31.211051151258292,30.949505700357868,28.287665925961637,29.284621901073862,28.479520393829247,27.144121935980547,44480.636155816865,45111.34779203624,47070.90482763177,49874.93103421974,51182.2456037435,50154.59656322057,7.017e-4,6.861e-4,6.01e-4,5.872e-4,5.564e-4,5.412e-4
IND,IND.23_1,BANA,41.50082383223338,41.55555678942693,42.0699076178012,42.65774874505284,48.284938787668374,54.15006209569881,50724.98344137475,51446.465499438455,53705.03524417496,56927.53603532897,58452.15749864307,57262.02211942755,8.182e-4,8.077e-4,7.834e-4,7.493e-4,8.261e-4,9.457e-4
IND,IND.24_1,BANA,159.81276166571,162.11595862807852,157.9028751049789,164.3741179264125,159.82405077679718,153.9641969563511,78018.03611640933,79130.97248460673,82639.71380885915,87632.37029070809,90026.64825019772,88169.54690919838,0.002048,0.002049,0.001911,0.001876,0.001775,0.001746
IND,IND.26_1,BANA,3.709297992638804,3.7685976447076195,3.809108701927967,5.317811302118514,6.901727692212083,8.547530732280718,75467.18209017106,76543.73022870926,79937.75081171354,84767.16891276876,87083.16428688564,85286.78216760258,4.915e-5,4.923e-5,4.765e-5,6.273e-5,7.925e-5,1.002e-4
IND,IND.27_1,BANA,0,0,0,0.01013258727939353,0.014647249295771459,0.02495944000522491,471.5686351349431,478.295616615992,499.5036915648469,529.6810751551004,544.1529389149821,532.9279608422754,0,0,0,1.913e-5,2.692e-5,4.683e-5
IND,IND.28_1,BANA,0.003707521429281808,0.003495783254989235,0.003350420121540842,0.0031044293181507294,0.0033214185515197817,0.008129714351999355,430.0787396125023,436.20933141206467,455.57873841908963,483.128216504959,496.33281914573615,486.08853742347895,8.621e-6,8.014e-6,7.354e-6,6.426e-6,6.692e-6,1.672e-5
IND,IND.29_1,BANA,0.0010818730497982,9.877971324244474e-4,8.937212150506904e-4,7.996452976769335e-4,7.055693803031767e-4,6.114934629294198e-4,91.76392853686188,93.07295166075798,97.19989338039596,103.07219926522873,105.8883218249426,103.704020306677,1.179e-5,1.061e-5,9.195e-6,7.758e-6,6.663e-6,5.897e-6
IND,IND.2_1,BANA,38.33459647649703,34.0351102408937,30.37649539649038,28.90833877468581,31.00548381423013,30.015963997626386,850243.6228363683,862372.4471029852,900610.8479091364,955021.0144041105,981113.9496750813,960875.1862974749,4.509e-5,3.947e-5,3.373e-5,3.027e-5,3.16e-5,3.124e-5
IND,IND.30_1,BANA,0,0,0,0,0,0,19.400408199512327,19.677157281107974,20.549660837278324,21.79116316890954,22.38653793184112,21.924740559378534,0,0,0,0,0,0
IND,IND.31_1,BANA,0.03987983372891577,0.035514915477816274,0.03916285695455892,0.07740470823905096,0.1678284118352534,0.2061662159285507,2064.223497051835,2093.669885557805,2186.50516630996,2318.602298403408,2381.950788938051,2332.815070900014,1.932e-5,1.696e-5,1.791e-5,3.338e-5,7.046e-5,8.838e-5
IND,IND.32_1,BANA,5.745319069536782,4.996997953998912,4.248677465849653,3.530926998085201,3.073001641529709,2.317019944008986,9786.898670178645,9926.50991911668,10366.660652327766,10992.959717456235,11293.307649090964,11060.345329743493,5.87e-4,5.034e-4,4.098e-4,3.212e-4,2.721e-4,2.095e-4
IND,IND.33_1,BANA,15.106492537102614,17.957296619898237,17.414858343906936,78.27271223865942,76.27638266265552,73.08088494673112,14340.384019638495,14540.349759333129,15135.89793905327,16002.318960803063,16372.667230182751,16068.933367957248,0.001053,0.001235,0.001151,0.004891,0.004659,0.004548
IND,IND.34_1,BANA,0.0033059934449498757,0.002986423625905271,0.0026668538068606667,0.0023472839878160624,0.00203124914412992,0.00171874927580224,20.804530464743625,25.524192077501848,25.566193332422603,32.07421219456129,30.580938020314225,30.648518494439024,1.589e-4,1.17e-4,1.043e-4,7.318e-5,6.642e-5,5.608e-5
IND,IND.35_1,BANA,0,0,0,0,0,0,2.0082359495719113,2.509355198382992,2.5042088920080143,3.1857166656806304,3.0196252684234257,3.031943081314225,0,0,0,0,0,0
IND,IND.36_1,BANA,22.50225528860285,21.350168961613385,20.329777899375458,18.977799646953443,17.161743786975734,15.239364806236953,39878.24862503728,40446.023450289926,42227.754749783264,44767.52912794664,45974.77768161295,45034.47183669104,5.643e-4,5.279e-4,4.814e-4,4.239e-4,3.733e-4,3.384e-4
IND,IND.3_1,BANA,19.37265439605791,20.395641560370244,21.443346309310172,20.65625786008442,20.95289927246232,21.926846281706233,3310.317606726884,3357.539672779834,3506.416121884402,3718.2553257262366,3819.844918072174,3741.047814574036,0.005852,0.006075,0.006115,0.005555,0.005485,0.005861
IND,IND.4_1,BANA,77.75833377803708,68.66103198140036,59.19650341825421,51.592708436732515,43.862027557310675,36.728349902021314,139978.15368652839,141974.95170793112,148270.18289728175,157227.81758158567,161523.4750535253,158191.5610945883,5.555e-4,4.836e-4,3.992e-4,3.281e-4,2.716e-4,2.322e-4
IND,IND.5_1,BANA,0.05025808818552802,0.044533646032586124,0.0388092038796442,0.03308476172670227,0.027553895048303,0.02223049911780088,594.4168258619349,641.0943149788625,660.1093182769324,742.8562517874058,742.6874836385921,733.3988992392865,8.455e-5,6.947e-5,5.879e-5,4.454e-5,3.71e-5,3.031e-5
IND,IND.7_1,BANA,0.07540312808594783,0.06971948461887922,0.0627145839401609,0.06443182369729177,0.10421096479223767,0.10574653463655591,1271.678141454884,1289.818778193741,1347.0105490736642,1428.389835605397,1467.416080012615,1437.1457053739655,5.929e-5,5.405e-5,4.656e-5,4.511e-5,7.102e-5,7.358e-5
IRN,IRN.11_1,BANA,0,0,0,0,0,0,3.1633974029072514,3.1633974029072514,3.1633974029072514,3.1633974029072514,3.1633974029072514,3.1633974029072514,0,0,0,0,0,0
IRN,IRN.12_1,BANA,0,0,0,0,0,0,9.678388076949476,9.678388076949476,9.678388076949476,9.678388076949476,9.678388076949476,9.678388076949476,0,0,0,0,0,0
IRN,IRN.13_1,BANA,0,0,0,0,0,0,3.201980283384593,3.201980283384593,3.201980283384593,3.201980283384593,3.201980283384593,3.201980283384593,0,0,0,0,0,0
IRN,IRN.14_1,BANA,0,0,0,0,0,0,13.94384179904892,13.94384179904892,13.94384179904892,13.94384179904892,13.94384179904892,13.94384179904892,0,0,0,0,0,0
IRN,IRN.15_1,BANA,1.3571984657458462e-4,1.1654272442508806e-4,9.736560227559149e-5,7.818848012609493e-5,5.901135797659838e-5,3.983423582710182e-5,81.78079601579495,81.78079601579495,81.78079601579495,81.78079601579495,81.78079601579495,81.78079601579495,1.66e-6,1.425e-6,1.191e-6,9.561e-7,7.216e-7,4.871e-7
IRN,IRN.16_1,BANA,0,0,0,0,0,0,2.254946750703963,2.254946750703963,2.254946750703963,2.254946750703963,2.254946750703963,2.254946750703963,0,0,0,0,0,0
IRN,IRN.17_1,BANA,0,0,0,0,0,0,0.3621922821875326,0.3621922821875326,0.3621922821875326,0.3621922821875326,0.3621922821875326,0.3621922821875326,0,0,0,0,0,0
IRN,IRN.18_1,BANA,0,0,0,0,0,0,0.7196887719223604,0.7196887719223604,0.7196887719223604,0.7196887719223604,0.7196887719223604,0.7196887719223604,0,0,0,0,0,0
IRN,IRN.1_1,BANA,0.00142730103935315,0.00123699423410607,0.00104668742885898,8.563806236118951e-4,6.660738183648072e-4,4.757670131177196e-4,0.18421317358128617,0.18421317358128617,0.18421317358128617,0.18421317358128617,0.18421317358128617,0.18421317358128617,0.007748,0.006715,0.005682,0.004649,0.003616,0.002583
IRN,IRN.20_1,BANA,0.06614445954997673,0.04059043871412144,0.015039291212554217,0.0021676784494063326,0.001972727090389708,0.001777775731373083,114.4287015527054,114.4287015527054,114.4287015527054,114.4287015527054,114.4287015527054,114.4287015527054,5.78e-4,3.547e-4,1.314e-4,1.894e-5,1.724e-5,1.554e-5
IRN,IRN.21_1,BANA,6.584102159077653e-4,5.818814609861785e-4,5.053527060645917e-4,4.2882395114300496e-4,3.5229519622141816e-4,2.757664412998314e-4,0.1381134598716609,0.1381134598716609,0.1381134598716609,0.1381134598716609,0.1381134598716609,0.1381134598716609,0.004767,0.004213,0.003659,0.003105,0.002551,0.001997
IRN,IRN.22_1,BANA,0,0,0,0,0,0,0.008622604732540732,0.008622604732540732,0.008622604732540732,0.008622604732540732,0.008622604732540732,0.008622604732540732,0,0,0,0,0,0
IRN,IRN.24_1,BANA,0,0,0,0,0,0,0.5375085103629376,0.5375085103629376,0.5375085103629376,0.5375085103629376,0.5375085103629376,0.5375085103629376,0,0,0,0,0,0
IRN,IRN.25_1,BANA,0,0,0,0,0,0,0.018734531986463705,0.018734531986463705,0.018734531986463705,0.018734531986463705,0.018734531986463705,0.018734531986463705,0,0,0,0,0,0
IRN,IRN.28_1,BANA,0,0,0,0,0,0,0.3375215254429251,0.3375215254429251,0.3375215254429251,0.3375215254429251,0.3375215254429251,0.3375215254429251,0,0,0,0,0,0
IRN,IRN.29_1,BANA,4.269891144861452e-4,3.930355796055205e-4,3.590820447248958e-4,3.251285098442711e-4,2.911749749636465e-4,2.572214400830218e-4,11.14837147773883,11.14837147773883,11.14837147773883,11.14837147773883,11.14837147773883,11.14837147773883,3.83e-5,3.525e-5,3.221e-5,2.916e-5,2.612e-5,2.307e-5
IRN,IRN.2_1,BANA,0,0,0,0,0,0,131.53173426302163,131.53173426302163,131.53173426302163,131.53173426302163,131.53173426302163,131.53173426302163,0,0,0,0,0,0
IRN,IRN.3_1,BANA,0,0,0,0,0,0,0.8194208974859476,0.8194208974859476,0.8194208974859476,0.8194208974859476,0.8194208974859476,0.8194208974859476,0,0,0,0,0,0
IRN,IRN.5_1,BANA,0,0,0,0,0,0,11.526521595762278,11.526521595762278,11.526521595762278,11.526521595762278,11.526521595762278,11.526521595762278,0,0,0,0,0,0
IRN,IRN.7_1,BANA,0,0,0,1.5577580981416435e-5,1.477873067467713e-5,1.3979880367937827e-5,7.3262593181117035,7.3262593181117035,7.3262593181117035,7.3262593181117035,7.3262593181117035,7.3262593181117035,0,0,0,2.126e-6,2.017e-6,1.908e-6
IRN,IRN.8_1,BANA,0.002347679767912961,0.002144110548020587,0.0019456642814727407,0.0017543098868860216,0.0015649244109159233,0.0013755389349458251,19.038821216779272,19.038821216779272,19.038821216779272,19.038821216779272,19.038821216779272,19.038821216779272,1.233e-4,1.126e-4,1.022e-4,9.214e-5,8.22e-5,7.225e-5
IRN,IRN.9_1,BANA,0.23266872956092333,0.20468250624620463,0.17618555388498808,0.14885502346337945,0.12300227192142184,0.09710122786908104,250.46173859504262,250.46173859504262,250.46173859504262,250.46173859504262,250.46173859504262,250.46173859504262,9.29e-4,8.172e-4,7.034e-4,5.943e-4,4.911e-4,3.877e-4
ISR,ISR.1_1,BANA,0,0,0,0,0,0,73.34887286820808,82.93696082483658,87.73100480315082,92.04564438363366,94.44314577718862,90.97034878877548,0,0,0,0,0,0
ISR,ISR.2_1,BANA,0.013626055603562798,0.012353184166596061,0.01108045598354367,0.012503979542198259,0.01109298203905832,0.009681984535918408,2725.8324128387985,3082.1503753013862,3260.3093565326803,3420.652439640845,3509.7497461546154,3380.6916948982,4.999e-6,4.008e-6,3.399e-6,3.655e-6,3.161e-6,2.864e-6
ISR,ISR.3_1,BANA,2.6240204790726503e-4,1.0218183866020834e-4,1.1035867018339986e-5,0.02170811177156167,0.02720104391962756,0.02574902953907713,3645.3005486703532,4121.810424313537,4360.0653621351285,4574.494806174562,4693.64610057914,4521.054644538235,7.198e-8,2.479e-8,2.531e-9,4.745e-6,5.795e-6,5.695e-6
ISR,ISR.4_1,BANA,0.05007107807171742,0.046338331340416344,0.04524002603105031,0.041454524424426396,0.037707136509557794,0.03400710698822319,7561.8930644774255,8550.375818003886,9044.617194767117,9489.434433854025,9736.604546373317,9378.5769662058,6.622e-6,5.419e-6,5.002e-6,4.368e-6,3.873e-6,3.626e-6
ISR,ISR.5_1,BANA,0.01000649213371795,0.00864460171722978,0.00790503815382991,0.00856268025627857,0.00775146512027109,0.01007440616075092,4634.154550089766,5253.848001972208,5553.055606932069,5855.197346432218,5996.49815478272,5780.455408287913,2.159e-6,1.645e-6,1.424e-6,1.462e-6,1.293e-6,1.743e-6
ISR,ISR.6_1,BANA,0.01362651830336486,0.012475946611315989,0.01132537491926714,0.01017480322721827,0.00902423153516943,0.00787365984312057,2046.8617398711365,2314.4253659980827,2448.2071790615555,2568.610810818681,2635.515095531724,2538.603786496414,6.657e-6,5.391e-6,4.626e-6,3.961e-6,3.424e-6,3.102e-6
ISR,ISR.7_1,BANA,1.9769612056974313e-4,1.4359882479560504e-4,8.950152902146701e-5,4.683966085079848e-5,1.5613220283599495e-5,0,58.50331860968732,66.15081123840461,69.97455755276326,73.41592923568605,75.32818476749681,72.55826969266056,3.379e-6,2.171e-6,1.279e-6,6.38e-7,2.073e-7,0
JAM,JAM.10_1,BANA,0.6937050016377941,0.6224562199046237,0.6741672857560983,2.0854301668267388,2.015717032679081,103.37192754558089,600.2011422633564,624.0618780376759,702.3058099747977,678.4065113951864,607.3429738034032,649.7060281896839,0.001156,9.974e-4,9.599e-4,0.003074,0.003319,0.1591
JAM,JAM.11_1,BANA,26.480373369584786,27.00796663831932,25.8989492628233,25.321724268427815,23.879633904373694,29.701476317871993,730.3013921827918,759.3342068968386,854.538378298537,825.4586418637402,738.9912948656871,790.5370108214246,0.03626,0.03557,0.03031,0.03068,0.03231,0.03757
JAM,JAM.12_1,BANA,6.37531141896222,6.118809836539229,5.615475524604512,5.200441106338155,4.725055571131792,5.41088302915274,2475.97724110184,2574.4086411327935,2897.184092709042,2798.5936116275334,2505.43905166464,2680.197063834445,0.002575,0.002377,0.001938,0.001858,0.001886,0.002019
JAM,JAM.13_1,BANA,0.8157934948324524,0.7828644311723041,0.7722435986369811,2.880024615947703,2.773594742837427,15.593630529659649,1058.1842977279775,1100.2519549693602,1238.1998766546367,1196.0642312803388,1070.7756999439034,1145.4638599602483,7.709e-4,7.115e-4,6.237e-4,0.002408,0.00259,0.01361
JAM,JAM.14_1,BANA,2.1182185368594046,1.8807655877698024,1.6057866680217499,1.5874471124759044,1.3550281898089476,34.530311786733144,3829.6946312822474,3981.94247831027,4481.192387998926,4328.698483844394,3875.2644111118875,4145.569731318476,0.00055309999999999995,4.723e-4,3.583e-4,3.667e-4,3.497e-4,0.008329
JAM,JAM.1_1,BANA,6.881580837245778,6.587376316975054,6.047242040170931,5.616649888044564,7.681118048476109,7.73848496314124,7897.704469001593,8211.674280601557,9241.241549670367,8926.76431211226,7991.679756449372,8549.111024716241,8.713e-4,8.022e-4,6.544e-4,6.292e-4,9.611e-4,9.052e-4
JAM,JAM.2_1,BANA,0.9403592616022445,0.8874999957782043,0.7563941268239192,0.7805914814862166,0.6963513602756201,13.672288331961104,708.9391445809432,737.1227124180996,829.5420403236994,801.3129232859982,717.3748565218585,767.412794512433,0.001326,0.001204,9.118e-4,9.741e-4,9.707e-4,0.01782
JAM,JAM.4_1,BANA,0.7919233053121405,0.7818714346043694,0.7308291183952753,0.6438448774691845,0.5730031642127257,2.870053875067232,2793.9849156447335,2905.0585726828294,3269.290411277247,3158.0372412580796,2827.230719739207,3024.434168052491,2.834e-4,2.691e-4,2.235e-4,2.039e-4,2.027e-4,9.49e-4
JAM,JAM.5_1,BANA,24.45727311551311,23.64394800234556,22.621270234329867,23.486401234374984,22.708010041806286,37.33783536156415,192.191658556238,199.83215448322917,224.88680698563738,217.23396278240054,194.47855931693093,208.04372124465505,0.1273,0.1183,0.1006,0.1081,0.1168,0.1795
JAM,JAM.6_1,BANA,4.037683976538379,3.7540258081791245,3.474260937919249,3.1958327979553056,2.9186103271795725,2.66372052677171,155.7695470103417,161.9620977090679,182.26865991951706,176.06610105804543,157.62305875079278,168.61749599368284,0.02592,0.02318,0.01906,0.01815,0.01852,0.0158
JAM,JAM.7_1,BANA,6.796928790005924,6.501143855670366,5.96955868126587,6.365100801236047,6.575435686099433,28.221501476868973,1620.5269411009624,1684.9502859332688,1896.2067977146814,1831.679334345272,1639.8096941723857,1754.1888016186203,0.004194,0.003858,0.003148,0.003475,0.00401,0.01609
JAM,JAM.8_1,BANA,7.401535780860489,7.09650497086212,6.637157800790149,6.769088930335831,6.786896483006559,7.456012994688867,5741.773484323022,5970.035195836579,6718.549155692751,6489.918536362606,5810.095211955039,6215.357790218098,0.001289,0.001189,9.879e-4,0.001043,0.001168,0.0012
JAM,JAM.9_1,BANA,18.79807009842228,18.206482840637747,17.429294410462727,20.79437413984199,21.650939720544983,65.12824479739612,5204.006844131666,5410.889876388696,6089.299043983868,5882.081655311069,5265.929652332074,5633.235892592101,0.003612,0.003365,0.002862,0.003535,0.004112,0.01156
JOR,JOR.4_1,BANA,0,0,0,0,0,0,32.9204051670164,44.84926013246639,45.17011827841128,62.41809050400139,58.33899913135686,58.43527921357598,0,0,0,0,0,0
JOR,JOR.5_1,BANA,0,0,0,0,0,0,1070.0859956138672,1454.4714941496084,1465.708944891811,2019.6021093534252,1889.2850277508307,1891.684362342791,0,0,0,0,0,0
JPN,JPN.18_1,BANA,0.003968246888439803,0.0028804001816336985,0.0018893565245274766,9.980824726001e-4,2.961712325974395e-4,0,5.270392848550256,5.285255772545041,5.427939842894962,5.326871959730434,5.34768005332313,5.365847005321955,7.529e-4,5.45e-4,3.481e-4,1.874e-4,5.538e-5,0
JPN,JPN.32_1,BANA,0.007213155674719544,0.006102166178178028,0.005013203767571678,0.0039730068266070895,0.0030184901711501014,0.0021449951663412414,2.119572633938605,2.1255499961324533,2.1829326731933967,2.142286610275229,2.150654917346616,2.157961047156157,0.003403,0.002871,0.002297,0.001855,0.001404,9.94e-4
KEN,KEN.10_1,BANA,0.028240134323137666,0.026234596823043715,0.024232831309006345,0.022231065794968967,0.0202293002809316,0.01822753476689423,140.56936429225965,149.7939545565182,151.67627251909903,140.27025575725864,151.9025842692644,148.40964936139693,2.009e-4,1.751e-4,1.598e-4,1.585e-4,1.332e-4,1.228e-4
KEN,KEN.11_1,BANA,5.089281348143171e-4,4.658030705110815e-4,4.226780062078459e-4,4.924798322570234e-4,4.623847921802942e-4,4.125034182790537e-4,6785.063290406063,7255.0099607498205,7501.120647476829,6500.54731180667,7532.8595312453845,7207.71406987924,7.501e-8,6.42e-8,5.635e-8,7.576e-8,6.138e-8,5.723e-8
KEN,KEN.12_1,BANA,0.35388907386083224,0.2752470574473139,0.1966050410337957,0.11813394473773264,0.039483163189985904,1.5338984899829965e-4,880.9576156275041,941.9744522373427,973.9289196431283,844.0166900403756,978.0498261359181,935.833658339482,4.017e-4,2.922e-4,2.019e-4,1.4e-4,4.037e-5,1.639e-7
KEN,KEN.13_1,BANA,0.018332878067298015,0.015201277979137553,0.01238794111500257,0.009634531538450604,0.006920219529056109,0.004173323931798351,13936.149017740363,14901.393783778432,15406.891677944832,13351.768753919408,15472.081609847275,14804.250609884804,1.315e-6,1.02e-6,8.041e-7,7.216e-7,4.473e-7,2.819e-7
KEN,KEN.14_1,BANA,0.031189292296924454,0.03126189478972053,0.028923903456812006,0.02676254743610608,0.030463774642326483,0.028598801806350202,12726.386850396806,13607.841137537675,14069.458026466838,12192.735172615861,14128.988983769706,13519.130719094825,2.451e-6,2.297e-6,2.056e-6,2.195e-6,2.156e-6,2.115e-6
KEN,KEN.15_1,BANA,0.00234169473437806,0.00211867618824681,0.00189565764211557,0.00167263909598432,0.00912787010817819,0.00851109517444053,21257.92595800925,22730.291224889865,23501.367710398146,20366.523866670104,23600.807142613292,22582.11094959803,1.102e-7,9.321e-8,8.066e-8,8.213e-8,3.868e-7,3.769e-7
KEN,KEN.16_1,BANA,0,0,0,0,0.00619037612732894,0.00587292094131207,4028.420551459692,4307.436788136468,4453.557362980156,3859.4980276227966,4472.401339252924,4279.3563221735285,0,0,0,0,1.384e-6,1.372e-6
KEN,KEN.17_1,BANA,1.5023411138419103e-4,1.4054158806908198e-4,1.3084906475397287e-4,1.2115654143886376e-4,1.1146401812375468e-4,1.0177149480864557e-4,7195.042879355898,7693.385532830469,7954.367172688183,6893.3353523562455,7988.02384173953,7643.231842545468,2.088e-8,1.827e-8,1.645e-8,1.758e-8,1.395e-8,1.332e-8
KEN,KEN.18_1,BANA,1.1839683302944541,1.1178541068559773,1.1640103857166502,1.2362722774018464,2.2048022745863944,2.2234092434960635,18923.752708868313,20234.44860002028,20920.858965744806,18130.22878870833,21009.379700480018,20102.53888825002,6.257e-5,5.525e-5,5.564e-5,6.819e-5,1.049e-4,1.106e-4
KEN,KEN.19_1,BANA,0.074149436659832,0.07171375319458696,0.06707290744711163,0.06258096709456905,0.05800503989650518,0.05949135020719434,4425.297662530003,4731.117760825046,4887.329077290785,4247.221863307362,4907.452376754181,4699.729503281261,1.676e-5,1.516e-5,1.372e-5,1.473e-5,1.182e-5,1.266e-5
KEN,KEN.1_1,BANA,0.8683772510486872,0.7557137342416191,0.640989173411568,0.5279348623584478,0.41524109088551553,0.3035965375142198,40.17768212334012,42.96046647299997,44.417808359914474,38.49292369767578,44.605749832001514,42.68040434420226,0.02161,0.01759,0.01443,0.01372,0.009309,0.007113
KEN,KEN.20_1,BANA,0.6177232830658765,0.5426088500046804,0.46749441694348404,0.39237998388228773,0.3172870245488687,0.24217149027086332,2.73030415356985,2.9194103256243022,3.018445073193837,2.6158151466323147,3.0312167751624077,2.9003784961831065,0.2262,0.1859,0.1549,0.15,0.1047,0.0835
KEN,KEN.21_1,BANA,0.026119452730332796,0.025645539728774883,0.02516322790018896,0.023941897951381918,0.022030073097537992,0.020118248243694084,5733.207478623857,6130.300571149449,6338.2578987852385,5492.79864727213,6365.076455664781,6090.336735346945,4.556e-6,4.183e-6,3.97e-6,4.359e-6,3.461e-6,3.303e-6
KEN,KEN.22_1,BANA,0.10700666343658188,0.10211312846014733,0.11302497775579413,0.18163412990318706,0.30478919865668247,0.30875976345246703,2731.4908342045705,2920.679198066112,3019.7569894177655,2616.952066551826,3032.534242391113,2901.639096761354,3.918e-5,3.496e-5,3.743e-5,6.941e-5,1.005e-4,1.064e-4
KEN,KEN.23_1,BANA,0.027863611711945704,0.03365153081970903,0.03171664392304943,0.03610422725792668,0.055235180917963325,0.05197118789941008,4743.978220071352,5072.555371570908,5244.630956954263,4545.050435912534,5266.822138802235,5039.487046842654,5.873e-6,6.634e-6,6.047e-6,7.944e-6,1.049e-5,1.031e-5
KEN,KEN.24_1,BANA,0,0,0,0,0,0,26.652984845419997,28.49902237620302,29.46579072056113,25.535353403925274,29.590466932393962,28.313235360125123,0,0,0,0,0,0
KEN,KEN.25_1,BANA,0,0,0,0,0,0,26.43892261234805,28.2711115724255,29.231705063295376,25.33208815619515,29.35418070402385,28.08760767461511,0,0,0,0,0,0
KEN,KEN.26_1,BANA,0.02240423270961824,0.020840912391724347,0.019562119391791217,0.06755403679030685,0.08525999418010602,0.11393300448710565,27351.505857748853,29245.924311429568,30238.0297055217,26204.583548816532,30365.97342957532,29055.268192123614,8.191e-7,7.126e-7,6.469e-7,2.578e-6,2.808e-6,3.921e-6
KEN,KEN.27_1,BANA,4.075080298759957e-4,3.448144868181502e-4,2.821209437603047e-4,2.194274007024592e-4,1.5673385764461374e-4,9.404031458676824e-5,9347.13520086738,9993.345095074026,10324.900109689714,8968.211090174982,10367.61978701374,9927.248449088242,4.36e-8,3.45e-8,2.732e-8,2.447e-8,1.512e-8,9.473e-9
KEN,KEN.28_1,BANA,0.002409041403175827,0.0022192729807460907,0.002029638650524062,0.0018402813661457821,0.0016510670354035637,0.0014618527046613556,35.39841617093798,37.85017927217492,39.13416560214718,33.914065239092764,39.2997508249157,37.60343144440162,6.806e-5,5.863e-5,5.186e-5,5.426e-5,4.201e-5,3.888e-5
KEN,KEN.29_1,BANA,0.02468644625800931,0.019431903408107687,0.01528916811938991,0.01209618722569447,0.008903206331999022,0.005710225438303576,18952.843685275828,20265.55447399244,20953.020039922885,18158.099902121692,21041.676855204347,20133.441980967735,1.303e-6,9.589e-7,7.297e-7,6.662e-7,4.231e-7,2.836e-7
KEN,KEN.2_1,BANA,6.438378333576123e-4,5.544077685676438e-4,4.649777037776753e-4,4.0155976651327555e-4,3.641539567744445e-4,3.3328380292604594e-4,64.48737340924099,68.953894223533,71.2930075192646,61.783244152439806,71.59466384310014,68.50437921611864,9.984e-6,8.04e-6,6.522e-6,6.499e-6,5.086e-6,4.865e-6
KEN,KEN.30_1,BANA,0,0,0,0,0,0,213.5259737687758,228.31519770224028,236.0603021749712,204.57225457958077,237.05912499694804,226.82679579334695,0,0,0,0,0,0
KEN,KEN.31_1,BANA,1.4954831142517252e-5,1.3758444651115874e-5,1.2562058159714494e-5,1.1365671668313111e-5,1.0169285176911732e-5,8.972898685510354e-6,9.13739976603638,9.770273832475873,10.101709463223518,8.754243983250435,10.14445200764917,9.706580769688031,1.637e-6,1.408e-6,1.244e-6,1.298e-6,1.002e-6,9.244e-7
KEN,KEN.32_1,BANA,0,0,0,0,0,2.132816266584362e-4,1832.7201717310702,1959.6579327383533,2026.135134311543,1755.8692786972179,2034.708155670549,1946.88279276861,0,0,0,0,0,1.096e-7
KEN,KEN.33_1,BANA,0.1060588531479096,0.0969363937833151,0.0878153158569529,0.07869423793059073,0.06979112125017901,0.060960954317604794,1128.5899269951376,1202.075707328487,1213.5680214488789,1132.4862410616513,1214.8996375222139,1190.5063016586264,9.397e-5,8.064e-5,7.236e-5,6.949e-5,5.745e-5,5.121e-5
KEN,KEN.34_1,BANA,0,0,0,0,0,0,1317.9648132077755,1409.2496176506472,1457.0553950439464,1262.6989987945785,1463.220515430752,1400.0626259736678,0,0,0,0,0,0
KEN,KEN.35_1,BANA,0.001098399310854903,0.0010151028906331264,9.56435064140341e-4,8.955028639018583e-4,8.097317863201381e-4,7.239607087384178e-4,62.89295336115908,67.24904154414683,69.53032136122549,60.25568243137159,69.82451937400062,66.81064058436452,1.746e-5,1.509e-5,1.376e-5,1.486e-5,1.16e-5,1.084e-5
KEN,KEN.36_1,BANA,3.9635008676480325e-4,3.670905921254262e-4,3.5623732492320875e-4,0.00362369782123384,0.0034243834482618214,0.0032315981880740438,5655.058515582483,6046.738859044401,6251.8615344245045,5417.926680736843,6278.314529370658,6007.319767582437,7.009e-8,6.071e-8,5.698e-8,6.688e-7,5.454e-7,5.379e-7
KEN,KEN.37_1,BANA,0.038070170819642264,0.04543342583614143,0.04350075564102114,0.04375110429697969,0.04136808193496543,0.039293603250623955,124.76872693503526,133.4104514520427,137.93611551054235,119.53683816360457,138.519753415253,132.54073987521414,3.051e-4,3.406e-4,3.154e-4,3.66e-4,2.986e-4,2.965e-4
KEN,KEN.38_1,BANA,0,0,0,0,0,0,8639.154962662788,9237.519625675997,9550.88271008648,8276.891926450682,9591.294585920592,9177.299622878696,0,0,0,0,0,0
KEN,KEN.39_1,BANA,0.016535085155119672,0.020956209742526793,0.02443298054073772,0.02255339928474133,0.041341027063060684,0.050164359757541216,940.8553746762439,1003.7929432177226,1023.9107567543556,925.7731897396893,1026.4336026035198,995.4730353302276,1.757e-5,2.088e-5,2.386e-5,2.436e-5,4.028e-5,5.039e-5
KEN,KEN.3_1,BANA,0,0,0,0,0,0,1570.2012650052109,1678.9564563240808,1735.911461029265,1504.3584967965996,1743.2564824845117,1668.0112278868546,0,0,0,0,0,0
KEN,KEN.40_1,BANA,0.023115444102005226,0.020752013062853916,0.018388582023702617,0.016025150984551314,0.013963924979282668,0.01263535128018673,2986.53643185708,3193.38974949615,3301.7186626868165,2861.3029153570883,3315.68895723297,3172.571830028568,7.74e-6,6.498e-6,5.569e-6,5.601e-6,4.211e-6,3.983e-6
KEN,KEN.41_1,BANA,0.0744244845932711,0.06921497756671176,0.06401284148386263,0.05883193644779599,0.053707321490507734,0.04901861793045727,11661.945384880843,12469.67438736558,12892.681405045754,11172.928604706714,12947.23316281776,12388.383753416465,6.382e-6,5.551e-6,4.965e-6,5.266e-6,4.148e-6,3.957e-6
KEN,KEN.42_1,BANA,3.143493266898758e-5,2.870146026298866e-5,2.5967987856989735e-5,2.3234515450990818e-5,2.05010430449919e-5,1.776757063899298e-5,57.82895454066279,61.83430032340176,63.93189663246371,55.40403072075074,64.20240648448211,61.43119842058204,5.436e-7,4.642e-7,4.062e-7,4.194e-7,3.193e-7,2.892e-7
KEN,KEN.43_1,BANA,1.5762148902525336e-5,1.0526626065052096e-5,5.291103227578859e-6,2.00500635663168e-6,6.6833545221056e-7,0,0.673657228601008,0.7203160375146535,0.7447512175643425,0.6454089665830276,0.7479024230230515,0.7156202495161624,2.34e-5,1.461e-5,7.105e-6,3.107e-6,8.936e-7,0
KEN,KEN.44_1,BANA,0.04466314198295184,0.038673029671782266,0.0326829173606127,0.026692805049443123,0.02070269273827355,0.014753138274085123,55.766376041271705,59.62886362849731,61.651645217462054,53.42794169317079,61.91250682650116,59.240139113690624,8.009e-4,6.486e-4,5.301e-4,4.996e-4,3.344e-4,2.49e-4
KEN,KEN.45_1,BANA,0,0,0,0,0,0,2618.5724954331204,2799.9399156932327,2894.9218852802746,2508.768697858371,2907.1709335963906,2781.686921774101,0,0,0,0,0,0
KEN,KEN.46_1,BANA,0,0,0,0,0,0,0.619168225824963,0.6620530205063224,0.6845117523906356,0.5932048344536062,0.687408071483256,0.6577370529779789,0,0,0,0,0,0
KEN,KEN.47_1,BANA,0.19366319039676747,0.2026773396694055,0.2371468188781618,0.2889476342334979,0.31634695774021926,0.3209454868667084,176.54691939899035,188.7749021575768,195.17868672274966,169.14383155859593,196.00453047905248,187.54426605647538,0.001097,0.001074,0.001215,0.001708,0.001614,0.001711
KEN,KEN.4_1,BANA,0,0,0,0,0,0,749.243893680209,801.1379819208116,828.3148734702814,717.8260792109667,831.8196550527083,795.9153103090297,0,0,0,0,0,0
KEN,KEN.5_1,BANA,0.012163959094417231,0.009087109799162513,0.0068977715130157935,0.004841947723583015,0.0035531836070586778,0.0031085425753843775,28.96504557197995,30.971220922201702,32.02185331156773,27.75046319693556,32.15734478385214,30.769317479919774,4.2e-4,2.934e-4,2.154e-4,1.745e-4,1.105e-4,1.01e-4
KEN,KEN.6_1,BANA,0.009610201077676187,0.008959456190481288,0.008311610073592728,0.015077448913140229,0.07640219692076808,0.08241518886498447,1295.464801356241,1385.1912112492382,1432.1808586919183,1241.1424730413225,1438.2407294693417,1376.1610579184273,7.418e-6,6.468e-6,5.803e-6,1.215e-5,5.312e-5,5.989e-5
KEN,KEN.7_1,BANA,1.510816840900737e-4,1.379441463431108e-4,1.2480660859614783e-4,0.002897362247140665,0.0027413686490710618,0.002585375051001459,363.61011053827525,388.7683789013821,401.94565340038645,348.377042028012,403.6444710288988,386.2369691034459,4.155e-7,3.548e-7,3.105e-7,8.317e-6,6.792e-6,6.694e-6
KEN,KEN.8_1,BANA,0.00358726280883529,0.0033398653737432,0.00309246793865111,0.00284507050355902,0.00259767306846693,0.00235027563337484,1186.0207513948446,1268.1668536817183,1311.1867002336285,1136.2877068704954,1316.7346182359324,1259.8995898954645,3.025e-6,2.634e-6,2.359e-6,2.504e-6,1.973e-6,1.865e-6
KEN,KEN.9_1,BANA,0,0,0,0,0,0,932.8285945080404,997.438115927002,1031.274069427625,893.7125790675908,1035.6376158044052,990.935750728848,0,0,0,0,0,0
KHM,KHM.10_1,BANA,5.747189290931387e-4,5.247433700415615e-4,0.029012003868739183,0.02863616869824599,0.027064407270001138,0.02549264584175626,20.498864911839604,25.46828670864921,24.84710898404801,23.474504368373502,23.28936793815564,23.994819311690378,2.804e-5,2.06e-5,0.001168,0.00122,0.001162,0.001062
KHM,KHM.11_1,BANA,46.541639413509564,51.21682233324989,52.45257576986223,55.55114947248195,72.15795375132565,72.59118862099707,7268.069327517863,8996.568972824474,8791.58495003561,8326.157596979408,8262.03802705492,8503.766654442356,0.006404,0.005693,0.005966,0.006672,0.008734,0.008536
KHM,KHM.12_1,BANA,1.4995709894054774,1.0798213696370274,0.6626991247374651,0.26286224299834704,0.06420625225939934,0.05336295710643435,726.6461701116093,901.8195710734766,879.8012375723013,831.424879362749,824.8940658243778,849.7695518217715,0.002064,0.001197,7.532e-4,3.162e-4,7.784e-5,6.28e-5
KHM,KHM.13_1,BANA,3.148733908601552,3.1204152492126447,2.8734518987931006,7.580034058133677,7.290735174491364,7.128596609080792,148.73871970024916,184.7965911427338,180.28935721242323,170.3298080340606,168.98646752623694,174.10518676077055,0.02117,0.01689,0.01594,0.0445,0.04314,0.04094
KHM,KHM.14_1,BANA,3.2364634751234,3.183953080649185,3.1958209904091106,3.468450039113648,3.6119371023666473,3.6797713107116223,1407.6682509026282,1666.9379877888748,1661.6762696528017,1619.47287249284,1610.4898225725767,1638.3598611222408,0.002299,0.00191,0.001923,0.002142,0.002243,0.002246
KHM,KHM.15_1,BANA,29.865489747090027,28.749990588709576,28.92997680270896,34.92435043001421,35.39477581944155,33.91224057733096,9162.5289845005609,11383.748132258272,11106.09573878856,10492.572520334006,10409.8207233319,10725.141531823816,0.00326,0.002526,0.002605,0.003328,0.0034,0.003162
KHM,KHM.16_1,BANA,0.8151183641316514,0.7309055178261723,0.6466926715206932,0.5624798252152141,0.478266978909735,0.394054132604256,79.4480507002394,98.70818420332775,96.3006675154417,90.98082363303698,90.26328495186274,92.99742348744432,0.01026,0.007405,0.006715,0.006182,0.005299,0.004237
KHM,KHM.17_1,BANA,16.23057904129354,15.555399019651901,14.326281095233078,15.412761361211853,16.015397320642503,15.383624846671038,13494.201360898343,16765.522902934306,16356.607710179811,15453.035578138863,15331.162085175121,15795.553792996072,0.001203,9.278e-4,8.759e-4,9.974e-4,0.001045,9.739e-4
KHM,KHM.18_1,BANA,94.61617799451255,96.44322249659159,94.11249296959944,95.3729454477009,96.53208202725222,98.74209613229166,11678.124394497912,14331.554192738573,13999.87546795849,13266.971291707712,13168.117432895533,13544.794191738712,0.008102,0.006729,0.006722,0.007189,0.007331,0.00729
KHM,KHM.19_1,BANA,0.0479703613793838,0.04308065079257338,0.03825503240786425,0.033457756453634434,0.028660480499404627,0.023873511906515307,688.1776153084313,791.9396862496606,799.8533526172571,793.8176860678692,790.4721163220453,798.3280322691738,6.971e-5,5.44e-5,4.783e-5,4.215e-5,3.626e-5,2.99e-5
KHM,KHM.1_1,BANA,0.48484094639571673,0.43592741027441084,0.4072851882385304,0.32508955603989514,0.2639242254964011,0.2308210390061092,758.6858795380074,942.6097291229789,919.6192479248575,868.8176184405112,861.965512433742,888.0750554793365,6.391e-4,4.625e-4,4.429e-4,3.742e-4,3.062e-4,2.599e-4
KHM,KHM.20_1,BANA,17.75111280291462,16.634557311098938,15.848464818537925,14.904288930506882,14.373332625991676,13.783710792175103,4245.116511349335,5268.529529966887,5142.4923691488875,4861.862272916684,4823.781948789503,4968.442144248438,0.004182,0.003157,0.003082,0.003066,0.00298,0.002774
KHM,KHM.21_1,BANA,28.719698685111176,29.122797200784,28.774825888812025,29.88935755530521,31.058679272049307,30.210991577522595,14226.002044234647,17674.729812533955,17243.63884149654,16291.065313523615,16162.582529424657,16652.158548642044,0.002019,0.001648,0.001669,0.001835,0.001922,0.001814
KHM,KHM.22_1,BANA,8.259249189378147,9.119757732649214,9.256876481762726,9.368788787930141,10.192680132824634,12.19473277594624,3733.4470412199385,4534.556206571638,4434.417560902675,4213.143098202237,4183.297676108414,4297.021884709796,0.002212,0.002011,0.002088,0.002224,0.002437,0.002838
KHM,KHM.23_1,BANA,0.32896191215871945,0.2674409332241903,0.2245189445765873,0.18492570489676505,0.14785201729477077,0.11266876646984207,2306.8503133653867,2519.832693131783,2607.86462698607,2673.2472137158165,2668.167922373374,2660.663733998053,1.426e-4,1.061e-4,8.609e-5,6.918e-5,5.541e-5,4.235e-5
KHM,KHM.24_1,BANA,2.659872353668704,2.2976979794363515,1.9355236052039986,1.5739776876671567,1.2136443279822688,0.8541117055994855,844.6487728082492,1020.7800580572193,1008.2445482630233,969.8663778042047,963.5406997908901,985.4233649885663,0.003149,0.002251,0.00192,0.001623,0.00126,8.667e-4
KHM,KHM.25_1,BANA,24.895449768403495,23.01724183025775,20.998768807566986,19.34100061019299,17.4099380970787,15.536609590442007,9446.763580286159,11618.075671061602,11386.003885358165,10828.8866521401,10748.973938692605,11044.260446572327,0.002635,0.001981,0.001844,0.001786,0.00162,0.001407
KHM,KHM.2_1,BANA,28.60209404202221,27.218391420969258,25.738332654003266,23.694830296343635,21.577513935425543,20.341924786851084,28811.769810698443,35768.20801203336,34895.15989696577,32973.95981256058,32714.661691230514,33702.42063771142,9.927e-4,7.61e-4,7.376e-4,7.186e-4,6.596e-4,6.036e-4
KHM,KHM.3_1,BANA,4.430133521676806,4.0807492886631636,4.1234845254793875,5.085727716643283,5.545572454432538,5.406912496386465,5085.819349890624,6318.745252894411,6164.629515018938,5824.082897234523,5778.1500886023805,5953.174328303462,8.711e-4,6.458e-4,6.689e-4,8.732e-4,9.597e-4,9.082e-4
KHM,KHM.4_1,BANA,4.073527265156758,3.767837412802061,3.452812411061571,3.1356167832220887,2.8548818017655875,2.6609154399213555,5698.661506495828,7080.155205040271,6907.468492722216,6525.8859455605425,6474.418225134557,6670.532917550777,7.148e-4,5.322e-4,4.999e-4,4.805e-4,4.409e-4,3.989e-4
KHM,KHM.5_1,BANA,4.226345006379778,3.6917806173378085,3.2402584848412697,3.7894596515604753,3.938746868121015,3.81003633029069,5287.943662045802,6569.869398299329,6409.628681267638,6055.547813416334,6007.789509871493,6189.769689535488,7.992e-4,5.619e-4,5.055e-4,6.258e-4,6.556e-4,6.155e-4
KHM,KHM.6_1,BANA,7.982707683025364,7.568284210924912,6.9010298040501485,6.223682682810621,5.772006441713053,5.095871953664277,5612.711760011868,6973.369156378381,6803.286981832567,6427.459632299997,6376.768170916189,6569.924974348172,0.001422,0.001085,0.001014,9.683e-4,9.052e-4,7.756e-4
KHM,KHM.7_1,BANA,2.8566564796923917,3.0826617038513118,3.1040885481042744,2.958310395115864,2.6815670733383588,2.402156637632057,5186.6357934497755,6444.002046407297,6286.831264787606,5939.533974887428,5892.6906379627135,6071.184391653452,5.508e-4,4.784e-4,4.937e-4,4.981e-4,4.551e-4,3.957e-4
KHM,KHM.8_1,BANA,84.41069388845442,76.38331749172127,68.4358136927111,61.26720545113847,53.1938035238586,45.21436586940455,2012.2788831626317,2500.038957912895,2439.090508057149,2304.389593175083,2286.2185675438373,2355.453131242684,0.04195,0.03055,0.02806,0.02659,0.02327,0.0192
KHM,KHM.9_1,BANA,10.813546439714894,11.25769757975881,11.629457480956793,11.931246810057292,12.115013522108722,11.603132797373007,257.82000200627243,320.32182067445973,312.5090933409363,295.24545819386896,292.91694512665833,301.7896058970118,0.04194,0.03514,0.03721,0.04041,0.04136,0.03845
LAO,LAO.10_1,BANA,6.841487806408851,7.3307614015550024,7.286713700982851,7.735909495139195,7.635925501485252,7.228635245574661,8343.715417332869,8371.600404381683,8397.688467280956,8409.825962809835,8415.682760124477,8408.463107676134,8.2e-4,8.757e-4,8.677e-4,9.199e-4,9.073e-4,8.597e-4
LAO,LAO.11_1,BANA,0.24176547283892696,0.23487703411697594,0.22809414751839605,0.261216688653041,0.26725907989065145,0.7727424601269736,11037.089570949413,11041.06345166294,11048.216400596904,11055.40601120897,11055.448473679513,11053.494690733207,2.19e-5,2.127e-5,2.065e-5,2.363e-5,2.417e-5,6.991e-5
LAO,LAO.12_1,BANA,2.5133371278802668,2.5619196460382736,2.399056037821742,2.3020850383004685,2.3425613980200155,2.36001843197048,56734.65648772657,56734.70941742519,56734.804690398545,56734.900451683374,56734.90101725792,56734.874994045356,4.43e-5,4.516e-5,4.229e-5,4.058e-5,4.129e-5,4.16e-5
LAO,LAO.13_1,BANA,2.5829667475528875,2.3027495524969805,2.046346540629624,1.7992749328630941,1.625959904533573,1.4582289817734209,13239.221685714025,13239.221685714025,13239.221685714025,13239.221685714025,13239.221685714025,13239.221685714025,1.951e-4,1.739e-4,1.546e-4,1.359e-4,1.228e-4,1.101e-4
LAO,LAO.14_1,BANA,2.951229506361129,2.8855467807309076,2.8960845275796876,3.7365680466892246,4.240813116196294,4.27778128461597,41155.88509439441,41154.644958750054,41153.083130123785,41153.54292163364,41153.522703562965,41153.461570036925,7.171e-5,7.011e-5,7.037e-5,9.08e-5,1.03e-4,1.039e-4
LAO,LAO.15_1,BANA,2.3490444456862556,2.2644928417240933,2.1231012601909844,2.254106455400233,2.6225104896501947,2.689645155521919,43974.43038933882,43920.746817586674,43853.13764958607,43873.041319497046,43872.16611019825,43869.51973353264,5.342e-5,5.156e-5,4.841e-5,5.138e-5,5.978e-5,6.131e-5
LAO,LAO.16_1,BANA,1.2195872566929866,1.3643146755305924,1.3364096568386272,2.3598677830625454,3.138795418647908,3.178280615840583,3963.8404354044574,3963.8404354044574,3963.8404354044574,3963.8404354044574,3963.8404354044574,3963.8404354044574,3.077e-4,3.442e-4,3.372e-4,5.953e-4,7.919e-4,8.018e-4
LAO,LAO.17_1,BANA,2.9011066988443766,2.8325542063258147,2.7798410435265293,2.5869417427290204,3.0896778336258426,3.4971736813639702,6610.428191937339,6610.428191937339,6610.428191937339,6610.428191937339,6610.428191937339,6610.428191937339,4.389e-4,4.285e-4,4.205e-4,3.913e-4,4.674e-4,5.29e-4
LAO,LAO.18_1,BANA,5.741264262847913,5.905331339238037,5.461342415153516,5.473057809268208,5.363034674256542,5.088273731736131,7628.372172715027,7628.372172715027,7628.372172715027,7628.372172715027,7628.372172715027,7628.372172715027,7.526e-4,7.741e-4,7.159e-4,7.175e-4,7.03e-4,6.67e-4
LAO,LAO.1_1,BANA,11.279544257893724,10.99519372274082,10.906807005215112,11.040910274016342,10.909421868083564,10.819791173369921,98573.12059203652,98573.12059203652,98573.12059203652,98573.12059203652,98573.12059203652,98573.12059203652,1.144e-4,1.115e-4,1.106e-4,1.12e-4,1.107e-4,1.098e-4
LAO,LAO.2_1,BANA,6.314639810039671,6.097027068217703,5.69867241821851,5.723720493580423,5.685141367108128,5.374749452683586,14125.904791605288,14125.904791605288,14125.904791605288,14125.904791605288,14125.904791605288,14125.904791605288,4.47e-4,4.316e-4,4.034e-4,4.052e-4,4.025e-4,3.805e-4
LAO,LAO.3_1,BANA,13.858856878593283,13.951080795780113,13.836178462676335,16.63831832396359,18.359574612819767,19.414811440861747,41584.90638960194,41584.90638960194,41584.90638960194,41584.90638960194,41584.90638960194,41584.90638960194,3.333e-4,3.355e-4,3.327e-4,4.001e-4,4.415e-4,4.669e-4
LAO,LAO.4_1,BANA,15.822060230100742,16.64721852776988,17.456746609987775,18.46932644452081,22.081268589803678,23.026625494476942,111916.24993225173,111917.59851969319,111917.429946263,111917.05745275723,111917.00721096352,111917.19865433496,1.414e-4,1.487e-4,1.56e-4,1.65e-4,1.973e-4,2.057e-4
LAO,LAO.5_1,BANA,18.266845910790593,17.71921099334648,16.168165054871928,17.046856689628658,15.44560868534663,13.89478690311437,17768.01403364495,17828.007010453024,17935.993819932202,18044.53410430473,18045.175152739284,18015.67923591752,0.001028,9.939e-4,9.014e-4,9.447e-4,8.559e-4,7.713e-4
LAO,LAO.6_1,BANA,2.2575064781860963,2.1598189138997768,2.054034409062549,2.27438387327267,2.521765539365935,2.634589286879104,13009.841545029916,13009.841545029916,13009.841545029916,13009.841545029916,13009.841545029916,13009.841545029916,1.735e-4,1.66e-4,1.579e-4,1.748e-4,1.938e-4,2.025e-4
LAO,LAO.7_1,BANA,10.238102684450586,10.48152742208472,10.347362095035168,10.721989025312771,10.613074336046262,9.969208845898928,21935.954113080923,21948.74921495649,21953.286858214782,21947.042107681926,21951.443642657607,21950.132201476234,4.667e-4,4.775e-4,4.713e-4,4.885e-4,4.835e-4,4.542e-4
LAO,LAO.8_1,BANA,28.832127034911547,30.381794933902246,29.847807335867177,29.498050592274026,29.752503233719082,29.656940329117557,72849.67725231667,72853.48763065173,72860.34627680006,72867.24007620891,72867.28079159255,72865.40739559839,3.958e-4,4.17e-4,4.097e-4,4.048e-4,4.083e-4,4.07e-4
LAO,LAO.9_1,BANA,14.121405560417633,17.966011181703745,17.899784701718357,19.553299979979624,19.817556993369553,19.294091564294824,94318.33259395642,94321.36556533282,94322.44117553526,94320.960909899,94322.00425677683,94321.69339066544,1.497e-4,1.905e-4,1.898e-4,2.073e-4,2.101e-4,2.046e-4
LBN,LBN.1_1,BANA,0.4733372561351565,0.44014930268812974,0.5127342163855744,0.7112048400946915,0.6650734865833023,0.6144180717985254,5291.903506411881,3652.0477882962805,3632.3100628268626,3644.8999700192894,3297.743432339064,3494.2116145087484,8.945e-5,1.205e-4,1.412e-4,1.951e-4,2.017e-4,1.758e-4
LBN,LBN.4_1,BANA,0,0,0,0,0,0,2.3481284610178914,1.620490120862096,1.6117320785292488,1.6173184841325052,1.4632778547885126,1.5504549035911062,0,0,0,0,0,0
LBN,LBN.5_1,BANA,0.0018864922887342542,0.0014396162697748777,0.001097925006142976,7.595840655713885e-4,4.245934480601126e-4,1.2854906965223734e-4,13.240159668818224,9.137297340476815,9.087914233547947,9.119413746198047,8.250840087704255,8.742396688956958,1.425e-4,1.576e-4,1.208e-4,8.329e-5,5.146e-5,1.47e-5
LBN,LBN.6_1,BANA,5.190758919639111e-4,4.719267567382729e-4,4.2477762151263486e-4,3.776284862869967e-4,0.00299397751743591,0.005412038421832554,815.7974583615581,577.8167053010648,577.0976253999869,580.9368752065542,530.7250900485159,558.1714744489385,6.363e-7,8.167e-7,7.361e-7,6.5e-7,5.641e-6,9.696e-6
LBN,LBN.7_1,BANA,0.079734202267687,0.07477461270106611,0.06981502313444521,0.0798757430214827,0.08613531213945613,0.08018399658145457,1523.2505828303085,1051.2255023747346,1045.54408702228,1049.168035086603,949.2405897516619,1005.7930708456531,5.234e-5,7.113e-5,6.677e-5,7.613e-5,9.074e-5,7.972e-5
LBN,LBN.8_1,BANA,0.03958072893760833,0.033159069146471896,0.026774985186591927,0.02057963379210076,0.014535439131741882,0.010266848177266256,13131.688185749697,9062.43901410075,9013.460483776777,9044.70193316038,8183.244161124737,8670.773630161235,3.014e-6,3.659e-6,2.971e-6,2.275e-6,1.776e-6,1.184e-6
LBR,LBR.10_1,BANA,1.9629184895161653,1.8746686061884057,1.7617037925857562,1.6931213885013376,1.6165375298885247,1.5195772267952974,3580.0562854568175,3540.513210682745,3553.3054302425935,3557.9583918189005,3550.5922612232316,3551.283721800188,5.483e-4,5.295e-4,4.958e-4,4.759e-4,4.553e-4,4.279e-4
LBR,LBR.11_1,BANA,1.919861987713111,1.9004557675996294,1.8412789223683423,1.7751681654837084,1.807842963238519,2.1948124075151796,8685.083865210901,8589.153831346279,8620.1872818958709,8631.47519423289,8613.605234409808,8615.282692142735,2.211e-4,2.213e-4,2.136e-4,2.057e-4,2.099e-4,2.548e-4
LBR,LBR.12_1,BANA,7.947189645012316,7.040654852941403,11.801194476182625,11.292874667738502,11.648166903701602,11.880833022779406,4057.9431831996144,4013.1945403540253,4027.6881671204724,4032.942057629228,4024.608161084838,4025.3907001212883,0.001958,0.001754,0.00293,0.0028,0.002894,0.002951
LBR,LBR.13_1,BANA,4.636552501789032,4.576514388025736,5.114584754397665,4.638993625622741,4.151310060287928,3.642619165239767,1957.5630167283114,1935.940993337255,1942.9357369713018,1945.4799610766706,1941.452185064028,1941.8302734361225,0.002369,0.002364,0.002632,0.002384,0.002138,0.001876
LBR,LBR.14_1,BANA,0.8522965194220591,1.0081796237049476,1.005264903470312,1.418049943197247,1.439197108369493,1.5797304014484939,872.9968274392081,863.3542475263754,866.4736306313335,867.6082554445841,865.8120242884861,865.9806369699219,9.763e-4,0.001168,0.00116,0.001634,0.001662,0.001824
LBR,LBR.15_1,BANA,4.6034280490731705,4.248247737440529,3.9286631383391555,3.6006704165465395,3.28629601502706,2.9586610209888535,2483.284782283812,2455.855963292874,2464.7292104241137,2467.9567095899597,2462.847236845956,2463.326864368931,0.001854,0.00173,0.001594,0.001459,0.001334,0.001201
LBR,LBR.1_1,BANA,10.051968600367,9.561783227599719,8.965990687247928,8.366703355112389,7.889930814629067,7.715981578282733,8355.661032099142,8263.369597933342,8293.225958271722,8304.085723210317,8286.893566029546,8288.507398253798,0.001203,0.001157,0.001081,0.001008,9.521e-4,9.309e-4
LBR,LBR.2_1,BANA,7.739239100222139,7.440898358218961,7.701296682502304,7.3113902805481885,7.222899377108029,7.714454735935177,10009.498633190422,9898.94093562691,9934.706686589556,9947.715650598086,9927.120858810726,9929.054100427069,7.732e-4,7.517e-4,7.752e-4,7.35e-4,7.276e-4,7.77e-4
LBR,LBR.3_1,BANA,7.336155031774521,8.696064126639566,8.30534914280801,7.938171774100868,7.964893304374222,9.116373449118232,2855.199514482245,2823.6627567070364,2833.864925657508,2837.5757984970064,2831.701094072441,2832.252554090438,0.002569,0.00308,0.002931,0.002798,0.002813,0.003219
LBR,LBR.4_1,BANA,9.328824374502748,9.318448583021041,9.092131409553149,8.553104329823414,8.138812224575712,8.446817517806085,7038.525504320126,6960.782329876981,6985.93231536593,6995.080213084325,6980.598122879101,6981.957560418088,0.001325,0.001339,0.001301,0.001223,0.001166,0.00121
LBR,LBR.5_1,BANA,14.878267278201529,14.435887258670444,15.564629942711754,14.49168253720318,13.704423436760068,14.075350586102083,21178.273407294542,20944.351373070567,21020.025357422473,21047.550537073133,21003.975264711455,21008.065686755555,7.025e-4,6.892e-4,7.405e-4,6.885e-4,6.525e-4,6.7e-4
LBR,LBR.6_1,BANA,4.6805655054739255,4.422159151348633,4.568211095689569,4.800431472892125,5.106076138036071,5.0833422550583025,857.2425459109725,847.7739779920331,850.8370680635171,851.9512172024293,850.1874012057382,850.3529710678085,0.00546,0.005216,0.005369,0.005635,0.006006,0.005978
LBR,LBR.7_1,BANA,2.009818075277041,1.876100617710697,1.75202456515512,1.6141196640902218,1.4919755247180653,1.4112069742707996,2484.1135692114162,2456.6755959556185,2465.5518044996124,2468.780380831129,2463.6692028198736,2464.1489904167247,8.091e-4,7.637e-4,7.106e-4,6.538e-4,6.056e-4,5.727e-4
LBR,LBR.8_1,BANA,3.5759436522468344,3.614304089267727,3.6966617508569097,4.189810340627434,4.171480000034328,4.640477786618227,1791.3222720966576,1771.7020540502297,1778.08875855681,1780.3710696945031,1776.7205862499266,1777.0637899114909,0.001996,0.00204,0.002079,0.002353,0.002348,0.002611
LBR,LBR.9_1,BANA,2.7788360673979935,2.705848091389208,2.54553356719534,2.437474394707384,2.384523408909613,2.55655228981468,11880.510620207486,11749.28589010549,11791.737206011943,11807.178180961775,11782.733483506268,11785.028113554783,2.339e-4,2.303e-4,2.159e-4,2.064e-4,2.024e-4,2.169e-4
LCA,LCA.10_1,BANA,0.10525537500407146,0.0912213250035286,0.07718727500298572,0.06315322500244286,0.0491191750019,0.03508512500135715,21.764238005970498,13.551062706235284,15.819721232191798,8.477025247585027,6.412906809406104,8.813439907182103,0.004836,0.006732,0.004879,0.00745,0.007659,0.003981
LCA,LCA.1_1,BANA,0,0,0,0,0,0,10.132717656532613,6.308931758170601,7.365144996433145,3.946625807782208,2.98563974716421,4.103249474564413,0,0,0,0,0,0
LCA,LCA.2_1,BANA,0,0,0,0,0,0,2.606777317480991,1.6230571858608718,1.894782186522552,1.015322343426696,0.7680958095244735,1.0556158792566745,0,0,0,0,0,0
LCA,LCA.3_1,BANA,0,0,0,0,0,0,29.311260701190864,18.25006378131343,21.30540812546409,11.416540148769707,8.636662735050924,11.869610813979637,0,0,0,0,0,0
LCA,LCA.4_1,BANA,0,0,0,0,0,0,15.14889734612408,9.432154611217447,11.011243900431085,5.900394272518951,4.463674166736405,6.134554142603508,0,0,0,0,0,0
LCA,LCA.5_1,BANA,0.05090116342178588,0.02397024634629167,0.00871516103829369,0.00497413093167709,0.00355295066548364,0.00213177039929018,34.40970778766861,21.424508765526955,25.011304541549606,13.402351214780465,10.138937523136796,13.934229708713856,0.001479,0.001119,3.484e-4,3.711e-4,3.504e-4,1.53e-4
LCA,LCA.6_1,BANA,0,0,0,0,0,0,812.1915178297754,505.6946254936401,590.3557659906616,316.3431681195861,239.31499525982096,328.89739275742465,0,0,0,0,0,0
LCA,LCA.7_1,BANA,0,0,0,0,0,0,15.559371110921173,9.687727800800468,11.309604014414258,6.060271060610576,4.58462165870133,6.300775714823107,0,0,0,0,0,0
LCA,LCA.8_1,BANA,0.08579526715396582,0.05361636046756881,0.03377421641193327,0.02626883498705921,0.01876345356218515,0.01125807213731109,38.63413043868482,24.054760108388468,28.08190084212766,15.047735604498627,11.38367803631624,15.644911937379833,0.002221,0.002229,0.001203,0.001746,0.001648,7.196e-4
LCA,LCA.9_1,BANA,0.03765867801883396,0.03369460664843039,0.02973053527802682,0.02576646390762324,0.02180239253721966,0.01783832116681608,9.911252151394114,6.171040739584211,7.204168878046803,3.8603664736390493,2.9203841822525582,4.013566898932017,0.0038,0.00546,0.004127,0.006675,0.007466,0.004445
LSO,LSO.3_1,BANA,0,0,0,0,0,0,0.18626822040039584,0.2027996944057995,0.2896102663184006,0.24734015426747685,0.24857199394674065,0.26008283934979726,0,0,0,0,0,0
MAR,MAR.10_1,BANA,0.01696549966039373,0.018296976141725783,0.018268684962173317,0.03140644266987468,0.07543131562574527,0.12138808872407572,3477.2235245036472,3428.0589154418367,3411.6356349882362,3153.403000373924,3162.6878505866102,3177.216811279398,4.879e-6,5.337e-6,5.355e-6,9.96e-6,2.385e-5,3.821e-5
MAR,MAR.11_1,BANA,0.10448538692484144,0.09019985873931276,0.07551130779423508,0.06172066793181448,0.05512065532713362,0.045367802574601865,806.0814134555582,794.6861318875768,790.9011016406187,730.9813067567001,733.1516114204775,736.5166049691741,1.296e-4,1.135e-4,9.548e-5,8.444e-5,7.518e-5,6.16e-5
MAR,MAR.12_1,BANA,0,0,0,0,0,3.905871520090231e-4,3596.5937418321823,3545.74999616371,3528.8618557456134,3261.510251188053,3271.1937695539573,3286.2077799709277,0,0,0,0,0,1.189e-7
MAR,MAR.13_1,BANA,0.00762455895460931,0.007086862421600952,0.0065491658885925945,0.007486519405305287,0.008498079136447335,0.00780141081337925,4519.40745962404,4455.51822999638,4434.296931939557,4098.348275318591,4110.516390007013,4129.382693945684,1.687e-6,1.591e-6,1.477e-6,1.827e-6,2.067e-6,1.889e-6
MAR,MAR.14_1,BANA,2.355797626297014,2.2668423978094867,2.493180332575236,2.478902721686067,2.3686183983794606,2.263159797543641,5636.590974293564,5556.908525147056,5530.441387992791,5111.44726483548,5126.623299755915,5150.15329554608,4.179e-4,4.079e-4,4.508e-4,4.85e-4,4.62e-4,4.394e-4
MAR,MAR.15_1,BANA,0.7590107780163522,0.7022916239389999,0.6393069676669166,0.5904639837507623,0.5298438904781975,0.4743939354031446,378.1281507507831,372.7826897655041,371.00715386562194,342.89912302082996,343.9172004449972,345.4956995477148,0.002007,0.001884,0.001723,0.001722,0.001541,0.001373
MAR,MAR.1_1,BANA,0.013718031238306574,0.025789269925387787,0.024189667517807097,0.022672863888287854,0.02272367653976668,0.026867236265192662,271.66070591409965,267.82033671171706,266.5447286011331,246.35092000478735,247.08234301885113,248.21639288971534,5.05e-5,9.629e-5,9.075e-5,9.203e-5,9.197e-5,1.082e-4
MAR,MAR.2_1,BANA,0.059224136543944796,0.050863650953799536,0.04635216152131727,0.04202787458812846,0.042615202524568595,0.03865272632988906,1659.998948365222,1636.5321432715732,1628.7374638203423,1505.3419918081986,1509.8113957658686,1516.7410751491784,3.568e-5,3.108e-5,2.846e-5,2.792e-5,2.823e-5,2.548e-5
MAR,MAR.3_1,BANA,0.017121381289170772,0.01604858280490007,0.014975784320629376,0.013938034363356501,0.012863438518726934,0.01436278443541048,226.29237664376407,223.093363112998,222.03078621201115,205.2094173453584,205.81869004686112,206.76334945075578,7.566e-5,7.194e-5,6.745e-5,6.792e-5,6.25e-5,6.946e-5
MAR,MAR.4_1,BANA,0.12493573904899725,0.10697599760322632,0.09008343861477337,0.07230001452105496,0.05593540504519685,0.057040311397034096,10081.941465346039,9939.416703167215,9892.076009339766,9142.638229791566,9169.782987401559,9211.870135700627,1.239e-5,1.076e-5,9.107e-6,7.908e-6,6.1e-6,6.192e-6
MAR,MAR.5_1,BANA,3.7678773428903746e-4,3.574652863767791e-4,3.3814283846452084e-4,3.4264087856637e-4,6.700700713846896e-4,0.0016997745072983637,150.82281487580917,148.6906872597937,147.98248470517944,136.77112071598611,137.1771981333102,137.80680922541777,2.498e-6,2.404e-6,2.285e-6,2.505e-6,4.885e-6,1.233e-5
MAR,MAR.6_1,BANA,0,0,0,0,0,0,0.1822577395462393,0.17968122776293205,0.1788254195959041,0.16527735089301565,0.16576806413307293,0.16652890057903938,0,0,0,0,0,0
MAR,MAR.8_1,BANA,6.169977531389308e-4,5.596968504708542e-4,0.00050239594780277755,0.006877802976942964,0.009331040067397081,0.03923319319280741,2332.966420234248,2299.9861172481646,2289.031456443036,2115.6111703056317,2121.8924811233137,2131.631468801693,2.645e-7,2.433e-7,2.195e-7,3.251e-6,4.398e-6,1.841e-5
MAR,MAR.9_1,BANA,0.01713682557325667,0.017776343517654034,0.017084368146464413,0.01662561642051866,0.016476333400469754,0.017964962641776844,663.759019197219,654.3756978716289,651.258955663689,601.9186488178208,603.7057627134416,606.476630246428,2.582e-5,2.717e-5,2.623e-5,2.762e-5,2.729e-5,2.962e-5
MDG,MDG.1_1,BANA,0.7141589519549787,0.6738730086020643,0.857649922593788,0.8189636890550822,0.7566672484039471,2.4273537661749267,3425.9797314360508,3376.410748356245,3392.478071558006,3398.2894888703527,3389.0594362615348,3390.197874143282,2.085e-4,1.996e-4,2.528e-4,2.41e-4,2.233e-4,7.16e-4
MDG,MDG.2_1,BANA,36.5915772741691,34.370685172733815,33.28984351486229,32.159217666633694,33.122075189311616,32.942427611138406,23074.62334390375,22740.76684043068,22848.983309904652,22888.124307834736,22825.958152723357,22833.62574780009,0.001586,0.001511,0.001457,0.001405,0.001451,0.001443
MDG,MDG.3_1,BANA,1670.9312683770206,1936.0399478685886,2055.855461963024,2158.3428450155843,2185.652108001973,2692.3009148504093,101248.38982600639,99783.47172503467,100258.31125431304,100430.05676701502,100157.27991545424,100190.92430668816,0.0165,0.0194,0.02051,0.02149,0.02182,0.02687
MDG,MDG.4_1,BANA,51.4411416618728,54.95931519039495,61.3377192052384,60.403248980665325,61.384505951326375,68.06760654844722,4203.287911206973,4142.4724004091795,4162.185180598661,4169.315129416463,4157.990903474768,4159.387637419835,0.01224,0.01327,0.01474,0.01449,0.01476,0.01636
MDG,MDG.5_1,BANA,351.0435384879853,367.66551429085564,363.29346171715133,381.07913489671046,372.4671315269754,421.6142479196321,31909.45520801681,31447.771435991403,31597.421921461268,31651.549258737046,31565.580872063238,31576.18424261485,0.011,0.01169,0.0115,0.01204,0.0118,0.01335
MDG,MDG.6_1,BANA,415.87375689323153,428.1034333172846,434.53368054732243,415.47468409728265,394.1938147590149,369.00162514417985,12247.712479993701,12070.505753661828,12127.945660002377,12148.7211969064,12115.724203523534,12119.794064102112,0.03396,0.03547,0.03583,0.0342,0.03254,0.03045
MEX,MEX.11_1,BANA,0,0,0,0,0,0,1.1039800399550947,1.0778698556817954,1.1617079987910863,1.183801139967435,1.196324214790164,1.1789763264674593,0,0,0,0,0,0
MEX,MEX.12_1,BANA,5.2635261976760095,5.3904431750005415,5.396451588998216,5.197983664188367,5.576641951535208,5.573462764876198,64515.830651030126,62989.969525033775,67889.41267362174,69180.52057693181,69912.3604157447,68898.5618100868,8.159e-5,8.558e-5,7.949e-5,7.514e-5,7.977e-5,8.089e-5
MEX,MEX.13_1,BANA,0.18441465648423555,0.16135742465228825,0.13835006843624859,0.11542201741873967,0.09265586810004638,0.07003640308559599,0.09343361948912907,0.09122382498751676,0.0983193347598377,0.10018915311821537,0.10124902391793413,0.09978081259361578,1.974,1.769,1.407,1.152,0.9151,0.7019
MEX,MEX.14_1,BANA,14.493715452032584,17.75180930046021,21.977617884802576,27.764655260718765,27.45346706781352,79.40954441259147,108976.23949951977,106398.8471629161,114674.69023254691,116855.5516222405,118091.73121948,116379.28392492302,1.33e-4,1.668e-4,1.917e-4,2.376e-4,2.325e-4,6.823e-4
MEX,MEX.15_1,BANA,0.09074585994897057,0.0720510312116043,0.05723091036205811,0.047037771352653565,0.07186598730719562,0.06782327744770171,44.00027045348501,42.95962195619675,46.301078176072636,47.18162325093277,47.680743397282264,46.98932530060462,0.002062,0.001677,0.001236,9.97e-4,0.001507,0.001443
MEX,MEX.16_1,BANA,41.7408690918698,51.191832068032696,50.693995781002144,49.50469506561776,47.58161357186078,46.41994759485003,119744.04582052611,116911.9845614009,126005.55336396287,128401.90294782638,129760.22790943323,127878.57583328898,3.486e-4,4.379e-4,4.023e-4,3.855e-4,3.667e-4,3.63e-4
MEX,MEX.17_1,BANA,2.776389239624803e-4,1.0916554802753e-4,6.742401641497868e-5,2.9106894349908864e-5,5.830269045557346e-6,0,15.232475321984719,14.872212705631906,16.02899308184708,16.33382941545284,16.506620065001496,16.267257693219033,1.823e-5,7.34e-6,4.206e-6,1.782e-6,3.532e-7,0
MEX,MEX.18_1,BANA,2.832918442361092,2.307741945012496,1.7278943539574039,1.327803059794583,0.9345450767562904,0.9307312418191677,5178.228568043432,5055.758507691274,5449.002091839682,5552.6301744650145,5611.369772519195,5529.999342206424,5.471e-4,4.565e-4,3.171e-4,2.391e-4,1.665e-4,1.683e-4
MEX,MEX.1_1,BANA,0,0,0,0,0,0,63.66606922494057,62.16030576975396,66.99521657403237,68.269318826449,68.99151933707184,67.991073840879,0,0,0,0,0,0
MEX,MEX.20_1,BANA,39.6794300730093,33.65426798639959,27.796658759066517,22.10502155313901,16.627683037992952,12.025250800418062,28332.976542680582,27662.874537421,29814.529509547185,30381.53654595073,30702.933647667396,30257.710640798334,0.0014,0.001217,9.323e-4,7.276e-4,5.416e-4,3.974e-4
MEX,MEX.21_1,BANA,0.19230605441002788,0.12702654890286313,0.07319801234787078,0.031701688903453686,0.006686927756210261,0,35.514604519873146,34.67465014130942,37.37169029461519,38.08241797363342,38.48528037476895,37.927205617311515,0.005415,0.003663,0.001959,8.324e-4,1.738e-4,0
MEX,MEX.23_1,BANA,0.9799229321764262,0.6201421687094327,0.33698854204982676,0.15590186147341537,0.04444517709874258,8.538609967340209e-4,5.326408814060502,5.719241167033584,4.95697850553415,3.8650747609558693,4.891544204303632,4.429291770334606,0.184,0.1084,0.06798,0.04034,0.009086,1.928e-4
MEX,MEX.24_1,BANA,0.007817528490316255,0.007347722784638941,0.006877917078961637,0.011327812583228849,0.010898007609713451,0.010160920144454242,81.60653894437466,79.67646621422777,85.87380714708623,87.5069388347611,88.43264831884375,87.15028715942725,9.58e-5,9.222e-5,8.009e-5,1.295e-4,1.232e-4,1.166e-4
MEX,MEX.27_1,BANA,70.39315589393281,67.55060617332832,61.4810368596317,61.24696859815203,59.79003080773395,63.925788068625145,340734.26617036486,332675.57474846416,358551.52099346364,365370.3854417987,369235.5284294316,363881.246845244,2.066e-4,2.031e-4,1.715e-4,1.676e-4,1.619e-4,1.757e-4
MEX,MEX.28_1,BANA,7.18213239542838e-4,5.603367221366272e-4,3.816944370076073e-4,2.317084718801654e-4,2.0211031609033848e-4,1.722175815195977e-4,17.656303814544,17.238715335134668,18.579565416124424,18.932908047974077,19.133193565610217,18.855743271509866,4.068e-5,3.25e-5,2.054e-5,1.224e-5,1.056e-5,9.133e-6
MEX,MEX.30_1,BANA,6.010221497563942,4.251992029802956,2.958082681774433,1.9492042649627224,1.1789799474016367,0.8036760659960702,4386.040815652742,4282.306753638755,4615.3902372865605,4703.164848636766,4752.91820949662,4683.996178757855,0.00137,9.929e-4,6.409e-4,4.144e-4,2.481e-4,1.716e-4
MEX,MEX.31_1,BANA,26.34841387014999,23.199646279254832,20.073970215095645,17.241715502366205,14.22561589681832,11.224941706189005,1637.2520659437778,1598.5294880017245,1722.865226006698,1755.6303483141949,1774.202631673879,1748.474932831366,0.01609,0.01451,0.01165,0.009821,0.008018,0.00642
MEX,MEX.4_1,BANA,2.057160763955475,1.9723087040253033,1.8392543135404833,2.244161992196862,2.3633877077686245,2.287317081826486,557.1747393397666,543.9970236292718,586.3098316901398,597.4601602564328,603.7805108946294,595.0250943069422,0.003692,0.003626,0.003137,0.003756,0.003914,0.003844
MEX,MEX.5_1,BANA,71.00295707696976,61.087077271854625,49.36765904951247,41.70572930291592,34.6181855838296,29.613713778186305,468239.02297848515,457768.2144299663,492905.1506376164,500957.8785883326,506048.761384375,498978.192452618,1.516e-4,1.334e-4,1.002e-4,8.325e-5,6.841e-5,5.935e-5
MEX,MEX.8_1,BANA,26.638995169986387,30.912138364128854,33.877775192467865,33.38111232968439,32.93589286084796,37.889982117867724,161969.4297071319,158138.69771630128,170438.93479999813,173680.3099583007,175517.62151630645,172972.4418241394,1.645e-4,1.955e-4,1.988e-4,1.922e-4,1.877e-4,2.191e-4
MKD,MKD.24_1,BANA,0,0,0,0,0,0,0.28315444255179933,0.08689708362236846,0.08748822024564988,0.08157685401283571,0.06443389193767458,0.07589445469877251,0,0,0,0,0,0
MKD,MKD.4_1,BANA,0,0,0,0,0,0,0.11359842863685564,0.0348621482455486,0.03509930571660675,0.03272773100602521,0.02585016434533876,0.03044801528923353,0,0,0,0,0,0
MKD,MKD.50_1,BANA,0,0,0,0,0,0,0.07594884578188209,0.023307892129304106,0.0234664492186191,0.021880878325469158,0.01728272273533434,0.020356721878247226,0,0,0,0,0,0
MKD,MKD.5_1,BANA,0,0,0,0,0,0,0.07625161767919551,0.023400809600922213,0.023559998781880864,0.021968106972294323,0.017351620724493345,0.020437874438799093,0,0,0,0,0,0
MKD,MKD.65_1,BANA,0,0,0,0,0,0,0.28508880214664606,0.087490717986549,0.08808589293883845,0.08213414341594395,0.06487406979954995,0.07641292499123624,0,0,0,0,0,0
MLI,MLI.1_1,BANA,0,0,0,0,0,0,2.981642159363677,7.450617914999442,7.806251990809162,8.393978459337761,9.366677885430542,8.508346857024026,0,0,0,0,0,0
MLI,MLI.3_1,BANA,6.557191714026356e-4,5.544889919550024e-4,4.5325881250736917e-4,3.5202863305973603e-4,3.55236666681294e-4,3.192020731663281e-4,3510.3542571091702,8771.37187264614,9190.039639977,9881.941511398443,11027.043438121153,10016.582818339362,1.868e-7,6.322e-8,4.932e-8,3.562e-8,3.222e-8,3.187e-8
MLI,MLI.5_1,BANA,1.2395446699054076e-4,1.172518745068194e-4,1.1054928202309798e-4,1.0384668953937659e-4,0.0020197515699264205,0.0019144537224236855,4326.91469164074,10812.21873421234,11328.309057595343,12181.208012333367,13592.773406886101,12347.177554693013,2.865e-8,1.084e-8,9.759e-9,8.525e-9,1.486e-7,1.551e-7
MLI,MLI.6_1,BANA,6.97928563436648e-4,6.314591764426817e-4,5.649897894487151e-4,4.985204024547487e-4,4.320510154607821e-4,3.6558162846681567e-4,246.98365782032897,616.9151534531193,646.3548921355638,695.008296910323,775.5253469861167,704.4748913071222,2.826e-6,1.024e-6,8.741e-7,7.173e-7,5.571e-7,5.189e-7
MLI,MLI.7_1,BANA,0,0,0,0,0,0,986.5686564473373,2464.7868014578044,2582.4232884292946,2776.8327611047175,3098.5743846980795,2814.661729778012,0,0,0,0,0,0
MLI,MLI.8_1,BANA,0.004812535343838569,0.0046508576363956155,0.00672512076595198,0.010484213808974583,0.010629892004422352,0.013830863666656706,89272.60885257875,222940.43859758254,233577.94271374634,251157.64513124485,280251.0217996854,254578.30091617358,5.391e-8,2.086e-8,2.879e-8,4.174e-8,3.793e-8,5.433e-8
MMR,MMR.11_1,BANA,0,0,0,0,0.00827861134744638,0.00785406717578246,489.5102023346636,494.4435598734633,494.460317608643,502.94870896771096,486.90796545747065,492.0110716717543,0,0,0,0,1.7e-5,1.596e-5
MMR,MMR.12_1,BANA,1.0030015248601356,0.9382624326853997,0.8739781782644827,0.8094706249087075,0.7452754938764771,0.7331354879776774,137.46495348473226,139.42590705010335,145.60818216157423,154.40506202687325,158.62369306033935,155.35154776978118,0.007296,0.006729,0.006002,0.005243,0.004698,0.004719
MMR,MMR.13_1,BANA,6.927056292439448,6.632791253229991,6.40248739034471,6.27043214537718,6.482882666528119,9.173675832607552,9631.02791632141,9763.289896707,9810.19516479017,9745.643660587864,9791.141987860421,9777.585721603644,7.192e-4,6.794e-4,6.526e-4,6.434e-4,6.621e-4,9.382e-4
MMR,MMR.14_1,BANA,0.0016769102040150455,0.001269573253894378,9.692399255981182e-4,6.689065973018581e-4,3.685732690055981e-4,1.8940264312296284e-4,84.3207262805772,82.31445977276235,79.78776482766654,80.53160628645327,80.4988978982782,80.39999730917812,1.989e-5,1.542e-5,1.215e-5,8.306e-6,4.579e-6,2.356e-6
MMR,MMR.3_1,BANA,5.9939979711717015,5.8869981411618495,6.6535704619396,6.5615581922315975,8.133218023980731,8.479492569157703,1183.2619133434198,1199.1575914946227,1241.8149014121807,1306.5753925229324,1327.97941282325,1307.8553168046983,0.005066,0.004909,0.005358,0.005022,0.006125,0.006484
MMR,MMR.4_1,BANA,0.059381284799020516,0.05196918467487519,0.04455708455072985,0.061464646996589295,0.09107597931972544,0.08045412241607429,193.44203930848192,196.51727339934996,197.6078716123069,196.1069793244324,197.1648646418768,196.84966678973376,3.07e-4,2.645e-4,2.255e-4,3.134e-4,4.619e-4,4.087e-4
MMR,MMR.6_1,BANA,0.13227372829765016,0.11936981654052274,0.11946433742163069,0.10519215083513489,0.09028960787702248,0.07647355002525576,2084.827079773844,2035.2222088335998,1972.7497625416277,1991.141217225934,1990.332503444506,1987.8871897540698,6.345e-5,5.865e-5,6.056e-5,5.283e-5,4.536e-5,3.847e-5
MOZ,MOZ.10_1,BANA,5.863242320755714,6.154706705647329,6.162974891273616,6.744904379351799,6.97344361330966,7.25865401204164,11352.338631530429,9778.13517491529,9934.33840639332,7948.483638437276,8298.946161783333,8360.27928560636,5.165e-4,6.294e-4,6.204e-4,8.486e-4,8.403e-4,8.682e-4
MOZ,MOZ.11_1,BANA,84.2693810681466,90.40531962098997,98.0115590572306,106.90818918031208,109.68149153978551,111.77845892573193,204219.46841740806,175414.77738188204,178099.92508881475,141799.09946045498,148038.78059681857,149262.5616298783,4.126e-4,5.154e-4,5.503e-4,7.539e-4,7.409e-4,7.489e-4
MOZ,MOZ.1_1,BANA,13.424770681821286,12.595609565181649,11.694570650345339,10.808613773449599,10.07113042141385,9.401262133296791,12166.9273689546,10454.390317707355,10613.691723057209,8453.578685869596,8824.849319555704,8897.777852837318,0.001103,0.001205,0.001102,0.001279,0.001141,0.001057
MOZ,MOZ.2_1,BANA,10.150315566187684,10.143876842395247,10.800835911055064,10.54170466071085,10.18393217355723,10.160390084510258,18413.514241540946,15815.246919816816,16057.066267594511,12782.696004261354,13345.151424327263,13455.764054545543,5.512e-4,6.414e-4,6.727e-4,8.247e-4,7.631e-4,7.551e-4
MOZ,MOZ.3_1,BANA,9.32237785097174,8.731900044805169,8.104174544088298,7.3553052932212895,6.719182196340608,6.0959348786075855,4111.119013920551,3531.013225885242,3585.003360823196,2853.946503798252,2979.523899920662,3004.2199835310485,0.002268,0.002473,0.002261,0.002577,0.002255,0.002029
MOZ,MOZ.4_1,BANA,101.95894229392879,108.22470429741617,128.60355806557104,129.84511720308075,149.6358550792696,162.03798185502816,55572.213864401354,47739.702167818185,48469.42663212009,38595.859359424336,40293.842617370756,40625.82369582182,0.001835,0.002267,0.002653,0.003364,0.003714,0.003989
MOZ,MOZ.5_1,BANA,0.028783456756486824,0.02707213001147448,0.025360803266462142,0.023649476521449796,0.021938149776437457,0.020226823031425114,4.219545089014466,3.624139672453943,3.6795537356229437,2.9292160877940088,3.0581054445130267,3.08345285916175,0.006821,0.00747,0.006892,0.008074,0.007174,0.00656
MOZ,MOZ.6_1,BANA,1.4949590431100586,1.473585983201941,1.381153111384352,1.6142738417754587,1.5635905734604167,1.761922410121689,1405.7310377106635,1207.3829047317265,1225.8430592157777,975.882162974002,1018.8192316586544,1027.2632468314762,0.001063,0.00122,0.001127,0.001654,0.001535,0.001715
MOZ,MOZ.7_1,BANA,10.237833374336553,12.110926948419943,12.037160850339985,11.861894492138815,13.42846333693771,13.437392481097223,51865.94488840154,44547.32075472825,45228.46118236546,36005.435887219726,37589.72237575479,37901.28857151766,1.974e-4,2.719e-4,2.661e-4,3.294e-4,3.572e-4,3.545e-4
MOZ,MOZ.8_1,BANA,1.1047525834920289,1.1124074366406758,1.099542271128343,1.147465538053965,1.1671362810037105,1.1685999972822179,7496.2583454219985,6562.041431676628,6692.219466872097,5505.750444147981,5750.893894572617,5765.742258174306,1.474e-4,1.695e-4,1.643e-4,2.084e-4,2.029e-4,2.027e-4
MOZ,MOZ.9_1,BANA,70.54710983970125,66.12193604073315,71.06630181474308,69.84029272081877,86.16095840375283,82.75296399319073,45528.75410196767,39104.34904651769,39702.264983565205,31606.146198060913,32996.85815980737,33270.35593843447,0.00155,0.001691,0.00179,0.00221,0.002611,0.002487
MRT,MRT.6_1,BANA,0,0,0,0,0,0,2.091580118649596,2.0342765537550864,2.062928336202341,2.148883683544106,2.2133501940504283,2.1729535684483356,0,0,0,0,0,0
MTQ,MTQ.1_1,BANA,0,0,0,0,0,0,778.5717297685525,840.0823462997155,827.7141614721488,779.7461568144934,774.0942266559022,787.3693260688522,0,0,0,0,0,0
MTQ,MTQ.2_1,BANA,0.25808964927612,0.16365041327623242,0.07893572143169443,0.02140108808887917,0.00311190033416646,0,2707.9308080533306,2921.8693408287327,2878.85186735301,2712.015553309185,2692.3577167653834,2738.529507116652,9.531e-5,5.601e-5,2.742e-5,7.891e-6,1.156e-6,0
MTQ,MTQ.3_1,BANA,0.09181877730125407,0.06001611818438703,0.03314302672078724,0.00985324049449368,0,0,1022.4163266834654,1103.1917468551203,1086.9499111762136,1023.9585781425901,1016.5364929955526,1033.9692841684107,8.981e-5,5.44e-5,3.049e-5,9.623e-6,0,0
MTQ,MTQ.4_1,BANA,1.3179051834385265,0.8007059600347503,0.2899723279151955,0.02041417439141385,0.00311141846370481,0,330.55644405323926,356.67186784098453,351.4207354922553,331.0550678964419,328.65544065102864,334.29161968067626,0.003987,0.002245,8.251e-4,6.166e-5,9.467e-6,0
MUS,MUS.12_1,BANA,0,0,0,0,0,0,2284.689822063034,2769.094630915936,2824.1145128230123,3231.0892528824047,3115.3320183113287,3052.468384242444,0,0,0,0,0,0
MUS,MUS.2_1,BANA,0,0,0,0,0,0.02083834146909968,164.12708945141966,198.92566500663767,202.8781722538644,232.11434204862493,223.7985970360524,219.282611893374,0,0,0,0,0,9.503e-5
MUS,MUS.3_1,BANA,0,0,0,0,0,0,3324.0713935173867,4028.8480999397098,4108.898360485306,4701.019478306908,4532.600418391396,4441.138021315439,0,0,0,0,0,0
MUS,MUS.4_1,BANA,0,0,0,0,0,0,502.19587096161433,608.6725106046326,620.7663875273123,710.2231847125647,684.7786781217153,670.9606722120427,0,0,0,0,0,0
MUS,MUS.5_1,BANA,0,0,0,0,0,0,326.03025317374767,395.15588280792,403.00734074086427,461.0835295764545,444.564718082025,435.59393949625047,0,0,0,0,0,0
MUS,MUS.6_1,BANA,0,0,0,0,0,0.00748353904528353,171.82554256237367,208.25636056541214,212.3942618984975,243.00176705941325,234.29596838003945,229.56815897369518,0,0,0,0,0,3.26e-5
MUS,MUS.7_1,BANA,0,0,0,0,0,0,25.161524830608617,30.496324989613413,31.10226462807689,35.584319447311934,34.30947307479531,33.61714938416047,0,0,0,0,0,0
MUS,MUS.8_1,BANA,0,0,0,0,0,0,9.14765295014158,11.08715783871536,11.307451543437711,12.936934743120249,12.473455194124769,12.221755947210111,0,0,0,0,0,0
MUS,MUS.9_1,BANA,0,0,0,0,0,0,56.98697230637968,69.06947171640937,70.44183152484393,80.59299428540567,77.70566391037542,76.13765754943884,0,0,0,0,0,0
MWI,MWI.11_1,BANA,0.011006101655193508,0.012042467025304955,0.011649989899173508,0.011078484711018808,0.010343764389992615,0.009609044068966423,835.808333046613,962.1234804032264,1038.0185805504493,1181.353194580102,1240.1348899892678,1184.2609330592254,1.317e-5,1.252e-5,1.122e-5,9.378e-6,8.341e-6,8.114e-6
MWI,MWI.12_1,BANA,0.0033607758098412746,0.005468493314295124,0.008547148228347573,0.014156520479853585,0.01575335462558209,0.025538504746001757,796.1852518861115,929.1017344669294,1004.744987273332,1156.333134937991,1214.0420429235587,1157.6781966251854,4.221e-6,5.886e-6,8.507e-6,1.224e-5,1.298e-5,2.206e-5
MWI,MWI.13_1,BANA,0.030145707982469738,0.031242601186093136,0.03362723139827816,0.03792369422533288,0.06351641113199685,0.059109990453323914,2812.188620906378,3282.8388439655237,3550.330040613135,4087.160294637966,4291.1531499136845,4091.7777458457012,1.072e-5,9.517e-6,9.472e-6,9.279e-6,1.48e-5,1.445e-5
MWI,MWI.14_1,BANA,3.039815460025686e-4,2.8376403728224835e-4,2.6354652856192814e-4,2.433290198416079e-4,2.2311151112128767e-4,2.0289400240096743e-4,37.5852898403038,38.87513508153731,41.121147862625094,42.31878916954874,44.36444711564233,42.94643237498598,8.088e-6,7.299e-6,6.409e-6,5.75e-6,5.029e-6,4.724e-6
MWI,MWI.15_1,BANA,0.0030810560412180515,0.0028554230380734937,0.002633091483464385,0.0024159935753912494,0.002200827865318637,0.0019856621552460144,335.24027747342495,293.7919619329019,299.75108317728717,247.13736799662502,258.17479002197945,258.7285967842629,9.191e-6,9.719e-6,8.784e-6,9.776e-6,8.525e-6,7.675e-6
MWI,MWI.16_1,BANA,0,0,0,0,0,0,30.175056856948892,27.27942922123855,28.037779631618275,24.3002754924657,25.40744846326436,25.249086655371006,0,0,0,0,0,0
MWI,MWI.17_1,BANA,0.023935721671193934,0.01975762882606817,0.015596046810159626,0.011524536149886407,0.00745230074766734,0.003856702959620339,616.8248546021654,720.557414766417,779.3618330338992,897.7080159866407,942.5198654393497,898.6641917382453,3.88e-5,2.742e-5,2.001e-5,1.284e-5,7.907e-6,4.292e-6
MWI,MWI.18_1,BANA,0.003746244593228054,0.0035446724040066177,0.003343100214785171,0.003141528025563724,0.0029399558363422773,0.0029022173702791705,396.1695185894538,462.77693633403845,500.5408318456683,576.5308283664331,605.3099057178771,577.146892530828,9.456e-6,7.66e-6,6.679e-6,5.449e-6,4.857e-6,5.029e-6
MWI,MWI.19_1,BANA,0.058997864998667625,0.05916477309033047,0.05675285556958633,0.06585420711172481,0.09226402455184747,0.0924077084153262,698.8445258380623,816.1157944011097,882.4876126006518,1016.0763622657238,1066.7031075113282,1017.1826609239621,8.442e-5,7.25e-5,6.431e-5,6.481e-5,8.649e-5,9.085e-5
MWI,MWI.1_1,BANA,9.215552430541552e-5,8.382834769965344e-5,7.550117109389134e-5,6.717399448812926e-5,5.8846817882367164e-5,5.164527238062579e-5,349.6536349449742,408.4555240922139,441.78942502801715,508.87519944606987,534.2772660665087,509.4172176943624,2.636e-7,2.052e-7,1.709e-7,1.32e-7,1.101e-7,1.014e-7
MWI,MWI.20_1,BANA,0.0016084295130866773,0.0014938870458021513,0.0014767671026206307,0.0014418168732659884,0.0018425434406481541,0.0016960720368670637,1312.241244361951,1532.923246416786,1658.0245331525016,1909.7957470144268,2005.1290602706024,1911.829927785115,1.226e-6,9.745e-7,8.907e-7,7.55e-7,9.189e-7,8.871e-7
MWI,MWI.21_1,BANA,0.017242252517715734,0.016161114032104122,0.01480201391620775,0.015260842462550916,0.014075404839599072,0.012733925991550439,553.8493202550252,623.2290672946258,669.7141769955659,747.574244235729,784.576129459751,751.1220894582927,3.113e-5,2.593e-5,2.21e-5,2.041e-5,1.794e-5,1.695e-5
MWI,MWI.22_1,BANA,0.0021489094903361016,0.0019368717863881251,0.0017248340824401486,0.001512796378492172,0.0013007586745441952,0.001128803201360348,140.01220540589932,141.83363849423444,149.40749196406426,150.30270323757452,157.5170056783652,152.97844845734926,1.535e-5,1.366e-5,1.154e-5,1.006e-5,8.258e-6,7.379e-6
MWI,MWI.23_1,BANA,8.78686443704541e-4,9.700681410797949e-4,8.973880228026653e-4,8.247079045255358e-4,7.520277862484062e-4,6.793476679712767e-4,745.7979818864959,871.2201879620205,942.3201382034609,1085.4115583231178,1139.5932058962967,1086.5676627513924,1.178e-6,1.113e-6,9.523e-7,7.598e-7,6.599e-7,6.252e-7
MWI,MWI.24_1,BANA,0,0,0,0,0,0,10.229705287303288,9.34863282246998,9.632455260714798,8.485622253224351,8.874659530088937,8.795897387886207,0,0,0,0,0,0
MWI,MWI.25_1,BANA,0.0014801146667329096,0.0021788301275517835,0.0020378602485427526,0.0028609042923703793,0.0029545800386740154,0.002978312453823139,603.3051190951595,704.7626043562053,762.2767109045784,878.0261638832611,921.8550041880053,878.9615115083164,2.453e-6,3.0920000000000002e-06,2.673e-6,3.258e-6,3.205e-6,3.388e-6
MWI,MWI.26_1,BANA,0.003542609876429593,0.003285325745516146,0.003028480331716947,0.0027716349179177377,0.0025147895041185285,0.0022579440903193193,691.7297187077135,808.0591664073015,874.0045695528534,1006.7222628060399,1056.9758928039548,1007.7945529038816,5.121e-6,4.066e-6,3.465e-6,2.753e-6,2.379e-6,2.24e-6
MWI,MWI.27_1,BANA,0.0015511388264561608,0.0014398601521454298,0.0013285814778346986,0.0012997162677915862,0.0011842112619799517,0.001071702503545328,598.7777492477794,691.6735097265347,746.683831739111,852.2417737607698,894.6804233877618,854.0529457701994,2.591e-6,2.082e-6,1.779e-6,1.525e-6,1.324e-6,1.255e-6
MWI,MWI.28_1,BANA,0.014520497905648758,0.013961444679612202,0.021633638290849896,0.020900647583798507,0.019393935977920055,0.0211031460986379,612.2778402381576,715.176297971764,773.528779417593,890.9195735708861,935.3916351160856,891.8765576970065,2.372e-5,1.952e-5,2.797e-5,2.346e-5,2.073e-5,2.366e-5
MWI,MWI.2_1,BANA,0.006815382156566493,0.006380006710979168,0.013315280717773409,0.014009052274169506,0.013945971042502016,0.012989976495403822,399.9007382579385,467.1527743611616,505.2769357054088,582.0032958377916,611.0557757194591,582.6232050164151,1.704e-5,1.366e-5,2.635e-5,2.407e-5,2.282e-5,2.23e-5
MWI,MWI.3_1,BANA,0.0048765662476746114,0.005050917060958129,0.004856187217684179,0.005270629083397571,0.005705780092251284,0.0071564607720502335,123.65031662112995,140.64228500371806,151.4197186380704,170.59844688735646,179.06389157028335,171.22047826735087,3.944e-5,3.591e-5,3.207e-5,3.089e-5,3.186e-5,4.18e-5
MWI,MWI.4_1,BANA,0.0024174495959747903,0.002280426182754602,0.0021434027695344244,0.005525614550418658,0.005499577206424561,0.005324689604442077,128.99731388106625,150.69102729640042,162.98886507684526,187.73874276915592,197.11029802720486,187.93870893886344,1.874e-5,1.513e-5,1.315e-5,2.943e-5,2.79e-5,2.833e-5
MWI,MWI.5_1,BANA,0.003221038006280316,0.0034522380573530913,0.005943621488156168,0.005568843314375309,0.005823733229767426,0.0073128451429053404,742.746470180705,839.465589987659,882.3969374360454,970.2234958836906,1008.2704793162364,973.9183213628174,4.337e-6,4.112e-6,6.736e-6,5.74e-6,5.776e-6,7.509e-6
MWI,MWI.6_1,BANA,0.002820752452430604,0.0030295998378282118,0.004324567423686068,0.00521871943823988,0.008099320557184878,0.008016516221035235,1080.9067976248718,1247.3975059276488,1346.3815998001114,1535.4948301650065,1611.9407387022677,1538.9005628112625,2.61e-6,2.429e-6,3.212e-6,3.399e-6,5.025e-6,5.209e-6
MWI,MWI.7_1,BANA,0,0,0,0,7.784133621568565e-5,7.384947282000945e-5,339.9196705227272,397.08458112973176,429.49050370828184,494.70868552565423,519.403587146153,495.23561459477696,0,0,0,0,1.499e-7,1.491e-7
MWI,MWI.8_1,BANA,0.005794075422272286,0.00855414144760773,0.008125297676754198,0.012423457550680977,0.011560191646234412,0.0111542544397474,1284.4190340062435,1500.4221242304466,1622.8710066690976,1869.3041535378732,1962.6162046924987,1871.2952054970362,4.511e-6,5.701e-6,5.007e-6,6.646e-6,5.89e-6,5.961e-6
MWI,MWI.9_1,BANA,8.475346132862952e-4,0.0011099961143543585,0.0011895167043746249,0.0013202253861746053,0.001696026153363565,0.0015901323052979319,626.6595715783294,732.0460540234628,791.7880557983115,912.0211620905807,957.5474961384834,912.9925832036948,1.352e-6,1.516e-6,1.502e-6,1.448e-6,1.771e-6,1.742e-6
MYS,MYS.10_1,BANA,0.006462972130546985,0.0031254880177033454,0.00255817139438324,0.0019908547710631268,0.0014235381477430138,0.0010045598834131076,302.90787530432084,318.7784586852685,319.11428046358714,331.27853659012686,323.78889336285306,324.5261874773984,2.134e-5,9.805e-6,8.016e-6,6.01e-6,4.3970000000000004e-06,3.095e-6
MYS,MYS.11_1,BANA,0.2466743705212061,0.21658986441539374,0.18704427976137883,0.15821495558359774,0.1286018129262098,0.1008178858762558,945.0587750768573,994.5742724031811,995.6220210566062,1033.5739461530377,1010.2066003980984,1012.5069244555816,2.61e-4,2.178e-4,1.879e-4,1.531e-4,1.273e-4,9.957e-5
MYS,MYS.12_1,BANA,4.7721201128366066e-4,4.037947787784821e-4,3.3037754627330353e-4,2.5696031376812496e-4,1.835430812629464e-4,1.1012584875776784e-4,0.59540665532398,0.6266024469797661,0.6272625503911177,0.6511730513892539,0.6364511382694947,0.6379003901989485,8.015e-4,6.444e-4,5.267e-4,3.946e-4,2.884e-4,1.726e-4
MYS,MYS.13_1,BANA,134.60112384828975,126.01710628951776,117.67107504589903,111.60260706870916,122.3741109486981,114.39879087976372,30057.916620860706,31634.355040951767,31673.717756343616,32877.87968098641,32136.22780308172,32208.94475027405,0.004478,0.003984,0.003715,0.003394,0.003808,0.003552
MYS,MYS.14_1,BANA,392.6806757843361,342.3138578118447,293.5211386077466,254.99214790086043,223.54902435803524,205.37957061969036,13844.085866083919,14568.554312565644,14591.573258328186,15145.414562513879,14805.472345927341,14838.179929292392,0.02836,0.0235,0.02012,0.01684,0.0151,0.01384
MYS,MYS.15_1,BANA,24.343202430101222,21.463028833702648,18.442690967319948,15.485141416247787,12.652216738020993,9.858634785204584,3599.573631686355,3788.1700272080793,3792.1607297177693,3936.713378136637,3847.7109966549806,3856.472553121113,0.006763,0.005666,0.004863,0.003934,0.003288,0.002556
MYS,MYS.16_1,BANA,230.40862958866234,218.21005754698936,210.57054832887133,200.33712231765062,230.45844263022735,216.92913659070888,4753.589275521791,5002.649273978923,5007.919387218131,5198.815307008022,5081.278951484467,5092.849444302744,0.04847,0.04362,0.04205,0.03854,0.04535,0.04259
MYS,MYS.1_1,BANA,1346.8574884164243,1244.4061605171328,1132.7329888327558,1016.7523450089824,896.5312956348872,774.4448501857457,103013.83014677747,108411.14634099229,108525.35363123375,112662.21079687309,110115.11018253873,110365.8514041319,0.01307,0.01148,0.01044,0.009025,0.008142,0.007017
MYS,MYS.2_1,BANA,0.7354081313525327,0.705875925362252,0.7776473094351856,0.7344453090265752,0.756606083902049,0.7598021816011414,7324.042976887267,7707.779565556527,7715.899437430144,8010.020330005597,7828.9274190900405,7846.754534928845,1.004e-4,9.158e-5,1.008e-4,9.169e-5,9.664e-5,9.683e-5
MYS,MYS.3_1,BANA,29.93342000712859,30.401371550268273,29.582318924368888,28.729681395805127,29.128560837533463,27.98701409207734,9921.836390424105,10441.682008726853,10452.681949674152,10851.125730567886,10605.800267672603,10629.950552866716,0.003017,0.002912,0.00283,0.002648,0.002746,0.002633
MYS,MYS.5_1,BANA,0.19540219492059105,0.1813839319171352,0.29767895426164337,0.2769779586762407,0.25627696309083803,0.320213603037276,83.71631121380052,88.10255140689277,88.19536431404433,91.55726651137309,89.48731272537508,89.69108274451827,0.002334,0.002059,0.003375,0.003025,0.002864,0.00357
MYS,MYS.6_1,BANA,11.955440019356253,10.843643237040785,9.572926441414294,8.157547717639966,6.794006261631993,5.320218220314968,4222.717816637435,4443.96328652107,4448.644843925598,4618.221884535964,4513.811756987141,4524.090080026662,0.002831,0.00244,0.002152,0.001766,0.001505,0.001176
MYS,MYS.7_1,BANA,2.2963451487735362,2.082917801108892,1.8366633069228262,1.5977176603402004,1.3490079054133788,1.0901066820017178,7156.717949678092,7531.687695315044,7539.622060660849,7827.023469679437,7650.067805956715,7667.487643649802,3.209e-4,2.766e-4,2.436e-4,2.041e-4,1.763e-4,1.422e-4
MYS,MYS.8_1,BANA,94.15852434419935,86.7166080906364,79.87528473566068,72.28520189808884,66.08380224104329,59.06614423833464,35561.65826220335,37424.8790914672,37464.30487168362,38892.39953231706,38013.108649943824,38099.667645195615,0.002648,0.002317,0.002132,0.001859,0.001738,0.00155
MYS,MYS.9_1,BANA,382.12423839529396,378.4364841781024,360.7592580254359,339.3657271320258,322.3252747071772,297.4810189445466,24424.325159747445,25704.01552296997,25731.09378992205,26711.93242497757,26108.02114888528,26167.471274353073,0.01565,0.01472,0.01402,0.0127,0.01235,0.01137
NAM,NAM.4_1,BANA,0.02969188449066325,0.02710998149147514,0.02452807849228703,0.02194617549309892,0.01936427249391081,0.0167823694947227,7017.86288123967,7253.643917935449,7659.739912074547,8168.131036475883,8701.280162854471,8341.365543427337,4.231e-6,3.737e-6,3.202e-6,2.687e-6,2.225e-6,2.012e-6
NAM,NAM.7_1,BANA,0,0,0,0,0,0,6.015737308461604,6.217849661336187,6.565956608436847,7.001751309203587,7.458768658331793,7.1502485517710745,0,0,0,0,0,0
NCL,NCL.2_1,BANA,0.3388883290416734,0.6077956781854574,0.5634069256453671,0.5124172097074653,0.7963687601749575,0.8135632392615292,246.27298167436516,213.45741939542057,195.7578510424279,201.6969469329759,230.35170426772675,214.1653173994117,0.001376,0.002847,0.002878,0.002541,0.003457,0.003799
NCL,NCL.3_1,BANA,0.997973598800045,0.9237701757394194,0.8534075884052745,0.8188353243105795,0.8221177206167907,0.9410662677725314,344.0166482377051,298.1768664293815,273.452488876257,281.7487617679794,321.7763502892413,299.1657231727054,0.002901,0.003098,0.003121,0.002906,0.002555,0.003146
NER,NER.7_1,BANA,0,0,0,0,0,0,0.017677458075006366,0.01763296890413193,0.017745191898417584,0.017968682830671368,0.0179014108402698,0.017915956875784067,0,0,0,0,0,0
NGA,NGA.22_1,BANA,0,0,0,0,0,0,47.115600200193,46.4962745819445,46.7089383359799,46.7736117885357,46.6595934038269,46.670973450881604,0,0,0,0,0,0
NGA,NGA.24_1,BANA,6.293768974434099e-5,5.32549682452116e-5,4.3572246746082214e-5,3.388952524695283e-5,2.4206803747823456e-5,1.4524082248694072e-5,69.16090523027309,68.2517982634008,68.5639670074317,68.65890105271865,68.49153366981683,68.5082384205262,9.1e-7,7.803e-7,6.355e-7,4.936e-7,3.534e-7,2.12e-7
NGA,NGA.25_1,BANA,0,0,0,0,0,0,1.2702464733698515,1.25354932467377,1.259282784131556,1.2610263939907238,1.2579524344006876,1.2582592428585357,0,0,0,0,0,0
NGA,NGA.27_1,BANA,0,0,0,0,0,0,17.2422885077227,17.015641899281096,17.09346771040594,17.117135419678867,17.075409582037395,17.079574191078027,0,0,0,0,0,0
NGA,NGA.28_1,BANA,1.5526177850311588e-4,1.3838781697248962e-4,1.2151385544186336e-4,1.0463989391123709e-4,8.776593238061084e-5,7.089197084998458e-5,27.367374311720937,27.007635372952727,27.13116236898999,27.16872832541643,27.10250007406263,27.10911024152537,5.673e-6,5.124e-6,4.479e-6,3.851e-6,3.238e-6,2.615e-6
NGA,NGA.2_1,BANA,0,0,0,0,0,0,0.7425558465226577,0.7132067110765327,0.6955670067886275,0.6570275185829878,0.6307054936524182,0.6500949567793415,0,0,0,0,0,0
NGA,NGA.31_1,BANA,0,0,0,0,0,0,1.4429348846033705,1.423967779531967,1.4304806955955327,1.4324613470231704,1.4289694864911295,1.429318005173135,0,0,0,0,0,0
NGA,NGA.35_1,BANA,1.3738642166922235e-4,4.579547388974079e-5,0,0,0,0,0.12217387399566679,0.1173450148698943,0.11444272675367571,0.10810176452444675,0.10377096062297875,0.10696113929574214,0.001125,3.903e-4,0,0,0,0
NGA,NGA.8_1,BANA,0,0,0,0,0,0,21.705955421154293,20.848038769327662,20.332405316694235,19.205841682641434,18.43641174358295,19.003193116652735,0,0,0,0,0,0
NIC,NIC.10_1,BANA,0,0,0,0,0,0,46.77387347279803,47.33314731245134,40.82935113836578,41.299304873143235,46.77387347279803,41.427237864594744,0,0,0,0,0,0
NIC,NIC.11_1,BANA,0.15860738984784442,0.14793118721779858,0.13899336546743649,0.12846258453065582,0.11801062746173518,0.10760088274162745,10507.712181647308,10633.35258945359,9172.280131447007,9277.854851201691,10507.712181647308,9306.594892444831,1.509e-5,1.391e-5,1.515e-5,1.385e-5,1.123e-5,1.156e-5
NIC,NIC.12_1,BANA,0.00487032228097277,0.00369157127099612,0.003041757033970795,0.002391942796945473,0.001900674503477526,0.0016426745233494,6.401374877618075,3.9588327795649607,6.150328000466576,6.162379988108252,6.018331237147359,5.933191111732004,7.608e-4,9.325e-4,4.946e-4,3.882e-4,3.158e-4,2.769e-4
NIC,NIC.13_1,BANA,0.5922117385493612,0.510441013026561,0.4302974541503949,0.35078202692458127,0.2722294009399075,0.19432834802862817,6261.077440627504,6335.940960806625,5465.352991912232,5528.260262755751,6261.077440627504,5545.385172608575,9.459e-5,8.056e-5,7.873e-5,6.345e-5,4.348e-5,3.504e-5
NIC,NIC.14_1,BANA,0.020759972629058772,0.0192176141586865,0.01767525568831424,0.016132897217941977,0.014626619724427492,0.013156423207770811,1585.4016368059586,1604.3582378949143,1383.9119003504268,1399.8409942017743,1585.4016368059586,1404.1772862167315,1.309e-5,1.198e-5,1.277e-5,1.152e-5,9.226e-6,9.369e-6
NIC,NIC.15_1,BANA,0.2423479670322778,0.22664231699637757,0.21300966900224777,0.19719771116933366,0.19243168961330526,0.17605327350978162,3068.759491434548,3105.45255908791,2678.7488298962717,2709.5817474431183,3068.759491434548,2717.9752276626423,7.897e-5,7.298e-5,7.952e-5,7.278e-5,6.271e-5,6.477e-5
NIC,NIC.16_1,BANA,3.6354038139273315,3.10640518659625,2.6082954095858684,2.116853038451077,1.6264624596274764,1.1409754406187207,49.074022034864775,30.349081372501196,47.14945423237719,47.241846807159746,46.13754472926302,45.48484613395142,0.07408,0.1024,0.05532,0.04481,0.03525,0.02508
NIC,NIC.17_1,BANA,0.9509508821325191,0.8929160514796508,0.8348812208267823,2.894126483516337,35.22004910015826,44.25749552525374,3010.1409455809408,2949.5116618828447,2815.2085322577022,3179.6399854478777,3018.0036347581563,3068.4501730016686,3.159e-4,3.027e-4,2.966e-4,9.102e-4,0.01167,0.01442
NIC,NIC.18_1,BANA,0.005426719760595025,0.00480372333179772,0.00451258858441604,0.00422145383703436,0.00393031908965268,0.003639184342271,2846.9463780776823,2880.9872328099846,2485.1260909625685,2513.7303733055064,2846.9463780776823,2521.517164084366,1.906e-6,1.667e-6,1.816e-6,1.679e-6,1.381e-6,1.443e-6
NIC,NIC.1_1,BANA,1.118654546685914,1.300242875411168,1.2838725359244845,3.4089013046608114,5.3846450934557435,5.190017863515291,82.46062274509413,50.99651599658986,79.22671093335116,79.38196108277197,77.52636756778818,76.42961758882774,0.01357,0.0255,0.01621,0.04294,0.06946,0.06791
NIC,NIC.3_1,BANA,0.007069222061903528,0.006318811128409895,0.005568400194916262,0.004817989261422629,0.0040675783279290065,0.00332313557506397,3050.874494255998,3087.353711520209,2663.136848768893,2693.790069391014,3050.874494255998,2702.1346316779136,2.317e-6,2.047e-6,2.091e-6,1.789e-6,1.333e-6,1.23e-6
NIC,NIC.4_1,BANA,0.034034085838843785,0.025303047697890945,0.017532310877336903,0.010226339197897462,0.00392074391278739,8.078079199859206e-4,1012.9415775572178,1025.0532904294557,884.2061664357554,894.3835505636965,1012.9415775572178,897.1540854063556,3.36e-5,2.468e-5,1.983e-5,1.143e-5,3.871e-6,9.004e-7
NIC,NIC.5_1,BANA,1.9843822981473795,1.9261834148781034,2.8542503913465844,2.72563512715107,2.5761496200310154,2.604672407465528,27582.41958764717,24102.250383338924,24927.713514140334,25125.796169378937,27003.08765451326,24828.121785492694,7.194e-5,7.992e-5,1.145e-4,1.085e-4,9.54e-5,1.049e-4
NIC,NIC.8_1,BANA,0.09012014974444614,0.08407577945596759,0.07957819790919368,0.07349303003974467,0.0706823175550147,0.06454753756531328,10028.343869959032,10148.252484856566,8753.83505368562,8854.593389598524,10028.343869959032,8882.022292431093,8.987e-6,8.285e-6,9.091e-6,8.3e-6,7.048e-6,7.267e-6
NIC,NIC.9_1,BANA,0.21000185961581633,0.20686071268975714,0.1901087734402157,0.2648365481667679,0.7877747168825814,0.7537918598320392,87.89956901039787,54.3601494617477,84.45235450962267,84.61784466442143,82.63985972087131,81.47077019360938,0.002389,0.003805,0.002251,0.00313,0.009533,0.009252
NPL,NPL.1_1,BANA,2.6447054108692534,2.5235292582595386,2.2872335185034567,2.055159399350658,1.857265149884313,1.6410823406573596,7232.382285647843,9058.597157111291,9035.718606280672,11515.242448194214,10906.723078499586,10953.820252006539,3.657e-4,2.786e-4,2.531e-4,1.785e-4,1.703e-4,1.498e-4
NPL,NPL.2_1,BANA,0.28219040086064967,0.25165535254946836,0.21540822610820431,0.22074849930134852,0.18844910516055918,0.2223189156845565,10865.240205331218,13565.81566654204,13540.124304078494,17214.848002120336,16321.370217157499,16386.65855626133,2.597e-5,1.855e-5,1.591e-5,1.282e-5,1.155e-5,1.357e-5
NPL,NPL.3_1,BANA,1.931775524578794,1.7401719775498863,1.5748100082665992,1.6425342031836496,1.4798336971924517,1.2516603753923536,3721.8458206581713,4661.631622698529,4649.858124640963,5925.84231404994,5612.693038550238,5636.929647105833,5.19e-4,3.733e-4,3.387e-4,2.772e-4,2.637e-4,2.22e-4
NPL,NPL.4_1,BANA,3.7320047757393766,3.6361302595771288,3.16503567574493,2.6979995235527863,2.3274196267022904,2.030887204880405,5391.070465611227,6752.34434032659,6735.29050179766,8583.545644428246,8129.950871344537,8165.05744772269,6.923e-4,5.385e-4,4.699e-4,3.143e-4,2.863e-4,2.487e-4
NPL,NPL.5_1,BANA,6.956972109398302,7.155931629571635,6.494132501121048,6.042506414316749,5.976214672123726,5.417879277954355,6385.676806768004,7998.094055787131,7977.893930069017,10167.136321273358,9629.857196352212,9671.44063548049,0.001089,8.947e-4,8.14e-4,5.943e-4,6.206e-4,5.602e-4
OMN,OMN.2_1,BANA,0,0,0,0,0,0,58.25389138315978,58.159154204133664,58.19073326380904,58.20652279364673,60.12021380997431,59.59090455913151,0,0,0,0,0,0
OMN,OMN.9_1,BANA,0,0,0,0,0,0,9.42757400026664,9.412242118659442,9.417352745861841,9.41990805946304,9.72961206792846,9.643950801138159,0,0,0,0,0,0
PAK,PAK.2_1,BANA,0,0,0,0,0,0,597.5480652858848,562.1277792286262,853.5156567586896,1155.3641195518064,1232.0130484342646,1150.8000260407796,0,0,0,0,0,0
PAK,PAK.3_1,BANA,0,0,0,0.05853797572183996,0.05859563043371735,0.05543678028465929,26.846674240662523,25.25530956803932,38.346801081755494,51.90826637873463,55.35195391476332,51.70321051994636,0,0,0,0.001128,0.001059,0.001072
PAK,PAK.4_1,BANA,0,0,0,0,0,0,0.12855068353138405,0.12093070741890292,0.18361706355550558,0.24855380834504529,0.26504331399690334,0.2475719336229458,0,0,0,0,0,0
PAK,PAK.5_1,BANA,0.0010171535816791157,9.43255257262739e-4,8.892237129726476e-4,0.013049293638871945,0.015726402619676685,0.01689249093986005,229.28550511363483,215.6943671755972,327.5029739886845,443.3254178722274,472.73642159930887,441.57412697722464,4.436e-6,4.373e-6,2.715e-6,2.944e-5,3.327e-5,3.826e-5
PAK,PAK.7_1,BANA,1.9337796526855877e-4,1.7000771105102512e-4,1.466374568334914e-4,1.232672026159577e-4,9.989694839842401e-5,7.652669418089033e-5,14.320753663131411,13.499011713967514,20.319035321458816,27.390314616688833,29.19126512902701,27.286291096869682,1.35e-5,1.259e-5,7.217e-6,4.5e-6,3.422e-6,2.805e-6
PAK,PAK.8_1,BANA,9.113938108240784e-4,6.822600324929587e-4,4.709544440364941e-4,2.5964885558002937e-4,6.760923714401459e-4,5.683715540583885e-4,2605.5064702285636,2451.062351234754,3721.6095161519697,5037.768279815177,5371.982867295746,5017.867328135216,3.498e-7,2.784e-7,1.265e-7,5.154e-8,1.259e-7,1.133e-7
PAN,PAN.10_1,BANA,55.545980923007654,51.23158287077358,45.98587423517474,42.84738099006558,37.792662919270676,33.57717247129648,10689.418091902995,10583.516314346201,9934.359361090888,9312.565792075196,9782.480264987622,9686.140143354804,0.005196,0.004841,0.004629,0.004601,0.003863,0.003467
PAN,PAN.11_1,BANA,2.3222580824871075,2.5669015199607625,2.4280392820328136,2.427331595569281,2.390078333580281,2.563717657188832,9254.743492275358,9163.055265822084,8601.024569955143,8062.684696174213,8469.529846464153,8386.11996333855,0.00025090000000000003,2.801e-4,2.823e-4,3.011e-4,2.822e-4,3.057e-4
PAN,PAN.12_1,BANA,11.524507206902744,12.85661396038072,12.781489799005723,13.273431263649666,13.93499040596511,14.751871963888158,19341.71555745593,19150.094082748714,17975.49233791475,16850.402623586266,17700.678288104304,17526.3579262874,5.958e-4,6.714e-4,7.111e-4,7.877e-4,7.873e-4,8.417e-4
PAN,PAN.13_1,BANA,12.604313173918639,14.79437677745926,17.128406245147982,19.291413546221687,19.722521310580387,22.10388150962552,28446.26897347659,28164.44722946307,26436.93567181421,24782.24250160353,26032.76085312369,25776.38422070621,4.431e-4,5.253e-4,6.479e-4,7.784e-4,7.576e-4,8.575e-4
PAN,PAN.1_1,BANA,90.85244812639398,78.16534204728706,65.37960173053365,54.20392485585358,43.31665671212142,33.58289388537643,21196.887822516357,20829.04217964865,19790.270273514638,21321.599285050805,20747.27208105667,20953.700227109133,0.004286,0.003753,0.003304,0.002542,0.002088,0.001603
PAN,PAN.2_1,BANA,166.9164744022864,174.29852145980917,171.9269640062319,175.20201100384458,168.90128385430268,169.14592648616775,109397.32988114243,108308.43637966953,101672.8453401345,95398.21072912925,100158.95437634554,99185.77657513971,0.001526,0.001609,0.001691,0.001837,0.001686,0.001705
PAN,PAN.3_1,BANA,0.8482565718167147,0.9471416020683305,1.1713222080448946,3.67742069575569,3.685143009719515,3.6299356299401264,35647.82057764032,35294.65190814489,33129.79780688171,31056.197037033256,32623.30075336253,32302.018964132476,2.38e-5,2.684e-5,3.536e-5,1.184e-4,1.13e-4,1.124e-4
PAN,PAN.4_1,BANA,21.609611244974023,22.53280988705304,22.06241868359975,23.264526163567098,22.613245933068274,22.09805716679586,7293.366183341812,7221.1096361146465,6778.191291088941,6353.9429222545705,6674.5645217033225,6608.831871041257,0.002963,0.00312,0.003255,0.003661,0.003388,0.003344
PAN,PAN.5_1,BANA,8.966651569131452,9.023448108374435,8.536996576157128,8.511670765787898,9.35158765786533,8.961424575767262,18493.000700529017,18309.787579879492,17186.72738258052,16111.006626920138,16923.972178650292,16757.300997719096,4.849e-4,4.928e-4,4.967e-4,5.283e-4,5.526e-4,5.348e-4
PAN,PAN.6_1,BANA,4.3407925444785835,4.3073045607595954,4.354126039841805,4.23555179940991,5.409564239098205,5.163504488114333,1254.836399966333,1242.4045347182082,1166.1996592766686,1093.206985872221,1148.370492473966,1137.0610750330281,0.003459,0.003467,0.003734,0.003874,0.004711,0.004541
PAN,PAN.7_1,BANA,0.26623778976648604,0.2808407887278028,0.3091457160692713,0.6184694956387681,1.5100093876333236,1.4884355501511146,6034.917489506827,5975.128595101858,5608.634496269391,5257.588924634571,5522.888218456721,5468.497541622451,4.412e-5,4.7e-5,5.512e-5,1.176e-4,2.734e-4,2.722e-4
PAN,PAN.8_1,BANA,0.4567666543487744,0.3866168333517965,0.3189935797740089,0.2529246164627594,0.1875524374010246,0.12357442953473416,2.3968883959637073,2.3731420386264372,2.2275815642358414,2.0881567819469447,2.193525711998653,2.1719233649277356,0.1906,0.1629,0.1432,0.1211,0.0855,0.0569
PAN,PAN.9_1,BANA,2.1859397474886855,2.724057815255835,2.698709221315445,2.8039449175809077,3.0678257906977597,3.9796999360164382,24645.820995839407,24401.650898798955,22904.93649109384,21471.311866575415,22554.75980388891,22332.63532788227,8.869e-5,1.116e-4,1.178e-4,1.306e-4,1.36e-4,1.782e-4
PER,PER.10_1,BANA,3024.8045089276975,3315.3354637042207,3570.2563642197874,4010.5182509747806,3989.0279153943225,4120.735042929009,95982.65113936659,96439.36783784878,100030.41499803225,99646.15140940345,96693.43485594589,98604.85353440979,0.03151,0.03438,0.03569,0.04025,0.04125,0.04179
PER,PER.11_1,BANA,0,0,0,0,0,0,5.997375454085614,6.025912918767342,6.250295740426193,6.226285432448816,6.041788030362413,6.161221025061166,0,0,0,0,0,0
PER,PER.12_1,BANA,321.90825854954966,374.5780221098064,368.4381039956295,364.59972336437517,361.7230892497318,344.541235201016,12948.76857836629,13010.383034357243,13494.841820181962,13443.001823857812,13044.658551668785,13302.523049366999,0.02486,0.02879,0.0273,0.02712,0.02773,0.0259
PER,PER.13_1,BANA,0.022239969603028726,0.01915221206088972,0.016064454518750708,0.01297669697661172,0.00988893943447271,0.006801181892333702,90.9411094590608,91.37383686110078,94.77626228892848,94.41218235719288,91.61455886896822,93.42557922730238,2.446e-4,2.096e-4,1.695e-4,1.374e-4,1.079e-4,7.28e-5
PER,PER.14_1,BANA,0.011742765911253563,0.010956173275887677,0.010171349227440432,0.09208432995136677,0.0870608437436429,0.08203797581175863,2443.9606534969657,2455.5898138466296,2547.0269419125875,2537.242620683361,2462.0590016447354,2510.7285475165413,4.805e-6,4.462e-6,3.993e-6,3.629e-5,3.536e-5,3.267e-5
PER,PER.16_1,BANA,0,0,0,0,0,0,69.5265924501468,69.85742260938507,72.45865595115647,72.18030837893497,70.04146018088966,71.42602734882708,0,0,0,0,0,0
PER,PER.17_1,BANA,3361.896356382583,3616.3321697781075,4054.0778165520796,4511.1943431071295,5342.901638786821,5983.96341448695,14675.223409391276,14751.05684528355,15294.043853545876,15241.049905831662,14797.547695520248,15084.310006265141,0.2291,0.2452,0.2651,0.296,0.3611,0.3967
PER,PER.18_1,BANA,495.6804117136257,640.5422702502026,663.0608313310373,711.2096746463131,923.1006761759255,924.6558389907731,7618.908961231995,7674.268763812829,7945.7433688379715,7915.701108548065,7718.572697093663,7846.983551407585,0.06506,0.08347,0.08345,0.08985,0.1196,0.1178
PER,PER.1_1,BANA,124.79133206213315,149.72357957416602,157.15876499858757,166.05705719128187,183.9282411227785,194.69686422858288,152160.53501177792,152884.6961652768,158577.3922931049,157968.44013398536,153287.6354124354,156317.7019338041,8.201e-4,9.793e-4,9.911e-4,0.001051,0.0012,0.001246
PER,PER.20_1,BANA,853.5439162171446,933.5422275130991,958.0351491514133,993.1063840236932,973.5653692328502,1007.8110437063926,23740.682005003957,23853.647898072464,24741.869964069574,24646.824874613856,23916.48971597396,24389.26664477484,0.03595,0.03914,0.03872,0.04029,0.04071,0.04132
PER,PER.21_1,BANA,2.737385399134021,2.4975772394472813,2.4039554687300355,2.93503302131751,2.6021216347565908,2.29546166231172,108638.78221636078,109157.3086865932,113219.90918420938,112787.60174547248,109446.91041780719,111609.27762609789,2.52e-5,2.288e-5,2.123e-5,2.602e-5,2.378e-5,2.057e-5
PER,PER.22_1,BANA,201.98791500871147,221.25986057597237,220.36156558358985,221.6570414138147,233.79408742038368,231.7469568547111,1400.0248769540021,1406.6866510559382,1459.0664853165263,1453.4615288269747,1410.3925306240383,1438.2729201356638,0.1443,0.1573,0.151,0.1525,0.1658,0.1611
PER,PER.23_1,BANA,2279.217689060398,2818.290438014251,2955.366154866094,3048.759806945582,4118.910820446939,4130.553194362096,309964.45714970713,311439.3689367413,323036.22493511386,321795.2917744036,312259.84789214924,318432.5452079965,0.007353,0.009049,0.009149,0.009474,0.01319,0.01297
PER,PER.25_1,BANA,2.505256386628703,2.290087742512821,2.0749222180597178,3.3994052929926086,3.1052972310243625,2.969076988221298,63814.60040989482,64244.305358577934,66476.4778597419,66429.36427204924,64574.687972579435,65759.10305608659,3.926e-5,3.565e-5,3.121e-5,5.117e-5,4.809e-5,4.515e-5
PER,PER.26_1,BANA,5469.651441693752,5970.102275829783,9132.120668540547,11217.300354903435,13142.809084641649,14552.10621465133,91604.98389583905,92041.39795036262,95468.28629262575,95101.56125986727,92284.54389192427,94108.14086235002,0.05971,0.06486,0.09566,0.118,0.1424,0.1546
PER,PER.2_1,BANA,0,0,0,2.867509058612974e-5,2.7204573120174365e-5,2.5734055654218997e-5,13.235315735867704,13.298293676511147,13.793473195134858,13.740486016088145,13.33332768695646,13.596898544945907,0,0,0,2.087e-6,2.04e-6,1.893e-6
PER,PER.3_1,BANA,4.018159721292416,3.489257536394331,2.958128410887663,2.4245704380666093,1.8931546277194002,1.3606889653712873,232.04364748969002,233.14778669950806,241.82935228938265,240.90037269104425,233.76200850820217,238.3829744511691,0.01732,0.01497,0.01223,0.01006,0.008099,0.005708
PER,PER.5_1,BANA,4.888195648035938,4.909504040720963,4.750954664390889,4.54590036037769,4.4557277169766385,4.351914991248648,783.5268068414672,787.2550824427875,816.5695646042586,813.4327391570578,789.3290855782532,804.9324030100605,0.006239,0.006236,0.005818,0.005589,0.005645,0.005407
PER,PER.6_1,BANA,1.9540730136440316,2.1330158512738,2.0560436020620587,2.037474791153444,1.9182586194352826,1.8290438075903261,8407.999436958908,8449.476218063863,8762.238729688526,8731.005442508322,8473.613659593357,8640.045568751131,2.324e-4,2.524e-4,2.346e-4,2.334e-4,2.264e-4,2.117e-4
PER,PER.8_1,BANA,53.92646491723404,61.22456221109148,62.395053504587075,62.69345546214552,75.29221357056328,82.07300687361757,9885.72839201619,9932.767905716824,10302.62762981372,10263.05042056775,9958.935525640454,10155.801997595725,0.005455,0.006164,0.006056,0.006109,0.00756,0.008081
PER,PER.9_1,BANA,3.1758495009132006,2.865332165154411,2.5503949728238826,2.23490420873379,2.40443411293904,2.0637296533839438,217.62539608847106,218.6609285646796,226.8030568694351,225.93180029665822,219.23698512063072,223.5708229762617,0.01459,0.0131,0.01124,0.009892,0.01097,0.009231
PHL,PHL.10_1,BANA,0.46965860165642326,0.39270974796751823,0.3158619316738262,0.23940814277518507,0.1633246847122291,0.08724843210601801,331.5755294608251,330.84639310753187,328.47954117114904,326.90407279196234,314.082786813695,318.2210985301563,0.001416,0.001187,9.616e-4,7.323e-4,5.2e-4,2.742e-4
PHL,PHL.12_1,BANA,0.15758077470005144,0.10032127982496868,0.06255182477821623,0.043114641625800976,0.027907240143113236,0.018938636267647968,42109.195480555034,42016.597135668926,41716.01334100609,41515.93311777465,39887.66447428072,40413.218870020675,3.742e-6,2.388e-6,1.499e-6,1.039e-6,6.996e-7,4.686e-7
PHL,PHL.13_1,BANA,0.27378039914255864,0.23099390892114696,0.20187806986381068,0.177392598743692,0.15347456979725183,0.13131068405568283,3423.481149381593,3415.952896120903,3391.5154082255813,3375.2488691768067,3242.8704909267476,3285.598107692098,7.997e-5,6.762e-5,5.952e-5,5.256e-5,4.733e-5,3.997e-5
PHL,PHL.14_1,BANA,0.041420150106326645,0.03232227036124152,0.02414766822819613,0.01795675522173163,0.01282625372980831,0.00769575223788498,9808.819068948995,9787.249423632658,9717.232126383,9670.625899725017,9291.340749832987,9413.762181063717,4.223e-6,3.302e-6,2.485e-6,1.857e-6,1.38e-6,8.175e-7
PHL,PHL.15_1,BANA,0.15090399802973933,0.15936426072425308,0.45297716064537596,0.4406506458711118,0.41622987590697985,0.3975961301060018,19350.841584067955,19308.288980476533,19170.158832729005,19078.214052980256,18329.960180708913,18571.473221737462,7.798e-6,8.254e-6,2.363e-5,2.31e-5,2.271e-5,2.141e-5
PHL,PHL.16_1,BANA,7.036032089409286,6.234433222732868,5.369982463721786,4.583405057106101,3.822425582277201,3.1393388754547624,171710.55015389904,171332.95774059644,170107.25375456954,169291.37767776698,162651.7137900588,164794.79046009353,4.098e-5,3.639e-5,3.157e-5,2.707e-5,2.35e-5,1.905e-5
PHL,PHL.17_1,BANA,0.16450094981353247,0.1310389546740272,0.10032726421375182,0.07367185669162929,0.054372581421273,0.04050097781306686,13217.539897659486,13188.47445710614,13094.125034059563,13031.322401448939,12520.229621976885,12685.194450081735,1.245e-5,9.936e-6,7.662e-6,5.653e-6,4.343e-6,3.193e-6
PHL,PHL.18_1,BANA,1.2361113536744155,1.0535489624741938,0.8718091755414892,1.3679701811543903,1.4960019703967244,1.4061156453239507,24629.3964869376,24575.236313032423,24399.426792764625,24282.401162354807,23330.037348461028,23637.430720393524,5.019e-5,4.287e-5,3.573e-5,5.634e-5,6.412e-5,5.949e-5
PHL,PHL.19_1,BANA,26.809690075178153,27.1921162074388,26.62681602487492,26.733935228519886,26.000757590974594,27.182085944432576,64064.15787143308,63923.28044744724,63465.97777388354,63161.57939101798,60684.361333454544,61483.93015433734,4.185e-4,4.254e-4,4.195e-4,4.233e-4,4.285e-4,4.421e-4
PHL,PHL.1_1,BANA,0.5999274963781832,0.51707039116023,0.4359772087503909,0.358118911165294,0.28244501974546093,0.20563364874730916,1453.3299311606106,1450.1340509101542,1439.7598934222235,1432.8544521347064,1376.6574260800824,1394.7960754906278,4.128e-4,3.566e-4,3.028e-4,2.499e-4,2.052e-4,1.474e-4
PHL,PHL.20_1,BANA,3.99720642766268,3.444451412096584,2.892910123320887,2.3508546088540596,1.806770178380023,1.2730412075163777,48850.88174287326,48743.45839402999,48394.75110481857,48162.638018528894,46273.68340799302,46883.37911323621,8.182e-5,7.066e-5,5.978e-5,4.881e-5,3.905e-5,2.715e-5
PHL,PHL.22_1,BANA,0.3454044177343886,0.2889382617714128,0.2348446316132438,0.19803612159137926,0.1749702268440246,0.1565042476586705,13758.074716391518,13727.82063689609,13629.612769034606,13564.241806016287,13032.247751038638,13203.958859778706,2.511e-5,2.105e-5,1.723e-5,1.46e-5,1.343e-5,1.185e-5
PHL,PHL.23_1,BANA,0.011793508532226353,0.008500094526530262,0.00555567398120323,0.0033790735235600445,0.0022014945170693015,0.0013462816624433588,9.729277691907987,9.707882958502926,9.638433443389,9.592205154525665,9.215995692226768,9.337424387313526,0.001212,8.756e-4,5.764e-4,3.523e-4,2.389e-4,1.442e-4
PHL,PHL.24_1,BANA,0.025511254406485648,0.01891250078242197,0.013282438108093916,0.00984721526214684,0.00780307113124774,0.00575892700034865,30105.35445111366,30039.152616512714,29824.254621494878,29681.21018736832,28517.103295878198,28892.84073722634,8.474e-7,6.296e-7,4.454e-7,3.318e-7,2.736e-7,1.993e-7
PHL,PHL.25_1,BANA,0.31666923250906615,0.27740025664251666,0.2652732453410893,0.22654339447070382,0.18969263474150128,0.15408102373546137,57096.368542576514,56970.81332439403,56563.24811394207,56291.956914161754,54084.16772478669,54796.7733000273,5.546e-6,4.869e-6,4.69e-6,4.024e-6,3.507e-6,2.812e-6
PHL,PHL.26_1,BANA,55.71492523087941,49.917685720578504,43.35659147571082,37.32954293702879,31.128559922419587,25.048025871049507,162016.3863638943,161660.11146833966,160503.60634742593,159733.79171713194,153468.97951547528,155491.06573829966,3.439e-4,3.088e-4,2.701e-4,2.337e-4,2.028e-4,1.611e-4
PHL,PHL.27_1,BANA,183.97822214201645,166.96877094955556,147.40099015371572,125.72306560851837,103.63417735358499,82.20999525965425,296647.3235885073,295994.99454574817,293877.46707500884,292467.9587230384,280997.26854092337,284699.6500069485,6.202e-4,5.641e-4,5.016e-4,4.299e-4,3.688e-4,2.888e-4
PHL,PHL.28_1,BANA,18.19056201251425,15.457614515767258,12.80131283604157,10.368980474218239,8.32766794747501,6.391098892291598,201304.33447991931,200861.66517744245,199424.71488548088,198468.22508033132,190684.23557655592,193196.66490844102,9.036e-5,7.696e-5,6.419e-5,5.225e-5,4.367e-5,3.308e-5
PHL,PHL.29_1,BANA,24.363330666747686,24.260290261063343,24.29605121615183,24.643604626540593,24.813777909930035,23.984143171629473,125354.34820501623,125078.69332641803,124183.88911011924,123588.27274448542,118741.09976531747,120305.61620816156,1.944e-4,1.94e-4,1.956e-4,1.994e-4,2.09e-4,1.994e-4
PHL,PHL.2_1,BANA,13.04976030275335,10.746738526264647,8.789367106516812,6.966847177009843,5.35846859845636,3.9313696459140224,54890.03997220762,54769.33648228923,54377.52048305791,54116.71256864659,51994.23718276215,52679.30611985588,2.377e-4,1.962e-4,1.616e-4,1.287e-4,1.031e-4,7.463e-5
PHL,PHL.30_1,BANA,2.388515344606476,1.6220763169459218,0.9717648590595704,0.38847784361146986,0.0568936696963623,0,0.20890276022150034,0.20844338194039347,0.20695219257744507,0.20595959914454312,0.197881795469451,0.2004890588631988,11.43,7.782,4.696,1.886,0.2875,0
PHL,PHL.31_1,BANA,1.8781052483495377,1.8215956614829645,1.6673440847232226,1.5615265136535552,1.495518292676849,1.3948342635585573,6499.430546681245,6485.138264331591,6438.744039161197,6407.8622448211045,6156.543765829631,6237.661541997838,2.89e-4,2.809e-4,2.59e-4,2.437e-4,2.429e-4,2.236e-4
PHL,PHL.32_1,BANA,9.93985573278286e-4,1.8992236150357263e-4,0,0,0,0,688.3368385325444,686.8231821626031,681.9096971964067,678.6390911746028,652.0226413100632,660.6136021943096,1.444e-6,2.765e-7,0,0,0,0
PHL,PHL.33_1,BANA,0.23449304573645866,0.18591822422793727,0.14637081902543717,0.11587423146550423,0.08861156398168982,0.06664281159635846,858.6417309903403,856.7535732558483,850.6244181672378,846.544614997127,813.3428548919611,824.0593487821408,2.731e-4,2.17e-4,1.721e-4,1.369e-4,1.089e-4,8.087e-5
PHL,PHL.34_1,BANA,0.14685718752150742,0.12303198259459354,0.10086440069093447,0.08131464729939115,0.06480936188808081,0.04862844932554273,3952.553528201581,3943.861841965157,3915.6477304259465,3896.8673243119897,3744.0308975349967,3793.361735073868,3.716e-5,3.12e-5,2.576e-5,2.087e-5,1.731e-5,1.282e-5
PHL,PHL.35_1,BANA,0.09820956155735094,0.08353661582949831,0.0705328662563182,0.05850304413328012,0.04744644737814569,0.0375599829448902,2207.5470363547174,2202.692628677443,2186.9347198047685,2176.445644941495,2091.0847260895976,2118.636571607394,4.449e-5,3.792e-5,3.225e-5,2.688e-5,2.269e-5,1.773e-5
PHL,PHL.36_1,BANA,3.375510004161446,3.0695028347580653,2.8580559195491255,2.5932291577988824,2.3150956016312003,1.9707176808341873,96757.11909184912,96544.34967221036,95853.67815295272,95393.94042188949,91652.55849202533,92860.16003077565,3.489e-5,3.179e-5,2.982e-5,2.718e-5,2.526e-5,2.122e-5
PHL,PHL.37_1,BANA,3.061008497390887,2.2675845799927723,1.5730247322297621,1.1346528148776305,1.0011387924429274,0.95754409291809806,67391.76953785087,67243.57467810741,66762.51885204478,66442.30945029258,63836.4200735002,64677.51998797535,4.542e-5,3.372e-5,2.356e-5,1.708e-5,1.568e-5,1.48e-5
PHL,PHL.38_1,BANA,0.25768712347111156,0.2222140380631088,0.1881249564188731,0.1556526637297282,0.12448521162371126,0.09446156012595171,1565.8600983088393,1562.4167636221541,1551.2393434674962,1543.7992194175479,1483.2509028544362,1502.7940132935807,1.646e-4,1.422e-4,1.213e-4,1.008e-4,8.393e-5,6.286e-5
PHL,PHL.39_1,BANA,0.01713712205228229,0.01398501567578058,0.01083290929927889,0.0076808029227771815,0.005157854476104037,0.003716344049342208,4523.929033841561,4513.980889828471,4481.6881865303185,4460.192911670645,4285.26266883099,4341.724701947936,3.788e-6,3.098e-6,2.417e-6,1.722e-6,1.204e-6,8.56e-7
PHL,PHL.3_1,BANA,58.379306951311314,52.251101268055706,46.20117383386459,40.44800837206098,35.17818074672951,30.30054689512853,105439.45857661583,105207.5966462593,104454.94886459393,103953.95733130391,99876.84870388878,101192.8123623484,5.537e-4,4.966e-4,4.423e-4,3.891e-4,3.522e-4,2.994e-4
PHL,PHL.40_1,BANA,3.7690017736940358,4.002964921067843,3.7401043947212873,3.616146167472266,3.3857767632684213,3.2565707367512506,50118.0617224235,50007.85183806371,49650.09916666374,49411.965123424176,47474.011490161356,48099.52255356672,7.52e-5,8.005e-5,7.533e-5,7.318e-5,7.132e-5,6.77e-5
PHL,PHL.41_1,BANA,4.831367985609103,4.91184292632208,4.498745359842557,4.287186995268256,4.34670094422453,4.117752079715582,58277.88037336848,58149.72700438436,57733.727927992055,57456.82282017675,55203.34720426133,55930.69893480615,8.29e-5,8.447e-5,7.792e-5,7.462e-5,7.874e-5,7.362e-5
PHL,PHL.42_1,BANA,2.571542853030061,2.3837124345325273,2.315373387780486,2.3361553114704345,2.1821656971570094,2.054430268021324,25686.77545773276,25630.29010184546,25446.93280062837,25324.883074694935,24331.632775016104,24652.223030900495,1.001e-4,9.3e-5,9.099e-5,9.225e-5,8.968e-5,8.334e-5
PHL,PHL.43_1,BANA,0.9222020790863429,0.784513821023375,0.6979176043631896,0.6116403853996434,0.5334977634410853,0.4879972930715988,35618.32520052488,35540.00031391652,35285.749639541784,35116.510536872585,33739.22936595671,34183.77282408749,2.589e-5,2.207e-5,1.978e-5,1.742e-5,1.581e-5,1.428e-5
PHL,PHL.44_1,BANA,7.478523035547914,6.5776374119370224,5.683329137823112,4.8247178531635715,4.00108888601791,3.20435082813966,159287.83905989194,158937.56425437488,157800.53604564612,157043.68600295472,150884.38063814677,152872.41254069173,4.695e-5,4.139e-5,3.602e-5,3.072e-5,2.652e-5,2.096e-5
PHL,PHL.45_1,BANA,0.16280746359318207,0.10330049959190857,0.06049961119671679,0.030789203918305134,0.011080689077796024,0.003918282390512635,991.8938809948323,989.7127010735682,982.6323656919541,977.919420054629,939.5650965947286,951.9446774277352,1.641e-4,1.044e-4,6.157e-5,3.148e-5,1.179e-5,4.116e-6
PHL,PHL.46_1,BANA,0.24912671903151293,0.2404314258227106,0.21868946858295796,0.19887379509185552,0.1927001765924703,0.20291795116002032,10904.55600059318,10880.576823934747,10802.73793899843,10750.925360440715,10329.27050799433,10465.36755934623,2.285e-5,2.21e-5,2.024e-5,1.85e-5,1.866e-5,1.939e-5
PHL,PHL.47_1,BANA,0,0,0,0,0,0,209.22880571308445,208.76871045620706,207.27519371583017,206.28105109031137,198.19063996346813,200.80197264990503,0,0,0,0,0,0
PHL,PHL.48_1,BANA,4.397539541539027,4.684018246586532,4.365855283965332,4.542814247530613,4.451302766589893,4.25942549306557,52833.99882295422,52717.81657846135,52340.67700901152,52089.63829506629,50046.66543338963,50706.073432261175,8.323e-5,8.885e-5,8.341e-5,8.721e-5,8.894e-5,8.4e-5
PHL,PHL.49_1,BANA,7.197353581598057,6.729383341218064,5.966016419640937,5.364489092173602,4.968599490416564,4.188822145724302,137545.70687306143,137243.24313189316,136261.4145778288,135607.87144024033,130289.28582033614,132005.95957858162,5.233e-5,4.903e-5,4.378e-5,3.956e-5,3.814e-5,3.173e-5
PHL,PHL.4_1,BANA,3.553299219253073,3.0202902496632773,2.4962473294811613,1.9890872973986458,1.5111721158033238,1.048950929466833,26420.835931491743,26362.736372717387,26174.13920215118,26048.60161610123,25026.966835593223,25356.71871768111,1.345e-4,1.146e-4,9.537e-5,7.636e-5,6.038e-5,4.137e-5
PHL,PHL.50_1,BANA,0.2658108892593973,0.2288281812531708,0.19367320874704524,0.16034597174102064,0.12954905170973366,0.10363101703019327,514.2610745228728,513.130211684086,509.459314069838,507.0158223475302,487.1304939137025,493.5488584820367,5.169e-4,4.459e-4,3.802e-4,3.163e-4,2.659e-4,2.1e-4
PHL,PHL.51_1,BANA,1.4706245181107773,1.414530083525655,1.9424939699826584,1.7935205038056543,1.6835199838850026,1.5512831581295379,100160.90426896399,99940.64990761233,99225.68149421844,98749.77080876134,94876.77209995291,96126.85543493734,1.468e-5,1.415e-5,1.958e-5,1.816e-5,1.774e-5,1.614e-5
PHL,PHL.52_1,BANA,0.8607939521011135,0.8603695982139046,0.7725853279625513,0.7002594605299034,0.602799331486574,0.5687201589198243,87569.4156232492,87376.85001241723,86751.76214398246,86335.67943268397,82949.56549815708,84042.49759500586,9.83e-6,9.847e-6,8.906e-6,8.111e-6,7.267e-6,6.767e-6
PHL,PHL.53_1,BANA,14.97795750492587,14.078741091315958,12.739259105977395,11.625280569038196,18.367117066089644,16.75092677217886,152794.72628382326,152458.7298678447,151368.05078678578,150642.05251979036,144733.82133987924,146640.81431677972,9.803e-5,9.234e-5,8.416e-5,7.717e-5,1.269e-4,1.142e-4
PHL,PHL.54_1,BANA,1.3822632642109154,1.3481657172130166,1.2482208459894153,1.1802117424448304,1.1069205735676448,1.0275630934818298,36088.61109934002,36009.25205153821,35751.64438308109,35580.170735046115,34184.704657632275,34635.117637100535,3.83e-5,3.744e-5,3.491e-5,3.317e-5,3.238e-5,2.967e-5
PHL,PHL.55_1,BANA,0.18095676792194787,0.11861623451836374,0.07661720926022608,0.04476179870376445,0.022750624959227677,0.01134259511818105,6578.89987836232,6564.432842529516,6517.471349497473,6486.211959683486,6231.820578932219,6313.930192064178,2.751e-5,1.807e-5,1.176e-5,6.901e-6,3.651e-6,1.796e-6
PHL,PHL.56_1,BANA,0.48633234644934026,0.32659659382786105,0.22350801483029262,0.15906031960033598,0.10885203888697711,0.08306997364232743,15710.198753059307,15675.651942421788,15563.509425752656,15488.863020433086,14881.384684151968,15077.459767477449,3.096e-5,2.083e-5,1.436e-5,1.027e-5,7.315e-6,5.51e-6
PHL,PHL.57_1,BANA,0.9630520518489544,0.7366004435029346,0.6230109672086097,0.4903048181343813,0.4674491757618919,0.4306519937434744,3794.8924418862302,3786.5474532173844,3759.4587578029536,3741.4274722785713,3594.6874479670446,3642.050556699783,2.538e-4,1.945e-4,1.657e-4,1.31e-4,1.3e-4,1.182e-4
PHL,PHL.58_1,BANA,44.82598334219364,39.20362641217874,33.45887560601054,27.663375476446454,22.09692857285678,16.806523301924326,131875.28835977902,131585.29389908855,130643.94191776791,130017.34155571826,124918.01836900234,126563.9210440834,3.399e-4,2.979e-4,2.561e-4,2.128e-4,1.769e-4,1.328e-4
PHL,PHL.59_1,BANA,4.518570979930198,3.0690232646076843,1.923394060076852,0.965462351365706,0.36391983984442033,0.15578753844037588,10237.60193440592,10215.089393287282,10142.01135884437,10093.367786887824,9697.502560204413,9825.275523735563,4.414e-4,3.004e-4,1.896e-4,9.565e-5,3.753e-5,1.586e-5
PHL,PHL.5_1,BANA,0.9782146267163825,0.7407310031011611,0.504155543032088,0.2645635838628098,0.10166984946192734,0.05589913719841776,4296.775543317603,4287.32691103865,4256.655674438528,4236.239710655051,4070.09298651385,4123.719973411316,2.277e-4,1.728e-4,1.184e-4,6.245e-5,2.498e-5,1.356e-5
PHL,PHL.60_1,BANA,0.12574968158274766,0.09254649712410813,0.06695753690680119,0.04592413436302459,0.028724058939012746,0.019284811431218324,9038.63083482411,9018.754837532075,8954.235296755227,8911.288589878024,8561.784900707387,8674.593804142889,1.391e-5,1.026e-5,7.478e-6,5.153e-6,3.355e-6,2.223e-6
PHL,PHL.61_1,BANA,0.06596640128542307,0.05355150402917446,0.04719489135553049,0.04032365736572712,0.034667895730932395,0.0327742983254188,39506.07680974684,39419.202736666644,39137.20051971148,38949.48891475472,37421.877062695516,37914.9425817314,1.67e-6,1.359e-6,1.206e-6,1.035e-6,9.264e-7,8.644e-7
PHL,PHL.62_1,BANA,14.666654504745306,12.816012589188798,10.838758997161817,9.621844209477766,8.377774851520211,7.903734651730009,80943.36514324408,80765.37025266877,80187.58044761844,79802.98116040473,76673.0818152015,77683.31582398612,1.812e-4,1.587e-4,1.352e-4,1.206e-4,1.093e-4,1.017e-4
PHL,PHL.63_1,BANA,3.0918285033490047,3.106060687788869,3.012923493073352,2.712622303191249,2.443849098109117,2.352980120230602,59129.57869935716,58999.55244122308,58577.47377314511,58296.52185348159,56010.11296344166,56748.09452896573,5.229e-5,5.265e-5,5.143e-5,4.653e-5,4.363e-5,4.146e-5
PHL,PHL.64_1,BANA,0.931718941279226,0.7926154654042584,0.6558777673620759,0.568012846174184,0.4956585485708414,0.5092436131823904,5118.744242886862,5107.488097064615,5070.949484752586,5046.627968297721,4848.697548358765,4912.583322162259,1.82e-4,1.552e-4,1.293e-4,1.126e-4,1.022e-4,1.037e-4
PHL,PHL.65_1,BANA,0.7435014468403619,0.6426916877651686,0.5618129734118393,0.6054917154663847,0.5100183615122919,0.486616125225194,63395.82708006919,63256.419319049135,62803.88732331638,62502.66448850873,60051.28929159938,60842.5168420969,1.173e-5,1.016e-5,8.946e-6,9.687e-6,8.493e-6,7.998e-6
PHL,PHL.66_1,BANA,1.3381586428264631,1.2175291945786872,1.0065720214015712,0.919806407379435,0.838615926971468,0.7622657245394276,25365.825670439328,25310.046084841764,25128.979786904598,25008.455041545,24027.615154100884,24344.199715514056,5.275e-5,4.81e-5,4.006e-5,3.678e-5,3.49e-5,3.131e-5
PHL,PHL.67_1,BANA,1.0984188730922306,0.9325903355176111,0.7803691445037394,0.7016965239274027,0.6590289042613853,0.57651230678419,25080.640213479863,25025.487752219364,24846.457164674124,24727.287467047918,23757.47506497483,24070.500297628674,4.38e-5,3.727e-5,3.141e-5,2.838e-5,2.774e-5,2.395e-5
PHL,PHL.68_1,BANA,0,0,0,0,0,0,5230.075668399488,5218.574704180247,5181.241386057197,5156.39088261469,4954.155524831901,5019.430798467781,0,0,0,0,0,0
PHL,PHL.69_1,BANA,1.0832847308750118,0.9685728717213771,0.8476704044460851,0.733894045124777,0.6561469298190105,0.5902365865231431,14440.877761298027,14409.122194274283,14306.040342763785,14237.425067331304,13679.028541942724,13859.261545665111,7.502e-5,6.722e-5,5.925e-5,5.155e-5,4.797e-5,4.259e-5
PHL,PHL.6_1,BANA,0.2702413764404642,0.24013832828838283,0.26160311877923814,0.2449360632175914,0.22099555015437716,0.19974966130736008,25772.151556360182,25715.478457977795,25531.511725224285,25409.056338040926,24412.5047351025,24734.160548839816,1.049e-5,9.338e-6,1.025e-5,9.64e-6,9.053e-6,8.076e-6
PHL,PHL.70_1,BANA,2.451858821776552,2.2811378873426,2.0764191013746687,1.9820983303490751,2.4609894564542625,2.2336364353718388,84336.72729265087,84151.27038065605,83549.25808310987,83148.53536611769,79887.42227719785,80940.0079950001,2.907e-5,2.711e-5,2.485e-5,2.384e-5,3.081e-5,2.76e-5
PHL,PHL.71_1,BANA,4.422197053840669,4.019314931065772,6.805950967432896,6.2218045842881615,5.578519311446003,5.077642241163604,63393.97293403272,63254.569250289656,62802.05048981931,62500.83646491526,60049.532963696525,60840.73737305852,6.976e-5,6.354e-5,1.084e-4,9.955e-5,9.29e-5,8.346e-5
PHL,PHL.72_1,BANA,0.7861964984340506,0.8011584183938365,0.7412062261044993,0.7047595933291705,0.7330837275425142,0.6934923549373196,28831.13016274334,28767.730354131494,28561.928024976634,28424.938018562472,27310.10253750549,27669.936702425068,2.727e-5,2.785e-5,2.595e-5,2.479e-5,2.684e-5,2.506e-5
PHL,PHL.73_1,BANA,1.141550623493297,1.1137340957455246,1.1858305618047846,1.1110602912037586,1.0526104552027458,1.0284669702629259,25665.737804403307,25609.2987104276,25426.09158015527,25304.141813822735,24311.70499326309,24632.032683428584,4.448e-5,4.349e-5,4.664e-5,4.391e-5,4.33e-5,4.175e-5
PHL,PHL.74_1,BANA,5.98097178139949,5.0832953632054725,6.269649718393894,5.211982114796462,4.470050747528483,3.868922941595865,7448.412461188476,7432.033362560159,7378.865116141587,7343.474270722974,7055.460778278953,7148.422561699146,8.03e-4,6.84e-4,8.497e-4,7.097e-4,6.336e-4,5.412e-4
PHL,PHL.75_1,BANA,12.769629038546961,11.267085071002288,10.074011241514713,9.096410920695371,8.37993385982795,7.605088390496473,32814.18400039637,32742.025435205356,32507.79127724909,32351.875943673345,31083.024656919162,31492.570326154088,3.891e-4,3.441e-4,3.099e-4,2.812e-4,2.696e-4,2.415e-4
PHL,PHL.76_1,BANA,0.012814379914200077,0.007606470143347307,0.004261021026076015,0.0031418532260114483,0.0025467402053445084,0.005798301326667398,13777.280819025586,13746.984505208287,13648.639540374408,13583.177320297897,13050.440608180257,13222.391423510519,9.301e-7,5.533e-7,3.122e-7,2.313e-7,1.951e-7,4.385e-7
PHL,PHL.77_1,BANA,4.189485035474189,3.7908801963054333,3.460022260063004,3.1529594944650783,3.385554500432775,3.5436103945918553,3029.906257529251,3023.2434775495954,3001.6154053442883,2987.218922261235,2870.0592070123625,2907.874713439215,0.001383,0.001254,0.001153,0.001055,0.00118,0.001219
PHL,PHL.78_1,BANA,0.19080367494745742,0.14652132812889662,0.11519811499722203,0.09708867699561909,0.08186677719067142,0.07031954146475074,1163.897325826553,1161.3379094150314,1153.02977930705,1147.4995659151225,1102.4942529837715,1117.0205660324402,1.639e-4,1.262e-4,9.991e-5,8.461e-5,7.426e-5,6.295e-5
PHL,PHL.79_1,BANA,4.9419601145956715,4.941688951088796,4.733040809731292,4.3359756449481734,3.9573498176622057,3.710476455579,71656.10359415133,71498.53144113146,70987.03595224165,70646.56473118415,67875.78307017648,68770.10507741821,6.897e-5,6.912e-5,6.667e-5,6.138e-5,5.83e-5,5.395e-5
PHL,PHL.7_1,BANA,0.5428164137904138,0.46380530080183074,0.38641101679942114,0.31279631304312056,0.2421643152204686,0.1735038746022483,176.14596581369617,175.75861989776092,174.50125503446685,173.66430425069808,166.85313273485096,169.0515667245955,0.003082,0.002639,0.002214,0.001801,0.001451,0.001026
PHL,PHL.80_1,BANA,3.068556346810381,2.8655547681364366,2.7002124769997273,2.4372614514410698,2.1475724280155686,1.8840736262579967,65306.155486124524,65162.546902776456,64696.37860374246,64386.078916965365,61860.83558254215,62675.90546675448,4.699e-5,4.398e-5,4.174e-5,3.785e-5,3.472e-5,3.006e-5
PHL,PHL.81_1,BANA,1.0233001141882756,1.1462253991674554,1.385924519687295,1.364047555127934,1.4735745109694696,1.383253285089432,12849.843860307796,12821.586985296759,12729.862249540649,12668.806710513625,12171.93191647502,12332.307621788019,7.964e-5,8.94e-5,1.089e-4,1.077e-4,1.211e-4,1.122e-4
PHL,PHL.8_1,BANA,2.404866395065915,2.1800935893940214,1.844807482578062,1.5189380578636686,1.3132236533396318,1.1144092251831634,14864.563496508883,14831.876242299368,14725.770037922925,14655.141636010265,14080.362128485202,14265.883048493126,1.618e-4,1.47e-4,1.253e-4,1.036e-4,9.327e-5,7.812e-5
PHL,PHL.9_1,BANA,5.148685399496843,6.0708906407760015,5.95087629670252,5.900997266778634,6.003059667904403,5.881519620167327,61926.77464462009,61790.59733772107,61348.55172983227,61054.30904118674,58659.738824495886,59432.63149691721,8.314e-5,9.825e-5,9.7e-5,9.665e-5,1.023e-4,9.896e-5
PNG,PNG.10_1,BANA,92.43746225948757,117.79253616724839,136.5853629843429,132.74205734730407,131.82302862078888,129.67392342989103,94451.77265576005,98909.5410724421,98294.76307366785,98860.32733274678,99435.22434310995,98998.51695406286,9.787e-4,0.001191,0.00139,0.001343,0.001326,0.00131
PNG,PNG.11_1,BANA,31.177151867000582,36.745619905076644,38.5785560066691,37.07236539482744,36.84990493211586,35.615496487258994,30463.363010278717,31901.119165349235,31702.835905852884,31885.246345016938,32070.66685992931,31929.816398918916,0.001023,0.001152,0.001217,0.001163,0.001149,0.001115
PNG,PNG.12_1,BANA,0.003093915756314,0.00225794931096142,0.00142198286560884,6.679252713030788e-4,1.659254498368e-4,0,0.44068106329034024,0.46147955198493795,0.4586111990195072,0.46124993677997544,0.46393221810393354,0.4618946843325619,0.007021,0.004893,0.003101,0.001448,3.577e-4,0
PNG,PNG.13_1,BANA,5.999833204364927,5.607740586868539,5.037952029000829,4.413094523557531,3.9221916249391633,3.480521755289518,2181.511157903898,2284.470279441893,2270.2710217016725,2283.3336112857664,2296.61175533208,2286.5253163467846,0.00275,0.002455,0.002219,0.001933,0.001708,0.001522
PNG,PNG.14_1,BANA,24.615738836089786,21.991202943508792,23.0783191245178,20.783780447596683,18.3965199830499,16.7443766867553,28242.54795626041,29575.489993726424,29391.661817455806,29560.774320696997,29732.677461618117,29602.09516515908,8.716e-4,7.436e-4,7.852e-4,7.031e-4,6.187e-4,5.656e-4
PNG,PNG.15_1,BANA,0.0013018309745213695,7.485502041894046e-4,2.7029095538057035e-4,6.180488256394895e-5,4.807046421640473e-5,3.4336045868860527e-5,12.444832332932457,13.032181611456206,12.951179329533923,13.025697278534082,13.101444897678817,13.043904948110573,1.046e-4,5.744e-5,2.087e-5,4.745e-6,3.669e-6,2.632e-6
PNG,PNG.16_1,BANA,0.6210621540788688,0.5564376967217501,0.6541068269488245,0.61925705051387,0.5652038074380277,0.5261274643815045,207.5181779609864,217.3122554419184,215.96153849326882,217.20412887843463,218.4672240724295,217.507742644723,0.002993,0.002561,0.003029,0.002851,0.002587,0.002419
PNG,PNG.17_1,BANA,19.677494402657057,20.578370166911537,21.830056738215255,21.49202026941259,24.032349077594276,22.32718132161066,29641.31311555246,31040.27160749173,30847.338996002956,31024.827113154788,31205.244079551772,31068.19444994028,6.639e-4,6.63e-4,7.077e-4,6.927e-4,7.701e-4,7.187e-4
PNG,PNG.18_1,BANA,24.021588363020562,22.303941465889448,20.996508360689642,19.46954802706897,17.895581240839412,16.14146742465344,2521.112317666993,2640.099336635542,2623.689645829745,2638.785720576725,2654.13090567451,2642.474286144927,0.009528,0.008448,0.008003,0.007378,0.006743,0.006108
PNG,PNG.19_1,BANA,12.171496578331565,11.817709426574169,13.195814220596192,13.032727592157586,12.785227113483655,12.109785224480781,49713.54603155362,52059.83842130491,51736.25747113429,52033.935365756704,52336.52544092931,52106.66979844351,2.448e-4,2.27e-4,2.551e-4,2.505e-4,2.443e-4,2.324e-4
PNG,PNG.1_1,BANA,3.0170969992642322,3.935507804969329,3.575100247245607,3.211663922460168,3.6277220898573175,3.2283615281544513,1357.3358135134356,1421.396958690287,1412.5621833162168,1420.6897239870398,1428.951382601873,1422.6756022484442,0.002223,0.002769,0.002531,0.002261,0.002539,0.002269
PNG,PNG.20_1,BANA,91.22908392007254,126.47272383621818,146.38042315015826,149.2076920126742,149.7467824015062,143.04854825835085,25034.95167238976,26216.507229690724,26053.557005933082,26203.462862600016,26355.84241532158,26240.09076691561,0.003644,0.004824,0.005618,0.005694,0.005682,0.005452
PNG,PNG.21_1,BANA,31.080028025015974,33.29737710493318,35.48801470464031,33.96695109700986,32.39477364458275,31.351771731493173,100390.62715275206,105128.68716443093,104475.25370181506,105076.3790070123,105687.42387992272,105223.25759234584,3.096e-4,3.167e-4,3.397e-4,3.233e-4,3.065e-4,2.98e-4
PNG,PNG.22_1,BANA,4.768581462550907,4.165206066989497,4.130778671778302,3.7058249980073636,3.2927843328586803,2.964054846825584,210.86096681617315,220.81307051454013,219.44143476445632,220.70410272748296,221.9873567804371,221.01245154302515,0.02261,0.01886,0.01882,0.01679,0.01483,0.01341
PNG,PNG.2_1,BANA,4.530086192856132,3.8406361249826437,3.2971544646130857,2.7427016370288855,2.212618927821299,1.6849468636511524,2141.8863366695064,2242.9753156823936,2229.0339723001075,2241.859293889833,2254.896254625095,2244.9930250358348,0.002115,0.001712,0.001479,0.001223,9.813e-4,7.505e-4
PNG,PNG.3_1,BANA,12.77356908161044,12.979025242659034,13.083912531141788,12.471859696091697,12.088704973297192,12.056277082477104,10981.865381285888,11500.168122213481,11428.688159137282,11494.446062700492,11561.28908108324,11510.513308192165,0.001163,0.001129,0.001145,0.001085,0.001046,0.001047
PNG,PNG.4_1,BANA,23.607736386560592,22.39767971565784,25.24398226127743,23.492058939340914,22.022430947377163,20.309681930324807,5554.238955305643,5816.378143353551,5780.226107095833,5813.484128106763,5847.290961800457,5821.610372393675,0.00425,0.003851,0.004367,0.004041,0.003766,0.003489
PNG,PNG.5_1,BANA,8.130149566584713,7.102693341955055,6.527348594352729,5.76707687549524,5.033529203102964,4.302662727705967,8247.386611231714,8636.632239153478,8582.950749718126,8632.334969484109,8682.534111043758,8644.401479202324,9.858e-4,8.224e-4,7.605e-4,6.681e-4,5.797e-4,4.977e-4
PNG,PNG.6_1,BANA,3.329771329263032,2.815775274006197,2.3981814721616583,1.96613735565727,1.722144223360904,1.5657366803645676,6608.195244670027,6920.077205428145,6877.065063529716,6916.634030234258,6956.855950725924,6926.302287089234,5.039e-4,4.069e-4,3.487e-4,2.843e-4,2.475e-4,2.261e-4
PNG,PNG.7_1,BANA,57.502018675949536,63.312894809313754,69.31667870335156,68.4470263578413,70.08067225491163,69.50150456308184,65474.1579646847,68564.29195875562,68138.12661878196,68530.17689583788,68928.69665477486,68625.97021808822,8.782e-4,9.234e-4,0.001017,9.988e-4,0.001017,0.001013
PNG,PNG.8_1,BANA,1.094206472617815,0.9558485034082731,0.8356728565392242,0.7143306781671938,0.5790608340201701,0.44377778396379275,0.6410698184832081,0.6713259027193175,0.6671532375696853,0.6709918757096991,0.6748938577659097,0.6719298061790004,1.707,1.424,1.253,1.065,0.858,0.6605
PNG,PNG.9_1,BANA,1.7493283487350846,1.6571899654125284,1.8272150354298955,1.8186932234281894,1.7877599927925816,1.7149295951638976,1700.1729332338323,1780.414700980107,1769.3484299713766,1779.5288322894457,1789.877228184342,1782.01630549624,0.001029,9.308e-4,0.001033,0.001022,9.988e-4,9.624e-4
PRI,PRI.12_1,BANA,0.3582432313630588,0.3508746974515481,0.32832909374603836,0.34897956233926936,0.32421877543895233,0.29945798853863537,5647.89505178931,5741.508498880004,5983.765520078613,5936.909786644246,6120.154342401411,6016.917056295503,6.343e-5,6.111e-5,5.487e-5,5.878e-5,5.298e-5,4.977e-5
PRI,PRI.22_1,BANA,0.00341426464969744,0.00108777109933164,0,0,0,0,5160.766070087925,5246.305389961896,5467.6678274325195,5424.853384692378,5592.293161318594,5497.960055193588,6.616e-7,2.073e-7,0,0,0,0
PRI,PRI.29_1,BANA,0.04973717839616354,0.04654208573726341,0.04790806303275547,0.04447906935055318,0.04105007566835089,0.03762108198614859,714.3599671278122,726.2004312960057,756.8417084644075,750.9152774863177,774.0925096456807,761.0347981208153,6.962e-5,6.409e-5,6.33e-5,5.923e-5,5.303e-5,4.943e-5
PRI,PRI.35_1,BANA,0.02336380253337784,0.02194781450105191,0.02053182646872598,0.01911583843640005,0.01769985040407412,0.01628386237174819,1901.669903330366,1933.1899427870098,2014.7588957968414,1998.9823742337544,2060.681583131438,2025.9211567975753,1.229e-5,1.135e-5,1.019e-5,9.563e-6,8.589e-6,8.038e-6
PRI,PRI.37_1,BANA,0,0.01457898228189197,0.01383134216487187,0.01308370204785177,0.03598309217820417,0.0340227838433701,1781.6734627262888,1811.2045699629537,1887.6264761547025,1872.8454619766605,1930.6514160866216,1898.0843922074328,0,8.049e-6,7.327e-6,6.986e-6,1.864e-5,1.792e-5
PRI,PRI.3_1,BANA,0,0,0,0,0,0,996.7603491257341,1013.2815789554954,1056.0359486478974,1047.766684295723,1080.1063268877072,1061.886648158175,0,0,0,0,0,0
PRI,PRI.41_1,BANA,0.012616244087465794,0.011817986848980073,0.011019729610494354,0.010221472372008631,0.00942321513352292,0.00862924120156881,5575.3300889427,5667.740777085539,5906.8852454513835,5860.631521177003,6041.521724691707,5939.610845992802,2.263e-6,2.085e-6,1.866e-6,1.744e-6,1.56e-6,1.453e-6
PRI,PRI.50_1,BANA,0.21042575810881856,0.19767268185979925,0.18491960561077997,0.17216652936176063,0.15941345311274133,0.14666037686372202,104.3304292861503,106.0596985151942,110.53477795407782,109.66923800708886,113.05421293866769,111.14716787515255,0.002017,0.001864,0.001673,0.00157,0.00141,0.00132
PRI,PRI.51_1,BANA,0.3363829905000793,0.3159961425909836,0.2956092946818879,0.2752224467727922,0.25483559886369644,0.23444875095460072,1478.8876657888668,1503.400120603434,1566.8345359592709,1554.565475431026,1602.5476193708955,1575.5151855753752,2.275e-4,2.102e-4,1.887e-4,1.77e-4,1.59e-4,1.488e-4
PRI,PRI.62_1,BANA,0.02162061161649304,0.02044616915734323,0.01927172669819342,0.0180972842390436,0.01692284177989379,0.01574839932074398,1062.7026600735007,1080.3168788806317,1125.8997338183635,1117.0834027598355,1151.5625272941045,1132.137495922681,2.034e-5,1.893e-5,1.712e-5,1.62e-5,1.47e-5,1.391e-5
PRI,PRI.63_1,BANA,0,0,0,0,0,0,0.23323142405337685,0.23709721783589247,0.2471012900650994,0.2451663692966088,0.2527335050697376,0.2484702921323338,0,0,0,0,0,0
PRI,PRI.64_1,BANA,0.017475113692905907,0.016418775144283016,0.015362436595660115,0.014311600281281553,0.01327304724363963,0.01224127524849004,2706.9111185789716,2751.777972239438,2867.8864017026563,2845.429485517134,2933.2545461547224,2883.775199415894,6.456e-6,5.967e-6,5.357e-6,5.03e-6,4.525e-6,4.245e-6
PRI,PRI.68_1,BANA,0,0,0,0,0,0,3887.070016838212,3951.497917856632,4118.227291337345,4085.97961058556,4212.094634306982,4141.043285837805,0,0,0,0,0,0
PRT,PRT.11_1,BANA,0,0,0,0,0,0,93.6240619155384,88.96065807107622,101.31333848350657,110.2841611461361,107.61427344892493,106.61254938418261,0,0,0,0,0,0
PRT,PRT.12_1,BANA,0.004030438573084379,0.003419514037207336,0.0028085895013303013,0.0021976649654532575,0.001586740429576213,9.758158936991734e-4,3.4020369579096466,3.2325818851012196,3.681443795517435,4.007418439393188,3.9104021763349284,3.8740023212105563,0.001185,0.001058,7.629e-4,5.484e-4,4.058e-4,2.519e-4
PRT,PRT.14_1,BANA,0.19374668785928012,0.16691404111259175,0.14008139436590333,0.11324874761921495,0.08641610087252659,0.0595834541258382,65.8737755135112,64.09090158655009,55.27091236093997,73.41109092621905,66.3916536554688,67.85587272573149,0.002941,0.002604,0.002534,0.001543,0.001302,8.781e-4
PRT,PRT.16_1,BANA,0.0033978278405675352,0.0028820209682838688,0.0023662140960002027,0.00185040722371654,0.0013346003514328724,8.18793479149205e-4,1626.6121327344158,1545.590767948025,1760.204612076862,1916.0625046430494,1869.676227093589,1852.2724049988817,2.089e-6,1.865e-6,1.344e-6,9.657e-7,7.138e-7,4.42e-7
PRT,PRT.17_1,BANA,0.01880227716703293,0.016652835899802747,0.014367202680802865,0.012081569461803016,0.009795936242803146,0.007510303023803279,14.664063803866956,13.93364845850324,15.868412770268195,17.273486564402976,16.8553098399581,16.69841272079121,0.001282,0.001195,9.054e-4,6.994e-4,5.812e-4,4.498e-4
PRT,PRT.3_1,BANA,0.27468409614922895,0.2411181624771086,0.20787764048307125,0.1738901975815703,0.13990275468006932,0.10591531177856842,162.30741726992017,155.63714293548213,160.52288437628056,187.2395430082403,177.75849351362083,178.06924850358607,0.001692,0.001549,0.001295,9.287e-4,7.87e-4,5.948e-4
PRT,PRT.5_1,BANA,0.10053264054595647,0.08776935150452486,0.07500606246309321,0.06224277342166161,0.049479484380229984,0.03671619533879837,41.9871995984673,40.884903193528245,34.86474585594632,46.696193850573216,42.10512432719151,43.08774811907978,0.002394,0.002147,0.002151,0.001333,0.001175,8.521e-4
PRT,PRT.6_1,BANA,0.006959319386398186,0.005998935131711133,0.00503855087702407,0.004078166622337007,0.0031177823676499516,0.0021573981129628913,5.879548186513807,5.725191504223982,4.882177311917626,6.538957694174422,5.896061412724323,6.033660109204973,0.001184,0.001048,0.001032,6.237e-4,5.288e-4,3.576e-4
PRT,PRT.7_1,BANA,0,0,0,0,0,0,624.4781232300365,593.3729391451944,675.7660603470281,735.6019869835183,717.7936754845629,711.1121157322315,0,0,0,0,0,0
PRT,PRT.8_1,BANA,0.046857546808411775,0.04034604786553763,0.03383454892266347,0.02732304997978934,0.02081155103691518,0.014300052094041065,22.588949609263917,21.778961560528312,21.0758297935926,25.72832817196544,24.002768842799227,24.217334711435917,0.002074,0.001853,0.001605,0.001062,8.67e-4,5.905e-4
PRT,PRT.9_1,BANA,0.01596257661119525,0.014226257056750733,0.012405091616979426,0.010576103707292384,0.008747115797605353,0.006918127887918312,54.045269523473344,52.20919066763284,49.33640888021424,61.271904400569454,56.79390851715697,57.45472969431668,2.954e-4,2.725e-4,2.514e-4,1.726e-4,1.54e-4,1.204e-4
PRY,PRY.10_1,BANA,10.389127349344806,11.826758690351317,11.143226608107556,10.776499778850711,10.520147373960633,10.141102065508639,1048.2066149484394,1081.3107783207824,1031.806959611603,995.5913317865073,986.0768662759747,998.1934390492607,0.009911,0.01094,0.0108,0.01082,0.01067,0.01016
PRY,PRY.11_1,BANA,1.793390313056289,1.751846511920877,1.6845835692950604,1.5656602496784162,1.4749030586094078,1.4230959847017062,225.26694057959432,232.38118555440022,221.7241228743123,213.93237957695592,211.87892810349737,214.48978899134653,0.007961,0.007539,0.007598,0.007318,0.006961,0.006635
PRY,PRY.12_1,BANA,5.420389511971425,6.206060621357157,6.588003975887766,6.477365100216628,6.275081073224953,6.529659776372236,1350.669629111281,1393.3256646431912,1329.427380853768,1282.7091584528557,1270.3969455159809,1286.0513087260426,0.004013,0.004454,0.004956,0.00505,0.004939,0.005077
PRY,PRY.13_1,BANA,54.90435952136633,60.965959159831925,78.4322705462235,73.51909941337973,69.77241346378203,66.33033564354153,10415.771638753553,10728.378679816195,10259.736281098603,9918.306005168246,9828.734092085406,9943.052778055413,0.005271,0.005683,0.007645,0.007412,0.007099,0.006671
PRY,PRY.14_1,BANA,1.3373789840813637,1.431443896017966,2.1110683623872806,1.9956519291492179,2.2864028483329344,2.226757979979265,813.028585918434,838.7051655215563,800.2419246281393,772.1201326839248,764.7088598916428,774.1319227264121,0.001645,0.001707,0.002638,0.002585,0.00299,0.002876
PRY,PRY.15_1,BANA,0.10518141209040817,0.09513510788042626,0.08698689883256089,0.08117124880005266,0.07968245373968473,0.08622183488764851,63.98585500837083,65.90531491223209,63.02774984200093,60.931367631115315,60.381420804772866,61.083332314425036,0.001644,0.001444,0.00138,0.001332,0.00132,0.001412
PRY,PRY.16_1,BANA,5.052548724339335,5.693410106403085,5.7524271760092125,5.3685802416116895,5.057795002276183,4.689799760582167,610.9539734158681,630.2487541947448,601.3453795025266,580.2131329549054,574.64389881119,581.7249015955463,0.00827,0.009034,0.009566,0.009253,0.008802,0.008062
PRY,PRY.17_1,BANA,5.2050341773292566,4.1461263374642625,3.1742492427802693,2.4670247279422015,2.089140793229114,1.7627841330715182,1502.409058408705,1549.8572372954352,1478.7803741507691,1426.8136466734754,1413.1182323051305,1430.5312669832642,0.003464,0.002675,0.002147,0.001729,0.001478,0.001232
PRY,PRY.18_1,BANA,75.05610585486724,93.78757933773008,96.10935073529386,95.28868836487533,95.9397647248397,92.40163232468518,7183.940155169289,7410.819030590253,7070.95690822708,6822.472077702774,6756.985892917225,6840.248302942957,0.01045,0.01266,0.01359,0.01397,0.0142,0.01351
PRY,PRY.1_1,BANA,13.959122227505956,10.957734843844964,8.44382365700055,6.513312360922607,4.931499377414444,3.575966565527107,2369.620534735278,2444.4564456145504,2332.353053647276,2250.390426684035,2228.7898335069845,2256.253907827336,0.005891,0.004483,0.00362,0.002894,0.002213,0.001585
PRY,PRY.2_1,BANA,157.77348953232902,175.37061356703347,171.26773390639707,163.48022134876499,155.4918036216217,146.38540345510583,12664.384699547418,13062.121160204877,12469.96380533699,12036.24903400919,11923.289235254091,12067.806714691225,0.01246,0.01343,0.01373,0.01358,0.01304,0.01213
PRY,PRY.3_1,BANA,84.01007840919478,97.14706904193109,95.23824180088187,93.73103316453785,94.47427591192609,90.31172306454974,3306.496176385316,3410.9210373661926,3254.7745174273523,3140.5395131946993,3110.5314883107176,3148.7486546131454,0.02541,0.02848,0.02926,0.02985,0.03037,0.02868
PRY,PRY.4_1,BANA,0,0,0,0,0,0,0.05445312177379964,0.05617282750134678,0.05359672676336566,0.05171325133856749,0.051216876491671934,0.05184799229363875,0,0,0,0,0,0
PRY,PRY.5_1,BANA,0.8321425380099926,0.6842378671253752,0.5799448117822434,0.4792155196044262,0.409831136452861,0.3372818947978087,60.69362768655087,60.73461621249099,60.6318360940801,60.695641771995945,60.759450881062456,60.72797559893347,0.01371,0.01127,0.009565,0.007895,0.006745,0.005554
PRY,PRY.6_1,BANA,102.59923352795776,108.82249805043344,113.94485812179772,109.72131592674724,111.06672097016626,107.8473894559245,8323.867975717178,8586.747365674844,8192.95685860019,7905.043140142433,7829.165788074558,7925.640047801725,0.01233,0.01267,0.01391,0.01388,0.01419,0.01361
PRY,PRY.7_1,BANA,113.58493277610349,115.76829345128772,121.1509755324525,119.05296947573495,114.3871704185797,109.64311301336723,3555.707473557288,3668.0016875264996,3499.7861592281156,3376.798028776454,3344.385493088893,3385.596411776997,0.03194,0.03156,0.03462,0.03526,0.0342,0.03239
PRY,PRY.8_1,BANA,231.58289814766513,257.18257702268596,253.5003839274255,239.84485483041487,237.9454707242701,225.4293501099212,11016.747192460216,11364.673660659422,10844.047886419597,10463.257992789371,10363.10021185732,10490.573368053809,0.02102,0.02263,0.02338,0.02292,0.02296,0.02149
PRY,PRY.9_1,BANA,0.07580982096380891,0.15226013715262887,0.15406774412154867,0.36782562979224503,0.37120000328085734,0.3479724937576093,99.98039550270842,103.13791619551033,98.40798405850478,94.94976877613398,94.03838386570828,95.19716421535962,7.582e-4,0.001476,0.001566,0.003874,0.003947,0.003655
PSE,PSE.1_1,BANA,0,0,0,0,0,0,0.3270624027090414,0.3698156579651253,0.3911922855931671,0.4104312504584049,0.4211217019351886,0.40563651064681056,0,0,0,0,0,0
PSE,PSE.2_1,BANA,0,0,0,0,0,0,166.36049101481143,188.10696042851228,198.9801951353627,208.76610637152805,214.20381104842397,206.32725903616284,0,0,0,0,0,0
RWA,RWA.1_1,BANA,2.0671313470171118,2.0222889065444503,1.8958068504597692,1.769324794375088,1.8690868833332313,1.7310025634002,46720.894379714824,49291.211251061635,50776.54737085105,53083.12586116131,56036.32436962796,54188.2835875133,4.424e-5,4.103e-5,3.734e-5,3.333e-5,3.335e-5,3.194e-5
RWA,RWA.2_1,BANA,1.8369726740248737,1.7201560409958665,1.8487169968647126,1.800196351692092,2.0059101426013424,1.9429876657167546,129124.20066997557,136290.37624348493,140347.34439665775,146718.54169912369,154889.76519278545,149781.09661369037,1.423e-5,1.262e-5,1.317e-5,1.227e-5,1.295e-5,1.297e-5
RWA,RWA.3_1,BANA,0.0879275767059171,0.15661809450215636,0.475652866702124,0.666849464046607,1.0331895305560423,1.063051868878687,301718.5186397917,318340.27584290685,327912.2106999215,342802.0678133386,361873.29385042033,349941.1124768523,2.914e-7,4.92e-7,1.451e-6,1.945e-6,2.855e-6,3.038e-6
RWA,RWA.4_1,BANA,1.2824217513373137,1.239059312272764,1.1567449947186652,1.1594418288388908,1.1283190866187893,1.3913542559008623,117359.66307009986,123811.37482599344,127539.75352832508,133329.4747104992,140742.2311841984,136103.49002495783,1.093e-5,1.001e-5,9.07e-6,8.696e-6,8.017e-6,1.022e-5
RWA,RWA.5_1,BANA,0.00219733365339172,0.00206416191682252,0.00193099018025333,0.00179781844368413,0.00166464670711494,0.00343548593162764,34818.91793383354,36734.45601150847,37841.408203792715,39560.394285466034,41761.27630782015,40384.01713534237,6.311e-8,5.619e-8,5.103e-8,4.544e-8,3.986e-8,8.507e-8
SDN,SDN.11_1,BANA,0,0,0,0.00248097610574639,0.00235374656186196,0.00222651701797753,2036.6316958960995,2059.203072282213,2087.728291108158,2087.1651160095093,2099.1034185341696,2091.3107911934508,0,0,0,1.189e-6,1.121e-6,1.065e-6
SDN,SDN.12_1,BANA,0,0,0,0,0,0,0.0017189016405374609,0.0017379517103058232,0.0017620267777494895,0.0017615514622553194,0.0017716272986651237,0.001765050380537487,0,0,0,0,0,0
SDN,SDN.13_1,BANA,0,0,0,0,0,0,202.81796862275232,205.0657391533179,207.90642308672403,207.85033929419686,209.03921515807275,208.26318635980576,0,0,0,0,0,0
SDN,SDN.18_1,BANA,0,0,0,0,0,0,775.3579641293519,783.951023187403,794.8107459540655,794.5963417990007,799.1413255382467,796.1746253330533,0,0,0,0,0,0
SDN,SDN.6_1,BANA,0,0,0,0,0,0,1154.150130174035,1166.9412288526685,1183.1063435798662,1182.787194754516,1189.5525777349824,1185.136530455638,0,0,0,0,0,0
SEN,SEN.11_1,BANA,0,0,0,0,0,0,0.4343410350696422,0.4275015889187233,0.4301053564631062,0.43064916262447567,0.4294187026687684,0.4295436115945033,0,0,0,0,0,0
SEN,SEN.12_1,BANA,0.13538564817714135,0.11384523484361908,0.09239371331565281,0.07097918370001995,0.0495786382979581,0.028335153878424245,4110.8406192493385,3998.2148488589455,4054.5277340541415,4223.4663896397315,4350.170381328922,4270.773905944127,3.293e-5,2.847e-5,2.279e-5,1.681e-5,1.14e-5,6.635e-6
SEN,SEN.14_1,BANA,0,0,0,0,0,0,1.337569549994029,1.3165072183890354,1.3245256184512604,1.3262002899739045,1.3224110422714002,1.3227957040051428,0,0,0,0,0,0
SEN,SEN.7_1,BANA,3.4451657591426935e-5,2.575686326013972e-6,0,0,0,0,23.49777511563483,22.854000454932503,23.175887785283663,24.141549776337154,24.865796269627264,24.411961957776317,1.466e-6,1.127e-7,0,0,0,0
SGP,SGP.4_1,BANA,0,0,0,0,0,0,1.2534960266957045,1.3191718140596818,1.3205615146885528,1.3708997460963939,1.339906038794053,1.342957115766417,0,0,0,0,0,0
SGP,SGP.5_1,BANA,0.00564215448048174,0.00533717315721246,0.00503219183394318,0.00472721051067389,0.00442222918740461,0.00411724786413533,19.918694942707695,20.962316897436693,20.98439995338473,21.784300275375642,21.291794365702923,21.340277544081594,2.833e-4,2.546e-4,2.398e-4,2.17e-4,2.077e-4,1.929e-4
SLB,SLB.10_1,BANA,0.09809291224780821,0.07710048519283187,0.058027514521139384,0.041576282282747686,0.026465896688695586,0.01573751547761098,0.30669575118836867,0.3074267578085253,0.30635910340277017,0.30713820256372665,0.3079173017246832,0.3075431706127869,0.3198,0.2508,0.1894,0.1354,0.08595,0.05117
SLB,SLB.3_1,BANA,2.6220932834901096,3.951834845893317,3.9690326576486052,3.845861913180327,3.6325524610827933,3.4322048537383836,190.34469993779476,190.79838485265617,190.13576609542434,190.619298702053,191.10283130868166,190.8706341753489,0.01378,0.02071,0.02087,0.02018,0.01901,0.01798
SLB,SLB.4_1,BANA,0,0,0,0,0,0,0.044293574664171206,0.04439914800903969,0.04424495536061334,0.044357474320275814,0.04446999327993831,0.04441596056421024,0,0,0,0,0,0
SLB,SLB.5_1,BANA,0.06540179867746243,0.0595904596336602,0.0570126042423059,0.06009671297531111,0.057007838157430074,0.05218264491878911,0.06163435389890078,0.061781258838257115,0.061566700308407725,0.06172327004640593,0.06187983978440415,0.06180465344984995,1.061,0.9645,0.926,0.9736,0.9213,0.8443
SLB,SLB.6_1,BANA,0.03358694309531883,0.02885875564620575,0.02325489682209301,0.018122535999099496,0.013078178053466453,0.009382263152032944,0.0697789313782461,0.06994524884624918,0.0697023378074552,0.06987959721414272,0.07005685662083022,0.06997173490302906,0.4813,0.4126,0.3336,0.2593,0.1867,0.1341
SLB,SLB.7_1,BANA,0.04670101008000781,0.04084673603533967,0.034562362574049064,0.028552386253914503,0.023063112412566315,0.019215196546596217,0.602481677005868,0.6039176867735542,0.6018203567181176,0.6033508408126254,0.6048813249071332,0.6041463713290615,0.07751,0.06764,0.05743,0.04732,0.03813,0.03181
SLB,SLB.8_1,BANA,0,0,0,0,0,0,0.0015405787799261696,0.0015442507358715495,0.0015388877475829028,0.0015428012795773206,0.001546714811571739,0.0015448354948558595,0,0,0,0,0,0
SLE,SLE.1_1,BANA,0.17736224864771366,0.25372291526983226,0.23808213843429998,0.28666079591660004,0.26877796165880036,0.28586066158655105,117.82372295080467,116.63057591908525,117.04241144920023,117.1655727848765,116.94618421963767,116.96712594135582,0.001505,0.002175,0.002034,0.002447,0.002298,0.002444
SLE,SLE.2_1,BANA,0.00329030625316989,0.00306338858053749,0.00283647090790508,0.00260955323527267,0.00263200659817877,0.00239230066731362,40.77639192096188,41.03623329330096,41.121769923267394,40.978132304356684,41.045379098821606,41.04134741639969,8.069e-5,7.465e-5,6.898e-5,6.368e-5,6.412e-5,5.829e-5
SLE,SLE.3_1,BANA,0.00832968958124849,0.01377676642738595,0.01274028692181632,0.01174509501079711,0.01412125544145108,0.01303524041901579,44.691041544319894,44.19741209924744,44.35710166002771,44.415186137625334,44.32323226253985,44.331863996486746,1.864e-4,3.117e-4,2.872e-4,2.644e-4,3.186e-4,2.94e-4
SLV,SLV.10_1,BANA,0.35397596516304314,0.33322683858695445,0.31438355449674416,0.3601515475448766,0.35709514384768065,0.3359107846468557,380.34240266299474,594.6424096567387,528.0891902420207,600.0044093847647,774.5302973846424,686.597356526613,9.307e-4,5.604e-4,5.953e-4,6.002e-4,4.61e-4,4.892e-4
SLV,SLV.11_1,BANA,0.2896945403046579,0.2744341473035373,0.26209250433327735,0.2516446545891878,0.243367655585323,0.23086959396615198,453.96997353775026,709.7546765394043,630.3179294267709,716.154664701645,924.4656818331183,819.5104768522355,6.381e-4,3.867e-4,4.158e-4,3.514e-4,2.633e-4,2.817e-4
SLV,SLV.12_1,BANA,1.4524383269360417,1.3855646632762708,1.4253479799067827,1.3771178664487822,1.3497121196244164,1.3060700450649494,1134.3912698182132,1773.5523398267176,1575.053853847369,1789.5447867315395,2310.0774497166726,2047.8128172686986,0.00128,7.812e-4,9.05e-4,7.695e-4,5.843e-4,6.378e-4
SLV,SLV.13_1,BANA,0.3812213037925974,0.3679442266114318,0.3618989982720347,0.3622365819392821,0.4410116409341,0.4448304682034173,1246.5195924775014,1948.8582103003982,1730.739243385191,1966.4314224088719,2538.415869220981,2250.227823827526,3.058e-4,1.888e-4,2.091e-4,1.842e-4,1.737e-4,1.977e-4
SLV,SLV.14_1,BANA,2.026713357298052,1.9761647919979755,1.9172992091907999,1.850776089132823,1.8418514741384173,1.7568800726260374,423.6679022090103,662.3792154118737,588.2447969056277,668.3520103474699,862.7584618300538,764.8089186617109,0.004784,0.002983,0.003259,0.002769,0.002135,0.002297
SLV,SLV.1_1,BANA,0.44100629213099385,0.43991751863739526,0.457960482282142,0.4403689788821865,0.42807450777073913,0.42279968383133104,1076.3486391403399,1682.8061870773786,1494.464138844296,1697.9803592704416,2191.8792796331923,1943.0337642095278,4.097e-4,2.614e-4,3.064e-4,2.593e-4,1.953e-4,2.176e-4
SLV,SLV.2_1,BANA,0.2672377102614078,0.25844707738308315,0.25177149968503343,0.2506018460723417,0.24761317744941994,0.25633300297746786,586.4437603055658,912.0818262292001,812.0854210280904,922.0219385299733,1188.681836377038,1054.2033698769042,4.557e-4,2.834e-4,3.1e-4,2.718e-4,2.083e-4,2.432e-4
SLV,SLV.3_1,BANA,0.5093580951858774,0.49060917807431825,0.4692759072793813,0.4528058384465479,0.4483326817852823,0.46692515542157803,538.694699769017,834.4967086121975,744.4608175470357,844.7880609731754,1088.043897100948,965.2808568996417,9.455e-4,5.879e-4,6.304e-4,5.36e-4,4.121e-4,4.837e-4
SLV,SLV.4_1,BANA,0.01348196065321008,0.01364321495822207,0.01298854254652036,0.013037668458314363,0.012454244337383822,0.012255092729424695,66.961366077747,104.6900576943023,92.97299838753268,105.63406715573292,136.36030697169838,120.87923044207311,2.013e-4,1.303e-4,1.397e-4,1.234e-4,9.133e-5,1.014e-4
SLV,SLV.5_1,BANA,0.5623420148894124,0.5418820120239807,0.5365461637874477,0.5424902326461629,0.5220126824918947,0.5194758620876665,807.4932877083534,1262.467058688682,1121.1699601361865,1273.8509558265234,1644.3815148820486,1457.6937855777012,6.964e-4,4.292e-4,4.786e-4,4.259e-4,3.175e-4,3.564e-4
SLV,SLV.6_1,BANA,0.5388730473996214,0.5250724342842401,0.5153494169506291,0.4861773847281344,0.4555203585121196,0.42158571725132604,455.70712292080185,712.4706048393757,632.729887190623,718.8950830254851,928.0032175347285,822.6463937680044,0.001182,7.37e-4,8.145e-4,6.763e-4,4.909e-4,5.125e-4
SLV,SLV.7_1,BANA,0.18515678390366858,0.17783603075063315,0.17406542738109199,0.18924033613879188,0.18578990093472378,0.18478910011350966,534.3085271228889,781.2336206213222,717.369325135577,807.6746787997355,1025.2797161094034,914.2306665184357,3.465e-4,2.276e-4,2.426e-4,2.343e-4,1.812e-4,2.021e-4
SLV,SLV.8_1,BANA,0.20613552511360636,0.21401251070703234,0.21199360157494782,0.19901410406641212,0.23417589040335157,0.23012510092119426,174.57605323529435,272.5446354619355,242.2128632139161,275.1435927175756,355.0495173208377,314.7795145975769,0.001181,7.852e-4,8.752e-4,7.233e-4,6.596e-4,7.311e-4
SLV,SLV.9_1,BANA,0.3212574157975595,0.3128809110050867,0.3341178777090707,0.3285491562421915,0.31655881405427067,0.306540398997278,222.74240949902713,341.040446670425,306.00811337400677,346.6972663379281,445.23648219287736,395.4007680231666,0.001442,9.174e-4,0.001092,9.477e-4,7.11e-4,7.753e-4
SOM,SOM.10_1,BANA,2.482801609826175e-4,1.0839261919224061e-4,2.137153825580807e-5,0,0,0,207.15648915735989,206.92244994945688,207.86801169356045,206.34559156256466,207.68361834266682,207.24958893084744,1.199e-6,5.238e-7,1.028e-7,0,0,0
SOM,SOM.14_1,BANA,0.005033983520757219,0.004543659830510483,0.0044675017497172965,0.0039559387974472905,0.003444375845177294,0.0029631904934458867,1289.1292877158248,1283.2240554504406,1287.10429356622,1286.4858789108284,1285.6049245826714,1285.800185325822,3.905e-6,3.541e-6,3.471e-6,3.075e-6,2.679e-6,2.305e-6
SOM,SOM.15_1,BANA,0.002231699388947239,0.0018296312048818758,0.0015224126035477785,0.0013119031000549917,0.00114049043331564,0.00100631508821969,1577.2113818453638,1569.986505620647,1574.7338616684806,1573.977249711497,1572.8994282652734,1573.1383239830725,1.415e-6,1.165e-6,9.668e-7,8.335e-7,7.251e-7,6.397e-7
SOM,SOM.6_1,BANA,0,0,0,0,0,0,0.8568853703959425,0.8529601573197866,0.8555393550051912,0.8551282942403067,0.8545427231242225,0.8546725131117844,0,0,0,0,0,0
SOM,SOM.7_1,BANA,0,0,0,0,0,0,3.118894625451224,3.3349153288183295,3.44804519441359,2.988110973401379,3.4626346285524785,3.3131747947173786,0,0,0,0,0,0
SOM,SOM.9_1,BANA,0.002310542273333054,0.001378988920561309,6.954556332003124e-4,2.3400766586986028e-4,3.398087542361723e-5,0,77.7453630768848,77.38922779169621,77.62323885948489,77.58594324268863,77.53281427048285,77.54459013929255,2.972e-5,1.782e-5,8.959e-6,3.016e-6,4.383e-7,0
SSD,SSD.1_1,BANA,0.07942744311698387,0.06631621015516445,0.053795271529194166,0.04146002266109861,0.02955433100024175,0.018456452229420762,17.80820158315256,17.836575447065066,17.86499350702729,17.89345576303922,17.921962215100855,17.900920350612754,0.00446,0.003718,0.003011,0.002317,0.001649,0.001031
SSD,SSD.7_1,BANA,0.04194639977670462,0.03670241470183451,0.03149662403194671,0.02636777780773322,0.02136442336808311,0.016429893965807404,31.994215072322888,32.348797332841976,32.79691074870473,32.788063618776505,32.97560691359122,32.85318959306154,0.001311,0.001135,9.604e-4,8.042e-4,6.479e-4,5.001e-4
STP,STP.1_1,BANA,0,0,0,0,0,0,0.0018813713106840605,0.0018813713106840605,0.0018626453949050518,0.0017563949501341696,0.0016851160624100528,0.0017282931305406275,0,0,0,0,0,0
SUR,SUR.10_1,BANA,10.959612927813478,9.476725444396536,8.007249593204884,6.5575911182528115,5.118044873348635,3.6885734117610802,1391.8364940584418,1771.854021037385,1095.0035548512978,900.0884617881543,799.7897044034654,922.9291773645747,0.007874,0.005348,0.007313,0.007285,0.006399,0.003997
SUR,SUR.2_1,BANA,50.52503123326322,51.91800180636371,48.50144125261634,48.11105744498704,51.41783430362362,48.128484423194344,321.3673285456391,409.1112682735303,252.83024886381799,207.82543470761087,184.66700779844317,213.09922927917123,0.1572,0.1269,0.1918,0.2315,0.2784,0.2259
SUR,SUR.4_1,BANA,0.048687730478449216,0.023452000421051722,0.0076021963629581595,0.00285173524396738,0.00116656151007501,8.332582214821546e-4,2.481343044793517,2.6773801402528337,2.6379621801276607,2.4850859964967977,2.4670730414247606,2.509381379035552,0.01962,0.008759,0.002882,0.001148,4.729e-4,3.321e-4
SUR,SUR.5_1,BANA,24.079094512520108,22.32720092025669,21.258371818708287,37.02302147036346,61.977128052694944,58.21360317388112,2658.294063641076,3381.422115901838,2094.5878921138337,1724.0249166151636,1534.5661708267191,1768.3370631127075,0.009058,0.006603,0.01015,0.02147,0.04039,0.03292
SUR,SUR.6_1,BANA,3.401987658355871,2.9371952208516245,2.474804466949473,2.0151721823432633,1.5593675263420006,1.109916066219328,504.3620998592237,642.0696816826681,396.79825513680316,326.1665494362805,289.8211222946867,334.4433774398484,0.006745,0.004575,0.006237,0.006178,0.00538,0.003319
SUR,SUR.7_1,BANA,3.561767140751947,3.0727819099822287,2.587563101454571,2.116122914517369,1.6587636653701459,1.217269990796194,203.53936745376276,259.1123657138512,160.13111587854115,131.627124986923,116.95963658463889,134.96730525986584,0.0175,0.01186,0.01616,0.01608,0.01418,0.009019
SUR,SUR.8_1,BANA,21.698728791406047,19.50699246023781,17.356308192582116,15.267835179547994,20.902792496596188,18.32735536405672,1332.8401166736846,1696.7496758488103,1048.589164055086,861.9360216143233,765.8886711780434,883.8085778691303,0.01628,0.0115,0.01655,0.01771,0.02729,0.02074
SUR,SUR.9_1,BANA,0.5787842630722051,0.5223399694734348,0.5717128663698793,0.8996618447422572,1.0485508064745068,1.0473097483081375,11.127570465378918,12.005662395486025,11.829640441321745,11.145346870455532,11.065210875616183,11.254279943843898,0.05201,0.04351,0.04833,0.08072,0.09476,0.09306
SWZ,SWZ.1_1,BANA,0.4330511525847336,0.41218292198106615,0.3769054297129111,0.3463776776388675,0.3740424081869289,0.35781207764223294,915.6130850711803,917.50330242827,927.4292684827451,922.5960818317143,922.7369310229077,924.0530870879096,4.73e-4,4.492e-4,4.064e-4,3.754e-4,4.054e-4,3.872e-4
SWZ,SWZ.2_1,BANA,0.8678015816897053,1.0852909755952447,1.6654459166194993,1.5957495280139167,3.2650290789817933,3.0947926012815388,1977.9473379142896,1977.9327953281756,1977.9341487988752,1977.9158220427614,1977.9189701239127,1977.9195892263765,4.387e-4,5.487e-4,8.42e-4,8.068e-4,0.001651,0.001565
SWZ,SWZ.3_1,BANA,0.33615438492471966,0.36638484249040454,0.34762618939685097,0.4534175092909104,0.5014686768237738,0.48105138575318007,868.4956582248033,868.4956582248033,868.4956582248033,868.4956582248033,868.4956582248033,868.4956582248033,3.871e-4,4.219e-4,4.003e-4,5.221e-4,5.774e-4,5.539e-4
SWZ,SWZ.4_1,BANA,0.0836522381184953,0.07837018181531186,0.08449596056391416,0.15279427777711238,0.23111403981630338,0.22441216087056898,91.33821439834395,91.33842799890911,91.33954966460064,91.33900349915766,91.33901941556364,91.33916814537942,9.159e-4,8.58e-4,9.251e-4,0.001673,0.00253,0.002457
SYR,SYR.10_1,BANA,0.10525701399371834,0.0975847989284721,0.08991258386322587,0.08224036879797965,0.07456815373273341,0.06689593866748718,54.38472444801137,54.38472444801137,54.38472444801137,54.38472444801137,54.38472444801137,54.38472444801137,0.001935,0.001794,0.001653,0.001512,0.001371,0.00123
SYR,SYR.11_1,BANA,3.2153023932014263e-4,4.703566312022582e-4,4.4445321289073486e-4,4.185497945792106e-4,3.926463762676881e-4,5.421358496927539e-4,30.80330314405647,30.165993423834614,41.85000496123534,282.96551577850494,499.4383840805294,353.45423682515883,1.044e-5,1.559e-5,1.062e-5,1.479e-6,7.862e-7,1.534e-6
SYR,SYR.14_1,BANA,0.007558398707016664,0.007100313936894444,0.006642229166772225,0.006184144396649996,0.005726059626527776,0.0052679748564055575,679.5314678669439,470.623352133009,470.29441135890966,516.9692012130367,513.2340541374069,510.95981128193614,1.112e-5,1.509e-5,1.412e-5,1.196e-5,1.116e-5,1.031e-5
SYR,SYR.2_1,BANA,0,0,0,0,4.7114714874108926e-4,4.469857564979565e-4,25.360771640500104,25.360771640500104,25.360771640500104,25.360771640500104,25.360771640500104,25.360771640500104,0,0,0,0,1.858e-5,1.763e-5
SYR,SYR.9_1,BANA,0.01057104135865527,0.009940841441296613,0.009310641523937945,0.008680441606579287,0.008050241689220632,0.007420041771861964,0.8668966517492657,0.5982626092608015,0.5950292607876381,0.5970916847108494,0.5402220082733984,0.5724065726918164,0.01219,0.01662,0.01565,0.01454,0.0149,0.01296
TCD,TCD.12_1,BANA,0,0,0,0,0,0,6.932400791411422,6.875672801312243,6.876796605132443,6.7553861332933245,6.552135054846262,6.628615185973756,0,0,0,0,0,0
TCD,TCD.13_1,BANA,1.0229049035425949e-4,8.947932546621586e-5,8.038930349471679e-5,1.853499617118547e-4,1.7432315766858776e-4,1.6329635362532082e-4,2.638946922459798,2.619646790807663,2.6218255278212825,2.5781258138654,2.501203200762809,2.529212847172969,3.876e-5,3.416e-5,3.066e-5,7.189e-5,6.97e-5,6.456e-5
TCD,TCD.14_1,BANA,0,0,0,0,0,0,5530.645595219282,5312.049691034111,5180.667043819445,4893.620282710922,4697.570663114984,4841.9857254146955,0,0,0,0,0,0
TCD,TCD.15_1,BANA,0,0,0,0,0,0,0.8212268605762209,0.7887682940240657,0.7692597290566128,0.7266371262509852,0.6975263812491531,0.7189700854588078,0,0,0,0,0,0
TCD,TCD.16_1,BANA,2.040204373492383e-4,1.911057977739759e-4,1.7819115819871348e-4,1.6527651862345108e-4,1.5236187904818865e-4,1.3944723947292623e-4,0.9095039234541641,0.902852199877838,0.9036030940489927,0.8885421388784156,0.8620310265010809,0.8716844541952079,2.243e-4,2.117e-4,1.972e-4,1.86e-4,1.767e-4,1.6e-4
TCD,TCD.18_1,BANA,0,0,0,0,0,0,0.2138662595384021,0.21230213298098222,0.21247870278299488,0.20893717859124222,0.2027031951040577,0.20497316054282844,0,0,0,0,0,0
TCD,TCD.4_1,BANA,0,0,0,0,0,0,289.32324417312157,277.8878927167781,271.0149059983636,255.9987024243914,245.7428089696683,253.2975570750492,0,0,0,0,0,0
TCD,TCD.8_1,BANA,0,0,0,0,0,0,251.80739322748423,241.85483635950243,235.87305333962348,222.80396485714877,213.8779285013993,220.45307054483618,0,0,0,0,0,0
TGO,TGO.1_1,BANA,0.0058617388091136875,0.005177670707299643,0.004531199535461489,0.003890839583637637,0.003712622154822143,0.0035358143422552567,6892.526646669735,7049.6311466180905,7074.575411281476,7117.916774452862,7160.333702580249,7111.786956529239,8.504e-7,7.345e-7,6.405e-7,5.466e-7,5.185e-7,4.972e-7
TGO,TGO.2_1,BANA,8.445669465441577e-5,7.641319992542378e-5,6.83697051964318e-5,6.0326210467439834e-5,5.228271573844785e-5,4.423922100945587e-5,151.31001859964317,154.61295178658864,155.15891193596372,156.08531033894764,156.97807589800857,155.94431504489248,5.582e-7,4.942e-7,4.406e-7,3.8650000000000003e-07,3.331e-7,2.837e-7
TGO,TGO.3_1,BANA,0.01986816448015124,0.016812218543150455,0.014135040456788442,0.011650229011518555,0.009270782709802784,0.006803202997500899,2736.701198039103,2799.5251431631873,2809.8503474085765,2827.538521991331,2844.7804430883107,2825.218530003844,7.26e-6,6.005e-6,5.031e-6,4.12e-6,3.259e-6,2.408e-6
TGO,TGO.4_1,BANA,0.007532262902311101,0.006423697202684388,0.006811852562719091,0.005733338883554145,0.004709880524985932,0.0037190523807255848,6153.654726228995,6295.605885290979,6317.840142420971,6356.772073843979,6395.048783717337,6351.361281009583,1.224e-6,1.02e-6,1.078e-6,9.019e-7,7.365e-7,5.856e-7
THA,THA.10_1,BANA,0.47341662964810854,0.45096571656657125,0.40924363232369954,0.36098746085615613,0.3179052812012309,0.2716366374310656,679.4019772499468,663.2367769199096,642.8783002164071,648.8716944879243,648.6081514116366,647.8112743121417,6.968e-4,6.799e-4,6.366e-4,5.563e-4,4.901e-4,4.193e-4
THA,THA.11_1,BANA,5.130412528790009,4.470014020815695,3.8120871260841795,3.282584896810712,2.624250406269611,2.1413131695918977,819.4007583637094,819.4007583637094,819.4007583637094,819.4007583637094,819.4007583637094,819.4007583637094,0.006261,0.005455,0.004652,0.004006,0.003203,0.002613
THA,THA.12_1,BANA,0.07823179741517527,0.06528928785707463,0.05211995625014005,0.04352065334656559,0.03507424057361907,0.025580398014485216,36104.25140606987,35245.212904139764,34163.338570887034,34481.83486733651,34467.82986617191,34425.48284319684,2.167e-6,1.852e-6,1.526e-6,1.262e-6,1.018e-6,7.431e-7
THA,THA.13_1,BANA,0.36948967544409395,0.25719755292126895,0.15883769144400647,0.07685040062357379,0.020945683832952162,5.6141001786139416e-5,22.024937541869544,21.500892073144193,20.840908450992785,21.03520304964598,21.0266594775205,21.0008262168992,0.01678,0.01196,0.007621,0.003653,9.961e-4,2.673e-6
THA,THA.14_1,BANA,0.0025331034917528395,0.001509176695991138,0.001069143735142479,6.366932333866301e-4,2.102339912543524e-4,0,169.97679214523436,165.93248702324036,160.83908329628628,162.33854600974163,162.27261124917354,162.07324383835964,1.49e-5,9.095e-6,6.647e-6,3.922e-6,1.296e-6,0
THA,THA.15_1,BANA,0.011293452434007813,0.00897860065384029,0.006683902234257623,0.004481453768928699,0.002864001083972722,0.001759447585720854,82.43204713957839,80.47071850020629,78.00061837169909,78.72779870920058,78.69582294814114,78.59913760893163,1.37e-4,1.116e-4,8.569e-5,5.692e-5,3.639e-5,2.239e-5
THA,THA.16_1,BANA,0.4762990038195895,0.40696902000937146,0.3384902490726489,0.27092466336237986,0.2046554829058052,0.13958269966079745,10.598193565608602,10.346027796503774,10.02844986174708,10.121942602026786,10.117831515175556,10.105400792229124,0.04494,0.03934,0.03375,0.02677,0.02023,0.01381
THA,THA.17_1,BANA,0.0071461906199114765,0.006406822948061935,0.005667455276212394,0.0050105415631409795,0.004436081808847669,0.005656855433279839,14627.276653756353,14279.245789395389,13840.93521485664,13969.97080650943,13964.296820244854,13947.140347076293,4.886e-7,4.487e-7,4.095e-7,3.587e-7,3.177e-7,4.056e-7
THA,THA.19_1,BANA,0.5548389297708425,0.47565312275805116,0.3964673157452599,0.31730834949005327,0.23845848381294904,0.16007063952648282,347.92525567766637,339.6469732377556,329.22129234564943,332.2905404551932,332.15557868694725,331.7474938154434,0.001595,0.0014,0.001204,9.549e-4,7.179e-4,4.825e-4
THA,THA.1_1,BANA,0.00208802737161752,0.00188916762193966,0.0016903078722618,0.00149144812258394,0.00129258837290608,0.00109372862322822,431.2728886813159,430.26443629534754,428.9943899001798,429.3682827459078,429.35184183341295,429.3021293277896,4.842e-6,4.391e-6,3.94e-6,3.474e-6,3.011e-6,2.548e-6
THA,THA.21_1,BANA,0.8102942286828227,0.7061620424591597,0.5971011464517185,0.5427097763998359,0.48910843555076466,0.40904169709773214,50726.0323620417,49534.10969439058,48033.00056079927,48474.91667334617,48455.48462424585,48396.72779730722,1.597e-5,1.426e-5,1.243e-5,1.12e-5,1.009e-5,8.452e-6
THA,THA.22_1,BANA,0.0028559399035985593,0.002233139545118678,0.0016103391866387961,9.87538828158927e-4,4.4052276132827467e-4,7.224603825485987e-4,94.49799159926715,92.24957458527554,89.41791494205712,90.25153589178329,90.21487969671321,90.10404209544726,3.022e-5,2.421e-5,1.801e-5,1.094e-5,4.883e-6,8.018e-6
THA,THA.23_1,BANA,0.41897047533235676,0.3682356276328317,0.3105138725177739,0.2515126548830048,0.19277789095501974,0.13594240168503152,58.816684405825995,57.417242664403204,55.65478370880798,56.173639395414014,56.15082413955018,56.08183748593321,0.007123,0.006413,0.005579,0.004477,0.003433,0.002424
THA,THA.24_1,BANA,2.015417753697148e-4,1.4395841097836773e-4,8.637504658702063e-5,2.8791682195673544e-5,0,0,35.00779257818494,34.17484242630371,33.12582379887951,33.43464760352288,33.421067923658775,33.38000694776591,5.757e-6,4.212e-6,2.607e-6,8.611e-7,0,0
THA,THA.25_1,BANA,0.4173390576917366,0.38082263357004476,0.3439450347644104,0.3100177404292738,0.2729888439584858,0.23736206902811072,8726.263472458002,8520.535728353909,8261.441909527248,8337.717331905686,8334.363329390902,8324.221807809961,4.783e-5,4.469e-5,4.163e-5,3.718e-5,3.275e-5,2.851e-5
THA,THA.26_1,BANA,0.006301965393368037,0.004726150115548702,0.003838318463437377,0.00308297997650175,0.002460134654741848,0.0018419288522492625,27.742939156307717,27.08284368378489,26.25151848984511,26.496254858272394,26.485493247656965,26.452953288065103,2.272e-4,1.745e-4,1.462e-4,1.164e-4,9.289e-5,6.963e-5
THA,THA.28_1,BANA,0.3204397820679954,0.25048738577177904,0.18550190502741198,0.12304003439071254,0.08247019445151518,0.05961639783382478,295.8147860782986,295.8147860782986,295.8147860782986,295.8147860782986,295.8147860782986,295.8147860782986,0.001083,8.468e-4,6.271e-4,4.159e-4,2.788e-4,2.015e-4
THA,THA.29_1,BANA,0.12491381844195311,0.10225083844919054,0.08079595440910811,0.06014677136599536,0.042435818978607036,0.028907840548626332,205.39671872300528,200.5096574301763,194.35488536132814,196.16680754967058,196.08713324061023,195.84622145798,6.082e-4,5.1e-4,4.157e-4,3.066e-4,2.164e-4,1.476e-4
THA,THA.32_1,BANA,1.633282252705313,1.3336737650592958,1.0552747076765847,0.7931592843118721,0.562401545990558,0.36613661767734257,810.2475945038395,801.473308395938,790.4229597661313,793.6761057230073,793.5330575512621,793.1005217632081,0.002016,0.001664,0.001335,9.993e-4,7.087e-4,4.617e-4
THA,THA.33_1,BANA,0.2499221291703115,0.2237771892786367,0.2017023216765878,0.18333835452833425,0.1668365641923099,0.15210448928312845,118.3950404637896,124.59824122139118,124.72950104087495,129.4840409975092,126.55662746604665,126.8448073835797,0.002111,0.001796,0.001617,0.001416,0.001318,0.001199
THA,THA.34_1,BANA,0.015392363351604389,0.013556184526092505,0.011786341443134687,0.010157407209174508,0.008453860584852018,0.006780210990716681,1731.677296154745,1690.4750163017673,1638.5848053923855,1653.8609234115008,1653.1891980161563,1651.158097096187,8.889e-6,8.019e-6,7.193e-6,6.142e-6,5.114e-6,4.106e-6
THA,THA.35_1,BANA,0.337741798854594,0.27733914553063127,0.21832469250225886,0.1584012250531627,0.1005809707485703,0.046105219188024474,464.2543048706131,463.3904807544312,462.3025794116601,462.6228500178896,462.6087669963184,462.56618406247765,7.275e-4,5.985e-4,4.723e-4,3.424e-4,2.174e-4,9.967e-5
THA,THA.41_1,BANA,0.4871527586020615,0.42100810047847614,0.35486344235489087,0.2887828477969428,0.22276631680463194,0.1567497858123211,20.808142568097793,20.808142568097793,20.808142568097793,20.808142568097793,20.808142568097793,20.808142568097793,0.02341,0.02023,0.01705,0.01388,0.01071,0.007533
THA,THA.42_1,BANA,0.01726643874470083,0.014981001802333848,0.012747232499512815,0.014421072789625847,0.012249488330450862,0.011604999653346148,1999.169334957793,1951.602542579485,1891.696855379635,1909.3326739982804,1908.5571872405183,1906.2123423410537,8.637e-6,7.676e-6,6.739e-6,7.553e-6,6.418e-6,6.088e-6
THA,THA.43_1,BANA,0.08682028979342828,0.07197209155210085,0.05628457190638012,0.0414007285341409,0.027560502426541796,0.017591365389550237,12950.926328726588,12642.781334196497,12254.703081879077,12368.95062643822,12363.926903988568,12348.736638204557,6.704e-6,5.693e-6,4.593e-6,3.347e-6,2.229e-6,1.425e-6
THA,THA.45_1,BANA,0.5510707558256192,0.4784993829025283,0.4054092893872275,0.3418838808642558,0.2893297455086746,0.238371524480909,47046.18544358658,45926.8029541858,44517.051026124034,44932.07221130201,44913.82279287376,44858.641894823166,1.171e-5,1.042e-5,9.107e-6,7.609e-6,6.442e-6,5.314e-6
THA,THA.47_1,BANA,0.13086152156094075,0.1188425101876351,0.10849686918014574,0.0978520914123349,0.09764500974099914,0.08915528706356644,14001.290312362755,13668.153715241717,13248.601002432422,13372.114409755188,13366.68324640201,13350.260998621005,9.346e-6,8.695e-6,8.189e-6,7.318e-6,7.305e-6,6.678e-6
THA,THA.49_1,BANA,0.020938400505945358,0.017455676901634198,0.014772397993242018,0.015232932537931301,0.013202836190505834,0.012306352224081173,8468.017254781611,8266.535363492683,8012.788777849606,8087.490011883911,8084.205229984371,8074.273011276709,2.473e-6,2.112e-6,1.844e-6,1.884e-6,1.633e-6,1.524e-6
THA,THA.4_1,BANA,0.5587548445845667,0.48518451894540826,0.4244268344098598,0.3502725006775263,0.28600845707748723,0.23552389872207696,1260.4838511815606,1260.4838511815606,1260.4838511815606,1260.4838511815606,1260.4838511815606,1260.4838511815606,4.433e-4,3.849e-4,3.367e-4,2.779e-4,2.269e-4,1.869e-4
THA,THA.50_1,BANA,0.14335422852903615,0.12595976555660846,0.11349814048524565,0.1126577706737393,0.10041577828017757,0.09459267155066169,36579.645899298725,35709.29620388351,34613.17653717657,34935.866560944836,34921.677152122626,34878.772534383985,3.919e-6,3.527e-6,3.279e-6,3.225e-6,2.875e-6,2.712e-6
THA,THA.52_1,BANA,0.198792058341506,0.17055346680059133,0.1418456704706853,0.11393858971874193,0.08737471046493661,0.06871408547593713,20118.289728168154,19639.609661516064,19036.75929242662,19214.2342578331,19206.43028295203,19182.833347849963,9.881e-6,8.684e-6,7.451e-6,5.93e-6,4.549e-6,3.582e-6
THA,THA.53_1,BANA,0.04494738641569972,0.03542734985102005,0.02713923786938319,0.019866330726412702,0.013468974031496474,0.008950111781000093,1686.099929166507,1645.9820842909824,1595.45761236251,1610.3316663026776,1609.6776205725496,1607.6999777837375,2.666e-5,2.152e-5,1.701e-5,1.234e-5,8.367e-6,5.567e-6
THA,THA.55_1,BANA,0.4918544034573652,0.4324639332506568,0.3738114694892813,0.3158932908470635,0.2753635256703147,0.25159830907040576,7193.238339663512,7093.687811840821,6878.049508264192,6921.123442217255,6916.008413341977,6917.142672055592,6.838e-5,6.096e-5,5.435e-5,4.564e-5,3.982e-5,3.637e-5
THA,THA.56_1,BANA,0.06177637523524862,0.04659214119651982,0.03308559092365333,0.02045723939140214,0.012200648010080995,0.008546007808627592,9.33454556890173,9.112446128270216,8.832733771130055,8.915079148113394,8.911458235991628,8.900509657908062,0.006618,0.005113,0.003746,0.002295,0.001369,9.602e-4
THA,THA.5_1,BANA,0.031123656089828308,0.027104409276782877,0.023085162463737454,0.019108369488290682,0.015320294541340443,0.011889007553836286,59.182182236827956,64.48070565838137,62.698785940428905,61.3117444897566,61.07103328829855,61.898142262550735,5.259e-4,4.203e-4,3.682e-4,3.117e-4,0.00025090000000000003,1.921e-4
THA,THA.60_1,BANA,0.03305472880694736,0.028915060777672287,0.025427145444388576,0.02630819667040163,0.03176264672016133,0.03439590451766872,1636.1551573262982,1597.225662307368,1548.1977999090686,1562.6312623887122,1561.9965904597445,1560.0775283731555,2.02e-5,1.81e-5,1.642e-5,1.684e-5,2.033e-5,2.205e-5
THA,THA.61_1,BANA,0.11605521039553525,0.07914811072606562,0.047871935796920936,0.025081494977662145,0.010837891594056258,0.00410908532352882,0.9981491978689013,1.0504463197429674,1.0515529276128317,1.0916368722219942,1.0669568226454786,1.0693863716569976,0.1163,0.07535,0.04552,0.02298,0.01016,0.003842
THA,THA.62_1,BANA,0.013554601911754937,0.009192641633974158,0.0048306813561933785,0.0019067302840089612,0.0010263777559491878,7.70028918212973e-4,7.337668609612218,9.116497363457604,8.89414376922693,8.402813256773703,8.336542769195598,8.589062526823934,0.001847,0.001008,5.431e-4,2.269e-4,1.231e-4,8.965e-5
THA,THA.64_1,BANA,0.32528022017050406,0.2198421150458139,0.13257835177377186,0.06831452747809065,0.024794303748229333,0.00633392004510127,135.0860495439844,142.1637605831468,142.3135250530812,147.73834705259037,144.39823476581074,144.72704150015494,0.002408,0.001546,9.316e-4,4.624e-4,1.717e-4,4.376e-5
THA,THA.65_1,BANA,0.004338434163337488,0.00368156606861267,0.003024697973887853,0.0023678298791630355,0.001710961784438218,0.0010540936897134095,2.555086173256274,2.4942922968263255,2.417728400818495,2.4402682805168334,2.439277151122413,2.4362802660280454,0.001698,0.001476,0.001251,9.703e-4,7.014e-4,4.327e-4
THA,THA.68_1,BANA,0.011954027176102265,0.010116674099931576,0.008279321023760881,0.006660890576582716,0.005261382758397053,0.004032360123823131,9.302493584221724,11.55764354403305,11.275749799056635,10.652854546763402,10.568838653116888,10.888976226807472,0.001285,8.753e-4,7.343e-4,6.253e-4,4.978e-4,3.703e-4
THA,THA.69_1,BANA,1.6369750076193021,1.5977955025758894,1.9221890557283932,2.031018357771856,2.250558336618911,2.3271136730360755,29980.135871927363,29266.810155312403,28368.44671488348,28632.918677890462,28621.289248627992,28586.125259537483,5.46e-5,5.459e-5,6.776e-5,7.093e-5,7.863e-5,8.141e-5
THA,THA.6_1,BANA,0.176564922590144,0.15784592656025337,0.14035005889418667,0.13225638652135305,0.12157407214686518,0.1060718341936479,30295.734954565938,29574.900101142932,28667.07964294442,28934.33568635935,28922.583834796245,28887.04967651283,5.828e-6,5.337e-6,4.896e-6,4.571e-6,4.203e-6,3.672e-6
THA,THA.71_1,BANA,0.6990369315279316,0.59555387888255,0.49419971830718573,0.39544498697833497,0.300070298169982,0.20765111811361603,58.35801293268052,56.98755605479391,55.238818395737916,55.74848361810878,55.72525952923504,55.65922660286975,0.01198,0.01045,0.008947,0.007093,0.005385,0.003731
THA,THA.72_1,BANA,0.04563167862232016,0.04225842811468864,0.038989569295431126,0.035789621917179645,0.03271620304557691,0.029902228205905,1009.7818078145359,1013.3234910983838,1012.8807806879029,1011.9025319053608,1011.7705860519106,1012.2733578912461,4.519e-5,4.17e-5,3.849e-5,3.537e-5,3.234e-5,2.954e-5
THA,THA.73_1,BANA,0.010037616290387819,0.008233296158817046,0.006672092203262024,0.005162372016781629,0.003943875449502141,0.0030638755340696854,1227.51782391101,1198.3111506944665,1161.5282241531256,1172.3568624856089,1171.8807028123313,1170.4409353758924,8.177e-6,6.871e-6,5.744e-6,4.403e-6,3.365e-6,2.618e-6
THA,THA.75_1,BANA,0.7583639339683461,0.6943661096831832,0.6544752551493828,0.6077550967040116,0.5870756456748062,0.5353933097631272,25126.955526122707,24535.1879198612,23789.914939632406,24009.318133470155,23999.670479731416,23970.49879957744,3.018e-5,2.83e-5,2.751e-5,2.531e-5,2.446e-5,2.234e-5
THA,THA.76_1,BANA,0.023371650467792344,0.019182263846510273,0.015316659712962158,0.011451055579414015,0.007642007588103485,0.00425929896441343,4.6273858617435835,4.86983354680571,4.874963743395997,5.060791552468397,4.946375678848171,4.9576389857468985,0.005051,0.003939,0.003142,0.002263,0.001545,8.591e-4
THA,THA.77_1,BANA,0.06493198040248081,0.040921578289347754,0.017999313568229907,0.004980054665542579,0.0021930365704063296,8.837995992819696e-4,43.37311203848148,42.34112351251748,41.04143566855794,41.424054751124544,41.40723012629631,41.35635738692454,0.001497,9.665e-4,4.386e-4,1.202e-4,5.296e-5,2.137e-5
THA,THA.8_1,BANA,0.00981372078514104,0.007432740605254241,0.005458115550287235,0.004035153039105308,0.0032995444674563,0.00269962729155515,25.353362033939103,24.750122434935395,23.990401610435164,24.214058149371045,24.204223466446358,24.174486264794645,3.871e-4,3.003e-4,2.275e-4,1.666e-4,1.363e-4,1.117e-4
THA,THA.9_1,BANA,1.053982213990094,1.0054544218901038,0.9487228599133718,0.887820322184533,0.7829739273502748,0.7092497370491758,11675.208555101697,11436.138680091639,11086.238554950323,11178.209749824526,11172.423657579508,11163.905870306251,9.028e-5,8.792e-5,8.558e-5,7.942e-5,7.008e-5,6.353e-5
TKM,TKM.1_1,BANA,2.1663464244111463e-4,1.833062359117124e-4,1.4997782938231015e-4,1.1664942285290788e-4,8.332101632350564e-5,4.999260979410338e-5,0.5575196689031162,0.5575196689031162,0.5575196689031162,0.5575196689031162,0.5575196689031162,0.5575196689031162,3.886e-4,3.288e-4,2.69e-4,2.092e-4,1.494e-4,8.967e-5
TKM,TKM.3_1,BANA,0,0,0,0,0,0,2.5668105690983505,2.5668105690983505,2.5668105690983505,2.5668105690983505,2.5668105690983505,2.5668105690983505,0,0,0,0,0,0
TLS,TLS.10_1,BANA,7.385963744878473e-4,6.296340371275442e-4,5.206716997672411e-4,4.117093624069379e-4,3.027470250466348e-4,1.9378468768633167e-4,7.013702490406525,17.57683577003286,9.382487683135372,6.96574089202628,7.6246678515912345,8.929993347362416,1.053e-4,3.582e-5,5.549e-5,5.91e-5,3.971e-5,2.17e-5
TLS,TLS.11_1,BANA,0.08835197923680674,0.11013141565429191,0.10607508295660306,0.1164777189381281,0.10974795094177249,0.12791170261427293,13.328402097432333,33.401920749271895,17.829893510037696,13.237258871821917,14.489442505492297,16.97000153967798,0.006629,0.003297,0.005949,0.008799,0.007574,0.007538
TLS,TLS.12_1,BANA,0.11154608196049734,0.10520798616417562,0.10488480834793806,0.10333939740562227,0.0974265214013387,0.10713365166386482,14.62290075672671,36.64602618004363,19.561591959362822,14.522905398467987,15.896705263636136,18.618184426174825,0.007628,0.002871,0.005362,0.007116,0.006129,0.0057539999999999996
TLS,TLS.13_1,BANA,0.49001471553859055,0.5431188025403881,0.5532833783355852,0.5434036274877115,0.5753019850675123,0.55159036084661,29.387220269620226,73.64645779079183,39.31236498816997,29.18626249332287,31.94714830631721,37.41642618347957,0.01667,0.007375,0.01407,0.01862,0.01801,0.01474
TLS,TLS.1_1,BANA,0.14535859507944374,0.16001011127266956,0.17863879069620137,0.1679308945769245,0.1701552018169024,0.18860872944277685,13.368726244077681,33.502975920078114,17.883836603539372,13.277307271024444,14.53327929853993,17.021343090274623,0.01087,0.004776,0.009989,0.01265,0.01171,0.01108
TLS,TLS.2_1,BANA,0.00333754357167167,0.0030473223915263,0.01882996497439666,0.05304947160763206,0.05012300217106921,0.04719653273450638,3.7952784018323236,9.511236791381638,5.077083453135965,3.769325259579871,4.125886043480039,4.832228188479448,8.794e-4,3.204e-4,0.003709,0.01407,0.01215,0.009767
TLS,TLS.3_1,BANA,0.4727105757029984,0.4662545814228135,0.4559218264246554,0.4781126473872337,0.473860139173383,0.4761674324888099,209.35834619086228,256.6067177779174,241.3124516693872,235.45928847851238,235.9077618354213,239.79543726184593,0.002258,0.001817,0.001889,0.002031,0.002009,0.001986
TLS,TLS.4_1,BANA,0.049148929644696075,0.052712698904904154,0.05073940041189365,0.07348141942334996,0.08165700793689314,0.09585314192765929,40.50115601349729,101.49876883421369,54.17988544127097,40.22419813264734,44.0292217456881,51.566922642601966,0.001214,5.193e-4,9.365e-4,0.001827,0.001855,0.001859
TLS,TLS.5_1,BANA,0.62279514276889,0.5902715849578243,0.5554813840467385,0.5943646951058482,0.6064213277054947,0.5837038217450724,203.64921984476766,353.59723264222094,249.76568088235072,218.35773041914146,226.25012199119806,243.63881539558858,0.003058,0.001669,0.002224,0.002722,0.00268,0.002396
TLS,TLS.6_1,BANA,0.23423828425737092,0.2512155109681729,0.2803300150567126,0.44515615315867973,0.5181280881174143,0.5452186986461137,163.2625819912146,197.5499453417894,187.81132892796754,183.8794499131931,184.0457641257791,186.7427419415624,0.001435,0.001272,0.001493,0.002421,0.002815,0.00292
TLS,TLS.7_1,BANA,0.003696924600056095,0.003338585234076432,0.002982131491910373,0.002627563373557918,0.002272995255205473,0.0019184271368530177,0.6426997864938311,1.6106512376435982,0.8597631335204509,0.6383048311787106,0.6986855240875823,0.8182988693334922,0.005752,0.002073,0.003469,0.004116,0.003253,0.002344
TLS,TLS.8_1,BANA,0.13610387890433728,0.13518426880863915,0.13076504665196784,0.12040045594110674,0.158585886488044,0.2563896325252593,16.019849633113786,40.14687911941094,21.430341830718124,15.910301559857718,17.41534270265982,20.39680908124184,0.008496,0.003367,0.006102,0.007567,0.009106,0.01257
TLS,TLS.9_1,BANA,0.13364393283859416,0.11609022488567215,0.10282400887589069,0.09525824691384331,0.07846831019915623,0.07602957471711073,27.30487605784615,68.42795554078977,36.52673657782003,27.118157915595315,29.683410574473296,34.76514178932454,0.004895,0.001697,0.002815,0.003513,0.002644,0.002187
TTO,TTO.11_1,BANA,0.02652117801301042,0.02508760082311796,0.02365402363322551,0.02222044644333305,0.0207868692534406,0.01935329206354814,4.4059377231385595,4.347010935701106,4.318848455084225,4.279860285539408,4.243447793191215,4.27375656251775,0.006019,0.005771,0.005477,0.0051919999999999996,0.004899,0.004528
TTO,TTO.12_1,BANA,0.4531908914921252,0.3954774649207606,0.33982478537520566,0.2858131969056548,0.2346524669059165,0.18155443815264038,74.37353279263152,73.37883118011713,72.90344017205057,72.24530833079963,71.63065468295126,72.14227567967421,0.006093,0.00539,0.004661,0.003956,0.003276,0.002517
TTO,TTO.13_1,BANA,1.1005425230599675,0.9676379360733669,0.835959105940431,0.7128392859181392,0.6258056925806671,0.519602243921264,88.91286795979939,87.72371141698078,87.15538588043069,86.36859537439894,85.63378264492259,86.24542079654736,0.01238,0.01103,0.009592,0.008253,0.007308,0.006025
TTO,TTO.14_1,BANA,0.01718391090935907,0.01489579947784343,0.01260768804632779,0.01031957661481214,0.0080314651832965,0.00574335375178085,0.2839757402211059,0.2801777341817735,0.27836257886588217,0.275849675824105,0.2735027828088974,0.2754562727911758,0.06051,0.05317,0.04529,0.03741,0.02937,0.02085
TTO,TTO.15_1,BANA,0.04820302352996079,0.04325001564065308,0.04200199390128437,0.04075169315343119,0.036848766742911994,0.03335167707652191,139.86178087523345,137.99121303016918,137.09722520273,135.85958745833645,134.7037118318656,135.6658312989393,3.446e-4,3.134e-4,3.064e-4,3e-4,2.736e-4,2.458e-4
TTO,TTO.2_1,BANA,0.13186597659035962,0.1247201306039034,0.11757428461744716,0.11050596808411176,0.10351518100389721,0.09664502142068596,34.402943697435624,33.94282485829838,33.72292337627007,33.418491519534484,33.13417135823046,33.370831735703206,0.003833,0.003674,0.003486,0.003307,0.003124,0.002896
TTO,TTO.3_1,BANA,1.6170775905194155,1.4033079088401335,1.1929650769888827,0.9833110063217998,0.7909052963190887,0.623225434826946,471.0456162101216,464.7456622289325,461.7347678700503,457.566482364857,453.6735664923005,456.913923896585,0.003433,0.00302,0.002584,0.002149,0.001743,0.001364
TTO,TTO.4_1,BANA,0.00402737219937847,0.00683722577885111,0.00646427104203198,0.00609131630521284,0.00571836156839371,0.00534540683157458,6.291861630476128,6.20771173635987,6.167494547115045,6.1118178255142706,6.0598192776745154,6.103101456129079,6.401e-4,0.001101,0.001048,9.966e-4,9.437e-4,8.759e-4
TTO,TTO.5_1,BANA,0.5592216416298602,0.5217720008492733,0.46269671199210016,0.4234156568583458,0.3987919281246409,0.3790830318698013,69.97215275643383,69.03631697501424,68.58905931511235,67.96987531240694,67.3915964902961,67.87294007035587,0.007992,0.007558,0.006746,0.006229,0.005918,0.005585
TTO,TTO.6_1,BANA,0.21723142390884076,0.19273487784633678,0.16871289801018777,0.14480340448864548,0.12871994578044696,0.1046436547785023,154.52014433226515,152.45352962455976,151.4658464471918,150.09849675596092,148.82147834882548,149.88443377515262,0.001406,0.001264,0.001114,9.647e-4,8.649e-4,6.982e-4
TTO,TTO.7_1,BANA,0.00345917255417704,0.00198870988671378,8.280263778274751e-4,1.2384231169215945e-4,0,0,1.948833168958017,1.9227686884513688,1.9103118677255382,1.893066631233232,1.8769606675742538,1.8903668341352677,0.001775,0.001034,4.335e-4,6.542e-5,0,0
TTO,TTO.9_1,BANA,3.8694311689553125,3.45125566436695,3.042762077594923,2.6336194401629593,2.219595802415023,1.808129896757257,376.24978983845807,371.21767345770184,368.8127081406064,365.48327147599235,362.37378753536524,364.96203748485567,0.01028,0.009297,0.00825,0.007206,0.006125,0.004954
TUN,TUN.7_1,BANA,0,0,0,0,0,0,1.8472512229678777,1.8294854126614497,1.8610865442684583,1.8459148567058896,1.845521807805305,1.8486839386170293,0,0,0,0,0,0
TUR,TUR.1_1,BANA,0.01694400328362402,0.036360874713206606,0.03839971923048783,0.047933920937111414,0.04574302101240404,0.044267428201460644,68933.44510489804,68933.44510489804,68933.44510489804,68933.44510489804,68933.44510489804,68933.44510489804,2.458e-7,5.275e-7,5.571e-7,6.954e-7,6.636e-7,6.422e-7
TUR,TUR.20_1,BANA,0.010904194587480235,0.010496389190404314,0.010258011810927696,0.009467244569445516,0.00867647732796336,0.0078857100864812,81.74254467868785,81.74254467868785,81.74254467868785,81.74254467868785,81.74254467868785,81.74254467868785,1.334e-4,1.284e-4,1.255e-4,1.158e-4,1.061e-4,9.647e-5
TUR,TUR.28_1,BANA,0,0,0,0,0,0,0.9712076944299043,0.2980533007958161,0.3000808742706176,0.27980513952260283,0.22100550875336028,0.2603147515671613,0,0,0,0,0,0
TUR,TUR.2_1,BANA,9.937194036019924e-4,9.400048412451282e-4,8.862902788882637e-4,8.325757165313991e-4,7.788611541745348e-4,7.251465918176703e-4,76.01385006048986,76.01385006048986,76.01385006048986,76.01385006048986,76.01385006048986,76.01385006048986,1.307e-5,1.237e-5,1.166e-5,1.095e-5,1.025e-5,9.54e-6
TUR,TUR.33_1,BANA,0,2.252885281807998e-4,2.1373527032537417e-4,2.0218201246994857e-4,1.9062875461452292e-4,1.790754967590973e-4,13.885181612595149,13.885181612595149,13.885181612595149,13.885181612595149,13.885181612595149,13.885181612595149,0,1.623e-5,1.539e-5,1.456e-5,1.373e-5,1.29e-5
TUR,TUR.37_1,BANA,0.07050787554312757,0.11064642075896187,0.10438303046106888,0.10847306841712147,0.10099790920994677,0.09467116931168298,5797.3037073299165,5797.3037073299165,5797.3037073299165,5797.3037073299165,5797.3037073299165,5797.3037073299165,1.216e-5,1.909e-5,1.801e-5,1.871e-5,1.742e-5,1.633e-5
TUR,TUR.39_1,BANA,0.1292646671231742,0.12433322373781638,0.11595241046121968,0.11894039532261245,0.11935897829412127,0.11034869351200836,460.10370423796445,460.10370423796445,460.10370423796445,460.10370423796445,460.10370423796445,460.10370423796445,2.809e-4,2.702e-4,2.52e-4,2.585e-4,2.594e-4,2.398e-4
TUR,TUR.3_1,BANA,0,0,0,0,0,0,0.05937803198043702,0.05937803198043702,0.05937803198043702,0.05937803198043702,0.05937803198043702,0.05937803198043702,0,0,0,0,0,0
TUR,TUR.42_1,BANA,0.0010122594380706298,9.403507045816253e-4,0.0021326391586594007,0.002839519460724922,0.022135600528260687,0.021109119379303484,450.9684271212562,450.9684271212562,450.9684271212562,450.9684271212562,450.9684271212562,450.9684271212562,2.245e-6,2.085e-6,4.729e-6,6.296e-6,4.908e-5,4.681e-5
TUR,TUR.58_1,BANA,0.010617771627244936,0.012880100724893045,0.01722633012917726,0.01889212195851342,0.01787884955651183,0.016687646124564144,12078.779630940573,12078.779630940573,12078.779630940573,12078.779630940573,12078.779630940573,12078.779630940573,8.79e-7,1.066e-6,1.426e-6,1.564e-6,1.48e-6,1.382e-6
TUR,TUR.59_1,BANA,0,0,0,0,0,0,1.7383296310400875,1.7383296310400875,1.7383296310400875,1.7383296310400875,1.7383296310400875,1.7383296310400875,0,0,0,0,0,0
TUR,TUR.64_1,BANA,0.00418360719707127,0.00621866323947014,0.00616664023321117,0.005825605980378131,0.005408998959500775,0.004992391938623419,3891.6512934750112,3891.6512934750112,3891.6512934750112,3891.6512934750112,3891.6512934750112,3891.6512934750112,1.075e-6,1.598e-6,1.585e-6,1.497e-6,1.39e-6,1.283e-6
TUR,TUR.8_1,BANA,0.03355746070808229,0.07168407223469245,0.07624006188450923,0.07294047453793555,0.06814017778831749,0.06560103630786664,5850.5843865893285,5850.5843865893285,5850.5843865893285,5850.5843865893285,5850.5843865893285,5850.5843865893285,5.736e-6,1.225e-5,1.303e-5,1.247e-5,1.165e-5,1.121e-5
TWN,TWN.1_1,BANA,0,0,0,0,0,0,2.4464896099122386,2.4464896099122386,2.4464896099122386,2.4464896099122386,2.4464896099122386,2.4464896099122386,0,0,0,0,0,0
TWN,TWN.2_1,BANA,0.17080857959464002,0.1548228111896384,0.13883704278463677,0.12401824544948607,0.1103664191841863,0.0967145929188865,11325.69334245152,11325.69334245152,11325.69334245152,11325.69334245152,11325.69334245152,11325.69334245152,1.508e-5,1.367e-5,1.226e-5,1.095e-5,9.745e-6,8.539e-6
TWN,TWN.3_1,BANA,2.430915409173261e-4,2.0942419044284855e-4,1.7575683996837106e-4,1.4208948949389358e-4,1.0959883747457298e-4,7.828488391040929e-5,33.177836254825316,33.177836254825316,33.177836254825316,33.177836254825316,33.177836254825316,33.177836254825316,7.327e-6,6.312e-6,5.297e-6,4.283e-6,3.303e-6,2.36e-6
TWN,TWN.4_1,BANA,0.10755260074634478,0.12088837893343317,0.11185570479890956,0.10091107425532118,0.08996644371173283,0.07906155046389295,793.8424451146095,793.8424451146095,793.8424451146095,793.8424451146095,793.8424451146095,793.8424451146095,1.355e-4,1.523e-4,1.409e-4,1.271e-4,1.133e-4,9.959e-5
TWN,TWN.5_1,BANA,0.05113488294044835,0.04705269150272679,0.052830251625699,0.04824243190281365,0.043654612179928304,0.3700432927976881,4392.685115998781,4392.685115998781,4392.685115998781,4392.685115998781,4392.685115998781,4392.685115998781,1.164e-5,1.071e-5,1.203e-5,1.098e-5,9.938e-6,8.424e-5
TWN,TWN.6_1,BANA,0,0,0,0,0,0,1.4352253212907002,1.4352253212907002,1.4352253212907002,1.4352253212907002,1.4352253212907002,1.4352253212907002,0,0,0,0,0,0
TWN,TWN.7_1,BANA,1.9259419833945923,1.847306235318892,2.0913779467421585,2.195588184243719,2.034362827376283,1.9997510962576324,55626.223778011765,55626.223778011765,55626.223778011765,55626.223778011765,55626.223778011765,55626.223778011765,3.462e-5,3.321e-5,3.76e-5,3.947e-5,3.657e-5,3.595e-5
TZA,TZA.10_1,BANA,5.6088122157042175,5.676637741998097,7.1047275188515036,9.223059108713196,8.86808864360717,8.849697379513112,14416.809713252454,15309.916247697432,15169.895637164318,14965.540532704734,15148.450790413506,15126.059860657711,3.89e-4,3.708e-4,4.683e-4,6.163e-4,5.854e-4,5.851e-4
TZA,TZA.11_1,BANA,0.9680976338814724,0.9800031388148958,1.1580200097255817,1.4834478549253691,1.641245481091746,1.6705830349685926,3279.5580847681504,3482.723335184535,3450.871230978295,3404.3842169769932,3445.9929242005064,3440.899401003166,2.952e-4,2.814e-4,3.356e-4,4.357e-4,4.763e-4,4.855e-4
TZA,TZA.12_1,BANA,0.03771004701038761,0.05054091527147481,0.055012614773047176,0.051504912626001376,0.052995543836408456,0.04923175199977277,5748.932428129633,6105.820156940697,6054.683668751382,5959.5733186142425,6046.762191649925,6033.095363473861,6.559e-6,8.277e-6,9.086e-6,8.642e-6,8.764e-6,8.16e-6
TZA,TZA.13_1,BANA,0.6617196725839476,0.830766113866098,0.9256838871391576,0.9840396121298283,1.0834690817399995,1.157234488570285,97183.20524432867,103205.73842914624,102263.97437718348,100890.56227587958,102124.7582478898,101972.42489529941,6.809e-6,8.05e-6,9.052e-6,9.754e-6,1.061e-5,1.135e-5
TZA,TZA.14_1,BANA,7.1815795067555035,7.124861153401136,7.705136054377753,7.373583164523497,6.9287535880868365,6.547032780195948,117033.74236556861,124283.86233914069,123147.19365966589,121488.2661214584,122973.10724806563,122791.3406605552,6.136e-5,5.733e-5,6.257e-5,6.0690000000000003e-05,5.634e-5,5.332e-5
TZA,TZA.15_1,BANA,0.4735232644536564,0.4759218695451653,0.5145893316478035,0.5058669967429414,0.4694323243095394,0.490179994287457,4186.619149812462,4425.21058962632,4386.885050241084,4310.805157293678,4365.748297723693,4360.019150129046,1.131e-4,1.075e-4,1.173e-4,1.173e-4,1.075e-4,1.124e-4
TZA,TZA.16_1,BANA,0.001839780520843363,0.0014700231591364564,0.0011064568084332934,0.0021754077486957012,0.0017490440207690386,0.0016684742442686484,2580.1938512392253,2740.03420666531,2714.9745488401677,2678.400868914901,2711.1365387097876,2707.12920696105,7.13e-7,5.365e-7,4.075e-7,8.122e-7,6.451e-7,6.163e-7
TZA,TZA.17_1,BANA,0.7527359743124923,0.7617098647997158,0.7110303435669258,0.7216280937838202,0.8201489676748398,0.8347505370686626,6172.053895130284,6554.406286146469,6494.461348824795,6406.973843367183,6485.280486168533,6475.69459109441,1.22e-4,1.162e-4,1.095e-4,1.126e-4,1.265e-4,1.289e-4
TZA,TZA.18_1,BANA,2.866341852308318,2.673027821223322,2.479713790138326,3.4942955334422585,3.4227932308347038,3.1610577840496883,18366.377669958096,19504.15587729932,19325.775815012355,19065.436454089922,19298.456029128123,19269.930975357147,1.561e-4,1.37e-4,1.283e-4,1.833e-4,1.774e-4,1.64e-4
TZA,TZA.19_1,BANA,1.078176419167487,1.0033407620271977,0.9285051048869086,0.9105717253692901,0.8328180027098895,0.755064280050489,22005.005120592352,23368.19255627243,23154.472994659758,22842.55689050818,23121.74079024367,23087.564538095587,4.9e-5,4.294e-5,4.01e-5,3.986e-5,3.602e-5,3.27e-5
TZA,TZA.1_1,BANA,5.703204997346881,5.163031668269455,4.829934980949112,9.163509012317798,8.944403020430217,8.210505954065319,17884.407101420933,18992.32776358187,18818.62897713272,18565.120789554705,18792.026147418346,18764.24942095383,3.189e-4,2.718e-4,2.567e-4,4.936e-4,4.76e-4,4.376e-4
TZA,TZA.20_1,BANA,5.129651705338848,5.89240998036752,6.053775907029432,8.014179260224969,7.621932508065214,7.825466902907292,22769.901293002225,24180.473259888484,23959.324785001274,23636.566445963992,23925.45480589551,23890.09058381458,2.253e-4,2.437e-4,2.527e-4,3.391e-4,3.186e-4,3.276e-4
TZA,TZA.21_1,BANA,0.43937626060428786,0.3809643763540748,0.32428198186636725,0.27157767642562197,0.22321068652589776,0.17427556820222784,2912.5197020935548,3092.947302192097,3064.6599907141645,3023.3756649999386,3060.3276495157706,3055.804178279135,1.509e-4,1.232e-4,1.058e-4,8.983e-5,7.294e-5,5.703e-5
TZA,TZA.22_1,BANA,0.3919747520695413,0.41632585474939465,0.39308309159183347,0.39802730032423533,0.4016334228843552,0.3977316158497695,33913.3549009472,36014.15943547194,35684.79267305707,35204.00344227255,35634.28021144787,35581.61241017422,1.156e-5,1.156e-5,1.102e-5,1.131e-5,1.127e-5,1.118e-5
TZA,TZA.23_1,BANA,0.0017666894272779649,0.0016572388332612255,0.001547788239244496,0.0017245374996867238,0.002443671399503045,0.006734870081999841,269.87924911161605,286.5979910307193,283.9768385023558,280.1513595482304,283.57539607136476,283.1562431915255,6.546e-6,5.782e-6,5.45e-6,6.156e-6,8.617e-6,2.378e-5
TZA,TZA.24_1,BANA,0,0,0,0,0,0,16.759925812635707,17.798185979607222,17.63540828527324,17.397840025838722,17.610478078954667,17.584448025909154,0,0,0,0,0,0
TZA,TZA.25_1,BANA,0.019457043683435052,0.02159769803853845,0.02185265767999657,0.025612917589526846,0.028901109378094748,0.02841684336793975,403.6787151970645,428.68619643110213,424.765541217823,419.04348428199654,424.1650735445895,423.5381150193911,4.82e-5,5.038e-5,5.145e-5,6.112e-5,6.814e-5,6.709e-5
TZA,TZA.26_1,BANA,0.0019975651642274,0.0019659692920382024,0.0024985181096813802,0.0030212228257375487,0.0037098069382621064,0.004155119805366295,140.27928927598538,148.96944697325415,147.60701019838854,145.61858214920935,147.39834629002945,147.18047674920558,1.424e-5,1.32e-5,1.693e-5,2.075e-5,2.517e-5,2.823e-5
TZA,TZA.27_1,BANA,11.431671805428717,10.495558219450412,10.081520513220669,9.420478865275637,9.262204973935523,8.524452584457203,76618.95878619277,81365.74454113221,80623.60957008487,79531.71904026928,80509.90953441558,80388.88233800462,1.492e-4,1.29e-4,1.25e-4,1.184e-4,1.15e-4,1.06e-4
TZA,TZA.28_1,BANA,0,0,0,0,0,0,11576.10821827354,12293.236216687685,12180.805396516002,12016.716610492407,12163.58606216608,12145.607061879866,0,0,0,0,0,0
TZA,TZA.29_1,BANA,5.003954549095328,9.458230039351447,9.149882316228277,10.199831741107857,11.488554280684687,18.6994959469533,4847.173566045915,5147.450983278188,5100.373702272403,5031.666083865502,5093.163584613508,5085.635377958209,0.001032,0.001837,0.001794,0.002027,0.002256,0.003677
TZA,TZA.2_1,BANA,0.08556708449743577,0.07558296525783391,0.06561218796641824,0.05568499491656902,0.04635037345063521,0.03649596949693043,1391.0186763965492,1477.1908527749868,1463.6808399353938,1443.9634563689765,1461.6117148698515,1459.4513061461682,6.151e-5,5.117e-5,4.483e-5,3.856e-5,3.171e-5,2.501e-5
TZA,TZA.30_1,BANA,0.09002329538127994,0.0834836337246134,0.0769439720679469,0.07040431041128038,0.06386464875461387,0.05732498709794734,1573.5111905008728,1670.9885904395576,1655.7061526494488,1633.401977863293,1653.3655719653627,1650.9217318067406,5.721e-5,4.996e-5,4.647e-5,4.31e-5,3.863e-5,3.472e-5
TZA,TZA.31_1,BANA,1.1131537209588191,1.2725867823746912,1.3963226541847105,1.439463722125641,1.4862950788191385,1.4020941295333922,52797.45230479715,56068.48746167908,55555.986030442284,54808.15101039946,55478.16981436626,55395.98133047512,2.108e-5,2.27e-5,2.513e-5,2.626e-5,2.679e-5,2.531e-5
TZA,TZA.3_1,BANA,1.06004523661329,1.141852914892815,1.5025994868340649,1.9876533299732804,2.451601572958657,2.504821019792626,4862.647849272424,5163.883882435704,5116.6563103025455,5047.72934733689,5109.423174816616,5101.870934856055,2.18e-4,2.211e-4,2.937e-4,3.938e-4,4.798e-4,4.91e-4
TZA,TZA.4_1,BANA,0.004519061916725824,0.004847160608459849,0.004519369234907029,0.01287733342636581,0.08543895431322863,0.08728729148814009,4235.632197359269,4498.025255754828,4456.887457721551,4396.848303611882,4450.587001159259,4444.008587148892,1.067e-6,1.078e-6,1.014e-6,2.929e-6,1.92e-5,1.9639999999999998e-05
TZA,TZA.5_1,BANA,0.14724344292469,0.1519601086503386,0.2382141352919766,0.26276760854012926,0.2541638538151654,0.2378576266082588,2289.965414022648,2431.826416255106,2409.585548701973,2377.125792993242,2406.1792501973023,2402.6226759101733,6.43e-5,6.249e-5,9.886e-5,1.105e-4,1.056e-4,9.9e-5
TZA,TZA.6_1,BANA,0.5635458881350265,0.5193792080429915,0.4755677903630717,0.5807291145937652,0.8916797483169582,0.8526938835847845,731293.9215438777,776653.2355223837,769568.3828764629,759305.9502807269,768679.68299658,767478.3964138874,7.706e-7,6.687e-7,6.18e-7,7.648e-7,1.16e-6,1.111e-6
TZA,TZA.7_1,BANA,0.01626578366901157,0.014090878067996028,0.011672744468605948,0.011480091953888652,0.0097551699912244,0.008117288768505069,430.73126896690025,457.4146280841741,453.2312299221655,447.12570899107993,452.59052187111257,451.9215476820313,3.776e-5,3.081e-5,2.575e-5,2.568e-5,2.155e-5,1.796e-5
TZA,TZA.8_1,BANA,0.1270579892731053,0.11162327266579848,0.09618855605849162,0.0848832209295846,0.07588161125918585,0.059894368930440735,111293.51294602816,118800.00881264312,117310.05358806733,115805.77869148274,117397.9065156358,117148.17747189401,1.142e-6,9.396e-7,8.2e-7,7.33e-7,6.464e-7,5.113e-7
TZA,TZA.9_1,BANA,9.52514591773819,9.598256520294939,10.918881096450987,10.449361794110313,17.351260183356246,16.97130652282363,84181.3684275694,89396.33288960363,88578.83283985729,87385.30221753083,88453.62684536859,88322.78690130827,1.132e-4,1.074e-4,1.233e-4,1.196e-4,1.962e-4,1.922e-4
UGA,UGA.12_1,BANA,5.772098903886926e-4,1.9240329679623088e-4,0,0,0,0,851.7332789562231,898.5907812761966,925.6688203517848,967.7183077771547,1021.5558355560971,987.8656021842216,6.777e-7,2.141e-7,0,0,0,0
UGA,UGA.26_1,BANA,0,0,0,0,0,0,43.08659822276049,45.45697686835822,46.82677257686903,48.95392836017975,51.67740528192302,49.97311875797279,0,0,0,0,0,0
UGA,UGA.28_1,BANA,0,0,0,0,0,0,0.044219781176334676,0.047282529162271936,0.04888648777642578,0.04236552665042252,0.04909333720950492,0.04697429122029223,0,0,0,0,0,0
UGA,UGA.32_1,BANA,0,0,0,0,0,0,0.12783611346808904,0.13669029113787756,0.1413272167386497,0.12247560091765422,0.1419252031351104,0.13579919806871563,0,0,0,0,0,0
UGA,UGA.38_1,BANA,0,0,0,0,0,0,57.72906598672705,61.72749329408585,63.821466403252224,55.30833076292052,64.09150900079304,61.325087673370504,0,0,0,0,0,0
UGA,UGA.39_1,BANA,0,0,0,0,0,0,43.1552167071165,45.8286379981727,45.409500899798935,44.79778520169605,45.34530798699857,45.278283073366204,0,0,0,0,0,0
UGA,UGA.3_1,BANA,0,0,0,0,0,0,70.23752464397802,70.34943431416534,70.46151829848068,70.57377659692403,70.68620920949542,70.60321775925621,0,0,0,0,0,0
UGA,UGA.40_1,BANA,3.6053655111425173e-4,3.3383013992060344e-4,3.0712372872695516e-4,3.1117314672730076e-4,2.8288951352370406e-4,2.865856216351723e-4,0.3676073391792221,0.3930685379399583,0.4064025468974299,0.35219257333690723,0.4081221250518703,0.39050609808451453,9.808e-4,8.493e-4,7.557e-4,8.835e-4,6.931e-4,7.339e-4
UGA,UGA.45_1,BANA,1.0470414433578714e-4,9.69482817923955e-5,8.919241924900386e-5,8.143655670561223e-5,7.368069416222058e-5,6.592483161882894e-5,2.6068746513973444,2.7874318562446416,2.8819895166829474,2.4975613759298905,2.8941838453160913,2.769260403194217,4.016e-5,3.478e-5,3.095e-5,3.261e-5,2.546e-5,2.381e-5
UGA,UGA.48_1,BANA,0,0,0,0,0,0,373.1966967982537,393.7278484135346,405.592401541208,424.0168663319214,447.60639609117624,432.84463425869944,0,0,0,0,0,0
UGA,UGA.51_1,BANA,0.0019595944947829237,0.0016033045866405793,0.0012470146784982288,8.907247703558779e-4,5.344348622135267e-4,1.7814495407117559e-4,3.468844210325519,3.683735541544625,3.6500450306871812,3.6008749275191083,3.644885162868124,3.639497656991855,5.649e-4,4.352e-4,3.416e-4,2.474e-4,1.466e-4,4.895e-5
UGA,UGA.56_1,BANA,0,0,0,0,0,0,3.0478836748975717,3.258986021818714,3.36954014816765,2.9200777032647416,3.3837974102678334,3.237740475903467,0,0,0,0,0,0
UGA,UGA.5_1,BANA,0,0,0,0,0,0,2.329063990166131,2.3327748951888494,2.3364915804374604,2.340214045911963,2.343942291612358,2.34119030968783,0,0,0,0,0,0
UGA,UGA.7_1,BANA,0,0,0,0,0,0,15.278933933015255,16.337182592003526,16.891386548807873,14.638247081051174,16.96285770352696,16.230679415690272,0,0,0,0,0,0
URY,URY.13_2,BANA,0,0,0,0,0,0,0.6827536098238265,0.704490203120911,0.716898554381654,0.714610088627434,0.7296524536162355,0.7206902166772171,0,0,0,0,0,0
URY,URY.1_2,BANA,0.0025682710883575973,0.0023648584355665607,0.002161445782775524,0.002262888440878715,0.0020591235957075345,0.0018392936750087651,0.8724872653986381,0.8812625951678035,0.8850042894168383,0.8847648167097746,0.891193707017664,0.887429104817007,0.002944,0.002683,0.002442,0.002558,0.002311,0.002073
URY,URY.3_2,BANA,4.598633801130069e-5,2.1967788332213282e-4,2.6144869014857675e-4,2.461569152943015e-4,2.308651404400262e-4,2.1557336558575093e-4,0.6187910206723861,0.638491258882352,0.6497371552511428,0.6476630804466275,0.6612962275304617,0.653173602233125,7.432e-5,3.441e-4,4.024e-4,3.801e-4,3.491e-4,3.3e-4
USA,USA.10_1,BANA,0.13442688615639636,0.12835042473597566,0.12728956922965828,0.1394591837236576,0.13393353142756334,0.15818627171756217,996.778295317623,1040.2087942258984,1009.1730733637186,1015.3876773562748,1021.590804702492,1020.121466886684,1.349e-4,1.234e-4,1.261e-4,1.373e-4,1.311e-4,1.551e-4
USA,USA.11_1,BANA,0,0,0,0,0,0,2.2086920786829e-5,2.304926717180306e-5,2.2361568100239036e-5,2.2499273211546034e-5,2.263672401978504e-5,2.2604165979447186e-5,0,0,0,0,0,0
USA,USA.1_1,BANA,0,0,0,0,0,0,0.0020252458408199893,0.002113487566880742,0.002050429447649774,0.002063056228296374,0.0020756596907885025,0.0020726743024486846,0,0,0,0,0,0
USA,USA.34_1,BANA,0,0,0,0,0,0,0.02558463851593771,0.026699383510240562,0.025902779387668454,0.026062291685855672,0.026221509409161663,0.026183795428979875,0,0,0,0,0,0
USA,USA.41_1,BANA,0,0,0,0,0,0,0.8273146841784372,0.8633615058807118,0.837602209431382,0.8427602602873724,0.8479087856570174,0.8466892519284571,0,0,0,0,0,0
VCT,VCT.1_1,BANA,0.23684645625358774,0.2107446704044346,0.18464288455528144,0.1585410987061282,0.13243931285697505,0.10633752700782186,16809.616970317853,16774.063796173516,16943.19260192884,17064.57065332657,17185.951592409005,17098.036595487014,1.409e-5,1.256e-5,1.09e-5,9.291e-6,7.706e-6,6.219e-6
VCT,VCT.3_1,BANA,0.0946461159071706,0.08745908191061055,0.08027204791405051,0.07308501391749048,0.06589797992093044,0.05871094592437041,330.3424242632736,329.6437336412426,332.9674512372248,335.3527714870484,337.73814848562296,336.0104438470467,2.865e-4,2.653e-4,2.411e-4,2.179e-4,1.951e-4,1.747e-4
VCT,VCT.5_1,BANA,0.20238353873785508,0.18988402800355583,0.1773845172692566,0.16488500653495736,0.15238549580065813,0.13988598506635888,1097.8280395399504,1095.506078751717,1106.5518001134806,1114.4789425608333,1122.4062736014923,1116.6645872271117,1.843e-4,1.733e-4,1.603e-4,1.479e-4,1.358e-4,1.253e-4
VCT,VCT.6_1,BANA,0.2532155895706652,0.24023017472088748,0.2272447598711098,0.2142593450213321,0.20127393017155437,0.18828851532177668,789.2602629889054,787.590938362128,795.532026249208,801.2310777467176,806.9302648293982,802.8024007790845,3.208e-4,3.05e-4,2.857e-4,2.674e-4,2.494e-4,2.345e-4
VEN,VEN.12_1,BANA,7.12684729523946,6.400336755127771,5.70094822861825,5.001865187858704,4.505309916845953,3.9265042093641442,1478.599948600253,1478.599948600253,1478.599948600253,1478.599948600253,1478.599948600253,1478.599948600253,0.00482,0.004329,0.003856,0.003383,0.003047,0.002656
VEN,VEN.13_1,BANA,0.7736750462664609,0.6852485306479841,0.593471625373374,0.5018757782408171,0.41024299431847505,0.31845914334475534,979.8889864211229,979.8889864211229,979.8889864211229,979.8889864211229,979.8889864211229,979.8889864211229,7.896e-4,6.993e-4,6.057e-4,5.122e-4,4.187e-4,3.25e-4
VEN,VEN.14_1,BANA,28.195828851201608,26.10990307917811,25.217698291409896,23.174886984806854,23.106293598184696,23.134580118130454,6118.614519098974,6118.614519098974,6118.614519098974,6118.614519098974,6118.614519098974,6118.614519098974,0.004608,0.004267,0.004121,0.003788,0.003776,0.003781
VEN,VEN.15_1,BANA,35.5947056915058,30.36206220372091,25.476040324552017,20.656845002211856,16.089752442980675,11.88927845888228,26866.341923997057,26866.341923997057,26866.341923997057,26866.341923997057,26866.341923997057,26866.341923997057,0.001325,0.00113,9.483e-4,7.689e-4,5.989e-4,4.425e-4
VEN,VEN.16_1,BANA,7.303354724078628,6.327336660129815,5.35646328668053,4.392604649896381,3.438176716961716,2.4891318653991736,1.172933816850027,1.172933816850027,1.172933816850027,1.172933816850027,1.172933816850027,1.172933816850027,6.227,5.394,4.567,3.745,2.931,2.122
VEN,VEN.17_1,BANA,10.124848495960078,9.444005661442707,8.7769883566306,8.463609757736666,10.503527559074493,9.790940772090543,11785.39602275076,11785.39602275076,11785.39602275076,11785.39602275076,11785.39602275076,11785.39602275076,8.591e-4,8.013e-4,7.447e-4,7.181e-4,8.912e-4,8.308e-4
VEN,VEN.18_1,BANA,0.010550633886701187,0.009745946011004085,0.008941258135306981,0.00813657025960989,0.007331882383912794,0.006527194508215701,41.648918843490385,41.648918843490385,41.648918843490385,41.648918843490385,41.648918843490385,41.648918843490385,2.533e-4,2.34e-4,2.147e-4,1.954e-4,1.76e-4,1.567e-4
VEN,VEN.19_1,BANA,2.843144099678078,2.633955429827168,2.395469730002265,2.310094466047761,2.0905866912919944,1.9184041012715352,4622.229975616901,4622.229975616901,4622.229975616901,4622.229975616901,4622.229975616901,4622.229975616901,6.151e-4,5.698e-4,5.182e-4,4.998e-4,4.523e-4,4.15e-4
VEN,VEN.1_1,BANA,7.99843859099842,7.709323088502081,7.246532750369804,6.912624271733372,6.73581868349828,6.3907747803934045,69.60226425175567,69.60226425175567,69.60226425175567,69.60226425175567,69.60226425175567,69.60226425175567,0.1149,0.1108,0.1041,0.09932,0.09678,0.09182
VEN,VEN.20_1,BANA,6.697022575957266,5.470339151526822,4.409296074237142,3.4707080474366307,2.6486029256030754,1.845770158287243,0.07004357457970534,0.07004357457970534,0.07004357457970534,0.07004357457970534,0.07004357457970534,0.07004357457970534,95.61,78.1,62.95,49.55,37.81,26.35
VEN,VEN.21_1,BANA,39.67392695881159,35.46370741446818,31.096515378369652,26.71133142371821,22.37175568919756,17.870052065474862,19396.55520796532,19398.811864178708,19416.016255014823,19421.20392685479,19434.553988710308,19424.816538223975,0.002045,0.001828,0.001602,0.001375,0.001151,9.2e-4
VEN,VEN.22_1,BANA,268.2868226490534,270.95765080347724,260.2429393060845,250.33396741649932,246.85941296510634,286.05681089577814,287154.83719602023,287154.83719602023,287154.83719602023,287154.83719602023,287154.83719602023,287154.83719602023,9.343e-4,9.436e-4,9.063e-4,8.718e-4,8.597e-4,9.962e-4
VEN,VEN.24_1,BANA,8.369459410571741,8.002213024305137,7.492472128194318,6.9304892517675745,7.31304495539525,6.828062074505187,2680.760457367119,2680.760457367119,2680.760457367119,2680.760457367119,2680.760457367119,2680.760457367119,0.003122,0.002985,0.002795,0.002585,0.002728,0.002547
VEN,VEN.25_1,BANA,23.16008720209112,20.04602175353835,17.1806105327927,14.919826752117944,13.417950598650416,12.509536028200888,15911.58165627478,15911.855649572508,15913.944531234069,15914.574395591135,15916.195301536387,15915.013023015454,0.001456,0.00126,0.00108,9.375e-4,8.43e-4,7.86e-4
VEN,VEN.2_1,BANA,0.5512713508401723,0.4925886594629489,0.4411446598843946,0.3842112914423152,0.3245873235814921,0.267536074603354,1595.992771485427,1595.992771485427,1595.992771485427,1595.992771485427,1595.992771485427,1595.992771485427,3.454e-4,3.086e-4,2.764e-4,2.407e-4,2.034e-4,1.676e-4
VEN,VEN.3_1,BANA,0.4299456314784105,0.40869774720601204,0.39515401935321315,0.3761813733747811,0.36961118883703636,0.4209731166749967,276.2916284843865,276.2916284843865,276.2916284843865,276.2916284843865,276.2916284843865,276.2916284843865,0.001556,0.001479,0.00143,0.001362,0.001338,0.001524
VEN,VEN.4_1,BANA,14.30202484198381,12.610292337384436,10.927138428296562,9.265920461884937,7.624827292532267,5.988089109883745,19228.815246283146,19228.815246283146,19228.815246283146,19228.815246283146,19228.815246283146,19228.815246283146,7.438e-4,6.558e-4,5.683e-4,4.819e-4,3.965e-4,3.114e-4
VEN,VEN.5_1,BANA,3.187738546357193,3.056159639262546,3.0154399032681067,2.8894375193707775,3.035582649042041,3.079548954199556,2613.0640040091475,2613.0640040091475,2613.0640040091475,2613.0640040091475,2613.0640040091475,2613.0640040091475,0.00122,0.00117,0.001154,0.001106,0.001162,0.001179
VEN,VEN.6_1,BANA,2.572497459320926,2.4583335076668598,2.2692035324087083,2.1510252907660634,2.2672336472330756,2.113697698155208,1270.31916708874,1270.351482412153,1270.369929639763,1270.3665274271918,1270.3888905860765,1270.3755666221402,0.002025,0.001935,0.001786,0.001693,0.001785,0.001664
VEN,VEN.7_1,BANA,8.514893300795988,8.00942399824205,7.3185612496583445,6.751275648406625,6.470289459267212,6.000175666734426,7686.558411756531,7686.558411756531,7686.558411756531,7686.558411756531,7686.558411756531,7686.558411756531,0.001108,0.001042,9.521e-4,8.783e-4,8.418e-4,7.806e-4
VEN,VEN.8_1,BANA,0.6664781745482302,0.5991310178675542,0.531788780183966,0.4644491159016398,0.39710945161931344,0.33374502559516744,743.0119690851108,743.0119690851108,743.0119690851108,743.0119690851108,743.0119690851108,743.0119690851108,8.97e-4,8.064e-4,7.157e-4,6.251e-4,5.345e-4,4.492e-4
VEN,VEN.9_1,BANA,0.8684799729311529,0.8175601645007469,0.7606475732693202,0.7425869488041206,1.7715768637802096,1.694228169295096,80.34711966417025,80.34711966417025,80.34711966417025,80.34711966417025,80.34711966417025,80.34711966417025,0.01081,0.01018,0.009467,0.009242,0.02205,0.02109
VNM,VNM.10_1,BANA,2.892216391319673,2.6234466164955377,2.370047952218036,2.1750362613012175,2.0158832261390556,2.009596443746928,7764.669151054462,8072.56618609768,8555.423984878105,9035.17542983722,9036.688408769858,8908.795261885014,3.725e-4,3.25e-4,2.77e-4,2.407e-4,2.231e-4,2.256e-4
VNM,VNM.11_1,BANA,0.20217472268356942,0.15038231098336935,0.11362538668780578,0.0785818490000728,0.05387123521276484,0.041341890547579516,10370.022805895424,10738.992515583175,11403.134617934686,12070.680709912716,12074.623295651547,11893.217063693475,1.95e-5,1.4e-5,9.964e-6,6.51e-6,4.462e-6,3.476e-6
VNM,VNM.12_1,BANA,0.15124320271734418,0.13523407448049338,0.11922494624364254,0.10321581800679172,0.10357794826110608,0.08679220041944403,3891.0872339101074,4029.5337305030876,4278.736157955131,4529.215845913543,4530.695200908619,4462.627127526707,3.887e-5,3.356e-5,2.786e-5,2.279e-5,2.286e-5,1.945e-5
VNM,VNM.13_1,BANA,8.46068369105672,7.475751839783132,6.454411274451126,5.508645713698311,4.482964734955258,4.813603116396467,2797.5809515043193,2897.12004132365,3076.289492481881,3256.377257583728,3257.440871711592,3208.5018646805215,0.003024,0.00258,0.002098,0.001692,0.001376,0.0015
VNM,VNM.14_1,BANA,12.62596340081731,11.598604618299415,10.61483590013999,9.450413519846421,8.255631904238125,7.1556494043342695,33489.76211232241,34679.35334360842,36818.285487245565,38966.82423491082,38980.070778399946,38395.82589746698,3.77e-4,3.345e-4,2.883e-4,2.425e-4,2.118e-4,1.864e-4
VNM,VNM.15_1,BANA,2.141965920094275,2.1361649490972563,2.0985663818767644,2.003672508193826,1.9645665112364694,1.9478586803245146,25523.01673825688,26431.743227311337,28066.073187993083,29708.6726202023,29718.348614250503,29272.018377989152,8.392e-5,8.082e-5,7.477e-5,6.744e-5,6.611e-5,6.654e-5
VNM,VNM.16_1,BANA,1.7511183118486622,1.6209797142474613,1.4743324956797639,1.3926962768723004,1.346455149643197,1.286310311652599,10739.275443878278,11121.605163626899,11809.294645881699,12500.469657856778,12504.542535539456,12316.732518134799,1.631e-4,1.458e-4,1.248e-4,1.114e-4,1.077e-4,1.044e-4
VNM,VNM.17_1,BANA,0.42118483206765084,0.33849979478786857,0.30208372622204943,0.2477364137264444,0.20609544143347544,0.20536783815008158,7462.012535418565,7727.514034346274,8205.414303787224,8685.764000171484,8688.600987587597,8558.065539188716,5.644e-5,4.38e-5,3.682e-5,2.852e-5,2.372e-5,2.4e-5
VNM,VNM.18_1,BANA,0.5877436212796825,0.5287566755301407,0.4683182979448599,0.470037445044528,0.40895048971127046,1.765522076585966,12919.985404700486,13384.136074033755,14209.558261196404,15038.42537722436,15043.134850925902,14818.238570342352,4.549e-5,3.951e-5,3.296e-5,3.126e-5,2.719e-5,1.191e-4
VNM,VNM.19_1,BANA,0.7118354941746331,0.6158174934136922,0.49251025712641366,0.3692030208391352,0.24607444411828117,0.12397957705303955,148.10840365928703,153.3781620506973,162.8636789510347,172.39781285820933,172.45412228886323,169.8632130949238,0.004806,0.004015,0.003024,0.002142,0.001427,7.299e-4
VNM,VNM.1_1,BANA,0.6816601120035847,0.6565362275442904,0.5855477694157503,0.5468317481258828,0.47915356511657076,0.7179092310483288,5049.770601839794,5238.6060607171385,5557.836399277255,5877.086009671217,5878.5889750909355,5792.551009168911,1.35e-4,1.253e-4,1.054e-4,9.304e-5,8.151e-5,1.239e-4
VNM,VNM.20_1,BANA,22.439045151269408,21.503854413851958,19.57428910871359,17.981779583754093,16.53335363051959,14.869507673690617,46117.30993619808,47645.773101594095,50396.82921024708,53161.88996855994,53178.25992560415,52426.82564080121,4.866e-4,4.513e-4,3.884e-4,3.382e-4,3.109e-4,2.836e-4
VNM,VNM.21_1,BANA,3.5442859847250245,3.398635229045115,3.1672379450616215,2.996101874277064,2.8518923029620686,3.089967072868859,34939.901430937505,36200.617622284786,38430.32285712842,40668.36092590113,40680.84665009551,40074.033091535195,1.014e-4,9.388e-5,8.242e-5,7.367e-5,7.01e-5,7.711e-5
VNM,VNM.22_1,BANA,0.5056202418858029,0.47769175902704863,0.4499120137957567,0.4536463634571993,0.4755539478738892,0.4995914183984103,1012.2430831454831,1048.259111606799,1113.087633386792,1178.2484268521073,1178.6332722105544,1160.9257698283368,4.995e-4,4.557e-4,4.042e-4,3.85e-4,4.035e-4,4.303e-4
VNM,VNM.23_1,BANA,0.02595181810994214,0.0244688570750883,0.02298589604023446,0.02150293500538063,0.05705501254121033,0.053672818759141955,301.7124225164598,312.4474755658899,331.7704728578275,351.1925081148364,351.30721635767316,346.0292613591039,8.602e-5,7.831e-5,6.928e-5,6.123e-5,1.624e-4,1.551e-4
VNM,VNM.24_1,BANA,1.034154847689878,0.9405713739040513,0.9478989340787538,1.2142466440638908,1.133191388175571,1.190171758256393,13680.058351065734,14166.80049742193,15042.931908473694,15923.553837780706,15928.754868093834,15689.445091742853,7.56e-5,6.639e-5,6.301e-5,7.625e-5,7.114e-5,7.586e-5
VNM,VNM.25_1,BANA,0.12690428025797562,0.10384687450102616,0.08252897162024266,0.06324487792475536,0.06832077087290366,0.0983498086201097,3200.8628275663673,3314.750853691639,3519.748258946156,3725.7963565728014,3727.0132947003376,3671.019544693022,3.965e-5,3.133e-5,2.345e-5,1.697e-5,1.833e-5,2.679e-5
VNM,VNM.26_1,BANA,4.688474632613032,4.238952376760484,3.691994704670552,3.2270145697899264,2.8760362942563003,2.4370218290503813,39278.787153691905,40668.55376548823,43161.028371549095,45660.9651224166,45677.91218560506,44997.07304047971,1.194e-4,1.042e-4,8.554e-5,7.067e-5,6.296e-5,5.416e-5
VNM,VNM.27_1,BANA,0.5544728958290632,0.6959603996404846,0.6808081155327903,0.6484872752015441,0.6286189956149449,0.7163265187155229,5535.891444990171,5732.860757165619,6087.403717338796,6443.763849701949,6445.868543883559,6349.02736750797,1.002e-4,1.214e-4,1.118e-4,1.006e-4,9.752e-5,1.128e-4
VNM,VNM.28_1,BANA,0.01624911519473765,0.01504547703216449,0.0176221062997692,0.03024242327188465,0.18100499112213203,0.1759351487866033,193.06241865267484,199.93165953046687,212.29623027530275,224.7241743108888,224.79757483784343,221.42027022086774,8.417e-5,7.525e-5,8.301e-5,1.346e-4,8.052e-4,7.946e-4
VNM,VNM.29_1,BANA,0.5188286626450067,0.5035058139694858,0.476654730823067,0.4436994922682201,0.42519481766206124,0.41448181074484347,2139.0335248726064,2215.1412242921224,2352.134387065267,2489.82969370692,2490.6429342588353,2453.224114740084,2.426e-4,2.273e-4,2.026e-4,1.782e-4,1.707e-4,1.69e-4
VNM,VNM.2_1,BANA,1.7077867330474183,1.5579936982868503,1.3928858725897195,1.246307393789727,1.0739672004185552,0.9647091566624453,4791.030345944057,4961.497191479172,5268.335954126466,5576.7473861789485,5578.56889113316,5494.757815832497,3.565e-4,3.14e-4,2.644e-4,2.235e-4,1.925e-4,1.756e-4
VNM,VNM.30_1,BANA,1.0136407763726356,1.1085780457026386,1.0764305030660661,1.0402664759168896,1.1130124962750587,1.0723093281494704,8107.502647504684,8395.970952168569,8915.211261849767,9437.11288244856,9440.195279171681,9298.368059173883,1.25e-4,1.32e-4,1.207e-4,1.102e-4,1.179e-4,1.153e-4
VNM,VNM.31_1,BANA,0.08463970163054256,0.24116719576155604,0.22556670171314083,0.2101016956325934,0.1946366895520459,0.17917168347149842,519.2295866600872,537.7039905680854,570.9577486110754,604.3819452499931,604.5793514854338,595.4962969348106,1.63e-4,4.485e-4,3.951e-4,3.476e-4,3.219e-4,3.009e-4
VNM,VNM.32_1,BANA,1.8746337645661657,1.6029552597456644,1.320269650886778,1.0550683007496346,0.7812270476771385,0.5151585659815452,2352.8722957496834,2436.588467270692,2587.2768102293453,2738.7374902442584,2739.6320302980407,2698.4724585748395,7.967e-4,6.579e-4,5.103e-4,3.852e-4,2.852e-4,1.909e-4
VNM,VNM.33_1,BANA,6.167734325799398,5.815259419014578,5.440539305730621,4.999104748608758,4.795015015825906,9.81027448097788,22018.320274876107,22816.214083386913,24219.763164360123,25627.951966589448,25635.664587691248,25254.122806790358,2.801e-4,2.549e-4,2.246e-4,1.951e-4,1.87e-4,3.885e-4
VNM,VNM.34_1,BANA,0.7334521805468183,0.6473150952317822,0.5622913408332633,0.47080655841869795,0.3851119734377643,0.3082593468983004,1467.800166828234,1521.9847443013502,1614.8379169424902,1707.8010488985024,1708.2635158543042,1683.1632954618278,4.997e-4,4.253e-4,3.482e-4,2.757e-4,2.254e-4,1.831e-4
VNM,VNM.35_1,BANA,4.630527290493527,4.644538443712382,5.148531796853775,5.729031503498182,6.260535981222091,6.5482389787890405,11103.079863003217,11496.159508874816,12201.396585312721,12908.902824215898,12913.634063243628,12720.99403139599,4.17e-4,4.04e-4,4.22e-4,4.438e-4,4.848e-4,5.148e-4
VNM,VNM.36_1,BANA,5.685342208419889,5.001543247928463,4.268087954833434,3.6468858976743213,3.042685165850961,2.333002458011759,11462.517584111647,11869.622106424735,12601.546629379016,13336.720120497679,13341.268493764102,13141.344572182947,4.96e-4,4.214e-4,3.387e-4,2.734e-4,2.281e-4,1.775e-4
VNM,VNM.37_1,BANA,0.8765649986674892,1.016166779275352,0.8936581232215552,0.7962180343938706,0.710610164839059,0.6605357691883578,5828.038302358366,6035.402320810454,6408.655657197808,6783.822063816107,6786.037829502097,6684.086031716552,1.504e-4,1.684e-4,1.394e-4,1.174e-4,1.047e-4,9.882e-5
VNM,VNM.38_1,BANA,8.200242432269786,7.148469095007711,6.116280969199079,5.157273083899436,4.211995197242204,3.306213832206712,16054.37444257303,16618.921933792422,17627.311422396087,18636.31714474403,18644.146218647693,18368.68064435468,5.108e-4,4.301e-4,3.47e-4,2.767e-4,2.259e-4,1.8e-4
VNM,VNM.39_1,BANA,14.95821559596774,13.990353466789427,12.991708146003415,17.657249970062765,19.996302335264442,43.77022718199043,25615.09021229292,26537.33564894889,28172.89030299016,29814.91313705574,29824.158066092357,29378.787624690496,5.84e-4,5.272e-4,4.611e-4,5.922e-4,6.705e-4,0.00149
VNM,VNM.3_1,BANA,0.039783404477376584,0.0351453976349921,0.031865579452230584,0.025876180814986167,0.033600885620704186,0.030915040987463168,2006.9453794953272,2078.3533279533176,2206.8869819858737,2336.0794215756714,2336.8424434493854,2301.7342854583603,1.982e-5,1.691e-5,1.444e-5,1.108e-5,1.438e-5,1.343e-5
VNM,VNM.40_1,BANA,0.01034100344130603,0.00501313190475672,0.00300787914285403,0.00100262638095134,0,0,585.4364220155936,606.2664925675048,643.7604290214864,681.446536654339,681.6691141097249,671.4278815341814,1.766e-5,8.269e-6,4.672e-6,1.471e-6,0,0
VNM,VNM.41_1,BANA,0.21391450099867299,0.1930076346562822,0.16881664987095676,0.15360569770467716,0.13825131769577034,0.12465803452540249,2187.7971091933878,2262.495539312149,2396.952030234982,2532.0976635848633,2532.8958455428037,2496.169901961973,9.778e-5,8.531e-5,7.043e-5,6.066e-5,5.458e-5,4.994e-5
VNM,VNM.42_1,BANA,0.3621985642304777,0.3623223050448567,0.35046170329392584,0.3318662778312199,0.31994360412011025,0.40897976276575887,1910.1203263598343,1978.083199294404,2100.415748898034,2223.3753009584607,2224.1015108520273,2190.6871454762377,1.896e-4,1.832e-4,1.669e-4,1.493e-4,1.439e-4,1.867e-4
VNM,VNM.43_1,BANA,0.33991634853803004,0.3004448323180708,0.2525327471685078,0.20318368607434775,0.15440913404240178,0.1077839930964978,2899.4856849549806,3002.6505874288137,3188.346468198657,3374.9941134321443,3376.09647078713,3325.374810616332,1.172e-4,1.001e-4,7.92e-5,6.02e-5,4.574e-5,3.241e-5
VNM,VNM.44_1,BANA,1.373501030251046,1.3679813582206084,1.6944518755725526,1.7527514060325515,1.7506954684753984,1.7846365689820898,11056.74433171701,11450.147877931588,12158.270662527106,12870.022855052839,12874.226525896778,12680.807247609342,1.242e-4,1.195e-4,1.394e-4,1.362e-4,1.36e-4,1.407e-4
VNM,VNM.45_1,BANA,0.4183989828114123,0.3803662761640646,0.35314807074840004,0.32539960458520123,0.3455121909437048,0.30789541662077524,5167.64542981415,5351.5123961359395,5682.471253623968,6015.126405494938,6017.091095983693,5926.691768704973,8.097e-5,7.108e-5,6.215e-5,5.41e-5,5.742e-5,5.195e-5
VNM,VNM.46_1,BANA,0.502825622326526,0.4348920345347386,0.3678103251864731,0.30108420133343666,0.23525978668172953,0.17060057426839564,336.39461226937976,348.36367200558345,369.9078700458515,391.5624905791088,391.6903846663039,385.8057226742307,0.001495,0.001248,9.943e-4,7.689e-4,6.006e-4,4.422e-4
VNM,VNM.47_1,BANA,1.4850226078021511,2.625250243247819,2.485824723284209,2.339282096206407,2.1524190318749117,1.999352785143485,7572.148267244309,7841.312045602458,8325.804384518135,8812.77993732728,8815.656057632283,8683.320026978517,1.961e-4,3.348e-4,2.986e-4,2.654e-4,2.442e-4,2.303e-4
VNM,VNM.48_1,BANA,1.195241568146673,1.3335160601098266,1.2619779660744275,1.1816520338509622,1.098471916115917,1.1089952627808044,7221.064090838323,7477.992544237534,7940.461410147638,8405.300610985421,8408.0459920551275,8281.725534331348,1.655e-4,1.783e-4,1.589e-4,1.406e-4,1.306e-4,1.339e-4
VNM,VNM.49_1,BANA,12.949341934100671,13.230242010594278,14.66563240999394,14.846734866835657,16.210041815820194,17.821171637620957,4250.791201720183,4401.724199483395,4673.038093056078,4945.529821856083,4947.2265710292995,4873.11747207948,0.003046,0.003006,0.003138,0.003002,0.003277,0.003657
VNM,VNM.4_1,BANA,2.9515777480808456,2.8700321190505624,2.704308834236464,2.5503380170766228,2.3920383100608062,2.2360585056839444,14116.591062264186,14618.86522342256,15522.954119041835,16431.676826026545,16437.043821996056,16190.097634834105,2.091e-4,1.963e-4,1.742e-4,1.552e-4,1.455e-4,1.381e-4
VNM,VNM.50_1,BANA,0.19895318925136152,0.18432838437454768,0.16903243190114955,0.15587547422344314,0.1393885608313835,0.12460320403454178,2005.2924595220006,2074.154491384398,2198.1055188332175,2322.6918440746904,2323.4276618332738,2289.571219428541,9.921e-5,8.887e-5,7.69e-5,6.711e-5,5.999e-5,5.442e-5
VNM,VNM.51_1,BANA,1.667402270671829,1.6526978803193093,1.520170870819665,1.5063492330057158,1.3733882529336066,1.7995827261118373,10963.779464997539,11353.875282721383,12056.044186290448,12761.811981806508,12765.980308277094,12574.187295089718,1.521e-4,1.456e-4,1.261e-4,1.18e-4,1.076e-4,1.431e-4
VNM,VNM.52_1,BANA,23.1091448555617,21.20749477474834,18.946257648724558,17.509296922705044,15.818557064377055,14.317303342471595,61479.3663176335,63627.83381271165,67495.05565111844,71382.09852326903,71405.05573922479,70348.74845292653,3.759e-4,3.333e-4,2.807e-4,2.453e-4,2.215e-4,2.035e-4
VNM,VNM.53_1,BANA,0.6487327213977707,0.7148448499436655,0.729768607151291,1.2387635263989034,2.060291824191485,2.1184999962087625,38463.022348865874,39905.286005405695,42334.99606062921,44764.14762278548,44775.415913727025,44121.07297299043,1.687e-5,1.791e-5,1.724e-5,2.767e-5,4.601e-5,4.802e-5
VNM,VNM.54_1,BANA,0.5722508340155954,0.6546829108179566,0.6611283362009365,0.8198174689945338,0.8656460891612124,0.8616555968964169,2517.860297528275,2607.4445608767364,2768.695415447451,2930.7727441029783,2931.729987014328,2887.685331775455,2.273e-4,2.511e-4,2.388e-4,2.797e-4,2.953e-4,2.984e-4
VNM,VNM.55_1,BANA,0.12273839324178952,0.11117238531877521,0.10150835471681546,0.09184432411485571,0.08310298789327675,0.07528434605207855,920.1882354158448,952.9289142392751,1011.8618366317669,1071.0968134426946,1071.4466604085014,1055.34950386377,1.334e-4,1.167e-4,1.003e-4,8.575e-5,7.756e-5,7.134e-5
VNM,VNM.56_1,BANA,0.994231475205976,1.0898332124167358,1.274555600927162,1.2207917039892282,1.2133268027327988,1.2399932376605973,5223.456900644973,5409.30966223213,5743.842933033101,6080.09081849184,6082.076727980117,5990.7010722194855,1.903e-4,2.015e-4,2.219e-4,2.008e-4,1.995e-4,2.07e-4
VNM,VNM.57_1,BANA,0.15946175295537238,0.25932402351360295,0.3069636754387948,0.4885677109360656,0.5679872275608399,0.5452017198950505,4695.6304383313945,4858.356048242253,5151.260657577497,5445.666518298863,5447.405305121011,5367.40025602907,3.396e-5,5.338e-5,5.959e-5,8.972e-5,1.043e-4,1.016e-4
VNM,VNM.58_1,BANA,3.361293057094006,3.188189170035711,2.8986521074295473,3.104131473965757,3.085166829450187,2.7759296062383703,8194.073570105737,8485.62210407841,9010.406798339558,9537.881220671095,9540.996530849783,9397.654897126948,4.102e-4,3.757e-4,3.217e-4,3.255e-4,3.234e-4,2.954e-4
VNM,VNM.59_1,BANA,0.5822579892801849,0.5246312695790509,0.4698432030288237,0.4480274002907535,0.3988782218311535,0.37151666887452867,7719.93855232655,7994.617165843182,8489.036157598131,8985.989241248668,8988.92428972549,8853.87685637469,7.542e-5,6.562e-5,5.535e-5,4.986e-5,4.437e-5,4.196e-5
VNM,VNM.5_1,BANA,0.0017942184562822795,5.80784983767067e-4,0,0,0,0,469.1258681253588,485.81756096048196,515.8624553793377,546.0613417053011,546.2396989752905,538.0331253116049,3.825e-6,1.195e-6,0,0,0,0
VNM,VNM.60_1,BANA,1.0702372389991845,0.9518466642681526,0.8230797151963678,0.7057140624832532,0.6357014043998552,0.5541495038835272,1410.933862223614,1461.1354738572263,1551.4979155871908,1642.3235003902819,1642.8599242562425,1618.1779924727823,7.585e-4,6.514e-4,5.305e-4,4.297e-4,3.869e-4,3.425e-4
VNM,VNM.61_1,BANA,0.29350263992779124,0.2718105164950478,0.2528131590146997,0.24586717412938194,0.3274735412863837,0.5806801397649762,7591.130191490543,7861.22575013906,8347.395285054103,8836.056630152118,8838.942706894164,8706.148560717496,3.866e-5,3.458e-5,3.029e-5,2.783e-5,3.705e-5,6.67e-5
VNM,VNM.62_1,BANA,0.04088915625114824,0.04667152629785162,0.07221808745131361,0.07127597978114183,0.0694281364387071,0.06429855168345637,2951.9380073939496,3056.96918524104,3246.0243446113154,3436.048486069999,3437.1707853076873,3385.5315593466103,1.385e-5,1.527e-5,2.225e-5,2.074e-5,2.02e-5,1.899e-5
VNM,VNM.63_1,BANA,8.584235310759649,7.552025796842944,6.520460125839263,5.4974553773967765,4.490005751876365,3.4985101366541045,5728.803521956506,5932.636725790231,6299.534628162049,6668.313026664503,6670.491064214564,6570.2752131987445,0.001498,0.001273,0.001035,8.244e-4,6.731e-4,5.325e-4
VNM,VNM.6_1,BANA,0.00313404942595282,0.0024105651743388,0.00168708092272477,0.012330164024227689,0.017689681278295764,0.09763130038833316,1648.3821037877883,1707.0322222757916,1812.6018990624088,1918.7126619861408,1919.3393614540382,1890.503669202208,1.901e-6,1.412e-6,9.308e-7,6.426e-6,9.217e-6,5.164e-5
VNM,VNM.7_1,BANA,0.3054612237983529,0.25800901769707174,0.21055681159579054,0.16371006898802712,0.11755038678537358,0.0718427278789532,1125.5833090135968,1165.6320296895071,1237.7193605674177,1310.1761673837502,1310.6041036366444,1290.913903271128,2.714e-4,2.213e-4,1.701e-4,1.25e-4,8.969e-5,5.565e-5
VNM,VNM.8_1,BANA,0.28932213331798656,0.25293547392823373,0.22449181007491723,0.20221943714338458,0.16687035380811996,0.1334463345130937,2316.4795809415064,2398.9008845852827,2547.2584772094965,2696.376460877314,2697.2571647611007,2656.7342228108178,1.249e-4,1.054e-4,8.813e-5,7.5e-5,6.187e-5,5.023e-5
VNM,VNM.9_1,BANA,0.09429733472136925,0.11733674126797315,0.13056100847334304,0.16869663622160969,0.18074511508187985,0.2024874650120968,3821.8670145681044,3957.8506270659195,4202.61988567547,4448.643683056539,4450.096721171246,4383.23953993501,2.467e-5,2.965e-5,3.107e-5,3.792e-5,4.062e-5,4.62e-5
VUT,VUT.1_1,BANA,0.04621065659700923,0.04276584841646973,0.03936339901294755,0.059444413461695,0.05492484942675117,0.05203474546936144,159.99803778033234,161.89283770000995,164.05339739537243,165.55572507247734,166.99553752808677,165.67629016252783,2.888e-4,2.642e-4,2.399e-4,3.591e-4,3.289e-4,3.141e-4
VUT,VUT.2_1,BANA,0.7872972499005096,0.7466197538180613,0.705942257735613,0.6652647616531648,0.6245872655707164,0.5839097694882681,0.46218730616980874,0.4676608262376543,0.4739020481880737,0.47824183129853143,0.48240102630791964,0.47859010840843613,1.703,1.596,1.49,1.391,1.295,1.22
VUT,VUT.3_1,BANA,0.3791489652275018,0.35817313926344413,0.3371973132993864,0.32103139546195425,0.6172384586855346,0.5863497006867346,725.0140168143371,733.6001002431291,743.3904457063186,750.1980830927507,756.7224394310073,750.7444109192526,5.23e-4,4.882e-4,4.536e-4,4.279e-4,8.157e-4,7.81e-4
VUT,VUT.4_1,BANA,0.17698449287818624,0.1603967790932998,0.1439046576443014,0.2727101833551723,0.3940195097407037,0.4986784451640743,1987.0402703946309,2010.572082390407,2037.404405966594,2056.0620447423544,2073.943297355212,2057.5593611623403,8.907e-5,7.978e-5,7.063e-5,1.326e-4,1.9e-4,2.424e-4
VUT,VUT.5_1,BANA,0.00573247348452548,0.00488059668168716,0.00402871987884884,0.00334543994332755,0.00283075687512331,0.00231607380691907,5.693535823689586,5.760962345733687,5.83784593877909,5.891306322213672,5.942542099284023,5.8955966352000795,0.001007,8.472e-4,6.901e-4,5.679e-4,4.764e-4,3.928e-4
VUT,VUT.6_1,BANA,0.00779636435569621,0.0071587530450407805,0.0065211417343853505,0.00588353042372993,0.005245919113074491,0.02667695714486724,0.45541927986862474,0.46081264860543036,0.46696247740474395,0.47123871102814113,0.47533700098704534,0.47158188815237223,0.01712,0.01554,0.01397,0.01249,0.01104,0.05657
XCA,NA,BANA,0.1255632520104428,0.06994102962899865,0.02106495921913828,0,0,0,0.23221693799088217,0.23221693799088217,0.23221693799088217,0.23221693799088217,0.23221693799088217,0.23221693799088217,0.5407,0.3012,0.09071,0,0,0
YEM,YEM.12_1,BANA,0,0,0,0,0,0,12.322096287898795,13.195562605255661,13.261269800502127,13.374210283516947,13.525656381253707,13.374781666496396,0,0,0,0,0,0
YEM,YEM.2_1,BANA,0,0,0,0,0,0,16.404998095874664,17.567885719721787,17.65536486188383,17.805727946663882,18.007355404115188,17.806488656243715,0,0,0,0,0,0
YEM,YEM.5_1,BANA,0,0,0,0,0,0,408.63786987641436,437.60464687555526,439.78369560831334,443.52914259425467,448.5515518770827,443.54809137684407,0,0,0,0,0,0
YEM,YEM.7_1,BANA,0,0,0,0,0,0,0.062279717282053726,0.066694488440254,0.067026593095804,0.06759742951742566,0.06836288532381946,0.06760031746518944,0,0,0,0,0,0
Z01,Z01.14_1,BANA,2.457572434437436e-5,2.2438704836167896e-5,2.0301685327961428e-5,1.8164665819754963e-5,1.6027646311548497e-5,1.389062680334203e-5,1.092814841462994,1.108403972403887,1.1575516411336704,1.2274848177846447,1.261021966615384,1.2350091622874617,2.249e-5,2.024e-5,1.754e-5,1.48e-5,1.271e-5,1.125e-5
Z07,Z07.3_1,BANA,8.296061841074206,8.395494555758525,9.771914017721933,10.680538462820733,11.465724680390325,11.422834411618293,620.8088748427565,629.6647857180482,657.5847111872471,697.3125178235017,716.3643817267888,701.5869654860809,0.01336,0.01333,0.01486,0.01532,0.01601,0.01628
ZAF,ZAF.1_1,BANA,0.0030389667135945456,0.0028167934849568236,0.002594620256319101,0.002372447027681378,0.0021502737990436557,0.0019281005704059433,271.05547177286064,295.11189146701673,421.4376837791009,359.92668024223315,361.7192398355639,378.4696958420858,1.121e-5,9.545e-6,6.157e-6,6.591e-6,5.945e-6,5.094e-6
ZAF,ZAF.2_1,BANA,0.01301289949084928,0.011476495136018946,0.009940090781188604,0.00840368642635826,0.006867282071527927,0.005330877716697585,626.3575378589808,681.9473391302147,973.8621701541291,831.7219636694831,835.8642272659362,874.571338816343,2.078e-5,1.683e-5,1.021e-5,1.01e-5,8.216e-6,6.095e-6
ZAF,ZAF.3_1,BANA,0.005210331384051012,0.004456856108254837,0.003929155537826416,0.003376649803649026,0.006877087184120766,0.007932744593206687,10932.241031926154,11902.487368373737,16997.47401842012,14516.605019973174,14588.902743425166,15264.484096792656,4.766e-7,3.744e-7,2.312e-7,2.326e-7,4.714e-7,5.197e-7
ZAF,ZAF.4_1,BANA,0.792438785475459,0.7110816537471628,0.6310736136960562,0.5578529446699505,0.5061517858973789,0.5092606049201645,12128.51559041909,13201.445396981351,18835.646563755752,16092.221317384014,16172.170480317469,16919.250210027752,6.534e-5,5.386e-5,3.35e-5,3.467e-5,3.13e-5,3.01e-5
ZAF,ZAF.5_1,BANA,1.59920323207518,1.503992083538093,2.786023589341624,2.7618509089992775,4.969308982797936,7.49515040444683,58.6902663162244,63.89908084127487,91.25176383605738,77.93309826791794,78.32123210352057,81.94812337234833,0.02725,0.02354,0.03053,0.03544,0.06345,0.09146
ZAF,ZAF.6_1,BANA,0.3780455422743252,0.3540422181002699,0.3514047557006141,0.33625096941523097,0.3743793098272608,0.4000819643247796,13534.378476119404,14730.61380034786,21012.487372974763,17953.657265883045,18042.80359690106,18875.76386705168,2.793e-5,2.403e-5,1.672e-5,1.873e-5,2.075e-5,2.12e-5
ZAF,ZAF.7_1,BANA,0.006016211438135214,0.0052991533653785035,0.004647906243709061,0.003927473250383777,0.003207040257058493,0.0037089522187953986,218.90022093762596,238.3278146754561,340.34657735296577,290.6712390310791,292.11888252802635,305.64629260630824,2.748e-5,2.223e-5,1.366e-5,1.351e-5,1.098e-5,1.213e-5
ZAF,ZAF.8_1,BANA,3.1163947503388663e-4,2.8513355186101134e-4,2.586276286881361e-4,2.321217055152608e-4,2.0561578234238554e-4,1.7910985916951024e-4,0.18440617073757484,0.2007723861415299,0.28671514713173263,0.24486759265784833,0.2460871181234771,0.2574828941617463,0.00169,0.00142,9.02e-4,9.479e-4,8.355e-4,6.956e-4
ZAF,ZAF.9_1,BANA,0.9677359453641985,0.9594668431623044,0.8490494756402088,0.7640347107844307,0.7143552916495947,0.6030832453806214,2871.5363122993986,3126.3877722011944,4464.671398912553,3813.029581439463,3832.0197900876888,4009.472554113083,3.37e-4,3.069e-4,1.902e-4,2.004e-4,1.864e-4,1.504e-4
ZMB,ZMB.10_1,BANA,9.145472873678589e-4,8.413394641387134e-4,7.72826416330441e-4,0.003960473751836358,0.012505476185641162,0.01183735013275642,25.023537140731456,25.864259683859107,27.31227289870934,29.125039035460627,31.026084580415247,29.742739921344885,3.655e-5,3.253e-5,2.83e-5,1.36e-4,4.031e-4,3.98e-4
ZMB,ZMB.1_1,BANA,0.0026240239689979744,0.0019493887194233079,0.0014604155291651935,0.001142628045663407,9.89780934492402e-4,7.686390178518633e-4,110.16900004664846,108.65209653836962,107.40610905047336,107.10909482240989,106.9746313024881,107.24487900522166,2.382e-5,1.794e-5,1.36e-5,1.067e-5,9.252e-6,7.167e-6
ZMB,ZMB.2_1,BANA,0.08237504566932688,0.06971325096139203,0.05712166727680343,0.044613693677414655,0.04083493198390461,0.034150512496918514,96.87642396496081,95.62323520533823,94.59537123496096,94.35674948254078,94.25332872938911,94.4718783223044,8.503e-4,7.29e-4,6.039e-4,4.728e-4,4.332e-4,3.615e-4
ZMB,ZMB.3_1,BANA,0.006297421907196238,0.0079892329681037,0.007004807848242344,0.00612540245094391,0.005765382251236458,0.008298859311693697,268.8201864606218,257.9704798345269,262.60597797656527,249.5826415810376,256.3551524612443,254.1603921536463,2.343e-5,3.097e-5,2.667e-5,2.454e-5,2.249e-5,3.265e-5
ZMB,ZMB.4_1,BANA,0.0018057008945122968,0.0015400211933947088,0.0012743414922771106,0.0010250770717504232,8.100067514573646e-4,7.06254117664569e-4,106.59333886184349,105.21055465437045,104.07631912566407,103.81267349796134,103.69816356830246,103.93955638184272,1.694e-5,1.464e-5,1.224e-5,9.874e-6,7.811e-6,6.795e-6
ZMB,ZMB.5_1,BANA,0.12284805583310265,0.10680204491149095,0.0906286290041837,0.07458687269102306,0.06709770083676932,0.05077242310424407,74.229421970133,73.19582373370679,72.34660846504262,72.14326039202503,72.05054209966468,72.23535986002527,0.001655,0.001459,0.001253,0.001034,9.313e-4,7.029e-4
ZMB,ZMB.6_1,BANA,0.012265076948885298,0.014926250279299386,0.016891396325456217,0.02451844748859304,0.03489271657420217,0.03279705418311378,193.24981465309028,213.59893937425136,220.00674834723574,233.51713522149316,240.69798111674527,234.9129483502815,6.347e-5,6.988e-5,7.678e-5,1.05e-4,1.45e-4,1.396e-4
ZMB,ZMB.7_1,BANA,5.000155313700738e-4,4.04761765990004e-4,3.195601149244557e-4,2.444105781734286e-4,0.0013787601771103916,0.0012415850436574244,5.423475344195564,5.472891904708775,5.553238904727518,5.652167559863207,5.755601249827572,5.6853570245602185,9.219e-5,7.396e-5,5.754e-5,4.324e-5,2.396e-4,2.184e-4
ZMB,ZMB.8_1,BANA,0.0046162847497508265,0.004670286651894164,0.004249181441217461,0.004197719920348236,0.0062098907252479876,0.0057352837848965495,37.66179053259533,39.99211861575859,39.6266657328027,39.093444533898584,39.5707597778165,39.512326672693554,1.226e-4,1.168e-4,1.072e-4,1.074e-4,1.569e-4,1.452e-4
ZMB,ZMB.9_1,BANA,0.028270720201952353,0.024363595268606913,0.02047022918656057,0.01728449763103598,0.014141824675925304,0.03696322419830308,83.98395162020103,82.81468836795695,81.85390908045451,81.62390956371979,81.51907097952557,81.72811103695197,3.366e-4,2.942e-4,2.501e-4,2.118e-4,1.735e-4,4.523e-4
ZNC,ZNC.3_1,BANA,0,0,0,0,0,0,1358.751340232947,1233.3970155986062,1313.981938577825,1461.7209640397275,1313.981938577825,1370.5346467485754,0,0,0,0,0,0
ZWE,ZWE.10_1,BANA,0.24672920460335487,0.2950651795887589,0.28674765313021655,0.28047131097681666,0.28460710687622115,0.3004220010683988,1145.307958816892,1257.845256151231,1270.1927937243627,1323.5328056602423,1373.167712336652,1324.284552387005,2.154e-4,2.346e-4,2.258e-4,2.119e-4,2.073e-4,2.269e-4
ZWE,ZWE.1_1,BANA,4.3310084129264146e-4,6.679706547461653e-4,6.253433366618034e-4,5.827160185774415e-4,5.400887004930796e-4,4.974613824087176e-4,6.759396741719425,7.423571154433216,7.496444048223548,7.81124697970331,8.10418306198693,7.815683650501203,6.407e-5,8.998e-5,8.342e-5,7.46e-5,6.664e-5,6.365e-5
ZWE,ZWE.2_1,BANA,1.154813325360874e-4,1.0791860357271204e-4,1.0035587460933676e-4,9.279314564596144e-5,0.0014147941622997362,0.0013390486771508708,9.11923243496872,10.015282937451166,10.113597163124771,10.538303865966306,10.933509581062998,10.544289464058767,1.266e-5,1.078e-5,9.923e-6,8.805e-6,1.294e-4,1.27e-4
ZWE,ZWE.3_1,BANA,1.284601438569576,1.4840471099571495,1.6193405595353474,1.6136049126913699,1.6867413248815144,1.698127206531785,2342.6512173046253,2421.1958971562863,2447.941831867938,2414.885566015637,2508.3066088391624,2439.1643695848247,5.484e-4,6.129e-4,6.615e-4,6.682e-4,6.725e-4,6.962e-4
ZWE,ZWE.4_1,BANA,0.1021863690597605,0.10366507437108222,0.11087156554309986,0.1116819935945773,0.10814286582449097,0.10602034834491691,705.3148339495439,774.5957356422214,782.1999431550257,815.0268228680077,845.5922550753108,815.4932090152442,1.449e-4,1.338e-4,1.417e-4,1.37e-4,1.279e-4,1.3e-4
ZWE,ZWE.5_1,BANA,0.20702022458781769,0.22076192649103324,0.21943903075239415,0.2185934009207865,0.21031889635336296,0.233705679833673,594.7814229945061,653.2243014650426,659.6366256890111,687.3371650570768,713.1135688582787,687.727562228801,3.481e-4,3.38e-4,3.327e-4,3.18e-4,2.949e-4,3.398e-4
ZWE,ZWE.6_1,BANA,0.132676783571726,0.13476110572900044,0.12659468410147984,0.11697998640998448,0.11057188185737583,0.10884612836457142,970.9312301887264,1066.334371066064,1076.8019573195174,1122.0207851539835,1164.0986216246317,1122.6580760839793,1.366e-4,1.264e-4,1.176e-4,1.043e-4,9.498e-5,9.695e-5
ZWE,ZWE.7_1,BANA,0.37934764759055006,0.4312502091183682,0.45529268127743067,0.4611269422798613,0.463679880505735,0.5946593032695082,2120.800432886516,2324.929420573456,2347.8355693360354,2442.61358379702,2534.2963637013127,2444.644412494125,1.789e-4,1.855e-4,1.939e-4,1.888e-4,1.83e-4,2.432e-4
ZWE,ZWE.8_1,BANA,0.04035030362417494,0.046144275191560044,0.043603735458664895,0.04127507283766632,0.03839514430192582,0.05343412854129605,428.35687131492296,470.44696963413105,475.0650747669496,495.0147838847983,513.5787458028472,495.2959448366788,9.42e-5,9.809e-5,9.178e-5,8.338e-5,7.476e-5,1.079e-4
ZWE,ZWE.9_1,BANA,0.01695513689933519,0.017612370896594554,0.01639043053868986,0.01785282392797797,0.020290469778189,0.038492853529339274,91.91659029074884,100.94825615632868,101.93945144877596,106.22010242309004,110.20352778497526,106.28047021392172,1.845e-4,1.745e-4,1.608e-4,1.681e-4,1.841e-4,3.622e-4
