GID_0,GID_1,crop_type,LD_2020,LD_2021,LD_2022,LD_2023,LD_2024,LD_2025,production_2020,production_2021,production_2022,production_2023,production_2024,production_2025,EF_2020,EF_2021,EF_2022,EF_2023,EF_2024,EF_2025
AFG,AFG.14_1,SUNF,0,0,0,0,0,0,0.04252443609318357,0.07527814128867755,0.08190184415094397,0.11471049047834124,0.12423838157301814,0.114154370114554,0,0,0,0,0,0
AFG,AFG.16_1,SUNF,0,0,0,0,0,0,0.004309192927753059,0.007628273620013091,0.0082994833091215,0.011624131434104725,0.012589635616961232,0.01156777724910483,0,0,0,0,0,0
AFG,AFG.19_1,SUNF,0.02635093638825831,0.014920146487956953,0.008321007317360051,0.0036994382675172945,0.0010619920353882523,9.246534297222801e-5,5.9329384638488865,7.371480812034755,7.585573296700054,9.025891461779297,8.953982278397023,8.77087672012972,0.004441,0.002024,0.001097,4.099e-4,1.186e-4,1.054e-5
AFG,AFG.1_1,SUNF,0,0,0,0,0,0,0.0172467395282526,0.030530739834664845,0.033217131200977676,0.046523414116599535,0.050387664205733346,0.04629786702081728,0,0,0,0,0,0
AFG,AFG.20_1,SUNF,0,0,0,0,0,0,0.014406637273857055,0.025503098355488352,0.027747108936542884,0.03886218324462619,0.04209008897593407,0.038673778056979906,0,0,0,0,0,0
AFG,AFG.21_1,SUNF,0,0,0,0,0,0,0.011492727443838592,0.020344800302906828,0.02213493366289285,0.031001855007030642,0.03357687928779356,0.030851556958328252,0,0,0,0,0,0
AFG,AFG.22_1,SUNF,0,0,0,0,0,0,0.1467890745666952,0.2598507989771358,0.28271499901558644,0.3959663733931675,0.4288554706946614,0.3940467149321089,0,0,0,0,0,0
AFG,AFG.23_1,SUNF,0,0,0,0,0,0,0.021598001072601743,0.03823348468945221,0.041597638448254357,0.058261026459255474,0.06310020649286088,0.057978575019164584,0,0,0,0,0,0
AFG,AFG.27_1,SUNF,0,0,0,0,0,0,0.004311744027149829,0.007632789659224304,0.008304396713375703,0.011631013074167423,0.012597088848312546,0.011574625526742181,0,0,0,0,0,0
AFG,AFG.28_1,SUNF,0,0,0,0,0,0,7.179591487277508e-5,1.2709546604920094e-4,1.382785610066451e-4,1.9367087176300988e-4,2.0975723811602885e-4,1.9273194878211502e-4,0,0,0,0,0,0
AFG,AFG.29_1,SUNF,3.816566061150036e-4,1.2670724463854788e-4,0,0,0,0,0.007399118978846521,0.013098161317902262,0.014250664914917426,0.01995926683921715,0.021617090112229512,0.01986250363395784,0.05158,0.009674,0,0,0,0
AFG,AFG.30_1,SUNF,0,0,0,0,0,0,0.04060366828495943,0.07187793557793283,0.07820245527875287,0.10952918209147428,0.11862671200617413,0.10899818088717264,0,0,0,0,0,0
AFG,AFG.31_1,SUNF,0.008042233474634836,0.004816575317594558,0.0027661606786267548,0.001192709661430011,3.200138097006957e-4,1.711333830975063e-4,4.4444681884318715,5.280175428779775,5.385695450027498,6.2222779393903975,6.060144836001872,6.017533246222769,0.001809,9.122e-4,5.136e-4,1.917e-4,5.281e-5,2.844e-5
AFG,AFG.32_1,SUNF,0,0,0,0,0,0,0.008618379082598264,0.015256535250404187,0.016598953573657475,0.02324824459815926,0.025179251446355893,0.02313553631673329,0,0,0,0,0,0
AFG,AFG.34_1,SUNF,0,0,0,0,0,0,0.00933110918623681,0.016518233285031304,0.017971668069905605,0.025170847865323143,0.02726154677369161,0.02504881873779239,0,0,0,0,0,0
AFG,AFG.3_1,SUNF,0,5.878381807634525e-5,5.576926330319934e-5,5.275470853005343e-5,4.974015375690752e-5,4.672559898376161e-5,0.2783583198061907,0.4927589605499357,0.536116685402435,0.7508769622182809,0.8132450498420402,0.7472366851377192,0,1.193e-4,1.04e-4,7.026e-5,6.116e-5,6.253e-5
AFG,AFG.4_1,SUNF,0,0,0,1.0521660521852998e-6,9.504005810382939e-6,9.013853859417384e-6,0.3535282517706719,0.625827221506594,0.6808935858909251,0.9536493104740961,1.0328597360840057,0.9490259861446926,0,0,0,1.103e-6,9.202e-6,9.498e-6
AFG,AFG.9_1,SUNF,0,0,0,0,0,0,0.006105756034209117,0.01080860812381391,0.011759654567592011,0.016470395230884408,0.01783843167978951,0.016390546193980077,0,0,0,0,0,0
AGO,AGO.10_1,SUNF,16.065375203134373,15.320108906033543,14.114605619348668,12.87277203809,11.533026729483495,10.13628773850739,602.6697329959308,605.8168424945737,608.5249934579451,611.433527752672,614.5523653456535,612.2087020727157,0.02666,0.02529,0.02319,0.02105,0.01877,0.01656
AGO,AGO.11_1,SUNF,0.001292375303343289,0.0011743655366018178,0.0010876428085414705,9.615878529692658e-4,8.66256160352571e-4,7.709244677358763e-4,0.8021800418168507,0.806368983605372,0.809973652189348,0.8138450398407094,0.8179963504736838,0.8148768311094974,0.001611,0.001456,0.001343,0.001182,0.001059,9.461e-4
AGO,AGO.12_1,SUNF,10.389271825497804,9.847658468598702,9.023755280117172,8.230517442747686,7.256123184321918,6.15525459565159,141.40579216927594,142.1442057436342,142.77962546246735,143.4620615854046,144.1938416572036,143.6439425274757,0.07347,0.06928,0.0632,0.05737,0.05032,0.04285
AGO,AGO.13_1,SUNF,2.448401731659735,2.2108912930766915,1.9406743376293318,1.7334515679479614,1.537117912084178,1.327786141457654,50.31894489275889,50.581707763969426,50.807820494751084,51.05066391110704,51.31106626479841,51.115385850433,0.04866,0.04371,0.0382,0.03396,0.02996,0.02598
AGO,AGO.14_1,SUNF,43.56952279036277,41.172759166169314,38.23889237668634,35.62279271807116,32.59654879433618,29.039916934529856,837.247093482945,841.6191535622079,845.3813991150487,849.422023276561,853.7548071659864,850.4989189805694,0.05204,0.04892,0.04523,0.04194,0.03818,0.03414
AGO,AGO.15_1,SUNF,51.570212588155975,49.6369558971469,47.722791572487324,45.18962703308658,44.439851707516745,39.99461243945694,471.90406313744955,474.368321218182,476.4888648148408,478.76631310253424,481.2084336402246,479.3732921679171,0.1093,0.1046,0.1002,0.09439,0.09235,0.08343
AGO,AGO.16_1,SUNF,0.6813660864276885,0.4817845642872047,0.31663286783017586,0.1737128799330532,0.07237608249083997,0.034598075556890776,8.627090393748606,8.672140603900775,8.710907215000988,8.752542271318138,8.79718777509069,8.763638728571243,0.07898,0.05556,0.03635,0.01985,0.008227,0.003948
AGO,AGO.17_1,SUNF,188.92445689635943,196.2182524224302,189.56844893376504,183.41757752888995,172.77002958476857,158.99581615559663,1486.345384223267,1494.1070012762755,1500.7860287166895,1507.95925525709,1515.6511461994567,1509.8710432721239,0.1271,0.1313,0.1263,0.1216,0.114,0.1053
AGO,AGO.18_1,SUNF,15.89994070348667,14.562813440165334,13.417820734293329,12.247518281471777,11.068364756803733,9.985739138139342,167.58309870559165,168.45820879138714,169.2112586051686,170.0200285883214,170.88727716507188,170.23557967289992,0.09488,0.08645,0.0793,0.07204,0.06477,0.05866
AGO,AGO.1_1,SUNF,11.353924503713744,9.841402354457204,8.646212005552355,7.662410393664549,7.033664033046142,6.065145777538197,392.06307970811594,394.110412392442,395.87218330755957,397.7643123636491,399.7932529340261,398.26859723907523,0.02896,0.02497,0.02184,0.01926,0.01759,0.01523
AGO,AGO.2_1,SUNF,3.519240404728202,3.216774010221315,2.8724724926919585,2.5425109352416357,2.2528937622307983,1.9722952501539694,119.9380353713671,120.56434545415397,121.10329786581926,121.68212880757845,122.30281246408967,121.83639719028649,0.02934,0.02668,0.02372,0.02089,0.01842,0.01619
AGO,AGO.3_1,SUNF,51.698070498029374,50.158751598110435,47.757202042881936,44.29308632815694,40.152115844965934,35.36875173355691,1231.767261892767,1238.1994854437155,1243.734543062026,1249.6791543942184,1256.053594376624,1251.2634953647582,0.04197,0.04051,0.0384,0.03544,0.03197,0.02827
AGO,AGO.4_1,SUNF,58.7823867146301,54.82726601797699,50.39037679166933,47.145741688334844,42.51158041180052,37.96754836051121,1073.0472306865188,1078.6506266217996,1083.4724614218997,1088.6510766724095,1094.204134771865,1090.0312665374076,0.05478,0.05083,0.04651,0.04331,0.03885,0.03483
AGO,AGO.5_1,SUNF,36.095707135091104,34.6514151552098,32.48629305895465,29.709895512203737,26.769490053073046,23.4199752292581,466.66866026772783,469.1056207566132,471.20196156453295,473.4519366822092,475.86593950649075,474.0521866962631,0.07735,0.07387,0.06894,0.06275,0.05625,0.0494
AGO,AGO.6_1,SUNF,10.9615817953225,10.593414978232115,9.983135403712973,9.281471913553096,8.732402837779395,8.319993994186088,110.18114219950343,110.7565023017333,111.25161123131176,111.78335459450734,112.35354597714272,111.92507332918073,0.09949,0.09565,0.08973,0.08303,0.07772,0.07434
AGO,AGO.7_1,SUNF,49.454188520698644,44.094489479508155,38.61797920190731,33.007949540572596,27.238592535782175,21.19628545026142,814.2877593150353,818.5399269645203,822.1990026723516,826.1288231761466,830.3427916836268,827.1761878032187,0.06073,0.05387,0.04697,0.03995,0.0328,0.02562
AGO,AGO.8_1,SUNF,2.675603164459603,2.634608634467183,2.4028043126181213,2.183998725030293,1.918147197600788,1.6308932450499167,403.78343438415925,405.8919701412613,407.7064075303516,409.65509999365287,411.7446938219677,410.1744599881189,0.006626,0.006491,0.005893,0.005331,0.004659,0.003976
AGO,AGO.9_1,SUNF,3.978147559435798,3.6398247653401166,3.2745860927179957,2.890711456416286,2.4830883588382813,2.0649742109084612,141.3069430896725,142.04484047936057,142.67981601091253,143.3617750799639,144.0930436042127,143.54352887898492,0.02815,0.02562,0.02295,0.02016,0.01723,0.01439
ALB,ALB.12_1,SUNF,0.018377814271491297,0.01926630548232121,0.01902408311671281,0.020811536380995914,0.021749578471324645,0.020833273150903216,7.773548312841515,5.714391551655935,4.871588259596471,4.754274980848265,7.1641367016600555,5.972813461244262,0.002364,0.003372,0.003905,0.004377,0.003036,0.003488
ALB,ALB.1_1,SUNF,0.01936681731404785,0.01994239890069392,0.019317196641157292,0.018134553875792644,0.016975645735329503,0.015638601510758795,8.974533503238991,6.597244445788473,5.624231083443657,5.488793326047675,8.270969995081972,6.8955916087874085,0.002158,0.003023,0.003435,0.003304,0.002052,0.002268
ALB,ALB.2_1,SUNF,0.01027000096818896,0.00937695740573775,0.00848391384328653,0.00759087028083532,0.0066978267183841,0.00580478315593289,0.28711873772906654,0.26154138928325316,0.4648836733228901,0.2813035549955452,0.2525113087783541,0.3010103897957035,0.03577,0.03585,0.01825,0.02698,0.02652,0.01928
ALB,ALB.4_1,SUNF,0,0,0,0,0,0,0.04540180653055104,0.033375196142990456,0.02845276040715232,0.02776758620216386,0.0418425068446373,0.03488452252396922,0,0,0,0,0,0
ALB,ALB.5_1,SUNF,0.05264358753989568,0.0517791290185974,0.04798135197893501,0.04399785190078266,0.039674061023977164,0.03556243860850232,19.663028810609994,14.454434602239514,12.322581200612618,12.025839701485062,18.121534812510543,15.108107448799682,0.002677,0.003582,0.003894,0.003659,0.002189,0.002354
ALB,ALB.6_1,SUNF,4.404198849795081e-4,4.6700317062852684e-4,4.314521855774219e-4,3.9590120052631706e-4,3.603502154752122e-4,3.247992304241074e-4,0.31596232505857147,0.23226618891319137,0.19800974938142407,0.19324145376894364,0.2911922841663705,0.24276996197969677,0.001394,0.002011,0.002179,0.002049,0.001237,0.001338
ALB,ALB.7_1,SUNF,0.03100355617044155,0.028123813347620596,0.025244070524799638,0.022364327701978683,0.01948458487915773,0.016604842056336784,9.200189480393568,7.9579175009856575,7.567909233762364,5.807230857272656,7.591772591539364,6.814537092562636,0.00337,0.003534,0.003336,0.003851,0.002567,0.002437
ARG,ARG.10_1,SUNF,0.04860622837172422,0.04515578725858982,0.04170534614545544,0.03825490503232104,0.034804463919186644,0.03135402280605226,0.442930383006667,0.5033773788188225,0.6278505739197133,0.7779805660162541,0.603791940104814,0.6732442158943294,0.1097,0.08971,0.06643,0.04917,0.05764,0.04657
ARG,ARG.11_1,SUNF,1.4470602211202677,1.3757932108224695,1.1496444691107954,0.9342239695768163,0.7469862380681246,0.6045262206636,15579.42031130076,17705.553876400612,22083.714188645732,27364.314341489764,21237.487371298805,23680.368324184237,9.288e-5,7.77e-5,5.206e-5,3.414e-5,3.517e-5,2.553e-5
ARG,ARG.12_1,SUNF,0,0,0,0,0,0,0.002036702636492751,0.002314652762431234,0.0028870110705557974,0.0035773456297794257,0.0027763835660965215,0.003095742180086202,0,0,0,0,0,0
ARG,ARG.14_1,SUNF,2.767961576169995,2.383364625992153,2.004692763126811,1.628782135495498,1.2666553573443606,0.9331553303076567,22.101065041202276,20.245688465407547,8.864241206577026,24.16766331049182,19.52790884678772,18.943248710491925,0.1252,0.1177,0.2262,0.0674,0.06486,0.04926
ARG,ARG.16_1,SUNF,0.5998453278021121,0.5524933772492118,0.5191053079906983,0.49578593055973097,0.49336596930800747,0.4631509605139379,33.623032350766245,38.21158931970225,47.66040210439102,59.05683317966971,45.83410105549363,51.10625262896125,0.01784,0.01446,0.01089,0.008395,0.01076,0.009063
ARG,ARG.17_1,SUNF,57.864742195034786,56.215555952299624,54.8391120326098,50.89440727000823,46.908361276563056,43.04364798971748,1121.7348125030242,1274.816280732635,1590.0315657048895,1970.2494157980077,1529.1117111855951,1704.9991395004588,0.05159,0.0441,0.03449,0.02583,0.03068,0.02525
ARG,ARG.19_1,SUNF,2.22531822886413,1.7585404755120273,1.3098368022322868,0.9223914811789365,0.6732004361165327,0.5214683778247801,7804.88412422333,8870.021708077418,11063.3660836419,13708.80933350455,10639.428471058698,11863.248252896989,2.851e-4,1.983e-4,1.184e-4,6.728e-5,6.327e-5,4.396e-5
ARG,ARG.1_1,SUNF,39.15602657482621,31.661962768488237,26.44885087131985,22.108683033633643,18.245096414210888,15.873820175782406,199795.26113150467,227061.4496257873,283208.31936689705,350928.35421975027,272356.04729450983,303684.3013721594,1.96e-4,1.394e-4,9.339e-5,6.3e-5,6.699e-5,5.227e-5
ARG,ARG.21_1,SUNF,114.53423419480669,100.2235144568264,87.33024675547081,76.71641533302628,65.72257408710341,53.11553106804589,81887.0343521071,93062.21088651329,116074.27145899777,143829.64858314046,111626.41633492116,124466.44969366788,0.001399,0.001077,7.524e-4,5.334e-4,5.888e-4,4.267e-4
ARG,ARG.22_1,SUNF,688.0213612637187,545.5062659891584,409.55730710166404,292.44395358132033,213.47764882266617,169.31123250561873,55127.26077708977,62650.513706158294,78142.48840318667,96827.7164712821,75148.14294589052,83792.19597522028,0.01248,0.008707,0.005241,0.00302,0.002841,0.002021
ARG,ARG.24_1,SUNF,2.7008741018315883,2.184274757815005,1.7284209692982955,1.2833895061624334,0.9701426313872413,0.7978335735448399,185.37105686113554,210.6687648705029,262.76211545554764,325.5931073432069,252.6933223720174,281.75983543693786,0.01457,0.01037,0.006578,0.003942,0.003839,0.002832
ARG,ARG.2_1,SUNF,0.21640204475734737,0.20823614593357456,0.2039536811089801,0.1900126956351706,0.18802423486211656,0.16711463981173688,107.96600870931414,122.70019973953035,153.0410266096903,189.6357978335474,147.17664076566365,164.10590391955216,0.002004,0.001697,0.001333,0.001002,0.001278,0.001018
ARG,ARG.3_1,SUNF,1782.5869724970196,1704.3510836842756,1641.0186044717923,1548.5697223001807,1431.581489573332,1281.1029376523286,218426.76751308443,248235.55003571184,309617.86417034565,383653.218995646,297753.81774314615,332003.46095813543,0.008161,0.006866,0.0053,0.004036,0.004808,0.003859
ARG,ARG.6_1,SUNF,77.3750489790102,66.20408135734135,55.18217747281731,44.237759197101795,33.33313654764068,22.471451576112116,22393.10743354358,25449.109286629788,31742.06578144022,39332.14578271275,30525.740163711682,34037.01943676915,0.003455,0.002601,0.001738,0.001125,0.001092,6.602e-4
ARG,ARG.7_1,SUNF,3.067286419112212,2.6256283933964353,2.2661033748012405,1.9984574283102967,1.6383431075177555,1.277628784719072,45.0596587245329,54.45436428319763,67.54876471629659,80.88819647737009,62.335218954874314,70.42051407580907,0.06807,0.04822,0.03355,0.02471,0.02628,0.01814
ARG,ARG.8_1,SUNF,80.36077812613355,70.33010151963256,59.270795754992285,49.20001205741903,39.60469640926869,31.831267616786356,5036.984626639324,5729.7694541017445,7147.471495850252,8852.45845117599,6868.504344505602,7660.529222227821,0.01595,0.01227,0.008293,0.005558,0.005766,0.004155
ARG,ARG.9_1,SUNF,76.21538854097186,68.16216349601476,60.76261451986225,52.936506657958184,45.10881904052643,37.14093060541328,1705.2403993946739,1937.1954358841558,2411.065342840704,2991.9035102356893,2321.4028640748966,2587.9679067194506,0.04469,0.03519,0.0252,0.01769,0.01943,0.01435
ARM,ARM.10_1,SUNF,0,0,0,0,0,0,0.36491423826188685,0.38426766730668704,0.4315921349434015,0.42940230206644253,0.4471215092759952,0.4360030664413205,0,0,0,0,0,0
ARM,ARM.2_1,SUNF,0.00455034337707974,0.00411697734116738,0.00368361130525502,0.00325024526934267,0.00281687923343031,0.00238351319751795,6.746098575547648,6.746098575547648,6.746098575547648,6.746098575547648,6.746098575547648,6.746098575547648,6.745e-4,6.103e-4,5.46e-4,4.818e-4,4.176e-4,3.533e-4
ARM,ARM.3_1,SUNF,0,0,0,0,0,0,7.549823008195985e-5,7.549823008195985e-5,7.549823008195985e-5,7.549823008195985e-5,7.549823008195985e-5,7.549823008195985e-5,0,0,0,0,0,0
ARM,ARM.5_1,SUNF,0,0,0,0,0,0,0.40358078577373413,0.4249849166142283,0.47732391529545254,0.47490204631767374,0.49449879212562103,0.4822022319333654,0,0,0,0,0,0
ARM,ARM.7_1,SUNF,0,0,0,0,0,0,0.0187933182767286,0.020771562305857926,0.02769541640781057,0.025717172378681246,0.012858586189340623,0.017347551598773252,0,0,0,0,0,0
AUS,AUS.10_1,SUNF,0.9077490122495215,0.7826761707162145,0.6577072022741726,0.53280372824024,0.4080138529092767,0.2833994912035536,0.31242235122872924,0.7383414395008759,0.8491596193557217,1.0556079899004263,0.9127041143612001,0.9192493350739959,2.906,1.06,0.7745,0.5047,0.447,0.3083
AUS,AUS.11_1,SUNF,324.38607628516894,327.28115042006834,319.09218243150866,306.6745122558602,292.8616172925616,272.64845597767896,70.24480348119978,166.0081268698803,190.92440201931353,237.34209640286807,205.21169787512122,206.68332031475524,4.618,1.971,1.671,1.292,1.427,1.319
AUS,AUS.5_1,SUNF,1.7011988178567312,1.6261076989100458,1.3827481582415502,1.201367447920992,1.0909390373206949,0.999265295264115,196.37760792032083,464.09523885656995,533.7516158359688,663.5177385450826,573.6934313834255,577.8075249552658,0.008663,0.003504,0.002591,0.001811,0.001902,0.001729
AUS,AUS.7_1,SUNF,65.61743031440507,67.05995318895823,65.33762384522872,66.6638017505208,64.00789887081477,61.14664061932688,186.03535068412003,439.65359098652266,505.641504048411,628.5734737407175,543.4797776735101,547.3772018681013,0.3527,0.1525,0.1292,0.1061,0.1178,0.1117
AUS,AUS.8_1,SUNF,0.07321733030593776,0.06390366956179139,0.05442442846362477,0.04484723617468896,0.0352697449819576,0.02568573965716759,45.74617912420072,108.11102218963562,124.33748065497826,154.56650908938488,133.64192971070315,134.60030813003644,0.001601,5.911e-4,4.377e-4,2.901e-4,2.639e-4,1.908e-4
AUT,AUT.1_1,SUNF,0.021952893266248143,0.017931971758881685,0.015117893489587607,0.013519381587158959,0.01194384719082449,0.010494288948819963,56.816936325949584,73.169897470845,55.253312936709264,65.59690291899228,54.341342074049244,58.57464667094166,3.864e-4,2.451e-4,2.736e-4,2.061e-4,2.198e-4,1.792e-4
AUT,AUT.2_1,SUNF,0.04692570039469071,0.04209802282200264,0.03620212879021746,0.030273262852937896,0.02439539413676328,0.02022013072953567,1.984304500719038,2.627806065917008,1.9912914883976263,2.2892865128894115,1.8683205052544742,2.032816961143293,0.02365,0.01602,0.01818,0.01322,0.01306,0.009947
AUT,AUT.3_1,SUNF,0.2628074958447256,0.23454107202957927,0.2046173461815163,0.17695474839134887,0.149587915401297,0.12979947037165435,239.5545265407727,318.0970248036627,242.3121437846648,277.23602425033647,227.2495317350537,247.12612984060002,0.001097,7.373e-4,8.444e-4,6.383e-4,6.583e-4,5.252e-4
AUT,AUT.4_1,SUNF,0.0026614656453233286,0.0022744041048217006,0.0019659154645942823,0.0017359997246410635,0.0015089356507652482,0.001319055985779016,2.172450527512733,2.9388882288110296,2.319084391213041,2.5780926395679877,2.108019190245717,2.31117091762177,0.001225,7.739e-4,8.477e-4,6.734e-4,7.158e-4,5.707e-4
AUT,AUT.6_1,SUNF,0.026243189359070777,0.02366401443501038,0.0209933921016401,0.018602156875740232,0.016535704822671266,0.014690634726281728,4.395321772008304,5.820706050888463,4.41079825712101,5.07087034717789,4.138412119137397,4.502779006237805,0.005971,0.004065,0.00476,0.003668,0.003996,0.003263
AUT,AUT.8_1,SUNF,8.112720056659563e-4,7.377619772231565e-4,6.673464352981307e-4,5.986255761528084e-4,5.336653634817198e-4,4.7246579728486447e-4,1.971324243254311,1.786748126441026,2.2811427121363845,2.8725560212653116,2.5473428458549363,2.6506473134901576,4.115e-4,4.129e-4,2.925e-4,2.084e-4,2.095e-4,1.782e-4
AUT,AUT.9_1,SUNF,2.4117712205110823e-4,8.039237401703609e-5,0,0,0,0,1.4473832779343754,1.9167635592645023,1.4524796979271022,1.669842010616895,1.3627827060551125,1.4827690385190417,1.666e-4,4.194e-5,0,0,0,0
AZE,AZE.10_1,SUNF,0.16461473863593762,0.14667408987537645,0.12944508917483447,0.11267408538937994,0.0965705207135883,0.08159912532186708,35.69220564608998,37.58236742820769,42.204333896212844,41.990462834724404,43.721017569980454,42.63512960283444,0.004612,0.003903,0.003067,0.002683,0.002209,0.001914
AZE,AZE.1_1,SUNF,0,0,0,0,0,0,0.008231147062344832,0.008667690512628296,0.00973515955582145,0.009685764836289376,0.010085446145148905,0.00983465423713132,0,0,0,0,0,0
AZE,AZE.2_1,SUNF,0.1759643964192172,0.1460945440384263,0.12232096730079173,0.10289510701202084,0.08782936383545355,0.07464778421080803,47.44853750839046,49.961234493850796,56.105471098848504,55.82116042419445,58.121682902000636,56.67815174640904,0.003709,0.002924,0.00218,0.001843,0.001511,0.001317
AZE,AZE.3_1,SUNF,0.19444368909500237,0.11640323895069844,0.06179195124447242,0.03560314545876282,0.019835564855026067,0.014180907512267932,6.074723861401095,6.3969002110507,7.184710174701763,7.148256047579993,7.443227521846588,7.258138909488989,0.03201,0.0182,0.0086,0.004981,0.002665,0.001954
AZE,AZE.4_1,SUNF,0.1528523972442297,0.11841227126250402,0.09223649609055351,0.07754969983358638,0.06271149673329546,0.051425523232655784,122.46271954479887,128.957597806147,144.83936508222308,144.1044721639902,150.05091676805725,146.3196434882778,0.001248,9.182e-4,6.368e-4,5.381e-4,4.179e-4,3.515e-4
AZE,AZE.5_1,SUNF,0.330657286402758,0.2128352650810346,0.09558010840132487,0.02940085401067191,0.014352321298224899,0.006269511391603219,0.9922784910831629,1.0432266475337821,1.1678089308860646,1.1620441670420063,1.2086902130219448,1.179420766056397,0.3332,0.204,0.08185,0.0253,0.01187,0.005316
AZE,AZE.6_1,SUNF,0.13844496339459383,0.1016103000087093,0.07315836673500643,0.054287866225419305,0.03967847314623236,0.029086432600411268,16.59602241538562,17.47585768433761,19.627297391211943,19.527744376921863,20.333285524423133,19.82782480637009,0.008342,0.005814,0.003727,0.00278,0.001951,0.001467
AZE,AZE.7_1,SUNF,0,0,0,0,0,0,0.6402881072465014,0.6742461421832787,0.7572828961172645,0.7534405578334733,0.7845311442138568,0.7650224323804937,0,0,0,0,0,0
AZE,AZE.8_1,SUNF,0.07567336231743925,0.06513960128565166,0.05502919265281578,0.04574912485433173,0.03608545114159502,0.02664055222400993,2.8265111554597895,2.9764167424603962,3.3429772152402264,3.326015457089056,3.4632628746802565,3.377142906182353,0.02677,0.02189,0.01646,0.01375,0.01042,0.007888
AZE,AZE.9_1,SUNF,0.8568083730089251,0.7221875311901179,0.5884284015076824,0.4556634701927455,0.33506206320618187,0.23006501725611062,10.242849849499805,10.786085072995172,12.11444490493601,12.052978053269644,12.550341981199935,12.23825621261425,0.08365,0.06696,0.04857,0.03781,0.0267,0.0188
BDI,BDI.11_1,SUNF,0.046443709026097756,0.04362171501259775,0.04432695811904287,0.04389519406511097,0.040725175028378024,0.036967894696228285,22.169650073483787,23.097681937024966,23.71636984605242,24.128828452070728,24.747516361098178,24.22420950471245,0.002095,0.001889,0.001869,0.001819,0.001646,0.001526
BDI,BDI.13_1,SUNF,0.011907025130495448,0.010358815530502734,0.00881060593051002,0.007298928853793308,0.005748845791068489,0.0041987627283436805,0.5602761915461698,0.5837296135178699,0.59936522816567,0.6097889712642035,0.6254245859120036,0.612199461855739,0.02125,0.01775,0.0147,0.01197,0.009192,0.006858
BDI,BDI.16_1,SUNF,0.00532222684343194,0.00491594510448443,0.0044907896679433,0.00424675917986638,0.00385201085091616,0.0034155312854032,2.280978510381775,2.3764613317465932,2.440116545989805,2.4825533554852806,2.546208569728493,2.492366867681109,0.002333,0.002069,0.00184,0.001711,0.001513,0.00137
BDI,BDI.17_1,SUNF,0.007234786371418057,0.0068407966663384745,0.006279281464177944,0.005717766262017413,0.005624686856411753,0.005039149305709947,12.096778363137847,12.603155131827338,12.940739644286998,13.165795985926774,13.503380498386434,13.217840264930967,5.981e-4,5.428e-4,4.852e-4,4.343e-4,4.165e-4,3.812e-4
BDI,BDI.5_1,SUNF,0.04083569769680596,0.03889808085308776,0.0356286458385499,0.032543404922425974,0.030632491593530164,0.027284208868290638,14.051475334126675,14.639676627183139,15.031810822554117,15.293233619468102,15.68536781483908,15.353687641254457,0.002906,0.002657,0.00237,0.002128,0.001953,0.001777
BEL,BEL.2_1,SUNF,0,0,0,0,0,0,0.0025011871534595174,0.0029750812366580916,0.0027969860234415872,0.0032061026581163003,0.0023014579832450087,0.0025519082585525724,0,0,0,0,0,0
BEL,BEL.3_1,SUNF,0.11633696305291219,0.10102950336558021,0.08573364676510949,0.07056197390817401,0.055526682911730456,0.0404913919152869,4.80145349982626,6.261991109281929,8.054335272661058,7.49662906033949,7.6523972133088485,7.440548352086799,0.02423,0.01613,0.01064,0.009412,0.007256,0.005442
BGD,BGD.2_1,SUNF,0.3299784735367334,0.30412953950855315,0.2633839278079404,0.22642119595425986,0.1937913201751322,0.1704516350184885,6.198683524998961,5.95137728285878,6.039764074188366,6.098688601741422,5.892452755305722,5.96572049494065,0.05323,0.0511,0.04361,0.03713,0.03289,0.02857
BGR,BGR.10_1,SUNF,0.9103859861900769,0.8487477730013854,0.7840076028777202,0.7199891187660907,0.6571333466352606,0.5965817587147249,615.1207509026756,726.6236521155529,738.0184736526237,626.0225560874986,562.5783504606607,607.3718174005633,0.00148,0.001168,0.001062,0.00115,0.001168,9.822e-4
BGR,BGR.11_1,SUNF,0.15343526100438298,0.13702835223532991,0.12401687602526965,0.11671764449104231,0.10926319076545798,0.10409317508380718,663.672503195472,766.5236900704979,819.5132034722188,682.9908389100218,629.6797360909362,671.2174280077022,2.312e-4,1.788e-4,1.513e-4,1.709e-4,1.735e-4,1.551e-4
BGR,BGR.12_1,SUNF,0.028251239923727193,0.02456650665475421,0.02088177338578124,0.017208245404356292,0.013545922710479403,0.009883600016602493,134.82536886511613,155.7196339459705,166.48447753369075,138.74989749336817,127.9197228702192,136.35812374944632,2.095e-4,1.578e-4,1.254e-4,1.24e-4,1.059e-4,7.248e-5
BGR,BGR.13_1,SUNF,0.23121867921041583,0.21258958246055754,0.19471133947033695,0.20019353202428114,0.18443941338596875,0.1682748368997222,994.7254591941238,1163.3560382082342,1209.2775642453767,1017.4327827398145,925.070902197723,992.932101924995,2.324e-4,1.827e-4,1.61e-4,1.968e-4,1.994e-4,1.695e-4
BGR,BGR.14_1,SUNF,0.1773988875217442,0.16235955883415426,0.15016923348154948,0.13674036832860106,0.1240680206325756,0.10896802655536432,1056.0114794925867,1219.6645365297786,1303.9795174511175,1086.7501106412808,1001.9234283690718,1068.0166886511117,1.68e-4,1.331e-4,1.152e-4,1.258e-4,1.238e-4,1.02e-4
BGR,BGR.15_1,SUNF,0.09221415787406538,0.11840116151477524,0.11084200959834713,0.10328285768191897,0.09606438689398834,0.08918659723455527,401.9147013312652,464.2005484251398,496.2905692561957,413.6137292276244,381.3289564458562,406.48384678760664,2.294e-4,2.551e-4,2.233e-4,2.497e-4,2.519e-4,2.194e-4
BGR,BGR.16_1,SUNF,0.19980656114402046,0.16683013844631892,0.17387930520890005,0.15174332460641682,0.13909735611002316,0.12159644152126575,643.8889717768134,760.4379590558376,773.0513263663978,655.3963558919368,589.2466387949994,636.0357533439087,3.103e-4,2.194e-4,2.249e-4,2.315e-4,2.361e-4,1.912e-4
BGR,BGR.17_1,SUNF,0.09839288270597343,0.08362901202570422,0.06949459430404012,0.0572524606981044,0.048842942168672486,0.04380093684693687,598.3652623143885,691.0956031338496,738.8707993848142,615.7826194621645,567.7174790969682,605.1677453051336,1.644e-4,1.21e-4,9.406e-5,9.298e-5,8.603e-5,7.238e-5
BGR,BGR.18_1,SUNF,0.5205250319405977,0.4577940807983576,0.39613251259919857,0.3359326587260412,0.2758024486186436,0.21694451433960485,949.4299210982495,1104.30351465018,1162.201029140151,973.7265852583679,890.8017649525509,953.2198142966394,5.483e-4,4.146e-4,3.408e-4,3.45e-4,3.096e-4,2.276e-4
BGR,BGR.19_1,SUNF,1.690110711239284,1.5646682912588685,1.4314232813944325,1.2989395337688328,1.1669072114884322,1.0348985768944488,443.2471123310416,511.9383589363697,547.3284778369595,456.14925379281283,420.54435489167037,448.2861430573016,0.003813,0.003056,0.002615,0.002848,0.002775,0.002309
BGR,BGR.1_1,SUNF,0.016713337822498852,0.015322890550053371,0.014806093870043864,0.01385202342790238,0.012453408073338352,0.011046785576602268,14.654732289172461,16.900928099625006,18.135086257806815,15.07627171138333,13.897060029887127,14.825108603721052,0.00114,9.066e-4,8.164e-4,9.188e-4,8.961e-4,7.451e-4
BGR,BGR.20_1,SUNF,0,0,0,0,0,0,6.114705951678523e-4,7.062319061297875e-4,7.550534696892196e-4,6.292694254345162e-4,5.801515674354486e-4,6.184220654234647e-4,0,0,0,0,0,0
BGR,BGR.21_1,SUNF,0.18139197440952814,0.19814000404801632,0.1810707755270706,0.17157883339852192,0.15316027890922224,0.13360041273537482,175.56739488235763,202.6936826044472,216.7019062975178,180.69774697120639,166.5867882278411,177.56634017841407,0.001033,9.775e-4,8.356e-4,9.495e-4,9.194e-4,7.524e-4
BGR,BGR.22_1,SUNF,0.6707918320060074,0.5933435066979387,0.529890279944091,0.4562662328838169,0.3817102516640924,0.30897202789565925,780.1028811770192,900.9976098683059,963.2832581026665,802.8102997877108,740.1466445848013,788.971438418649,8.599e-4,6.585e-4,5.501e-4,5.683e-4,5.157e-4,3.916e-4
BGR,BGR.23_1,SUNF,0.0319895954620088,0.029620597792226977,0.027251600122445162,0.02513484198747228,0.023515923181388183,0.021094861216259385,395.46208435327907,456.74795131924355,488.32277673059343,406.97328795313973,375.20683727377786,399.95787358391186,8.089e-5,6.485e-5,5.581e-5,6.176e-5,6.267e-5,5.274e-5
BGR,BGR.24_1,SUNF,0.21592012159262094,0.19162445889234503,0.16961501751605032,0.13978509110110565,0.11290961100870817,0.08996479989738722,488.93518421026897,564.7068392944548,603.7448247037315,503.1672248413801,463.8923208009078,494.4936173006239,4.416e-4,3.393e-4,2.809e-4,2.778e-4,2.434e-4,1.819e-4
BGR,BGR.25_1,SUNF,0.32275738223588496,0.2735807901726036,0.22431385506322296,0.18617058155336055,0.16194974018815508,0.13433269223906816,633.3049019041061,731.4499365424095,782.0148136847419,651.73929031969806,600.8675386972013,640.5045942901502,5.096e-4,3.74e-4,2.868e-4,2.857e-4,2.695e-4,2.097e-4
BGR,BGR.26_1,SUNF,0.03658228042527734,0.03303864266759711,0.03016394072422142,0.027289238780845722,0.024414536837470035,0.02205945055212968,83.68685826350833,95.09323695838307,101.19840495407887,86.47199570046274,79.44000925133007,84.55519614385904,4.371e-4,3.474e-4,2.981e-4,3.156e-4,3.073e-4,2.609e-4
BGR,BGR.27_1,SUNF,1.3289310279369175,1.2284083127800354,1.1310671962338954,1.0589709498200723,0.9615102159918092,0.8655181021947488,689.6410792688289,799.3573707842743,847.8460460489591,708.4892981059269,650.6473589269544,694.9100573997754,0.001927,0.001537,0.001334,0.001495,0.001478,0.001246
BGR,BGR.28_1,SUNF,0.7234526987066514,0.6306353607988882,0.5508112120249025,0.4749488379277748,0.5280249724912887,0.4579905712959318,1248.6180537162534,1439.2567648942577,1537.4749075115947,1284.425347094411,1185.6111258714925,1262.6028679497174,5.794e-4,4.382e-4,3.583e-4,3.698e-4,4.454e-4,3.627e-4
BGR,BGR.2_1,SUNF,3.1470041208458364,2.7458780475602826,2.668233909518556,2.2824567282281274,1.8981598539988016,1.5188043905450177,1944.5482488108646,2245.401996010753,2400.4035487743363,2001.0570151749307,1845.1147695111135,1966.618182771462,0.001618,0.001223,0.001112,0.001141,0.001029,7.723e-4
BGR,BGR.3_1,SUNF,0.6050577058082606,0.5550224989917467,0.6039050961499363,0.641144279781472,0.5890276967624372,0.5379345840991642,1943.9551065822984,2247.64479023867,2397.233059560335,1999.49165005637,1841.2477680376549,1963.855842004747,3.113e-4,2.469e-4,2.519e-4,3.207e-4,3.199e-4,2.739e-4
BGR,BGR.4_1,SUNF,0.09788369961151018,0.08403956436335268,0.07239856011058794,0.06427971170575934,0.05860353885327745,0.05240652782537722,109.76011533765833,126.76994786750315,135.53350982713772,112.9550386559385,104.13829129029214,111.00791724841557,8.918e-4,6.629e-4,5.342e-4,5.691e-4,5.627e-4,4.721e-4
BGR,BGR.5_1,SUNF,9.859055633160794e-4,9.261537109938924e-4,8.66401858671706e-4,0.00110398405057765,0.0012121714063085937,0.0011277774436281906,24.202026273580906,27.95268207901693,29.88504117088516,24.906504561101105,22.962418125564287,24.477165694995215,4.074e-5,3.313e-5,2.899e-5,4.433e-5,5.279e-5,4.607e-5
BGR,BGR.6_1,SUNF,0.9059581839438076,0.7517292155480987,0.6250557620213618,0.5211836052067594,0.43903995142099644,0.34300164125068594,683.8019300339262,744.1425821907898,778.753516595915,649.4160749560868,630.8487465706077,652.4907171577881,0.001325,0.00101,8.026e-4,8.025e-4,6.96e-4,5.257e-4
BGR,BGR.7_1,SUNF,0.02184957717169544,0.01973219371898149,0.017614810266267537,0.015497426813553582,0.013531771912964502,0.011717845564500335,1.829276675840969,2.092344604622435,2.230400096105119,1.8459676361922137,1.7187067219531198,1.8229979803981933,0.01194,0.009431,0.007898,0.008395,0.007873,0.006428
BGR,BGR.8_1,SUNF,0.014168068620961071,0.012175074214272743,0.010182079807584414,0.008189085400896084,0.006214927425272004,0.0042565397142781645,11.090721824059328,12.806343702559971,13.699939054068935,11.41291841873404,10.521772727639133,11.217282068167547,0.001277,9.507e-4,7.432e-4,7.175e-4,5.907e-4,3.795e-4
BGR,BGR.9_1,SUNF,0.5338942077787397,0.4418741796793503,0.36617787406892816,0.2950102055746621,0.22885850162797822,0.4139500816643406,476.07388325347017,549.8523865017813,587.8634888081232,489.93155410368337,451.6897652433546,481.4861033423232,0.001121,8.036e-4,6.229e-4,6.021e-4,5.067e-4,8.597e-4
BIH,BIH.1_1,SUNF,0.0034399222734287594,0.003288404347426622,0.003073423787226028,0.006126118616409322,0.005736072898369063,0.005346494604424293,7.078196827383889,7.181089675907724,8.872884649099701,9.21774386968128,11.830627083032768,10.54872472233777,4.86e-4,4.579e-4,3.464e-4,6.646e-4,4.848e-4,5.068e-4
BIH,BIH.2_1,SUNF,0.6084065463546475,0.557748218231555,0.5068934692799494,0.46269610070446054,0.45363868735036383,0.4001464493240902,108.39387577891696,111.66444498659386,137.45688911485016,142.0212304599467,168.1014599653098,152.6148200596312,0.005613,0.004995,0.003688,0.003258,0.002699,0.002622
BIH,BIH.3_1,SUNF,0.37186918442694916,0.3299723673632919,0.2985595160525142,0.26159967433148534,0.22454546591634184,0.1921233864443524,35.9331503812901,35.383861754027954,44.04464720780992,46.24851647650197,68.31890084183888,59.192342567599205,0.01035,0.009326,0.006779,0.005656,0.003287,0.003246
BLR,BLR.1_1,SUNF,0.16170690170326368,0.13595665998840198,0.11235230779209081,0.09015566842277323,0.06863168493251245,0.048133848459317036,5.45756719139861,5.177710945702181,4.934175585419084,7.016983990972841,10.852056591780485,9.427578008491494,0.02963,0.02626,0.02277,0.01285,0.006324,0.005106
BLR,BLR.2_1,SUNF,0.4263300988215439,0.39958908364524476,0.3632945679190581,0.32918570014003223,0.29674914438911154,0.26531856957129285,17.639936096818808,21.037481595297304,16.18923543189366,19.003809505583508,18.940477101309835,18.9002495357394,0.02417,0.01899,0.02244,0.01732,0.01567,0.01404
BLR,BLR.3_1,SUNF,0.09453360817775212,0.08040088903193288,0.06774893001181304,0.05557943610012942,0.045028318183912015,0.036003378707465256,3.727881670853454,3.2786997984639,3.2786997984639,4.918049697695849,8.19674949615975,6.967237071735787,0.02536,0.02452,0.02066,0.0113,0.005493,0.005168
BLR,BLR.4_1,SUNF,0.03577402730281765,0.03044859562583272,0.025377942382182637,0.020480339086377315,0.015629610380010185,0.010818743344383486,2.7212666985744605,2.595618433886184,2.63180653804061,3.643098199183019,5.364542349322298,4.700211345103194,0.01315,0.01173,0.009643,0.005622,0.002914,0.002302
BLR,BLR.5_1,SUNF,0.20993998287127363,0.17554011580962542,0.14205338358432942,0.10894540008918459,0.07649474089204698,0.04486706183601632,3.8258662169169377,3.36487793924093,3.36487793924093,5.047316908861395,8.412194848102326,7.150365620886976,0.05487,0.05217,0.04222,0.02158,0.009093,0.006275
BLR,BLR.6_1,SUNF,0.2601538328165365,0.22443790666614183,0.1898823293403009,0.15567182196098173,0.12165330416153515,0.08818509357473533,3.135943317422163,2.7580855914003193,2.7580855914003193,4.137128387100479,6.895213978500798,5.860931881725678,0.08296,0.08137,0.06885,0.03763,0.01764,0.01505
BLR,BLR.7_1,SUNF,0.001102969412704379,7.870030818508176e-4,5.616114906045035e-4,3.6805926455948706e-4,2.3270260527577055e-4,1.4383906223057024e-4,0.34436835523703274,0.3028745428645846,0.3028745428645846,0.45431181429687695,0.7571863571614615,0.6436084035872424,0.003203,0.002598,0.001854,8.101e-4,3.073e-4,2.235e-4
BOL,BOL.1_1,SUNF,1.880236358880076,1.600031693420956,1.3219207245675926,1.0447266515769518,0.7681948426238157,0.4925005260213785,0.40200828345046774,0.40200828345046774,0.40200828345046774,0.40200828345046774,0.40200828345046774,0.40200828345046774,4.677,3.98,3.288,2.599,1.911,1.225
BOL,BOL.2_1,SUNF,0.6136874020453741,0.5264951969171007,0.4393029917888274,0.35211078666055406,0.2649185815322808,0.1777263764040075,2.1302783550139925,2.1302783550139925,2.1302783550139925,2.1302783550139925,2.1302783550139925,2.1302783550139925,0.2881,0.2471,0.2062,0.1653,0.1244,0.08343
BOL,BOL.3_1,SUNF,17.578497657539664,17.3404517466313,17.31355676937362,22.634671033612815,24.108941448219294,22.35193629240345,347.46863788237334,347.46863788237334,347.46863788237334,347.46863788237334,347.46863788237334,347.46863788237334,0.05059,0.04991,0.04983,0.06514,0.06938,0.06433
BOL,BOL.4_1,SUNF,0.0048818484667743,0.0063039319813155,0.00606551537338714,0.00709188772976382,0.00663187207012335,0.00616875359408615,0.023259853193667007,0.023259853193667007,0.023259853193667007,0.023259853193667007,0.023259853193667007,0.023259853193667007,0.2099,0.271,0.2608,0.3049,0.2851,0.2652
BOL,BOL.8_1,SUNF,3789.0068778277355,3389.398483828928,3022.4565149315463,2614.0498300153727,2266.1142261532527,1847.610407417346,135676.56206712194,135676.54930293356,135675.99710450697,135676.62578987778,135676.3725680175,135676.36539513274,0.02793,0.02498,0.02228,0.01927,0.0167,0.01362
BOL,BOL.9_1,SUNF,0.010043287360536805,0.010090584589298682,0.010554971563370708,0.01068936612691164,0.010087007322577677,0.009578499293325217,1.044609256442809,1.0430374826322522,0.9750401294740036,1.0524560349278205,1.021274460639925,1.0203911963017989,0.009614,0.009674,0.01083,0.01016,0.009877,0.009387
BRA,BRA.11_1,SUNF,31.6082500995121,24.88896609318283,19.111812834683263,14.297885986726474,10.387364886667369,7.120693264208776,64.25518707640364,59.9257883690755,22.369380293631767,70.22641205693287,54.26372403991423,52.82633531185648,0.4919,0.4153,0.8544,0.2036,0.1914,0.1348
BRA,BRA.12_1,SUNF,828.689744142569,693.9855903806265,576.1921704759353,471.6466072432443,397.2699493224205,325.09754388159274,23303.84806112784,19014.891911042225,17648.398349380175,25475.394059756287,26398.03188520223,25212.34337001281,0.03556,0.0365,0.03265,0.01851,0.01505,0.01289
BRA,BRA.13_1,SUNF,88.03300015785695,83.10311786937085,73.83603943702194,65.14290047110725,55.89846817601274,46.38672313708647,1185.2746470474885,965.8223641112932,895.9032226627701,1296.3857683142473,1343.5942195159123,1282.9262988368093,0.07427,0.08604,0.08242,0.05025,0.0416,0.03616
BRA,BRA.16_1,SUNF,4.146058184454552,3.4176663028918814,2.7668404962627853,2.150518795924377,1.6050258937909108,1.1330395610686008,16.366151124931584,13.839968175070565,10.603648728723368,17.899185779709118,17.30716912085685,16.592636624882047,0.2533,0.2469,0.2609,0.1201,0.09274,0.06829
BRA,BRA.21_1,SUNF,49.706355379417246,42.123551926117116,35.19754515060275,28.151837947228028,21.62486872810871,15.438381886106578,1402.3160823570142,1180.5016590841908,1114.131408554285,1572.4984864150895,1605.5708525037603,1549.6944477303346,0.03545,0.03568,0.03159,0.0179,0.01347,0.009962
BRA,BRA.22_1,SUNF,0.16258986006477044,0.09984134743538256,0.049438442543594655,0.01895761232632835,0.006534292130166045,0.004279147085090021,0.01743336231029355,0.01743336231029355,0.01743336231029355,0.01743336231029355,0.01743336231029355,0.01743336231029355,9.326,5.727,2.836,1.087,0.3748,0.2455
BRA,BRA.24_1,SUNF,0.18315252166079743,0.1747988233362515,0.17155904628252971,0.15804849404147217,0.14692328530779128,0.13623297528205253,1.0127628192134102,0.8252509093763852,0.7655082100899553,1.1077021758430277,1.148039632017252,1.0962016765393074,0.1808,0.2118,0.2241,0.1427,0.128,0.1243
BRA,BRA.25_1,SUNF,38.080514351314655,58.174835943251715,60.6735992235009,58.17476600847145,57.95986197881822,56.10450217137068,1315.2298602962048,1071.716514130545,994.1313376750771,1438.5233643503573,1490.9078178889797,1423.5881793241965,0.02895,0.05428,0.06103,0.04044,0.03888,0.03941
BRA,BRA.27_1,SUNF,0.22170654497101636,0.22470327246915642,0.23783099767107604,0.2346573915602253,0.22095665418071284,0.21413039016652632,16.553301139819943,13.488475840204583,12.511999538515242,18.10505613170582,18.764359619747395,17.917083958338882,0.01339,0.01666,0.01901,0.01296,0.01178,0.01195
BRA,BRA.5_1,SUNF,22.00221693262531,18.660891641939443,15.456641025912369,12.374211412788691,9.399297164849747,6.52112221262636,4.269811057050094,3.4792602876482825,3.2273848898238047,4.670075666883625,4.84013850204946,4.621589527624722,5.153,5.363,4.789,2.65,1.942,1.411
BRA,BRA.7_1,SUNF,0.9448772317102581,0.8930761201286113,0.9136980092940248,0.8558381768587651,0.8447568380419591,1.2793369814690374,342.54411304214415,279.1224514038851,258.9158348599366,374.65520271933275,388.29843476285066,370.7654189922857,0.002758,0.0032,0.003529,0.002284,0.002176,0.003451
BRA,BRA.9_1,SUNF,343.42531574317144,339.45771254649856,330.58688508442384,319.3633215916455,302.62821868497144,283.2656602429623,14667.969114124893,11952.210942674403,11086.950043179288,16042.987553130872,16627.19991764621,15876.424399958445,0.02341,0.0284,0.02982,0.01991,0.0182,0.01784
BTN,BTN.11_1,SUNF,0.0028328319516967414,0.00261340451607303,0.002393977080449319,0.002174549644825608,0.0019574186649927066,0.0017378734624053655,0.09819724886374159,0.11411995855478832,0.14596913893422306,0.09753643882484804,0.07643361539626858,0.09268075472542088,0.02885,0.0229,0.0164,0.02229,0.02561,0.01875
BTN,BTN.13_1,SUNF,0.00471104441071795,0.0048699641364833846,0.004643782982214011,0.006667433127105993,0.00620352121353111,0.005738387476433231,0.047874206965221475,0.01681904385227354,0.010331698366396606,0.01994258056769577,0.00840952192613677,0.012972368341888531,0.0984,0.2896,0.4495,0.3343,0.7377,0.4424
BTN,BTN.14_1,SUNF,6.657417816603126e-4,6.027363919203465e-4,5.397310021803806e-4,4.7672561244041457e-4,4.1372022270044854e-4,3.507148329604825e-4,0.018649771700809697,0.006551990058000896,0.004024793892771981,0.007768788211629635,0.003275995029000448,0.005053487531830767,0.0357,0.09199,0.1341,0.06136,0.1263,0.0694
BTN,BTN.15_1,SUNF,0,0,0,0,0,0,0.15630384117641252,0.05491226540702071,0.033731820178598444,0.06511025755403885,0.027456132703510355,0.04235330733447872,0,0,0,0,0,0
BTN,BTN.17_1,SUNF,6.067107459335561e-5,7.92640804687279e-5,7.616652783877485e-5,8.273502354023447e-5,7.731825450617658e-5,7.190148547211875e-5,0.07986312030803669,0.028057307009096952,0.0172352028770167,0.03326794973935782,0.014028653504548476,0.021640333683668727,7.597e-4,0.002825,0.004419,0.002487,0.005511,0.003323
BTN,BTN.19_1,SUNF,0,0,0,0,0,0,0.010003137098595932,0.0035142765214640666,0.0021587698631850695,0.004166927875450251,0.0017571382607320333,0.002710528011705024,0,0,0,0,0,0
BTN,BTN.1_1,SUNF,1.802754489280964e-5,1.6997399470363374e-5,4.07945693152904e-5,3.849122823810704e-5,3.618788716092369e-5,3.388454608374033e-5,0.0027982381798759568,9.83069874987789e-4,6.03885780349642e-4,0.0011656399946283786,4.915349374938944e-4,7.582324320078422e-4,0.006442,0.01729,0.06755,0.03302,0.07362,0.04469
BTN,BTN.3_1,SUNF,0.0021529195332412763,0.0020787604385821253,0.0020072021852559716,0.0019616494360357338,0.0018847168309870758,0.001709017267784718,0.490186866084848,0.1722111951113644,0.105786876996981,0.204193274203475,0.0861055975556822,0.13282485468277497,0.004392,0.012070000000000001,0.01897,0.009607,0.02189,0.01287
BWA,BWA.11_1,SUNF,0.04889840367436799,0.040436530575044864,0.03380189237787299,0.02754768379536125,0.02134630824587105,0.01548169856294361,0.8398979650066856,0.45138021203884277,0.4233455162675472,3.595688243522688,1.0429467443631908,2.128074104457849,0.05822,0.08958,0.07984,0.007661,0.02047,0.007275
BWA,BWA.14_1,SUNF,0.04517618746191357,0.03874785357691006,0.03222634258490233,0.02554481703466569,0.018864419371852795,0.012215596600189154,0.3600137933796989,0.13383616793790756,0.09969343084892375,2.4005369479373617,0.7485206852850637,1.4765357096760612,0.1255,0.2895,0.3233,0.01064,0.0252,0.008273
BWA,BWA.15_1,SUNF,0.005918694949293169,0.005123629189015984,0.004409360257723399,0.003695091326430814,0.002984948889351091,0.00227893294648421,0.2938181363569324,0.1092277411693384,0.08136282164102006,1.9591507471910294,0.6108903514791638,1.2050454134237196,0.02014,0.04691,0.05419,0.001886,0.004886,0.001891
BWA,BWA.1_1,SUNF,0.8819463659550216,0.7675045733828807,0.6531714034442551,0.5386841930217658,0.42462532518985413,0.31111066123826886,12.08101481842727,4.518832013785111,3.383369562781034,80.15624839862556,24.978265209150155,49.286327452032204,0.073,0.1698,0.1931,0.00672,0.017,0.006312
BWA,BWA.2_1,SUNF,0,0,0,0,0,0,6.712775791515162e-4,0.0010620071565410755,0.0010666276716534008,0.0012188933768624982,5.871568211085838e-4,8.120343015385863e-4,0,0,0,0,0,0
BWA,BWA.3_1,SUNF,0.0043243207863658765,0.0020773105425610687,0.0014525859445659198,8.278613465707785e-4,3.365967537850991e-4,1.4455325499724338e-4,0.2856666000278463,0.10619738398538209,0.07910553417515023,1.9047970960247058,0.5939421298516151,1.1716132652673203,0.01514,0.01956,0.01836,4.346e-4,5.667e-4,1.234e-4
BWA,BWA.4_1,SUNF,1.0688594287196424e-4,1.3964143168657893e-4,1.266129590397644e-4,1.1358448639294989e-4,1.0055601374613536e-4,8.911085332434043e-5,0.004302649594422086,0.0015995224191027238,0.0011914707372233037,0.02868964888393732,0.008945830082575752,0.017646589906312394,0.02484,0.0873,0.1063,0.003959,0.01124,0.00505
BWA,BWA.8_1,SUNF,0.001876257229230766,0.0016255931212708712,0.0013749290133109762,0.0011242649053510812,8.736007973911865e-4,6.229366894312917e-4,0.15748314985189768,0.06108051835804744,0.04774180683526711,1.02018645372002,0.3207930133542688,0.6290695046474029,0.01191,0.02661,0.0288,0.001102,0.002723,9.903e-4
BWA,BWA.9_1,SUNF,0.007243970217374506,0.006183947879895559,0.005123925542416604,0.004063903204937649,0.0030038808674587047,0.0019438585299797497,0.10400625024527008,0.03866462405160429,0.028800951817273848,0.6935035577008227,0.2162440193657018,0.4265640521019703,0.06965,0.1599,0.1779,0.00586,0.01389,0.004557
CAF,CAF.4_1,SUNF,1.4665900074208218,1.3990338448071673,1.335989095157275,1.2733334822042177,1.1875784062869217,1.0756787341420715,6.872278769117669,6.917150821333847,6.87308867727693,6.887506089242816,6.8925827348937485,6.890622916556778,0.2134,0.2023,0.1944,0.1849,0.1723,0.1561
CAN,CAN.11_1,SUNF,0.060908207641293385,0.06012783955395915,0.06559942889180738,0.06248400729156285,0.05787820866444366,0.05321697675964171,1.1825763012625656,0.8724824776783737,0.9833039920245699,1.0766017451708292,0.5894992016785442,0.7224919354241182,0.0515,0.06892,0.06671,0.05804,0.09818,0.07366
CAN,CAN.12_1,SUNF,0.07517949485523032,0.04571516333695996,0.02693223690521846,0.015919033804521462,0.00909823833083658,0.006114320758962177,28.969112537837614,21.419126949373144,24.03721406964859,26.443394848457732,14.493135473026754,17.736653197823678,0.002595,0.002134,0.00112,6.02e-4,6.278e-4,3.447e-4
CAN,CAN.1_1,SUNF,1.9154735822339306,1.8438544345491386,1.8974648121448447,1.721191994742951,1.5605970841991736,1.4045667257027126,45.62708679948545,33.735668057202965,37.8592216568998,41.64901739560533,22.827055863750466,27.9356785242369,0.04198,0.05466,0.05012,0.04133,0.06837,0.05028
CAN,CAN.2_1,SUNF,0,0,0,0,0,0,0.0021014041434099327,0.0013380916318715369,0.0019785833132220138,0.0015905049009931928,8.070639377699793e-4,0.0011092528643817491,0,0,0,0,0,0
CAN,CAN.3_1,SUNF,36.532054188685095,33.067721013117506,28.5117025262727,24.629010566038463,21.571539399418764,19.076135040103015,7030.061862831727,5197.815281172232,5833.280006209128,6417.046112844263,3517.046738608258,4304.183558769258,0.005197,0.006362,0.004888,0.003838,0.006133,0.004432
CAN,CAN.9_1,SUNF,33.59416438760682,29.860305495124173,25.740072228291933,21.443069070646807,17.0716306961916,12.639727248630301,142.2282645512746,104.96530049430056,118.22698361606727,129.53130427596665,70.9351898962505,86.92028542109492,0.2362,0.2845,0.2177,0.1655,0.2407,0.1454
CHE,CHE.10_1,SUNF,0,0,0,0,0,0,0.0029511293104308098,0.0026748135342731707,0.0034149365037727383,0.004300299303485488,0.0038134457899775005,0.003968095560749596,0,0,0,0,0,0
CHE,CHE.11_1,SUNF,9.716921672371493e-4,9.052698340659829e-4,9.641807375507139e-4,9.23102043194362e-4,8.622185906787753e-4,8.013351381631886e-4,0.1500409608030151,0.17846887091107366,0.16778531335782854,0.1923273604662132,0.13805962763571322,0.1530836133013004,0.006476,0.005072,0.005747,0.0048,0.006245,0.005235
CHE,CHE.12_1,SUNF,7.367290357272686e-4,6.925092338207741e-4,6.482894319142794e-4,6.04069630007785e-4,5.611754530168757e-4,5.196069009415515e-4,2.957140024531051,2.680261462078009,3.4218918774061815,4.309057940244425,3.8212128275991004,3.976177581369227,2.491e-4,2.584e-4,1.895e-4,1.402e-4,1.469e-4,1.307e-4
CHE,CHE.13_1,SUNF,0,0,0,0,7.129064035682236e-7,6.763471008211352e-7,8.988025235450832e-4,0.0010690965366431542,0.0010050979562694748,0.00115211416941502,8.270297727670909e-4,9.17029171315754e-4,0,0,0,0,8.62e-4,7.375e-4
CHE,CHE.16_1,SUNF,0.00630785138262761,0.00572884887770596,0.00514984637278431,0.00457084386786266,0.00399550644868545,0.0034238341152527,4.902652706817931,4.4436147774640355,5.673166416211265,7.144002109918621,6.335202005027482,6.59211860797156,0.001287,0.001289,9.078e-4,6.398e-4,6.307e-4,5.194e-4
CHE,CHE.1_1,SUNF,0.002349279067072167,0.0021387710663095063,0.001928263065546836,0.001717755064784166,0.0015192211180667387,0.0013326612253945552,3.426366416697745,3.1055539424750895,3.9648631153929403,4.992800912902196,4.427546614271836,4.607100515570101,6.856e-4,6.887e-4,4.863e-4,3.44e-4,3.431e-4,2.893e-4
CHE,CHE.20_1,SUNF,0.00183659637358522,0.00162998219675474,0.00144758996304777,0.0012651977293408,0.00110527738050541,9.78966862494411e-4,5.743444329888281,5.20568264244816,6.646099047641814,8.36917906786698,7.421671941777871,7.722649044312847,3.198e-4,3.131e-4,2.178e-4,1.512e-4,1.489e-4,1.268e-4
CHE,CHE.21_1,SUNF,0.0014520385344487913,0.0013447459147873401,0.001237453295125889,0.0011301606754644377,0.001022868055802985,9.155754361415325e-4,0.15030859882459416,0.14154711320550017,0.13334199194780175,0.15403774373340762,0.14419360314078714,0.1465968022921967,0.00966,0.0095,0.00928,0.007337,0.007094,0.006246
CHE,CHE.23_1,SUNF,0.0177389169594754,0.016340497548519524,0.014977071935661404,0.01433870487619704,0.012985220546190638,0.011643704954019304,14.29520291831422,12.956735615053853,16.541874360450645,20.83055152328664,18.472244233093747,19.221364187493556,0.001241,0.001261,9.054e-4,6.883e-4,7.03e-4,6.058e-4
CHE,CHE.24_1,SUNF,0.5619748270677662,0.5252976235105862,0.4888963984646171,0.4527699371388337,0.41614470701618317,0.3796655519994235,90.52025985110662,82.04480072081915,104.74666040689756,131.90347471836597,116.97017227160404,121.71375886631024,0.006208,0.006403,0.004667,0.003433,0.003558,0.003119
CHE,CHE.25_1,SUNF,1.1225771540045378e-4,9.49872976465378e-5,7.771687989262184e-5,6.0446462138705874e-5,4.317604438478992e-5,2.5905626630873947e-5,1.7052599188552582,1.5455955434706978,1.9732630233235215,2.484854870776396,2.2035348418625054,2.29289658369662,6.583e-5,6.146e-5,3.938e-5,2.433e-5,1.959e-5,1.13e-5
CHE,CHE.6_1,SUNF,0.03047069602413855,0.02762411551162043,0.024777534999102308,0.02193095448658419,0.01908437397406606,0.01623779346154793,6.869849812535744,6.226622192408138,7.949533359092245,10.010544187094506,8.877211768659421,9.237216562414895,0.004435,0.004436,0.003117,0.002191,0.00215,0.001758
CHE,CHE.7_1,SUNF,0.030979079550987127,0.028649249456525337,0.026319419362063546,0.024111609876720046,0.021775522315123995,0.019441792048160954,15.924493958475727,14.433475285555726,18.427229037608168,23.204706766304053,20.577612180133972,21.41211283438703,0.001945,0.001985,0.001428,0.001039,0.001058,9.08e-4
CHE,CHE.8_1,SUNF,0,0,0,0,0,0,1.1722863181319252,1.3943966664954874,1.310924871316257,1.5026745501381644,1.0786748611681947,1.1960588924708258,0,0,0,0,0,0
CHL,CHL.10_1,SUNF,43.94160019721075,43.51971615663377,41.38508820402622,39.1979394676632,36.03875080577707,33.083443043942374,92.39822811483748,58.07540243945195,80.60485427181641,125.99758379296019,59.23241250998086,81.65260420532671,0.4756,0.7494,0.5134,0.3111,0.6084,0.4052
CHL,CHL.12_1,SUNF,3.3666693184734116,3.2254657293023166,2.939611062973985,2.705730547215827,2.385318602061299,2.039000199467535,252.5731344377277,158.75073285641693,220.33561800585775,344.4179105969014,161.91345216447883,223.1996716810507,0.01333,0.02032,0.01334,0.007856,0.01473,0.009135
CHL,CHL.13_1,SUNF,1.2473960308167311,1.0790300272688695,0.9218596467684157,0.7623981197049805,0.6032797924820255,0.4440561144392894,93.90621926888194,59.02322573577556,81.92037091856282,128.05393536665719,60.19911886269089,82.98522072144964,0.01328,0.01828,0.01125,0.005954,0.01002,0.005351
CHL,CHL.14_1,SUNF,0.9393633055488105,0.9055048657336854,0.8927004825935881,0.8647769820742964,0.8257190390263631,0.7600903410565595,40.66430722096045,25.558888465303387,35.47406291748514,55.45132802858244,26.068086681823917,35.93517592859236,0.0231,0.03543,0.02516,0.0156,0.03168,0.02115
CHL,CHL.16_1,SUNF,0.24325335996831868,0.20377061873954505,0.17291880364512707,0.14690179961386413,0.12214757748254025,0.10467706307392301,0.4928304199980379,0.3097605393494999,0.4299273373001065,0.6720414818155062,0.3159317589782143,0.43551578905204963,0.4936,0.6578,0.4022,0.2186,0.3866,0.2404
CHL,CHL.3_1,SUNF,40.72217022890711,39.46390930490386,38.257387873619464,36.56747099007353,36.34764363756005,34.033594167285955,309.78067713829984,194.7076027303572,270.24139798355685,422.42819609768156,198.58667455258754,273.75415672900635,0.1315,0.2027,0.1416,0.08656,0.183,0.1243
CHL,CHL.6_1,SUNF,0.5203119400964262,0.47940867429263173,0.44932506635635855,0.41871380198522523,0.36820683369840573,0.31961720573972,18.360570754297676,11.540237917210034,16.017094268930958,25.03714193767865,11.770148876508717,16.225294005868744,0.02834,0.04154,0.02805,0.01672,0.03128,0.0197
CHL,CHL.8_1,SUNF,1.6845446740256682,1.7307247937900578,1.64277246762842,1.5733301964014277,1.6046873960004846,1.5147579831949165,106.66763789715489,67.04420771406805,93.05296847828167,145.45586985975666,68.37989925019959,94.26252641889003,0.01579,0.02581,0.01765,0.01082,0.02347,0.01607
CHL,CHL.9_1,SUNF,1.0689311256987581,1.022465306795906,0.9858755646169874,0.9476765505437144,0.8725276452795612,0.801850838023815,4.33127872041706,2.722354745299087,3.778450054647465,5.9062891642050825,2.776590992032755,3.8275646002823813,0.2468,0.3756,0.2609,0.1605,0.3142,0.2095
CHN,CHN.10_1,SUNF,6.083121230279546,6.354295947802934,6.345190956045908,6.120243771786864,5.811522444329476,5.622944645157889,9112.714599492092,7636.711530560274,6173.826913117881,7578.919433458212,8326.316615612492,7577.9259175803145,6.675e-4,8.321e-4,0.001028,8.075e-4,6.98e-4,7.42e-4
CHN,CHN.11_1,SUNF,40.414484790107124,34.8529336499023,29.3964334060372,23.994702935695575,18.647433349071168,13.329110055699433,602.1463879031854,504.6454652796543,408.00040462656256,500.8467838306179,550.2164765135001,500.77291061879185,0.06712,0.06906,0.07205,0.04791,0.033890000000000003,0.02662
CHN,CHN.12_1,SUNF,0.1385238521114116,0.18131401449793494,0.1962881009553415,0.21180326912519745,0.21107760899219552,0.20533256324634055,1020.4892223818855,855.1987145312984,691.3772791742189,848.7268546274681,932.4242820954089,848.615595547137,1.357e-4,2.12e-4,2.839e-4,2.496e-4,2.264e-4,2.42e-4
CHN,CHN.13_1,SUNF,2.842696980653656,2.6092318298393686,2.3664162518058474,2.1567370508883292,1.9301786750774435,1.699136319467702,717.61959875849,601.3854383961994,486.1843464781569,596.8343530877552,655.6913336411322,596.7561144402181,0.003961,0.004339,0.004867,0.003614,0.002944,0.002847
CHN,CHN.14_1,SUNF,3.4104071187457063,3.2728544972640203,3.080062569717492,2.900185641998425,2.6817593332783187,2.434491898301894,185.89332361098778,155.78384161765877,125.94196731920202,154.6049212321405,169.85132719945673,154.58465416829404,0.01835,0.02101,0.02446,0.01876,0.01579,0.01575
CHN,CHN.15_1,SUNF,0.006809192118629323,0.014642048182687916,0.024729356971708936,0.031063711786763506,0.03384710916897122,0.03263466836915733,25.77492429124498,21.600112610268678,17.462405909401948,21.436650130326537,23.55063115927154,21.43384001307165,2.642e-4,6.779e-4,0.001416,0.001449,0.001437,0.001523
CHN,CHN.16_1,SUNF,0.044638804437398975,0.042054994600705116,0.04000656484987795,0.03770728175601948,0.037365796601804294,0.034288443485684786,1.1436743132462435,0.9584312906781899,0.7748346749885938,0.9511782009163372,1.044978895505205,0.9510535115521586,0.03903,0.04388,0.05163,0.03964,0.03576,0.03605
CHN,CHN.17_1,SUNF,13.281640492208362,10.820361486357486,8.653721692501833,6.602945469567506,4.8247858685103076,3.4262499600777008,2201.073746496033,1844.5629369430073,1491.220324188271,1830.6046700106288,2011.129426544258,1830.3643844252372,0.006034,0.005866,0.005803,0.003607,0.002399,0.001872
CHN,CHN.18_1,SUNF,0.8189131694587779,0.6273981985844143,0.4908225669120734,0.3694221877523026,0.2668804891153419,0.18698775301333617,672.4984292005514,563.572627287786,455.61493843549925,559.3076967781101,614.4639760075383,559.2343774768221,0.001218,0.001113,0.001077,6.605e-4,4.343e-4,3.344e-4
CHN,CHN.19_1,SUNF,5.879726386091345,5.030615598847558,4.375006782549252,3.7987263965062943,3.298292690326367,2.809949472700732,8397.061545449058,7036.974112031253,5688.974892650551,6983.720628570503,7672.422120197871,6982.805136937138,7.002e-4,7.149e-4,7.69e-4,5.439e-4,4.299e-4,4.024e-4
CHN,CHN.1_1,SUNF,0.4021361579797411,0.3935317547453128,0.3762962259682041,0.35331446462135996,0.32975632358699447,0.3038402860614852,358.5514005468601,300.4761736977208,242.91710908577056,298.2022697879419,327.6095669769848,298.1631786361675,0.001122,0.00131,0.001549,0.001185,0.001007,0.001019
CHN,CHN.20_1,SUNF,0.0031706690710673097,0.0012049673950334746,2.0823223084455623e-4,1.571139770240399e-4,1.1380992692648292e-4,8.172203715017778e-5,61.61395854846349,51.63423286807856,41.74320520599155,51.243482138820156,56.29687193806384,51.23676466232623,5.146e-5,2.334e-5,4.988e-6,3.066e-6,2.022e-6,1.595e-6
CHN,CHN.22_1,SUNF,1.712992026140118,1.6983657938535954,1.699448629309855,1.728775744608923,1.683696429731479,1.624027085565336,2639.9581678598547,2212.359309685371,1788.5608737430414,2195.6169090410185,2412.138262159397,2195.329086973498,6.489e-4,7.677e-4,9.502e-4,7.874e-4,6.98e-4,7.398e-4
CHN,CHN.23_1,SUNF,0.0265739580122556,0.08220310431720415,0.09334955126304034,0.10674779988495331,0.10805528687150212,0.10323122439035262,537.3478556861799,450.31263962433377,364.0509770081491,446.9048230934472,490.9764626462628,446.84623861560044,4.945e-5,1.825e-4,2.564e-4,2.389e-4,2.201e-4,2.31e-4
CHN,CHN.24_1,SUNF,0.0013810124069611877,0.001388472881447675,0.0016923558985570237,0.0017308270591883783,0.0019124862333282544,0.0019434698083924497,0.5433285775735318,0.45532465303697384,0.3681028916538756,0.4518789072528136,0.4964410674553273,0.4518196707253398,0.002542,0.003049,0.004598,0.00383,0.003852,0.004301
CHN,CHN.25_1,SUNF,2.4993417499276616,2.4611928974196418,2.3103216842636196,2.194339180111897,2.0576917026685435,1.962764343213112,1507.742025303603,1263.530288810766,1021.4890625870221,1253.968311138815,1377.628734037422,1253.8039292056865,0.001658,0.001948,0.002262,0.00175,0.001494,0.001565
CHN,CHN.26_1,SUNF,1.4716140741836012,1.3504267764254883,1.230712156106364,1.1039494460411696,0.9834574039790106,0.878864923216526,709.4870957921805,594.5701718258414,480.6746089420761,590.0706621918002,648.2606395449213,589.9933101923344,0.002074,0.002271,0.00256,0.001871,0.001517,0.00149
CHN,CHN.27_1,SUNF,0.19416571093945914,0.20621950246062537,0.19181866542929835,0.18016521639509725,0.16455391457342314,0.14602301282166377,182.6356378349556,153.0538091715473,123.73489851451568,151.89554876507708,166.87476923648344,151.87563687119763,0.001063,0.001347,0.00155,0.001186,9.861e-4,9.615e-4
CHN,CHN.28_1,SUNF,0.41706012105454726,0.3423031320589301,0.2798119895542351,0.21695635476820482,0.15890336535811062,0.10405035862202071,1755.7117746492536,1471.3359238257829,1189.4875547415552,1460.2013421096585,1604.1994909292303,1460.0099252155949,2.375e-4,2.326e-4,2.352e-4,1.486e-4,9.905e-5,7.127e-5
CHN,CHN.29_1,SUNF,5.665705000878436e-6,5.325215175940328e-6,4.9847253510022184e-6,4.644235526064109e-6,4.303745701126001e-6,3.963255876187892e-6,0.001722051242278226,0.0014431274495148511,0.0011666826815730587,0.0014322063401657208,0.0015734437543250277,0.0014320185931192097,0.00329,0.00369,0.004273,0.003243,0.002735,0.002768
CHN,CHN.2_1,SUNF,0.05323209668739193,0.0979859526594161,0.15760638811833852,0.17029620139987992,0.16523891279907857,0.15479508379356843,116.46748947858131,97.60303695740265,78.90624831882874,96.86440958268439,106.41671943486902,96.8517116869265,4.571e-4,0.001004,0.001997,0.001758,0.001553,0.001598
CHN,CHN.30_1,SUNF,211.22219925721367,183.5262874292311,155.8866003994377,128.5675359780407,101.24213291380673,73.98768006939468,1413.5367671160623,1186.8156581371843,963.0933046695097,1178.4015976402327,1292.2276627280091,1177.8572684191813,0.1494,0.1546,0.1619,0.1091,0.07835,0.06282
CHN,CHN.31_1,SUNF,1.2752138159374902,1.2225347813306535,1.1880315001431443,1.1812847674400992,1.1107976104806663,1.0498668305041357,224.4966927610553,188.13455238426465,152.09559221260042,186.7108125616807,205.12334965374768,186.68633675632566,0.00568,0.006498,0.007811,0.006327,0.005415,0.005624
CHN,CHN.3_1,SUNF,0.8221185621014364,0.7323702581556117,0.6397030537603543,0.558470455006597,0.4749174439482375,0.39329489612092294,402.1296239499929,336.99595246513485,272.44117741192224,334.4456789959944,367.4271297502775,334.40183671804255,0.002044,0.002173,0.002348,0.00167,0.001293,0.001176
CHN,CHN.4_1,SUNF,0.24397118344469307,0.23196765986123577,0.2201489236713043,0.2130867280817631,0.19594651460275536,0.17922370097579876,17.04339382549612,14.282844121366466,11.546829689649208,14.17475629965781,15.572603711693677,14.17289813958992,0.01431,0.01624,0.01907,0.01503,0.01258,0.01265
CHN,CHN.5_1,SUNF,0.5784118439015906,0.4957044141229609,0.483832522208228,0.47302854159003527,0.44243429870408485,0.3948885868280081,2254.918334505192,1889.685083141675,1527.697959642787,1875.3845739002018,2060.326128998519,1875.1387308921462,2.565e-4,2.623e-4,3.167e-4,2.522e-4,2.147e-4,2.106e-4
CHN,CHN.6_1,SUNF,0.3387744810312079,0.332630361845965,0.3212320115605057,0.3102679945596438,0.2884799049817024,0.26580811634666573,184.88449309866294,154.93841323056964,125.25848876846229,153.76589076636134,168.92955551820873,153.74573369050157,0.001832,0.002147,0.002565,0.002018,0.001708,0.001729
CHN,CHN.7_1,SUNF,0.8432564929536104,0.8207095770061511,0.791058767790501,0.7828899194929071,0.7381415822593639,0.6930369417397874,320.8657184380165,268.89451052199973,217.38521341378805,266.85960615247996,293.1760381214839,266.8246236911661,0.002628,0.003052,0.003639,0.002934,0.002518,0.002597
CHN,CHN.8_1,SUNF,15.99697703144771,14.688420597497243,13.341934430230584,12.14214446187939,10.763302490370346,9.226003496743928,3438.1554626487377,2881.2711271492944,2329.336280098921,2859.466623981769,3141.4536956206894,2859.091778264225,0.004653,0.005098,0.005728,0.004246,0.003426,0.003227
COD,COD.11_1,SUNF,5.603777416316949,5.703717057900216,5.481895491042722,5.248582809326054,4.923910928531124,4.488239762782154,163.63142026209485,164.4858948918781,165.22118748110063,166.0108863351667,166.857684833524,166.22135463645154,0.03425,0.03468,0.03318,0.03162,0.02951,0.027
COD,COD.12_1,SUNF,1.0955709518796197,1.1004196927452432,1.0412406376202403,1.0342606842804076,1.1026390940343866,1.076172640349896,23.038499920212793,23.15880574936562,23.262331332844653,23.373517051071943,23.492742118638997,23.403149953692918,0.04755,0.04752,0.04476,0.04425,0.04694,0.04598
COD,COD.15_1,SUNF,0.12587451421321547,0.11090652124575241,0.09916945045750118,0.08695726620011762,0.07589849994473472,0.06626176881367392,5.6100804984051305,5.639376042312596,5.664585446526114,5.69166016196715,5.720692530775682,5.698876038420946,0.02244,0.01967,0.01751,0.01528,0.01327,0.01163
COD,COD.19_1,SUNF,0.8864632888960916,0.8024590023985352,0.7344914260584937,0.6612550242537988,0.5896062669823904,0.5160417347722079,29.58876482563342,30.696446790900723,31.887584246701863,35.65825504627617,21.622558911039803,26.033032377451878,0.02996,0.02614,0.02303,0.01854,0.02727,0.01982
COD,COD.3_1,SUNF,0.2213714732241289,0.20017395551472456,0.17999255581313559,0.15990859132943838,0.1406540937245966,0.1202843364862276,1.2651547892124584,2.0015616222042443,2.0102698928281124,2.2972445992105235,1.106612655204767,1.5304385510609313,0.175,0.1,0.08954,0.06961,0.1271,0.07859
COD,COD.5_1,SUNF,9.292311130937094,9.605434402952271,9.712956283234169,9.508922686039318,8.941520238710051,8.232342209491158,99.89100858276367,100.54323977181188,99.90278088502409,100.11234307986656,100.18613392440678,100.15764726999474,0.09302,0.09554,0.09722,0.09498,0.08925,0.08219
COD,COD.6_1,SUNF,7.078790520105618,6.650403316640499,6.172341504246102,5.708119256458573,5.1680479027747595,4.611344131646165,915.2655545966865,934.0520252598056,947.5269737324419,1001.3980035227653,805.1526127942126,866.7927485675972,0.007734,0.00712,0.006514,0.0057,0.006419,0.00532
COD,COD.7_1,SUNF,0,0,0,0,0,0,0.0060700731765295415,0.006101770777894638,0.006129047200818741,0.006158341879211951,0.006189754726711357,0.006166149413902372,0,0,0,0,0,0
COD,COD.9_1,SUNF,0.14511297841485285,0.13701586924810963,0.12567341303811005,0.11588856626225794,0.10504099145215996,0.09390490411210611,1.6288848354012264,1.6373907859360302,1.644710327294585,1.6525714610906588,1.66100099883106,1.6546665881985603,0.08909,0.08368,0.07641,0.07013,0.06324,0.05675
COG,COG.5_1,SUNF,0.7369836034884244,0.5864065950963873,0.4602014162259716,0.3535467925587175,0.25378925828051196,0.17394560394946978,2.0565399375764217,2.0672790804560743,2.0765203287023954,2.0864453616174914,2.0970880299275394,2.089090553271349,0.3584,0.2837,0.2216,0.1694,0.121,0.08326
COL,COL.19_2,SUNF,1.4028541234966747,1.6720482324593169,1.6805666145918536,1.5893369941735842,1.502186577916499,1.448097941775448,7.776249438256537,7.776249438256537,7.776249438256537,7.776249438256537,7.776249438256537,7.776249438256537,0.1804,0.215,0.2161,0.2044,0.1932,0.1862
CZE,CZE.10_1,SUNF,1.6256357378069652e-4,1.2255063260867876e-4,9.990722827510595e-5,8.588962521991168e-5,7.18720221647174e-5,5.9862004981824303e-5,1.3911145329254275,2.4915769572533772,2.8534579543064864,2.3572459662732927,1.965726102882941,2.322845122077867,1.169e-4,4.919e-5,3.501e-5,3.644e-5,3.656e-5,2.577e-5
CZE,CZE.11_1,SUNF,0,0,0,0,0,0,0.04757758663461596,0.08521456410296165,0.09759127650241328,0.08062030230078739,0.06722990936135424,0.0794437570873822,0,0,0,0,0,0
CZE,CZE.12_1,SUNF,0.013299716073549104,0.008903257288352933,0.0052711288039358935,0.002259206479454381,3.7662265860681005e-4,0,30.6946732003519,54.976163821386294,62.96099805254312,52.01217647798461,43.37336639170001,51.25312850213298,4.333e-4,1.619e-4,8.372e-5,4.344e-5,8.683e-6,0
CZE,CZE.13_1,SUNF,0.028027789684302615,0.0222816498980651,0.015719654333818615,0.00900728624972745,0.005356385169523985,0.004852188800722672,15.96972319430783,28.602816937708734,32.75714011918331,27.06072339214155,22.566151812712647,26.665808418249235,0.001755,7.79e-4,4.799e-4,3.329e-4,2.374e-4,1.82e-4
CZE,CZE.14_1,SUNF,0.008426901555505139,0.006726884915314813,0.0053017698955969365,0.004099388886126538,0.0031174811317277963,0.002516854429643413,7.477444434559714,12.255735162298622,12.782331336092435,11.286501501780673,9.848824428777053,11.189187679837765,0.001127,5.489e-4,4.148e-4,3.632e-4,3.165e-4,2.249e-4
CZE,CZE.1_1,SUNF,0,0,0,0,0,0,1.041932518053965,1.8661691697928746,2.137214845451586,1.765556442104502,1.4723115169202419,1.7397905131551823,0,0,0,0,0,0
CZE,CZE.2_1,SUNF,0.11374630335557466,0.07519732038200606,0.04950717950823641,0.029402379366244943,0.013266041702373884,0.00623356615222186,111.75065093441388,195.99908643034107,219.90027404835996,184.5492313307105,153.71439616257422,180.8556621584768,0.001018,3.837e-4,2.251e-4,1.593e-4,8.63e-5,3.447e-5
CZE,CZE.3_1,SUNF,0.014976260248611808,0.013086933173884418,0.011273936507116361,0.009528463274753691,0.008207331383099616,0.007283243306333732,8.143886329552325,14.586232147638048,16.704762027868668,13.799829378358252,11.507787143339918,13.598439371901316,0.001839,8.972e-4,6.749e-4,6.905e-4,7.132e-4,5.356e-4
CZE,CZE.4_1,SUNF,0.01783152983814134,0.015304910300438629,0.012745227149761514,0.010185543999084414,0.0076258608484073,0.006106582665138303,26.39481681756647,47.27484029318091,54.141120819262625,44.72606244928531,37.29741812846506,44.07334553819213,6.756e-4,3.237e-4,2.354e-4,2.277e-4,2.045e-4,1.386e-4
CZE,CZE.5_1,SUNF,0.0012417523811063074,9.943084148386436e-4,7.717888341739312e-4,5.492692535092188e-4,3.883374885137629e-4,3.227157089591769e-4,3.620984950928946,6.569211165220621,7.891670471175553,6.618848328469225,5.4175589927867644,6.447193061928179,3.429e-4,1.514e-4,9.78e-5,8.299e-5,7.168e-5,5.006e-5
CZE,CZE.6_1,SUNF,6.588929426803757e-4,4.688294740825491e-4,3.4981049852788644e-4,2.871061074628315e-4,2.511727825696223e-4,2.2218309210776503e-4,0.7793745052454336,1.4079785343088653,1.665525127457672,1.390227213981556,1.1446380452763039,1.3591279418861584,8.454e-4,3.33e-4,2.1e-4,2.065e-4,2.194e-4,1.635e-4
CZE,CZE.7_1,SUNF,6.5193244829259e-4,5.46850392141881e-4,4.417683359911721e-4,3.3668627984046313e-4,2.3160422368975414e-4,1.6999779684833183e-4,0.6548323863933674,1.2862206837227463,1.9714106236188598,1.7632509089512671,1.3324438133662129,1.6359558096656113,9.956e-4,4.252e-4,2.241e-4,1.909e-4,1.738e-4,1.039e-4
CZE,CZE.8_1,SUNF,0.0024523924278545745,0.001867457278626207,0.0013168768519572504,8.006511478477048e-4,4.1220090820935586e-4,2.446787177276533e-4,3.107518301847279,5.565768174992447,6.374150083754778,5.265695101858739,4.391104899380072,5.188849342285315,7.892e-4,3.355e-4,2.066e-4,1.521e-4,9.387e-5,4.715e-5
CZE,CZE.9_1,SUNF,0.0031289097740892268,0.00215631878229469,0.0013724026321023882,7.823130793737701e-4,3.1287252918910005e-4,1.1905843237356237e-4,5.111476515667759,9.215955049596657,10.82250079847887,9.012901390887656,7.441749382812421,8.826754351241878,6.121e-4,2.34e-4,1.268e-4,8.68e-5,4.204e-5,1.349e-5
DEU,DEU.10_1,SUNF,0.08978005006245932,0.07889970200679287,0.06802102470549311,0.05714234740419333,0.046279307152120544,0.03540738613118942,0.08243919801181387,0.14171013865134213,0.22912411585352407,0.2417742686518886,0.19074724781354174,0.21642978227806411,1.089,0.5568,0.2969,0.2363,0.2426,0.1636
DEU,DEU.11_1,SUNF,0.012192976976110836,0.010189009800504608,0.008538968434623468,0.007028164513131579,0.0057289929850767585,0.004939073972062473,16.86982257977992,28.998643296621694,46.88647241138833,49.475117600354565,39.03327914149078,44.28878635486139,7.228e-4,3.514e-4,1.821e-4,1.421e-4,1.468e-4,1.115e-4
DEU,DEU.12_1,SUNF,0.026455386650200377,0.024704159096593365,0.021945423474039816,0.019825501022120072,0.01703587850128398,0.014158923294090279,7.40848186951757,9.90788279453579,11.721974255896031,12.912828485291655,9.700874144814874,10.880172707601497,0.003571,0.002493,0.001872,0.001535,0.001756,0.001301
DEU,DEU.13_1,SUNF,1.935272361936162,1.9107212289091409,1.8167029968221613,1.7187800368038764,1.6096939506717631,1.4942302615019543,110.77835509514212,190.42417246527017,307.88742829891225,324.8861758910978,256.318194030484,290.82931242159657,0.01747,0.01003,0.005901,0.00529,0.00628,0.005138
DEU,DEU.14_1,SUNF,0.044690409220072495,0.03637511661337197,0.02873577641662732,0.02243097935178672,0.01851133154715206,0.015432173935223682,41.9390481036437,72.12740205607065,116.66766241911814,123.0684785091529,97.072246011773,110.16877427274893,0.001066,5.043e-4,2.463e-4,1.823e-4,1.907e-4,1.401e-4
DEU,DEU.16_1,SUNF,0.058681624967962656,0.040372869273337796,0.02741670674462441,0.018259261589618696,0.011253613733956383,0.008235625121645966,38.65111359152649,66.43993146681363,107.4234398440357,113.3543865848044,89.4306800686699,101.47177921624161,0.001518,6.077e-4,2.552e-4,1.611e-4,1.258e-4,8.116e-5
DEU,DEU.1_1,SUNF,0.1425762993678145,0.1287616276405061,0.11922887931208431,0.10798429668873796,0.09920006934882777,0.08825157362713937,95.95534380413977,164.34262224700026,264.80337221910895,279.5390474959775,220.43816846098164,250.09135973540543,0.001486,7.835e-4,4.503e-4,3.863e-4,4.5e-4,3.529e-4
DEU,DEU.2_1,SUNF,0.15681722032548143,0.14268990754585403,0.12726204507924002,0.11188148195349903,0.09822338095378924,0.08641226576339549,53.45815504510988,91.89272513788717,148.5768033322709,156.77986505471017,123.69111046644389,140.3450923399583,0.002933,0.001553,8.565e-4,7.136e-4,7.941e-4,6.157e-4
DEU,DEU.4_1,SUNF,0.3602730348028874,0.2837642264101588,0.21227849024423728,0.14759980706868028,0.0972739187797512,0.07422621753605475,131.2941576341013,225.83945580388854,365.3516621068434,385.3532471916945,303.9298895533346,344.9628402208518,0.002744,0.001256,5.81e-4,3.83e-4,3.201e-4,2.152e-4
DEU,DEU.5_1,SUNF,7.029054707624167e-5,6.603051392010582e-5,6.177048076396996e-5,5.7510447607834095e-5,5.3250414451698235e-5,4.899038129556238e-5,0.017297333166901716,0.029733519254139675,0.04807465700869925,0.050728902960172094,0.04002245018962431,0.04541114107838839,0.004064,0.002221,0.001285,0.001134,0.001331,0.001079
DEU,DEU.6_1,SUNF,0,0,0,0,0,0,7.065422473656605e-4,0.001214521759695799,0.001963700177161112,0.0020721178668430835,0.0016347925792495107,0.0018549038376827782,0,0,0,0,0,0
DEU,DEU.7_1,SUNF,0.04246038452147637,0.036728899740287674,0.031042733099071233,0.025423145252832804,0.0196879946887295,0.013966995529066622,2.3435753434259676,4.028525202406361,6.513523195866655,6.873140791668225,5.422548467030428,6.15264963224454,0.01812,0.009117,0.004766,0.003699,0.003631,0.00227
DEU,DEU.8_1,SUNF,0.06947428631907727,0.0631871568061032,0.05772958564352183,0.05128876680491232,0.0452943115141615,0.03861478075098684,7.398781850872981,12.718250871242002,20.56351093725387,21.698841255749894,17.11925042046817,19.42421546699006,0.00939,0.004968,0.002807,0.002364,0.002646,0.001988
DEU,DEU.9_1,SUNF,0.19781134406559486,0.19621887473565625,0.18522677944951815,0.1740462139200113,0.15983372907989107,0.1453451392179492,8.793039179348714,15.114931141052875,24.43858475363815,25.787861455296827,20.34527341152754,23.084595690465243,0.0225,0.01298,0.007579,0.006749,0.007856,0.006296
DZA,DZA.10_1,SUNF,0.007160186584485802,0.007846517485525221,0.013253752546229137,0.014635647472239936,0.016556333601832424,0.02029637081139019,0.6921920851477504,0.6975518052331579,0.6992858323196133,0.6963695140378473,0.6977094440591992,0.6975533290751423,0.01034,0.01125,0.01895,0.02102,0.02373,0.0291
DZA,DZA.11_1,SUNF,0,0,0,0,0,0,0.0014302196078337065,0.0014412939568809278,0.001444876834513852,0.0014388510857675698,0.001441619673029375,0.0014412971054703614,0,0,0,0,0,0
DZA,DZA.12_1,SUNF,2.953326784191274e-4,2.715566308602225e-4,2.4905674189693163e-4,2.2680474627288774e-4,2.0604202313896135e-4,1.8511229576159019e-4,0.025215816006095546,0.02541106486608354,0.025474233614903183,0.025367995264615594,0.025416807479612592,0.025411120378014296,0.01171,0.01069,0.009777,0.008941,0.008107,0.007285
DZA,DZA.13_1,SUNF,0.0032485720881553883,0.0030457694525537963,0.0029310090036462357,0.0027896676620481346,0.0025568843821656187,0.002349985127371142,0.22656108152010218,0.22831536910190217,0.22888293273130803,0.22792839390003447,0.22836696579548446,0.22831586786993993,0.01434,0.01334,0.01281,0.01224,0.0112,0.01029
DZA,DZA.14_1,SUNF,5.648541336947914e-5,5.0270079275860844e-5,4.423549348956413e-5,3.848229222007969e-5,3.291953042427407e-5,2.7334250932760833e-5,0.08880397395844444,0.08949159297793595,0.08971405795483026,0.08933991231187163,0.0895118170667445,0.08949178847746102,6.361e-4,5.617e-4,4.931e-4,4.307e-4,3.678e-4,3.054e-4
DZA,DZA.15_1,SUNF,2.8951333875107366e-4,2.0262266682024582e-4,1.1849786665882182e-4,6.621617260925191e-5,4.877304930856884e-5,3.761864760522474e-5,0.1056689910982745,0.10648719781595646,0.10675191175403002,0.10630671103999718,0.10651126271941767,0.10648743044335648,0.00274,0.001903,0.00111,6.229e-4,4.579e-4,3.533e-4
DZA,DZA.19_1,SUNF,0.005380871101951949,0.004770924632368291,0.004180042803902081,0.0035669429358040944,0.002912542845515511,0.002270354211329521,0.38687552607960496,0.38988547048223526,0.3908445460559548,0.38921648302750017,0.3899675310336615,0.3898799396090961,0.01391,0.01224,0.01069,0.009164,0.007469,0.005823
DZA,DZA.21_1,SUNF,0.004554025230464461,0.00416954992213238,0.0036560533146510416,0.0033390886608131833,0.0031866002143160254,0.0027826434054661993,0.5021348850310194,0.5060229711369304,0.5072808813476664,0.5051653050841559,0.5061373266106336,0.5060240765731758,0.009069,0.00824,0.007207,0.00661,0.006296,0.005499
DZA,DZA.23_1,SUNF,8.483746647441569e-4,6.600918242997427e-4,4.993595064976406e-4,3.7000731249849686e-4,2.763791098804822e-4,2.0739318787615956e-4,0.00862285509268735,0.008689622816019479,0.008711224138273991,0.008674894641755037,0.00869158657258807,0.0086896417989996335,0.09839,0.07596,0.05732,0.04265,0.0318,0.02387
DZA,DZA.24_1,SUNF,1.0129260190169309e-5,7.16437480325584e-6,6.035582818552963e-6,5.127068749896086e-6,4.332474665802527e-6,3.698399361660268e-6,0.014368560618361146,0.014479817976827167,0.014515813004566175,0.01445527591245966,0.014483090252076166,0.014479849608821227,7.05e-4,4.948e-4,4.158e-4,3.547e-4,2.991e-4,2.554e-4
DZA,DZA.27_1,SUNF,1.4715602121017812e-5,9.383141080089634e-6,6.280773793385362e-6,5.091767230050469e-6,4.06055481591017e-6,5.21342970939202e-6,0.03749822634904192,0.037788579274541226,0.03788251698573218,0.03772453083509285,0.03779711906646767,0.03778866182586315,3.924e-4,2.483e-4,1.658e-4,1.35e-4,1.074e-4,1.38e-4
DZA,DZA.28_1,SUNF,2.8921157723303144e-4,2.7408127805385936e-4,2.57700243829613e-4,2.2568633068141463e-4,1.9761356026784367e-4,1.7404688425430427e-4,0.05280351164228038,0.053212375089294175,0.05334465443979864,0.05312218462304112,0.05322440048479457,0.053212491334783965,0.005477,0.005151,0.004831,0.004248,0.003713,0.003271
DZA,DZA.29_1,SUNF,5.124210826085191e-5,4.199825458585162e-5,3.44276602969305e-5,2.898463589278512e-5,2.675798241785371e-5,2.3750519864459865e-5,0.04293303049352631,0.043265465710283293,0.043373018280410555,0.043192134412469246,0.043275243216658495,0.04326556022617822,0.001194,9.707e-4,7.938e-4,6.711e-4,6.183e-4,5.489e-4
DZA,DZA.2_1,SUNF,0.0027056961580645324,0.002434543259931219,0.002173350057955099,0.0019248497209745062,0.0016949264492833055,0.0014847860074558856,0.20027257021549227,0.20182330293863665,0.2023250105843598,0.20148122954382536,0.20186891272461147,0.2018237438332342,0.01351,0.01206,0.01074,0.009553,0.008396,0.007357
DZA,DZA.30_1,SUNF,1.3837797357211222e-4,1.2959308906576955e-4,1.208805309735473e-4,1.1254401411289964e-4,1.0488900748623058e-4,1.0778188943814684e-4,0.08379945167366756,0.0844483201220631,0.0846582481494852,0.0843051873760935,0.08446740448819237,0.08444850460426895,0.001651,0.001535,0.001428,0.001335,0.001242,0.001276
DZA,DZA.32_1,SUNF,6.99687506731273e-5,5.585539912406231e-5,4.40272681832042e-5,3.43741468099229e-5,2.4599491665974026e-5,1.492709360288593e-5,0.03022040772371001,0.030454407692420138,0.030530113564649887,0.030402790052263488,0.03046129004444102,0.03045447422182298,0.002315,0.001834,0.001442,0.001131,8.076e-4,4.901e-4
DZA,DZA.34_1,SUNF,1.622533297517671e-4,1.4204339876543545e-4,1.229317686161907e-4,1.0431463514840282e-4,8.616616834354948e-5,6.938028968530548e-5,0.08194770812923108,0.08258223832198762,0.08278752750199708,0.0824422684265266,0.08260090097471573,0.08258241872763059,0.00198,0.00172,0.001485,0.001265,0.001043,8.401e-4
DZA,DZA.35_1,SUNF,1.6072127024452427e-5,1.2465514399858817e-5,8.910157108696588e-6,5.406055150965728e-6,3.1688646941129932e-6,1.5458152419330229e-6,0.04447939879158692,0.04482380770958145,0.04493523412422674,0.04474783515414147,0.0448339373836401,0.044823905629763974,3.613e-4,2.781e-4,1.983e-4,1.208e-4,7.068e-5,3.449e-5
DZA,DZA.37_1,SUNF,8.586926540769578e-4,7.838914880730536e-4,7.095801107052206e-4,6.359205191668557e-4,9.252433069143202e-4,8.337481246089916e-4,0.04936747529995905,0.04974973313648801,0.04987340478948267,0.04966541155490073,0.04976097601403297,0.049749841817637565,0.01739,0.01576,0.01423,0.0128,0.01859,0.01676
DZA,DZA.39_1,SUNF,0.014122024839366048,0.013232405403255681,0.012302914192275978,0.01154316066399258,0.010659726150282612,0.009710447960921544,0.5832089620566508,0.58772481373279,0.5891858245691879,0.5867286699807003,0.587857632899735,0.5877260976514032,0.02421,0.02251,0.02088,0.01967,0.01813,0.01652
DZA,DZA.3_1,SUNF,4.471954518045604e-5,3.636593855163125e-5,3.0310837281676618e-5,2.8032647079092804e-5,2.3669970629379693e-5,5.022608275846459e-5,0.09361666983479527,0.09434155409222711,0.09457607546963151,0.09418165315308771,0.09436287421744567,0.09434176018677079,4.777e-4,3.855e-4,3.205e-4,2.976e-4,2.508e-4,5.324e-4
DZA,DZA.40_1,SUNF,0.0033309876831563437,0.0029432907496653397,0.0025598540350191905,0.0022433122893069026,0.00195324098947898,0.0016230461695370304,0.17138006911164202,0.17365291165941546,0.1734156290462213,0.17281947781148932,0.17329273163331227,0.17323185041872075,0.01944,0.01695,0.01476,0.01298,0.01127,0.009369
DZA,DZA.45_1,SUNF,0.003362843270246278,0.0032015157146569983,0.003050318381875986,0.0028463639694957404,0.0030718771226361723,0.0036232024737442737,0.18002884344295006,0.18142282674448967,0.1818738213420466,0.18111533042797356,0.18146382625335847,0.18142322307307523,0.01868,0.01765,0.01677,0.01572,0.01693,0.01997
DZA,DZA.47_1,SUNF,3.08848597803365e-4,2.0918259264760065e-4,1.283954410718574e-4,6.211919948722331e-5,2.2376288981822677e-5,1.4058060812346642e-5,0.041583781013385536,0.04190576884177433,0.04200994137448834,0.04183474211492385,0.04191523907202104,0.041905860387333335,0.007427,0.004992,0.003056,0.001485,5.338e-4,3.355e-4
DZA,DZA.48_1,SUNF,9.910299663940209e-7,5.9489998858253e-7,7.613301196180523e-7,6.383392704550225e-6,6.001766514328492e-6,8.800912983594627e-5,0.1908191520694131,0.2061292102491256,0.2459549383803214,0.2605861836795488,0.34845322008980195,0.3195705937753108,5.194e-6,2.886e-6,3.095e-6,2.45e-5,1.722e-5,2.754e-4
DZA,DZA.4_1,SUNF,1.9194990578756273e-4,5.228210871227205e-4,0.0016040036006966748,0.0015584093378281122,0.0015569031322979227,0.0015240738623437428,0.18563454796755305,0.18707193686094795,0.1875369744441051,0.18675486578152256,0.1871142130048713,0.18707234553033905,0.001034,0.002795,0.008553,0.008345,0.008321,0.008147
DZA,DZA.5_1,SUNF,0.001709494433864757,0.00171604233415322,0.0015341219514368584,0.0013666394982920578,0.0012026495675760552,0.00103549392185723,0.29631895858927915,0.2986133891499796,0.29935570491961805,0.2981072647615898,0.2986808724017649,0.29861404148807996,0.005769,0.005747,0.005125,0.004584,0.004027,0.003468
DZA,DZA.6_1,SUNF,9.49828999114864e-6,8.286193612441597e-6,7.074097233734552e-6,5.8782567488347945e-6,4.698672157742326e-6,3.6595002432230615e-6,0.004310789249543407,0.004344168168806555,0.004354967230921103,0.004336805171910272,0.004345149901726058,0.004344177658891439,0.002203,0.001907,0.001624,0.001355,0.001081,8.424e-4
DZA,DZA.8_1,SUNF,2.0166375188094906e-4,1.75782524981031e-4,1.4934751111314771e-4,1.4142564596761496e-4,1.2370998146496462e-4,1.1001533045335039e-4,0.008516676219277404,0.008582621787816562,0.008603957118814527,0.008568074971227042,0.008584561363361831,0.008582640537046826,0.02368,0.02048,0.01736,0.01651,0.01441,0.01282
ECU,ECU.10_1,SUNF,0.08857317609343272,0.0722096260295437,0.05656119324545952,0.042950819308855914,0.03159112835379275,0.023950526217343823,14.36549142145753,14.418627486332372,14.46426198910724,14.416126965632381,14.43300548035733,14.43286107528689,0.006166,0.005008,0.00391,0.002979,0.002189,0.001659
ECU,ECU.11_1,SUNF,0.3679069744581338,0.3166863189868503,0.2667079730467484,0.21713422099235277,0.16786180973420411,0.11930172857229966,2.4564448783123556,2.465530945094625,2.473334273037045,2.4651033654813417,2.4679895278710036,2.467964835148334,0.1498,0.1284,0.10780000000000001,0.08808,0.06802,0.04834
ECU,ECU.12_1,SUNF,0.14149801070991738,0.13570103201344835,0.12657930558369523,0.13511209499760327,0.12763952168957032,0.12933563413060753,13.11089478956565,13.159390266376489,13.201039322931681,13.157108126291275,13.17251257186648,13.172380778276546,0.01079,0.01031,0.009589,0.01027,0.00969,0.009819
ECU,ECU.13_1,SUNF,0.225543624162533,0.18695690015072047,0.15159621534931392,0.11812053554222982,0.08713553774039581,0.05852965587364624,2.827209639681743,2.8376671165909224,2.8466482438188065,2.837175000030491,2.8404967868134063,2.8404683670820385,0.07978,0.06588,0.05325,0.04163,0.03068,0.02061
ECU,ECU.14_1,SUNF,0.3127567160482016,0.2684661110235554,0.24412371968695767,0.21417630130386803,0.19162335993644145,0.17065783997307027,53.993021670557496,54.19273476202822,54.364253064114855,54.18333649890019,54.24677477501442,54.24623202531872,0.005793,0.004954,0.004491,0.003953,0.003532,0.003146
ECU,ECU.15_1,SUNF,0.08738189819518506,0.061495996789903064,0.04824792243250728,0.03696213313803698,0.030636154341607522,0.02915718250711926,1.3725787047452394,1.3776556929916857,1.3820159299562815,1.3774167758977356,1.379029466281901,1.379015668819724,0.06366,0.04464,0.03491,0.02683,0.02222,0.02114
ECU,ECU.16_1,SUNF,0.007022075198398415,0.005712162502150732,0.005623632419524366,0.0047060403150846536,0.004085574885234141,0.0037351787671924203,0.49173757374475774,0.4935564464065638,0.4951185370455268,0.4934708523989495,0.49404861195034666,0.49404366889640644,0.01428,0.01157,0.01136,0.009537,0.00827,0.00756
ECU,ECU.19_1,SUNF,0.029412250087312124,0.026143666298542655,0.023482499445183193,0.020231017081490776,0.016777940198905654,0.014076409945490052,1.7236535560286892,1.730029124012259,1.7355046118099136,1.7297290972836208,1.731754277701931,1.7317369511583505,0.01706,0.01511,0.01353,0.0117,0.009688,0.008128
ECU,ECU.1_1,SUNF,0.008234577856150841,0.007316190089217166,0.007002726162892264,0.006158409055842856,0.005587044338826027,0.005410570902862929,2.8107308830064914,2.8211274071603447,2.830056186727772,2.8206381589648695,2.8239405842843284,2.8239123302010367,0.00293,0.002593,0.002474,0.002183,0.001978,0.001916
ECU,ECU.20_1,SUNF,0.04191712661465274,0.033049080866255055,0.02450123069475233,0.016434111900790138,0.009282067049578442,0.005715205059243023,3.363719737268161,3.3761616945208934,3.3868471401614757,3.3755761906501767,3.3795283417775153,3.3794945289289777,0.01246,0.009789,0.007234,0.004869,0.002747,0.001691
ECU,ECU.21_1,SUNF,0.05954264851604891,0.04916382382942573,0.04357823929174141,0.035997914903660645,0.029645096833806256,0.02563338980976882,2.862500864894636,2.8730888794079537,2.8821821154017444,2.8725906199014446,2.8759538715703807,2.875925097083877,0.0208,0.01711,0.01512,0.01253,0.01031,0.008913
ECU,ECU.22_1,SUNF,0.02049284819749936,0.012789180725940175,0.0070278367294336905,0.0031018825647206945,7.380159202063144e-4,0,0.004112267871472114,0.0041274786099001004,0.004140541949961784,0.004126762810444667,0.004131594456768851,0.004131553119350295,4.983,3.099,1.697,0.7517,0.1786,0
ECU,ECU.23_1,SUNF,0.0031657719063819213,0.0030317907175858353,0.0030214012701477878,0.002741500152013104,0.002750362053212658,0.0025032989445027353,0.7192593456073791,0.7219197914027066,0.7242046448504587,0.7217945939535149,0.72263967673556,0.7226324465828684,0.004401,0.0042,0.004172,0.003798,0.003806,0.003464
ECU,ECU.24_1,SUNF,0.016742115618613683,0.014824810003219413,0.014552124410427253,0.0134243354825997,0.01260727255462088,0.012571510156982832,1.4497403349228235,1.4551027338988216,1.4597080883135027,1.4548503857117159,1.45655373597468,1.4565391628668731,0.01155,0.01019,0.009969,0.009227,0.008656,0.008631
ECU,ECU.2_1,SUNF,0.040836053812154584,0.03647201898707985,0.0345069451538763,0.03150278565564223,0.03160386624476603,0.03235685571150557,9.709635546904565,9.745550212765611,9.776394572858042,9.74386011084274,9.75526829882213,9.755170695436075,0.004206,0.003742,0.00353,0.003233,0.00324,0.003317
ECU,ECU.4_1,SUNF,0.0026470552481437713,0.002010959877271855,0.0015378608092855347,0.001103731613920743,8.73203280770619e-4,7.345973602196366e-4,0.382865235967508,0.38428140415972895,0.3854976427248129,0.3842147609506833,0.38466460261174173,0.3846607539664189,0.006914,0.005233,0.003989,0.002873,0.00227,0.00191
ECU,ECU.5_1,SUNF,0.009859854059387087,0.008263719805074732,0.006822085799628562,0.005419357217534768,0.0041932033991767615,0.00299995689176215,0.6856938751961202,0.6882301667275245,0.6904083935721423,0.6881108118319291,0.6889164573771986,0.6889095646319772,0.01438,0.01201,0.009881,0.007876,0.006087,0.004355
ECU,ECU.6_1,SUNF,0.03160215380659787,0.027480746932472627,0.024087923532144798,0.020752095909492868,0.01819889868246934,0.016852415438202782,4.420194020841623,4.436543737628896,4.450585259105025,4.435774339191848,4.440967778641922,4.440923345882179,0.007149,0.006194,0.005412,0.004678,0.004098,0.003795
ECU,ECU.7_1,SUNF,0.04995423946239249,0.046194669420230726,0.041865428618351214,0.03841784197848363,0.03468382102453516,0.0335378483571626,10.431801522090012,10.47038738498721,10.503525831945984,10.468571579674403,10.480828265535866,10.48072340277904,0.004789,0.004412,0.003986,0.00367,0.003309,0.0032
ECU,ECU.8_1,SUNF,0.8598327320468973,0.7918578023619749,0.7287346905357347,0.6768612683494185,0.608176510211965,0.5455439057484175,32.593943772776335,32.71450448734056,32.81804486573102,32.7088310419493,32.7471267983403,32.74679915686891,0.02638,0.02421,0.02221,0.02069,0.01857,0.01666
EGY,EGY.12_1,SUNF,0.00246145347171187,0.0018968895176102575,0.0013950076520218358,0.0018685339086176556,0.0016269549704483876,0.0014894738255333431,4.740370104362285,4.771160358778469,13.17557073866676,23.603720430398692,26.065556329807865,23.78516927330087,5.193e-4,3.976e-4,1.059e-4,7.916e-5,6.242e-5,6.262e-5
EGY,EGY.13_1,SUNF,0,0,0,1.673902422207784e-6,1.5880612723509747e-6,1.5022201224941649e-6,0.054098158751446405,0.05444954398819645,0.15036254591289872,0.2693709113120502,0.2974659305561571,0.27144164589447345,0,0,0,6.214e-6,5.339e-6,5.534e-6
EGY,EGY.14_1,SUNF,0,0,0,0,0,0,0.2330980440017239,0.23461209204453878,0.64788185314124,1.1606648726491444,1.2817206383745725,1.1695872498972737,0,0,0,0,0,0
EGY,EGY.15_1,SUNF,0,0,0,0,0,0,1.9845231776708245,1.997413304852892,5.515861617189749,9.881534403881776,10.912164986397624,9.957496707746946,0,0,0,0,0,0
EGY,EGY.16_1,SUNF,0.04506910785566508,0.042650520965934365,0.03988879369915363,0.08989991124074995,0.11733794977701928,0.12473070088562845,162.2757952516057,163.32982962263247,451.0357150264255,808.0197156366985,892.2950716870505,814.2312043245414,2.777e-4,2.611e-4,8.844e-5,1.113e-4,1.315e-4,1.532e-4
EGY,EGY.17_1,SUNF,0,0,0,0,1.2267836150580636e-4,1.1638716347986756e-4,16.53034631528878,16.637716321729208,45.945093403428814,82.30953795879563,90.89431068597044,82.94227594035561,0,0,0,0,1.35e-6,1.403e-6
EGY,EGY.19_1,SUNF,0,0,0,1.9471597837850548e-6,1.8473054358986416e-6,1.7474510880122286e-6,24.980802417771315,25.14306090076525,69.43262279481485,124.38688613226441,137.36026897668057,125.34308524619043,0,0,0,1.565e-8,1.345e-8,1.394e-8
EGY,EGY.1_1,SUNF,0.016047854692910427,0.009938583461358666,0.005791842386275686,0.0036227814962890488,0.002233053587255866,0.0018566853484349728,27.9142765840541,28.095588941305664,77.58603603829616,138.99353130687163,153.49036735294786,140.06201606125126,5.749e-4,3.537e-4,7.465e-5,2.606e-5,1.455e-5,1.326e-5
EGY,EGY.20_1,SUNF,1.8212793831448316e-4,1.6357041306341884e-4,1.4501288781235453e-4,1.2645536256129022e-4,1.0789783731022589e-4,8.934031205916157e-5,0.05097060294693862,0.051301673685706116,0.14166969454597708,0.25379787561761397,0.2802686484447887,0.25574889562726205,0.003573,0.003188,0.001024,4.983e-4,3.85e-4,3.493e-4
EGY,EGY.21_1,SUNF,0.05352728254322768,0.04312936175544368,0.035081032416009204,0.028417370123851458,0.023348531694237253,0.020399153504816123,89.01999883385979,89.59821284497691,247.4256790017748,443.25719699717746,489.48831905511247,446.6646473497761,6.013e-4,4.814e-4,1.418e-4,6.411e-5,4.77e-5,4.567e-5
EGY,EGY.23_1,SUNF,0.028253990780107846,0.021166096747897507,0.015312764874034185,0.010114531951513728,0.0063164205727263365,0.004646275784052958,26.54797590553214,26.720413692955923,73.78848630191831,132.19031161522375,145.97758111149048,133.20649798957896,0.001064,7.921e-4,2.075e-4,7.651e-5,4.327e-5,3.488e-5
EGY,EGY.24_1,SUNF,0,0,0,2.7836148861311435e-6,2.640865404791085e-6,2.498115923451026e-6,0.5310218811437665,0.5344710419605414,1.4759430603005248,2.6441167564970245,2.9198945336727973,2.6644428710762655,0,0,0,1.053e-6,9.044e-7,9.376e-7
EGY,EGY.25_1,SUNF,0,0,0,6.860170788889311e-6,6.775189903294042e-6,6.409703055422581e-6,2.3808327492569084,2.3962970367403993,6.617379996532752,11.854878283297587,13.091325945309455,11.946010270460096,0,0,0,5.787e-7,5.175e-7,5.366e-7
EGY,EGY.27_1,SUNF,0,0,0,3.655737181411562e-7,3.82618302687766e-7,3.6203544766987625e-7,0.14311529048885174,0.1440448711139896,0.3977802559942477,0.7126138321785315,0.7869384844995817,0.7180919073686763,0,0,0,5.13e-7,4.862e-7,5.042e-7
EGY,EGY.3_1,SUNF,0.26467577998279307,0.24626382127171972,0.22532027037471597,0.21484322032056677,0.19931653539114924,0.18341595290130758,921.4358385632531,927.4208657389677,2561.0749382122567,4588.104609803017,5066.637672926025,4623.374739146303,2.872e-4,2.655e-4,8.798e-5,4.683e-5,3.934e-5,3.967e-5
EGY,EGY.4_1,SUNF,4.448773985469983e-4,4.1021331113461323e-4,3.755492237222281e-4,6.228299241444348e-4,5.779745776955738e-4,5.307907412886557e-4,134.25551117527957,135.12754463571713,373.1550376030668,668.4983413226292,738.2218080200247,673.6372875693744,3.314e-6,3.036e-6,1.006e-6,9.317e-7,7.829e-7,7.879e-7
EGY,EGY.5_1,SUNF,0.0015269057599964521,0.0010405174765079114,6.538097807395602e-4,0.0017383205641978924,0.0016138951761173578,0.0016115783023010822,6.61085285593362,6.653792507661413,18.374463919202416,32.91741344718312,36.35065484567061,33.170459427749464,2.31e-4,1.564e-4,3.558e-5,5.281e-5,4.44e-5,4.858e-5
EGY,EGY.6_1,SUNF,6.323445947388154e-4,3.4464694187120906e-4,1.6534245849237651e-4,3.784510840148014e-5,0,0,14.007480399737844,14.098463566820252,38.93294084936481,69.74743406331147,77.0219964601613,70.28360340337386,4.514e-5,2.445e-5,4.247e-6,5.426e-7,0,0
EGY,EGY.7_1,SUNF,1.3152938310087773e-4,1.0795279381928813e-4,8.8739738031537e-5,2.265024261534544e-4,2.019632893824761e-4,1.7865709170143782e-4,19.34726330290764,19.472930106604093,53.77454304939001,96.3358100826135,106.38350389255228,97.07637220378751,6.798e-6,5.544e-6,1.65e-6,2.351e-6,1.898e-6,1.84e-6
EGY,EGY.8_1,SUNF,0.017064783069530493,0.015407246228823689,0.01380198316965371,0.01305323462670439,0.014599765016908371,0.01473457857535587,30.75676379834642,30.95653903984035,85.48655657596473,153.14712523646728,169.1201618562744,154.324412891178,5.548e-4,4.977e-4,1.615e-4,8.523e-5,8.633e-5,9.548e-5
EGY,EGY.9_1,SUNF,0.016030547855700544,0.014697416914727625,0.013336036983749452,0.036871504515123256,0.05167510510560498,0.05433136387563376,94.07109187259964,94.68211438523007,261.4648852608517,468.40809984432707,517.2624268209207,472.0088926927843,1.704e-4,1.552e-4,5.101e-5,7.872e-5,9.99e-5,1.151e-4
ERI,ERI.4_1,SUNF,0,0,0,0,0,0,0.0017089080586986122,0.0020639733836703943,0.0020527382238740618,0.0025319442928459007,0.0025933251711798186,0.0025254201177865782,0,0,0,0,0,0
ESP,ESP.10_1,SUNF,0.26077205895033345,0.25803972681102777,0.23961000376778963,0.2182213255330228,0.2105858005900485,0.19611904942242675,78.43459814572397,67.50137039120409,72.85157987493459,74.62180518030682,73.0589114739757,72.54999805439294,0.003325,0.003823,0.003289,0.002924,0.002882,0.002703
ESP,ESP.11_1,SUNF,4.910772592522527,4.251548386206318,3.5916652730381426,2.936327876905339,2.304523941570971,1.719615430091636,1160.3306995081082,1000.6617949213548,1083.266649269325,1103.26394406653,1077.248489143957,1071.6354731100555,0.004232,0.004249,0.003316,0.002661,0.002139,0.001605
ESP,ESP.12_1,SUNF,0.00158215856256586,0.00113011325897561,6.780679553853705e-4,2.260226517951235e-4,0,0,0.5873811509806985,0.5055043765188393,0.5455710343310307,0.5588279005858034,0.5471236995598775,0.5433125478843291,0.002694,0.002236,0.001243,4.045e-4,0,0
ESP,ESP.13_1,SUNF,0.003881971685243772,0.0030292668814354455,0.0021722739035492755,0.0014894216223150247,0.0010753790284807672,9.75538477047757e-4,1.915846104359889,1.648790719405153,1.779475114292605,1.8227146965090608,1.7845394028301154,1.7721086667083767,0.002026,0.001837,0.001221,8.171e-4,6.026e-4,5.505e-4
ESP,ESP.15_1,SUNF,0.20479920067427543,0.18786455068170008,0.18724067268028377,0.17552630100107955,0.1552651417989303,0.13458823637984987,100.3641344730456,86.37408459046212,93.22015962340173,95.48532238060588,93.48545908280629,92.83425851461766,0.002041,0.002175,0.002009,0.001838,0.001661,0.00145
ESP,ESP.16_1,SUNF,1.1273035954671904,1.0455857185995163,0.9637269001023525,0.8809069009035813,0.7976873958983832,0.7171771699550613,375.3320388510565,323.01340955556594,348.61569580783896,357.0867314069079,349.60783694996314,347.1725403348676,0.003003,0.003237,0.002764,0.002467,0.002282,0.002066
ESP,ESP.18_1,SUNF,0.028037506423982516,0.022734310015161345,0.018323065991151306,0.014224197369460945,0.010198222294419202,0.0066004186401584465,19.057272623453514,16.400823723376458,17.70076537074241,18.130877426480073,17.751140777766768,17.62748996539563,0.001471,0.001386,0.001035,7.845e-4,5.745e-4,3.744e-4
ESP,ESP.1_1,SUNF,21.04956913268612,19.27820057451989,17.427172916356554,15.390734319168818,14.05125206962442,12.202567695120312,22908.46737350487,19715.34326739153,21278.240892277885,21794.812131180668,21338.121135475074,21189.62469695376,9.189e-4,9.778e-4,8.19e-4,7.062e-4,6.585e-4,5.759e-4
ESP,ESP.2_1,SUNF,1.4399365845307301,1.261998952232048,1.100654800811066,0.9439262204345141,0.7861356296502952,0.6493353743538512,650.6811922197662,559.9808401008708,604.365343468012,619.0508564868609,606.0853340746861,601.8634677246409,0.002213,0.002254,0.001821,0.001525,0.001297,0.001079
ESP,ESP.3_1,SUNF,1.3274821285147214,1.229108945900604,1.1396124585928211,1.0516249292066977,0.9660846036992613,0.8804764101389897,41.55744274752669,35.76462940755167,38.59936088528955,39.53728928063303,38.709212548466255,38.439572098999484,0.03194,0.03437,0.02952,0.0266,0.02496,0.02291
ESP,ESP.4_1,SUNF,5.942199571968428,5.298474541540943,4.595848268737329,3.974486712776452,3.4189851089265284,3.0261050067841593,5393.339276409728,4641.545959934379,5009.438390415285,5131.163061584254,5023.694977212246,4988.700946529151,0.001102,0.001142,9.174e-4,7.746e-4,6.806e-4,6.066e-4
ESP,ESP.5_1,SUNF,22.658438895742837,21.22244828721806,20.35681785952562,18.313450292681335,16.36354602384626,14.799125507086693,15688.231342568619,13501.402948098787,14571.534319920505,14925.608985638199,14613.00410707156,14511.212912260838,0.001444,0.001572,0.001397,0.001227,0.00112,0.00102
ESP,ESP.6_1,SUNF,0.9591128704291665,0.885043129798711,0.8189192989077921,0.7513172260916404,0.6812943779132261,0.6124323719826168,600.3680641747992,516.768290992787,557.6838133902389,571.2712106736712,559.2175226608088,555.3504059308847,0.001598,0.001713,0.001468,0.001315,0.001218,0.001103
ESP,ESP.8_1,SUNF,0.18412502895863267,0.4042978279413545,0.4343254362770349,0.39640610481442884,0.35575936996436297,0.3151609972760056,71.11236556134813,61.199805196081805,66.05054787382161,67.65551445767149,66.23852410895242,65.77712011137972,0.002589,0.006606,0.006576,0.005859,0.005371,0.004791
ESP,ESP.9_1,SUNF,2.882938384693919,3.013905224135246,2.9168596253858454,2.748350924358495,2.562651769769094,2.3083531106447843,676.1777126004472,584.8436034871174,629.7292669887561,646.2422962563738,629.7339037688556,626.2933988087638,0.004264,0.005153,0.004632,0.004253,0.004069,0.003686
ETH,ETH.10_1,SUNF,48.33040906563265,45.743938889320624,42.58769691958182,39.141602527139646,35.677333322187586,31.944537362066544,451.5868014595856,544.6347811003968,541.6664696071404,667.2206059563526,683.3044918591312,665.513110625436,0.107,0.08399,0.07862,0.05866,0.05221,0.048
ETH,ETH.11_1,SUNF,1.1231823463309574,1.1755474699217845,1.1747452549651898,1.1688199494054032,1.2759881248257672,1.3242852843958162,7.13800581623472,8.621092247883901,8.574163663537695,10.575778490084208,10.832162714105458,10.548527404642526,0.1574,0.1364,0.137,0.1105,0.1178,0.1255
ETH,ETH.1_1,SUNF,5.023640224419361e-6,4.651518726314223e-6,4.279397228209085e-6,3.9072757301039476e-6,3.5351542319988095e-6,3.1630327338936715e-6,0.006900485856585695,0.008334222002108722,0.008288854984921082,0.010223865288429395,0.010471718226246637,0.01019752099360699,7.28e-4,5.581e-4,5.163e-4,3.822e-4,3.376e-4,3.102e-4
ETH,ETH.2_1,SUNF,0.257647398959567,0.2534231366038649,0.24879321552571387,0.2308199011560182,0.27990890293750637,0.2570935240435502,0.24008119422371746,0.2899636362970342,0.2883852303860387,0.3557079659377834,0.3643312470428711,0.35479139717822156,1.073,0.874,0.8627,0.6489,0.7683,0.7246
ETH,ETH.3_1,SUNF,12.418638785136201,15.240516972104768,16.207060677014493,16.94190167458936,17.270067956258288,17.898785505711867,234.5925472641075,283.3345955014601,281.7922745192839,347.57590273280715,356.00204159286255,346.6802882272914,0.05294,0.05379,0.05751,0.04874,0.04851,0.05163
ETH,ETH.4_1,SUNF,36.94264319317691,36.59831010209608,35.60859486979125,36.30296211725603,34.36456642925729,31.290728913469966,51.98072508937284,62.41258996547378,62.07114253765775,76.13798904048319,77.94065323739117,75.94735764041734,0.7107,0.5864,0.5737,0.4768,0.4409,0.412
ETH,ETH.6_1,SUNF,4.922677614740123,4.513205767095686,4.103748606625887,3.694267231802942,3.2847772755692404,2.8752873193355386,0.4894415924125746,0.5633199956924706,0.5601246915405275,0.658905031703436,0.6716226355384496,0.657626813924024,10.06,8.012,7.326,5.607,4.891,4.372
ETH,ETH.7_1,SUNF,6.223643517869907e-5,6.449808619783246e-5,8.687020386574456e-5,8.017807641953104e-5,7.310093161189868e-5,6.602378680426634e-5,0.04796765133766529,0.05793404456967533,0.05761868282444261,0.07106960519462514,0.07279251624050272,0.07088647693742108,0.001297,0.001113,0.001508,0.001128,0.001004,9.314e-4
ETH,ETH.8_1,SUNF,2140.1884207607613,2162.799849733652,2169.193934091143,2106.790762563134,1981.3380555701788,1820.6915191343383,373.688027819017,451.3303915262058,448.87359188438046,553.6618921802785,567.084088449789,552.2352466105217,5.727,4.792,4.833,3.805,3.494,3.297
ETH,ETH.9_1,SUNF,1.066780495110225e-5,4.832617059049621e-5,2.2135541942793922e-4,2.1130198408738507e-4,1.9936860437184262e-4,1.8743522465630027e-4,0.21864974826407924,0.23961701080074407,0.2625006687768648,0.29079867128694986,0.2944233254005574,0.2900837471040912,4.879e-5,2.017e-4,8.433e-4,7.266e-4,6.771e-4,6.461e-4
FRA,FRA.10_1,SUNF,53.43769359275024,44.68004557950242,38.136208132813415,31.676983906515872,25.974156477675947,20.97984123667208,24861.0585622865,29559.76396698962,27794.494013172756,31855.992256555623,22876.211121445416,25361.83185556356,0.002149,0.001512,0.001372,9.944e-4,0.001135,8.272e-4
FRA,FRA.11_1,SUNF,93.27392401718508,83.28716347042025,71.8112342785565,60.80688858848777,52.03761340772572,45.70616892797012,18931.20638050238,22517.23274058071,21169.599725185883,24265.804121604622,17419.5069765091,19314.86965978684,0.004927,0.003699,0.003392,0.002506,0.002987,0.002366
FRA,FRA.12_1,SUNF,1.4007355658726912,1.1962194322216526,0.9872719808305452,0.8016065242364551,0.6304358155410466,0.49484178935832634,1878.0196657874653,2233.843661811219,2100.1206365907397,2407.3064001419325,1728.0527554843134,1916.1036742965757,7.459e-4,5.355e-4,4.701e-4,3.33e-4,3.648e-4,2.583e-4
FRA,FRA.13_1,SUNF,2.2498430142853096,2.066051566818648,1.828186658916456,1.6166323775989129,1.403568962371535,1.2073534870046683,920.1207455585355,1094.453872348085,1028.9373434715792,1179.4405564745036,846.6456548387655,938.7797015543808,0.002445,0.001888,0.001777,0.001371,0.001658,0.001286
FRA,FRA.1_1,SUNF,15.263532429795218,13.371815826138825,11.501391102670585,9.830478241329363,8.456403508159006,7.902186259801791,2643.8354927486325,3144.7568233379957,2956.504438809646,3388.953917022748,2432.715317906867,2697.449336755057,0.005773,0.004252,0.00389,0.002901,0.003476,0.00293
FRA,FRA.2_1,SUNF,4.313605080525068,4.040914340264413,3.663844124198553,3.2848484459017406,2.9177469169278365,2.5609588864066093,2295.7206299113536,2730.685451191171,2567.2203324358316,2942.729017167226,2112.3987318189543,2342.2751179163683,0.001879,0.00148,0.001427,0.001116,0.001381,0.001093
FRA,FRA.3_1,SUNF,0.4457716790418552,0.3911128218124325,0.33992545004920277,0.2883069824859431,0.23755950152127261,0.18606530548297925,112.072710489464,133.30686496507923,125.3268090773119,143.65842816103554,103.12328443840227,114.34541196201761,0.003978,0.002934,0.002712,0.002007,0.002304,0.001627
FRA,FRA.4_1,SUNF,2.840829435304173,2.6193638144490294,2.4324686885592643,2.2215850657897005,1.9972408371915817,1.7759981706379884,3329.8941523857707,3960.8014134879686,3723.69872077772,4268.366115043993,3063.989621795865,3397.4204512548094,8.531e-4,6.613e-4,6.532e-4,5.205e-4,6.518e-4,5.227e-4
FRA,FRA.5_1,SUNF,0.02549417290857152,0.024391314631318634,0.022981146258072023,0.021368550274247288,0.019781514699697637,0.01789058224450581,32.02517880723221,38.092914573878964,35.81258499514999,41.05091086786555,29.46784822911348,32.674611400734364,7.961e-4,6.403e-4,6.417e-4,5.205e-4,6.713e-4,5.475e-4
FRA,FRA.6_1,SUNF,12.349700310689535,11.488334163972588,10.503285690078197,9.432212762295784,8.347603499920002,7.166759422561064,3628.2346415781885,4315.918075090167,4058.1071558402987,4651.569015869574,3339.165291129312,3702.569648312968,0.003404,0.002662,0.002588,0.002028,0.0025,0.001936
FRA,FRA.7_1,SUNF,0.39037900200772496,0.35916631520573794,0.3192098866048014,0.27666873356479554,0.2357624931325578,0.18913933073891578,187.69607051745598,223.25840624064094,209.8936439706642,240.59489901491693,172.70783568459936,191.5023239220049,0.00208,0.001609,0.001521,0.00115,0.001365,9.877e-4
FRA,FRA.8_1,SUNF,0.11483735544089653,0.10811222516198321,0.09893557058531635,0.09040701967465704,0.08099483078235466,0.07040650794737201,241.60627031084914,287.382845568571,270.17944670817803,309.6987382130804,222.3131039354089,246.50575854411778,4.753e-4,3.762e-4,3.662e-4,2.919e-4,3.643e-4,2.856e-4
FRA,FRA.9_1,SUNF,2.095279306036809,1.837864827866929,1.5794633601986101,1.3226008759198058,1.0648932675806035,0.8075168520102229,192.49202300271696,228.96303663228053,215.25678205163948,246.74250615815967,177.12081338568856,196.3955326280528,0.01089,0.008027,0.007338,0.00536,0.006012,0.004112
GEO,GEO.12_1,SUNF,0,0,0,0,0,0,0.04314380930273923,0.047685262913553884,0.06358035055140518,0.05903889694059053,0.029519448470295265,0.03982476362216886,0,0,0,0,0,0
GEO,GEO.5_1,SUNF,0.07184557093166731,0.05053307641606875,0.036830770993791596,0.03931488268812249,0.030713921130727243,0.02613362560527995,36.171575538247964,39.97759662926773,53.29704977442141,49.49239140416899,24.76464894730376,33.39677561302668,0.001986,0.001264,6.91e-4,7.944e-4,0.00124,7.825e-4
GEO,GEO.6_1,SUNF,0.5631926186515736,0.46871456440766207,0.38058033469078684,0.2987062134890859,0.22427188234477538,0.15653219672618016,3.051357210344118,3.372552706169815,4.496736941559752,4.175541445734056,2.087770722867028,2.8166168354781713,0.1846,0.139,0.08463,0.07154,0.1074,0.05557
GLP,GLP.1_1,SUNF,0,0,0,0,0,0,0.05337474916175881,0.0634875381167877,0.059687027899392356,0.06841748124570136,0.04911257535931442,0.05445712568756358,0,0,0,0,0,0
GRC,GRC.1_1,SUNF,9.516794498445506e-4,8.867194384979878e-4,8.628993511656562e-4,8.178440699152347e-4,7.53907707807226e-4,6.848464778680926e-4,3.7864131635192857,3.555236160401271,3.5371319372655234,2.4323101151352535,2.9164820313041067,2.744931673926054,2.513e-4,2.494e-4,2.44e-4,3.362e-4,2.585e-4,2.495e-4
GRC,GRC.3_1,SUNF,0,0,0,0,0,0,1.394024103468169,1.3089128647848243,1.302247526815647,0.8954910045940397,1.073746068744097,1.0105872630839905,0,0,0,0,0,0
GRC,GRC.5_1,SUNF,0.2977401020846714,0.2610693329087848,0.22339064474284293,0.1861388793092612,0.14846988696942698,0.11086399757012157,206.1999043191367,193.59958990849287,192.89127689504772,132.58972263799558,158.86785227659828,149.60899665238838,0.001444,0.001349,0.001158,0.001404,9.345e-4,7.41e-4
GRC,GRC.6_1,SUNF,2.5448967618568936,2.6028877126115666,2.414886897203744,2.3723950914250573,2.1237523085829157,1.8844843104360325,9045.987293676744,8583.283551495533,8547.155585014478,6334.332818334734,7303.798255362416,6960.354506336099,2.813e-4,3.033e-4,2.825e-4,3.745e-4,2.908e-4,2.707e-4
GRC,GRC.7_1,SUNF,0.09620597244287547,0.09521417249382674,0.09276745404164202,0.10536694002565375,0.09965745155743036,0.09461239648322885,12.365410491288223,11.610448363213658,11.55132482306324,7.943272885678773,9.524448587650202,8.964211102384546,0.00778,0.008201,0.008031,0.01326,0.01046,0.01055
GRC,GRC.8_1,SUNF,0.556769780892686,0.5433474535498357,0.5160708497700104,0.5345708989274338,0.597398464312146,0.5447418574863443,253.5272496471878,238.04830763767006,236.83610133571992,162.86043470388822,195.27918272783796,183.79266807563727,0.002196,0.002283,0.002179,0.003282,0.003059,0.002964
HRV,HRV.10_1,SUNF,0.030529184235310355,0.027999837684025402,0.025470491132740424,0.022941144581455443,0.020411798030170486,0.017882451478885515,7.02633361248632,7.280410332017986,8.949471915853888,9.227551274788317,10.572284511572274,9.671272360382671,0.004345,0.003846,0.002846,0.002486,0.001931,0.001849
HRV,HRV.11_1,SUNF,1.1739273929222083,1.1137518527539518,1.0342794286741521,0.9956077948658922,0.9085897458657951,0.8253301180566684,367.85480098554495,379.76847953770533,445.9921037422921,473.8119632147592,529.093110383976,489.818575536687,0.003191,0.002933,0.002319,0.002101,0.001717,0.001685
HRV,HRV.12_1,SUNF,0.5273153366664668,0.48595234898741435,0.4417980429600677,0.40663497505905005,0.3711929291091276,0.3391898014302247,58.50021357295575,60.61561872965154,74.51197841107937,76.8272259904123,88.0232758635234,80.5215820665264,0.009014,0.008017,0.005929,0.005293,0.004217,0.004212
HRV,HRV.15_1,SUNF,1.6048420175199516,1.5015603495008412,1.426532795067107,1.328246377325098,1.2205622932791782,1.1132125386328708,129.621060528537,134.24468781693957,165.03968360211638,170.19653828542266,195.52647429813783,178.7493056788052,0.01238,0.01119,0.008644,0.007804,0.006242,0.006228
HRV,HRV.16_1,SUNF,3.356141150242111e-4,3.089558847212532e-4,2.8229765441829525e-4,2.556394241153374e-4,2.2898119381237948e-4,2.0232296350942156e-4,0.004308701350284582,0.004464506748220219,0.0054880117931845026,0.005658536134243091,0.006483155947741149,0.005930635602627658,0.07789,0.0692,0.05144,0.04518,0.03532,0.03411
HRV,HRV.17_1,SUNF,0.0012310644019939904,0.0012336556132234709,0.0011391422489535875,0.0010446288846837043,9.511374947779109e-4,8.586680792362343e-4,1.210473666080141,1.2542451684196496,1.5417856135116745,1.5896922116943162,1.8213584349059546,1.666135022243757,0.001017,9.836e-4,7.388e-4,6.571e-4,5.222e-4,5.154e-4
HRV,HRV.18_1,SUNF,1.6290041286056727,1.5464472749087197,1.4599848397391006,1.347322798023502,1.2233953530028414,1.0998863962661036,60.285285821182775,62.465240332630316,76.78563275690894,79.17152767151165,90.70921318486417,82.97861312250771,0.02702,0.02476,0.01901,0.01702,0.01349,0.01326
HRV,HRV.19_1,SUNF,0.07521860454940286,0.08070641951620167,0.07656018238185172,0.07239659423509408,0.06686190640104873,0.06132721856700341,117.472601158868,121.7204855867091,149.62536693181264,154.2745491973069,176.75701585802344,161.6930796839857,6.403e-4,6.63e-4,5.117e-4,4.693e-4,3.783e-4,3.793e-4
HRV,HRV.1_1,SUNF,0.7032227429756279,0.6642548442971156,0.6856927341540653,0.6371528928206714,0.5879565594329983,0.5341201691908561,117.92168905153936,122.1858127849478,150.19737214888204,154.86432784788897,177.43274309129723,162.3112187538495,0.005963,0.005436,0.004565,0.004114,0.003314,0.003291
HRV,HRV.20_1,SUNF,9.729063825571359e-4,9.296885479674747e-4,8.777565020204011e-4,8.307676083764567e-4,7.670220241759792e-4,7.031569605361802e-4,0.024142874127625707,0.025015895904945285,0.030750884584987016,0.03170638076984139,0.036326959162705605,0.033231031164784305,0.0403,0.03716,0.02854,0.0262,0.02111,0.02116
HRV,HRV.21_1,SUNF,0.03186625326179244,0.030241397064172126,0.02814335930643829,0.026045321548704446,0.023947283790970615,0.02184924603323678,13.681662129247755,14.176399786645984,17.426393015314982,17.967868562006593,20.586330310955276,18.83188133275472,0.002329,0.002133,0.001615,0.00145,0.001163,0.00116
HRV,HRV.2_1,SUNF,0.394620806537459,0.3726249088617084,0.36114161930091876,0.337330435103338,0.3128871115614616,0.28735507100939656,139.3394854113946,144.2993505445552,177.403930592936,182.9518310973523,210.26656723954324,192.20603763701578,0.002832,0.002582,0.002036,0.001844,0.001488,0.001495
HRV,HRV.3_1,SUNF,2.401195324164679e-4,2.2499118671564535e-4,2.1500553716429204e-4,1.9961346345580432e-4,1.8422138974731668e-4,1.6882931603882904e-4,0.150704675612768,0.13060331504835312,0.16814066240068587,0.18491030574447953,0.42379443046302334,0.3419953679110582,0.001593,0.001723,0.001279,0.00108,4.347e-4,4.937e-4
HRV,HRV.4_1,SUNF,0.01453116607829792,0.013647636439612672,0.012765434650899764,0.011884560712159202,0.011003965137297029,0.010123647926313269,1.2392982869017564,1.2841121059748577,1.5784996593790326,1.6275470420051226,1.8647298586201313,1.7058101606623486,0.01173,0.01063,0.008087,0.007302,0.005901,0.005935
HRV,HRV.5_1,SUNF,0.005876915831552769,0.005685615679400978,0.005415205663420613,0.005187206676681952,0.004814159350886842,0.004321423185804026,0.15348767411297487,0.16457180536182398,0.1888945661724741,0.1922813657979324,0.20865921577620125,0.19701842126857652,0.03829,0.03455,0.02867,0.02698,0.02307,0.02193
HRV,HRV.6_1,SUNF,0.11180602801626749,0.1076501352088981,0.10276740788801979,0.09958378664524244,0.0917119155774311,0.0841216890537486,23.85679526574392,24.71947224835789,30.386504684838133,31.330678801754342,35.89650605766284,32.83726298604449,0.004687,0.004355,0.003382,0.003178,0.002555,0.002562
HRV,HRV.7_1,SUNF,0.01724632512730426,0.01589523421398093,0.014544143300657592,0.013193052387334241,0.011850034363191158,0.0105166405446777,8.563744826699724,8.87341531951656,10.907679317260346,11.24660439580412,12.885574722993693,11.787414775844077,0.002014,0.001791,0.001333,0.001173,9.196e-4,8.922e-4
HRV,HRV.8_1,SUNF,0.003626755861184194,0.0033640766563830353,0.0031013974515818766,0.002838718246780728,0.002576039041979559,0.0023133598371784143,1.6036956361171137,1.6616862965132837,2.0426341600835127,2.1061032008396894,2.4130261200332415,2.2073784331110775,0.002261,0.002024,0.001518,0.001348,0.001068,0.001048
HRV,HRV.9_1,SUNF,0.0010924763681045275,0.0010705648237124411,0.001112904958460239,0.001071565085808374,9.866537018397652e-4,9.017423178711566e-4,1.0357554072541453,1.0732089855534537,1.3192462015242556,1.360238021091471,1.5584658306617738,1.42564717173304,0.001055,9.975e-4,8.436e-4,7.878e-4,6.331e-4,6.325e-4
HUN,HUN.10_1,SUNF,0.1022923658970201,0.09111538519637598,0.08104144099933672,0.0709718919184907,0.06104087090598924,0.05222417329271603,714.4042969608602,739.5436740624476,541.1592774571005,828.9262560115897,756.8951035464554,768.6075442467497,1.432e-4,1.232e-4,1.498e-4,8.562e-5,8.065e-5,6.795e-5
HUN,HUN.11_1,SUNF,1.5036368373279212,1.472285903583539,1.4340594295935207,1.2998650634673294,1.1409984655676504,0.981697946415869,1665.476593360808,1724.083525475409,1261.5939093857755,1932.4593691310727,1764.534569498943,1791.839550614609,9.028e-4,8.54e-4,0.001137,6.726e-4,6.466e-4,5.479e-4
HUN,HUN.12_1,SUNF,1.2206987914479233,1.1244840285221054,1.0282692655962875,0.9321278035109937,0.8360596422662244,0.7399914810214552,116.13497332851131,120.22168011570213,87.97192083154565,134.75188915119705,123.0423627584427,124.94636024855716,0.01051,0.009353,0.01169,0.006917,0.006795,0.005922
HUN,HUN.13_1,SUNF,0.019409485399519148,0.017175618288341646,0.01527223583611265,0.01369933804283212,0.0121264402495516,0.010553542456271079,127.24684856553972,131.85648620463522,96.55293186837723,147.67924894495667,134.85799549517074,136.96397204719273,1.525e-4,1.303e-4,1.582e-4,9.276e-5,8.992e-5,7.705e-5
HUN,HUN.14_1,SUNF,1.0391592464424384,0.9305679172726286,0.8181689804821031,0.7094772289407203,0.6040474593080449,0.5051461293350196,996.319379950444,1031.3791475256749,754.7091724730036,1156.0334910182617,1055.5777218319931,1071.9120743909937,0.001043,9.023e-4,0.001084,6.137e-4,5.722e-4,4.713e-4
HUN,HUN.15_1,SUNF,0.8657994816987652,0.9568360557385278,0.898653812763954,0.8330923791705804,0.7678270884336288,0.7029962452224298,499.317289589454,516.8879084809296,378.23146474001493,579.3599131220187,529.0153113777405,537.2014661500831,0.001734,0.001851,0.002376,0.001438,0.001451,0.001309
HUN,HUN.16_1,SUNF,19.097425306642766,18.02621147780308,17.645428803459566,16.538917547695668,15.02192277079648,13.498680889320521,6849.060359269411,7094.281344950042,5191.163768982702,7943.932439758382,7251.684470814952,7365.416908981777,0.002788,0.002541,0.003399,0.002082,0.002072,0.001833
HUN,HUN.17_1,SUNF,2.049741967224652,1.9811584938479525,1.8372970502906203,1.6932450483185297,1.5402274324667193,1.385358071552896,972.2894904342346,1006.5036633555316,736.5065976798703,1128.1515109772947,1030.1186004479882,1046.058990292612,0.002108,0.001968,0.002495,0.001501,0.001495,0.001324
HUN,HUN.18_1,SUNF,0.11447840499345,0.09531503731601577,0.07657196794554624,0.05824919688204138,0.04025899018065974,0.024351556126822934,208.69128247654595,218.8876338590599,160.6070299470565,242.08515445862952,219.98168895826043,224.04683476128807,5.486e-4,4.355e-4,4.768e-4,2.406e-4,1.83e-4,1.087e-4
HUN,HUN.19_1,SUNF,0.40521367301119426,0.3778475108679947,0.35821303901762974,0.33204485326550287,0.39515943140714443,0.369305060737164,515.5342170572627,533.6754980469041,390.5157424079786,598.1764810333377,546.1967771768255,554.6488035321299,7.86e-4,7.08e-4,9.173e-4,5.551e-4,7.235e-4,6.658e-4
HUN,HUN.1_1,SUNF,5.237183043486284,4.978764597740569,4.628691665523524,4.220589213504612,3.8043267667717715,3.3650402129675014,2068.220615074961,2140.999821741036,1566.6713910277128,2399.764920722476,2191.232700116081,2225.1405467125287,0.002532,0.002325,0.002954,0.001759,0.001736,0.001512
HUN,HUN.20_1,SUNF,0.2328012040152598,0.2093444042707726,0.18337302671335853,0.15769556527637507,0.1343445954155033,0.1136291058727344,108.36958471520266,112.18425390479014,82.7384749498013,125.933951595687,115.37466233292808,116.96956707854159,0.002148,0.001866,0.002216,0.001252,0.001164,9.714e-4
HUN,HUN.2_1,SUNF,1.7871860850358687,1.8062587455682466,1.6738589509597077,1.5296920370109341,1.3867650442816453,1.2443173407634958,534.413034930598,553.2343696445507,413.1713350462874,622.5576217814489,573.4039434219376,579.8246373032958,0.003344,0.003265,0.004051,0.002457,0.002418,0.002146
HUN,HUN.3_1,SUNF,4.183827991491968,4.0107744779905,3.834695889205248,3.769472653902618,3.426015397882788,3.0811691437743,1669.9561340186826,1735.016036526554,1269.8454204420198,1933.2952438940927,1762.057653540658,1791.8694649297438,0.002505,0.002312,0.00302,0.00195,0.001944,0.00172
HUN,HUN.4_1,SUNF,2.4702244344616284,2.244359311836622,2.0501300465363137,1.8659874916448167,1.8496159916910981,1.6348098892047085,2094.02342086178,2174.5385352630647,1594.6952473177664,2431.4745201063893,2220.788345327733,2256.144262370461,0.00118,0.001032,0.001286,7.674e-4,8.329e-4,7.246e-4
HUN,HUN.5_1,SUNF,0,0,0,0,0,0,5.644939136574616,5.843580514116097,4.2760257706084195,6.549846191855216,5.980684621393264,6.0732316779761595,0,0,0,0,0,0
HUN,HUN.6_1,SUNF,0.450156635941068,0.4144653535035814,0.3794513614852779,0.34898607032443385,0.3177854049932023,0.6653241999701526,776.0839870419028,808.9033031003316,592.1332724314464,896.6761898127114,815.9220971282374,830.7753806267203,5.8e-4,5.124e-4,6.408e-4,3.892e-4,3.895e-4,8.008e-4
HUN,HUN.7_1,SUNF,1.293901028010094,1.188581619354418,1.085392026122875,0.9840585145272578,0.8835700099274839,0.7839706278652282,652.6573480903161,675.6238941505272,494.3861346049168,757.2810162431012,691.4756156488221,702.1757339426767,0.001983,0.001759,0.002195,0.001299,0.001278,0.001116
HUN,HUN.8_1,SUNF,0.38961398774246314,0.34856893962941016,0.309423928213676,0.271911900319762,0.23571399127060877,0.20123538940466779,332.3963151591576,346.5190090118268,253.8536856342315,385.62537799332193,351.17679704573436,357.18437207056115,0.001172,0.001006,0.001219,7.051e-4,6.712e-4,5.634e-4
HUN,HUN.9_1,SUNF,5.861174378853521,5.48120886298786,5.289500887532683,4.827120561905578,4.3895874737542036,3.903616714361293,4337.288169517039,4493.767511089952,3288.4574465835685,5029.90361996718,4590.837159779027,4663.435112996782,0.001351,0.00122,0.001609,9.597e-4,9.562e-4,8.371e-4
IND,IND.11_1,SUNF,1.1875946649163111e-6,1.119732112635379e-6,1.051869560354447e-6,1.0603703256147266e-6,9.885917057675783e-7,9.168130859204305e-7,0.0028649547821584455,0.0037736942760483332,0.004954821386281246,0.0031616048249739834,0.0025601629312318303,0.003072608003536449,4.145e-4,2.967e-4,2.123e-4,3.354e-4,3.861e-4,2.984e-4
IND,IND.12_1,SUNF,0.009815582970292098,0.008566354111150865,0.007336234117862703,0.006144458863770272,0.004968881420099436,0.004074974239408982,18.81455019024248,24.782366828788387,32.53899022645016,20.76269162488165,16.812940387341737,20.178237317212957,5.217e-4,3.457e-4,2.255e-4,2.959e-4,2.955e-4,2.019e-4
IND,IND.15_1,SUNF,0.08777207991615513,0.0768894272870733,0.06577556132630458,0.05488043011600088,0.04400272358569605,0.03319784801127392,5.103529278383356,6.722325722352441,8.826343847212543,5.631971189010008,4.560583838300453,5.473435394058536,0.0172,0.01144,0.007452,0.009744,0.009648,0.006065
IND,IND.16_1,SUNF,0.72922103250727,0.5905314492335424,0.4673504531859378,0.41039999556148293,0.3461610344060724,0.3004500451810071,1652.8294815436511,2177.0930531357544,2858.5005648356896,1823.9707293986373,1476.9911192480238,1772.6273116415132,4.412e-4,2.712e-4,1.635e-4,2.25e-4,2.344e-4,1.695e-4
IND,IND.17_1,SUNF,0.0018406549956750723,0.002007057025189084,0.002113567164797738,0.0021438887463853325,0.002087990450444047,0.0018803670321362114,1.1068870081685538,1.457982231681493,1.9143155258242743,1.2214989665875904,0.9891294288562047,1.1871146803046193,0.001663,0.001377,0.001104,0.001755,0.002111,0.001584
IND,IND.19_1,SUNF,0.002946282315543311,0.0023623814745238744,0.001880196372114254,0.0025163378977194357,0.0021413983861954216,0.0031074805151297584,62.99142094863384,82.97176840428894,108.9410700693126,69.51383025079585,56.28999867733119,67.5570676948303,4.677e-5,2.847e-5,1.726e-5,3.62e-5,3.804e-5,4.6e-5
IND,IND.20_1,SUNF,0.04903601029129547,0.02657845237481258,0.018719999195059112,0.012417186115048457,0.00823801028503768,0.008541156347093766,35.97568413486421,47.386867723747436,62.218465103742034,39.700765000149396,32.14836531499947,38.583218029780994,0.001363,5.609e-4,3.009e-4,3.128e-4,2.562e-4,2.214e-4
IND,IND.21_1,SUNF,5.806735488646645,5.486416741972906,5.203018540536043,4.918277531923768,4.577196490540715,4.1646106502845965,43.431219672344255,49.80560454079572,59.46106061417802,45.44766506309263,39.991878219338815,44.29777403337269,0.1337,0.1102,0.0875,0.1082,0.1145,0.09401
IND,IND.23_1,SUNF,5.313985317063771,4.261988787917397,3.2880725824222625,2.520507900612776,2.0080115234089355,1.671918909296095,0.45735285296608086,0.43910604056745123,0.44562741740756184,0.4499750019676356,0.4347584560073775,0.4401643151091157,11.62,9.706,7.379,5.601,4.619,3.798
IND,IND.24_1,SUNF,101.94198781300146,97.16900906126229,91.09811800282328,85.45063168193971,78.77235719591849,71.18439638718212,1006.8713142638057,1326.0378065296711,1740.9098605351026,1111.0586376052267,899.7866807997921,1079.7867419720953,0.1012,0.07328,0.05233,0.07691,0.08755,0.06592
IND,IND.25_1,SUNF,0,0,0,0,0,0,0.30566481644398896,0.40261911824486607,0.528634720164546,0.3373146984770305,0.27314627697268956,0.32781954090658266,0,0,0,0,0,0
IND,IND.26_1,SUNF,4.340648783306363,3.815993848767806,3.4092487374221774,3.1283733100726865,2.8389797665726233,2.5533219722914025,714.215281527381,940.7583451406346,1235.20593531135,788.1682790280903,638.2325822636951,765.9819289070031,0.006078,0.004056,0.00276,0.003969,0.004448,0.003333
IND,IND.28_1,SUNF,0.03108827111065509,0.02756376044834669,0.023779376057093935,0.02012353862833729,0.01845153744145691,0.015510863689629163,48.20661234436469,60.704839309151865,78.70884827963114,52.39767005213381,42.17450038232064,50.25860107942397,6.449e-4,4.541e-4,3.021e-4,3.841e-4,4.375e-4,3.086e-4
IND,IND.29_1,SUNF,0,0,0,0,0,0,0.43116044105391005,0.5099959552370017,0.6489598668829134,0.4592005891418047,0.3665477055844419,0.43249871867451983,0,0,0,0,0,0
IND,IND.2_1,SUNF,11.52047047431764,7.956213300181452,4.860254816626709,2.5110441220029536,1.0972196173125428,0.6655060493980595,437.7624093082974,576.6169534554584,757.0920704432948,483.09025820596884,391.1904997514396,469.4916271853692,0.02632,0.0138,0.00642,0.005198,0.002805,0.001418
IND,IND.31_1,SUNF,0.04628883856183537,0.03938609060106495,0.03293772769537569,0.02712932105434732,0.021862772796397516,0.0166676775768671,102.85076516163764,135.47416042819697,177.8761654431196,113.5003866072592,91.90885596360953,110.30543524579029,4.501e-4,2.907e-4,1.852e-4,2.39e-4,2.379e-4,1.511e-4
IND,IND.32_1,SUNF,1.2050450014815008,1.0363765407857508,0.8732260201954988,0.7266324430952199,0.5735877537112787,0.42572274416929173,187.9946339212896,247.62494625555223,325.12898230021847,207.46042673210178,167.99458617394882,201.62057021132887,0.00641,0.004185,0.002686,0.003503,0.003414,0.002112
IND,IND.34_1,SUNF,0.05743593171702189,0.04531037025688777,0.037953398657358535,0.0312240909908609,0.024961613274451035,0.019678989245853647,19.880687273358788,26.18667360287568,34.382830433991714,21.93922123960902,17.765655123645402,21.32164849942442,0.002889,0.00173,0.001104,0.001423,0.001405,9.23e-4
IND,IND.35_1,SUNF,0.025604811000208796,0.030954599362633794,0.03115912210491299,0.03659940991041733,0.037287829134161433,0.035353841025563375,2.451885672650877,3.229603128827258,4.240435361571185,2.70576471964327,2.1910387032391347,2.6295994577155555,0.01044,0.009585,0.007348,0.01353,0.01702,0.01344
IND,IND.36_1,SUNF,0.016314055562354973,0.010398747235081645,0.006004411054827755,0.0028337754047852146,7.374103415807671e-4,2.524585803070774e-5,0.23005877501601027,0.3030314781368145,0.3978771831408093,0.25388007435504295,0.20558368022718038,0.246733539321491,0.07091,0.03432,0.01509,0.01116,0.003587,1.023e-4
IND,IND.3_1,SUNF,8.82490051831875,8.401900774723352,7.763693094714932,6.996288831608517,6.1778398290918775,5.278461280516944,116.65584016527784,153.60414887232704,201.63741347210643,128.71682225519177,104.25386821143795,125.09448276936085,0.07565,0.0547,0.0385,0.05435,0.05926,0.0422
IND,IND.4_1,SUNF,2.9616628281362356,2.87228528823094,2.733167335054497,2.542103320750349,2.306574372359759,2.054729820491055,54.89559722342162,72.28558841478034,94.9045265798407,60.56377635133996,49.03878728454461,58.85584249319836,0.05395,0.03974,0.0288,0.04197,0.04704,0.03491
IND,IND.5_1,SUNF,0.04747380277937534,0.03783797128145692,0.029976510906790106,0.022905375209131402,0.01655047203080444,0.012313633793381637,173.64259680775692,228.72056401459852,300.3077247817111,191.622316452342,155.16940874547734,186.22829094161233,2.734e-4,1.654e-4,9.982e-5,1.195e-4,1.067e-4,6.612e-5
IND,IND.6_1,SUNF,0,0,0,0,1.3106873160479383e-5,1.2434725818916335e-5,0.17150420115956075,0.22590388730201008,0.2966094575155065,0.18926250189570637,0.15325850903253502,0.1839349034074381,0,0,0,0,8.552e-5,6.76e-5
IND,IND.7_1,SUNF,0.358582160254947,0.303946737494097,0.25083506763717184,0.19867365073389784,0.1484213281361567,0.10015937435490088,6.590440583373472,8.680872752684746,11.397895754191621,7.272843842721972,5.889308196804032,7.068118704494388,0.05441,0.03501,0.02201,0.02732,0.0252,0.01417
IRN,IRN.11_1,SUNF,0,0,0,3.2819075369553215e-5,3.113604586342228e-5,2.9453016357291343e-5,0.14502209419368242,0.14502209419368242,0.14502209419368242,0.14502209419368242,0.14502209419368242,0.14502209419368242,0,0,0,2.263e-4,2.147e-4,2.031e-4
IRN,IRN.13_1,SUNF,0,0,0,0,0,0,0.48686369676619934,0.48686369676619934,0.48686369676619934,0.48686369676619934,0.48686369676619934,0.48686369676619934,0,0,0,0,0,0
IRN,IRN.14_1,SUNF,1.6952028435235022e-4,1.238674845397653e-4,8.855957091573171e-5,6.209155036974453e-5,4.3015113899823635e-5,2.3938677429902718e-5,2.9608849459623485,2.9608849459623485,2.9608849459623485,2.9608849459623485,2.9608849459623485,2.9608849459623485,5.725e-5,4.183e-5,2.991e-5,2.097e-5,1.453e-5,8.085e-6
IRN,IRN.15_1,SUNF,8.378641967414646e-4,4.8234597157185104e-4,3.6863753754770513e-4,2.791077049534571e-4,1.9846494378640385e-4,1.3319352155116303e-4,0.004092230268639684,0.004092230268639684,0.004092230268639684,0.004092230268639684,0.004092230268639684,0.004092230268639684,0.2047,0.1179,0.09008,0.0682,0.0485,0.03255
IRN,IRN.16_1,SUNF,0,0,0,0,0,0,0.24257185253704727,0.24257185253704727,0.24257185253704727,0.24257185253704727,0.24257185253704727,0.24257185253704727,0,0,0,0,0,0
IRN,IRN.17_1,SUNF,2.442512973870946e-5,2.0779159329257794e-5,1.7133188919806123e-5,1.3487218510354455e-5,9.841248100902786e-6,6.195277691451117e-6,0.01504861834964602,0.01504861834964602,0.01504861834964602,0.01504861834964602,0.01504861834964602,0.01504861834964602,0.001623,0.001381,0.001139,8.962e-4,6.54e-4,4.117e-4
IRN,IRN.19_1,SUNF,0,0,0,0,0,0,0.01722931732638713,0.01722931732638713,0.01722931732638713,0.01722931732638713,0.01722931732638713,0.01722931732638713,0,0,0,0,0,0
IRN,IRN.1_1,SUNF,7.885705871598936e-6,0,0,0,0,0,4.470641255708254,4.470641255708254,4.470641255708254,4.470641255708254,4.470641255708254,4.470641255708254,1.764e-6,0,0,0,0,0
IRN,IRN.20_1,SUNF,9.533430979846323e-4,8.180067286937246e-4,6.826703594028168e-4,5.47333990111909e-4,4.1199762082100126e-4,2.766612515300935e-4,0.012927943310141876,0.012927943310141876,0.012927943310141876,0.012927943310141876,0.012927943310141876,0.012927943310141876,0.07374,0.06327,0.05281,0.04234,0.03187,0.0214
IRN,IRN.22_1,SUNF,0,0,0,0,0,0,0.0014371008958291476,0.0014371008958291476,0.0014371008958291476,0.0014371008958291476,0.0014371008958291476,0.0014371008958291476,0,0,0,0,0,0
IRN,IRN.24_1,SUNF,1.7597144765446702e-4,6.203141963476039e-5,1.0394194979117776e-5,0,0,0,0.3721212964457897,0.3721212964457897,0.3721212964457897,0.3721212964457897,0.3721212964457897,0.3721212964457897,4.729e-4,1.667e-4,2.793e-5,0,0,0
IRN,IRN.26_1,SUNF,0,0,0,0,0,0,0.06455372165849915,0.06455372165849915,0.06455372165849915,0.06455372165849915,0.06455372165849915,0.06455372165849915,0,0,0,0,0,0
IRN,IRN.28_1,SUNF,0,0,0,0,0,0,6.505128978503125,6.505128978503125,6.505128978503125,6.505128978503125,6.505128978503125,6.505128978503125,0,0,0,0,0,0
IRN,IRN.29_1,SUNF,0.004432713192217299,0.003991588239667016,0.0035758651681240886,0.003342282656575435,0.0031026251326141466,0.0027613838090137766,19.528733643358102,19.528733643358102,19.528733643358102,19.528733643358102,19.528733643358102,19.528733643358102,2.27e-4,2.044e-4,1.831e-4,1.711e-4,1.589e-4,1.414e-4
IRN,IRN.2_1,SUNF,0.09194611297004104,0.05345922288685479,0.017744992831543484,4.0690466779555646e-4,3.2526340755862756e-5,7.533333170290545e-6,0.6941940962267524,0.6942704336924516,0.6944570998339701,0.6944484622797803,0.694518353737746,0.6944744982666273,0.1325,0.077,0.02555,5.859e-4,4.683e-5,1.085e-5
IRN,IRN.31_1,SUNF,0,0,0,0,9.722413542085224e-7,9.2238282322347e-7,0.11785963780061184,0.11785963780061184,0.11785963780061184,0.11785963780061184,0.11785963780061184,0.11785963780061184,0,0,0,0,8.249e-6,7.826e-6
IRN,IRN.5_1,SUNF,0,0,0,3.630139152825492e-5,2.918542133177883e-4,2.7679186341318576e-4,9.4197998488474,9.4197998488474,9.4197998488474,9.4197998488474,9.4197998488474,9.4197998488474,0,0,0,3.854e-6,3.098e-5,2.938e-5
IRN,IRN.6_1,SUNF,0,0,0,0,0,0,1.481529555713434,1.481529555713434,1.481529555713434,1.481529555713434,1.481529555713434,1.481529555713434,0,0,0,0,0,0
IRN,IRN.7_1,SUNF,1.8366978626862537e-5,1.5694195266831583e-5,1.302141190680063e-5,2.4764127196810338e-5,2.1352087495751656e-5,1.794004779469298e-5,0.0107537328983847,0.0107537328983847,0.0107537328983847,0.0107537328983847,0.0107537328983847,0.0107537328983847,0.001708,0.001459,0.001211,0.002303,0.001986,0.001668
IRN,IRN.8_1,SUNF,0.07826251159413145,0.06878017927718609,0.05929784696024073,0.04981551464329537,0.040333182326350026,0.030850850009404674,0.006994172351152509,0.007365112161475803,0.008272162225223041,0.008230190531724257,0.008569807833969543,0.008356704870838947,11.19,9.339,7.168,6.053,4.706,3.692
IRN,IRN.9_1,SUNF,0.09999853388076113,0.06191869279182276,0.04138015233939365,0.029740392392398344,0.02249672863091606,0.017488320055581826,11.324197309790458,11.324197309790458,11.324197309790458,11.324197309790458,11.324197309790458,11.324197309790458,0.008831,0.005468,0.003654,0.002626,0.001987,0.001544
IRQ,IRQ.12_1,SUNF,0,0,0,0,0,0,1.5436509643925511,1.5431045239461032,1.542680016491838,1.5424150756693178,1.5425084070954327,1.5425542870180962,0,0,0,0,0,0
IRQ,IRQ.13_1,SUNF,7.97294111165413e-5,6.112119342114897e-5,4.418033362333044e-5,3.284168038485221e-5,2.5768275623680026e-5,1.9262945971328735e-5,0.011737131961362678,0.007273455793762204,0.003805806539593241,0.00164159991287786,0.0024039908836525964,0.002778767528931183,0.006793,0.008403,0.01161,0.02001,0.01072,0.006932
IRQ,IRQ.16_1,SUNF,3.3460158444183094e-4,5.213919628136285e-5,1.2136402379478972e-5,1.006015650925154e-6,3.729306640657443e-7,3.23206575523645e-7,0.3248183824228867,0.20128870948469088,0.10532350902030742,0.04543033426239431,0.06652906627938641,0.07690079457638455,0.00103,2.59e-4,1.152e-4,2.214e-5,5.606e-6,4.203e-6
IRQ,IRQ.17_1,SUNF,3.687277625045604e-5,2.4362453659482367e-5,1.3160213292440446e-5,6.119699610282403e-6,2.039899870094134e-6,0,0.4210095952435322,0.2608980362352533,0.13651384989824328,0.058884003106350495,0.08623088095349454,0.09967407680874056,8.758e-5,9.338e-5,9.64e-5,1.039e-4,2.366e-5,0
IRQ,IRQ.18_1,SUNF,0,0,0,0,0,0,0.029190483363038828,0.018089230915911435,0.009465117444589331,0.004082692015679082,0.005978773700863374,0.006910850758944772,0,0,0,0,0,0
IRQ,IRQ.1_1,SUNF,0,0,0,0,0,0,0.23691138640358336,0.14681308020714465,0.0768193547322253,0.03313532748546713,0.048524018901938755,0.056088801756635866,0,0,0,0,0,0
IRQ,IRQ.5_1,SUNF,0,0,0,0,0,0,0.0014355334717365796,8.89594602967194e-4,4.6547680408849803e-4,2.0077917074576559e-4,2.9402492794604627e-4,3.398627374291132e-4,0,0,0,0,0,0
ISR,ISR.1_1,SUNF,0.0011173391901333578,0.001031368516239507,9.175643276730236e-4,8.037601391065403e-4,6.899559505400571e-4,5.761517619735737e-4,2.716026020799959,1.122028975843391,1.8873447121399822,2.576862322327921,2.354845852629881,2.3705598552071008,4.114e-4,9.192e-4,4.862e-4,3.119e-4,2.93e-4,2.43e-4
ISR,ISR.2_1,SUNF,0.00524845136469213,0.003664116462930134,0.002556460859486097,0.001690462522127125,0.0010995406635964473,8.138675594269129e-4,98.3726265803261,31.479240505704354,39.34905063213044,31.479240505704354,55.088670884982626,42.29498288945597,5.335e-5,1.164e-4,6.497e-5,5.37e-5,1.996e-5,1.924e-5
ISR,ISR.3_1,SUNF,0.009099390076938437,0.005077304995401313,0.0032793438344003354,0.00251834327422651,0.0017183901797478845,0.0012096217381381484,70.77231736444008,22.64714155662083,28.308926945776037,22.64714155662083,39.632497724086456,30.428321943116487,1.286e-4,2.242e-4,1.158e-4,1.112e-4,4.336e-5,3.975e-5
ISR,ISR.4_1,SUNF,0.021611023613720803,0.01738559302217457,0.014414431862122181,0.01192478240622228,0.009692268472635487,0.007733210828590318,153.73415249713995,49.19492879908478,61.49366099885598,49.19492879908478,86.09112539839838,66.09748641897038,1.406e-4,3.534e-4,2.344e-4,2.424e-4,1.126e-4,1.17e-4
ISR,ISR.5_1,SUNF,0.012340189859387219,0.007558279065189125,0.004946851738009065,0.00355055099763563,0.002325038808687036,0.0017716643025669496,124.109802847977,39.765101162452744,49.802157516991066,40.05252493485555,69.66623315800948,53.59822957615068,9.943e-5,1.901e-4,9.933e-5,8.865e-5,3.337e-5,3.305e-5
ISR,ISR.6_1,SUNF,0.01041869036429135,0.00768423507114217,0.005368343499165519,0.003576900936487497,0.002591789255130536,0.0022193236275745713,48.83254176071004,15.626413363427215,19.53301670428402,15.626413363427215,27.346223385997625,20.995388554878097,2.134e-4,4.917e-4,2.748e-4,2.289e-4,9.478e-5,1.057e-4
ISR,ISR.7_1,SUNF,2.359682273464107e-4,1.7000814338055998e-4,1.0404805941470932e-4,1.5519835015293058e-4,1.2866515449388432e-4,1.0728577136551764e-4,1.2633628679021869,0.40427611772869987,0.5053451471608748,0.40427611772869987,0.7074832060252247,0.543178653844986,1.868e-4,4.205e-4,2.059e-4,3.839e-4,1.819e-4,1.975e-4
ITA,ITA.10_1,SUNF,1.7833882941232184,1.8076632663611338,1.7752287889023235,1.6777104399266316,1.546949569269774,1.4083669714344729,835.10781522826,786.4293951595993,740.8421104614313,855.8267766304817,801.1331742192405,814.4852406251957,0.002136,0.002299,0.002396,0.00196,0.001931,0.001729
ITA,ITA.11_1,SUNF,1.4387933240357866,1.2524559998051774,1.0811883025655342,0.9287763106607919,0.7659096564377735,0.6063095053822304,3679.587921764167,3465.1048056095797,3264.2416127348315,3770.878218342549,3529.8914676974637,3588.722317298024,3.91e-4,3.614e-4,3.312e-4,2.463e-4,2.17e-4,1.689e-4
ITA,ITA.12_1,SUNF,0.9418658448590383,0.8141647215243043,0.6895659132612199,0.5673666666015258,0.4486573562676008,0.3339464329823579,238.17655074242052,224.2932437296904,211.29154259705925,244.08569285767862,228.48682845664777,232.29489858108425,0.003954,0.00363,0.003264,0.002324,0.001964,0.001438
ITA,ITA.13_1,SUNF,1.9877723291891207,1.9468958263904887,1.8473325226255977,1.703540976571891,1.5355015577736844,1.370971873224002,1900.033612619635,1789.2806862871314,1685.560697496337,1947.1733020883896,1822.7346594585053,1853.1132219705928,0.001046,0.001088,0.001096,8.749e-4,8.424e-4,7.398e-4
ITA,ITA.16_1,SUNF,1.0003439015572302,0.8499467053349704,0.7226227851200723,0.6102674488409244,0.4933376142647016,0.4104602784020609,1651.8526094695815,1555.566149507169,1465.393989919944,1692.8349471194872,1584.6503891296825,1611.0609259876808,6.056e-4,0.00054640000000000005,4.931e-4,3.605e-4,3.113e-4,2.548e-4
ITA,ITA.17_1,SUNF,1.442238713233407e-4,1.342773974389724e-4,1.2433092355460405e-4,1.1438444967023572e-4,1.044379757858674e-4,9.449150190149908e-5,0.020791891046421505,0.01957993207786259,0.018444933890487906,0.02130773628246718,0.019946015793765967,0.020278445576956686,0.006937,0.006858,0.006741,0.005368,0.005236,0.00466
ITA,ITA.18_1,SUNF,2.160807121793155,1.832191246782269,1.5650198613404231,1.3231100811733065,1.3347356571710596,1.204753303118599,1645.3258877547107,1549.419870287883,1459.603994662484,1686.1462979350997,1578.3891936417072,1604.695378438617,0.001313,0.001183,0.001072,7.847e-4,8.456e-4,7.508e-4
ITA,ITA.1_1,SUNF,0.3815185681570745,0.3281786103259397,0.27716559040420374,0.22748633321146217,0.18047897624998183,0.1353053738191075,1050.5680474620397,989.3304541926104,931.9815181616862,1076.6325608444513,1007.8278507865799,1024.6247889518081,3.632e-4,3.317e-4,2.974e-4,2.113e-4,1.791e-4,1.321e-4
ITA,ITA.20_1,SUNF,0.4302832723002687,0.48706575752506043,0.4876505334390171,0.45781755809928365,0.4229481634826043,0.3863895800026083,895.7081429150364,843.4973307963395,794.6019649849511,917.9305938396992,859.2681024202936,873.5890731817606,4.804e-4,5.774e-4,6.137e-4,4.987e-4,4.922e-4,4.423e-4
ITA,ITA.2_1,SUNF,0.3712638138385829,0.3615961260211644,0.3793261481618364,0.35522729294223926,0.3476585537219,0.3411989617382196,204.78955892042646,192.85237908206093,181.67322382153213,209.87037230700767,196.4581176144734,199.7323820149382,0.001813,0.001875,0.002088,0.001693,0.00177,0.001708
ITA,ITA.3_1,SUNF,0.061068164003957925,0.05215100074245947,0.04325041895764262,0.0344363727403532,0.025609925414497695,0.021194881557051022,11.408764929799732,10.743748219872764,10.120960831914841,11.691815520294963,10.944622832482281,11.127031120579769,0.005353,0.004854,0.004273,0.002945,0.00234,0.001905
ITA,ITA.4_1,SUNF,0.014951790068226018,0.015254260858088627,0.014546567806250448,0.013784219959146226,0.012583025744978046,0.01134909600393963,38.55518351366072,36.30780253520671,34.203132820258645,39.51173468526815,36.98664530215392,37.603082319244315,3.878e-4,4.201e-4,4.253e-4,3.489e-4,3.402e-4,3.018e-4
ITA,ITA.5_1,SUNF,0.569995455042928,0.492965613630391,0.4162708153155919,0.33946608064209816,0.26404021581124854,0.18684192379955705,39.50681912735374,37.20396732547918,35.04734924786553,40.48698030618364,37.899565581422976,38.531217761964854,0.01443,0.01325,0.01188,0.008385,0.006967,0.004849
ITA,ITA.6_1,SUNF,1.1692816303291111,1.1702622790546933,1.1433098187682607,1.132965477507779,1.0470821330960738,0.9845148980529407,2726.1625840219976,2567.2546142717492,2418.4374824175407,2793.7984704603186,2615.2542756150733,2658.8413468788517,4.289e-4,4.558e-4,4.727e-4,4.055e-4,4.004e-4,3.703e-4
ITA,ITA.7_1,SUNF,8.70262063743908,9.330482185854178,9.23248239609047,8.673993995227283,8.064293716353044,7.398524896297459,1321.1128922052876,1244.111008519886,1171.9971501763978,1353.8945711878666,1267.3732500770589,1288.4949310789636,0.006587,0.0075,0.007878,0.006407,0.006363,0.005742
ITA,ITA.8_1,SUNF,0.3228518048424533,0.28890950788549796,0.2527748663190339,0.21623467196985346,0.18140392671404237,0.1446749417806736,263.8236295133019,248.44535472374437,234.0436179786038,270.3690737029076,253.09050866475485,257.3086354221472,0.001224,0.001163,0.00108,7.998e-4,7.168e-4,5.623e-4
ITA,ITA.9_1,SUNF,0.0037228657700112567,0.003710119684408183,0.00343096377302146,0.003121803984416937,0.002860211279809124,0.0025486121535637507,0.00990958129146964,0.009331951969824687,0.008791002771007299,0.010155437249881452,0.00950643039192339,0.009664869080971882,0.3757,0.3976,0.3903,0.3074,0.3009,0.2637
JOR,JOR.5_1,SUNF,0,0,0,0,0,0,0.46899238559064216,0.1500775633890055,0.18759695423625686,0.1500775633890055,0.2626357359307596,0.20164171287674476,0,0,0,0,0,0
KAZ,KAZ.10_1,SUNF,0.3473914591358233,0.3177538851494791,0.287988329029301,0.2533515790735794,0.21443616112518957,0.1789515463880501,183.168057366264,223.77464983815125,282.49120824135986,268.1502198564438,396.60411916084195,357.4699138543723,0.001897,0.00142,0.001019,9.448e-4,5.407e-4,5.006e-4
KAZ,KAZ.11_1,SUNF,0.026076320969564616,0.020365961917697673,0.014725682759868406,0.009950647172009715,0.006595526862399858,0.0037950782610682633,0.19958725123200927,0.24391285953088418,0.3083543455250914,0.2923027723466161,0.43366264064512583,0.39063130275027924,0.1307,0.0835,0.04776,0.03404,0.01521,0.009715
KAZ,KAZ.12_1,SUNF,0.22884422199419718,0.1577486290012024,0.10259787137564537,0.06264369090370123,0.04075293520113543,0.028952007192335115,14.483060916398173,17.525860119152146,21.918055121160773,20.404949813380295,29.67635685247979,26.921348660947658,0.0158,0.009001,0.004681,0.00307,0.001373,0.001075
KAZ,KAZ.13_1,SUNF,0.8176238595892027,0.7073891197924688,0.5989209311451533,0.4913318687553778,0.38450226571782903,0.27822756822400246,101.85009751279352,123.82810734378874,152.96653775824825,148.2252901209407,209.06898671392435,190.268348230774,0.008028,0.005713,0.003915,0.003315,0.001839,0.001462
KAZ,KAZ.14_1,SUNF,0.05004914969268283,0.03054073110664339,0.021564252758667295,0.01580940306570971,0.010855426173598309,0.007328576495056738,23.161003094058884,27.994555253725405,35.10649541347016,33.2457218641806,49.08940650899715,44.307063338536274,0.002161,0.001091,6.143e-4,4.755e-4,2.211e-4,1.654e-4
KAZ,KAZ.1_1,SUNF,0.4926907734066407,0.31946791644694217,0.21835145400929004,0.13747670249620855,0.08005151002447272,0.051389585840388795,46.40940490812675,56.71630121860409,71.70068022039729,67.96825766107094,100.83822969149323,90.83228606647238,0.01062,0.005633,0.003045,0.002023,7.939e-4,5.658e-4
KAZ,KAZ.2_1,SUNF,0.021536079352046756,0.016405295251586644,0.01254319328851673,0.009805276011875913,0.007502078313551965,0.005697059078999261,4.538439659784141,5.546365253257158,7.011708324852254,6.646709579364063,9.861109440215142,8.88261442457647,0.004745,0.002958,0.001789,0.001475,7.608e-4,6.414e-4
KAZ,KAZ.3_1,SUNF,0.031694520187544185,0.02728394918808368,0.02302321268665281,0.018781464863150018,0.01494714305298623,0.01153074402292467,12.277266683368147,15.003880285332151,18.967887525973637,17.980502593402676,26.676011904311338,24.029013121493147,0.002582,0.001818,0.001214,0.001045,5.603e-4,4.799e-4
KAZ,KAZ.5_1,SUNF,10.209354641142005,8.395737497661171,6.942314484962485,5.364374133629157,3.8594173850877325,2.3961427173865277,1706.301693078359,2085.248043710641,2636.168084833822,2498.9407503125126,3707.447712165984,3339.5662755903995,0.005983,0.004026,0.002633,0.002147,0.001041,7.175e-4
KAZ,KAZ.7_1,SUNF,0.7793345662519214,0.6712161732151855,0.5798388075922026,0.4922409002870045,0.4007354303462071,0.3231817593784108,148.9974705441611,181.92926335074935,229.11093988871846,217.9804571182907,320.7191531279976,289.37548726502865,0.005231,0.003689,0.002531,0.002258,0.001249,0.001117
KAZ,KAZ.8_1,SUNF,3.3627697837681603,2.562511571974842,1.9077789051815042,1.3754323852706,1.0170794908336844,0.6861197992906175,189.69974022861558,231.8174096486475,292.9960645398858,277.8045259121776,411.94920326188327,371.1089926295431,0.01773,0.01105,0.006511,0.004951,0.002469,0.001849
KEN,KEN.10_1,SUNF,0.007839387431649206,0.007148805566175318,0.006538699614969244,0.005937865335918601,0.00534847905764061,0.00478967843372638,0.3878918623216253,0.4013084575922287,0.4237297161662952,0.42969264739767454,0.43863704424474353,0.43088289918075295,0.02021,0.01781,0.01543,0.01382,0.01219,0.01112
KEN,KEN.11_1,SUNF,0.6975133213811855,0.44831759209928834,0.26608146197391314,0.13316523321402518,0.05135110634348261,0.018217253925972073,64.13207983672557,64.13207983672557,76.95849580407068,76.95849580407068,76.95849580407068,76.77892598052786,0.01088,0.006991,0.003457,0.00173,6.673e-4,2.373e-4
KEN,KEN.12_1,SUNF,0.2574289471805588,0.2401060231383575,0.22132377847964152,0.2027101611126931,0.18612075610627551,0.167334878567141,12.500444805801449,12.500444805801449,15.000533766961738,15.000533766961738,15.000533766961738,14.965532521505494,0.02059,0.01921,0.01475,0.01351,0.01241,0.01118
KEN,KEN.13_1,SUNF,0.14069070217456597,0.12196146916273547,0.10387904003942044,0.08747674410228902,0.07092152135788385,0.05200398883331997,0.3744064839027253,0.3744064839027253,0.44928778068327035,0.44928778068327035,0.44928778068327035,0.44823944252834275,0.3758,0.3257,0.2312,0.1947,0.1579,0.116
KEN,KEN.14_1,SUNF,1.62410126838318,1.1977470357145783,0.8152405822595528,0.5048753320374001,0.3018996901714149,0.19417751596990737,25.465728097808384,25.465728097808384,30.558873717370062,30.558873717370062,30.558873717370062,30.4875696786962,0.06378,0.04703,0.02668,0.01652,0.009879,0.006369
KEN,KEN.15_1,SUNF,0.011675959018904364,0.011583068383495284,0.01085409720918636,0.010019011901400766,0.009280020821025806,0.008543960225806162,0.599905281976038,0.599905281976038,0.7198863383712455,0.7198863383712455,0.7198863383712455,0.7182066035817127,0.01946,0.01931,0.01508,0.01392,0.01289,0.0119
KEN,KEN.16_1,SUNF,0.035804587288912615,0.020241583310729176,0.01569029268983723,0.011783701249443689,0.008438443812044963,0.005872483284702474,15.663212289585031,15.663212289585031,18.795854747502037,18.795854747502037,18.795854747502037,18.7519977530912,0.002286,0.001292,8.348e-4,6.269e-4,4.49e-4,3.132e-4
KEN,KEN.17_1,SUNF,0.16618443183293838,0.12424460673253822,0.09029529223101715,0.06487865069654024,0.04563912015678996,0.032750158688118806,5.583552058443781,5.583552058443781,6.700262470132539,6.700262470132539,6.700262470132539,6.684628524368896,0.029760000000000002,0.02225,0.01348,0.009683,0.006812,0.004899
KEN,KEN.18_1,SUNF,0.18199621562902224,0.1305655353179803,0.08480948420403303,0.0468329466713684,0.016070063936871756,0.0015098216699769213,10.477706940941783,10.477706940941783,12.57324832913014,12.57324832913014,12.57324832913014,12.543910749695502,0.01737,0.01246,0.006745,0.003725,0.001278,1.204e-4
KEN,KEN.19_1,SUNF,5.259550081151657,4.5000078165051445,3.7679662111583268,3.0649546325933,2.3856964989271234,1.7223660119798736,63.72717148150716,64.46382238950711,74.18080295291985,74.50820335647539,74.99930396180869,74.45475238038449,0.08253,0.06981,0.05079,0.04114,0.03181,0.02313
KEN,KEN.1_1,SUNF,2.313464185796302,2.17128726934099,2.0309634644979546,1.9567433115626622,1.8052049965401622,1.6470745702091367,23.479234563328827,23.479234563328827,28.175081475994592,28.175081475994592,28.175081475994592,28.109339619217273,0.09853,0.09248,0.07208,0.06945,0.06407,0.0586
KEN,KEN.20_1,SUNF,4.259979456443243,3.9302281047600944,3.642897769467583,3.3154632295369098,2.9729244027816915,2.6647784872139404,117.67101176869346,117.67101176869346,141.20521412243215,141.20521412243215,141.20521412243215,140.87573528947982,0.0362,0.0334,0.0258,0.02348,0.02105,0.01892
KEN,KEN.22_1,SUNF,0.013737412532491493,0.010284077511861438,0.00812623023225939,0.006825438697026377,0.005349978809624991,0.004210420367133886,6.660465794436347,6.660465794436347,7.992558953323616,7.992558953323616,7.992558953323616,7.973909649099196,0.002063,0.001544,0.001017,8.54e-4,6.694e-4,5.28e-4
KEN,KEN.23_1,SUNF,0.09278743045004259,0.06804941555324487,0.04744991859034052,0.030452505444655994,0.017495768987537397,0.009720742620785587,13.445348153038632,13.445348153038632,16.134417783646356,16.134417783646356,16.134417783646356,16.09677080881785,0.006901,0.005061,0.002941,0.001887,0.001084,6.039e-4
KEN,KEN.24_1,SUNF,0,1.5220338491350636e-5,1.4439808312307011e-5,2.106053581979999e-5,1.990045396452372e-5,1.8740372109247454e-5,0.09773419063796038,0.09773419063796038,0.11728102876555245,0.11728102876555245,0.11728102876555245,0.11700737303176617,0,1.557e-4,1.231e-4,1.796e-4,1.697e-4,1.602e-4
KEN,KEN.25_1,SUNF,5.5438403115341e-4,5.18665770124933e-4,4.8294750909645587e-4,4.4722924806797875e-4,4.115109870395017e-4,3.757927260110246e-4,0.05995572323641976,0.07031775513477066,0.07200665174473875,0.08599153909740875,0.08778284501920047,0.0857729062641653,0.009247,0.007376,0.006707,0.005201,0.004688,0.004381
KEN,KEN.26_1,SUNF,0.01051728479373158,0.009489194956847795,0.008767147611764154,0.0083129625143971,0.008065596606843426,0.007339935919508914,7.34488487375107,7.34488487375107,8.813861848501285,8.813861848501285,8.813861848501285,8.79329617085478,0.001432,0.001292,9.947e-4,9.432e-4,9.151e-4,8.347e-4
KEN,KEN.27_1,SUNF,0.26333032536502493,0.18372971695605583,0.13324118960050232,0.1071845110855919,0.08808212489012794,0.07216587538442294,270.40124231967854,270.933606010837,322.825248188899,323.0618542738584,323.4167634012973,322.3950551682965,9.739e-4,6.781e-4,4.127e-4,3.318e-4,2.723e-4,2.238e-4
KEN,KEN.28_1,SUNF,0.03321757296463409,0.028576079992148937,0.023938869176307304,0.019297156606045567,0.01465965171187336,0.010017723363350618,0.41286981055818867,0.41286981055818867,0.4954437726698265,0.4954437726698265,0.4954437726698265,0.49428773720026353,0.08046,0.06921,0.04832,0.03895,0.02959,0.02027
KEN,KEN.29_1,SUNF,0.09772384792470376,0.08304484569713141,0.06891869036872696,0.0550037593108744,0.04124911900254182,0.027512492881391425,0.8585869466963301,0.8585869466963301,1.0303043360355961,1.0303043360355961,1.0303043360355961,1.0279002925848466,0.1138,0.09672,0.06689,0.05339,0.04004,0.02677
KEN,KEN.2_1,SUNF,0.10651870878706177,0.09871971460531821,0.09091017296015287,0.08350947308986541,0.07713355538758143,0.06951784846796749,9.309518379031164,9.309518379031164,11.171422054837397,11.171422054837397,11.171422054837397,11.14535540337611,0.01144,0.0106,0.008138,0.007475,0.006905,0.006237
KEN,KEN.31_1,SUNF,1.5736766842036394,1.518144715544555,1.4480880636570381,1.396812760031542,1.3044361780109497,1.2016048806531034,110.25266111811591,110.25266111811591,132.30319334173907,132.30319334173907,132.30319334173907,131.99448589060836,0.01427,0.01377,0.01095,0.01056,0.009859,0.009103
KEN,KEN.32_1,SUNF,0.03659125456750279,0.02157958650045215,0.012145216965377105,0.005495113065326559,0.0018569074389659663,4.820985652201942e-4,3.450732588048055,3.450732588048055,4.140879105657667,4.140879105657667,4.140879105657667,4.131217054411132,0.0106,0.006254,0.002933,0.001327,4.484e-4,1.167e-4
KEN,KEN.33_1,SUNF,2.1702607269043543,2.1629329736436826,2.0743775695335827,2.111990804393112,2.0374335283816376,1.9328148194775763,248.72436369667153,250.5832735667667,292.6859612845986,293.5121434490854,294.75141669581546,293.1311102720275,0.008726,0.008632,0.007087,0.007196,0.006912,0.006594
KEN,KEN.34_1,SUNF,0.018851426511826648,0.00975382274039077,0.005021171730670947,0.002423038909646946,7.115304148409021e-4,0,50.88533980044464,50.88533980044464,61.06240776053357,61.06240776053357,61.06240776053357,60.919928809092326,3.705e-4,1.917e-4,8.223e-5,3.968e-5,1.165e-5,0
KEN,KEN.35_1,SUNF,0.08886868662205748,0.08314063878786346,0.08004477327012575,0.07710627453521535,0.07583633912337825,0.06945245408235909,5.053487683200822,5.053487683200822,6.064185219840986,6.064185219840986,6.064185219840986,6.0500354543280235,0.01759,0.01645,0.0132,0.01272,0.01251,0.01148
KEN,KEN.36_1,SUNF,0.6607569779463445,0.6249051764225462,0.595553628325566,0.5787703846027972,0.5507687951706719,0.5043479227746382,66.68066097759723,66.68066097759723,80.01679317311667,80.01679317311667,80.01679317311667,79.83008732237941,0.009909,0.009372,0.007443,0.007233,0.006883,0.006318
KEN,KEN.37_1,SUNF,0.008791289477487476,0.008166767854319256,0.017231881653035457,0.020084821011974858,0.01938706610845732,0.018241069345491037,0.4763127397877607,0.4763127397877607,0.5715752877453129,0.5715752877453129,0.5715752877453129,0.5702416120739071,0.01846,0.01715,0.03015,0.03514,0.03392,0.03199
KEN,KEN.38_1,SUNF,0.4693443675210374,0.3885233569408635,0.3184390700113377,0.25748276143130505,0.20693751444441225,0.17377614858133664,253.76467878037846,253.76467878037846,304.5176145364541,304.5176145364541,304.5176145364541,303.8070734358691,0.00185,0.001531,0.001046,8.455e-4,6.796e-4,5.72e-4
KEN,KEN.39_1,SUNF,0.7649243250885297,0.6637495160548045,0.5695005577559106,0.4781587858515322,0.38941661672813555,0.3024041254884824,9.505913217506608,9.721948518034992,10.734986037141844,10.831001726265571,10.975025259951162,10.841039158579534,0.08047,0.06827,0.05305,0.04415,0.03548,0.02789
KEN,KEN.3_1,SUNF,1.6545823212269857,1.245957592976783,0.9323083204503342,0.7395227783749425,0.6291245832698245,0.5436349352152734,568.9887417728847,569.1573798640209,682.2355286927225,682.8095912358366,680.6727387111664,679.76365219097,0.002908,0.002189,0.001367,0.001083,9.243e-4,7.997e-4
KEN,KEN.41_1,SUNF,0.014830581088895454,0.012182630033321566,0.00975977437659427,0.007801108329565722,0.0061939349789302016,0.005158634913011705,4.579614049823477,4.579614049823477,5.495536859788173,5.495536859788173,5.495536859788173,5.482713940448667,0.003238,0.00266,0.001776,0.00142,0.001127,9.409e-4
KEN,KEN.42_1,SUNF,0.02414677855204524,0.01857408694999334,0.014127439262253513,0.010996366515750186,0.00907311899838671,0.007733088489836435,7.951304741520233,7.951304741520233,9.54156568982428,9.54156568982428,9.54156568982428,9.519302036548023,0.003037,0.002336,0.001481,0.001152,9.509e-4,8.124e-4
KEN,KEN.43_1,SUNF,4.3026769682028004e-4,3.829727915875151e-4,3.326401066918722e-4,2.8623061321988855e-4,2.4402769461523177e-4,2.0898489121357923e-4,0.7187776546505129,0.7233306257925654,0.723155341559144,0.7246182133776096,0.7251333184375647,0.7248743271042748,5.986e-4,5.295e-4,4.6e-4,3.95e-4,3.365e-4,2.883e-4
KEN,KEN.44_1,SUNF,0.03432405241792846,0.01928703461584685,0.010912051031785755,0.007533071184235911,0.00562031279632829,0.004604124903483478,6.904471465264827,6.904471465264827,8.285365758317791,8.285365758317791,8.285365758317791,8.26603323821505,0.004971,0.002793,0.001317,9.092e-4,6.783e-4,5.57e-4
KEN,KEN.45_1,SUNF,0.058176954429302194,0.034166421329347545,0.018937671616091,0.008939771823917364,0.004814399952884225,0.0030260642242029004,14.904704391654048,14.904704391654048,17.885645269984856,17.885645269984856,17.885645269984856,17.84391209768823,0.003903,0.002292,0.001059,4.998e-4,2.692e-4,1.696e-4
KEN,KEN.46_1,SUNF,0,0,0,0,0,0,0.2398833291090699,0.2398833291090699,0.2878599949308839,0.2878599949308839,0.2878599949308839,0.2871883216093785,0,0,0,0,0,0
KEN,KEN.47_1,SUNF,0.11697264587144512,0.1065256132078582,0.09984866315269346,0.10138529492553368,0.09149256452350409,0.08319274442380366,39.92844572176942,41.10726346798749,44.062791955534166,48.075616749166876,33.13854256763667,37.80862787260814,0.00293,0.002591,0.002266,0.002109,0.002761,0.0022
KEN,KEN.4_1,SUNF,0.6477250744294228,0.5014647597108135,0.3806568389778969,0.29182163129968575,0.22749037246668613,0.18687795821093622,374.7873025098669,380.0947529975586,432.4046679253405,450.47181102385275,383.2198699126905,403.70018683885183,0.001728,0.001319,8.803e-4,6.478e-4,5.936e-4,4.629e-4
KEN,KEN.5_1,SUNF,0.08791969568202969,0.07768500908229455,0.06738154050275537,0.057113385708126456,0.046877079442731874,0.03658290761590833,4.074183363895997,4.074183363895997,4.889020036675196,4.889020036675196,4.889020036675196,4.877612323256287,0.02158,0.01907,0.01378,0.01168,0.009588,0.0075
KEN,KEN.6_1,SUNF,0.03896365819821248,0.02841846187742111,0.018506176696611833,0.010133036507811962,0.004084837144385842,0.0012967010100304569,1.1447099932183091,1.1447099932183091,1.373651991861971,1.373651991861971,1.373651991861971,1.3704468038809599,0.03404,0.02483,0.01347,0.007377,0.002974,9.462e-4
KEN,KEN.8_1,SUNF,0.08287713440605197,0.07050989912988179,0.06030503480051743,0.05130314241828625,0.04372665798027988,0.03784782734373964,178.08711689455174,178.08711689455174,213.7045402734621,213.7045402734621,213.7045402734621,213.20589634615737,4.654e-4,3.959e-4,2.822e-4,2.401e-4,2.046e-4,1.775e-4
KEN,KEN.9_1,SUNF,1.9707404228432305e-5,1.728302824737497e-5,1.4858652266317636e-5,1.2434276285260298e-5,1.0009900304202963e-5,7.5855243231456286e-6,0.028609261580937313,0.028609261580937313,0.034331113897124774,0.034331113897124774,0.034331113897124774,0.034251007964698155,6.888e-4,6.041e-4,4.328e-4,3.622e-4,2.916e-4,2.215e-4
KGZ,KGZ.1_1,SUNF,0.014956253592457508,0.007531512316832731,0.002501824272809623,7.318521280004815e-4,1.6742890426103442e-4,2.310189842242294e-6,1.9557221331367367,1.8395285625500997,1.6538189447826392,1.6712743414339193,1.4929738719752648,1.6065215749081607,0.007647,0.004094,0.001513,4.379e-4,1.121e-4,1.438e-6
KGZ,KGZ.3_1,SUNF,0.08602817712978844,0.03711836318895481,0.018444035538328334,0.007457417689770165,0.0012830380372170758,2.884240795412577e-4,2.9261310422555438,2.8160642545741292,2.863848040251043,2.6332290393325826,3.332919419199578,3.2194657299847695,0.0294,0.01318,0.00644,0.002832,3.85e-4,8.959e-5
KGZ,KGZ.4_1,SUNF,0.008559247731642178,0.006389523804508227,0.004509687245326792,0.0028398873780673844,0.001436457112107821,7.206714097128255e-4,24.57599464514879,19.03418365251414,13.985293298482096,12.076998919719324,9.612395726706314,11.80346564358111,3.483e-4,3.357e-4,3.225e-4,2.351e-4,1.494e-4,6.106e-5
KGZ,KGZ.7_1,SUNF,0.0035482789893207466,0.0028004903588362763,0.002125070544875904,0.0015242867429156736,0.0010096200581835488,6.294643512591505e-4,4.438930397258477,3.6041629453121398,2.8500669292621463,2.3347715293777416,1.8633788944552825,2.266970172097254,7.994e-4,7.77e-4,7.456e-4,6.529e-4,5.418e-4,2.777e-4
KGZ,KGZ.8_1,SUNF,9.204365520590584e-4,4.7205223175348553e-4,2.482010625052943e-4,2.2160499901020635e-4,1.9500893551511843e-4,1.684128720200305e-4,0.5164223005892576,0.3999706646099117,0.29387690890644425,0.2537773813995586,0.20198798002016616,0.24802954959089168,0.001782,0.00118,8.446e-4,8.732e-4,9.654e-4,6.79e-4
LAO,LAO.10_1,SUNF,0.12420652023561048,0.1220715999497627,0.11883077980460821,0.1145009719464991,0.10704877185283937,0.09790802033548934,0.3100248994221884,0.25980959881155224,0.21004060281840198,0.25784344603722276,0.2832707469469564,0.2578096454987821,0.4006,0.4699,0.5658,0.4441,0.3779,0.3798
LAO,LAO.14_1,SUNF,0.037568439902811716,0.03777818676464012,0.03770856229320952,0.03814599036508531,0.03586702058746206,0.03316820390497396,6.52820001818581,6.52820001818581,7.050456019640676,7.050456019640676,6.52820001818581,6.808999661634712,0.005755,0.005787,0.005348,0.00541,0.005494,0.004871
LAO,LAO.15_1,SUNF,0.995337964519447,0.9563285547659314,0.9167359264078879,0.9246891353851913,0.923358180843991,0.8473294238446164,199.36052113993574,199.36052113993574,215.3093628311306,215.3093628311306,199.36052113993574,207.93568168923494,0.004993,0.004797,0.004258,0.004295,0.004632,0.004075
LAO,LAO.2_1,SUNF,24.638757606038777,21.25460391198128,17.876659530883444,14.512459329914709,11.165660355764286,7.836516930706187,1.3401789042455274,1.2867103560823812,1.305819915826179,1.318559622322044,1.273970649586516,1.289811412971916,18.38,16.52,13.69,11.01,8.764,6.076
LAO,LAO.7_1,SUNF,70.9884302925554,61.31806376405689,51.69956359506775,42.18939305227349,32.81539273190303,23.535968472845088,0.2955738704276699,0.24769922944290645,0.2002500897111904,0.24582472392272475,0.27006679531255934,0.24579249891115934,240.2,247.6,258.2,171.6,121.5,95.76
LAO,LAO.9_1,SUNF,0.03132503733593965,0.03126752262329384,0.03083296865835512,0.02922633515040428,0.02726540214277281,0.02506293471211336,0.04909510767454167,0.04114308319204548,0.03326173488198561,0.040831725999961196,0.044858357662008276,0.040826373394163104,0.638,0.76,0.927,0.7158,0.6078,0.6139
LBN,LBN.6_1,SUNF,0,0,0,0,0,0,0.7426915383200624,0.2437552452726965,0.316376115062329,0.27881124880509733,0.43600041827496655,0.34830102631731547,0,0,0,0,0,0
LSO,LSO.3_1,SUNF,0,0,0,0,0,0,12.44315445889175,10.699376947531523,13.343448640096282,11.362170209767989,9.973460517463014,10.743252809438781,0,0,0,0,0,0
LTU,LTU.10_1,SUNF,0.01247572247582925,0.01019135116947181,0.00790697986311438,0.00562260855675695,0.00335512334265296,0.00157411750382974,0.04412170611492307,0.03880537037372301,0.03880537037372301,0.05820805556058452,0.09701342593430753,0.0824614120441614,0.2828,0.2626,0.2038,0.0966,0.03458,0.01909
LTU,LTU.1_1,SUNF,0,0,0,0,0,0,2.0033140840269116e-4,1.761929713304232e-4,1.761929713304232e-4,2.6428945699563477e-4,4.404824283260579e-4,3.744100640771493e-4,0,0,0,0,0,0
LTU,LTU.4_1,SUNF,0,0,0,0,0,0,0.036054434691651586,0.07782801302242834,0.14738709753328819,0.13749774499063427,0.09853607894909405,0.12361948834106685,0,0,0,0,0,0
LUX,LUX.1_1,SUNF,3.8919945514825226e-5,3.692405087303931e-5,3.492815623125341e-5,3.29322615894675e-5,3.093636694768159e-5,2.8940472305895685e-5,0.6576475450421645,1.096079241736941,2.265230432923011,1.6075828878808467,2.4479103065458347,2.119135248657717,5.918e-5,3.369e-5,1.542e-5,2.049e-5,1.264e-5,1.366e-5
LUX,LUX.2_1,SUNF,0.007640652214343114,0.0071072514455066986,0.006573850676670273,0.0060404499078338565,0.005507049138997432,0.004973648370161015,2.5308760283217664,3.6380333964106955,5.365620276042327,4.978861687349237,5.037033636388803,5.000905033376252,0.003019,0.001954,0.001225,0.001213,0.001093,9.945e-4
LUX,LUX.3_1,SUNF,5.257655951474291e-5,4.918452341701757e-5,4.579248731929222e-5,4.2400451221566866e-5,3.900841512384152e-5,3.561637902611617e-5,0.8906364447705699,1.243764013930894,1.8947589519023045,1.5908581710293783,1.9021854970513599,1.7595158366418788,5.903e-5,3.954e-5,2.417e-5,2.665e-5,2.051e-5,2.024e-5
MAR,MAR.10_1,SUNF,0.001529333254720373,0.0016332062446327178,0.0016414067154684104,0.00492441183868987,0.008466567161180858,0.012893994234586115,26.725423108355677,29.35493176094878,36.313075104740676,38.90373278853554,54.27944203042772,49.22256878121214,5.722e-5,5.564e-5,4.52e-5,1.266e-4,1.56e-4,2.62e-4
MAR,MAR.11_1,SUNF,0.942939625182355,0.6788907893794414,0.4425829498873969,0.2459671302779763,0.12539263206035195,0.08459466587059916,96.83396582668924,106.36177788275808,131.57411509357487,140.9611980788708,196.67399972150997,178.35077342561115,0.009738,0.006383,0.003364,0.001745,6.376e-4,4.743e-4
MAR,MAR.12_1,SUNF,0,0,0,5.686675084465309e-7,2.5554093494075576e-6,2.659774145656616e-4,23.959473035627905,26.316924309021825,32.55517251470699,34.87780341956879,48.66273267760595,44.129046149182315,0,0,0,1.63e-8,5.251e-8,6.027e-6
MAR,MAR.13_1,SUNF,0.00708273805546618,0.006582367868178732,0.0060834092217748,0.007388096435189836,0.008702214580563573,0.008010924358380389,35.65820917261216,39.16673753197632,48.45094670712041,51.90765289231823,72.42337501115692,65.676016990670007,1.986e-4,1.681e-4,1.256e-4,1.423e-4,1.202e-4,1.22e-4
MAR,MAR.14_1,SUNF,1.5855418421528014,1.5514735689533214,1.552151516024487,1.5112508355711878,1.4383283552732493,1.3531206468534451,301.28154267939317,330.9256235564418,409.36929551162206,438.5755230881235,611.9159277961895,554.9064906822293,0.005263,0.004688,0.003792,0.003446,0.002351,0.002438
MAR,MAR.15_1,SUNF,0.8708862166887514,0.8044951371355873,0.7378756880456036,0.6768740003142519,0.6095695449127394,0.5453754068585865,18.784859844770747,20.633163924569576,25.524115325981207,27.345119316932234,38.152868039003465,34.598338025345704,0.04636,0.03899,0.02891,0.02475,0.01598,0.01576
MAR,MAR.1_1,SUNF,0.01052898681180046,0.007358581067708727,0.004955564382763625,0.0031054380109542044,0.0019172583640791284,0.0011868377892759368,26.382519806021016,28.978382612333967,35.84751143652101,38.40503245371842,53.58404614212331,48.59186311486866,3.991e-4,2.539e-4,1.382e-4,8.086e-5,3.578e-5,2.442e-5
MAR,MAR.2_1,SUNF,0.028252946697370333,0.02667756318437693,0.02487168508651694,0.023025209358628812,0.02156723238608377,0.01943594794639939,47.90865866727557,52.622549002585416,65.09636691684,69.74063146579832,97.30457118992318,88.239144747877,5.897e-4,5.07e-4,3.821e-4,3.302e-4,2.216e-4,2.203e-4
MAR,MAR.3_1,SUNF,0.01606297477934404,0.015051479561210503,0.014048841089264864,0.013144508660630726,0.012135892304431265,0.013195629020535164,8.18224209300279,8.987319776167338,11.117702901841897,11.910889309907292,16.61848985923721,15.070220383769787,0.001963,0.001675,0.001264,0.001104,7.303e-4,8.756e-4
MAR,MAR.4_1,SUNF,1.1207261516928013,0.9198749405590749,0.7116730242462644,0.5027022736248237,0.3161964811907487,0.20845394262004693,577.753869580855,634.6009710812223,785.0288220978535,841.0362722991397,1173.4432584163364,1064.1188616999166,0.00194,0.00145,9.066e-4,0.00059770000000000005,2.695e-4,1.959e-4
MAR,MAR.5_1,SUNF,6.494487394522534e-4,5.941245941010874e-4,5.439667912889032e-4,5.274955158052544e-4,9.075559130803054e-4,0.0015833518865289611,5.192847895538968,5.703789261639779,7.055833775247046,7.559228361116713,10.54690011755757,9.564293174861051,1.251e-4,1.042e-4,7.709e-5,6.978e-5,8.605e-5,1.655e-4
MAR,MAR.6_1,SUNF,0,0,0,0,0,0,0.09040534739142306,0.09930062655773067,0.12283916579481073,0.13160305861932517,0.1836171958453771,0.16651041286411228,0,0,0,0,0,0
MAR,MAR.8_1,SUNF,8.234227176873081e-4,7.504025038238453e-4,6.745634092544977e-4,0.002234237187543425,0.0026540280658147743,0.01753778836803795,29.674953480497162,32.594769653685795,40.3211384694034,43.1978279504971,60.27112225275121,54.65593461377139,2.775e-5,2.302e-5,1.673e-5,5.172e-5,4.403e-5,3.209e-4
MAR,MAR.9_1,SUNF,0.05350543576828958,0.0510808462537723,0.04807132192229479,0.045085435122660736,0.040773391702510486,0.03747411417254079,177.30390395615848,194.7494176173985,240.91344464214788,258.10128204862406,360.1119468731397,326.5619468540392,3.018e-4,2.623e-4,1.995e-4,1.747e-4,1.132e-4,1.148e-4
MDA,MDA.10_1,SUNF,0.00127785196713528,0.00116148775632398,0.00104512354551269,9.28759334701392e-4,8.123951238900934e-4,6.960309130787949e-4,8.655138057719585,16.871822175669973,11.020550583247704,13.324845606370417,10.877158168173493,12.605928851637277,1.476e-4,6.884e-5,9.483e-5,6.97e-5,7.469e-5,5.521e-5
MDA,MDA.11_1,SUNF,0.727637306782692,0.6767203801334912,0.7423694514208522,0.6855529721088469,0.6287757717057341,0.5720378502115139,375.7809428185339,732.5254897101402,478.48028083832787,578.5260745098449,472.2545988711229,547.3127981761755,0.001936,9.238e-4,0.001552,0.001185,0.001331,0.001045
MDA,MDA.12_1,SUNF,0.15925695704272674,0.14697045588944058,0.13468395473615435,0.12239745358286817,0.11079369929159197,0.09847218547871552,144.4463073961547,281.5752211077027,183.92287062398293,222.3794388522094,181.52978287333602,210.38137829512686,0.001103,5.22e-4,7.323e-4,5.504e-4,6.103e-4,4.681e-4
MDA,MDA.13_1,SUNF,0.4957236088226679,0.4631512382268879,0.4316963149417906,0.4003101302113102,0.36905028072594637,0.3385924741048021,337.51658260860984,657.9351738974634,429.7584332586735,519.6169400022759,424.1666890733017,491.58199421407056,0.001469,7.039e-4,0.001005,7.704e-4,8.701e-4,6.888e-4
MDA,MDA.14_1,SUNF,0.23936546841117234,0.20216676148561505,0.17244770577338456,0.14301766826078996,0.11859664020843907,0.10128674045840083,741.089391654366,1444.636509421812,943.625979501368,1140.9294292545574,931.3481166935738,1079.3727473319482,3.23e-4,1.399e-4,1.828e-4,1.254e-4,1.273e-4,9.384e-5
MDA,MDA.15_1,SUNF,0.03041709266497087,0.03256535720211772,0.03046782203151644,0.03283273221748533,0.03078246071564562,0.02873218921380592,21.309723713088076,41.53993462637013,27.133580831291336,32.80696119434548,26.780535885340583,31.036923869243644,0.001427,7.84e-4,0.001123,0.001001,0.001149,9.257e-4
MDA,MDA.16_1,SUNF,0.2225159635106513,0.19695516743874206,0.17176085552135448,0.1465665436039669,0.12333053508703337,0.10213956233212626,355.04512551200816,692.1042948164495,452.07745260062785,546.6026595060919,446.19530749006134,517.1117504397419,6.267e-4,2.846e-4,3.799e-4,2.681e-4,2.764e-4,1.975e-4
MDA,MDA.17_1,SUNF,0.2083482376015617,0.18200966722269088,0.15748136408763694,0.14033228889984334,0.12394575615500521,0.10916257180661539,551.948847679008,1075.9369458931262,702.7941269852435,849.7418676501862,693.6498155094107,803.8956579530255,3.775e-4,1.692e-4,2.241e-4,1.651e-4,1.787e-4,1.358e-4
MDA,MDA.18_1,SUNF,0.08155799620648561,0.11761430506260118,0.09759156383866409,0.08263092614282291,0.15967649152535912,0.18599279929308088,727.9053999098451,1418.9364035661158,926.8388587251692,1120.632277054343,914.7794192867029,1060.170689455613,1.12e-4,8.289e-5,1.053e-4,7.374e-5,1.746e-4,1.754e-4
MDA,MDA.19_1,SUNF,1.206238652598465,1.0894093304571904,0.978825306001474,0.8744123238562698,0.7708565301794087,0.8576392543565359,1128.1976263405854,2137.2287499456093,1400.2266943658283,1686.6552167053223,1380.482586563785,1592.7182080121606,0.001069,5.097e-4,6.99e-4,5.184e-4,5.584e-4,5.385e-4
MDA,MDA.1_1,SUNF,0.02385310183465797,0.02200981057001436,0.02016651930537075,0.01832322804072713,0.03351896274084342,0.049560677845716126,343.3095641824955,669.2276748754645,437.13461212919856,528.5354095353792,431.44689378225706,500.01928465037,6.948e-5,3.289e-5,4.613e-5,3.467e-5,7.769e-5,9.912e-5
MDA,MDA.20_1,SUNF,0.3816045709023646,0.3389149849621455,0.30519374517438114,0.27399092201231134,0.246221057451975,0.21918857035940192,473.2223515602779,920.4333578176945,601.6127384022212,726.5675598637471,592.8855173192061,687.1868700406868,8.064e-4,3.682e-4,5.073e-4,3.771e-4,4.153e-4,3.19e-4
MDA,MDA.21_1,SUNF,0.04614055591514115,0.042452767580036306,0.03876497924493147,0.03946887337575049,0.03557033175402691,0.03168625133111657,145.82364400001325,284.2601208864666,185.6766274805178,224.49989001913775,183.26072095786742,212.38742454386474,3.164e-4,1.493e-4,2.088e-4,1.758e-4,1.941e-4,1.492e-4
MDA,MDA.22_1,SUNF,0.01458757800988646,0.013668494869952686,0.01274941173001891,0.011830328590085136,0.0109917607861143,0.01023370831810642,85.73730583098605,167.13131184675265,109.16894791054445,131.99516348385723,107.74851079410858,124.87361495897845,1.701e-4,8.178e-5,1.168e-4,8.963e-5,1.02e-4,8.195e-5
MDA,MDA.23_1,SUNF,0.28400539951760395,0.283688192706424,0.26812604929192424,0.25107073448667633,0.2376617900603101,0.22041948190229904,313.2400312679161,610.6118782403375,398.8472033911957,482.2424583576587,393.65765652528904,456.22398179150093,9.067e-4,4.646e-4,6.723e-4,5.206e-4,6.037e-4,4.831e-4
MDA,MDA.24_1,SUNF,0.05541824015517718,0.052129765696897055,0.05217000763669088,0.0484208935280806,0.04501925286515161,0.041409707960188905,70.15188185750385,136.74999382970677,89.32409366146311,108.00093407104632,88.16186520312255,102.17394865416584,7.9e-4,3.812e-4,5.841e-4,4.483e-4,5.106e-4,4.053e-4
MDA,MDA.25_1,SUNF,0.3412587624585146,0.3199484422010077,0.29087823074838465,0.26512703501539403,0.23843604837739185,0.21072566522218852,688.3362814480573,1328.8930742351292,868.898484282634,1049.2560657607544,857.275414413804,992.0341010963249,4.958e-4,2.408e-4,3.348e-4,2.527e-4,2.781e-4,2.124e-4
MDA,MDA.26_1,SUNF,0.039059646454833,0.042105492286813956,0.04801026996772148,0.04266932023513249,0.03748905835808714,0.03246948433658543,207.8062693509798,405.08544174544005,264.5988414772745,319.9240077595239,261.1560491577202,302.6631151222585,1.88e-4,1.039e-4,1.814e-4,1.334e-4,1.436e-4,1.073e-4
MDA,MDA.27_1,SUNF,0,0,0,0,0,0,83.89046816513037,163.53119403489924,106.81737734287955,129.15190129746063,105.42753737132931,122.1837555874649,0,0,0,0,0,0
MDA,MDA.28_1,SUNF,0.08779115110425752,0.06848044520423238,0.05509879334793278,0.046075603933775355,0.10603132374353265,0.09727878400154319,689.3510100326718,1343.7807208073702,877.7477176001956,1061.2766331425807,866.3270209569723,1004.0174666567633,1.274e-4,5.096e-5,6.277e-5,4.342e-5,1.224e-4,9.689e-5
MDA,MDA.29_1,SUNF,0.12918923355605796,0.10450939343685992,0.0817305656530772,0.05895173786929449,0.04905453755193389,0.03562307015566454,729.5145080316595,1422.073105246855,928.8877292725955,1123.1095474507417,916.8016312299379,1062.514303429522,1.771e-4,7.349e-5,8.799e-5,5.249e-5,5.351e-5,3.353e-5
MDA,MDA.2_1,SUNF,0.00277178608868572,0.00241231514398938,0.00205284419929304,0.0016933732545967,0.00133390230990036,9.744313652040274e-4,26.400235297717416,51.46308150933078,33.61530764360715,40.64395703083911,33.17792657901619,38.451089469645424,1.05e-4,4.687e-5,6.107e-5,4.166e-5,4.02e-5,2.534e-5
MDA,MDA.30_1,SUNF,0.0455844909184654,0.03972458060167898,0.03386467028489255,0.02800475996810613,0.02328374732330485,0.01970163235048871,68.27786219823612,133.09688902259464,86.93791237686303,105.11582438746669,85.80673139610708,99.44449958775516,6.676e-4,2.985e-4,3.895e-4,2.664e-4,2.714e-4,1.981e-4
MDA,MDA.31_1,SUNF,1.1594510797507345,1.1102300158296587,1.2175597948700978,1.1629993807390933,1.094479104718725,1.0084533270048657,942.0782311430448,1803.1236054281726,1180.0454572171866,1423.3735284669742,1163.8722169208727,1345.0007418209216,0.001231,6.157e-4,0.001032,8.171e-4,9.404e-4,7.498e-4
MDA,MDA.32_1,SUNF,2.00448411106471,1.8942190385075937,1.9626018048461777,2.1385165673863167,1.9243559933935472,1.7184150173238668,1008.5249202352303,1930.712389749004,1263.51694747485,1524.0997645858156,1246.2099507666126,1440.200684620671,0.001988,9.811e-4,0.001553,0.001403,0.001544,0.001193
MDA,MDA.33_1,SUNF,0,0.00327700340233241,0.00310895194580254,0.00294090048927267,0.0027728490327428,0.00260479757621294,10.898435452986922,21.24477549977516,13.876931643023111,16.77846948178043,13.69637380908534,15.873219005672563,0,1.542e-4,2.24e-4,1.753e-4,2.025e-4,1.641e-4
MDA,MDA.34_1,SUNF,0.20242297033540818,0.18465462253465667,0.16688627473390516,0.15945257098649313,0.14115424143941654,0.12285591189233991,260.4641007702885,497.73785741485415,325.7964267415816,392.8945796214331,321.31152429662416,371.2233434225257,7.772e-4,3.71e-4,5.122e-4,4.058e-4,4.393e-4,3.309e-4
MDA,MDA.35_1,SUNF,0.038043682207894294,0.032414075490554105,0.026784468773213943,0.02159426661682888,0.01684346902139894,0.01356365873103996,198.4351088208673,386.8178470532102,252.66658251651455,305.49682400075187,249.37904518324697,289.0143226810442,1.917e-4,8.38e-5,1.06e-4,7.069e-5,6.754e-5,4.693e-5
MDA,MDA.36_1,SUNF,0.4733962487838324,1.0438770767423584,1.440421000092488,1.51592488448709,1.4824354347565467,1.386095088480959,393.0199785647119,613.9954060219684,411.3720168301201,481.8181033490333,402.27772020959645,448.61804318179156,0.001205,0.0017,0.003502,0.003146,0.003685,0.00309
MDA,MDA.37_1,SUNF,0.03115296417924731,0.02342651366707892,0.01953789495648497,0.01456637558724815,0.010948946877605626,0.00905780721489233,164.37493651887567,312.62332254200624,205.70452614522637,245.51398343946917,199.5871278446765,231.57867232666527,1.895e-4,7.494e-5,9.498e-5,5.933e-5,5.486e-5,3.911e-5
MDA,MDA.3_1,SUNF,0.06040516941175978,0.158381954513436,0.14783551526433744,0.13728907601523888,0.1267426367661403,0.19431473660638737,148.21496289319248,273.25807592351856,179.55215793938302,215.49199710901053,176.83069140913094,203.1237746628014,4.076e-4,5.796e-4,8.234e-4,6.371e-4,7.167e-4,9.566e-4
MDA,MDA.4_1,SUNF,0.03258473873319584,0.03060990608269911,0.0286350734322024,0.02666024078170568,0.02468540813120896,0.02271057548071225,8.975597822092125,17.4965077812483,11.428590642182792,13.818203061195696,11.279889068636347,13.072668141357752,0.00363,0.001749,0.002506,0.001929,0.002188,0.001737
MDA,MDA.5_1,SUNF,0.05084891335877557,0.11390512160868257,0.10730966984044352,0.17086224963666313,0.16066946291640055,0.15532567339301595,237.49593467675808,457.5916841362494,299.25955570431876,361.28253894459215,295.23372707142266,341.5359686148071,2.141e-4,2.489e-4,3.586e-4,4.729e-4,5.442e-4,4.548e-4
MDA,MDA.6_1,SUNF,0.04620312628003439,0.04074512047250046,0.06321562448785098,0.06114602603777262,0.056279590965966984,0.05152974277256348,469.86943990581443,900.7688983531821,591.2950202291964,708.7037387069598,576.9102381012888,669.1269979556469,9.833e-5,4.523e-5,1.069e-4,8.628e-5,9.755e-5,7.701e-5
MDA,MDA.7_1,SUNF,0.06847894874939874,0.05050206547409294,0.032525182198787146,0.01454829892348135,0.002779928642914218,0,22.442826693926797,43.74873960116558,28.57635605140747,34.5514073458806,28.20453862928514,32.68725173955314,0.003051,0.001154,0.001138,4.211e-4,9.856e-5,0
MDA,MDA.8_1,SUNF,0.05352258838533564,0.04759023965123011,0.0562203914470773,0.05110318169032576,0.06846804496345486,0.06219790838465817,225.56089536905708,437.33416783308456,286.11793747772845,344.973398980736,281.35351786690813,326.15241772341676,2.373e-4,1.088e-4,1.965e-4,1.481e-4,2.434e-4,1.907e-4
MDA,MDA.9_1,SUNF,0.6638415894099711,0.6282505981161162,0.5661989355569569,0.5071135400738578,0.4654645778606191,0.4067082167486507,546.7644138389261,1040.142391182196,681.1550501028405,820.9495691162368,671.6604835768748,775.4403003712384,0.001214,6.04e-4,8.312e-4,6.177e-4,6.93e-4,5.245e-4
MEX,MEX.10_1,SUNF,0.00223603029168628,0.0019444230290220376,0.0016576708038256185,0.0021075170142734047,0.0017839737881830446,0.007958369934231678,16.84274398405697,15.503391712583863,9.566351396873996,10.178066431292612,10.803973545629326,10.255926445986761,1.328e-4,1.254e-4,1.733e-4,2.071e-4,1.651e-4,7.76e-4
MEX,MEX.11_1,SUNF,2.0706133641842329e-4,1.8805003862691803e-4,1.9300994176252737e-4,1.6025246926194438e-4,1.7790473859499034e-4,1.4256215112858024e-4,18.64240586130477,17.159942632053227,10.588524383033908,11.26560170213871,11.958387537272714,11.351781127276887,1.111e-5,1.096e-5,1.823e-5,1.422e-5,1.488e-5,1.256e-5
MEX,MEX.13_1,SUNF,0.002987560163092511,0.002785692657951438,0.0025567482182049747,0.00252256807615895,0.0023275771021024193,0.0020863913456332286,2.19185348111477,2.0175550448596,1.2449301984672672,1.3245365695496663,1.405989846326422,1.3346689888519223,0.001363,0.001381,0.002054,0.001904,0.001655,0.001563
MEX,MEX.14_1,SUNF,0.03698287073470252,0.07729564111362498,0.10097631873563778,0.1091276425654228,0.10059792936566755,0.09205119893043322,77.90571114687344,71.71056911514381,44.248930540048406,47.0784038622533,49.97352231210009,47.438543505793305,4.747e-4,0.001078,0.002282,0.002318,0.002013,0.00194
MEX,MEX.15_1,SUNF,0.05840381901693738,0.048728867598341594,0.04861156301832871,0.041456986110244176,0.039675093363171474,0.03360494846534497,36.80804918078709,33.881035368462534,20.90625690387139,22.243095906638427,23.610950210480965,22.41325079664874,0.001587,0.001438,0.002325,0.001864,0.00168,0.001499
MEX,MEX.16_1,SUNF,0,0,0,0,0,0,3.531606554850215,3.2507695804435897,2.0058839183912425,2.1341490530568374,2.2653899998889755,2.15047483337594,0,0,0,0,0,0
MEX,MEX.21_1,SUNF,6.1981690547746014e-6,5.659197832620289e-6,5.120226610465975e-6,4.5812553883116616e-6,4.042284166157349e-6,3.5033129440030357e-6,0.09859373713094297,0.09075346206030434,0.05599932741472666,0.059580173348121136,0.06324409661132072,0.060035948833934656,6.287e-5,6.236e-5,9.143e-5,7.689e-5,6.392e-5,5.835e-5
MEX,MEX.22_1,SUNF,0,0,0,0,0,0,0.025881450301927875,0.023823330836137857,0.014700161000092254,0.01564015464229413,0.016601956584344834,0.015759798454651638,0,0,0,0,0,0
MEX,MEX.24_1,SUNF,1.1994539970924303,1.1745580368138417,1.1683942982400903,1.0894926967168443,1.2105020010353742,1.1271618835088741,63.60740903541059,58.549282648478744,36.12777269864234,38.437943086805106,40.801710527399976,38.73198506754422,0.01886,0.02006,0.03234,0.02834,0.02967,0.0291
MEX,MEX.25_1,SUNF,0.018243379732747575,0.01779717354754512,0.017748206975500322,0.019380766445163504,0.01868138914313911,0.019662780102295593,45.53211106714733,41.91135090832313,25.861354582254247,27.515044557887496,29.2071009279584,27.7255287189066,4.007e-4,4.246e-4,6.863e-4,7.044e-4,6.396e-4,7.092e-4
MEX,MEX.26_1,SUNF,2.235247517637847,2.1068284491480633,1.9412308723144855,1.8507969405878106,1.8031370054367457,1.675358298293626,178.96054939611133,164.72942300930382,101.64611558077323,108.14582006699243,114.79632079054805,108.97311228367896,0.01249,0.01279,0.0191,0.01711,0.01571,0.01537
MEX,MEX.28_1,SUNF,0.10653394461288358,0.10005020190939463,0.0923317470088419,0.08655640252139517,0.08557176486377668,0.11457618909321318,92.1143956111765,83.52325192107872,53.98628022031385,56.34559616124821,57.939172340258935,55.72879653794436,0.001157,0.001198,0.00171,0.001536,0.001477,0.002056
MEX,MEX.29_1,SUNF,2.4844464125368503e-5,2.9605619412454066e-4,0.008364876220506669,0.007934081390489305,0.007503286560471944,0.007072491730454572,3.3818824825347407,3.112951719879583,1.920843553846332,2.0436708295658756,2.169347756536497,2.0593044709745016,7.346e-6,9.51e-5,0.004355,0.003882,0.003459,0.003434
MEX,MEX.2_1,SUNF,0.0019489891189394502,0.001696513960742436,0.0014440388025454317,0.0011915636443484321,9.390884861514255e-4,6.866133279544191e-4,1.000050510404452,0.9205254684061938,0.5680092629922994,0.6043303002871416,0.6414940029326673,0.6089532968433256,0.001949,0.001843,0.002542,0.001972,0.001464,0.001128
MEX,MEX.30_1,SUNF,0.1691238027268864,0.14714096219234543,0.12536796598758004,0.10400650832831727,0.08278030966273534,0.060704208407566754,5.645482795570917,5.196548215019931,3.2065245590955773,3.411563993636131,3.621360440637769,3.437661722951188,0.02996,0.02832,0.0391,0.03049,0.02286,0.01766
MEX,MEX.32_1,SUNF,1.2815714453857344e-4,1.137819213310999e-4,9.940669812362638e-5,8.503147491615282e-5,7.065625170867929e-5,5.628102850120575e-5,10.470554662899657,9.637925420027319,5.947071648199962,6.327353846401188,6.716458772579718,6.3757567396993915,1.224e-5,1.181e-5,1.672e-5,1.344e-5,1.052e-5,8.827e-6
MEX,MEX.6_1,SUNF,0.02830880910471107,0.025682825286324984,0.0230568414679389,0.020430857649552804,0.017804873831166718,0.015178890012780622,0.058226593523114586,0.047299546302913775,0.041362595051925945,0.03857260271276476,0.03163736951351358,0.033656452831141555,0.4862,0.543,0.5574,0.5297,0.5628,0.451
MEX,MEX.7_1,SUNF,0.0133049225897809,0.01165636425149676,0.01000780591321262,0.008362737827132559,0.006721159993256551,0.00507958215938055,0.07239968115021497,0.046101273665553874,0.06816813484243017,0.05479766853076869,0.027805775460006288,0.03821709115214915,0.1838,0.2528,0.1468,0.1526,0.2417,0.1329
MKD,MKD.11_1,SUNF,0.04109030795811761,0.03851549666497338,0.049305861355371884,0.05263505998761422,0.055327396169163504,0.050336280974517214,1.1008130192762957,1.0027494850381145,1.7823636454048768,1.0785176131556002,0.9681281633384977,1.154073602598588,0.03733,0.03841,0.02766,0.0488,0.05715,0.04362
MKD,MKD.14_1,SUNF,0.005581922804171375,0.004475019258767198,0.003860781429638928,0.0032635423500958793,0.002685768699045726,0.0022156901990961378,21.144175300827527,19.260592419591283,34.23525040886499,20.715930024686937,18.595593657454277,22.167192916599586,2.64e-4,2.323e-4,1.128e-4,1.575e-4,1.444e-4,9.995e-5
MKD,MKD.15_1,SUNF,0,0,0,0,0,0,0.03209051321560763,0.029231799622713883,0.05195883689265105,0.03144056539319371,0.02822253105294918,0.03364314697179144,0,0,0,0,0,0
MKD,MKD.16_1,SUNF,0.00217246974365099,0.0019809550901012,0.00178944043655142,0.00159792578300163,0.00140641112945185,0.00121489647590206,0.13280548420916002,0.12097479641776278,0.21502985776859385,0.1301156975209126,0.11679797318641917,0.1392310055588526,0.01636,0.01637,0.008322,0.01228,0.01204,0.008726
MKD,MKD.18_1,SUNF,0.010927107669418646,0.011668770368377582,0.010899297921657405,0.010088538826765697,0.009286290992963776,0.008475095423144386,0.36591016163356094,0.3333138505115856,0.5924575365293603,0.3584991703803207,0.3218057258825703,0.38361397537022085,0.02986,0.03501,0.0184,0.02814,0.02886,0.02209
MKD,MKD.19_1,SUNF,7.017028742729827e-4,6.388671572017308e-4,5.760314401304789e-4,0.04566057830791868,0.0432898093748313,0.04092635761469497,0.38046217134737864,0.34656952608162334,0.6160191883515189,0.37275644978048794,0.33460373080295563,0.3988700542695385,0.001844,0.001843,9.351e-4,0.1225,0.1294,0.1026
MKD,MKD.1_1,SUNF,0,0,0,0,0,0,0.8721978866346582,0.7945000343920515,1.4122051406683012,0.8545327557181321,0.7670688148387469,0.9143973949990964,0,0,0,0,0,0
MKD,MKD.20_1,SUNF,0.00531626335491557,0.00498760972119748,0.00465895608747939,0.00433030245376131,0.00400164882004322,0.00367299518632513,0.9944465343333939,0.9058584271253638,1.6101420668697946,0.974305430476485,0.8745824040630096,1.0425607931348104,0.005346,0.005506,0.002894,0.004445,0.004575,0.003523
MKD,MKD.21_1,SUNF,0.06841300720711443,0.06216416312735826,0.05642196376248352,0.051240386815434795,0.04618887883810871,0.041213462127560656,1.7251261940735803,1.5714470781516625,2.7932102529763734,1.6901862102318133,1.517190680478675,1.8085928916798006,0.03966,0.03956,0.0202,0.03032,0.03044,0.02279
MKD,MKD.23_1,SUNF,6.878882969112575e-4,4.078935920802436e-4,2.1426458144670915e-4,5.872503806497099e-5,0,0,0.8896872034662164,0.8104313534620631,1.4405226859350082,0.8716678512471575,0.7824500829430368,0.9327328966050403,7.732e-4,5.033e-4,1.487e-4,6.737e-5,0,0
MKD,MKD.24_1,SUNF,0,0,0,0,6.011277094383994e-4,5.703006474159175e-4,9.053569307478332,8.498139351990652,8.522775029075447,5.847957091179456,6.983909912871281,6.594129517616935,0,0,0,0,8.607e-5,8.649e-5
MKD,MKD.25_1,SUNF,0.01766822460844018,0.01638257810973531,0.01509693161103043,0.01381128511232556,0.0139160413077953,0.01255909210682506,0.15676820514819928,0.1428028504659704,0.25382871088790443,0.15359308754022488,0.13787238328610776,0.1643531136716024,0.1127,0.1147,0.05948,0.08992,0.1009,0.07642
MKD,MKD.26_1,SUNF,0.00875252985453216,0.00805078369756267,0.00734903754059318,0.00664729138362369,0.0059455452266542,0.00524379906968471,0.5519785388525521,0.5028067309290826,0.8937271484500486,0.5407989965705063,0.485446628686231,0.5786848899275067,0.01586,0.01601,0.008223,0.01229,0.01225,0.009062
MKD,MKD.27_1,SUNF,3.629532164707321e-4,3.066648155715206e-4,2.6327721723946775e-4,2.1988961890741484e-4,1.7650202057536198e-4,1.3311442224330912e-4,1.2244837939518698,1.1154033176587754,1.9826031855637636,1.199683611726268,1.0768924655848735,1.2837279344122048,2.964e-4,2.749e-4,1.328e-4,1.833e-4,1.639e-4,1.037e-4
MKD,MKD.29_1,SUNF,5.119165973549208e-5,0,0,0,0,0,0.9665661103186526,0.8804616700613841,1.5649999280031799,0.9469896848997172,0.850062505386452,1.0133314319070317,5.296e-5,0,0,0,0,0
MKD,MKD.2_1,SUNF,0,0,0,0,0,0,0.5658261363100862,0.5154207452770289,0.9161482625287464,0.55436613058538,0.49762512663134695,0.5932024750262528,0,0,0,0,0,0
MKD,MKD.30_1,SUNF,3.485250899087811e-4,2.88852597480752e-4,2.312137184754487e-4,1.7477781936325645e-4,1.1894721451825833e-4,6.383699770394935e-5,0.15295901661995703,0.13933299521514939,0.247661124719914,0.14986104872200634,0.13452232961751862,0.16035962535815942,0.002279,0.002073,9.336e-4,0.001166,8.842e-4,3.981e-4
MKD,MKD.32_1,SUNF,5.256723679888192e-4,4.944766345100415e-4,4.944242483445617e-4,4.616314201317687e-4,4.288385919189756e-4,3.960457637061826e-4,1.6567818125987295,1.509191007293952,2.682551550021951,1.623226047252172,1.4570840871216557,1.7369418072859157,3.173e-4,3.276e-4,1.843e-4,2.844e-4,2.943e-4,2.28e-4
MKD,MKD.33_1,SUNF,0.003517222488488746,0.0033029335081603464,0.0030886445278319468,0.0029344207014612472,0.0027170514568273176,0.0024996822121933875,0.28311474078063414,0.2578940796967673,0.4584006662433682,0.27738065332533723,0.24898992763203803,0.2968126676556537,0.01242,0.01281,0.006738,0.01058,0.01091,0.008422
MKD,MKD.35_1,SUNF,0.01998152227127715,0.016924109006500848,0.01499995215443532,0.0131003778838863,0.01130283242388961,0.00965661523912869,14.85560389004054,13.532224719200439,24.053211435990224,14.55472470702144,13.065005825243954,15.574361857954694,0.001345,0.001251,6.236e-4,9.001e-4,8.651e-4,6.2e-4
MKD,MKD.36_1,SUNF,0.01059154627884082,0.00978162612966316,0.00897170598048551,0.00816178583130785,0.0073518656821302,0.00654194553295254,0.23537558332510924,0.21440766128017524,0.3811045794229868,0.2306083847825457,0.20700493834009692,0.24676374884295696,0.045,0.04562,0.02354,0.03539,0.03552,0.02651
MKD,MKD.3_1,SUNF,5.372126982566767e-4,3.8563349019969244e-4,2.753480941657359e-4,1.706124234671999e-4,6.58767527686639e-5,1.2833471548426095e-5,0.025105582809535714,0.022869106553985108,0.04064929948397245,0.024597104843856,0.02207951881866133,0.02632026501411307,0.0214,0.01686,0.006774,0.006936,0.002984,4.876e-4
MKD,MKD.40_1,SUNF,0,0,0,0,0,0,0.35778991779154035,0.32591698093574856,0.5793097746820709,0.3505433905581533,0.3146642435245541,0.3751008501612723,0,0,0,0,0,0
MKD,MKD.41_1,SUNF,0,0,0,0,0,0,1.3524229960641716,1.2319453341391402,2.189753881162358,1.325031586791013,1.189410706731227,1.4178572127817528,0,0,0,0,0,0
MKD,MKD.43_1,SUNF,0.01236019561972471,0.01153676743197442,0.01073016613521058,0.00990587502997381,0.00908158392473704,0.00825729281950027,1.4997100284946168,1.3661116215432605,2.428231304163934,1.4693355293171366,1.3189447163164416,1.5722704266123895,0.008242,0.008445,0.004419,0.006742,0.006885,0.005252
MKD,MKD.44_1,SUNF,0.006550517779193076,0.006125151341745485,0.005701071991836469,0.005278279729466009,0.004855487467095549,0.004432695204725099,0.4107619942505289,0.37417015514472673,0.6650786579063809,0.4024425927532763,0.3612514097302939,0.43063587204568254,0.01595,0.01637,0.008572,0.01312,0.01344,0.01029
MKD,MKD.45_1,SUNF,0.00611873408558692,0.00574594791414365,0.00533370973108798,0.00497578466293531,0.00460964349986868,0.00419211324384708,0.2502769469400685,0.227981569318699,0.40523188197953136,0.2452079424161712,0.22011018831004547,0.26238608441639844,0.02445,0.0252,0.01316,0.02029,0.02094,0.01598
MKD,MKD.46_1,SUNF,4.685333267815167e-5,0,0,0,0,0,0.1713918132500812,0.15612374623735376,0.2775062900853036,0.16792051520467366,0.1507333565896071,0.1796842551003475,2.734e-4,0,0,0,0,0
MKD,MKD.48_1,SUNF,0.03848350952827976,0.03300104507392345,0.03012466225883729,0.027256914462089478,0.024646496098660327,0.022305925826208963,3.7379884468112885,3.404997873828428,6.052303704511016,3.6622807934344084,3.2874355828122988,3.918843361899451,0.0103,0.009692,0.004977,0.007443,0.007497,0.005692
MKD,MKD.49_1,SUNF,9.56523016451842e-6,3.1884100548394733e-6,0,0,0,0,0.2442713739733974,0.22251098976137565,0.3955080553730309,0.23932400381059024,0.21482848812644748,0.2560899441019685,3.916e-5,1.433e-5,0,0,0,0
MKD,MKD.4_1,SUNF,0.007419592921420352,0.006939525180159797,0.006273838053043202,0.005608150925926597,0.004942463798810001,0.004276776671693397,10.87915625855208,10.179491310688396,11.02913912247122,7.415174437408246,8.517779583030084,8.295788631814467,6.82e-4,6.817e-4,5.688e-4,7.563e-4,5.803e-4,5.155e-4
MKD,MKD.50_1,SUNF,2.3835803547792288e-4,1.2185475960212164e-4,4.9233518326314535e-5,1.797886864732183e-4,1.60290108123024e-4,1.5162577795421191e-4,3.919340972267262,3.6220813650740706,5.077920764845686,3.215424028819338,3.2447459599481077,3.5102166274098816,6.082e-5,3.364e-5,9.696e-6,5.591e-5,4.94e-5,4.32e-5
MKD,MKD.51_1,SUNF,0.002676175603394024,0.0028897497466833393,0.003223252005405653,0.0031028440366159377,0.0028849434305611415,0.0026670428245063552,0.3029879219210307,0.27599690170708735,0.4905780069569397,0.29685133137331343,0.26646772451510375,0.3176473719625394,0.008833,0.01047,0.00657,0.01045,0.01083,0.008396
MKD,MKD.52_1,SUNF,7.580082844708071e-4,7.039593129049841e-4,6.499103413391612e-4,5.958613697733383e-4,5.418123982075155e-4,4.8776342664169257e-4,0.15673978334434116,0.11522054764510545,0.09822691744137027,0.09586150371337782,0.14445208150471725,0.12043116607702448,0.004836,0.00611,0.006616,0.006216,0.003751,0.00405
MKD,MKD.59_1,SUNF,4.792577621077308e-5,4.462055026520252e-5,4.131532431963196e-5,3.80100983740614e-5,3.470487242849085e-5,3.139964648292029e-5,1.7062909351691045,1.5542897173317116,2.7627134473106874,1.6717324327772387,1.500625701422392,1.788846327350414,2.809e-5,2.871e-5,1.495e-5,2.274e-5,2.313e-5,1.755e-5
MKD,MKD.5_1,SUNF,0,0,0,0,0,0,3.964796447614161,3.72272836863028,3.7037712299146754,2.5468996877828767,3.0538816283053416,2.874249290748373,0,0,0,0,0,0
MKD,MKD.60_1,SUNF,0,0,0,0,0,0,0.021594168287979276,0.01967049875993765,0.03496384929617985,0.02115680904223229,0.018991347410850866,0.022638957892787585,0,0,0,0,0,0
MKD,MKD.61_1,SUNF,0.044824742653150826,0.04087050228949809,0.03737622560638113,0.03381003921894362,0.030022182925946102,0.02627209991327321,3.260976665012786,2.9704796494073333,5.2799577716237,3.1949302085997164,2.867919704895981,3.4187523420238985,0.01375,0.01376,0.007079,0.01058,0.01047,0.007685
MKD,MKD.62_1,SUNF,2.3543247242736398e-4,2.215579206960641e-4,2.1846850293607845e-4,2.188361054466925e-4,2.0364973976633478e-4,1.8846337408597703e-4,2.4330714797548567,2.216326597398957,3.9394684440028827,2.383793068424403,2.1398048367150815,2.550790660040143,9.676e-5,9.9970000000000007e-05,5.546e-5,9.18e-5,9.517e-5,7.388e-5
MKD,MKD.63_1,SUNF,0.04421985811266795,0.03990831577683992,0.035922541991251306,0.03197878980980993,0.06426527992897467,0.0585661102351348,1.2460241827234508,1.1350248277335961,2.0174799586233645,1.2207877304799164,1.0958365157131487,1.3063105107768407,0.03549,0.03516,0.01781,0.0262,0.05864,0.04483
MKD,MKD.64_1,SUNF,0.00359906931267876,0.00325630080670936,0.00291353230073995,0.00257076379477054,0.00222799528880114,0.00188522678283173,0.13866781338113307,0.1263148927423725,0.22452175349525466,0.13585929353165518,0.12195369525253281,0.14537697152096082,0.02595,0.02578,0.01298,0.01892,0.01827,0.01297
MKD,MKD.65_1,SUNF,0.00598560213606,0.005467018746961023,0.004948435357862047,0.00442985196876307,0.0039112685796640935,0.0033926851905651165,14.549055738184132,13.645855846159806,13.955748161490176,9.525546292560916,11.264525035429495,10.719362877477787,4.114e-4,4.006e-4,3.546e-4,4.65e-4,3.472e-4,3.165e-4
MKD,MKD.67_1,SUNF,8.222665156702962e-4,7.752541144357996e-4,7.282417132013029e-4,6.812293119668063e-4,6.342169107323097e-4,5.872045094978131e-4,1.1696106634324994,1.065418440656774,1.8937562413192437,1.1459218586239703,1.0286333860353993,1.2261998798603195,7.03e-4,7.277e-4,3.845e-4,5.945e-4,6.166e-4,4.789e-4
MKD,MKD.68_1,SUNF,0.00102355614272055,9.34551260744856e-4,8.455463787691553e-4,7.565414967934548e-4,6.675366148177543e-4,5.785317328420536e-4,0.046038409116198956,0.04193717754500455,0.07454234757773495,0.04510596644844126,0.04048923811783609,0.04826588324833734,0.02223,0.02228,0.01134,0.01677,0.01649,0.01199
MKD,MKD.69_1,SUNF,0,0,0,0,0,0,0.2578199643959493,0.23485263346589685,0.4174450370336521,0.2525981867538117,0.22674401940371564,0.27029405532275214,0,0,0,0,0,0
MKD,MKD.6_1,SUNF,0.00181473882220177,0.00164662813221233,0.00147851744222289,0.00131040675223345,0.00114229606224401,9.921006724212095e-4,0.5721201642246159,0.521154083400391,0.9263391363116495,0.5605326818930453,0.5031605132757572,0.5998010265903985,0.003172,0.00316,0.001596,0.002338,0.00227,0.001654
MKD,MKD.72_1,SUNF,0.01106753085597857,0.01016482682681811,0.00926212279765766,0.0083594187684972,0.00745671473933674,0.00655401071017629,0.7309898512865075,0.6658712098331894,1.1835704277457975,0.7161846888119084,0.6428810794864543,0.7663572980739652,0.01514,0.01527,0.007826,0.01167,0.0116,0.008552
MKD,MKD.73_1,SUNF,0.00619466041573577,0.00576744245602985,0.00534022449632394,0.00491300653661802,0.00448578857691211,0.00405857061720619,1.2661360439188147,1.1533450675051675,2.050043754298321,1.240492254456932,1.1135242237066343,1.3273954431843042,0.004893,0.005001,0.002605,0.003961,0.004028,0.003058
MKD,MKD.75_1,SUNF,0.005251991129449276,0.004823687878990572,0.023833373753671498,0.02415791886939886,0.02264306908322421,0.02112821929704955,0.657456996933818,0.5988888699222593,1.064510892614891,0.6441411381123361,0.5782113980937793,0.6892667071687483,0.007988,0.008054,0.02239,0.0375,0.03916,0.03065
MKD,MKD.76_1,SUNF,8.754778658832728e-4,7.993493558064665e-4,7.232208457296601e-4,6.470923356528539e-4,5.709638255760475e-4,4.948353154992411e-4,1.076117977980603,0.9802543477998839,1.742379067591515,1.0543227348896074,0.9464097020244362,1.12818374230862,8.136e-4,8.155e-4,4.151e-4,6.138e-4,6.033e-4,4.386e-4
MKD,MKD.77_1,SUNF,0.02254619194240171,0.02327085748982582,0.0208604731800609,0.01894924570688354,0.01716513465230779,0.015595047083298858,1.2701861984968732,1.1570344228692084,2.056601496759386,1.2444603788994557,1.1170861989415115,1.3316415561963524,0.01775,0.02011,0.01014,0.01523,0.01537,0.01171
MKD,MKD.79_1,SUNF,0.01986362675731006,0.017449365842420815,0.015580356980437263,0.013609747052666259,0.011700029841267825,0.00997891535580053,10.053148444090137,9.157585574297158,16.27739315836297,9.849536183490255,8.84140718588596,10.539549441336561,0.001976,0.001905,9.572e-4,0.001382,0.001323,9.468e-4
MKD,MKD.7_1,SUNF,0,0,0,0,0,0,3.1921830974678396,2.9078144072438814,5.168571776288699,3.1275299571766255,2.8074180674420766,3.3466303386119107,0,0,0,0,0,0
MKD,MKD.85_1,SUNF,0.0012087436837917246,0.001048967594703467,9.026900608108976e-4,7.574767929513875e-4,6.142696369068998e-4,4.8693228294144564e-4,1.732678262694306,1.5783263871603654,2.8054380630780686,1.6975853224157946,1.5238324717685308,1.8165103516730723,6.976e-4,6.646e-4,3.218e-4,4.462e-4,4.031e-4,2.681e-4
MKD,MKD.8_1,SUNF,4.955558025111894e-6,0,0,0,0,0,1.520129517070857,1.384712084379381,2.461293189750986,1.489341450118821,1.33690297228313,1.5936778703214896,3.26e-6,0,0,0,0,0
MMR,MMR.10_1,SUNF,0.005763388825808204,0.005365100802659091,0.005575808757493696,0.005159993662726288,0.004723313134959448,0.004281686909810819,3.349694082305655,3.216052761132648,3.2638159209514495,3.2956580274973173,3.1842106545867797,3.223803660567687,0.001721,0.001668,0.001708,0.001566,0.001483,0.001328
MMR,MMR.11_1,SUNF,187.53427487268718,176.79896386735936,163.3625000086231,151.65881162913098,138.5560559001122,124.80034682926173,3425.5782487789147,3288.909409267093,3337.754598513634,3370.3180580113276,3256.345949769399,3296.8358980331554,0.05475,0.05376,0.04894,0.045,0.04255,0.03785
MMR,MMR.12_1,SUNF,271.0872546714489,248.9226035610855,221.99221373146833,198.50990140016762,174.24610308604375,151.03137189280625,15565.900860016653,14944.963363961024,15167.015741096704,15314.827076274158,14796.891527956974,14980.920182942116,0.01742,0.01666,0.01464,0.01296,0.01178,0.01008
MMR,MMR.13_1,SUNF,5321.6121892523615,4591.800643958362,3871.945171024644,3172.8438067159036,2490.3957895576486,1821.9995271815853,9131.6690475702635,8766.856101729703,8896.361726429774,8983.748633590714,8680.393035543117,8787.950759630874,0.5828,0.5238,0.4352,0.3532,0.2869,0.2073
MMR,MMR.14_1,SUNF,65.57428654317918,63.206688015533466,59.50625569451467,56.19967667020941,52.09809213657104,47.43126305850309,217.56690410246762,208.98670378261846,212.25371773483297,214.29808283367717,206.94233868377424,209.5921203698515,0.3014,0.3024,0.2804,0.2623,0.2518,0.2263
MMR,MMR.1_1,SUNF,2.0430949389082187,1.4100873231865694,0.8848887706362055,0.4460319661154774,0.13767641697711458,0.03068013628458672,9.839951026745455,9.447370682636302,9.58767816802199,9.681216491612448,9.353832359045844,9.470139469570276,0.2076,0.1493,0.09229,0.04607,0.01472,0.00324
MMR,MMR.2_1,SUNF,211.8248866122083,184.69910943907314,157.5956152196699,130.84511872845425,104.1500917750429,77.69187943880327,39.886403468998026,38.295072581621156,38.863811283328396,39.242970417799896,37.915913447149656,38.38736623427041,5.311,4.823,4.055,3.334,2.747,2.024
MMR,MMR.3_1,SUNF,332.3894175852931,301.2217210014409,275.09561949766163,255.4717424176939,237.18621679965233,220.98970754604596,520.1898865691436,499.4360917467562,506.8534594459654,511.79837124543826,494.49117994728334,500.63976569394436,0.639,0.6031,0.5428,0.4992,0.4797,0.4414
MMR,MMR.4_1,SUNF,290.80389632749433,298.6942484732813,287.7558694255062,276.5771334870015,257.5922074147768,235.66941484708954,1325.8051352808054,1272.8923613160298,1291.7716370029532,1304.3956730611596,1260.3016351023675,1275.9588884426626,0.2193,0.2347,0.2228,0.212,0.2044,0.1847
MMR,MMR.5_1,SUNF,24.673916828187618,21.649149168055395,18.739943648239336,16.162617461146294,14.387285465135752,13.019023822364103,257.5474575265319,247.27219607193857,250.94455541954162,253.3927949846103,244.82395650686988,247.86813838606895,0.0958,0.08755,0.07468,0.06378,0.05877,0.05252
MMR,MMR.6_1,SUNF,558.4133782163226,549.2533499227968,530.3063349018666,502.7614617889602,469.49455139898686,430.4194965287612,3095.7695642554127,2979.846127458647,3036.490616768344,3064.1111640156073,2952.225580211383,2994.7493113983464,0.1804,0.1843,0.1746,0.1641,0.159,0.1437
MMR,MMR.7_1,SUNF,82.54061038554667,67.41232142833724,53.33152201616079,42.96593729802075,35.246135886133445,30.056921165893304,4985.207607604807,4786.314898410464,4857.398783040322,4904.788039460227,4738.925641990558,4797.850233244007,0.01656,0.01408,0.01098,0.00876,0.007438,0.006265
MMR,MMR.8_1,SUNF,52.05904175533833,48.92657990108198,44.2146797849423,40.36020540911048,36.3030234052199,31.99967275823913,2298.7666805250497,2207.05376325399,2239.8317894409306,2261.683806898891,2185.2017457960296,2212.372908503548,0.02265,0.02217,0.01974,0.01785,0.01661,0.01446
MMR,MMR.9_1,SUNF,11.327635855524813,9.788320890664,8.413017432492442,7.200818001862135,6.090761070442348,5.1763482798537295,109.3327425386053,104.97074057624395,106.52971197094065,107.56902623407177,103.93142631311284,105.22372698979443,0.1036,0.09325,0.07897,0.06694,0.0586,0.04919
MNG,MNG.6_1,SUNF,0,0,0,0,0,0,2.294307410946433,1.9226942387508843,1.554383898016117,1.9081439271804128,2.0963160547298285,1.9078937897689237,0,0,0,0,0,0
MOZ,MOZ.10_1,SUNF,58.189376535203515,52.36208469186493,46.0201914595361,39.70785949498009,33.22003704033586,26.623657646251672,1540.569705934331,1293.676897257787,1237.8199060965646,1590.4211624585348,1100.3374266469018,1211.4000616727049,0.03777,0.04048,0.03718,0.02497,0.03019,0.02198
MOZ,MOZ.11_1,SUNF,824.2131184542825,712.8015136083519,602.6228152302343,494.60100639520715,387.64192601603605,283.12852911794783,2240.1994584794807,1006.446943379548,872.1843225013444,1406.6959132945485,1367.2684028253095,1234.270100739261,0.3679,0.7082,0.6909,0.3516,0.2835,0.2294
MOZ,MOZ.1_1,SUNF,58.369547267827684,56.09279789162613,52.84018558001988,49.8749376444073,46.563553899072616,42.178161701354526,1148.604576046852,516.5797440252678,447.82156895590185,721.6744399536027,701.5012350947444,633.3429744337554,0.05082,0.1086,0.118,0.06911,0.06638,0.0666
MOZ,MOZ.2_1,SUNF,10.761342735703659,10.91348276122944,10.658653061787808,10.177807968754205,9.566195505735724,8.932182285969157,912.738549236952,410.0630055538546,355.3595418362533,573.13895968419,557.0747612176197,502.8864268541285,0.01179,0.02661,0.02999,0.01776,0.01717,0.01776
MOZ,MOZ.3_1,SUNF,12.527588825923237,12.354669291824743,11.882443193334929,11.258490180223577,10.494358218536666,9.644048389572484,190.145595040526,85.42607766520698,74.03001833577811,119.39875731244763,116.05219483973436,104.76344945868864,0.06588,0.1446,0.1605,0.09429,0.09043,0.09206
MOZ,MOZ.4_1,SUNF,80.82552047969965,67.06101320851525,54.49246500059823,42.417460670887664,31.630403466220695,23.057308328563334,927.1575900592704,418.39656852148283,363.46105529098514,600.4831756772987,566.3453949398562,519.03385075643,0.08718,0.1603,0.1499,0.07064,0.05585,0.04442
MOZ,MOZ.5_1,SUNF,0.0015789463578605159,0.0013764556960120515,0.0011746092929806496,9.735798171997566e-4,7.732934935008237e-4,5.73468662144302e-4,0.23475029209992399,0.10546548123075918,0.09139611372423706,0.14740753341927895,0.14327592827832025,0.1293390486199861,0.006726,0.01305,0.01285,0.006605,0.005397,0.004434
MOZ,MOZ.6_1,SUNF,1.9406949204455306,1.6890185492923224,1.4280765370977881,1.1702794116565438,0.9092608291999255,0.6485220071168837,109.72010286175163,50.02398627990675,43.93270971085417,69.40423674422657,67.3059395698196,61.00763307941331,0.01769,0.03376,0.03251,0.01686,0.01351,0.01063
MOZ,MOZ.7_1,SUNF,139.49666783836963,132.02626323758665,121.92763594349805,110.52507152915261,98.50159225115014,84.57305481130174,3374.5673615226483,1516.0806299534083,1313.8315594194844,2119.0033318787882,2059.6109463159896,1859.266406610522,0.04134,0.08708,0.0928,0.05216,0.04783,0.04549
MOZ,MOZ.8_1,SUNF,106.39513708399245,92.31162425067456,78.1600789646063,64.20137157571922,50.448457642933505,36.89822151451821,503.20649462700936,231.64562235911745,202.31267675628635,320.3092940544975,311.880727938598,282.342149025687,0.2114,0.3985,0.3863,0.2004,0.1618,0.1307
MOZ,MOZ.9_1,SUNF,189.10501760969765,165.23940711249193,141.46117125040922,117.58059186465155,93.64406134980577,69.48584151741481,1066.5233783660196,479.1534031205738,415.2331019771703,669.7055800553027,650.9347685960606,587.6163895468871,0.1773,0.3449,0.3407,0.1756,0.1439,0.1183
MWI,MWI.11_1,SUNF,1.7244703973862185,2.160143733579499,2.1430215881395602,2.04192860542849,1.908750215716469,1.7610289736702487,269.20879881612166,271.2569664097046,265.04471424993,200.38050205655827,280.07720918507374,247.11916219050187,0.006406,0.007963,0.008086,0.01019,0.006815,0.007126
MWI,MWI.12_1,SUNF,0.8708952667293859,0.7376174341899233,0.6070183733442082,0.47945896383008285,0.3566392934411135,0.24204685704441598,0.20320110021481533,0.11503300384261157,0.1044217157636878,0.1325461566864328,0.1423062860732048,0.12756118529235178,4.286,6.412,5.813,3.617,2.506,1.897
MWI,MWI.13_1,SUNF,8.87177775780474,7.656221926352473,6.443504820847179,5.235745355453971,4.036373126623451,2.860797333797546,6.088923754156587,5.977779642475248,5.826876967087882,4.499348054158029,6.213459926522749,5.485803710169565,1.457,1.281,1.106,1.164,0.6496,0.5215
MWI,MWI.14_1,SUNF,0.4814228501029165,0.446940219168698,0.3958107382458153,0.34432051415561404,0.29696125597724127,0.24797826954697125,82.47775275720943,122.74646774779646,122.88993993791475,137.79350207579265,72.79823116257286,95.61941002255142,0.005837,0.003641,0.003221,0.002499,0.004079,0.002593
MWI,MWI.15_1,SUNF,0.2652854016959754,0.22670071998462152,0.18834580078018473,0.1510103971237596,0.11542618087727316,0.0812077325357817,1.7506320993139406,0.7901883420849383,0.6855105579052381,1.1000490258602946,1.0713094116399096,0.966959740289822,0.1515,0.2869,0.2748,0.1373,0.1077,0.08398
MWI,MWI.16_1,SUNF,0.020350256943312987,0.014769059279974154,0.010021572437219723,0.005943253308634629,0.00283612228104923,0.00133883642630751,2.0381877634149936,0.9156898225102428,0.7935344358895707,1.2798460362403883,1.2439739316042844,1.1229688528642217,0.009984,0.01613,0.01263,0.004644,0.00228,0.001192
MWI,MWI.17_1,SUNF,9.449517571820035,9.11120297222009,8.595577497118773,7.9320329402294085,7.301683310977581,6.455904500448483,1519.1125894481677,1687.744128639499,1661.0413788091869,1404.4984296507669,1547.400752866168,1475.9640025372178,0.00622,0.005398,0.005175,0.005648,0.004719,0.004374
MWI,MWI.18_1,SUNF,0.08341701621071777,0.06012906467982309,0.039133387255125135,0.02096820954472081,0.0072391506336516006,0.0015711221291131,0.0023081075661117675,0.0010369557925351467,8.986232124061813e-4,0.0014493376776804493,0.001408714984516882,0.0012716850490069502,36.14,57.99,43.55,14.47,5.139,1.235
MWI,MWI.19_1,SUNF,54.60443942887198,55.51610847481459,54.55456346795029,53.55567687926758,50.81863608325418,46.64863953712679,486.711246032961,494.8749113591306,483.95165181923204,363.2983865333398,509.81010285725887,449.74909893413013,0.1122,0.1122,0.1127,0.1474,0.09968,0.1037
MWI,MWI.20_1,SUNF,17.462212355861052,17.338620151745186,16.69944937471237,15.976665236461088,14.979725857903823,13.667943772241907,3569.8504562625744,3629.6765541774676,3549.4551956097694,2663.960962267168,3739.131119680853,3298.4008676741087,0.004892,0.004777,0.004705,0.005997,0.004006,0.004144
MWI,MWI.21_1,SUNF,0.12906676064147068,0.10646521184953127,0.08387528058030175,0.06332762943470961,0.04571568908645198,0.03226100417103889,11.324754343830492,5.087834634871578,4.409104357864671,7.111190744302627,6.91187506785121,6.239536230534749,0.0114,0.02093,0.01902,0.008905,0.006614,0.00517
MWI,MWI.22_1,SUNF,0.12023764114864717,0.10488265418608321,0.08951223834869712,0.0734565316673935,0.05770719269317315,0.04223369339730706,54.763869994269214,53.87663551365395,52.52683422477761,40.49063426472281,55.970519322117575,49.4132749277908,0.002196,0.001947,0.001704,0.001814,0.001031,8.547e-4
MWI,MWI.23_1,SUNF,0.351508604853533,0.34623007696075836,0.3379889995727063,0.32211060483500653,0.30479870270273757,0.2792906620898614,234.43890381800222,238.3677980354816,233.09950806204336,174.94740899082876,245.55588859246095,216.612290414943,0.001499,0.001453,0.00145,0.001841,0.001241,0.001289
MWI,MWI.24_1,SUNF,0.010075564075036614,0.007624033380361898,0.0052664883178413216,0.0030656554986345664,0.0013280663864950232,5.499093670484399e-4,0.16261440525441043,0.07305723180063145,0.06331120844571712,0.10211100553941946,0.09924899200694183,0.08959474460869958,0.06196,0.1044,0.08318,0.03002,0.01338,0.006138
MWI,MWI.25_1,SUNF,5.145726340225181,5.057842936877041,4.7659567392023545,4.521862984468326,4.1979705373614005,3.7961482216007805,1399.4545686195781,1423.1345935619643,1391.7020195575285,1044.781088318566,1465.7530350479483,1293.1683807354225,0.003677,0.003554,0.003425,0.004328,0.002864,0.002936
MWI,MWI.26_1,SUNF,0.0509798780200596,0.04961444832427085,0.046284880580004635,0.0425738463125053,0.03885392794736996,0.0349749427295815,72.22497438770496,73.43537197790073,71.81233884559276,53.897079058888195,75.64984938723622,66.73302456415949,7.058e-4,6.756e-4,6.445e-4,7.899e-4,5.136e-4,5.241e-4
MWI,MWI.27_1,SUNF,0.06841996146750923,0.057683497962309475,0.04765755582500161,0.03853784626289627,0.030209337221680045,0.022780916373504195,1.426542435814206,0.6809954410079805,0.5981449220453479,0.9041326967618416,0.9015497467749491,0.8123289788451763,0.04796,0.0847,0.07968,0.04262,0.03351,0.02804
MWI,MWI.28_1,SUNF,0.6058203235806089,0.5098934825596675,0.4151378427315947,0.3219801870726896,0.2306262662644875,0.14426068783660645,0.2790067040905627,0.25909978780284254,0.2512072144205765,0.20308085603724318,0.27330330459097163,0.24163367292827334,2.171,1.968,1.653,1.585,0.8438,0.597
MWI,MWI.2_1,SUNF,0.02075545620109244,0.015578781548256414,0.011700676910782888,0.007699973953361469,0.004661691574652551,0.0029893425193612357,1.6727469553464238,1.7007800408673692,1.6631902216461014,1.2482687001571056,1.7520678450590996,1.545552139091634,0.01241,0.00916,0.007035,0.006169,0.002661,0.001934
MWI,MWI.3_1,SUNF,0.07835386536764952,0.06278940818506559,0.04824774278534516,0.03497339367325189,0.0245519558606743,0.017336027373252367,0.9323562865939335,0.4188766010237679,0.3629973809139048,0.5854575908952173,0.5690481202511641,0.5136951013104257,0.08404,0.1499,0.1329,0.05974,0.04315,0.03375
MWI,MWI.4_1,SUNF,0.010450639006731731,0.00912155252629316,0.007822215768312058,0.006977479657961446,0.005751762562429814,0.004500244339367285,1.711026719699671,1.7397013247908097,1.7012512861458733,1.2768345460185033,1.7921628181961895,1.580921129895047,0.006108,0.005243,0.004598,0.005465,0.003209,0.002847
MWI,MWI.5_1,SUNF,8.641682119483146,8.636538115302693,8.357677214334933,8.177020973596115,7.65165903572857,7.001188444079226,1125.7731892143736,1151.7847144171242,1132.2432356930744,885.9491321414356,1185.3723502656667,1060.904404806462,0.007676,0.007498,0.007382,0.00923,0.006455,0.006599
MWI,MWI.6_1,SUNF,4.371947101267479,5.550115809812863,5.8005169309983176,5.579832783147856,5.2830217432084225,4.879616691400896,3181.836436625892,3233.2485737853444,3161.62045919721,2374.0113818062614,3331.245522994279,2938.6349619993307,0.001374,0.001717,0.001835,0.00235,0.001586,0.001661
MWI,MWI.7_1,SUNF,0.026063482373442973,0.022548537148161463,0.019044606680082492,0.015544306145160044,0.012049248280137932,0.00856496929311334,3.408330062855417,3.4654492869139344,3.388857600108195,2.543428175832975,3.5699515036573595,3.1491624017247544,0.007647,0.006507,0.00562,0.006112,0.003375,0.00272
MWI,MWI.8_1,SUNF,1.2821090345958785,1.6079869281202255,1.5263824078161345,1.4599873320760428,1.3401299272723064,1.212895267268167,185.49961986058275,188.60835468208938,184.43982389870553,138.42701588720124,194.29592634416403,171.39432438353094,0.006912,0.008526,0.008276,0.01055,0.006897,0.007077
MWI,MWI.9_1,SUNF,0.7637156681120245,0.7254738069536947,0.6823675168842822,0.6363189566966473,0.5970296361653729,0.5347707069823223,336.2892519264154,404.90688456644176,400.6203074476179,370.11113703063637,332.99143336293855,342.55088323409177,0.002271,0.001792,0.001703,0.001719,0.001793,0.001561
NAM,NAM.10_1,SUNF,3.485436793287518e-7,2.949215748166362e-7,2.412994703045205e-7,1.876773657924048e-7,1.3405526128028914e-7,8.043315676817349e-8,0.005728501729826437,0.0057592777664176335,0.005770922753235925,0.005752623488235754,0.005760941335963105,0.005760093747279678,6.084e-5,5.121e-5,4.181e-5,3.262e-5,2.327e-5,1.396e-5
NAM,NAM.11_1,SUNF,4.7425681155404184e-4,3.4301073984516916e-4,2.4035678517225631e-4,1.5982670895801335e-4,9.888648568182011e-5,5.5788711743288325e-5,0.6527823755761872,0.6562894102641963,0.6576163963623618,0.6555311324938159,0.6564789797067914,0.656382394075788,7.265e-4,5.227e-4,3.655e-4,2.438e-4,1.506e-4,8.499e-5
NAM,NAM.12_1,SUNF,0.002972851222271781,0.0019354184897420925,0.0012986443607892497,7.129423300815552e-4,2.610888524516469e-4,6.107125382680068e-5,0.11273777176968375,0.11334344877788445,0.11357262386206848,0.11321249158692213,0.11337618807562504,0.113359507403426,0.02637,0.01708,0.01143,0.006297,0.002303,5.387e-4
NAM,NAM.13_1,SUNF,0.022351148379733385,0.019009524992201914,0.015706011333402388,0.012459404629094187,0.009265366130083877,0.006516792741850771,0.022981462907863303,0.0235679912188976,0.02361860291119169,0.023729889693863155,0.0230064343151632,0.023272142522657933,0.9726,0.8066,0.665,0.5251,0.4027,0.28
NAM,NAM.4_1,SUNF,0.030651652714730474,0.02578865100602711,0.021028962915559484,0.016670254223073968,0.012688706587305348,0.009063641098884353,4.030321200771948,4.051601346864556,4.06588538766827,4.072863945832664,4.087931598134678,4.078075588160859,0.007605,0.006365,0.005172,0.004093,0.003104,0.002223
NAM,NAM.6_1,SUNF,0,0,0,0,0,0,0.0014320517799169367,0.0014397453933708245,0.0014426564903533767,0.0014380819093807945,0.001440161264368332,0.0014399493780950993,0,0,0,0,0,0
NAM,NAM.7_1,SUNF,0.012179721400878817,0.010575165993441403,0.009020723163822464,0.007843506331082991,0.006866991502381575,0.005752357495755304,3.1846764872194013,3.2015494851368285,3.2118902444163635,3.214320585438733,3.2247951896288343,3.218445568316104,0.003824,0.003303,0.002809,0.00244,0.002129,0.001787
NAM,NAM.9_1,SUNF,2.467876037380741e-6,0,0,0,0,0,0.019191768645137056,0.019294875286616664,0.019333888610419757,0.019272581958729176,0.019300448618588536,0.019297609005948835,1.286e-4,0,0,0,0,0
NLD,NLD.10_1,SUNF,0,0,0,0,0,0,0.011092238593355406,0.01906717565099196,0.030828773469808467,0.03253085835740955,0.025665145159108532,0.02912074403480031,0,0,0,0,0,0
NLD,NLD.1_1,SUNF,4.185878346820716e-4,6.369308775278329e-4,5.875965793427961e-4,5.382622811577594e-4,4.889279829727225e-4,4.395936847876857e-4,0.035287055273576014,0.06065723122026773,0.09807367776035264,0.1034884155523324,0.08164694513299828,0.0926400289459346,0.01186,0.0105,0.005991,0.005201,0.005988,0.004745
NLD,NLD.5_1,SUNF,0.0016499011356676987,0.0015272771183748987,0.0014046531010820987,0.001282029083789289,0.001159405066496489,0.001036781049203696,0.03691720507041861,0.06345940250897819,0.10260436995433586,0.10826925142203801,0.0854187744905203,0.09691970383506578,0.04469,0.02407,0.01369,0.01184,0.01357,0.0107
NPL,NPL.2_1,SUNF,0.00490621829506131,0.00264264646683285,0.0011775955776397,5.108783806325175e-4,1.1030605587714484e-4,0,2.3397226379591483,3.0818629255136485,4.046454009229532,2.581987830083454,2.0908082753592607,2.509306795422611,0.002097,8.575e-4,2.91e-4,1.979e-4,5.276e-5,0
NPL,NPL.3_1,SUNF,7.368551758278335e-7,6.499995412131949e-7,5.711142791853415e-7,5.001993897442735e-7,5.404758559898691e-7,4.711857864946998e-7,0.004358913459449339,0.005741524045737728,0.007538561433614384,0.004810254566969603,0.003895184918388888,0.004674849483012218,1.69e-4,1.132e-4,7.576e-5,1.04e-4,1.388e-4,1.008e-4
NPL,NPL.4_1,SUNF,1.33248715523491e-5,1.210272093918925e-5,1.08805703260294e-5,9.658419712869551e-6,8.436269099709704e-6,7.214118486549854e-6,0.024394322670514983,0.032131996080037015,0.04218897709116737,0.026920218335511236,0.021799101690012906,0.02616243423632843,5.462e-4,3.767e-4,2.579e-4,3.588e-4,3.87e-4,2.757e-4
NPL,NPL.5_1,SUNF,1.334148498317678e-4,1.2100604665846778e-4,1.0859724348516776e-4,9.618844031186776e-5,8.377963713856775e-5,7.137083396526772e-5,7.3489585922891e-5,9.679986276692253e-5,1.2709721433207445e-4,8.109902148755887e-5,6.567130304570259e-5,7.881614442554452e-5,1.815,1.25,0.8544,1.186,1.276,0.9055
PAK,PAK.2_1,SUNF,0,0,0,0,0,0,1.4964043992585196,0.9299008297194528,0.8496131443395571,1.3529043826388603,1.000315080105768,1.0672146246509842,0,0,0,0,0,0
PAK,PAK.4_1,SUNF,0,0,0,0,0,0,0.07667284972809468,0.04764630912234619,0.04353252434651982,0.06932018809751536,0.051254198300740454,0.054682000790719075,0,0,0,0,0,0
PAK,PAK.5_1,SUNF,0.010569887187919711,0.008670716043313768,0.006905410518559631,0.0052717938556909785,0.003683513521248903,0.0022039536789597363,3.8232773562782754,2.3758743208803903,2.1707412100361214,3.456638254950215,2.555781042081361,2.7267077741410857,0.002765,0.003649,0.003181,0.001525,0.001441,8.083e-4
PAK,PAK.7_1,SUNF,0.007261747534907464,0.0050548810583591255,0.003876564220229744,0.060428768016044465,0.12488743000281687,0.13529290789772358,546.3041373016865,339.48621830284014,310.17496078505485,493.91545625996685,365.19290316029037,389.61644668018346,1.329e-5,1.489e-5,1.25e-5,1.223e-4,3.42e-4,3.472e-4
PAK,PAK.8_1,SUNF,0.24208155359153735,0.19865041882416448,0.1552860290036478,0.11192163918313115,0.07038079085148229,0.02776858025922314,1587.531359652632,986.5292625964784,901.3522754146271,1435.2925820820335,1061.2315494315735,1132.2050943935062,1.525e-4,2.014e-4,1.723e-4,7.798e-5,6.632e-5,2.453e-5
PER,PER.21_1,SUNF,0.002018285090133295,0.0017168654497369444,0.0014188876114651467,0.0011224681401726087,8.287989628558213e-4,5.38268896874349e-4,0.14905230025484936,0.14960362512524372,0.15007711589628828,0.14957768042546046,0.14975280714899747,0.14975130884258483,0.01354,0.01148,0.009454,0.007504,0.005534,0.003594
PER,PER.25_1,SUNF,3.32924910157582e-4,3.070173180916076e-4,2.8332788834178847e-4,2.7527020060757806e-4,2.487720793288922e-4,2.3731971227510594e-4,0.16296744484887477,0.16357024001041323,0.16408793467855806,0.16354187317928204,0.16373334928941777,0.16373171110491977,0.002043,0.001877,0.001727,0.001683,0.001519,0.001449
POL,POL.10_1,SUNF,0.02575838365971301,0.025759857158961962,0.02464887784034026,0.022841347631983422,0.020935325746399492,0.018977928660847302,7.501966085338594,16.14848226997631,30.553318774718452,28.520980546324658,20.483747259692105,25.666495478125096,0.003434,0.001595,8.067e-4,8.009e-4,0.001022,7.394e-4
POL,POL.11_1,SUNF,0.008305797932040497,0.007322962743697007,0.006320391031502551,0.005318043913586454,0.00430440760790791,0.0032972499861013416,1.8416353633164597,3.975400592591909,7.528430087318112,7.023288860764027,5.033154148918415,6.31439719610167,0.00451,0.001842,8.395e-4,7.572e-4,8.552e-4,5.222e-4
POL,POL.12_1,SUNF,0.010889552246055149,0.009404124895327857,0.007930938183789114,0.006469524567653082,0.005009858089334762,0.0035622453707984773,1.7118911426395302,3.6868590250055107,6.951101191688961,6.479647819506812,4.648140894121958,5.829000638426774,0.006361,0.002551,0.001141,9.984e-4,0.001078,6.111e-4
POL,POL.13_1,SUNF,0.0027401828212540807,0.0024874519357816084,0.002238993686784214,0.0019937916650323143,0.0017632442708588705,0.0015228188142563327,1.8572373034729657,4.0090793345292175,7.592209333760933,7.082788658981501,5.075793952320366,6.367891416043545,0.001475,6.205e-4,2.949e-4,2.815e-4,3.474e-4,2.391e-4
POL,POL.14_1,SUNF,0.00425751300818255,0.004130963112035524,0.004124312530213747,0.0038241198476632564,0.0035257206962550224,0.003248414020340171,1.3151452595793405,2.838905761920771,5.376188652014687,5.015458128071907,3.594266786755171,4.5092257158873865,0.003237,0.001455,7.671e-4,7.625e-4,9.809e-4,7.204e-4
POL,POL.15_1,SUNF,0.08470621101447773,0.08212359687114978,0.07672746912098904,0.06996096262481924,0.06250704382901653,0.055360280349236915,21.078541118951907,45.500671047255075,86.16706994098978,80.3854476248199,57.607248861114435,72.27178821096115,0.004019,0.001805,8.905e-4,8.703e-4,0.001085,7.66e-4
POL,POL.16_1,SUNF,0.028895942284233377,0.026824363366251,0.02499265650753016,0.02227066052829944,0.019605879605448358,0.017312519494623285,8.520848156597799,17.866881035402233,33.26553988470518,31.440522664968864,22.785390395152437,28.253422006116757,0.003391,0.001501,7.513e-4,7.083e-4,8.605e-4,6.128e-4
POL,POL.1_1,SUNF,0.2636943465780272,0.22293809576222867,0.18247732008442014,0.14640834061457964,0.11526735073287854,0.09441278388400207,46.15262980692159,99.42085373096452,187.65592929347565,175.00969703004634,125.52672236853022,157.40604540978475,0.005714,0.002242,9.724e-4,8.366e-4,9.183e-4,5.998e-4
POL,POL.2_1,SUNF,0.0389726738050119,0.036772785400368733,0.03469527579656429,0.032430130729936224,0.030192208431289926,0.027868151171069895,4.079156042367729,8.805369222982819,16.675201666916326,15.55633203203027,11.148255277720132,13.986162510478419,0.009554,0.004176,0.002081,0.002085,0.002708,0.001993
POL,POL.3_1,SUNF,0.017342124271965482,0.01601634012521821,0.01455148681632157,0.01308607331905262,0.011655712068193446,0.010261512847656355,7.871885127705508,16.99244998485538,32.17951719422245,30.020341828724906,21.513711171885177,26.99025570887496,0.002203,9.426e-4,4.522e-4,4.359e-4,5.418e-4,3.802e-4
POL,POL.4_1,SUNF,0.018133815942435,0.016957277537303903,0.015526086743493824,0.014117045343426383,0.012699329998437486,0.011288582055404428,11.902434416394426,17.713238435496645,20.333790480278864,20.437690529900912,15.860557764829084,18.485715164997853,0.001524,9.573e-4,7.636e-4,6.907e-4,8.007e-4,6.107e-4
POL,POL.5_1,SUNF,0.3091085020094373,0.2907828827996848,0.281252616370823,0.2603393195735647,0.2363457183832447,0.21213794323827945,25.72257109808809,54.604231843583065,102.4097014762962,96.25045163101458,69.42102642792679,86.51154835317108,0.01202,0.005325,0.002746,0.002705,0.003405,0.002452
POL,POL.6_1,SUNF,0.002377937417635892,0.002198567942247072,0.001952072958036126,0.00170557797382518,0.0014613158380624633,0.0012147063488028905,1.1785806967604333,2.0725840288628365,2.965852056476873,2.82665733438815,2.211528935445392,2.626507736062993,0.002018,0.001061,6.582e-4,6.034e-4,6.608e-4,4.625e-4
POL,POL.7_1,SUNF,0.0737601568139968,0.07645551703431089,0.06903002752940528,0.06133276528386809,0.05354668007252287,0.045720107035082745,30.27573691772489,65.35397010792431,123.76433102189584,115.46001455074197,82.7430086945092,103.80612368287987,0.002436,0.00117,5.578e-4,5.312e-4,6.471e-4,4.404e-4
POL,POL.8_1,SUNF,0.004269290198782771,0.003865768099249058,0.003940794814861964,0.003524831888077148,0.003150027255641412,0.0027853701221765025,6.100860483457918,13.165958642210386,24.920271909056876,23.24608237126264,16.66092004898185,20.901150531973684,6.998e-4,2.936e-4,1.581e-4,1.516e-4,1.891e-4,1.333e-4
POL,POL.9_1,SUNF,0.10010479856810302,0.09214060382356556,0.0813935262633866,0.07194041792364121,0.06347956711857555,0.05543728029008521,24.930513363172366,47.01808374427793,77.74480005677093,73.7726684054201,53.92952624493084,66.43951100145311,0.004015,0.00196,0.001047,9.752e-4,0.001177,8.344e-4
PRK,PRK.13_1,SUNF,0.01584391307860273,0.014377067942679003,0.01262350967457597,0.010909826356737663,0.009383726559662976,0.008117783425584644,0.6295317129864371,0.527565308770324,0.42650516373172626,0.5235728696909999,0.5752051493180876,0.5235042348461726,0.02517,0.02725,0.0296,0.02084,0.01631,0.01551
PRK,PRK.1_1,SUNF,0.016792744755631882,0.015117239006879533,0.013342277740976408,0.011877325370002915,0.01009652540501414,0.00832311936208784,0.8288188266235352,0.6945735237197233,0.5615213690761661,0.6893172219245464,0.757294425508797,0.6892268597547275,0.02026,0.02176,0.02376,0.01723,0.01333,0.01208
PRK,PRK.2_1,SUNF,1.3219628930127307,1.146344314158928,0.9716225617872402,0.7976024779794024,0.6239147488712631,0.4516706016581522,0.012379165331895875,0.01037408925701133,0.008386833939938637,0.010295581594218589,0.011310883147390972,0.010294231952772228,106.8,110.5,115.9,77.47,55.16,43.88
PRT,PRT.10_1,SUNF,0.12655172447247012,0.11800667434540797,0.10532430569781599,0.09171543434857143,0.07745274832814796,0.06511411925309833,62.15330258658923,53.77419780404837,58.48833274052861,59.04109590309228,57.40518603252135,57.26493543780021,0.002036,0.002194,0.001801,0.001553,0.001349,0.001137
PRT,PRT.11_1,SUNF,4.685804037467288e-4,4.3766229380167115e-4,3.8524310053432393e-4,3.3713399271507343e-4,2.910857717589681e-4,2.4635478853171107e-4,2.0962958772090143,2.061248088248362,2.6329651456690026,1.91229498516559,1.5114358989281294,1.7354777946156943,2.235e-4,2.123e-4,1.463e-4,1.763e-4,1.926e-4,1.42e-4
PRT,PRT.12_1,SUNF,0.004817861354496663,0.004444633989396179,0.004072002611356334,0.0037205428415180448,0.0033741223088186592,0.0030470802734324865,10.423719117635223,10.249445861749994,13.092278348377784,9.508784524237774,7.515534160050474,8.62957050225755,4.622e-4,4.336e-4,3.11e-4,3.913e-4,4.49e-4,3.531e-4
PRT,PRT.14_1,SUNF,0.4688584945232556,0.39412324455103176,0.3241561463925135,0.2576015095828972,0.1950125027408624,0.13537135414278081,123.63891073822364,120.72137601830865,153.0232978004411,113.05808779181287,90.60303496503387,103.03107739266053,0.003792,0.003265,0.002118,0.002278,0.002152,0.001314
PRT,PRT.16_1,SUNF,0.46709871044663337,0.39971035883765466,0.3334085617952106,0.2675229364520389,0.2039111040741233,0.14323917752824408,74.34466850808822,73.1017064431672,93.37752512719128,67.8191176672529,53.602739049718785,61.54833520716185,0.006283,0.005468,0.003571,0.003945,0.003804,0.002327
PRT,PRT.17_1,SUNF,0.35035006623419673,0.30448680571190456,0.25888161283468547,0.21470678855154268,0.17237863170527482,0.1315915440110621,77.17202404725276,75.8817916702872,96.92870731953795,70.39830406818355,55.64127125663992,63.88904140663051,0.00454,0.004013,0.002671,0.00305,0.003098,0.00206
PRT,PRT.1_1,SUNF,2.507398957709119e-5,2.3554353845146267e-5,2.203471811320135e-5,2.0515082381256428e-5,1.8995446649311507e-5,1.7475810917366586e-5,0.02878231127695062,0.028301102310982793,0.03615082356833296,0.026255964205619535,0.02075213665736252,0.023828249934531663,8.712e-4,8.323e-4,6.095e-4,7.813e-4,9.153e-4,7.334e-4
PRT,PRT.3_1,SUNF,3.4904956578320947,2.9872648558689887,2.497172629218909,2.0183703485158024,1.5491986160177988,1.0880360396805138,628.3495361198093,602.3819326273184,747.9721785874425,578.1328701419443,479.5690954728022,532.4352814564094,0.005555,0.004959,0.003339,0.003491,0.00323,0.002044
PRT,PRT.5_1,SUNF,0.08857393510419141,0.07986181376403821,0.0714835021162056,0.06408643628868092,0.05812039738200628,0.049940913995825786,142.88322445232225,122.96631441301724,132.7127171562368,135.9375121525566,133.0904102674683,132.16332971786255,6.199e-4,6.495e-4,5.386e-4,4.714e-4,4.367e-4,3.779e-4
PRT,PRT.6_1,SUNF,0.007847456977744888,0.007251267027487803,0.006644299293602941,0.006044029711317647,0.005281020412645073,0.004502909301525957,14.715215579018137,14.371274171542801,18.221269982567463,13.454858155740826,10.777706509012733,12.259909786767107,5.333e-4,5.046e-4,3.646e-4,4.492e-4,4.9e-4,3.673e-4
PRT,PRT.7_1,SUNF,4.74374156941864e-4,4.115938480754801e-4,3.7047903040302786e-4,3.0446274095615383e-4,2.3824008714099038e-4,1.720174333258269e-4,0.5011299295713632,0.4927515817415389,0.629423380715547,0.45714360346478583,0.3613162501611709,0.4148745768399528,9.466e-4,8.353e-4,5.886e-4,6.66e-4,6.594e-4,4.146e-4
PRT,PRT.8_1,SUNF,0.6454330145077279,0.5322365951760621,0.42275996190226867,0.31812859069128996,0.21749865184599168,0.12164013569824234,243.22159954927105,238.834276504064,304.6324173301181,221.9754483269253,175.9141102751092,201.6118850738734,0.002654,0.002228,0.001388,0.001433,0.001236,6.033e-4
PRT,PRT.9_1,SUNF,0.02089507645511682,0.019418327444792327,0.017929359440019655,0.016445469889445383,0.014996713321998867,0.013543266090793232,56.28483293193403,48.56324423434672,52.60948905033275,53.509140306670574,52.214290856554555,51.96379195947839,3.712e-4,3.999e-4,3.408e-4,3.073e-4,2.872e-4,2.606e-4
PRY,PRY.10_1,SUNF,80.54684236315269,85.57733591893388,80.50755587841962,74.67912945558056,68.39536617092037,61.251138144071156,252.39599462687337,247.67627666060562,43.494016335298376,275.9582789353948,182.32633558920568,179.6740719253001,0.3191,0.3455,1.851,0.2706,0.3751,0.3409
PRY,PRY.11_1,SUNF,3.434326007489645,3.525687189161862,3.551689036307357,3.400324008820338,3.2121208114124333,3.0387965115841817,54.984929335757656,53.956730139318005,9.47525105642084,60.11801609336794,39.720125880922744,39.14232538787118,0.06246,0.06534,0.3748,0.05656,0.08087,0.07763
PRY,PRY.12_1,SUNF,3.6090970915755265,3.4789487479806676,3.398984999938587,3.0382470575243468,2.651512466282973,2.3046227686399017,281.56667816149417,276.3014784835606,48.52084010895714,307.852175015178,203.39871371217254,200.43991450238977,0.01282,0.01259,0.07005,0.009869,0.01304,0.0115
PRY,PRY.13_1,SUNF,130.62405811767377,103.80410918670508,78.66925433238622,57.53872508466047,41.25530630216224,27.841507976396656,2014.810186137132,1977.133931217997,347.2011799471065,2202.9016433872757,1455.4627092607418,1434.290392900261,0.06483,0.0525,0.2266,0.02612,0.02835,0.01941
PRY,PRY.14_1,SUNF,6.029879872607601,4.93262258147862,3.917559976072293,2.9628059870683474,2.176969663424454,1.5726963079818992,197.53432722096525,193.840503495602,34.04000633065541,215.975031819125,142.69525191364895,140.6194934641667,0.03053,0.02545,0.1151,0.01372,0.01526,0.01118
PRY,PRY.15_1,SUNF,0.08011305579610584,0.07758173993731453,0.08184680362143036,0.07994285692376295,0.08158019630981019,0.08318161184396193,15.149908075273876,14.873306364785437,2.664435459400446,16.592834419191778,10.971674937756136,10.819694740513091,0.005288,0.005216,0.03072,0.004818,0.007436,0.007688
PRY,PRY.16_1,SUNF,7.368298542824242,8.238090536011669,9.189561990870237,8.72488502844099,8.25174430476122,7.698983113192361,144.70237495271664,141.9964904958908,24.935765994441102,158.21098274102405,104.53039801676394,103.00981583900275,0.05092,0.05802,0.3685,0.05515,0.07894,0.07474
PRY,PRY.17_1,SUNF,24.154030198294663,23.84028200845307,23.292466463730943,22.400696998461417,21.40537563805652,19.5500332571758,1790.0451167031645,1756.5718909880595,308.4686492822772,1957.153758927036,1293.0964580096795,1274.2860500759002,0.01349,0.01357,0.07551,0.01145,0.01655,0.01534
PRY,PRY.18_1,SUNF,86.04081248523957,72.96862121166544,60.205210812479045,47.90779667007654,36.787010366886555,26.45672050565122,1830.889230096311,1796.6522335611385,315.50709114720667,2001.8108512603656,1322.6015123049012,1303.361900421205,0.04699,0.04061,0.1908,0.02393,0.02781,0.0203
PRY,PRY.1_1,SUNF,50.65570523365294,50.76939960613026,48.74708432751446,46.091940790707866,42.893569821487645,38.79529241992406,3672.942088369942,3604.313042575547,635.3149383626211,4015.55940160504,2654.064716191609,2615.4983599495795,0.01379,0.01409,0.07673,0.01148,0.01616,0.01483
PRY,PRY.2_1,SUNF,101.15646415006775,81.51612177283283,63.29225511929844,47.302044317911495,33.836018943609176,22.209568982321898,2590.7174276334345,2542.271906115548,446.44411368021497,2832.5723773650366,1871.4877620217358,1844.2636148758304,0.03905,0.03206,0.1418,0.0167,0.01808,0.01204
PRY,PRY.3_1,SUNF,32.68794179618376,35.75224480197544,34.21746429840192,32.38695000144604,31.00992730975671,28.260969660430266,703.1953372025398,690.0358249171446,121.2128583690653,768.841760698584,508.0003972276904,500.6085351659683,0.04648,0.05181,0.2823,0.04212,0.06104,0.05645
PRY,PRY.4_1,SUNF,4.1141568824828973e-4,3.8586220111916586e-4,3.5821158767519067e-4,3.3004301126676614e-4,3.0187443485834165e-4,2.737058584499171e-4,0.011100899677881014,0.010893316686206024,0.0019129571078972175,0.012137217844012312,0.008019090647629236,0.007902438587061352,0.03706,0.03542,0.1873,0.02719,0.03764,0.03464
PRY,PRY.5_1,SUNF,71.72020742548894,69.03585423971163,65.59390795722463,61.28342386235451,56.5048474406455,50.875611114777094,6528.28412405873,6407.514969763957,1135.475477983783,7143.315698920483,4721.314750805654,4654.12310097326,0.01099,0.01077,0.05777,0.008579,0.01197,0.01093
PRY,PRY.6_1,SUNF,76.09069346692047,64.31709241665158,52.87183998492837,41.926517812924246,31.774800117299275,22.161209864050324,1759.1524284895704,1726.25688537915,303.1450818944916,1923.3771014023628,1270.7801346194797,1252.2943576472592,0.04325,0.03726,0.1744,0.0218,0.025,0.0177
PRY,PRY.7_1,SUNF,38.87027851121056,33.4499580220952,28.072724564792725,22.79581910135513,17.738073022160904,12.736275630927441,734.7380587019642,720.9987106537399,126.61337662902088,803.3291116504071,530.7615838321726,523.0407043528265,0.0529,0.04639,0.2217,0.02838,0.03342,0.02435
PRY,PRY.8_1,SUNF,112.1148506864227,94.91533504119992,78.18947958779995,61.94174988059139,46.524175817886885,31.761931596783842,2445.0224361387523,2399.3013606643513,421.33729552563653,2673.2761129301866,1766.240315634179,1740.547181421049,0.04585,0.03956,0.1856,0.02317,0.02634,0.01825
PRY,PRY.9_1,SUNF,0.41968579588397437,0.49258846435813924,0.508303124517881,0.5381418752383195,0.518917785286929,0.49659289714171545,24.113811485374708,23.662891535274206,4.155400770926194,26.364942620876462,17.419384533882592,17.16598833361611,0.0174,0.02082,0.1223,0.02041,0.02979,0.02893
PSE,PSE.1_1,SUNF,0,0,0,0,0,0,0.007928358994800495,0.0025370748783361584,0.0031713435979201987,0.0025370748783361584,0.004439881037088278,0.00340877152195116,0,0,0,0,0,0
PSE,PSE.2_1,SUNF,2.823963280366971e-4,1.670558637499206e-4,1.0023351824995237e-4,3.341117274998412e-5,0,0,3.6755021656230924,1.1761606929993895,1.470200866249237,1.1761606929993895,2.058281212748932,1.5802699044357644,7.683e-5,1.42e-4,6.818e-5,2.841e-5,0,0
ROU,ROU.10_1,SUNF,0.01954363395187905,0.01819579712761152,0.016847960303344,0.01550012347907648,0.01415228665480896,0.01280444983054144,2.3229619430662627,3.111548033542897,2.3051255801839474,2.205603052322196,1.6501371304620274,1.9614431781490207,0.008413,0.005848,0.007309,0.007028,0.008576,0.006528
ROU,ROU.11_1,SUNF,0.22731319963066396,0.17421509101150456,0.23148494824061097,0.20901515216756278,0.18242616828361394,0.16256688925098306,534.9213191781625,716.5134081327074,530.8140410581627,507.89643706957463,379.9862211631749,451.67238984704835,4.249e-4,2.431e-4,4.361e-4,4.115e-4,4.801e-4,3.599e-4
ROU,ROU.12_1,SUNF,0.02567776326784271,0.02379261227400229,0.02190746128016188,0.020769260468485158,0.018845804337097878,0.016922348205710612,163.6695860366229,218.37254311440202,163.54145849567172,155.77139542421452,117.37379993962222,138.97516441991516,1.569e-4,1.09e-4,1.34e-4,1.333e-4,1.606e-4,1.218e-4
ROU,ROU.13_1,SUNF,0.11179150610843673,0.10451861201688384,0.09752312485680337,0.09042168350124608,0.08359092089996585,0.07703083705296268,93.37326882845144,125.07110238110036,92.65632229762112,88.65593659338691,66.32855021424052,78.84173983637942,0.001197,8.357e-4,0.001053,0.00102,0.00126,9.77e-4
ROU,ROU.14_1,SUNF,0.5488475903920845,0.4603961117860656,0.37636515883176525,0.29365992194045976,0.23671024113094227,0.2069231429635935,403.1236322431,539.9737817163661,400.0283342712212,382.7573311704613,286.36253629407116,340.3861611999419,0.001361,8.526e-4,9.408e-4,7.672e-4,8.266e-4,6.079e-4
ROU,ROU.15_1,SUNF,0.04691276837401391,0.043172877537367205,0.052424384550534414,0.07050658403425117,0.0649472207001205,0.05938785736598985,621.8195169237615,832.8583853880938,617.1145808648847,590.4272766995938,441.7835486169503,525.0946744506941,7.544e-5,5.184e-5,8.495e-5,1.194e-4,1.47e-4,1.131e-4
ROU,ROU.16_1,SUNF,0.05923905616053922,0.056706525866890026,0.052135182041233775,0.05224214168930939,0.04799105041797676,0.043151067155053416,36.31604088661358,48.64440674290574,36.03719598963364,34.48130989268116,25.7974297328679,30.66423488643319,0.001631,0.001166,0.001447,0.001515,0.0018600000000000001,0.001407
ROU,ROU.17_1,SUNF,0.009221047202996581,0.006859214351513573,0.004497381500030555,0.0021355486485475465,8.616245586218291e-4,6.756092302534113e-4,62.90928208310765,84.26537229400721,62.42624671214539,59.73102787846332,44.688180331968674,53.11881348399866,1.466e-4,8.14e-5,7.204e-5,3.575e-5,1.928e-5,1.272e-5
ROU,ROU.18_1,SUNF,0.9900647970691006,0.9468062965251767,0.8502816472849162,0.7643137118417165,0.6813634797364202,0.586373848211072,1366.7575777758075,1811.9911981130608,1380.900891010442,1305.7977521294422,995.1125921230886,1171.0184027879486,7.244e-4,5.225e-4,6.157e-4,5.853e-4,6.847e-4,5.007e-4
ROU,ROU.19_1,SUNF,0.31733278790239955,0.2885600754822566,0.2749322111695486,0.2593973557852792,0.27794907228390736,0.26109244193307635,1160.963446229952,1555.445606068645,1152.21730727159,1102.663094796523,825.0277553301459,980.6507396807799,2.733e-4,1.855e-4,2.386e-4,2.352e-4,3.369e-4,2.662e-4
ROU,ROU.1_1,SUNF,0.3208807795884747,0.2947405336548201,0.2675116563042631,0.2414649937238676,0.2142150704181135,0.1869693488393932,63.8789726054906,85.56424791574175,63.38849167473672,60.65172844454863,45.3770088083961,53.93759265759683,0.005023,0.003445,0.00422,0.003981,0.004721,0.003466
ROU,ROU.20_1,SUNF,0.005546811657088808,0.004250884132827645,0.0030246261008022705,0.0034401066567709775,0.002640405606965097,0.0022782109751304977,188.89549614620736,251.28713633260463,189.72353170332056,180.1004475783506,136.42379964897447,161.06707083460932,2.936e-5,1.692e-5,1.594e-5,1.91e-5,1.935e-5,1.414e-5
ROU,ROU.21_1,SUNF,0.34294412331108803,0.3099029517810764,0.28198810188614465,0.2515757735547546,0.22138986699668795,0.193631622102162,78.86397486982486,105.63627469491448,78.25843482715709,74.87966998785436,56.021741370736734,66.59050354735895,0.004349,0.002934,0.003603,0.00336,0.003952,0.002908
ROU,ROU.22_1,SUNF,0.7245451313526721,0.6667448697873475,0.6090200551597901,0.552777556266426,0.49643039121739385,0.43860377238499215,86.32672353378248,115.63243541527108,85.66388238307583,81.96539142253772,61.32297271568395,72.89183685195836,0.008393,0.005766,0.007109,0.006744,0.008095,0.006017
ROU,ROU.23_1,SUNF,0.05408830181185431,0.04460589571689374,0.0387199963471537,0.03323542563085942,0.029153563828856675,0.025774641588719956,75.28173319664751,100.83795371203281,74.70369862500377,71.47840756420632,53.47706343796109,63.56576028227549,7.185e-4,4.424e-4,5.183e-4,4.65e-4,5.452e-4,4.055e-4
ROU,ROU.24_1,SUNF,0.9927537217098635,0.8576370801229377,0.7326535658776446,0.6127610630540969,0.5077947976646705,0.4333701479612326,514.4839209724397,689.1380366215367,510.5335670120697,488.4915613252196,365.4683295851556,434.41563047163805,0.00193,0.001245,0.001435,0.001254,0.001389,9.976e-4
ROU,ROU.25_1,SUNF,0.00152975978603877,0.00109268556145626,6.556113368737597e-4,2.1853711229125324e-4,0,0,179.27821224344328,240.13857412870232,177.90166310969127,170.22085674682347,127.35190758883608,151.37743751905427,8.533e-6,4.55e-6,3.685e-6,1.284e-6,0,0
ROU,ROU.26_1,SUNF,0.003976604449511074,0.0030929145718419458,0.002209224694172817,0.0013255348165036882,4.41844938834564e-4,0,59.94739688490925,80.29800292252752,59.4871037114111,56.91878075867141,42.58417825982898,50.61788163110817,6.633e-5,3.852e-5,3.714e-5,2.329e-5,1.038e-5,0
ROU,ROU.27_1,SUNF,4.978841401939654,4.5527779839989595,4.118980660813526,3.685183337628095,3.252809148385257,2.8218580930850146,73.33584051536647,98.20226979441492,72.73073062470797,69.63861244668875,52.13584259257217,61.93688076217484,0.06789,0.04636,0.05663,0.05292,0.06239,0.04556
ROU,ROU.28_1,SUNF,0.01890901169769224,0.014239379486762412,0.0102845009347812,0.007186855347565706,0.004848322136232803,0.003835150632454931,57.21689415807366,76.37112814295317,56.79037596307783,54.41603323110407,40.831561609660525,48.43430382539609,3.305e-4,1.864e-4,1.811e-4,1.321e-4,1.187e-4,7.918e-5
ROU,ROU.29_1,SUNF,0.18384748070711654,0.16536242281721714,0.1473861874071358,0.12984865153318997,0.11472251289118407,0.10115281351353395,135.83364199587825,181.94568486272814,134.7906726362223,128.97115955274327,96.49066223074631,114.6940746279595,0.001353,9.089e-4,0.001093,0.001007,0.001189,8.819e-4
ROU,ROU.2_1,SUNF,0.524446917770196,0.5456433947555646,0.5294705731972286,0.4897431665030993,0.4473782466259222,0.40399313095186284,552.7032367177147,729.8863856024427,540.3984103052798,532.0171661942204,404.6022350553873,474.6338388101821,9.489e-4,7.476e-4,9.798e-4,9.205e-4,0.001106,8.512e-4
ROU,ROU.30_1,SUNF,0.11490067944218245,0.11281697713142935,0.10677947668532216,0.09523157259724503,0.08459391618074599,0.07486650743582506,152.3250058400523,204.03544440138302,151.1554110955824,144.62935943855547,108.20545243316779,128.61891451054123,7.543e-4,5.529e-4,7.064e-4,6.585e-4,7.818e-4,5.821e-4
ROU,ROU.31_1,SUNF,0.08396872422868934,0.07559015657287599,0.06721158891706264,0.0588330212612493,0.050665630249261316,0.04277393025291431,396.7332028323612,531.4139651744592,393.6869723961275,376.68975410315466,281.8230366773287,334.99026385838187,2.117e-4,1.422e-4,1.707e-4,1.562e-4,1.798e-4,1.277e-4
ROU,ROU.32_1,SUNF,0.046542149553999664,0.03150416456013982,0.018739489017542785,0.006657733133444567,9.704640711823453e-4,8.322655124738715e-4,100.2812865976396,134.32421527412706,99.51129834044933,95.21495281950112,71.2357234259472,84.67467410736495,4.641e-4,2.345e-4,1.883e-4,6.992e-5,1.362e-5,9.829e-6
ROU,ROU.33_1,SUNF,0.03780758052595811,0.03218890057545342,0.027512478752666335,0.022554665018232587,0.01874156078583079,0.01648517532812768,86.05849603034257,115.27315154350478,85.39771440674122,81.71071510204538,61.132434870602815,72.66535315583731,4.393e-4,2.792e-4,3.222e-4,2.76e-4,3.066e-4,2.269e-4
ROU,ROU.34_1,SUNF,0.11660683261080035,0.11139520559237476,0.10594892931507732,0.1111584606066523,0.10229651708331028,0.09343457355996827,248.1148148405736,331.2495631514295,245.36554599925898,236.33764763354034,177.50566200981658,210.33333492117754,4.7e-4,3.363e-4,4.318e-4,4.703e-4,5.763e-4,4.442e-4
ROU,ROU.35_1,SUNF,0.0949526718883105,0.08748308141581758,0.079330753045002,0.08736689418566977,0.0787785270925951,0.06997195535743884,50.585212313331475,67.75759644694561,50.196804657324606,48.02958525156848,35.93366535327357,42.71271852014736,0.001877,0.001291,0.00158,0.001819,0.002192,0.001638
ROU,ROU.36_1,SUNF,0.49172416948699327,0.4733660754347127,0.4376436139423315,0.3914713712119206,0.37137508620081366,0.33185382511977723,1775.5219117029844,2378.266131032417,1761.8889491754824,1685.8203637842964,1261.2581283112488,1499.2003428032856,2.769e-4,1.99e-4,2.484e-4,2.322e-4,2.944e-4,2.214e-4
ROU,ROU.37_1,SUNF,0.05373986040309654,0.05043953580661117,0.0472197088737014,0.04399988194079162,0.04078005500788184,0.03756022807497208,343.5938920954324,460.23521929751934,340.9556804097637,326.2351066176428,244.0750442937684,290.12093707168947,1.564e-4,1.096e-4,1.385e-4,1.349e-4,1.671e-4,1.295e-4
ROU,ROU.38_1,SUNF,0.2917623038227927,0.26202866694796256,0.22936540879137665,0.20455664500113038,0.17474598533158694,0.15349134453166632,668.3112361243569,894.0370900389937,663.2343629649198,634.9302077780493,475.53829236911935,564.8230986643255,4.366e-4,2.931e-4,3.458e-4,3.222e-4,3.675e-4,2.718e-4
ROU,ROU.39_1,SUNF,2.059593485889505,1.8797002944974261,1.70017560529257,1.5165429582032994,1.360975816771375,1.1762377307412872,931.8766272593209,1243.1370725495754,917.4031061466878,886.1536853894436,669.1190474004538,789.3195157603918,0.00221,0.001512,0.001853,0.001711,0.002034,0.00149
ROU,ROU.3_1,SUNF,0.060117378268902046,0.042520576559711726,0.03030347940156656,0.01923103119769536,0.012020552129860982,0.008968775589896357,60.788060604497474,81.42405044619156,60.321312575718835,57.71697311452759,43.18135137412191,51.32771423203626,9.89e-4,5.222e-4,5.024e-4,3.332e-4,2.784e-4,1.747e-4
ROU,ROU.40_1,SUNF,0.013763703161544122,0.010915867174899792,0.009015608035155423,0.0071153488954110505,0.00526474552550347,0.0038243886530666027,75.4047124635796,101.00268129068785,74.82573362212612,71.59517376751299,53.56442287802741,63.66960048719048,1.825e-4,1.081e-4,1.205e-4,9.938e-5,9.829e-5,6.007e-5
ROU,ROU.41_1,SUNF,0.36869964587070336,0.3394093060381479,0.3130020642748138,0.28927263037773177,0.26532002536870314,0.2415588561185759,254.48728063449116,340.87919519452186,252.53325487015223,241.63027062066593,180.77735292166392,214.88184170048604,0.001449,9.957e-4,0.001239,0.001197,0.001468,0.001124
ROU,ROU.42_1,SUNF,0.0070668154995635595,0.006628842232494918,0.00601550300343068,0.005402163774366453,0.0047888245453022145,0.004209874207868916,140.70473285819497,188.47038632806678,139.6243618766518,133.59615692135407,99.95088589982336,118.80708559249713,5.022e-5,3.517e-5,4.308e-5,4.044e-5,4.791e-5,3.543e-5
ROU,ROU.4_1,SUNF,1.7385358888205056,1.4876225513651518,1.2610990652266474,1.049469975232439,0.8803874351768359,0.7579905729030344,659.5257788267849,883.4178908116501,654.4617522048643,626.2057263604668,468.5001316476241,556.8848613962491,0.002636,0.001684,0.001927,0.001676,0.001879,0.001361
ROU,ROU.5_1,SUNF,0.17377019384180864,0.16386909106035963,0.17066407677354847,0.15941891514427645,0.14751436175161523,0.13560980835895406,334.5892643590278,444.8060926074163,329.42128588512105,320.01870163454396,241.54237097603996,285.07980162724533,5.194e-4,3.684e-4,5.181e-4,4.982e-4,6.107e-4,4.757e-4
ROU,ROU.6_1,SUNF,0.18983873260274775,0.16868528512341874,0.15079616349674152,0.1305804423646922,0.11390918982306414,0.0995962083278047,137.59460104228035,184.30444440863332,136.53811053792109,130.6431527850698,97.74157549532416,116.18097850035183,0.00138,9.153e-4,0.001104,9.995e-4,0.001165,8.573e-4
ROU,ROU.7_1,SUNF,0.64624292143482,0.5874512064824872,0.5317591641488996,0.47292959019545844,0.41711153532894485,0.3641031289750785,767.4739808296055,1028.0117429274558,761.5810971921136,728.7002526013224,545.1821181188886,648.0332614136854,8.42e-4,5.714e-4,6.982e-4,0.00064899999999999995,7.651e-4,5.619e-4
ROU,ROU.8_1,SUNF,0.10266911194825112,0.10573327114511165,0.09736364184028434,0.09559145840063366,0.08691657816780936,0.07827477756417665,57.073062717555345,76.44790591475227,56.63483949979064,54.189661484103546,40.54236885823129,48.19087538543755,0.001799,0.001383,0.001719,0.001764,0.002144,0.001624
ROU,ROU.9_1,SUNF,0.00441325177857715,0.00395574570379923,0.00349823962902129,0.00534769794212783,0.0055408713718650485,0.004925624283833523,435.12538405981894,582.8393087356349,431.7843675302269,413.14231517646033,309.0952715720732,367.40753276269203,1.014e-5,6.787e-6,8.102e-6,1.294e-5,1.793e-5,1.341e-5
RUS,RUS.10_1,SUNF,0.19227566747544916,0.17305672596429128,0.16701018935061357,0.14441458691728912,0.12355462422486072,0.10921221511889813,132.31376092607655,155.58495973231564,162.60163641962959,184.8399196438796,170.9272375201467,172.501321499553,0.001453,0.001112,0.001027,7.813e-4,7.228e-4,6.331e-4
RUS,RUS.11_1,SUNF,13.818610121459216,12.589689761898692,12.51952850073211,11.262715001441197,9.925936277467382,8.549525357342548,883.077973395439,1038.5256307794994,1086.1317373857698,1233.8381414987218,1143.3222693124433,1153.1737010374695,0.01565,0.01212,0.01153,0.009128,0.008682,0.007414
RUS,RUS.13_1,SUNF,0.32224791131346625,0.2882845102295739,0.27422207293742373,0.24082364275867021,0.20522535796136368,0.1694017136054135,68.24734223385813,80.2506097549807,83.8698065178253,95.34029692846967,88.1641455467569,88.97605692540326,0.004722,0.003592,0.00327,0.002526,0.002328,0.001904
RUS,RUS.15_1,SUNF,0.5125905849383694,0.4280409470105527,0.3558575273008959,0.28697890777955953,0.2198137431876178,0.15387732741790594,120.91310642228734,142.1791706482529,148.59126391115984,168.91341247169382,156.19949970500718,157.63795465018788,0.004239,0.003011,0.002395,0.001699,0.001407,9.761e-4
RUS,RUS.17_1,SUNF,0.165609514670302,0.1486065613655472,0.12499316025232506,0.10137975913910298,0.07958239995151573,0.06462061697110487,26.532467093375843,31.198968236026527,32.60600059613779,37.06537438863574,34.275507499168526,34.59115366547425,0.006242,0.004763,0.003833,0.002735,0.002322,0.001868
RUS,RUS.18_1,SUNF,0,0,0,0,0,0,0.0012638261376708905,0.0014861064893169475,0.0015531279339115718,0.001765542148419748,0.0016326518791838528,0.0016476871140841303,0,0,0,0,0,0
RUS,RUS.19_1,SUNF,0.007561448688168352,0.007004230393161457,0.00644701209815456,0.005889793803147665,0.0053325755081407794,0.004775357213133884,1.3403412383207982,1.5760789817486385,1.6471580672054071,1.872432353615971,1.7314965850642312,1.7474420895636242,0.005641,0.004444,0.003914,0.003146,0.00308,0.002733
RUS,RUS.1_1,SUNF,0.9151163359755499,0.8081327005824032,0.7491430796297148,0.7227123506507799,0.6810337393557289,0.6884308883836918,2335.9176962951988,2746.7563326171476,2870.6314241296313,3263.234574060293,3017.6147674105937,3045.404247485945,3.918e-4,2.942e-4,2.61e-4,2.215e-4,2.257e-4,2.261e-4
RUS,RUS.20_1,SUNF,0.21079804718647926,0.21336200230770497,0.19232158736193247,0.20601435811121752,0.22987443353907747,0.21081166094653075,357.15650996348796,419.97280427883464,438.9130244013913,498.9411542675674,461.38644373129887,465.63539211383556,5.902e-4,5.08e-4,4.382e-4,4.129e-4,4.982e-4,4.527e-4
RUS,RUS.21_1,SUNF,0,0,0,0,0,0,0.002919881107993861,0.0034334265871573616,0.00358826960240228,0.004079020848578271,0.0037719977739541,0.003806734433555456,0,0,0,0,0,0
RUS,RUS.22_1,SUNF,0.11447682352316477,0.06952557599444525,0.04240899604793046,0.02626977991453042,0.015788144739195115,0.010933016200535618,74.95800835595733,88.14154045694407,92.11660779746492,104.7149755566339,96.83320320290876,97.72494869676738,0.001527,7.888e-4,4.604e-4,0.00025090000000000003,1.63e-4,1.119e-4
RUS,RUS.23_1,SUNF,0.07624386684051174,0.08172826282767838,0.10789708287602866,0.1207551899389064,0.11784607721152411,0.10878663421579825,116.66092722990676,137.17912285435227,143.36572054974883,162.97319540938747,150.70639575491745,152.09426422218803,6.536e-4,5.958e-4,7.526e-4,7.41e-4,7.82e-4,7.153e-4
RUS,RUS.25_1,SUNF,0.8071569873233146,0.7293992231472003,0.6407425346546505,0.5612118030493701,0.4826041789548637,0.4072941978943975,389.4475314963625,457.9431351782377,478.59576719516906,544.0511245652904,503.101039920591,507.73414169214635,0.002073,0.001593,0.001339,0.001032,9.593e-4,8.022e-4
RUS,RUS.27_1,SUNF,0.17841914889876614,0.21632289168406224,0.2220755146513756,0.21026585015911042,0.21090568354943492,0.19628490286211306,10.454047442230427,12.292693813214614,12.847078107505471,14.60411430867545,13.504879898345038,13.629247526349825,0.01707,0.0176,0.01729,0.0144,0.01562,0.0144
RUS,RUS.28_1,SUNF,9.366881545250492e-5,8.552370106533057e-5,7.737858667815623e-5,6.92334722909819e-5,6.108835790380755e-5,5.2943243516633214e-5,0.021256000755190338,0.017813127393434155,0.014400853674816331,0.017678323560148965,0.01942167620165318,0.017676006119608026,0.004407,0.004801,0.005373,0.003916,0.003145,0.002995
RUS,RUS.29_1,SUNF,0.7710572197856577,0.6721809831881885,0.5732103354747637,0.474239687761339,0.3752690400479143,0.276299701356172,13.500160499374307,15.874553885959386,16.590475350121228,18.859478896363484,17.439948226744725,17.60055424544411,0.05711,0.04234,0.03455,0.02515,0.02152,0.0157
RUS,RUS.2_1,SUNF,16.724051979393057,15.218988154798769,15.056014638484811,13.648230860232934,12.215597887276507,10.578693386139719,4288.193569084172,5042.5582961832015,5270.909524200305,5990.765269649303,5542.716268007327,5592.933816135778,0.0039,0.003018,0.002856,0.002278,0.002204,0.001891
RUS,RUS.31_1,SUNF,1.7718430871206206e-4,1.3781001788715935e-4,9.843572706225672e-5,5.906143623735402e-5,1.968714541245134e-5,0,2.6359661359959468,3.0995769620199103,3.2393637990468265,3.682396791923208,3.4052271409182353,3.4365861774680835,6.722e-5,4.446e-5,3.039e-5,1.604e-5,5.781e-6,0
RUS,RUS.34_1,SUNF,3.1996031948709374,2.8567504810745206,2.479956802269664,2.080209196923877,1.803781816967736,1.7125656697425917,22372.13449549439,26306.920914689614,27493.328386303176,31253.46534983322,28901.05397941566,29167.206330070676,1.43e-4,1.086e-4,9.02e-5,6.656e-5,6.241e-5,5.872e-5
RUS,RUS.35_1,SUNF,0.3568364625922508,0.3035815534091846,0.25914695030343243,0.2148101995102348,0.17531952603841205,0.13943422556611954,31.578895132777895,37.13295649096743,38.80760390283482,44.115142657356024,40.79464804873783,41.17032955433443,0.0113,0.008176,0.006678,0.004869,0.004298,0.003387
RUS,RUS.36_1,SUNF,12.741825129853675,11.933628136555347,12.043477589109644,11.05088029252174,10.20744394779416,9.283988511902097,406.9128664302892,478.49283545615333,500.14513776375605,568.4682739195207,525.9032003111286,530.6821366477817,0.03131,0.02494,0.02408,0.01944,0.01941,0.01749
RUS,RUS.37_1,SUNF,13.132911842561363,14.109363090631637,14.262420947903843,15.001375857690224,14.851347108307362,13.748342563976324,8101.817894577337,9532.847605647952,9926.557139121496,11283.428043270713,10428.875451373468,10528.537771290052,0.001621,0.00148,0.001437,0.00133,0.001424,0.001306
RUS,RUS.39_1,SUNF,17.738612747185364,17.97568597823637,18.34358348002976,24.10187826959614,26.389426526257566,26.484703917395922,11308.942086585806,13297.946387750044,13897.666248645417,15798.386591925837,14609.26071941529,14743.798687635193,0.001569,0.001352,0.00132,0.001526,0.001806,0.001796
RUS,RUS.3_1,SUNF,0,0,9.47294266735651e-6,8.987150735697203e-6,8.501358804037895e-6,8.015566872378587e-6,0.03721457371020161,0.03118686106699994,0.02521272165651469,0.030950849258005973,0.034003075597633436,0.030946791930250718,0,0,3.757e-4,2.904e-4,2.5e-4,2.59e-4
RUS,RUS.41_1,SUNF,0.02899321573310138,0.02723605114321645,0.02547888655333152,0.02372172196344659,0.02196455737356165,0.02020739278367672,3.5708121164218545,4.198842625715643,4.388204895797843,4.988359638810085,4.612891709007175,4.655372234891931,0.00812,0.006487,0.005806,0.004755,0.004762,0.004341
RUS,RUS.42_1,SUNF,1.568080596680011,1.5576574767691735,1.7144887176894228,1.5306467163866893,1.6715849499539936,1.4753231374697031,916.7303887176257,1077.963921634037,1126.5786741892227,1280.6556944620365,1184.2622550939263,1195.1682304680337,0.001711,0.001445,0.001522,0.001195,0.001411,0.001234
RUS,RUS.43_1,SUNF,2.937636259065532e-5,2.728277466411952e-5,2.5189186737583715e-5,2.3095598811047915e-5,2.100201088451211e-5,1.890842295797631e-5,0.026477937806471515,0.03113484839809084,0.032538989037994626,0.03698919796572184,0.034205064785506216,0.03452006223865977,0.001109,8.763e-4,7.741e-4,6.244e-4,6.14e-4,5.478e-4
RUS,RUS.44_1,SUNF,0.1316813543062726,0.12103797985692827,0.11574328301812616,0.104336990572125,0.0945051545403995,0.08281481002901846,236.03025271532596,277.5429940717898,290.0598174175772,329.7299739654458,304.9115888282617,307.7195464953557,5.579e-4,4.361e-4,3.99e-4,3.164e-4,3.099e-4,2.691e-4
RUS,RUS.47_1,SUNF,16.184533136725506,13.981279959244477,11.782507992097882,9.578037705405476,7.373553846323991,5.16818541984909,166.41107633181272,195.67927348510392,204.5041508949496,232.4732496585068,214.9752631250708,216.95498925042833,0.09726,0.07145,0.05762,0.0412,0.0343,0.02382
RUS,RUS.48_1,SUNF,0.10128567666069023,0.14404538295376507,0.15803068944167614,0.15517906928324,0.14735763829770768,0.17408336930405202,44.58112438511593,52.42200352958626,54.78616681825624,62.27902064988168,57.59135242892284,58.121716264002224,0.002272,0.002748,0.002884,0.002492,0.002559,0.002995
RUS,RUS.50_1,SUNF,1.3150470502738518,1.1513280150287828,1.0023760623671334,0.8587007742312142,0.7173418896851367,0.59126897991879,194.25999308609758,228.42622710109845,238.7279489720876,271.3776803012655,250.9514032893423,253.26243685694865,0.00677,0.00504,0.004199,0.003164,0.002858,0.002335
RUS,RUS.51_1,SUNF,24.041963631573548,20.843674257205222,17.699100167107922,14.596327688547062,11.527157315277062,8.50596926131436,283.66964782189007,333.61740695894616,348.9890847243348,396.3635845805172,367.52620865459556,370.6239550093738,0.08475,0.06248,0.05072,0.03683,0.03136,0.02295
RUS,RUS.52_1,SUNF,5.750241863134828,6.516972451874155,14.69323266017359,14.329976555002677,13.908792976151407,13.277982806557048,5010.777761313086,5892.0678451354825,6157.792341643143,6999.965478057201,6473.086356052895,6532.697578220897,0.001148,0.001106,0.002386,0.002047,0.002149,0.002033
RUS,RUS.53_1,SUNF,11.106237527159017,9.629578485854536,8.364627569418142,7.007071516666769,5.835308302173693,4.532425640304876,5160.03461941501,6067.575835347732,6341.21551096704,7208.474596570364,6665.9012398392615,6727.288111248207,0.002152,0.001587,0.001319,9.721e-4,8.754e-4,6.737e-4
RUS,RUS.54_1,SUNF,23.102063907234317,26.37904327474647,32.12089380906268,30.022797954584373,28.514498922898433,25.5461692997915,13959.997342296723,16415.26632727145,17155.573210101153,19501.86260989546,18033.98047796784,18200.05699196959,0.001655,0.001607,0.001872,0.001539,0.001581,0.001404
RUS,RUS.55_1,SUNF,0,0,0,0,0,0,1.3384511445768459,1.5738564603949643,1.6448353130670461,1.8697919270019412,1.7290549002383542,1.7449779190472103,0,0,0,0,0,0
RUS,RUS.56_1,SUNF,0.11492924664038619,0.10577759063455412,0.09420451546054671,0.08466934971040466,0.07469947404211205,0.09170406615082938,18.219560981836043,21.29328896154951,22.176859388127184,25.233692912612593,23.39033241275596,23.570707604619244,0.006308,0.004968,0.004248,0.003355,0.003194,0.003891
RUS,RUS.57_1,SUNF,0.2297602027334662,0.21419722163890598,0.2001148913501772,0.18233869342961914,0.16464993189820626,0.14678863468275083,17.083417801701543,20.08803054319524,20.993974252979246,23.86522423373284,22.068917033344345,22.2721516333357,0.01345,0.01066,0.009532,0.00764,0.007461,0.006591
RUS,RUS.58_1,SUNF,9.661724457562984,7.610330008642196,5.8863627410092985,4.579840234901417,3.530786849146463,2.727880694811522,14477.964428639754,17064.93932426329,17593.146979080826,19994.354735820998,18454.320797522607,18648.414487486763,6.673e-4,4.46e-4,3.346e-4,2.291e-4,1.913e-4,1.463e-4
RUS,RUS.59_1,SUNF,7.763908265217518,10.007450410422198,11.678228552256003,11.731598045857263,10.978223941764655,10.472035691441338,5052.435447121481,5941.052238925496,6208.98586705192,7058.160508139338,6526.901115053581,6587.007922075277,0.001537,0.001684,0.001881,0.001662,0.001682,0.00159
RUS,RUS.62_1,SUNF,17.390030167951277,15.768070771555454,13.999661122169213,12.17861779126902,10.342934785199109,8.628390602968881,5634.3323301139635,6625.292505962624,6924.0844685868115,7871.059879607184,7278.6145123249225,7345.6439142057925,0.003086,0.00238,0.002022,0.001547,0.001421,0.001175
RUS,RUS.63_1,SUNF,23.426264367691992,21.116840973485814,18.43692184908657,15.874405125163742,18.499932066949178,15.526698666657175,10067.312669616202,11837.940553968301,12371.816075443821,14063.852858972983,13005.28328894276,13125.050087785175,0.002327,0.001784,0.00149,0.001129,0.001422,0.001183
RUS,RUS.64_1,SUNF,3.2062636095562424e-4,2.6233065896369255e-4,2.040349569717609e-4,0.006148398601510599,0.005782274215081197,0.0054161498286517855,1.79425653606431,2.09494958196223,2.1874377529290565,2.5026419454613267,2.3634103648799005,2.3676008560540027,1.787e-4,1.252e-4,9.328e-5,0.002457,0.002447,0.002288
RUS,RUS.65_1,SUNF,1.0754919889540948,0.9422815215287362,0.8291113084669167,0.7594267195283322,0.655460229679158,0.6065618336485508,3238.2234326878133,3807.7586099336795,3979.4835061910603,4523.739291345167,4183.242785544993,4221.766636665662,3.321e-4,2.475e-4,2.083e-4,1.679e-4,1.567e-4,1.437e-4
RUS,RUS.66_1,SUNF,0.6706140662861952,0.6086571369590156,0.5382026381603988,0.4759467671334651,0.40931893167953637,0.34223797274734186,55.73166626010213,65.53369045066539,68.4891735436968,77.85612502460864,71.99598658189615,72.65900396112899,0.01203,0.009288,0.007858,0.006113,0.005685,0.00471
RUS,RUS.67_1,SUNF,17.78439131567769,19.206197778473808,20.99112886471705,20.895682306699968,21.743474995200664,20.48242224617802,22681.091238908703,26670.216630469316,27873.00826019108,31685.0723061047,29300.17439059144,29570.00227625305,7.841e-4,7.201e-4,7.531e-4,6.595e-4,7.421e-4,6.927e-4
RUS,RUS.68_1,SUNF,23.730453302756292,22.752813711232164,21.80170970599838,20.295561095741725,19.481981384794896,17.656625564699986,1551.8587363706886,1824.7979448137007,1907.0939277960022,2167.9184547529458,2004.7417968683153,2023.2036405807587,0.01529,0.01247,0.01143,0.009362,0.009718,0.008727
RUS,RUS.69_1,SUNF,0.006742108488259582,0.006155497208901651,0.0055688859295437146,0.0049822746501857786,0.004395663370827852,0.003809052091469915,0.08000362491671417,0.09407457451126779,0.09831721387035415,0.11176361020443279,0.10335129545786258,0.10430306663717467,0.08427,0.06543,0.05664,0.04458,0.04253,0.03652
RUS,RUS.6_1,SUNF,11.096168498787948,10.574676728061094,10.475809869189142,9.453480387908982,8.415186946519855,7.345675478050746,4121.751206464795,4846.680277214189,5065.259171796952,5758.0115360840555,5324.612818314288,5373.647646557282,0.002692,0.002182,0.002068,0.001642,0.00158,0.001367
RUS,RUS.70_1,SUNF,5.614454549551043,5.873993829698731,7.450028295144045,9.01821097333362,10.536983721264361,9.984362466154765,3441.690210916535,4047.010901426368,4229.525760794524,4807.97868318747,4446.087814560456,4487.032228695203,0.001631,0.001451,0.001761,0.001876,0.00237,0.002225
RUS,RUS.72_1,SUNF,0,0,0,0,0,0,0.019317180579319453,0.022714665062347022,0.02373906652812708,0.026985750242732493,0.024954564740591333,0.025184373524382114,0,0,0,0,0,0
RUS,RUS.73_1,SUNF,0.35008358397985506,0.3096716920706466,0.26940381872423985,0.22926395117049186,0.18913882838807256,0.14935016701969828,3.4959087766186094,4.1276897320750265,4.411915017662586,4.908464138141934,4.838799153295743,4.797063035891776,0.1001,0.07502,0.06106,0.04671,0.03909,0.03113
RUS,RUS.74_1,SUNF,0,0,0,0,0,0,2.948992609346588,3.4676581873628898,3.624045002673989,4.119689086961708,3.809604962136633,3.8446879496450417,0,0,0,0,0,0
RUS,RUS.75_1,SUNF,10.1163652203539,9.540676156874971,11.875011513345322,10.934311640137949,10.43594341131139,9.455857432236595,4416.607114794348,5193.395118536848,5427.610395636532,6169.919881978684,5705.517310216847,5758.0599214620515,0.002291,0.001837,0.002188,0.001772,0.001829,0.001642
RUS,RUS.77_1,SUNF,12.452234106425157,10.108509797915705,7.815339455784166,6.08568506550569,4.803532443165202,3.5719314510475177,4314.869200368651,5073.763651572384,5302.583707136755,6027.793864279829,5574.088949764143,5625.421225666486,0.002886,0.001992,0.001474,0.00101,8.618e-4,6.35e-4
RUS,RUS.79_1,SUNF,18.603038196674014,17.297107730576766,15.001362798959317,13.701335470271815,12.79739504330716,11.820533581712322,19537.272923915058,22975.50841947453,23999.537708687694,27281.597200969587,25226.37994023181,25459.905800821274,9.522e-4,7.528e-4,6.251e-4,5.022e-4,5.073e-4,4.643e-4
RUS,RUS.7_1,SUNF,3.8028514287998263,3.555329623849235,3.448061167663475,4.764399865738573,4.285463752091154,3.891688111742926,7139.612658291942,8399.61478631855,8752.893845516992,9949.466080285612,9196.870893609565,9284.119610400036,5.326e-4,4.233e-4,3.939e-4,4.789e-4,4.66e-4,4.192e-4
RUS,RUS.83_1,SUNF,0.00309096700038327,0.00281893768916225,0.00254690837794122,0.0022748790667202,0.00200284975549917,0.00173082044427815,14.141263396816552,16.62841325617675,17.378332784660603,19.75508799414198,18.268145887056026,18.436378850926882,2.186e-4,1.695e-4,1.466e-4,1.152e-4,1.096e-4,9.388e-5
RUS,RUS.8_1,SUNF,8.895962502419515,8.735366559705604,8.55868105193121,7.938908238515548,7.391327289814982,6.767131241865056,1316.5284997709723,1556.866136158096,1574.787185177327,1789.1049766424383,1646.8678653441364,1667.2551132806423,0.006757,0.005611,0.005435,0.004437,0.004488,0.004059
RWA,RWA.1_1,SUNF,0.02087703827731988,0.01785842907615139,0.01487287945281695,0.01192929057533055,0.00902385705707057,0.00616154434002588,0.09900885078482052,0.10271533596804713,0.10670107688425658,0.11931835863811703,0.07235262172736884,0.08711078794010986,0.2109,0.1739,0.1394,0.09998,0.1247,0.07073
RWA,RWA.3_1,SUNF,0.11302035044889229,0.10009607950291795,0.08716772369858444,0.07431183297104998,0.06157268288404364,0.04876369790995133,5.344994644594234,5.549785452679813,5.751848338507558,6.317481487019,4.315129110761077,4.928587601872002,0.02115,0.01804,0.01515,0.01176,0.01427,0.009894
SDN,SDN.11_1,SUNF,2.3139664306298142e-4,2.1149332699757693e-4,1.9159001093217238e-4,5.870767155315913e-4,5.458713471244009e-4,5.046659787172106e-4,69.95105283766367,90.20258157550221,51.1587867560255,26.394317944550757,39.26154794251925,37.90919351797374,3.308e-6,2.345e-6,3.745e-6,2.224e-5,1.39e-5,1.331e-5
SDN,SDN.12_1,SUNF,0,0,0,0,0,0,4.297254101343652e-4,5.541352101256789e-4,3.1428019634999183e-4,1.6214636726428054e-4,2.4119272130561738e-4,2.3288489696044983e-4,0,0,0,0,0,0
SDN,SDN.13_1,SUNF,8.720509405712997e-4,7.48387503117013e-4,6.391538701782926e-4,5.299202372395722e-4,4.3605510363937e-4,3.2603334252944354e-4,40.65639436274743,52.42682676388434,29.7341029919821,15.340695468583569,22.81928450951806,22.03327983093051,2.145e-5,1.427e-5,2.15e-5,3.454e-5,1.911e-5,1.48e-5
SDN,SDN.14_1,SUNF,0.33237399612681223,0.30704525905469887,0.28183113440193425,0.26531504163690894,0.2749634856299328,0.247359444721813,30.488473893840585,37.086292425690885,24.414725346700948,16.426033801063284,20.59123696487174,20.15183666833262,0.0109,0.008279,0.01154,0.01615,0.01335,0.01227
SDN,SDN.15_1,SUNF,1.1048735634509954,0.9669081401606628,0.8292663342968107,0.691914658513915,0.5546952384167574,0.41812661743756613,7.948919148248525,10.250210666177402,5.813451594357966,2.999330114463029,4.461503545263756,4.307828145903642,0.139,0.09433,0.1426,0.2307,0.1243,0.09706
SDN,SDN.17_1,SUNF,0.569841131548547,0.504629364481504,0.43941759741446074,0.3742142395224624,0.3090078736100858,0.24379537620614744,64.20565869993123,66.09106773253575,62.820687990218765,61.11023317773589,62.10689988737744,61.98989973412059,0.008875,0.007635,0.006995,0.006124,0.004975,0.003933
SDN,SDN.18_1,SUNF,0.00152004313159588,0.0013101747342564552,0.0011003063369170217,8.904379395775886e-4,6.805695422381552e-4,4.7072096630022283e-4,38.34567751987349,49.440010800404615,28.050923142923274,14.484533458258815,21.533463022920355,20.792610616464664,3.964e-5,2.65e-5,3.923e-5,6.148e-5,3.161e-5,2.264e-5
SDN,SDN.2_1,SUNF,1.2646032732842804e-4,1.0776938272453282e-4,8.907843812063758e-5,7.102782374401526e-5,5.5998155613057096e-5,4.57519082489177e-5,2.3762799854427232,3.064236784692396,1.7378952298259072,0.8966311001294504,1.3337387614425575,1.2877984557300732,5.322e-5,3.517e-5,5.126e-5,7.922e-5,4.199e-5,3.553e-5
SDN,SDN.3_1,SUNF,0.1867542978034074,0.1628154609962446,0.13888701820893254,0.11581234764858253,0.09639905285540423,0.0716504843360769,1.3587729979244594,1.6915102947072638,1.1243718373176839,0.8186342611485432,1.0116042332875048,0.9845931989606121,0.1374,0.09625,0.1235,0.1415,0.09529,0.07277
SDN,SDN.4_1,SUNF,0.6803337666866894,0.6279379041561464,0.5718438838166623,0.5157498634771783,0.5474688775726941,0.4868716246980817,297.60309822842794,383.7621687749363,217.65238438274181,112.29324616676995,167.0362036730703,161.28268245614638,0.002286,0.001636,0.002627,0.004593,0.003278,0.003019
SDN,SDN.6_1,SUNF,0,0,0,0,0,0,16.751030983751374,21.600621827553677,12.250886688297268,6.320591610110805,9.401880020039824,9.078034560284602,0,0,0,0,0,0
SDN,SDN.9_1,SUNF,8.638400016705594e-5,7.486613347811513e-5,6.334826678917435e-5,5.1830400100233547e-5,4.031253341129276e-5,2.8794666722351975e-5,0.03266057794699255,0.042116141602666426,0.023886353024540806,0.012323669817898003,0.01833145885412328,0.017700036233546983,0.002645,0.001778,0.002652,0.004206,0.002199,0.001627
SMR,SMR.4_1,SUNF,0,0,0,0,0,0,0.8728056543580215,0.8219298279001777,0.7742846746327345,0.8944598962828703,0.8372973544274896,0.851252150256213,0,0,0,0,0,0
SMR,SMR.6_1,SUNF,0,0,0,0,0,0,0.12851573259802357,0.1210245527733822,0.11400907143874953,0.1317041981526764,0.12328733477991001,0.12534210012226257,0,0,0,0,0,0
SMR,SMR.9_1,SUNF,0,0,0,0,0,0,0.23929881611126588,0.22535009226964617,0.21228712835160748,0.24523580154499874,0.22956343677100494,0.23338945016151644,0,0,0,0,0,0
SRB,SRB.10_1,SUNF,0.00303899545923114,0.00286533857584651,0.00269168169246187,0.00251802480907723,0.0023443679256926,0.00217071104230796,5.340881390553877,5.0966579073294085,5.397680434710282,5.7567853687146435,5.221965136760442,5.441092471960266,5.69e-4,5.622e-4,4.987e-4,4.374e-4,4.489e-4,3.989e-4
SRB,SRB.11_1,SUNF,0.17482904399797594,0.16613675721413076,0.15544836668999285,0.1449107289883905,0.13359246628810276,0.12184925337319152,10.87381500742842,10.370692530320609,11.072171204511971,11.707239846318055,10.618348415798055,11.081867004088826,0.01608,0.01602,0.01404,0.01238,0.01258,0.011
SRB,SRB.12_1,SUNF,0.11178834675023686,0.10410598915459814,0.09577734766919432,0.08694788965065302,0.07811843163211171,0.06928897361357039,3.947882816032743,3.7673572394118495,3.989867641007279,4.25531150587494,3.85998207445694,4.021957032876438,0.02832,0.02763,0.02401,0.02043,0.02024,0.01723
SRB,SRB.13_1,SUNF,0.05693813009529067,0.05328890288832219,0.04963967568135369,0.04599044847438521,0.04234122126741672,0.03869199406044822,4.557335038594109,4.348940926095208,4.605801247664106,4.912222862112349,4.455864668735368,4.642844421625246,0.01249,0.01225,0.01078,0.009362,0.009502,0.008334
SRB,SRB.14_1,SUNF,0.013501724528336825,0.02092307044815963,0.01952296620359903,0.018122861959038443,0.01672275771447785,0.015322653469917267,3.4738937595549215,3.315042369256163,3.5108378200226564,3.7444120745398046,3.3965465200724467,3.539074508738307,0.003887,0.006312,0.005561,0.00484,0.004923,0.00433
SRB,SRB.15_1,SUNF,0.013406997414627706,0.01392451553757654,0.014441632878237494,0.013401144016648261,0.012360655155059007,0.011320166293469769,6.629390101165481,6.326246738906215,6.699892138853888,7.145632555216383,6.481784831900341,6.753777501394511,0.002022,0.002201,0.002156,0.001875,0.001907,0.001676
SRB,SRB.16_1,SUNF,0.08243191647521858,0.07539711305572451,0.0738840116398897,0.06834771114393566,0.07995739501163965,0.07157272553214054,2.1783220986721545,2.0787135562575143,2.201488052757595,2.347951933207631,2.129821133272007,2.2191940067331446,0.03784,0.03627,0.03356,0.02911,0.03754,0.03225
SRB,SRB.17_1,SUNF,0.02229626097393535,0.020803648881041102,0.032639531427416296,0.031179714478637707,0.029128906233096694,0.026955653970272046,351.4361172277459,335.7362646871976,354.0150181025592,379.18034600607086,343.9854046999407,358.29149319903723,6.344e-5,6.196e-5,9.22e-5,8.223e-5,8.468e-5,7.523e-5
SRB,SRB.18_1,SUNF,0.04604893185311114,0.039346271901378196,0.02893212793321889,0.0204586558925389,0.00994499028707295,0.00454787266528603,273.3574556389967,260.8575880891183,276.26454925481505,294.64428920568895,267.2710735993979,278.486467919354,1.685e-4,1.508e-4,1.047e-4,6.944e-5,3.721e-5,1.633e-5
SRB,SRB.19_1,SUNF,0.18193384053149586,0.16276791231824358,0.15529814803949704,0.14803918003938013,0.13035474620132823,0.11267031236327633,743.1368396286834,710.92390718644,750.9558457999824,800.4167261685639,725.3630493837013,756.2796280568833,2.448e-4,2.29e-4,2.068e-4,1.85e-4,1.797e-4,1.49e-4
SRB,SRB.1_1,SUNF,0.217327253767011,0.18921010427313054,0.16959359477711114,0.14217476582661234,0.11356351936875539,0.08495227291089841,5.169782688321933,4.933383067486204,5.224762137165782,5.572362904782568,5.054675996136499,5.266783440809912,0.04204,0.03835,0.03246,0.02551,0.02247,0.01613
SRB,SRB.20_1,SUNF,0.8710139230974406,0.8354112366452133,0.7837944874048041,0.7186363660256015,0.6547372170741164,0.5906193223833308,960.6581175336942,916.875816540863,971.3431842888533,1035.8856907016532,940.207577986798,979.3201970378402,9.067e-4,9.111e-4,8.069e-4,6.937e-4,6.964e-4,6.031e-4
SRB,SRB.21_1,SUNF,0.00478036422911847,0.004317199009805232,0.003854033790492004,0.003390868571178766,0.0029277033518655283,0.0024645381325522947,11.168561776362516,10.65785486112281,11.287336859932266,12.03827764036558,10.919890549726672,11.378117760013986,4.28e-4,4.051e-4,3.414e-4,2.817e-4,2.681e-4,2.166e-4
SRB,SRB.22_1,SUNF,0.03146678280787936,0.028613813780817343,0.02567969297534211,0.024650215967537206,0.02166897250297883,0.01863458527804239,12.72208269436494,12.140337637269536,12.857379115288404,13.712774008430594,12.438821879560123,12.960787427032969,0.002473,0.002357,0.001997,0.001798,0.001742,0.001438
SRB,SRB.23_1,SUNF,0.058984227903524505,0.16579885395795405,0.23161207013150079,0.24656518611104875,0.23097992073080525,0.21618389887831174,17.65499436055274,16.8476811281959,17.842751161525648,19.02982032129146,17.26190085471036,17.986255429226503,0.003341,0.009841,0.01298,0.01296,0.01338,0.01202
SRB,SRB.24_1,SUNF,0.2892872060709306,0.26785448615428376,0.24642176623763687,0.22498904632098998,0.20431628407037192,0.18464959624157065,805.0063250502524,769.8854842974715,808.2809372751955,869.4150972677587,788.7897141986128,821.3033222720435,3.594e-4,3.479e-4,3.049e-4,2.588e-4,2.59e-4,2.248e-4
SRB,SRB.25_1,SUNF,0.08642430895071122,0.07906468988182389,0.07170507081293652,0.06462589201691751,0.057251891395575384,0.04987789077423325,13.073408078052962,12.47559789936523,13.212440763559396,14.091457727572974,12.782324902960458,13.318704737043706,0.006611,0.006338,0.005427,0.004586,0.004479,0.003745
SRB,SRB.2_1,SUNF,0.08058417911705798,0.07617729146470485,0.07797702798453016,0.07206165585142435,0.06614628371831854,0.07048225328811213,14.614159869306453,13.945895445012408,14.769578095442988,15.752190614170393,14.28877141430913,14.888365689892403,0.005514,0.005462,0.00528,0.004575,0.004629,0.004734
SRB,SRB.3_1,SUNF,0.35458431223986564,0.30025147080544295,0.27049123507734163,0.24033992355194422,0.20973126381217957,0.17851371486334675,44.29342370432322,42.26801002632255,44.76447406939402,47.74263176154952,43.307217939874064,45.124502240621005,0.008005,0.007104,0.006043,0.005034,0.004843,0.003956
SRB,SRB.4_1,SUNF,0.02792484093374137,0.05925437845944451,0.061136258179555356,0.0776110108231499,0.07694477861388939,0.07130749567219179,35.63960700556994,34.00990802385397,36.0186260220953,38.41492689189411,34.846080948378635,36.308313778433984,7.835e-4,0.001742,0.001697,0.00202,0.002208,0.001964
SRB,SRB.5_1,SUNF,0.3247293166093366,0.3053054479061074,0.2810401096729122,0.2553001016515453,0.22965876993712633,0.3282589619377409,792.8650909051647,756.6096004592586,801.2970286351514,854.6069124021702,775.2117225789574,807.7416369953862,4.096e-4,4.035e-4,3.507e-4,2.987e-4,2.963e-4,4.064e-4
SRB,SRB.6_1,SUNF,0.27180259755340946,0.24732609588079538,0.22346464076708764,0.2009734091996983,0.1790316202851687,0.15754334661608055,1083.3476245459742,1039.222868257381,1094.61140261737,1165.9053844740197,1055.4688404813423,1101.2235772736615,0.00025090000000000003,2.38e-4,2.041e-4,1.724e-4,1.696e-4,1.431e-4
SRB,SRB.7_1,SUNF,0.024400129064451555,0.021920644671659377,0.0194411602788672,0.01696167588607501,0.014500778057597181,0.012058466793433715,17.193787186484972,16.407563660920378,17.376639155328213,18.532698120391167,16.810962590463316,17.516394614254544,0.001419,0.001336,0.001119,9.152e-4,8.626e-4,6.884e-4
SRB,SRB.8_1,SUNF,0.030623052777735898,0.02840574384663476,0.027017161738862684,0.02475735399630877,0.02249754625375488,0.02023773851120098,13.373562030216709,12.762026655565878,13.515786783911143,14.414985204373753,13.075795841414944,13.624490484773618,0.00229,0.002226,0.001999,0.001717,0.001721,0.001485
SRB,SRB.9_1,SUNF,0.010822284940477343,0.009701339016502086,0.008580393092526836,0.007459447168551576,0.0063385012445763165,0.005217555320601065,8.908712448099653,8.501342086164982,9.003454554264243,9.602449806507972,8.710357413980258,9.075866826390394,0.001215,0.001141,9.53e-4,7.768e-4,7.277e-4,5.749e-4
SSD,SSD.10_1,SUNF,86.38393856685254,83.50609266947046,80.03153898275676,77.8577453344049,73.03368185924099,66.51987011927025,2229.271988024149,2243.827859869773,2229.5347110062876,2234.2115196334034,2235.8583131240293,2235.2225752171416,0.03875,0.03722,0.0359,0.03485,0.03266,0.029760000000000002
SSD,SSD.1_1,SUNF,120.43225150092995,112.46708971551905,104.72004313256713,97.48478483286708,88.56963575187739,78.28613281035686,9651.867890939326,9716.950878460735,9658.180461564692,9686.790642751024,9662.226279490722,9669.436716101673,0.01248,0.01157,0.01084,0.01006,0.009167,0.008096
SSD,SSD.2_1,SUNF,28.427862231945177,29.025690617418746,29.33258816324918,28.267155829091966,26.77729888835338,24.650231189789217,2581.3318457440682,2598.1864672256675,2581.6360594981757,2587.051457489304,2588.958322377731,2588.222184969011,0.01101,0.01117,0.01136,0.01093,0.01034,0.009524
SSD,SSD.3_1,SUNF,0.4706024058387815,0.48574142446618596,0.45286266475959186,0.4508820637849208,0.4301444195469731,0.3895145005195184,336.4611418115694,338.65804074877906,336.500794251929,337.20665893742586,337.45520735195777,337.3592562507941,0.001399,0.001434,0.001346,0.001337,0.001275,0.001155
SSD,SSD.4_1,SUNF,0.3226394946793063,0.29686929910802123,0.2719190740457382,0.3207636523887372,0.35439144062239014,0.32048454395302745,687.9171551334908,692.4088609479098,687.998227181869,689.44141442109,689.9495881653659,689.7534097651231,4.69e-4,4.287e-4,3.952e-4,4.653e-4,5.136e-4,4.646e-4
SSD,SSD.5_1,SUNF,0.10694743214775619,0.10012146464124111,0.09154229851677713,0.08963756041153395,0.08292414136571409,0.07318756578029643,258.1497895956739,259.83536016513136,258.1802129280108,258.72178756293874,258.9124863181361,258.8388678418879,4.143e-4,3.853e-4,3.546e-4,3.465e-4,3.203e-4,2.828e-4
SSD,SSD.6_1,SUNF,0.02702208741849394,0.024168222704312826,0.021321872928431282,0.01884246439011114,0.01616920120685231,0.013285461310519903,50.75450666095962,51.096686951085694,50.7502473727226,50.843156351248425,50.887630125998406,50.87243031791276,5.324e-4,4.73e-4,4.201e-4,3.706e-4,3.177e-4,2.612e-4
SSD,SSD.7_1,SUNF,0.024771287299693773,0.022661448332822954,0.020615533586828435,0.018533577625457237,0.03073993273263235,0.02786050277777676,211.08282466339034,212.8501911545222,210.7389801028118,210.6932723365362,211.1009178553349,211.01447386652433,1.174e-4,1.065e-4,9.782e-5,8.796e-5,1.456e-4,1.32e-4
SSD,SSD.8_1,SUNF,0.5060491900582313,0.46798856793134996,0.430131693715687,0.4244756739497263,0.4031123914972775,0.35861610132891675,1166.8577171800468,1174.4766311055764,1166.9952330779884,1169.4431937878708,1170.3051674292485,1169.972406022502,4.337e-4,3.985e-4,3.686e-4,3.63e-4,3.445e-4,3.065e-4
SSD,SSD.9_1,SUNF,2.113878039359626,1.944809310466578,1.7775251835294108,1.6617800018502404,1.5864294055750485,1.3989265365483543,252.13556134740017,253.78186244408693,252.16527589409353,252.6942332285269,252.88048919164527,252.80858583714925,0.008384,0.007663,0.007049,0.006576,0.006273,0.005534
SVK,SVK.1_1,SUNF,0.09639477996427459,0.09018854945025671,0.0822229534018551,0.07754727122179174,0.07094964283924059,0.06424655872184327,55.653945868508416,77.7368598607251,67.14648933488353,69.79383161476623,65.501848523359,69.4354643402386,0.001732,0.00116,0.001225,0.001111,0.001083,9.253e-4
SVK,SVK.2_1,SUNF,0.25545573162849367,0.21461455611894717,0.17960182787320497,0.14496529902281466,0.11154159126141673,0.08669659186739558,65.7131721362877,94.50129819934617,82.6527166189092,83.11248372954863,78.22266893826885,83.27468094554888,0.003887,0.002271,0.002173,0.001744,0.001426,0.001041
SVK,SVK.3_1,SUNF,0.12047225935562268,0.11107951726230456,0.10190284843658658,0.09389949428659017,0.08635104861121,0.07839150887816956,139.11459760110543,186.95533436149825,158.70464108766305,172.55108455943804,161.3402410152232,170.06815337266156,8.66e-4,5.942e-4,6.421e-4,5.442e-4,5.352e-4,4.609e-4
SVK,SVK.4_1,SUNF,0.10799321448879738,0.08512945686198853,0.0784395730323974,0.062458454883467886,0.049790919931947314,0.04276728556071957,396.766805474363,559.9694822304905,485.8634506739177,499.0686401093456,468.84861511790376,497.75822974816873,2.722e-4,1.52e-4,1.614e-4,1.252e-4,1.062e-4,8.592e-5
SVK,SVK.5_1,SUNF,0.31768834088410963,0.29129895156414387,0.2681528174452991,0.2488680262586332,0.2220532719332708,0.19772718513538914,100.79318779516733,144.94943382947613,126.7756602994678,127.48086735641236,119.98069646953341,127.72965118347005,0.003152,0.00201,0.002115,0.001952,0.001851,0.001548
SVK,SVK.6_1,SUNF,0.9822377839535277,0.8793681233616084,0.7930234711692592,0.7032461108653297,0.618379295739752,0.54252164471625,246.42760015793618,354.3844768104655,309.9517180617785,311.67586714822716,293.3388232183931,312.28411461813084,0.003986,0.002481,0.002559,0.002256,0.002108,0.001737
SVK,SVK.7_1,SUNF,0.09273629450081364,0.07697459023547562,0.06281122471731165,0.04968284042839338,0.03798871930580557,0.030824782781957362,193.83859521399316,279.1859981021059,244.77088636906444,245.684942932419,231.00943504143137,246.13032317879507,4.784e-4,2.757e-4,2.566e-4,2.022e-4,1.644e-4,1.252e-4
SVK,SVK.8_1,SUNF,0.029066108338396287,0.02490006826553284,0.02120946459380815,0.017669055658487594,0.01492123871415622,0.016028724454665407,24.37911583747587,35.059304256619335,30.663565419660266,30.83413572214534,29.02004948425722,30.894309726668897,0.001192,7.102e-4,6.917e-4,5.73e-4,5.142e-4,5.188e-4
SVN,SVN.10_1,SUNF,0.02273971146191959,0.02093311369914831,0.019419247078364246,0.017699374908561872,0.015934352532225637,0.014199153813532763,1.4633594566793293,1.6355193927592504,1.721599360799211,1.721599360799211,1.721599360799211,1.7072240061365376,0.01554,0.0128,0.01128,0.01028,0.009256,0.008317
SVN,SVN.11_1,SUNF,0.02243737959307153,0.020418799810961532,0.0182793252044722,0.017016690091735613,0.014964887356081867,0.012890348202299251,2.2626348743566753,2.5066337328465202,2.688405785251114,2.6991848270130134,2.7513100037016107,2.6968330073900177,0.009916,0.008146,0.006799,0.006304,0.005439,0.00478
SVN,SVN.12_1,SUNF,0,0,0,0,0,0,0.004308801523868571,0.004815719350206051,0.00506917826337479,0.00506917826337479,0.00506917826337479,0.005026850624875611,0,0,0,0,0,0
SVN,SVN.1_1,SUNF,0.004054337517230673,0.003616604280299192,0.0031788710433677115,0.00275097546667924,0.002327494335616422,0.0018884998545050035,0.1729419821790067,0.19328809772947808,0.20346115550471378,0.20346115550471378,0.20346115550471378,0.20176225485624938,0.02344,0.01871,0.01562,0.01352,0.01144,0.00936
SVN,SVN.2_1,SUNF,0.5275265362092558,0.5002826754605727,0.49875433371010175,0.47816774369584014,0.440396290376761,0.4001445480909683,23.100544147666085,21.9287208831451,20.780315941186526,23.824267285542188,22.376381492295756,22.72009151340635,0.02284,0.02281,0.024,0.02007,0.01968,0.01761
SVN,SVN.3_1,SUNF,0.05262018402043061,0.04716690614680062,0.04176973725710446,0.03659728850430176,0.031479625486005886,0.02653522698287694,1.6459720998455445,1.8048751973887343,1.9778921329158554,1.994765162038435,2.076359578658573,2.009707718041395,0.03197,0.02613,0.02112,0.01835,0.01516,0.0132
SVN,SVN.4_1,SUNF,0.009761197895857622,0.009403999609235991,0.008743760735970808,0.00811007126613016,0.007385621434748499,0.006672496606077879,0.46369823324376225,0.5182509665665578,0.5455273332279555,0.5455273332279555,0.5455273332279555,0.5409721799955022,0.02105,0.01815,0.01603,0.01487,0.01354,0.01233
SVN,SVN.5_1,SUNF,0.04430935075917593,0.03923070182749779,0.034161040709000265,0.02910889222933945,0.024211072207254106,0.019211860950528625,0.4923929515835736,0.5503215341228176,0.5792858253924396,0.5792858253924396,0.5792858253924396,0.5744487887504127,0.08999,0.07129,0.05897,0.05025,0.04179,0.03344
SVN,SVN.6_1,SUNF,0.07141609370614212,0.06297799151069812,0.05737222864294932,0.04861105548426395,0.03912627414155221,0.029641492798840506,0.5234886239514323,0.5737812082256512,0.5972941492330168,0.6061330834593768,0.6019287563049639,0.598443254448667,0.1364,0.1098,0.09605,0.0802,0.065,0.04953
SVN,SVN.7_1,SUNF,0.020187633955752928,0.01755985493594435,0.016077826902659857,0.013627146466588207,0.010847126620549272,0.008030752755215104,0.5638271721884309,0.6301597806811875,0.6633260849275657,0.6633260849275657,0.6633260849275657,0.6577873121184206,0.0358,0.02787,0.02424,0.02054,0.01635,0.01221
SVN,SVN.8_1,SUNF,0.033767500390484095,0.030603700232716066,0.028368373168688527,0.025622012570507575,0.022992960181465242,0.020357424145756507,3.516331680098144,3.942531991322401,4.12638732806714,4.135481688436766,4.12263443844216,4.093706728629074,0.009603,0.007762,0.006875,0.006196,0.005577,0.004973
SVN,SVN.9_1,SUNF,0,0,0,0,0,0,0.1970077041664049,0.22018508112715843,0.23177376960753518,0.23177376960753518,0.23177376960753518,0.2298384586313123,0,0,0,0,0,0
SWZ,SWZ.1_1,SUNF,0.0016314449835479574,0.0015004005806984492,0.001341348716561039,0.0011305411967116178,9.174605312844499e-4,7.032196977994354e-4,0.7403108730339936,0.6365640734521847,0.7938742659402578,0.675997246143913,0.5933753605041014,0.6391744868920397,0.002204,0.002357,0.00169,0.001672,0.001546,0.0011
SWZ,SWZ.2_1,SUNF,1.75839442146554e-5,1.4886889414826505e-5,1.2189834614997603e-5,9.492779815168704e-6,6.795725015339807e-6,4.098670215510908e-6,0.21909459599092293,0.1841424670611693,0.22787960856829503,0.1971101880823303,0.17363092759549234,0.18593077668940072,8.026e-5,8.084e-5,5.349e-5,4.816e-5,3.914e-5,2.204e-5
SWZ,SWZ.3_1,SUNF,5.102330671938325e-4,4.5718590858830993e-4,4.135121062765814e-4,3.625865019480493e-4,3.089252102395047e-4,2.552639185309601e-4,0.04584787358361487,0.03942277525642471,0.049165084982404,0.041864894077619154,0.03674807369035459,0.0395844396460087,0.01113,0.0116,0.008411,0.008661,0.008407,0.006449
SWZ,SWZ.4_1,SUNF,2.9753674332519224e-4,2.402433004176584e-4,1.929283479219343e-4,1.4561339542621017e-4,9.829844293048607e-5,5.2011616649194734e-5,0.13735917268757258,0.1181097261663592,0.14729746159286877,0.12542625787577968,0.1100963819131844,0.11859406895198046,0.002166,0.002034,0.00131,0.001161,8.928e-4,4.386e-4
SYR,SYR.10_1,SUNF,0.05400528198233758,0.04958598027995956,0.045171597229213975,0.04076657593039333,0.03636599773186513,0.031969251988488157,25.679465493529566,23.676029879440005,27.226579755925453,32.02263396935272,28.228336240826795,29.68435058798909,0.002103,0.002094,0.001659,0.001273,0.001288,0.001077
SYR,SYR.11_1,SUNF,0.07797034578548075,0.09714354679350717,0.09159049794918132,0.08565981566870381,0.07986142842304265,0.08522620519456633,52.98055956606648,32.08603372166941,69.11595154598623,119.13566668373745,79.56361785298427,94.74889717648318,0.001472,0.003028,0.001325,7.19e-4,0.001004,8.995e-4
SYR,SYR.14_1,SUNF,0.13976501469144495,0.12943727724818946,0.12073744713632126,0.11177546994421744,0.11270065846895302,0.10319389573495821,16.511528263156805,9.999695303091356,21.54016485921491,37.12893830699506,24.79620705516254,29.52873858724689,0.008465,0.01294,0.005605,0.00301,0.004545,0.003495
SYR,SYR.1_1,SUNF,7.880414576236632e-4,6.783900293902776e-4,5.687458667055772e-4,4.649252308693139e-4,4.614470241920951e-4,3.460475358314287e-4,1.2929177744271663,0.9521860660014996,1.5560412219932243,2.371723909448004,1.7264136542922468,1.9740434021672955,6.095e-4,7.125e-4,3.655e-4,1.96e-4,2.673e-4,1.753e-4
SYR,SYR.2_1,SUNF,0.01116403187454868,0.011613827584974597,0.013000687957489848,0.015320591378957173,0.01527787752876421,0.014266531114381855,22.8318000164301,18.81511427151581,25.933607611251745,35.549211155198854,27.942028028898765,30.86118950906203,4.89e-4,6.173e-4,5.013e-4,4.31e-4,5.468e-4,4.623e-4
SYR,SYR.8_1,SUNF,0.030284388030263152,0.0346014861003981,0.032489217691116665,0.03358445213771264,0.043353483983570584,0.04053497903797135,8.81715457969404,5.339836375651161,11.502446061251538,19.826849654079783,13.241172295560018,15.768343700085488,0.003435,0.00648,0.002825,0.001694,0.003274,0.002571
SYR,SYR.9_1,SUNF,0.005371670506330961,0.004730482759437074,0.004107857201640282,0.0034860968714030467,0.002870723707478954,0.0022712694118638714,3.2780620872089368,1.9852566966710312,4.276405954182878,7.371271941802097,4.922833608048506,5.862391227706453,0.001639,0.002383,9.606e-4,4.729e-4,5.831e-4,3.874e-4
THA,THA.10_1,SUNF,11.151196053334225,11.026345857029183,10.56507059287914,9.809960244350936,8.982933587192512,8.044729043303676,133.41915565845417,133.41915565845417,144.0926881111305,144.0926881111305,133.41915565845417,139.1579582738432,0.08358,0.08264,0.07332,0.06808,0.06733,0.05781
THA,THA.11_1,SUNF,17.991840564456613,15.590730372149828,13.192781364352628,10.80030723114794,8.411902747969108,6.025842814487434,0.005004386822961552,0.0048047289287633365,0.004876086289091505,0.004923657862643618,0.004757157355211225,0.004816308642625478,3595,3245,2706,2194,1768,1251
THA,THA.13_1,SUNF,2.076492007224617,1.5092038230554308,0.9891393624633718,0.540048004613359,0.1668467880755548,0,0.36984278185386443,0.36984278185386443,0.39943020440217364,0.39943020440217364,0.36984278185386443,0.38575095271067217,5.615,4.081,2.476,1.352,0.4511,0
THA,THA.14_1,SUNF,0.17400320426692986,0.1094301601623963,0.05668347442055771,0.019458542012571196,0.0024963292065637863,6.982069433544169e-4,7.189269901929223,7.189269901929223,7.764411494083562,7.764411494083562,7.189269901929223,7.498504364644209,0.0242,0.01522,0.0073,0.002506,3.472e-4,9.311e-5
THA,THA.15_1,SUNF,0.11822896390297322,0.09953916315773217,0.08135606604649324,0.06383157226302645,0.0473886512261427,0.03318390379265826,13.677627813069602,13.677627813069602,14.77183803811517,14.77183803811517,13.677627813069602,14.265948177402445,0.008644,0.007278,0.005508,0.004321,0.003465,0.002326
THA,THA.16_1,SUNF,25.375916716264822,22.036872165213293,18.751917262128764,15.529462037671037,12.320657980891296,9.137052544485599,6.424938341336141,6.168605306947443,6.260218257050623,6.321293557119409,6.107530006878656,6.1834720529058504,3.95,3.572,2.995,2.457,2.017,1.478
THA,THA.17_1,SUNF,0.29944675594244546,0.3194922358903657,0.3272587880426955,0.3185751963493836,0.30394970555237216,0.2775055822882987,534.1667063290696,534.1667063290696,576.9000428353952,576.9000428353952,534.1667063290696,557.1429969239708,5.606e-4,5.981e-4,5.673e-4,5.522e-4,5.69e-4,4.981e-4
THA,THA.19_1,SUNF,5.855665894294136,5.111326914556895,4.366188179110084,3.624090465927491,2.8790690814434607,2.1335943690514427,48.66071562077301,48.66071562077301,52.553572870434856,52.553572870434856,48.66071562077301,50.75377520200789,0.1203,0.105,0.08308,0.06896,0.05917,0.04204
THA,THA.1_1,SUNF,3.837481801598182,2.493674085839806,1.4390164527966434,0.567357272735121,0.08013223298651752,3.898750577943627e-4,1.0485732809430677,1.0485732809430677,1.1324591434185132,1.1324591434185132,1.0485732809430677,1.0936759130006992,3.66,2.378,1.271,0.501,0.07642,3.565e-4
THA,THA.21_1,SUNF,5.387368421856916,5.398073967925805,5.279281532754076,5.187597093685641,4.89675122108803,4.487761673075247,3448.1760460000937,3448.1760460000937,3724.0301296801013,3724.0301296801013,3448.1760460000937,3596.4935916587124,0.001562,0.001565,0.001418,0.001393,0.00142,0.001248
THA,THA.22_1,SUNF,0.4214427511534047,0.36625441476368015,0.31125437015686047,0.2563556008221066,0.20148813397906293,0.14685922534467458,1.6283726210724827,1.6283726210724827,1.7586424307582813,1.7586424307582813,1.6283726210724827,1.698414355413548,0.2588,0.2249,0.177,0.1458,0.1237,0.08647
THA,THA.23_1,SUNF,3.5504466211376924,3.2439738988342754,2.9727779553875004,2.596918964483453,2.224903586280924,1.8485682357021047,18.677220685904864,18.520417134382686,19.75621601168181,19.793576876947995,18.483056269116503,19.163827716860222,0.1901,0.1752,0.1505,0.1312,0.1204,0.09646
THA,THA.24_1,SUNF,0.014298174579451347,0.00797041360944033,0.004665848603100691,0.0016352766125777053,1.2849356261226863e-4,0,1.8550482658277496,1.8550482658277496,2.00345212709397,2.00345212709397,1.8550482658277496,1.9348400752352217,0.007708,0.004297,0.002329,8.162e-4,6.927e-5,0
THA,THA.25_1,SUNF,2.963512865479991,2.0400001163634727,1.3412913121819467,0.8725963541157178,0.5939354294623284,0.483884572245199,305.27400344196303,305.27400344196303,329.6959237173201,329.6959237173201,305.27400344196303,318.4048559100135,0.009708,0.006683,0.004068,0.002647,0.001946,0.00152
THA,THA.26_1,SUNF,8.078503675171668e-4,0.00124611656567233,0.00122721201210457,0.00121686458287248,0.0011417549008914,0.00105852844072778,0.015065885135070295,0.015065885135070295,0.016271155945875918,0.016271155945875918,0.015065885135070295,0.015713919074346792,0.05362,0.08271,0.07542,0.07479,0.07578,0.06736
THA,THA.29_1,SUNF,1.1970569082784523,1.0070400508501696,0.8274178005526693,0.6595464292542499,0.5068197381158955,0.3676112962620468,4.879413842679222,4.879413842679222,5.26976695009356,5.26976695009356,4.879413842679222,5.089293696765666,0.2453,0.2064,0.157,0.1252,0.1039,0.07223
THA,THA.32_1,SUNF,6.803470278447449,5.8920324123226075,4.982541312236003,4.070854055107379,3.1554770770678675,2.237631003887601,49.373366301253924,49.373366301253924,53.32323560535423,53.32323560535423,49.373366301253924,51.497079363758544,0.1378,0.1193,0.09344,0.07634,0.06391,0.04345
THA,THA.34_1,SUNF,0.06554533651968254,0.0528160402592907,0.04448310539850073,0.04124848148804742,0.03703693262739305,0.03300696405605283,39.92732280110619,39.92732280110619,43.12150862519469,43.12150862519469,39.92732280110619,41.6447300458578,0.001642,0.001323,0.001032,9.566e-4,9.276e-4,7.926e-4
THA,THA.35_1,SUNF,0.09813677168357518,0.0658836759551623,0.03940374522020206,0.018701218690486934,0.0061369186038109065,0.00221898124833884,5.2380668053825135,5.2380668053825135,5.6571121498131145,5.6571121498131145,5.2380668053825135,5.463373518904702,0.01874,0.01258,0.006965,0.003306,0.001172,4.062e-4
THA,THA.42_1,SUNF,2.4122556345866,2.1010865141272297,1.790876430370908,1.4938977360146377,1.2040290743634954,0.9158799139105727,144.00053018415713,144.00053018415713,155.52057259888971,155.52057259888971,144.00053018415713,150.19447298914508,0.01675,0.01459,0.01152,0.009606,0.008361,0.006098
THA,THA.43_1,SUNF,1.0093405614316984,0.9119373426159056,0.8079043381127254,0.7073439273607042,0.6001840791673695,0.49124865929441236,14.140881671939647,14.08144658121647,15.114780774009118,15.128942101319858,14.06728525390573,14.629061924821432,0.07138,0.06476,0.05345,0.04675,0.04267,0.03358
THA,THA.45_1,SUNF,4.680143862860196,4.3960011521516416,4.024110666120845,3.6703173963309057,3.1946147281442148,2.6898987868881754,2020.8671642457714,2020.8671642457714,2182.5365373854333,2182.5365373854333,2020.8671642457714,2107.7913972038637,0.002316,0.002175,0.001844,0.001682,0.001581,0.001276
THA,THA.47_1,SUNF,3.79130220346719,3.598979995890242,3.338550490736667,3.074092077439612,2.7691601878179637,2.4358680272434796,1082.9423798667892,1082.9423798667892,1169.5777702561325,1169.5777702561325,1082.9423798667892,1129.5233414327931,0.003501,0.003323,0.002854,0.002628,0.002557,0.002157
THA,THA.49_1,SUNF,0.01337767610422271,0.014173482766818688,0.014938524057752577,0.01611574191944744,0.015135306576400491,0.014023780170440698,14.262167188382515,14.262167188382515,15.403140563453116,15.403140563453116,14.262167188382515,14.875630539712148,9.38e-4,9.938e-4,9.698e-4,0.001046,0.001061,9.427e-4
THA,THA.50_1,SUNF,8.24646652937453,7.408871454554704,6.527858361067748,5.678482946704334,4.778994484158391,3.8521355065362055,747.9483470630829,746.8162235533543,804.7865934666879,805.0563393589272,746.546477661115,777.8330696939352,0.01103,0.009921,0.008111,0.007054,0.006401,0.004952
THA,THA.52_1,SUNF,10.334519693344467,9.025074267106278,7.7156288408680895,6.4061834146299015,5.096737988391713,3.787292562153525,12.868435361914347,12.867573494424729,13.895628149751477,13.8958335029775,12.867368141198707,13.420208583126398,0.8031,0.7014,0.5553,0.461,0.3961,0.2822
THA,THA.55_1,SUNF,0.02236276690640013,0.019891837407972655,0.01742090790954517,0.014949978411117696,0.012479048912690211,0.01000811941426273,0.24822925291664832,0.24822925291664832,0.2680875931499802,0.2680875931499802,0.24822925291664832,0.25890642051543655,0.09009,0.08013,0.06498,0.05577,0.05027,0.03866
THA,THA.56_1,SUNF,0.5918791850920132,0.37780383442487214,0.18482419359765379,0.055151829993674524,0.008493776060633087,4.983598922260645e-5,0.738125970867127,0.738125970867127,0.7971760485364972,0.7971760485364972,0.738125970867127,0.7698752292940253,0.8019,0.5118,0.2318,0.06918,0.01151,6.473e-5
THA,THA.5_1,SUNF,0.039956126415636777,0.025929152333779258,0.014250878515577145,0.00513158408737067,6.337628694551571e-4,9.517145755461876e-5,0.7316953655793571,0.7316953655793571,0.7902309948257057,0.7902309948257057,0.7316953655793571,0.7631680222374775,0.05461,0.03544,0.01803,0.006494,8.662e-4,1.247e-4
THA,THA.60_1,SUNF,4.606190500148934,4.011873495560575,3.417705392802529,2.8259778724215776,2.2330933187569952,1.6412144611417199,15.395851372769739,15.395851372769739,16.627519482591318,16.627519482591318,15.395851372769739,16.058078259817147,0.2992,0.2606,0.2055,0.17,0.145,0.1022
THA,THA.65_1,SUNF,0.10990031005378062,0.09472848309794422,0.07955665614210783,0.06438482918627143,0.04921300223043505,0.034041175274598656,0.33835302515304727,0.33835302515304727,0.36542126716529105,0.36542126716529105,0.33835302515304727,0.35290671660829714,0.3248,0.28,0.2177,0.1762,0.1454,0.09646
THA,THA.69_1,SUNF,71.5706511160387,70.13328469719238,68.08358711469562,64.86252776637632,60.80521715567735,55.764344011910765,4421.280909234786,4416.06098806838,4761.162145104093,4762.405871853296,4414.817261319176,4600.910055030886,0.01619,0.01588,0.0143,0.01362,0.01377,0.01212
THA,THA.73_1,SUNF,0.10453060672350398,0.07142940761878458,0.04711737267329125,0.030638446694640862,0.020041725108050426,0.015486692558552938,57.307850328717095,57.307850328717095,61.89247835501446,61.89247835501446,57.307850328717095,59.772851997523,0.001824,0.001246,7.613e-4,4.95e-4,3.497e-4,2.591e-4
THA,THA.75_1,SUNF,5.995369893043059,5.689460608326286,5.329613679116174,4.932338134548937,4.492608797965846,4.000258394053417,1507.8435746077446,1507.8435746077446,1628.4710605763644,1628.4710605763644,1507.8435746077446,1572.700952896873,0.003976,0.003773,0.003273,0.003029,0.002979,0.002544
THA,THA.77_1,SUNF,1.0895691955630913,0.6555215295533446,0.3197509397719277,0.11169081385612685,0.017726878328061715,0.00208314089857621,1.0730457973249488,1.0730457973249488,1.1588894611109448,1.1588894611109448,1.0730457973249488,1.1192010738872196,1.015,0.6109,0.2759,0.09638,0.01652,0.001861
THA,THA.8_1,SUNF,0.09003250951810043,0.06382980800854669,0.04105951864915473,0.02415873580319199,0.01468390636071457,0.010047631556095423,1.4655071463234561,1.4655071463234561,1.5827477180293328,1.5827477180293328,1.4655071463234561,1.5285434937106497,0.06143,0.04355,0.02594,0.01526,0.01002,0.006573
THA,THA.9_1,SUNF,0.09637644706153126,0.093021434248684,0.08875908331054953,0.08378396915866569,0.07705139372987672,0.06961970790820418,34.76637298101806,34.76637298101806,37.54768281949951,37.54768281949951,34.76637298101806,36.261790570841605,0.002772,0.002676,0.002364,0.002231,0.002216,0.00192
TJK,TJK.3_1,SUNF,0.04513705649006346,0.03272506071858521,0.023648875931250632,0.017210008102076246,0.012406887854114125,0.00911768624554145,117.33565982086876,127.2334944589751,127.26067476525438,137.15873485381098,127.43440237318973,131.06407243783815,3.847e-4,2.572e-4,1.858e-4,1.255e-4,9.736e-5,6.957e-5
TJK,TJK.4_1,SUNF,0.0023552996543223675,0.0018237771634751739,0.0014532188809782515,0.001172802199504984,9.108125377650075e-4,6.684145905489862e-4,17.85405779636193,19.333498002865465,19.387640100784672,20.546113805434135,19.01314777788163,19.62336030798115,1.319e-4,9.433e-5,7.496e-5,5.708e-5,4.79e-5,3.406e-5
TJK,TJK.5_1,SUNF,1.995545678394847e-6,0,0,0,0,0,1.7195954359241412,1.860557232145976,1.8756293352326925,1.927240323317275,1.771377983458306,1.839396300417565,1.16e-6,0,0,0,0,0
TKM,TKM.1_1,SUNF,0.00463420260611673,0.00187185280209986,3.763156917192148e-4,3.644143917006806e-5,1.2147146390022689e-5,0,0.385975176181248,0.385975176181248,0.385975176181248,0.385975176181248,0.385975176181248,0.385975176181248,0.01201,0.00485,9.75e-4,9.441e-5,3.147e-5,0
TKM,TKM.3_1,SUNF,6.563385919139167e-4,3.9408341423089556e-4,2.1401508962207258e-4,1.2226115128916395e-4,3.9723974361783937e-5,0,0.08156883244076021,0.08156883244076021,0.08156883244076021,0.08156883244076021,0.08156883244076021,0.08156883244076021,0.008046,0.004831,0.002624,0.001499,4.87e-4,0
TKM,TKM.4_1,SUNF,0,0,0,0,0,0,1.0775193351894706e-4,1.9074598091772677e-4,2.0752966709995448e-4,2.906629288831256e-4,3.14805487424283e-4,2.892537851066854e-4,0,0,0,0,0,0
TKM,TKM.5_1,SUNF,0,0,0,0,0,0,0.00531508639170062,0.00940893897991282,0.01023682892226867,0.01433754854716265,0.01552843004851759,0.014268039623605473,0,0,0,0,0,0
TUN,TUN.11_1,SUNF,0.007281928016031638,0.006697655556959644,0.006113383097887628,0.005529110638815628,0.004944838179743616,0.004360565720671614,6.537914865774388,6.66220483033059,6.626663858441849,6.608924403613795,6.632601145363892,6.6293953155653,0.001114,0.001005,9.225e-4,8.366e-4,7.455e-4,6.578e-4
TUN,TUN.12_1,SUNF,5.9056838170682496e-5,5.2840328889558026e-5,4.6623819608433555e-5,4.040731032730908e-5,3.41908010461846e-5,2.7974291765060127e-5,0.016198372867270626,0.01650631434874826,0.016418257846554755,0.01637430647831789,0.016432968100413625,0.016425025319344626,0.003646,0.003201,0.00284,0.002468,0.002081,0.001703
TUN,TUN.13_1,SUNF,0.0026584298810933276,0.0023750897858010717,0.0021031745455142724,0.0023802118421498617,0.002731777702093596,0.0023850197950084683,12.521357308167836,12.759396360064144,12.691328601882077,12.657354153313321,12.702699641811213,12.696559864649617,2.123e-4,1.861e-4,1.657e-4,1.88e-4,2.151e-4,1.878e-4
TUN,TUN.16_1,SUNF,0.09139672147562701,0.09013431722452925,0.08658908365391886,0.09015192516403177,0.08915407888933172,0.08148485337819551,58.274983927443955,59.382828834506284,59.066038296834336,58.90791962043521,59.118959649751595,59.09038483900191,0.001568,0.001518,0.001466,0.00153,0.001508,0.001379
TUN,TUN.17_1,SUNF,0,0,0,0,0,0,0.00584921958468108,0.005960417009209695,0.005928619876163729,0.005912749071980425,0.005933931737155692,0.005931063605216373,0,0,0,0,0,0
TUN,TUN.18_1,SUNF,0,0,0,0,0,0,0.02226289290270093,0.022686124808683768,0.02256510077165339,0.022504694420225242,0.022585318407641584,0.022574401923267654,0,0,0,0,0,0
TUN,TUN.19_1,SUNF,0.03166345281041467,0.027994172363776982,0.024324891917139293,0.02108080066798313,0.017403950472731737,0.01371213546080699,8.565332627463102,8.72816510701289,8.681602823413266,8.658362335528121,8.689381272419723,8.685181309719733,0.003697,0.003207,0.002802,0.002435,0.002003,0.0015790000000000001
TUN,TUN.1_1,SUNF,0.001329194018788696,0.0012292488668681134,0.0013395837592047972,0.0017331092653888728,0.0015965213291413583,0.0014599333928938339,3.4723752198664046,3.538387305043949,3.5195110130441116,3.5100893480907587,3.522664386620337,3.5209617269528,3.828e-4,3.474e-4,3.806e-4,4.938e-4,4.532e-4,4.146e-4
TUN,TUN.20_1,SUNF,0.00174024956674836,0.00162653406958588,0.00151281857242339,0.00139910307526091,0.00128538757809843,0.00117167208093594,3.1259487653945253,3.1853750609691724,3.1683819890987923,3.159900289955107,3.1712207618734136,3.169687970470235,5.567e-4,5.106e-4,4.775e-4,4.428e-4,4.053e-4,3.696e-4
TUN,TUN.23_1,SUNF,0,0,0,0,0,0,0.11030192181277405,0.1123988322550251,0.11179921638621895,0.11149993198138701,0.11189938504416272,0.11184529911691388,0,0,0,0,0,0
TUN,TUN.24_1,SUNF,0.010439342427771277,0.009274757154242353,0.00811017188071342,0.007024878764037218,0.006048407950988541,0.004869900991214138,12.273299170797278,12.50662247803575,12.439903196771487,12.406601809295289,12.451048967273724,12.445030824025219,8.506e-4,7.416e-4,6.519e-4,5.662e-4,4.858e-4,3.913e-4
TUN,TUN.2_1,SUNF,0.08471007007043688,0.07424495675680404,0.06391056012266728,0.05833935131848878,0.04833211749722656,0.03897381088011359,37.687692791184595,38.40416005901992,38.199284765055026,38.09702599638511,38.23351014885475,38.215030200572976,0.002248,0.001933,0.001673,0.001531,0.001264,0.00102
TUN,TUN.3_1,SUNF,0.006255209514688057,0.0058422052729174756,0.005432824764968679,0.005019060464766321,0.004616969442886124,0.0042026065130262155,7.295841571147511,7.4345402096129085,7.394879047681558,7.375083095204181,7.401504631776027,7.397927156878484,8.574e-4,7.858e-4,7.347e-4,6.805e-4,6.238e-4,5.681e-4
TUN,TUN.4_1,SUNF,0.07872256441599318,0.08936790942222313,0.08450648488228228,0.07751229765012982,0.07407953552050396,0.06586239464254666,43.26091704263096,44.08333488628401,43.848162806491075,43.73078209728127,43.8874494112062,43.86623666374512,0.00182,0.002027,0.001927,0.001772,0.001688,0.001501
TUN,TUN.7_1,SUNF,0.08626944647931176,0.07734031783651203,0.06627421045717445,0.05676086669768156,0.046294806336532775,0.03495706175615789,26.12187232326438,26.618294832588067,26.476413444880652,26.405513675316502,26.500087175856272,26.487282483217847,0.003303,0.002906,0.002503,0.00215,0.001747,0.00132
TUN,TUN.8_1,SUNF,0.0067888386905620695,0.0058908011686106855,0.004992763646659302,0.004095081484644106,0.003564549877712276,0.0026476467404510347,3.4787683191827328,3.5449019412881415,3.52599089555294,3.5165518840756778,3.5291500749045133,3.527444280416669,0.001952,0.001662,0.001416,0.001165,0.00101,7.506e-4
TUN,TUN.9_1,SUNF,2.3654258708985035e-5,2.050035754778703e-5,1.7346456386589026e-5,1.419255522539102e-5,1.1038654064193014e-5,7.884752902995011e-6,0.3591518723076273,0.3659795802842317,0.36402718309651433,0.3630526891567775,0.3643533402518548,0.36417723215040315,6.586e-5,5.602e-5,4.765e-5,3.909e-5,3.03e-5,2.165e-5
TUR,TUR.11_1,SUNF,1.0323217924385044,0.9441843222369286,0.8286054218658997,0.7168952468749996,0.6038960245616108,0.4920699397303623,2538.0116391410024,2538.0116391410024,2538.0116391410024,2538.0116391410024,2538.0116391410024,2538.0116391410024,4.067e-4,3.72e-4,3.265e-4,2.825e-4,2.379e-4,1.939e-4
TUR,TUR.12_1,SUNF,17.771765882916508,17.056241196204997,15.426712963014772,13.922190131715542,12.037237766164216,10.15643598062557,13445.321388527573,13445.321388527573,13445.321388527573,13445.321388527573,13445.321388527573,13445.321388527573,0.001322,0.001269,0.001147,0.001035,8.953e-4,7.554e-4
TUR,TUR.14_1,SUNF,8.993720130738393e-5,7.675138758701244e-5,6.356557386664094e-5,5.037976014626944e-5,3.719394642589796e-5,2.4008132705526463e-5,6.682244691018269,6.682244691018269,6.682244691018269,6.682244691018269,6.682244691018269,6.682244691018269,1.346e-5,1.149e-5,9.513e-6,7.539e-6,5.566e-6,3.593e-6
TUR,TUR.15_1,SUNF,0.17008831555720177,0.14680459035629548,0.12352086515538914,0.10032020822539167,0.07720148850197904,0.053904823113394194,3.584117584356092,3.584117584356092,3.584117584356092,3.584117584356092,3.584117584356092,3.584117584356092,0.04746,0.04096,0.03446,0.02799,0.02154,0.01504
TUR,TUR.16_1,SUNF,0.6361359027186987,0.561781686851305,0.4839296199995736,0.4032600156348087,0.3224320492153932,0.2414669158679642,390.74931173845397,390.74931173845397,390.74931173845397,390.74931173845397,390.74931173845397,390.74931173845397,0.001628,0.001438,0.001238,0.001032,8.252e-4,6.18e-4
TUR,TUR.17_1,SUNF,0.1162813319376164,0.10757020567999394,0.09889707726992664,0.09021915734378992,0.0896031380819465,0.08044954965201162,1.8639167435952129,1.8639167435952129,1.8639167435952129,1.8639167435952129,1.8639167435952129,1.8639167435952129,0.06239,0.05771,0.05306,0.0484,0.04807,0.04316
TUR,TUR.18_1,SUNF,0.5238173793344962,0.45826344609526093,0.3927095128560257,0.32719797437340037,0.2616719230959889,0.19611427443067594,3.2744135450128375,3.2744135450128375,3.2744135450128375,3.2744135450128375,3.2744135450128375,3.2744135450128375,0.16,0.14,0.1199,0.09993,0.07991,0.05989
TUR,TUR.19_1,SUNF,0.5749979346606656,0.5051400398465803,0.4357422284258198,0.3632296740395064,0.289904318889883,0.2165123183129954,154.5396169922179,154.5396169922179,154.5396169922179,154.5396169922179,154.5396169922179,154.5396169922179,0.003721,0.003269,0.00282,0.00235,0.001876,0.001401
TUR,TUR.1_1,SUNF,2.33756650254118,2.6195879212084243,2.579820325761142,2.6122656859123294,2.431434712815558,2.202989878613178,40709.43654342115,40709.43654342115,40709.43654342115,40709.43654342115,40709.43654342115,40709.43654342115,5.742e-5,6.435e-5,6.337e-5,6.417e-5,5.973e-5,5.411e-5
TUR,TUR.20_1,SUNF,0.051286840568402346,0.04256382546477574,0.03391889809750335,0.025321867327475836,0.016723154167240437,0.008124343490424431,3.9799519981242324,3.9799519981242324,3.9799519981242324,3.9799519981242324,3.9799519981242324,3.9799519981242324,0.01289,0.01069,0.008522,0.006362,0.004202,0.002041
TUR,TUR.21_1,SUNF,3.6944331300676136,3.4047114713427615,3.121212975408064,2.7440146001873513,2.3188924639603448,1.8825917596611539,4742.261276703312,4742.261276703312,4742.261276703312,4742.261276703312,4742.261276703312,4742.261276703312,7.79e-4,7.18e-4,6.582e-4,5.786e-4,4.89e-4,3.97e-4
TUR,TUR.22_1,SUNF,8.264966294627097,7.801257722604915,7.1381485911956934,6.452714465799433,5.686084329990858,5.331667505876857,11224.479597034342,11224.479597034342,11224.479597034342,11224.479597034342,11224.479597034342,11224.479597034342,7.363e-4,6.95e-4,6.359e-4,5.749e-4,5.066e-4,4.75e-4
TUR,TUR.23_1,SUNF,0.19213363957230692,0.16321659888666717,0.1342995582010274,0.10538416385720627,0.07646703874378097,0.04754991363035565,2.375391573315797,2.375391573315797,2.375391573315797,2.375391573315797,2.375391573315797,2.375391573315797,0.08089,0.06871,0.05654,0.04436,0.03219,0.02002
TUR,TUR.24_1,SUNF,0.1931475867372126,0.17319392822891444,0.15219293281013593,0.13292985643470612,0.10797352866775069,0.08141128365873511,395.2223294861156,395.2223294861156,395.2223294861156,395.2223294861156,395.2223294861156,395.2223294861156,4.887e-4,4.382e-4,3.851e-4,3.363e-4,2.732e-4,2.06e-4
TUR,TUR.25_1,SUNF,0.07360423580849816,0.06549667300449391,0.05972543368197594,0.05086843853512236,0.04224930432923429,0.040379005686519816,561.0324441902881,561.0324441902881,561.0324441902881,561.0324441902881,561.0324441902881,561.0324441902881,1.312e-4,1.167e-4,1.065e-4,9.067e-5,7.531e-5,7.197e-5
TUR,TUR.26_1,SUNF,0.005511235255790463,0.004893321801501347,0.00427540834721223,0.004333871355337786,0.003685603694569976,0.0030913005443083588,43.647372762057685,43.647372762057685,43.647372762057685,43.647372762057685,43.647372762057685,43.647372762057685,1.263e-4,1.121e-4,9.795e-5,9.929e-5,8.444e-5,7.082e-5
TUR,TUR.27_1,SUNF,0.7518112594967593,0.7433708231839204,0.6880860950607984,0.6740106771668816,0.61276053909986,0.5252190715455167,436.6112800831245,436.6112800831245,436.6112800831245,436.6112800831245,436.6112800831245,436.6112800831245,0.001722,0.001703,0.001576,0.001544,0.001403,0.001203
TUR,TUR.28_1,SUNF,2.2626101865159076,2.196467123752699,1.941346577800875,1.6864079902143927,1.426295296073806,1.19070759853492,10423.500243936125,10426.151766617459,10428.353195633836,10413.157849783121,10414.79691849153,10415.221098663767,2.171e-4,2.107e-4,1.862e-4,1.619e-4,1.369e-4,1.143e-4
TUR,TUR.29_1,SUNF,8.270741755903136e-5,7.551546820607211e-5,6.832351885311286e-5,6.703336401444171e-5,5.9538758532544615e-5,5.204415305064751e-5,0.07847742329486607,0.07847742329486607,0.07847742329486607,0.07847742329486607,0.07847742329486607,0.07847742329486607,0.001054,9.623e-4,8.706e-4,8.542e-4,7.587e-4,6.632e-4
TUR,TUR.2_1,SUNF,0.07276853384234482,0.06459073851737457,0.05592285935022099,0.04729949495889307,0.038601490551505684,0.029899122736161163,27.9369324408558,27.9369324408558,27.9369324408558,27.9369324408558,27.9369324408558,27.9369324408558,0.002605,0.002312,0.002002,0.001693,0.001382,0.00107
TUR,TUR.30_1,SUNF,0.002432048105247075,0.002195110261644037,0.001958172418040999,0.0019361591838426425,0.0017041259464836275,0.0014553495905477707,9.099584105254953,9.099584105254953,9.099584105254953,9.099584105254953,9.099584105254953,9.099584105254953,2.673e-4,2.412e-4,2.152e-4,2.128e-4,1.873e-4,1.599e-4
TUR,TUR.31_1,SUNF,0.08161885791154673,0.07169014343567283,0.06176142895979892,0.05183271448392501,0.04190400000805109,0.03197528553217718,5.595277916900786,5.595277916900786,5.595277916900786,5.595277916900786,5.595277916900786,5.595277916900786,0.01459,0.01281,0.01104,0.009264,0.007489,0.005715
TUR,TUR.32_1,SUNF,0.23023792775554858,0.20360958581286662,0.1737708997680816,0.14399064847207685,0.11317993381130607,0.08233842014297765,332.7109506632211,332.7109506632211,332.7109506632211,332.7109506632211,332.7109506632211,332.7109506632211,6.92e-4,6.12e-4,5.223e-4,4.328e-4,3.402e-4,2.475e-4
TUR,TUR.33_1,SUNF,0.02308364042775478,0.02059843412657708,0.01961763863909286,0.01723555692362291,0.014745851650679419,0.01217005151432886,28.769460509714335,28.760536959167585,28.776351548400577,28.797713768327924,28.780813495949918,28.787298764322067,8.024e-4,7.162e-4,6.817e-4,5.985e-4,5.124e-4,4.228e-4
TUR,TUR.35_1,SUNF,0,0,0,0,0,0,0.20119236574831487,0.20119236574831487,0.20119236574831487,0.20119236574831487,0.20119236574831487,0.20119236574831487,0,0,0,0,0,0
TUR,TUR.36_1,SUNF,4.6126252360587246e-4,3.7739661022298656e-4,2.935306968401006e-4,2.0966478345721477e-4,1.2579887007432885e-4,4.193295669144295e-5,0.5246972190260655,0.5246972190260655,0.5246972190260655,0.5246972190260655,0.5246972190260655,0.5246972190260655,8.791e-4,7.193e-4,5.594e-4,3.996e-4,2.398e-4,7.992e-5
TUR,TUR.37_1,SUNF,0.2457486052565049,0.23395071519766422,0.21750986419028867,0.21091731613064385,0.19036229503712485,0.16773072555927412,1510.2372338243165,1509.9383319260246,1510.468055013005,1511.1836006979386,1510.6175117326807,1510.8347413003523,1.627e-4,1.549e-4,1.44e-4,1.396e-4,1.26e-4,1.11e-4
TUR,TUR.38_1,SUNF,0,0,0,1.1550528981370194e-4,2.1587686806429036e-4,2.0450249799968187e-4,14.173737035138576,14.173737035138576,14.173737035138576,14.173737035138576,14.173737035138576,14.173737035138576,0,0,0,8.149e-6,1.523e-5,1.443e-5
TUR,TUR.39_1,SUNF,0.07438002571416513,0.063344368826091485,0.05229470183893142,0.04124457401806452,0.030194772857590754,0.019144628284908833,5.576695460416916,5.576695460416916,5.576695460416916,5.576695460416916,5.576695460416916,5.576695460416916,0.01334,0.01136,0.009377,0.007396,0.005414,0.003433
TUR,TUR.3_1,SUNF,0.11917055215529518,0.10329135988654017,0.08869170428610323,0.07609875217328867,0.07192926796181537,0.0621349727253333,147.65018639204487,147.65018639204487,147.65018639204487,147.65018639204487,147.65018639204487,147.65018639204487,8.071e-4,6.996e-4,6.007e-4,5.154e-4,4.872e-4,4.208e-4
TUR,TUR.40_1,SUNF,1.0250002870493677,1.0269075206461566,0.9075455848116288,0.819079075343494,0.698822886323224,0.5767741927376675,1006.2671210908055,1006.2671210908055,1006.2671210908055,1006.2671210908055,1006.2671210908055,1006.2671210908055,0.001019,0.001021,9.019e-4,8.14e-4,6.945e-4,5.732e-4
TUR,TUR.41_1,SUNF,0.6514352769025372,0.6219867319680887,0.5875920633243372,0.5411763646425954,0.5047528992931697,0.45296940363611765,871.8156153320299,871.8156153320299,871.8156153320299,871.8156153320299,871.8156153320299,871.8156153320299,7.472e-4,7.134e-4,6.74e-4,6.207e-4,5.79e-4,5.196e-4
TUR,TUR.42_1,SUNF,0.10086927124588146,0.08827602519997775,0.07591775104328116,0.06421467763908693,0.06268817870597278,0.04998912928227237,160.37810966372612,160.37810966372612,160.37810966372612,160.37810966372612,160.37810966372612,160.37810966372612,6.289e-4,5.504e-4,4.734e-4,4.004e-4,3.909e-4,3.117e-4
TUR,TUR.43_1,SUNF,0.031189008493197744,0.02631317066096331,0.021437332828728898,0.016561494996494484,0.01168565716426007,0.006809819332025655,0.09555673729406972,0.09555673729406972,0.09555673729406972,0.09555673729406972,0.09555673729406972,0.09555673729406972,0.3264,0.2754,0.2243,0.1733,0.1223,0.07126
TUR,TUR.44_1,SUNF,0.33222211931111434,0.2872103500561311,0.24403883050046152,0.19970174080190942,0.1545038840696741,0.10930602733743883,62.8361172249356,62.8361172249356,62.8361172249356,62.8361172249356,62.8361172249356,62.8361172249356,0.005287,0.004571,0.003884,0.003178,0.002459,0.00174
TUR,TUR.45_1,SUNF,8.006971131881271e-4,7.408295956173449e-4,6.809620780465625e-4,6.210945604757804e-4,5.629220505771801e-4,5.029676095360295e-4,1.515351385064777,1.515351385064777,1.515351385064777,1.515351385064777,1.515351385064777,1.515351385064777,5.284e-4,4.889e-4,4.494e-4,4.099e-4,3.715e-4,3.319e-4
TUR,TUR.46_1,SUNF,0.44643760523642256,0.3795154112447921,0.3125676184886238,0.24570139358265766,0.1787541378882381,0.11179980789891329,4.040677530442197,4.040677530442197,4.040677530442197,4.040677530442197,4.040677530442197,4.040677530442197,0.1105,0.09392,0.07736,0.06081,0.04424,0.02767
TUR,TUR.47_1,SUNF,0.08127191390413095,0.07390037561238744,0.06625807808321234,0.0626525447525418,0.054958157105760054,0.04695800292268339,61.69888682286854,61.69888682286854,61.69888682286854,61.69888682286854,61.69888682286854,61.69888682286854,0.001317,0.001198,0.001074,0.001015,8.907e-4,7.611e-4
TUR,TUR.48_1,SUNF,0,0,0,0,0,0,0.6716448183759725,0.6716448183759725,0.6716448183759725,0.6716448183759725,0.6716448183759725,0.6716448183759725,0,0,0,0,0,0
TUR,TUR.49_1,SUNF,0.0107136206942123,0.00885183005727925,0.006990039420346206,0.005128248783413148,0.0032664581464801005,0.001404667509547055,46.163798203355505,46.163798203355505,46.163798203355505,46.163798203355505,46.163798203355505,46.163798203355505,2.321e-4,1.917e-4,1.514e-4,1.111e-4,7.076e-5,3.043e-5
TUR,TUR.4_1,SUNF,0,0,0,0,0,0,0.19310314344062263,0.19310314344062263,0.19310314344062263,0.19310314344062263,0.19310314344062263,0.19310314344062263,0,0,0,0,0,0
TUR,TUR.50_1,SUNF,3.4330626547036815,3.0956859368695286,2.708527611496495,2.303057039559941,1.8462900175654877,1.377674375701678,4403.346886015021,4403.439014307333,4403.486479324787,4403.364190290584,4403.316437211468,4403.353644333128,7.796e-4,7.03e-4,6.151e-4,5.23e-4,4.193e-4,3.129e-4
TUR,TUR.51_1,SUNF,0.2167211813046763,0.18651504765580207,0.15630891400692787,0.1261027803580536,0.09591839021849335,0.06571114151785946,142.90451785455224,142.90451785455224,142.90451785455224,142.90451785455224,142.90451785455224,142.90451785455224,0.001517,0.001305,0.001094,8.824e-4,6.712e-4,4.598e-4
TUR,TUR.52_1,SUNF,1.4818718166490317,1.3070657671689891,1.2300643249735193,1.0765850888178818,0.894755615342159,0.7124365943778685,518.0005304596901,518.0005304596901,518.0005304596901,518.0005304596901,518.0005304596901,518.0005304596901,0.002861,0.002523,0.002375,0.002078,0.001727,0.001375
TUR,TUR.53_1,SUNF,0.8894974155385169,0.8165623302521599,0.7191257968665286,0.7842105425448561,0.7201072352762005,0.6956910707402458,1701.8064409971994,1701.8064409971994,1701.8064409971994,1701.8064409971994,1701.8064409971994,1701.8064409971994,5.227e-4,4.798e-4,4.226e-4,4.608e-4,4.231e-4,4.088e-4
TUR,TUR.54_1,SUNF,0.02953536311617924,0.023615569218014904,0.019569830727915318,0.01688694399153974,0.014215411437385453,0.012169145604772428,85.06661290938945,85.06661290938945,85.06661290938945,85.06661290938945,85.06661290938945,85.06661290938945,3.472e-4,2.776e-4,2.301e-4,1.985e-4,1.671e-4,1.431e-4
TUR,TUR.55_1,SUNF,0.25875336604864074,0.23176135947173135,0.2046378918341412,0.17584026277706666,0.14508436468367436,0.1139005817027671,48.56777372228903,48.56777372228903,48.56777372228903,48.56777372228903,48.56777372228903,48.56777372228903,0.005328,0.004772,0.004213,0.003621,0.002987,0.002345
TUR,TUR.56_1,SUNF,0.5315033098528418,0.48051821667733924,0.4370062563728788,0.399109990571563,0.3514275530089589,0.30420620757474043,614.0211735046106,614.0211735046106,614.0211735046106,614.0211735046106,614.0211735046106,614.0211735046106,8.656e-4,7.826e-4,7.117e-4,6.5e-4,5.723e-4,4.954e-4
TUR,TUR.57_1,SUNF,0.009439366563124756,0.008712164494521094,0.007986372733804798,0.007829396354693275,0.0070911412067466454,0.006510144261345749,8.178061647108482,8.178061647108482,8.178061647108482,8.178061647108482,8.178061647108482,8.178061647108482,0.001154,0.001065,9.766e-4,9.574e-4,8.671e-4,7.96e-4
TUR,TUR.58_1,SUNF,1.8696412551160935,1.7254102073023114,1.6006231355004348,1.4432356309141723,1.2403423145795378,1.0196463006428214,8810.830762214193,8810.830762214193,8810.830762214193,8810.830762214193,8810.830762214193,8810.830762214193,2.122e-4,1.958e-4,1.817e-4,1.638e-4,1.408e-4,1.157e-4
TUR,TUR.59_1,SUNF,0.17954670850738658,0.16164208039617972,0.14058803085993618,0.12094070147525972,0.10130183039923184,0.08284000117564554,346.3383122451835,346.3383122451835,346.3383122451835,346.3383122451835,346.3383122451835,346.3383122451835,5.184e-4,4.667e-4,4.059e-4,3.492e-4,2.925e-4,2.392e-4
TUR,TUR.5_1,SUNF,0.013886648987424937,0.011863244095992152,0.009839839204559372,0.00781643431312659,0.0057930294216938195,0.0037696245302610287,55.89146810729786,55.89146810729786,55.89146810729786,55.89146810729786,55.89146810729786,55.89146810729786,2.485e-4,2.123e-4,1.761e-4,1.399e-4,1.036e-4,6.745e-5
TUR,TUR.60_1,SUNF,0.02043536983725524,0.01748283158428682,0.014530293331318415,0.01162984519749854,0.008676814007937551,0.005721492756470803,4.5960363536334015,4.5960363536334015,4.5960363536334015,4.5960363536334015,4.5960363536334015,4.5960363536334015,0.004446,0.003804,0.003161,0.00253,0.001888,0.001245
TUR,TUR.61_1,SUNF,0.002191744985592937,0.001926276829485303,0.001660808673377659,0.001395340517270025,0.0011298723611623909,8.644042050547525e-4,27.894627120548243,27.894627120548243,27.894627120548243,27.894627120548243,27.894627120548243,27.894627120548243,7.857e-5,6.906e-5,5.954e-5,5.002e-5,4.051e-5,3.099e-5
TUR,TUR.62_1,SUNF,0.07847877658346747,0.07196929681499808,0.06174421454624079,0.05273703589241293,0.04244949702801822,0.03216195816362347,28.160313087639697,28.160313087639697,28.160313087639697,28.160313087639697,28.160313087639697,28.160313087639697,0.002787,0.002556,0.002193,0.001873,0.001507,0.001142
TUR,TUR.63_1,SUNF,0.0760421930123976,0.07049215960216068,0.06494212619192374,0.059392092781686806,0.05384205937144988,0.048292025961212945,33.558857084861806,33.558857084861806,33.558857084861806,33.558857084861806,33.558857084861806,33.558857084861806,0.002266,0.002101,0.001935,0.00177,0.001604,0.001439
TUR,TUR.64_1,SUNF,0.17926661226966034,0.15354452403174765,0.12751194128007462,0.10223997735172294,0.07527277953981099,0.047989772852414736,762.4582145949327,762.4582145949327,762.4582145949327,762.4582145949327,762.4582145949327,762.4582145949327,2.351e-4,2.014e-4,1.672e-4,1.341e-4,9.872e-5,6.294e-5
TUR,TUR.66_1,SUNF,1.5304610945818398,1.4135865092233104,1.3371706472148348,1.210253748510509,1.0191765198260252,0.8224319998250703,1019.4373021496051,1019.4373021496051,1019.4373021496051,1019.4373021496051,1019.4373021496051,1019.4373021496051,0.001501,0.001387,0.001312,0.001187,9.997e-4,8.068e-4
TUR,TUR.67_1,SUNF,2.958736008995061,3.1164242808877964,3.026977141879991,2.8942785838526737,2.682336106892909,2.43549058694523,9660.532094347422,9660.532094347422,9660.532094347422,9660.532094347422,9660.532094347422,9660.532094347422,3.063e-4,3.226e-4,3.133e-4,2.996e-4,2.777e-4,2.521e-4
TUR,TUR.68_1,SUNF,0.017043615959681527,0.014942167375582632,0.012840718791483727,0.01073927020738485,0.008637821623285963,0.006536373039187078,28.336754469178704,28.31315663626709,28.354977437564827,28.41146863956181,28.366776809594842,28.383926740962544,6.015e-4,5.277e-4,4.529e-4,3.78e-4,3.045e-4,2.303e-4
TUR,TUR.69_1,SUNF,0.032498196531898664,0.028826382207225675,0.02515456788255269,0.022101111200301816,0.018970593978275486,0.015237683992402587,2.1835649872479888,2.1835649872479888,2.1835649872479888,2.1835649872479888,2.1835649872479888,2.1835649872479888,0.014880000000000001,0.0132,0.01152,0.01012,0.008688,0.006978
TUR,TUR.6_1,SUNF,0.7548740742674345,0.6824933182529577,0.6119782717951848,0.5541138445483328,0.46948286877544343,0.3820531919593286,834.1760709697471,834.1760709697471,834.1760709697471,834.1760709697471,834.1760709697471,834.1760709697471,9.049e-4,8.182e-4,7.336e-4,6.643e-4,5.628e-4,4.58e-4
TUR,TUR.70_1,SUNF,0.15262573855541559,0.1284581737605545,0.10429060896569337,0.08012304417083227,0.05595547937597115,0.03178791458111005,3.0434275783886067,3.0434275783886067,3.0434275783886067,3.0434275783886067,3.0434275783886067,3.0434275783886067,0.05015,0.04221,0.03427,0.02633,0.01839,0.01044
TUR,TUR.71_1,SUNF,0.002344658907769616,0.0021484390410799973,0.0019522191743903887,0.020238991395541774,0.027166579776388203,0.02564800800783608,1.2788639081711934,1.2788639081711934,1.2788639081711934,1.2788639081711934,1.2788639081711934,1.2788639081711934,0.001833,0.00168,0.001527,0.01583,0.02124,0.02006
TUR,TUR.72_1,SUNF,0.2789662425026325,0.24831546798139217,0.21651903543941994,0.18345693404652064,0.1465324052606569,0.10902241304712294,138.09231879200658,138.09231879200658,138.09231879200658,138.09231879200658,138.09231879200658,138.09231879200658,0.00202,0.001798,0.001568,0.001329,0.001061,0.00078950000000000005
TUR,TUR.73_1,SUNF,1.439562910818634,1.265709336389493,1.091836716173584,0.9181919844897743,0.742620474223813,0.5915437135509932,4072.1122980971677,4072.1122980971677,4072.1122980971677,4072.1122980971677,4072.1122980971677,4072.1122980971677,3.535e-4,3.108e-4,2.681e-4,2.255e-4,1.824e-4,1.453e-4
TUR,TUR.74_1,SUNF,2.865273007932049,2.71156177878111,2.4095474258470886,2.087590880872049,1.7726216447110659,1.4004792443802632,4712.82140281196,4712.82140281196,4712.82140281196,4712.82140281196,4712.82140281196,4712.82140281196,6.08e-4,5.754e-4,5.113e-4,4.43e-4,3.761e-4,2.972e-4
TUR,TUR.76_1,SUNF,1.0251218890301398e-4,9.274912329320312e-5,8.298605768339228e-5,7.322299207358142e-5,6.345992646377056e-5,5.3696860853959706e-5,0.07115905881627085,0.07115905881627085,0.07115905881627085,0.07115905881627085,0.07115905881627085,0.07115905881627085,0.001441,0.001303,0.001166,0.001029,8.918e-4,7.546e-4
TUR,TUR.77_1,SUNF,0.009181444371858295,0.006336788574931454,0.004148690386323543,0.003111364663796836,0.0023543034581347275,0.0017916120353178573,59.37378663798072,59.37378663798072,59.37378663798072,59.37378663798072,59.37378663798072,59.37378663798072,1.546e-4,1.067e-4,6.987e-5,5.24e-5,3.965e-5,3.018e-5
TUR,TUR.78_1,SUNF,1.1572184522570877e-4,1.0340741963621087e-4,9.109299404671297e-5,8.426256951289881e-5,7.16669131000325e-5,5.907125668716621e-5,2.530676735897145,2.530676735897145,2.530676735897145,2.530676735897145,2.530676735897145,2.530676735897145,4.573e-5,4.086e-5,3.6e-5,3.33e-5,2.832e-5,2.334e-5
TUR,TUR.79_1,SUNF,0.21881095304217238,0.26656033915562566,0.25419660768649854,0.2354173840159034,0.21692333027095617,0.1966634699362522,30.908874913652042,30.908874913652042,30.908874913652042,30.908874913652042,30.908874913652042,30.908874913652042,0.007079,0.008624,0.008224,0.007616,0.007018,0.006363
TUR,TUR.7_1,SUNF,0.3420407145495399,0.2906871852312171,0.23933365591289435,0.18801472180097134,0.13668462132547077,0.08532802543471875,249.23464650721843,249.23464650721843,249.23464650721843,249.23464650721843,249.23464650721843,249.23464650721843,0.001372,0.001166,9.603e-4,7.544e-4,5.484e-4,3.424e-4
TUR,TUR.80_1,SUNF,0.5152155569381761,0.44893210265950423,0.4108149027044198,0.44764959491015427,0.37877374219425214,0.30612676944947476,265.89196254556447,265.89196254556447,265.89196254556447,265.89196254556447,265.89196254556447,265.89196254556447,0.001938,0.001688,0.001545,0.001684,0.001425,0.001151
TUR,TUR.8_1,SUNF,0.10565153004586453,0.09307930098013426,0.08029235384684573,0.06773413460849531,0.05499679689355318,0.04236918599597716,43.493957586932815,43.493957586932815,43.493957586932815,43.493957586932815,43.493957586932815,43.493957586932815,0.002429,0.00214,0.001846,0.001557,0.001264,9.741e-4
TWN,TWN.1_1,SUNF,7.002154183657562e-6,6.5291148285756104e-6,6.05607547349366e-6,5.583036118411709e-6,5.109996763329757e-6,4.636957408247807e-6,0.3695657897485903,0.3695657897485903,0.3695657897485903,0.3695657897485903,0.3695657897485903,0.3695657897485903,1.895e-5,1.767e-5,1.639e-5,1.511e-5,1.383e-5,1.255e-5
TZA,TZA.10_1,SUNF,93.95677351324397,91.71731738317824,88.93408058398929,86.14499980109201,81.80392222933543,74.30325337690415,4950.164211522028,5157.380387818299,5295.524505349146,5387.620583703045,5525.764701233892,5408.917801822382,0.01898,0.01778,0.01679,0.01599,0.0148,0.01374
TZA,TZA.11_1,SUNF,640.0200539371386,597.4992348487646,553.6877262619961,513.5285482681377,458.018783411665,393.60739826379364,42703.41284261519,44490.997566259546,45682.720715355776,46477.20281475328,47668.92596384951,46660.92680023893,0.01499,0.01343,0.01212,0.01105,0.009608,0.008435
TZA,TZA.12_1,SUNF,3.091731197768648,2.774432026620429,2.445439891755678,2.122702221271671,1.7961837625911246,1.4527213427330201,1007.0460604627823,1048.8289174432236,1078.464161949521,1097.0343206074951,1124.889558594456,1101.3037497058806,0.00307,0.002645,0.002268,0.001935,0.001597,0.001319
TZA,TZA.13_1,SUNF,711.293758356279,710.9591073731957,692.0372471359534,662.4651733691188,616.6975452392257,559.9826708596578,28130.263282686916,29307.809187543575,30092.83979078135,30616.1935262732,31401.224129510974,30737.21907760568,0.02529,0.02426,0.023,0.02164,0.01964,0.01822
TZA,TZA.14_1,SUNF,415.81311355840387,385.6168682282105,353.74777176216475,315.66257943933186,275.56825681158745,234.09051979443427,30590.926428094943,31871.47683671287,32725.17710912482,33294.31062406612,34148.010896478074,33425.92274939629,0.01359,0.0121,0.01081,0.009481,0.00807,0.007003
TZA,TZA.15_1,SUNF,356.4498537828921,356.6077546509189,352.1745280626049,343.6190768811113,324.36202566896884,297.16726103945877,322.70427512108773,334.2380276255963,342.95100350035364,349.6879309366227,358.5419811955164,350.80547603247226,1.105,1.067,1.027,0.9826,0.9047,0.8471
TZA,TZA.16_1,SUNF,1.5444162510931805,1.6232611589274668,1.6654475993676563,1.6880358583426438,1.6190951356280263,1.4823132771377139,1410.2841107522643,1469.3192595744522,1508.6760254559106,1534.9138693768832,1574.2706352583416,1540.9813707836074,0.001095,0.001105,0.001104,0.0011,0.001028,9.619e-4
TZA,TZA.17_1,SUNF,448.16478207253124,436.49345132075365,420.07806519677536,397.66958646199146,369.78330274870154,326.9554779518306,12307.316089590147,12822.506065433456,13165.966049328994,13394.939371926022,13738.39935582156,13447.889452776579,0.03641,0.03404,0.03191,0.02969,0.02692,0.02431
TZA,TZA.1_1,SUNF,2.528160390304532,2.41024861581154,2.268627313123334,2.3861214285249597,2.2366788956945665,2.021897580480491,824.0652471489861,858.5588364959992,881.5649074991874,896.8953916534156,919.8911178847575,900.4404212872746,0.003068,0.002807,0.002573,0.00266,0.002431,0.002245
TZA,TZA.20_1,SUNF,40.17758533227234,36.68606670693179,32.96322758987156,29.43446188170543,25.218490184030458,20.810303135657705,2185.0060530680908,2276.471422731406,2337.448335840283,2378.099611246201,2439.076524355078,2387.500218683819,0.01839,0.01612,0.0141,0.01238,0.01034,0.008716
TZA,TZA.21_1,SUNF,407.7365112143914,372.46373897922325,340.92088696400884,304.7073841630955,267.76757825495594,228.55028114206414,99040.78090456234,103193.5227061008,105957.18493997576,107802.44395426949,110554.08790456569,108220.81112696718,0.004117,0.003609,0.003218,0.002827,0.002422,0.002112
TZA,TZA.22_1,SUNF,439.65854551882495,434.87572853293193,422.6394063176056,419.00541309813923,398.9572488365735,358.3439161380507,21009.583472401115,21889.054408455115,22475.368365824444,22866.244337404005,23452.558294773335,22956.63440583177,0.02093,0.01987,0.0188,0.01832,0.01701,0.01561
TZA,TZA.23_1,SUNF,24.0333114675648,21.98874800537828,19.55802832825061,17.167775711086765,14.700510340660108,12.258614446207567,4354.582081322463,4536.866912633635,4658.39013350775,4739.405614090494,4860.928834964609,4758.140443975252,0.005519,0.004847,0.004198,0.003622,0.003024,0.002576
TZA,TZA.24_1,SUNF,3.531534626701644,3.243548601065549,2.9519077410748364,2.6433466587281567,2.3380648649820133,2.028242885105972,7222.308526928733,7524.637721079238,7726.190517179574,7860.559047913133,8062.11184401347,7891.631770645266,4.89e-4,4.311e-4,3.821e-4,3.363e-4,2.9e-4,2.57e-4
TZA,TZA.25_1,SUNF,836.405811330784,839.4428054106396,802.3589200057431,781.428822246955,726.638915629333,652.0040481662849,115104.50146456619,119922.82943285034,123135.04807837312,125276.52717538831,128488.74582091109,125771.74421657305,0.007266,0.007,0.006516,0.006238,0.005655,0.005184
TZA,TZA.26_1,SUNF,548.1533282764266,501.85708176242076,454.7290303765536,409.5879854219554,355.72126442926975,299.1289484989603,28689.433971746188,29890.387021726263,30691.022388379643,31224.779299481903,32025.414666135282,31348.210585174285,0.01911,0.01679,0.01482,0.01312,0.01111,0.009542
TZA,TZA.27_1,SUNF,123.260629063107,114.83942633017607,105.11691568625258,94.64928134867233,83.99504319449012,72.17977019223827,6463.39522732524,6733.936224841688,6914.39116940578,7034.631612746424,7214.99227775739,7062.435895355203,0.01907,0.01705,0.0152,0.01345,0.01164,0.01022
TZA,TZA.2_1,SUNF,1.1210681444365105,1.1649152539279688,1.1320290537188076,1.101427295300429,1.029180429299919,0.9427672817384171,1642.8255370592683,1711.5949781454701,1757.441272202938,1788.0054682412501,1833.851762298718,1795.073438575109,6.824e-4,6.806e-4,6.441e-4,6.16e-4,5.612e-4,5.252e-4
TZA,TZA.31_1,SUNF,351.82211771760626,359.621419509142,358.665237185911,347.0120205660468,328.4618085427712,300.86106819397526,36264.0379095458,37787.7430189044,38799.37628146909,39475.41552098974,40477.99012700898,39625.48966049381,0.009702,0.009517,0.009244,0.008791,0.008115,0.007593
TZA,TZA.3_1,SUNF,601.7127987037203,559.5495576016148,524.8879939369052,528.0207358273303,514.2477278341076,464.945620526763,153417.61666506671,159839.74945569743,164121.17131611786,166975.4525563982,171256.87441681867,167635.50509321297,0.003922,0.003501,0.003198,0.003162,0.003003,0.002774
TZA,TZA.4_1,SUNF,46.08886238924111,44.136885211213226,41.940066785890174,39.75375310963633,37.52575849399274,33.991562874344346,6927.222524252106,7217.1992810812635,7410.517118967368,7539.395677558106,7732.713515444211,7569.198844232212,0.006653,0.006116,0.00566,0.005273,0.004853,0.004491
TZA,TZA.5_1,SUNF,54.764918151072514,58.12260468728413,58.59676632352982,59.00731001097752,56.99235065772957,51.945334697601616,18967.17907871084,19761.15401688943,20290.470642341825,20643.348392643424,21172.66501809582,20724.951372400665,0.002887,0.002941,0.002888,0.002858,0.002692,0.002506
TZA,TZA.6_1,SUNF,29.04247229175234,27.180785924883047,25.05439391098875,22.928919027306183,20.641661568741394,18.047106368467425,2372.4902248023905,2471.6899561435207,2538.216649588663,2585.1554637993513,2638.4447291444535,2586.8843457746475,0.01224,0.011,0.009871,0.008869,0.007823,0.006976
TZA,TZA.7_1,SUNF,54.63285636929777,51.648598934511625,48.09810611527025,44.777829700219186,40.07387183404674,34.52090112407554,2633.250173614975,2743.4792506500203,2816.965302006717,2865.956002911182,2939.442054267879,2877.285102495339,0.02075,0.01883,0.01707,0.01562,0.01363,0.012
TZA,TZA.8_1,SUNF,14.504075248543328,15.047693318824201,18.14367003799499,22.39719362772363,21.199669573129626,19.586400073350276,1832.304354998468,1909.0054675332876,1960.1395425565004,1994.2289259053096,2045.3630009285223,2002.1120958047209,0.007916,0.007882,0.009256,0.01123,0.01036,0.009783
TZA,TZA.9_1,SUNF,7.503958902233505,7.1760298924192405,6.859486957617358,6.433744349627051,6.49313866624921,6.018377698020625,1738.1889165668886,1810.9495887065693,1859.4601643345927,1891.7982408411178,1940.305355600905,1899.2763725810958,0.004317,0.003963,0.003689,0.003401,0.003346,0.003169
UGA,UGA.10_1,SUNF,1.396578845909477,1.287635247093577,1.1772010797698786,1.0545474372029027,0.9271415777586357,0.7804576544951961,1611.7180578014825,1672.0541697089227,1736.936153061444,1942.3268901710173,1177.7939653164678,1418.0351437218753,8.665e-4,7.701e-4,6.777e-4,5.429e-4,7.872e-4,5.504e-4
UGA,UGA.11_1,SUNF,0.02119813447435086,0.018327959918831738,0.0155005913943563,0.01269737814863622,0.00992917068265776,0.0072053987265720005,25.53716931406937,26.493176165314022,27.521210930008603,30.7755630195195,18.66177757566608,22.468324024316775,8.301e-4,6.918e-4,5.632e-4,4.126e-4,5.321e-4,3.207e-4
UGA,UGA.12_1,SUNF,9.017656868980987,9.882470545651524,9.86875600621041,9.503542526682892,9.027817407982667,8.152665243746716,1802.3193372515732,1869.790779107658,1942.3456857611186,2172.0258679698445,1317.079515683842,1585.7315416062957,0.005003,0.005285,0.005081,0.004375,0.006854,0.005141
UGA,UGA.13_1,SUNF,14.28599894464879,13.309544653020057,12.343200049563057,11.266470210602298,10.05230804049252,8.76038001957027,1513.3128548529096,1569.9650796756084,1630.8856228068664,1823.736004566327,1105.8824708540494,1331.4554622256546,0.00944,0.008478,0.007568,0.006178,0.00909,0.00658
UGA,UGA.14_1,SUNF,1.7974804937163946,1.5689118739056283,1.3376505045520026,1.1045487192090588,0.8731445992199646,0.6389233708779986,1716.1068710543411,1780.3508718681703,1849.4351741131784,2068.1287933218982,1254.0780980781724,1509.8793748437222,0.001047,8.812e-4,7.233e-4,5.341e-4,6.962e-4,4.232e-4
UGA,UGA.17_1,SUNF,13.744700384635943,11.885114209781383,10.09639528388144,8.317590633488441,6.554524919571683,4.806527450930874,5031.863682209825,5220.236014928449,5422.800783673819,6064.040847791327,3677.1311523841027,4427.17602204229,0.002732,0.002277,0.001862,0.001372,0.001783,0.001086
UGA,UGA.18_1,SUNF,9.887567020034618,9.294685474193916,8.669907224466007,7.772536338616979,6.889248651491079,5.861000625369018,3272.5274258892387,3395.0374269609897,3526.777633592941,3943.815102994723,2391.4623496882896,2879.262211056153,0.003021,0.002738,0.002458,0.001971,0.002881,0.002036
UGA,UGA.19_1,SUNF,4.853685896254507,4.737616241946994,4.656080435850225,4.569609479781076,4.337593447489798,3.956455738139353,1786.3550169008167,1853.2288200976166,1925.1410605215726,2152.786815239446,1305.413281581366,1571.685680921526,0.002717,0.002556,0.002419,0.002123,0.003323,0.002517
UGA,UGA.1_1,SUNF,1.1131363571898414,1.0182276961903,0.9459228149158139,0.8588141469319837,0.7741869756942321,0.689804661369383,212.36153039664916,220.3073147472298,228.84994596046275,255.89555722822843,155.2239093148894,186.8582171140683,0.005242,0.004622,0.004133,0.003356,0.004988,0.003692
UGA,UGA.20_1,SUNF,1.4652082783496247,0.8276125960954834,0.6921793212984658,0.5817156808865306,0.5082243391944561,0.44265157299921754,625.5913993910018,649.0094591094131,674.1999910111049,753.9176326552858,457.1819444425398,550.4258616355396,0.002342,0.001275,0.001027,7.716e-4,0.001112,8.042e-4
UGA,UGA.21_1,SUNF,12.783817483768201,11.259558479476787,9.754791297137032,8.274348540396886,6.76967124077232,5.257744193348972,1054.0331582665544,1093.4918354734561,1135.9234267164943,1270.245088167386,770.2550002717128,927.36819187158,0.01213,0.0103,0.008588,0.006514,0.008789,0.00567
UGA,UGA.22_1,SUNF,0.33451902018064966,0.29715888352447795,0.26205756090097504,0.2345063146712467,0.20914281716977914,0.18452658248803977,1420.9733557598245,1474.1687685651923,1531.3720549380878,1712.4550697618395,1038.4036061321792,1250.212558583883,2.354e-4,2.016e-4,1.711e-4,1.369e-4,2.014e-4,1.476e-4
UGA,UGA.23_1,SUNF,12.348180555491385,11.323030010034545,10.236822772061307,9.040044819249792,7.858199723668042,6.630717026920908,2223.978975925124,2307.2356247674493,2396.765034823922,2680.179791499508,1625.2154054837445,1956.7196207147388,0.005552,0.004908,0.004271,0.003373,0.004835,0.003389
UGA,UGA.24_1,SUNF,72.56090555890167,64.55716005144829,57.83601909480549,50.81501015724264,44.01875324898217,37.645740988139245,8966.58702786624,9302.25926019149,9663.221866185078,10805.886931018289,6552.505904979174,7889.056937228361,0.008092,0.00694,0.005985,0.004703,0.006718,0.004772
UGA,UGA.25_1,SUNF,93.74230156482865,87.07798909985323,81.78126994535792,78.08940678183498,70.82900644253444,62.85402563437688,9275.879221620193,9623.130084788538,9996.543684222992,11178.623677337155,6778.527123491679,8161.180959354297,0.01011,0.009049,0.008181,0.006986,0.01045,0.007702
UGA,UGA.26_1,SUNF,14.613586629799192,14.658618730965463,14.195933144143696,13.43115724121924,12.404791897226822,11.113949416488541,662.5127281427758,687.3144866835054,713.9848708677146,798.4127749412938,484.1439167197208,582.8974411014684,0.02206,0.021329999999999998,0.01988,0.01682,0.02562,0.01907
UGA,UGA.27_1,SUNF,1.0169596825212426,0.9024229352477002,0.7987197816786011,0.7053028961188418,0.6154770787137835,0.5379552516383161,1038.1093825168034,1075.4107700004604,1114.8440016264506,1240.8052434495312,772.367203692954,919.563033101626,9.796e-4,8.391e-4,7.164e-4,5.684e-4,7.969e-4,5.85e-4
UGA,UGA.28_1,SUNF,0.07624638207755338,0.06773088433853605,0.05928718857490709,0.07022141552557645,0.06309847061126342,0.055984069251402285,110.38376913611003,114.5152069114041,118.95753592571987,133.02083124851103,80.67279160188399,97.12225135868879,6.907e-4,5.915e-4,4.984e-4,5.279e-4,7.822e-4,5.764e-4
UGA,UGA.29_1,SUNF,1.4117106114523659,1.2112284674480271,1.014252610861401,0.8301865636741905,0.6708107465399856,0.5375072781231368,1972.9025728484949,2046.7599512166696,2126.181926585186,2377.6005365097244,1441.7364955431308,1735.8154981862608,7.156e-4,5.918e-4,4.77e-4,3.492e-4,4.653e-4,3.097e-4
UGA,UGA.2_1,SUNF,7.854596517811521,7.19233566907797,6.497420804207853,5.69170415793619,4.843226191633165,3.9665486165858757,5639.562968294313,5850.685069158664,6077.71362967718,6796.396397688018,4121.219092215075,4961.847046115808,0.001393,0.001229,0.001069,8.375e-4,0.001175,7.994e-4
UGA,UGA.30_1,SUNF,74.11291494638213,64.7422685243217,56.226160567851636,47.24643416413442,38.21209037976776,29.282687178638174,7565.317674431194,7848.532130961182,8153.084662983156,9117.17771021195,5528.501377468949,6656.180517327832,0.009796,0.008249,0.006896,0.005182,0.006912,0.004399
UGA,UGA.31_1,SUNF,0,0,0,0,0,0,24.2540879098311,25.16206145722478,26.13844397051798,29.22928542979645,17.724141164876574,21.339432705727365,0,0,0,0,0,0
UGA,UGA.32_1,SUNF,0.06618318071706869,0.055511467339532515,0.04540996467979637,0.03580782728396013,0.02649393291399144,0.01769176390243628,261.314609199751,271.0956639723322,281.62161921421347,314.91740155649313,190.97937875323876,229.92463585715606,2.533e-4,2.048e-4,1.612e-4,1.137e-4,1.387e-4,7.695e-5
UGA,UGA.33_1,SUNF,3.7457267337427944,3.5490684449767973,3.1706210453044896,2.7354956998500124,2.294082572296369,1.8483246114020013,4361.2215360027285,4524.487778119754,4700.054901492171,5255.831081849441,3187.0465070789164,3837.1260889417313,8.589e-4,7.844e-4,6.746e-4,5.205e-4,7.198e-4,4.817e-4
UGA,UGA.34_1,SUNF,190.54384977747011,185.5247777623736,181.78428030934984,178.31168759773232,166.23321975988247,151.578524247791,11543.109878464642,11975.23655596614,12439.920722868434,13910.927289431747,8435.349526570315,10155.954632557788,0.01651,0.01549,0.01461,0.01282,0.01971,0.01493
UGA,UGA.35_1,SUNF,25.556814042573798,23.11021625359666,20.427539619761923,17.547565282453768,14.6368012971611,11.607159666084975,4274.046716928861,4434.049491460045,4606.107269551796,5150.774248606576,3123.34183160186,3760.427216892756,0.00598,0.005212,0.004435,0.003407,0.004686,0.003087
UGA,UGA.36_1,SUNF,45.40416303454592,43.66949832513238,42.78358684315296,42.0583451759962,39.70317885214768,36.36547607740236,4589.114515947905,4760.912136288519,4945.653412956165,5530.471339732089,3353.5836847311607,4037.6327799262463,0.009894,0.009173,0.008651,0.007605,0.01184,0.009007
UGA,UGA.37_1,SUNF,2.9734519951599925,2.5697329339458284,2.1392773843270976,1.7148916251259758,1.3111262176378051,0.9655272894574437,486.4877722254066,504.69987857025524,524.2841299136883,586.2801357588233,355.5102950877971,428.02570503405,0.006112,0.005092,0.00408,0.002925,0.003688,0.002256
UGA,UGA.38_1,SUNF,4.445371271058752,4.197419166407154,3.8622117666976683,3.532139392183521,3.2448899187133096,2.8520834352436473,1599.3091191141573,1658.46954731368,1725.8865302577265,1927.2751111834987,1177.6395483813283,1413.1463001170553,0.00278,0.002531,0.002238,0.001833,0.002755,0.002018
UGA,UGA.39_1,SUNF,126.94523038488194,120.15417987124249,111.37973976557329,101.87314627791997,91.9238475689676,81.70056244971526,20947.749563475303,21731.94913743892,22575.225398137834,25244.67713137378,15308.125035770041,18430.5078271013,0.00606,0.005529,0.004934,0.004035,0.006005,0.004433
UGA,UGA.3_1,SUNF,20.687359755264215,18.543113648461915,16.51421374102604,14.5551400958872,12.496573614952752,10.38490706398004,4036.2857184532977,4170.749435941823,4308.112456562152,4755.005403824167,3096.1222486597303,3617.36887775337,0.005125,0.004446,0.003833,0.003061,0.004036,0.002871
UGA,UGA.40_1,SUNF,0.01124666098753247,0.022226066609987098,0.023056725411364238,0.024923111688897673,0.02330444527433583,0.021636882780598585,133.47119518145317,138.46697008174337,143.84362170104228,160.84978694381093,97.54715978259954,117.43884694263373,8.426e-5,1.605e-4,1.603e-4,1.549e-4,2.389e-4,1.842e-4
UGA,UGA.41_1,SUNF,1.966182957373927,1.7984391576274168,1.6463893089214952,1.4872243941280527,1.3179669116933297,1.1459539803327439,420.41088243610494,430.83112851603613,439.72499485298636,471.7329717495678,354.0594537448375,391.027182287126,0.004677,0.004174,0.003744,0.003153,0.003722,0.002931
UGA,UGA.42_1,SUNF,21.886581361047234,20.55509943963554,19.2417751090191,17.481452940821402,15.651035086385807,13.760386921632325,4552.2169582072975,4722.633285360699,4905.88919880648,5486.005052198538,3326.620084843794,4005.1692647720765,0.004808,0.004352,0.003922,0.003187,0.004705,0.003436
UGA,UGA.43_1,SUNF,105.91832798939738,97.86033763344379,90.80000271495166,82.00594042535211,72.40766529188937,62.31305869165906,10881.98303349853,11289.359834239758,11727.42940763957,13114.184681395664,7952.218370633541,9574.276530682613,0.009733,0.008668,0.007743,0.006253,0.009105,0.006508
UGA,UGA.44_1,SUNF,40.47558709373275,34.86919643075546,29.37587263725384,23.893968610751045,18.448827275178243,13.0539494341805,3154.5846449582004,3272.6793521797126,3399.671605835722,3801.6789311034718,2305.273394392531,2775.492815721189,0.01283,0.01065,0.008641,0.006285,0.008003,0.004703
UGA,UGA.45_1,SUNF,0.35539811467495164,0.33831543429427935,0.31613738873198877,0.30149774003586,0.28216468499303027,0.2577001706503119,203.82762710845216,211.4523239317497,219.68232797731437,245.63763154703264,149.02332248470097,179.3822574244382,0.001744,0.0016,0.001439,0.001227,0.001893,0.001437
UGA,UGA.46_1,SUNF,73.38363117146835,73.08900481114948,72.13546755484488,71.92258586407657,68.36867547329634,62.9971404404661,4508.046626151206,4676.809397284045,4858.287171721415,5432.774139207862,3294.341765264342,3966.306957024006,0.01628,0.01563,0.01485,0.01324,0.02075,0.01588
UGA,UGA.47_1,SUNF,13.47120715995415,11.661437637628586,9.90236475532567,8.194523505044565,6.489321430170985,4.811105768984281,2992.706579420265,3104.741235983178,3225.216859821378,3606.595108532114,2186.9778849609625,2633.067914033589,0.004501,0.003756,0.00307,0.002272,0.002967,0.001827
UGA,UGA.48_1,SUNF,3.4062259449717383,3.4287703168290515,3.2726062528610407,3.077768482772914,2.9121598251448653,2.6670602015243516,2233.5805844316924,2317.1966781052893,2407.112614452924,2691.750960725373,1632.2319655462366,1965.1673875140668,0.001525,0.00148,0.00136,0.001143,0.001784,0.001357
UGA,UGA.49_1,SUNF,0.4554915320026734,0.3975968989466769,0.3425581246131487,0.29219003119400666,0.24659008833749246,0.209312088087631,957.9830319282217,993.8459864568167,1032.410944408799,1154.4923718109337,700.064523332162,842.8605734035749,4.755e-4,4.001e-4,3.318e-4,2.531e-4,3.522e-4,2.483e-4
UGA,UGA.4_1,SUNF,1.573015387910916,1.3875861795401807,1.2134970003530001,1.0595066668521658,0.9139209179906227,0.7830151349504234,1530.1330913432955,1587.4149968140957,1649.0126622861208,1844.0065459778175,1118.1741821354851,1346.2543821444497,0.001028,8.741e-4,7.359e-4,5.746e-4,8.173e-4,5.816e-4
UGA,UGA.50_1,SUNF,3.2606249816204063,2.81604174670525,2.3805901936998772,1.9480696754351923,1.5186031476327788,1.0917709845371417,536.468060652827,556.5512239490611,578.1475022881621,646.5127910431505,392.03435201552736,471.99977676475686,0.006078,0.00506,0.004118,0.003013,0.003874,0.002313
UGA,UGA.51_1,SUNF,29.389059141274277,27.06630561611452,24.376452298154895,21.40140516279909,18.307124430222586,14.938670511950104,6827.639604845787,7083.238455797402,7358.094619193148,8228.180139315977,4989.431989382053,6007.152164859385,0.004304,0.003821,0.003313,0.002601,0.003669,0.002487
UGA,UGA.52_1,SUNF,5.04850995285683,5.1625686720734345,5.193215632100966,5.214112279346297,4.947161827985002,4.503837481281343,2236.679926647954,2320.4120469788777,2410.452751718295,2695.486065447534,1634.4968694735048,1967.8942764781793,0.002257,0.002225,0.002154,0.001934,0.003027,0.002289
UGA,UGA.53_1,SUNF,28.22283581000412,26.077328951742064,24.110438068758562,21.81081582939961,19.450626699464735,17.002193435613968,4500.625861623949,4669.110829777051,4850.289870873195,5423.831166572451,3288.9188988790397,3959.7779584550576,0.006271,0.005585,0.004971,0.004021,0.005914,0.004294
UGA,UGA.54_1,SUNF,0.8982138775710444,0.8214004860419718,0.7586648232480004,0.7028581827328907,0.6580823352932694,0.5988076721033615,731.1392767118623,758.5101316862039,787.9431743640916,881.1165642425007,534.2940868278994,643.2770200186684,0.001229,0.001083,9.628e-4,7.977e-4,0.001232,9.309e-4
UGA,UGA.55_1,SUNF,6.439397450321558,6.115066872075256,5.899221169983873,5.557754106967371,5.065504805494588,4.556581685583913,2411.1698254166254,2501.4341317014528,2598.4991733913016,2905.768763963625,1762.0087185736875,2121.4154258384883,0.002671,0.002445,0.00227,0.001913,0.002875,0.002148
UGA,UGA.56_1,SUNF,1.701400848143892,1.4792502766237876,1.2591977353212047,1.0439653523962444,0.8315812568709383,0.624464989516335,1175.381910943454,1219.3772127721477,1266.720217979495,1416.4850468073082,859.0103318546826,1034.1866061557153,0.001448,0.001213,9.941e-4,7.37e-4,9.681e-4,6.038e-4
UGA,UGA.57_1,SUNF,4.187848070886202,3.52460751479767,2.8799752429365957,2.2530200174803543,1.653502547011241,1.104963639227405,1492.275784294261,1548.1404675011745,1608.2141336894306,1798.3836374828272,1090.5092269842676,1312.9464523968431,0.002806,0.002277,0.001791,0.001253,0.001516,8.416e-4
UGA,UGA.58_1,SUNF,2.5767735913358396,2.371356087815166,2.1724166735976422,1.9987582227958431,1.8266772114658858,1.6152937550166884,1390.9650805854944,1439.9620051518182,1491.3139404930732,1656.1020676074497,1043.5561021602289,1236.0327429644306,0.001853,0.001647,0.001457,0.001207,0.00175,0.001307
UGA,UGA.5_1,SUNF,0.019649300636878465,0.011808164457617303,0.005946981219898332,0.002154787881850112,7.313236063536374e-4,2.0916650180402425e-4,47.762495389569864,49.550527268256324,51.47327387752876,57.5599303412765,34.9033620154549,42.02279467331399,4.114e-4,2.383e-4,1.155e-4,3.744e-5,2.095e-5,4.977e-6
UGA,UGA.6_1,SUNF,6.260883093289743,5.098578601706412,4.365915432054717,3.6251347803965444,3.002717562055673,2.5961952300264537,4287.999933565577,4448.525059283673,4621.144543788748,5167.589663527746,3133.5384129902286,3772.7036516345847,0.00146,0.001146,9.448e-4,7.015e-4,9.583e-4,6.882e-4
UGA,UGA.7_1,SUNF,0.426478766300772,0.2721612439477706,0.20564761591986605,0.1515645317862335,0.10733332809165122,0.0767568870564913,182.06902942629725,188.69642042645174,196.83033183844918,219.39069709239976,135.41348236441473,161.78776119826654,0.002342,0.001442,0.001045,6.908e-4,7.926e-4,4.744e-4
UGA,UGA.8_1,SUNF,37.82199312895273,33.90686264654022,30.03074031495638,26.156784198767276,22.131987748852904,18.06274584827196,6899.730749233468,7157.961984000726,7435.620146754586,8314.624338155032,5042.695505019355,6070.8421366036555,0.005482,0.004737,0.004039,0.003146,0.004389,0.002975
UGA,UGA.9_1,SUNF,29.776606735569906,26.65229300734697,23.833595574618244,21.125560018412582,18.322344590820446,15.303048871053182,4257.00804743294,4416.37296408043,4587.744826502731,5130.240467419184,3110.8904962009947,3745.4361134360906,0.006995,0.0060350000000000004,0.005195,0.004118,0.00589,0.004086
UKR,UKR.10_1,SUNF,3.8773192146634354,5.405513612899862,6.455084436217314,6.4258206011643635,6.384438055244652,5.991079010825092,5509.49853779586,6888.710662117889,4760.76501419629,5362.104324398853,4604.1003544642845,4890.4259367616805,7.038e-4,7.847e-4,0.001356,0.001198,0.001387,0.001225
UKR,UKR.12_1,SUNF,18.01525366086106,17.329498818850922,19.437552508156614,18.750722821797076,31.684528212294595,29.642296544876025,7644.355891973612,9557.994357709636,6605.498093322426,7439.848382643191,6388.12796308812,6785.400897646974,0.002357,0.001813,0.002943,0.00252,0.00496,0.004369
UKR,UKR.13_1,SUNF,15.783986402978144,17.233787972686553,20.140633064704296,20.792257378119317,22.236754843398835,35.774049814389834,17848.325230696362,22316.35918844152,15422.761570291676,17370.833524366786,14915.237740333116,15842.805300185295,8.843e-4,7.722e-4,0.001306,0.001197,0.001491,0.002258
UKR,UKR.14_1,SUNF,0.4417832792614869,0.4383759508851334,0.40646722040434735,0.3714273682411648,0.3425776058978763,0.3158900532051321,603.3439688845081,754.3926843781672,521.3911435378482,587.2388238836548,504.21803614579784,535.5816380592955,7.322e-4,5.811e-4,7.796e-4,6.325e-4,6.794e-4,5.898e-4
UKR,UKR.15_1,SUNF,24.434084297048784,30.19596221896574,27.90315092376757,25.650828532741738,23.54509025488172,21.78327983349747,6074.982719346676,7581.273439210171,5320.353992789624,5994.874486723944,5165.378353612883,5473.297869154426,0.004022,0.003983,0.005245,0.004279,0.004558,0.00398
UKR,UKR.16_1,SUNF,9.712793663834976,10.993761996914682,10.369047861743862,9.150033409630359,10.400249107748811,11.96962626640719,11486.404205015533,14361.836122410832,9925.417150583746,11179.111354142819,9598.796933883776,10195.738987673682,8.456e-4,7.655e-4,0.001045,8.185e-4,0.001083,0.001174
UKR,UKR.17_1,SUNF,16.781171971864683,15.820318312664783,15.372923390009483,13.84210904178098,12.69117791794337,12.312183601955955,7193.236664525904,9179.983355355525,6328.277849265736,7146.8579431761445,6114.5278408917775,6530.749093673177,0.002333,0.001723,0.002429,0.001937,0.002076,0.001885
UKR,UKR.18_1,SUNF,16.464584434181393,17.009900814541318,17.566892803546324,17.645751441169217,17.137320486190536,16.126888579106208,12740.313492032048,15929.640926340406,11008.921833206321,12399.475124854516,10646.646235088674,11308.75325884638,0.001292,0.001068,0.001596,0.001423,0.00161,0.001426
UKR,UKR.19_1,SUNF,5.561573838789417,5.388270912480617,5.099056913391786,4.758916215810053,4.421510089847365,4.085285629806192,553.7417818622062,692.3547532950321,478.48930741231635,538.9343442578169,462.76945236403594,491.53973996162165,0.01004,0.007783,0.01066,0.00883,0.009554,0.008311
UKR,UKR.1_1,SUNF,15.45719781393049,15.527260571074116,15.293451858484417,14.24733412586676,13.260906997712649,12.320555870898366,9020.85614261682,11279.078751863468,7794.933790662005,8779.52347210476,7538.422358926544,8007.231247818477,0.001713,0.001377,0.001962,0.001623,0.001759,0.001539
UKR,UKR.21_1,SUNF,4.158616760560772,4.309845921662026,4.1467229266713845,3.84013324243626,3.791105524942135,3.500640775840051,4232.1468644122515,5289.570231811418,3666.924848484779,4130.44895874587,3549.0666979676794,3767.919224314387,9.826e-4,8.148e-4,0.001131,9.297e-4,0.001068,9.291e-4
UKR,UKR.22_1,SUNF,1.3564557786531606,1.2552882727774939,1.3606743170069273,1.2896031388875335,1.1773605945698389,1.0959941643748683,2289.9487667064427,2863.1996862685937,1978.7477749652714,2228.6863496511196,1913.632221911088,2032.639588835762,5.924e-4,4.384e-4,6.876e-4,5.786e-4,6.152e-4,5.392e-4
UKR,UKR.23_1,SUNF,0.03027063073216445,0.025896336518784504,0.02045606741328644,0.014927324905004043,0.01056212872852411,0.008430558835630217,61.60655412053339,76.62020520255071,55.40841025029721,63.908465519087066,56.25523575098172,59.34084301703311,4.914e-4,3.38e-4,3.692e-4,2.336e-4,1.878e-4,1.421e-4
UKR,UKR.24_1,SUNF,15.21809088768993,18.21123259763487,18.090369374012894,17.313928745774334,16.24110448886382,15.566601426364512,10558.417502427168,13245.709169742075,9149.397020610142,10311.73068396384,8849.914321991308,9407.966062506768,0.001441,0.001375,0.001977,0.001679,0.001835,0.001655
UKR,UKR.25_1,SUNF,1.2356448553266013,1.3212239072586234,1.2827353190800774,1.204883053309075,1.1168799316033073,1.030336845791989,499.91240054482296,625.0662603201484,432.00702861490487,486.5666166387266,417.77864081013536,443.7652124438862,0.002472,0.002114,0.002969,0.002476,0.002673,0.002322
UKR,UKR.26_1,SUNF,4.0670766253043285,3.5181202346843903,3.1303349342540914,2.717638130185975,2.297374677361938,2.0178336264565297,5524.818170431501,6907.865312210434,4774.002729132009,5377.014114798151,4616.902449893505,4904.024184999526,7.361e-4,5.093e-4,6.557e-4,5.054e-4,4.976e-4,4.115e-4
UKR,UKR.27_1,SUNF,3.620876832409945,3.978668130264977,4.184445783884517,3.9662376520025613,3.713831080326845,3.4372270220735293,2135.75550859641,2670.406688161325,1845.5091755538524,2078.6181845662213,1784.7781656934023,1895.772194541695,0.001695,0.00149,0.002267,0.001908,0.002081,0.001813
UKR,UKR.2_1,SUNF,13.847417087994874,13.463317483076452,13.986400300742755,13.096407842843128,12.243015086821817,11.820926449570768,7832.562794203943,9792.948606677466,6769.918386363259,7625.101442667881,6547.651224676064,6954.506704713384,0.001768,0.001375,0.002066,0.001718,0.00187,0.0017
UKR,UKR.3_1,SUNF,0.1640915558916757,0.14939966674325195,0.13427039614268985,0.12088808657274724,0.10870087377574211,0.11408847957648119,374.3549386485929,501.23259798934333,342.8946108212921,391.2069026224176,332.8127612519388,359.2786383790823,4.383e-4,2.981e-4,3.916e-4,3.09e-4,3.266e-4,3.175e-4
UKR,UKR.4_1,SUNF,0.21205296721801584,0.1572069621462604,0.11392608018554583,0.07878882668856778,0.05294455309540008,0.03261975250080269,81.26118913562475,101.60358808968937,70.21790161026888,79.08722920620755,67.90720918372293,72.13030809877317,0.00261,0.001547,0.001622,9.962e-4,7.797e-4,4.522e-4
UKR,UKR.5_1,SUNF,10.893060381291365,12.086633533857201,11.864597158539382,11.189789834652705,10.420078249214821,11.551680682858628,14184.192855567911,17734.971683426094,12256.579911611321,13804.726750935042,11853.247061616645,12590.391694822016,7.68e-4,6.815e-4,9.68e-4,8.106e-4,8.791e-4,9.175e-4
UKR,UKR.6_1,SUNF,6.500193577638245,5.431045907114627,4.477919128163464,3.511072855519536,2.633221587588469,2.010105797360282,6203.543309617401,7754.158836769933,5371.951803175376,6050.894659659629,5198.422081536756,5519.557751033929,0.001048,7.004e-4,8.336e-4,5.803e-4,5.065e-4,3.642e-4
UKR,UKR.7_1,SUNF,0.36343682915362924,0.3622895325488874,0.32507954145932516,0.29054301891795065,0.25901412129938745,0.22958787219510962,390.5208316409804,488.28128335988396,337.449570017493,380.07332713580723,326.34496352969984,346.6401144861426,9.306e-4,7.42e-4,9.633e-4,7.644e-4,7.937e-4,6.623e-4
UKR,UKR.8_1,SUNF,17.407411722521168,17.678518594191235,17.170748505490213,15.754528511867541,15.368758934772492,16.77979276594411,17500.519136921295,21880.88391607621,15125.169825554762,17035.75633813037,14628.27424803245,15537.442695130778,9.947e-4,8.079e-4,0.001135,9.248e-4,0.001051,0.00108
UKR,UKR.9_1,SUNF,20.015154455577644,17.47845817305429,15.117140712801996,12.674732419989601,11.295764477631367,9.10960734453329,2912.7526794269606,3641.912290425661,2516.91346428236,2834.8285476645233,2434.0882481078816,2585.4623888402753,0.006872,0.004799,0.006006,0.004471,0.004641,0.003523
URY,URY.10_2,SUNF,0.0074875353901144885,0.0039635907195229815,0.0017517182152737717,8.343463334170374e-4,3.2434745898503846e-4,2.5700978602756605e-4,0.48782251940325766,4.878225194032576,6.7807330197052815,5.111404358307333,2.439112597016288,4.2957064045552515,0.01535,8.125e-4,2.583e-4,1.632e-4,1.33e-4,5.983e-5
URY,URY.11_2,SUNF,1.6366700681482593,1.15649377756144,0.735087856814831,0.34938467858333105,0.11311852845736808,0.055411431535516975,46.822989803831426,425.9887902733479,591.3514112801038,449.04676490784465,216.7828592206845,377.59503705390694,0.03495,0.002715,0.001243,7.781e-4,5.218e-4,1.467e-4
URY,URY.12_2,SUNF,0.7353255423138269,0.5356641900991514,0.3563442734454719,0.1999983211463347,0.08178320453290787,0.02820132305858706,67.09149211062375,655.3810921228476,910.6954508456411,687.6996342522051,329.0837233786044,578.0306567335128,0.01096,8.173e-4,3.913e-4,2.908e-4,2.485e-4,4.879e-5
URY,URY.13_2,SUNF,0.22901025145505788,0.14079845224734228,0.09162435655594034,0.04995663253832113,0.01729859482542217,0.003365404632013578,4.868533595617451,48.685335956174505,67.67261697908256,51.01249501487964,24.342667978087253,42.87172099613126,0.04704,0.002892,0.001354,9.793e-4,7.106e-4,7.85e-5
URY,URY.14_2,SUNF,0.579211753403226,0.36899846330802155,0.23124091122000998,0.12175077193992405,0.04333404251286552,0.015193951149923201,29.422545492043387,294.22545492043383,408.9733823394031,308.2894316656306,147.11272746021692,259.0913950899598,0.01969,0.001254,5.654e-4,3.949e-4,2.946e-4,5.864e-5
URY,URY.15_2,SUNF,0.1065916821820583,0.08954578460380919,0.06243673362870084,0.04257285257391769,0.029125606948107622,0.02412785708845041,12.855123892123547,101.51004850825494,140.6041168889826,108.08792267563659,53.180258441603776,90.97256833773484,0.008292,8.821e-4,4.441e-4,3.939e-4,5.477e-4,2.652e-4
URY,URY.16_2,SUNF,1.3216217353361823,0.9346918804207569,0.585961259832457,0.2838254362184556,0.07474004831491274,4.803022786218198e-4,77.0247289001893,770.2472890018929,1070.6437317126313,807.0651094161834,385.12364450094645,678.2704940526892,0.01716,0.001213,5.473e-4,3.517e-4,1.941e-4,7.081e-7
URY,URY.17_2,SUNF,0.37344221338416317,0.2689743590741546,0.17538758193014917,0.09496199201622062,0.03947300407753046,0.016231990607462655,118.59307355985523,1185.9307355985522,1648.4437224819876,1242.618224760163,592.9653677992761,1044.3163350682332,0.003149,2.268e-4,1.064e-4,7.642e-5,6.657e-5,1.554e-5
URY,URY.18_2,SUNF,0.04382440538475236,0.035306623792619604,0.027077072286316055,0.02141499765817246,0.016905790235465398,0.014729285724902782,7.842268196671822,78.42268196671823,109.00752793373833,82.17128616472735,39.211340983359115,69.05807005361906,0.005588,4.502e-4,2.484e-4,2.606e-4,4.311e-4,2.133e-4
URY,URY.19_2,SUNF,0.3462215630924635,0.22978322792740566,0.1459581023043049,0.07542163448847972,0.025345945697438328,0.005703857406932997,21.27648876707132,212.76488767071322,295.7431938622914,222.9350493013733,106.38244383535661,187.35819981201507,0.01627,0.00108,4.935e-4,3.383e-4,2.383e-4,3.044e-5
URY,URY.1_2,SUNF,0.8250903218802422,0.5818969399395736,0.3438988330168687,0.17322933993250952,0.07605386978628097,0.03529842164273679,14.556105555479137,145.05327892724048,201.60322832743879,152.0000902144386,72.56678254957198,127.75234112203322,0.05668,0.004012,0.001706,0.00114,0.001048,2.763e-4
URY,URY.2_2,SUNF,0.27902452500047653,0.19691497042491224,0.12524844715493189,0.06335809781361756,0.019089882988814425,0.0022761975630563266,21.25991311030388,212.59913110303881,295.512792233224,222.76136956976407,106.29956555151941,187.21223657312504,0.01312,9.262e-4,4.238e-4,2.844e-4,1.796e-4,1.216e-5
URY,URY.3_2,SUNF,0.03639798375185999,0.02705407245036555,0.020254603063969173,0.02125283567605951,0.017627469387966825,0.015259529376577142,15.122745308007305,151.22745308007305,210.20615978130152,158.45612533730053,75.61372654003652,133.16907541196025,0.002407,1.789e-4,9.636e-5,1.341e-4,2.331e-4,1.146e-4
URY,URY.4_2,SUNF,1.3417487890644484,0.9545352286226919,0.6027513173565329,0.30132962522713186,0.0816230654128789,0,121.98974636523083,1219.8974636523083,1695.6574744767086,1278.2085624148885,609.9487318261541,1074.22702705941,0.011,7.825e-4,3.555e-4,2.357e-4,1.338e-4,0
URY,URY.5_2,SUNF,0.026153037922177713,0.018778081616010505,0.013176944753622907,0.018714345278881585,0.014881754986763451,0.013010751243218861,15.338489279971997,153.38489279971998,213.20500099161077,160.71669067554657,76.69244639985999,135.06889086789005,0.001705,1.224e-4,6.18e-5,1.164e-4,1.94e-4,9.633e-5
URY,URY.6_2,SUNF,0.08011366904742985,0.05094695610765957,0.027043925083795706,0.018594159512922134,0.011459743059286535,0.007864181834597587,39.72961171663361,397.29611716633616,552.2416028612073,416.286871566887,198.64805858316805,349.8541799800657,0.002016,1.282e-4,4.897e-5,4.467e-5,5.769e-5,2.248e-5
URY,URY.7_2,SUNF,0.4274158790168345,0.27817342798855615,0.15456582620971768,0.070215250810526,0.02159096402001129,0.010826514315047785,54.25817325861026,542.5817325861026,754.1886082946827,568.5171394037184,271.2908662930513,477.79094464847316,0.007877,5.127e-4,2.049e-4,1.235e-4,7.959e-5,2.266e-5
URY,URY.8_2,SUNF,0.15358969795200975,0.09795644349879355,0.05881766098086796,0.031704173958109365,0.013742232463957994,0.007845247067600765,14.669023262253893,146.69023262253893,203.8994233453291,153.70202574189628,73.34511631126946,129.17365367494187,0.01047,6.678e-4,2.885e-4,2.063e-4,1.874e-4,6.073e-5
URY,URY.9_2,SUNF,0.04639350656820596,0.03331580991041423,0.022055223740983086,0.01496986359795086,0.009710695129568065,0.007804901008392615,4.8710506718758495,48.710506718758495,67.70760433907431,51.03886893991515,24.355253359379248,42.89388606677455,0.009524,6.84e-4,3.257e-4,2.933e-4,3.987e-4,1.82e-4
USA,USA.10_1,SUNF,0.022344632735989835,0.021401476849061452,0.020226335737325293,0.019135814116416808,0.018073363647604746,0.016823437328727812,10.966030108554603,6.982737313583848,10.325098222119445,8.299938251664804,4.211606543590866,5.788558258513808,0.002038,0.003065,0.001959,0.002306,0.004291,0.002906
USA,USA.11_1,SUNF,1.1467123737492837,1.089994348988766,1.0277590335452809,0.9504657802966879,0.8698108062882561,0.7888503809340218,39.21996594264433,24.973734060017755,36.92767543197611,29.684698321446675,15.062795156343364,20.70275710613089,0.02924,0.04365,0.02783,0.03202,0.05775,0.0381
USA,USA.13_1,SUNF,0.2070690023087829,0.19343171310803103,0.18185701833728968,0.16921398158006462,0.15541450668972956,0.14161503179939453,2.9587657469508977,1.8840258305757092,2.785834677736195,2.2394223577478574,1.1363416895135066,1.5618220750788954,0.06998,0.1027,0.06528,0.07556,0.1368,0.09067
USA,USA.14_1,SUNF,0.9870239099455324,0.9859002424150172,0.9398080947579828,0.8994885637253103,0.840365438961158,0.7737457575799433,18.715658536997513,11.917396352271368,17.62178388835539,14.165455379804468,7.18792390516429,9.87929804272085,0.05274,0.08273,0.05333,0.0635,0.1169,0.07832
USA,USA.15_1,SUNF,12.348952439990164,12.069887580402549,11.981890118024944,11.36499103171438,10.627159405266685,9.719694722685729,29.431713449187846,18.740959277873046,27.711517221813697,22.276193102769952,11.30352513394922,15.535903719214188,0.4196,0.644,0.4324,0.5102,0.9402,0.6256
USA,USA.16_1,SUNF,0.019031457469615723,0.017380576540155023,0.015752139347001436,0.014015390426218828,0.012466191457220454,0.010724896703798156,29.582309316062208,18.836852811675655,27.853311207598033,22.3901756820297,11.36136288672641,15.615397660071926,6.433e-4,9.227e-4,5.655e-4,6.26e-4,0.001097,6.868e-4
USA,USA.17_1,SUNF,20.259167064442494,18.03444255686093,15.928562379181512,14.141334764328937,12.25761126572454,10.617945947555967,1050.7498164221581,669.0762178966388,989.3366107912996,795.2885873848423,403.5503056906847,554.6516348461897,0.01928,0.026950000000000002,0.0161,0.01778,0.03037,0.01914
USA,USA.18_1,SUNF,0.3192209716490414,0.3096056572550855,0.2967953937238262,0.29035010280316914,0.2673094709249192,0.2417582386815132,12.402968584965443,7.8977233037035495,11.678051912854855,9.387524233792227,4.763476220226931,6.547064482029963,0.02574,0.0392,0.02541,0.03093,0.05612,0.03693
USA,USA.1_1,SUNF,0.06559040999587756,0.06286763904178089,0.06108403189554133,0.05673047754819069,0.05241759012252157,0.04739103228766771,5.467635298148965,3.4815754320854384,5.14806825599318,4.138328538953903,2.0998965324460297,2.886160729665682,0.012,0.01806,0.01187,0.01371,0.02496,0.01642
USA,USA.21_1,SUNF,0.01839067470623834,0.018144091415859,0.018171164093883325,0.01719411875621907,0.015974429280052466,0.014653190187511458,1.7951530487176286,1.143082961909412,1.6902316853286246,1.358710427488331,0.6894453372719017,0.9475943347396406,0.01024,0.01587,0.01075,0.01265,0.02317,0.01546
USA,USA.22_1,SUNF,0,0,0,0,0,0,9.006305744344867e-4,5.734861801037915e-4,8.47991392584788e-4,6.816667546386044e-4,3.4589560516410436e-4,4.7540928648790066e-4,0,0,0,0,0,0
USA,USA.23_1,SUNF,2.331007569111164,2.251059857385578,2.650286333931234,2.494833649968183,2.3359248766193237,2.1474753309927106,121.1502043463857,77.14592955755187,114.06689731325277,91.69922813062215,46.531404557404144,63.952513984097486,0.01924,0.02918,0.02323,0.02721,0.0502,0.03358
USA,USA.24_1,SUNF,100.38811267832622,87.21147582540253,74.8097467924149,62.19794359718189,49.517895061720296,36.612054052019786,1958.0393971722315,1246.815449747531,1843.5838019507128,1482.0149310674462,752.0179291463525,1033.5865375415403,0.05127,0.06995,0.04058,0.04197,0.06585,0.03542
USA,USA.25_1,SUNF,0,0,0,0,0,0,0.006825437153219975,0.004346170329600944,0.006426510625839274,0.005166017816069222,0.002621373048660942,0.003602893682593223,0,0,0,0,0,0
USA,USA.26_1,SUNF,8.492837126566881,8.164499793269245,7.7002470722166665,7.213947010375879,6.613297022686442,5.971232803794912,148.22823282369473,94.38591742121638,139.56473291113042,112.19057100986021,56.92844075069454,78.24415515576214,0.0573,0.0865,0.05517,0.0643,0.1162,0.07632
USA,USA.27_1,SUNF,0.45572042341669977,0.4039388741575465,0.3386206587776607,0.2755109992880377,0.2297802687334846,0.20068752111837326,92.054079545149,58.61642269302975,86.67379203245119,69.67363471330854,35.35423119749983,48.59191495063237,0.004951,0.006891,0.003907,0.003954,0.006499,0.00413
USA,USA.28_1,SUNF,4.073287110417507,3.5613080839205677,3.038767963500671,2.5038220501421016,1.9743693201276133,1.4546021517125118,711.5433376687673,453.0828535930928,669.9557431447794,538.5509348024823,273.2748813662756,375.5971872026812,0.005725,0.00786,0.004536,0.004649,0.007225,0.003873
USA,USA.31_1,SUNF,1.3199766879741377,1.2489969667240135,1.1819799663251243,1.1214625642883005,1.0297388969360843,0.9350872534407054,3.588075279353373,2.2847454264732954,3.3783629372658464,2.7157323996152374,1.3780339079711952,1.8940111038239527,0.3679,0.5467,0.3499,0.413,0.7473,0.49370000000000003
USA,USA.32_1,SUNF,0,0,0,0,0,0,0.5267412306632068,0.33540812942741854,0.4959547703589642,0.3986784320152475,0.2022999017766395,0.2780470480813882,0,0,0,0,0,0
USA,USA.33_1,SUNF,5.023826121349743,5.049526346529222,4.952561260196512,4.803018369703246,4.473168661920924,4.082597979787056,25.558898201000023,16.281284082493062,24.058104034401122,19.354644708965292,9.823362586523297,13.496837470058791,0.1966,0.3101,0.2059,0.2482,0.4554,0.3025
USA,USA.34_1,SUNF,0.2914864878727899,0.2800247069761584,0.26827943569775115,0.25011215778623963,0.22942616036634558,0.20722475290669223,18.49817596067302,11.778911988675585,17.417012522608527,14.00084777464222,7.10439768532921,9.764497102836147,0.01576,0.02377,0.0154,0.01786,0.03229,0.02122
USA,USA.35_1,SUNF,14.941316158379198,12.172443537303568,9.758758163003154,7.68423632077402,5.905360691589605,4.395660921933046,6110.3008989441505,3890.8079559438042,5753.162909833006,4624.76010952,2346.7276848185843,3225.406761791876,0.002445,0.003129,0.001696,0.001662,0.002516,0.001363
USA,USA.36_1,SUNF,5.605775484088142,5.389234633763141,5.163478400506136,4.986930256280842,4.581358225468784,4.147903931378514,6.170287063313488,3.928996481498969,5.809652112635131,4.670149645184434,2.36975652213583,3.257064387401354,0.9085,1.372,0.8888,1.068,1.933,1.274
USA,USA.37_1,SUNF,24.241907797625394,21.808286287157188,19.327852694483553,16.932737568551186,14.208703798813698,11.52029540931191,570.8073367722704,363.4676952270843,537.4453434595691,432.0310633755443,219.2239024407197,301.3079018190757,0.04247,0.06,0.03596,0.03919,0.06481,0.03823
USA,USA.38_1,SUNF,2.6987719166327935,2.7060436095364944,2.64016929162839,2.484891568082922,2.29362800621758,2.0829983935456355,152.40252404249185,97.04394213596905,143.49504920747074,115.34999689302052,58.53161637924086,80.44760778801053,0.01771,0.02788,0.0184,0.02154,0.03919,0.02589
USA,USA.39_1,SUNF,1.101651505440545,1.0632015457194446,1.1287561089209632,1.056863334284597,0.972428110742166,0.8811971981184267,33.269521313476005,21.184724606898087,31.325016616228602,25.180942404023128,12.777471179535166,17.561739339534455,0.03311,0.05019,0.03603,0.04197,0.0761,0.05018
USA,USA.3_1,SUNF,7.151206420882402e-4,6.398629626944319e-4,5.646052833006238e-4,4.893476039068155e-4,4.1408992451300725e-4,3.38832245119199e-4,3.837233151987215,2.4433993748019875,3.6129582723408324,2.904314314611423,1.4737253219454527,2.02553225113352,1.864e-4,2.619e-4,1.563e-4,1.685e-4,2.81e-4,1.673e-4
USA,USA.41_1,SUNF,0.5826906218210506,0.5560443402797459,0.5294231930420129,0.494237410900817,0.45404339204599004,0.41109718253380456,3.1853540847015025,2.0283083854448414,2.999179600201499,2.4109219061952283,1.2233650622860628,1.6814296067731576,0.1829,0.2741,0.1765,0.205,0.3711,0.2445
USA,USA.42_1,SUNF,12.307906234927225,10.918577996344577,9.60036774114534,8.295513028849332,7.095641140397763,5.98198770799846,4647.460004172091,2959.320014925474,4375.829771706992,3517.556552358807,1784.900531084526,2453.220784728344,0.002648,0.00369,0.002194,0.002358,0.003975,0.002438
USA,USA.43_1,SUNF,0.004804961586401658,0.004975902677111928,0.004829738332490724,0.004497735362277115,0.004293992224902524,0.003927059484838838,5.832486332228472,3.713898242103914,5.4915948308813896,4.414475970972498,2.2400209883661746,3.078751981517223,8.238e-4,0.00134,8.795e-4,0.001019,0.001917,0.001276
USA,USA.44_1,SUNF,183.58095146390073,158.41771627963132,133.5134835179726,108.79970571914369,84.23702966585346,59.844462698389854,3055.85281920159,1945.8470653672007,2877.2472990005126,2312.9053499281404,1173.628888685987,1613.0707191468393,0.06008,0.08141,0.0464,0.04704,0.07177,0.0371
USA,USA.45_1,SUNF,0,0,0,0,0,0,0.009065467030013867,0.0057725333843612415,0.008535617410101748,0.006861445375106283,0.003481677497358802,0.0047853219008522395,0,0,0,0,0,0
USA,USA.46_1,SUNF,8.6451027983258e-4,9.136736207723682e-4,0.0013529672277411652,0.001339038029319673,0.001243123987384866,0.0011472099454500587,0.03062910057516387,0.019503408375731644,0.028838920626985752,0.023182468127602007,0.011763392871412212,0.016167959720163848,0.02823,0.04685,0.04691,0.05776,0.1057,0.07096
USA,USA.47_1,SUNF,0.1516560710160199,0.14492479138275538,0.13574460397961902,0.12537263060338985,0.11401711839456977,0.10212618705764984,2.9858795079148317,1.9012908087419422,2.81136371991029,2.2599441454452567,1.1467549832913502,1.576134418141378,0.05079,0.07622,0.048280000000000003,0.05548,0.09943,0.0648
USA,USA.48_1,SUNF,1.7616169635008199,1.783369381133157,1.7311761569242012,1.6247079286023234,1.569936417588878,1.4463224317163943,286.6974997607222,182.55770862134352,269.94088250371357,216.99480316622282,110.10885927455743,151.33691623193354,0.006145,0.009769,0.006413,0.007487,0.01426,0.009557
USA,USA.49_1,SUNF,0.034669878248048465,0.032775068274479166,0.03232474288852065,0.029916513144975315,0.028015395234592486,0.02533572627253745,1.61746942866815,1.0299410106791063,1.522933145081006,1.2242257452337675,0.6212042792516868,0.8538017793610372,0.02143,0.03182,0.02123,0.02444,0.0451,0.02967
USA,USA.4_1,SUNF,0.0525451127028989,0.049873320704481194,0.04680276882421605,0.043452581245513905,0.04005871670886714,0.03576581910920086,0.6866591014505811,0.43723754922672836,0.646525916617606,0.5197166235698634,0.26371785744318627,0.3624617270916222,0.07652,0.1141,0.07239,0.08361,0.1519,0.09867
USA,USA.50_1,SUNF,5.423778612518387,5.203278394690325,4.919678058586434,4.5928037548647325,4.203509563557441,3.803729727211754,85.48209374316575,54.43164023031769,80.48591927921876,64.69944844833317,32.83019851347256,45.1228087825553,0.06345,0.09559,0.06112,0.07099,0.128,0.0843
USA,USA.51_1,SUNF,0.045400803140635514,0.04264712922227764,0.05366038395791504,0.05020071369832664,0.05080614026336716,0.04713800349995162,14.429546532349196,9.188168552530968,13.586182398945276,10.921394892450106,5.5418024567781234,7.616819388566182,0.003146,0.004642,0.00395,0.004597,0.009168,0.006189
USA,USA.5_1,SUNF,31.418201902849987,30.71545333415863,29.4674697502583,30.79188963405421,28.776377753286845,26.152045702558468,8535.530639535147,5435.09070264409,8036.65422752761,6460.34859945068,3278.1504645371424,4505.58824708454,0.003681,0.005651,0.003667,0.004766,0.008778,0.005804
USA,USA.6_1,SUNF,7.1494696176159165,6.351252542793232,5.660974951174427,5.099476149867235,4.574485841114198,4.083333483224478,210.41841817294244,133.98618510953168,198.12008665595357,159.26090486346482,80.81316375174632,111.07203429144523,0.03398,0.0474,0.02857,0.03202,0.05661,0.03676
USA,USA.7_1,SUNF,7.908309728486631e-4,7.400844603931589e-4,6.893379479376547e-4,6.385914354821504e-4,5.878449230266461e-4,5.370984105711419e-4,8.14777056514503e-4,5.188180315443009e-4,7.671557577686109e-4,6.16686183696329e-4,3.1292275771769543e-4,4.3009041673662237e-4,0.9706,1.426,0.8986,1.036,1.879,1.249
USA,USA.8_1,SUNF,0,0,0,0,0,0,0.08569116446822303,0.05456476825737797,0.08068277044141849,0.06485768931499399,0.032910494083064123,0.045233169419920304,0,0,0,0,0,0
UZB,UZB.10_1,SUNF,0.01673806174319454,0.014981253276310313,0.013224444809426075,0.011467636342541854,0.00974347623541987,0.007984993493676044,44.44003586669291,47.61553385640516,51.018542667803175,34.02024104592834,27.48046927172496,32.0649521514145,3.766e-4,3.146e-4,2.592e-4,3.371e-4,3.546e-4,2.49e-4
UZB,UZB.11_1,SUNF,8.444057004823167e-4,3.782883234686059e-4,3.260788555063053e-4,2.7591287773610446e-4,2.2574689996590364e-4,1.7558092219570283e-4,7.623081427661978,8.200499679782933,8.795791286783457,6.13859171459176,5.200928728990595,5.897732343798104,1.108e-4,4.613e-5,3.707e-5,4.495e-5,4.341e-5,2.977e-5
UZB,UZB.12_1,SUNF,0,0,0,0,0,0,1.1965841653391445,1.2820870353852916,1.3737158196293733,0.9160227021123696,0.7399340199740942,0.8633749559031394,0,0,0,0,0,0
UZB,UZB.13_1,SUNF,1.2086573324200612e-4,1.0935471102848172e-4,9.784368881495732e-5,8.633266660143295e-5,7.482164438790855e-5,6.331062217438416e-5,0.984013778107626,1.0543272626332283,1.1296784069815846,0.753293404716311,0.6084864664231181,0.70999840787711,1.228e-4,1.037e-4,8.661e-5,1.146e-4,1.23e-4,8.917e-5
UZB,UZB.14_1,SUNF,0.03451875123893004,0.029566135296883123,0.024851491401041908,0.020338940127120043,0.015997222045701857,0.011630982582281055,51.575406002555425,55.300812753620995,58.99278703588404,40.832330453601735,33.45774000031419,38.53651074385575,6.693e-4,5.346e-4,4.213e-4,4.981e-4,4.781e-4,3.018e-4
UZB,UZB.1_1,SUNF,0.03601481986570309,0.030212093721439875,0.024523156384902534,0.01957550212734556,0.013799384770848865,0.007979181533736366,64.26552923469691,61.392166207601626,59.22334511936708,42.30587153301442,34.02703358973472,40.304614395704704,5.604e-4,4.921e-4,4.141e-4,4.627e-4,4.055e-4,1.98e-4
UZB,UZB.3_1,SUNF,3.1238313923513e-4,2.6164897680601825e-4,2.145628275724726e-4,8.987494191567446e-4,8.31415950124214e-4,7.775012366931452e-4,3.3597416500344104,3.599814652847464,3.857087857427775,2.571987590853433,2.0775698168124777,2.424164453256205,9.298e-5,7.268e-5,5.563e-5,3.494e-4,4.002e-4,3.207e-4
UZB,UZB.4_1,SUNF,0.006394791374735837,0.0051149593345083755,0.003997493827646751,0.002898538514947747,0.0020672991230609077,0.0015037756519862438,6.603704517914233,7.075577458885619,7.581258073765001,5.055342893274012,4.083545288497491,4.7647906951331,9.684e-4,7.229e-4,5.273e-4,5.734e-4,5.063e-4,3.156e-4
UZB,UZB.6_1,SUNF,0.0035644807665021257,0.0029504925891489925,0.002412186383517774,0.001955394565495792,0.0015210849076240434,0.0011034249940152032,8.306070563354812,8.899587419539655,9.535627214826471,6.358557485359851,5.136240609025348,5.993103965513614,4.291e-4,3.315e-4,2.53e-4,3.075e-4,2.961e-4,1.841e-4
UZB,UZB.8_1,SUNF,0.003745935620020303,0.0031238340913939465,0.0025865921515935532,0.0019601388491812598,0.0014222959520730062,8.080668590551452e-4,6.855041693879328,7.343591658740701,7.8673005302578405,5.246565532665693,4.237983724804811,4.945096860640086,0.00054640000000000005,4.254e-4,3.288e-4,3.736e-4,3.356e-4,1.634e-4
UZB,UZB.9_1,SUNF,0.0010450419397955446,7.403511987225321e-4,6.094173019531657e-4,5.188769948259327e-4,4.395823923762607e-4,3.602877899265888e-4,2.6235487443649985,2.8110164995358975,3.0119155159315536,2.0084088353748184,1.6223288133399096,1.8929769815513768,3.983e-4,2.634e-4,2.023e-4,2.584e-4,2.71e-4,1.903e-4
VEN,VEN.12_1,SUNF,43.326599908985955,43.080823300733755,41.53747076248198,40.27608371768189,39.611426201954664,38.54154546292675,580.1295595775683,580.1295595775683,580.1295595775683,580.1295595775683,580.1295595775683,580.1295595775683,0.07468,0.07426,0.0716,0.06943,0.06828,0.06644
VEN,VEN.13_1,SUNF,2.1019035427753,2.077097533220176,1.999870844909418,1.869516492725176,1.7401797027742882,1.589422690775783,369.9311956525508,369.9311956525508,369.9311956525508,369.9311956525508,369.9311956525508,369.9311956525508,0.005682,0.005615,0.005406,0.005054,0.004704,0.004297
VEN,VEN.14_1,SUNF,9.992479997361341,8.842888750464928,7.6360932867305795,6.459443409310002,5.243486056343481,4.061330713043026,8.213998218085573,8.213998218085573,8.213998218085573,8.213998218085573,8.213998218085573,8.213998218085573,1.217,1.077,0.9296,0.7864,0.6384,0.4944
VEN,VEN.15_1,SUNF,65.5030324325193,67.01956147892902,65.62406911342197,67.89988942590843,65.31971513760803,61.09513817485486,272.7905263022226,272.7905263022226,272.7905263022226,272.7905263022226,272.7905263022226,272.7905263022226,0.2401,0.2457,0.2406,0.2489,0.2395,0.224
VEN,VEN.16_1,SUNF,8.126548567747992,7.461143426802765,6.723664438481338,5.936509316274732,5.1746235668051614,4.348385692399636,20.36995002271048,20.36995002271048,20.36995002271048,20.36995002271048,20.36995002271048,20.36995002271048,0.3989,0.3663,0.3301,0.2914,0.254,0.2135
VEN,VEN.17_1,SUNF,44.15305456161618,45.38969820132206,44.66749666786927,44.878433148470926,43.747934667169105,40.44011153605541,987.4008028331621,987.4008028331621,987.4008028331621,987.4008028331621,987.4008028331621,987.4008028331621,0.04472,0.04597,0.04524,0.04545,0.04431,0.04096
VEN,VEN.19_1,SUNF,236.65775929620082,204.68482484216258,172.76814782992165,140.93767453659012,109.25588590272007,77.73930787157575,0.8074458305528568,0.8074458305528568,0.8074458305528568,0.8074458305528568,0.8074458305528568,0.8074458305528568,293.1,253.5,214,174.5,135.3,96.28
VEN,VEN.1_1,SUNF,0,0,0,0,0,0,0.021832972664938007,0.021832972664938007,0.021832972664938007,0.021832972664938007,0.021832972664938007,0.021832972664938007,0,0,0,0,0,0
VEN,VEN.21_1,SUNF,0.907426250331526,0.8995314240489036,0.86697966282454,0.8108536855922274,0.7391204828932901,0.6929198315852034,2.00216335065345,2.00216335065345,2.00216335065345,2.00216335065345,2.00216335065345,2.00216335065345,0.4532,0.4493,0.433,0.405,0.3692,0.3461
VEN,VEN.25_1,SUNF,5.7839434906369656,5.647680522707909,5.7571330813359,5.465130059434908,5.085529153255954,4.6776042620603615,79.60575567834594,79.60575567834594,79.60575567834594,79.60575567834594,79.60575567834594,79.60575567834594,0.07266,0.07095,0.07232,0.06865,0.06388,0.05876
VEN,VEN.2_1,SUNF,2.5402263881565523,2.382634781513528,2.2272985634631794,2.069413207884006,2.0538308960328235,1.8715513533331316,30.38271219484232,30.38271219484232,30.38271219484232,30.38271219484232,30.38271219484232,30.38271219484232,0.08361,0.07842,0.07331,0.06811,0.0676,0.0616
VEN,VEN.3_1,SUNF,0.06349182849211199,0.05948115515471694,0.06146338101670875,0.057371043185051505,0.053087247631164715,0.05523398016719854,0.36748825471072194,0.36748825471072194,0.36748825471072194,0.36748825471072194,0.36748825471072194,0.36748825471072194,0.1728,0.1619,0.1673,0.1561,0.1445,0.1503
VEN,VEN.4_1,SUNF,0.7312456495235681,0.643200173984698,0.551534484425158,0.46031820620680086,0.3692322094401427,0.2776668808184803,4.337210713196838,4.337210713196838,4.337210713196838,4.337210713196838,4.337210713196838,4.337210713196838,0.1686,0.1483,0.1272,0.1061,0.08513,0.06402
VEN,VEN.5_1,SUNF,112.5691826169576,101.57642455558748,90.7530152431997,79.50334424038613,68.27748142845144,57.02014322389398,1171.2799065040997,1171.2799065040997,1171.2799065040997,1171.2799065040997,1171.2799065040997,1171.2799065040997,0.09611,0.08672,0.07748,0.06788,0.05829,0.04868
VEN,VEN.6_1,SUNF,1.6333108091725115,1.546613487575631,1.475488504143605,1.369261419975457,1.2796350585489547,1.1693433293774873,4.0518834143822335,4.0518834143822335,4.0518834143822335,4.0518834143822335,4.0518834143822335,4.0518834143822335,0.4031,0.3817,0.3641,0.3379,0.3158,0.2886
VEN,VEN.7_1,SUNF,1.4782022024203898,1.40651770475766,1.3460222974730869,1.2644530272654466,1.156857452826492,1.0486889975779805,12.13961123151232,12.13961123151232,12.13961123151232,12.13961123151232,12.13961123151232,12.13961123151232,0.1218,0.1159,0.1109,0.1042,0.0953,0.08639
VEN,VEN.8_1,SUNF,17.720568301266614,15.731164762213142,13.671100750789083,11.701858080185382,9.617459948079041,7.509094017338271,62.15661390637246,62.15661390637246,62.15661390637246,62.15661390637246,62.15661390637246,62.15661390637246,0.2851,0.2531,0.2199,0.1883,0.1547,0.1208
VEN,VEN.9_1,SUNF,9.961936096610433,9.372244065141764,8.678084060244009,7.963687664715026,7.419898839097709,6.6681626307387205,61.608220755646215,61.608220755646215,61.608220755646215,61.608220755646215,61.608220755646215,61.608220755646215,0.1617,0.1521,0.1409,0.1293,0.1204,0.1082
VNM,VNM.14_1,SUNF,2.821428546155774e-4,2.594199938785706e-4,2.76406992642255e-4,2.601933836269519e-4,2.3685970291818998e-4,2.099022892303846e-4,0.03928429102868281,0.03292134248178348,0.026614946684400197,0.03267220469337498,0.03589418296309965,0.03266792171419652,0.007182,0.00788,0.01039,0.007964,0.006599,0.006425
VNM,VNM.26_1,SUNF,0.004942682526678988,0.004523334938149521,0.004024865563923042,0.003516444041858442,0.002999046487815063,0.002472784874226826,0.2201084060853887,0.18445704453634687,0.14912254591723886,0.18306113487204376,0.2011137580153011,0.18303713750068787,0.02246,0.02452,0.02699,0.01921,0.01491,0.01351
VNM,VNM.35_1,SUNF,8.722001604792833e-4,0.0010230959472503967,0.0016792625206542356,0.001742995431642398,0.0022376782565851658,0.0021248957346751644,0.09209533276416096,0.07717848309109263,0.06239421171201988,0.07659442195808515,0.08414780151869722,0.07658438124251327,0.009471,0.01326,0.02691,0.02276,0.02659,0.02775
VNM,VNM.36_1,SUNF,0.0020490559133979082,0.0019919156650488575,0.001881021736013987,0.0017398356535454076,0.0016168844622701265,0.0014747632571762445,0.0030239485458087006,0.0025341540630368685,0.00204871278609318,0.002514976426550727,0.002762991504543286,0.0025146467398408667,0.6776,0.786,0.9181,0.6918,0.5852,0.5865
VNM,VNM.38_1,SUNF,0.0016761700431292476,0.0016446004248928737,0.001551518867553154,0.001419287843222736,0.0012709162760222688,0.001101134049743911,0.042686096961149056,0.03577215167870942,0.02891965630629868,0.035501439912906475,0.03900242397617402,0.03549678605102665,0.03927,0.04597,0.05365,0.03998,0.03259,0.03102
VNM,VNM.49_1,SUNF,0.006003992622160329,0.00593262778968955,0.007021390404650437,0.00676994606030892,0.006420209429593693,0.006131428709842742,0.008364481162108332,0.007009670833034446,0.005666901816037366,0.006956623971723122,0.007642653319233992,0.0069557120321738055,0.7178,0.8463,1.239,0.9732,0.84,0.8815
XCA,NA,SUNF,0,0,0,0,0,0,1.3015278255997582,1.5304391086695972,1.599459895984973,1.8182107213515082,1.681356150927201,1.696839907754072,0,0,0,0,0,0
XKO,XKO.3_1,SUNF,0,0,0,0,0,0,0.03741698949150097,0.03570601580810299,0.03781491056162366,0.04033071732822813,0.03658388950421663,0.03811904533317282,0,0,0,0,0,0
XKO,XKO.5_1,SUNF,0.00531766472274556,0.00463431726156808,0.0039509698003906,0.00326762233921311,0.00258427487803563,0.00190092741685815,0.044519333207195415,0.04248358932306387,0.04499278606782653,0.047986133241115864,0.043528097502964144,0.0453546504887353,0.1194,0.1091,0.08781,0.0681,0.05937,0.04191
XKO,XKO.7_1,SUNF,0.00670070437026167,0.00606231232365752,0.00542392027705336,0.00478552823044921,0.00428154878518862,0.00363626378466941,0.1164833254688574,0.10610666169829064,0.18860209770052278,0.11412412095170452,0.10244318151311829,0.12211913259791046,0.05753,0.05713,0.02876,0.04193,0.04179,0.02978
Z01,Z01.14_1,SUNF,4.8865230033634286e-5,4.3977018318611286e-5,3.908880660358829e-5,3.42005948885653e-5,2.9312383173542297e-5,2.4424171458519293e-5,1.8053153669487896,1.121865358363554,1.0250034457249004,1.6321918548224918,1.2068156086686077,1.287525593128155,2.707e-5,3.92e-5,3.814e-5,2.095e-5,2.429e-5,1.897e-5
Z06,Z06.1_1,SUNF,0,0,0,0,0,0,1.5821703436568006,0.9831978013784192,0.8983084527291754,1.430445669015117,1.0576478222332468,1.1283816929944095,0,0,0,0,0,0
Z07,Z07.3_1,SUNF,15.003315582490652,14.52758603966694,14.136919257159601,13.300931057279515,12.375418938890954,11.266039604326966,52.069912811208674,68.58604999760404,90.05277122887173,57.461461034252174,46.53038904554596,55.84396369656791,0.2881,0.2118,0.157,0.2315,0.266,0.2017
ZAF,ZAF.1_1,SUNF,2.1305129562503184,1.8798268004948882,1.6291485271899844,1.378478727441016,1.127811409614431,0.8771485385909765,33.245132313301376,28.58617591429085,35.65050301523396,30.357000970928333,26.646700852259315,28.70340172220683,0.06408,0.06576,0.0457,0.04541,0.04232,0.03056
ZAF,ZAF.2_1,SUNF,12.364957866017454,10.240875625993432,8.335043397724156,6.513221736002196,4.782882281556511,3.1351825714975003,10797.135473871664,9284.03024893467,11578.335954257685,9859.14716701027,8654.140291042348,9322.10207602728,0.001145,0.001103,7.199e-4,6.606e-4,5.527e-4,3.363e-4
ZAF,ZAF.3_1,SUNF,0.3266927729665138,0.2551057306312536,0.19548020449690956,0.1412184227887314,0.09460224609192554,0.057463677451257564,305.323636012308,262.53573267767257,327.4145852000089,278.79900815328057,244.7235738234352,263.6123356994349,0.00107,9.717e-4,5.97e-4,5.065e-4,3.866e-4,2.18e-4
ZAF,ZAF.4_1,SUNF,1.475873580017502,1.228363875958316,0.99494468822593,0.7726780696361639,0.5635765236508692,0.3727433766156431,68.7854971075819,59.145931564921405,73.76230447598715,62.80983883000503,55.1330807507822,59.388476410144136,0.02146,0.02077,0.01349,0.0123,0.01022,0.006276
ZAF,ZAF.5_1,SUNF,8.421056837946546,7.135906941373367,5.904058762184614,4.686913313450384,3.493872639312175,2.345731973554253,9433.354571843847,8108.907102342415,10111.843808099768,8642.601707520469,7567.235938209043,8160.675071029005,8.927e-4,8.8e-4,5.839e-4,5.423e-4,4.617e-4,2.874e-4
ZAF,ZAF.6_1,SUNF,6.619498384934909,5.563441979320273,4.544453933679621,3.540510251898307,2.550863073582807,1.577421074853559,2918.032210676694,2509.0872594466496,3129.13711001677,2664.5223517862964,2338.8604334166685,2519.379740169642,0.002268,0.002217,0.001452,0.001329,0.001091,6.261e-4
ZAF,ZAF.7_1,SUNF,8.917705782407996,7.157031547656895,5.755332973426675,4.421864027064976,3.1699465681301917,2.051255214904932,108.5033387739235,93.29772448574325,116.35381759606895,99.07735882296397,86.9678260829294,93.68039537684379,0.08219,0.07671,0.04946,0.04463,0.03645,0.0219
ZAF,ZAF.8_1,SUNF,0.19703788782272771,0.16163301571555921,0.1346622047113986,0.1085045844321213,0.08578107370208624,0.0658520771682401,12.261778061628117,10.543418548869834,13.148949194685676,11.196550671366193,9.828083367088107,10.586654858661442,0.01607,0.01533,0.01024,0.009691,0.008728,0.00622
ZAF,ZAF.9_1,SUNF,0.6891196300486787,0.5843114271890679,0.48106240724484595,0.37885497249827826,0.2775670019640435,0.17887121680523776,41.58077792308438,35.753668271212696,44.58925399221813,37.96849727916393,33.327903167266115,35.900286435937474,0.01657,0.01634,0.01079,0.009978,0.008328,0.004982
ZMB,ZMB.10_1,SUNF,3.186650857717341,2.8140165043713243,2.424432869104649,2.024523038289743,1.6268615070921881,1.227907217990667,6.2554973761679715,9.693030227840215,9.735241067529477,11.075807405457638,5.522762119166701,7.498744965852664,0.5094,0.2903,0.249,0.1828,0.2946,0.1637
ZMB,ZMB.1_1,SUNF,188.18597410413696,186.48724823606614,175.42922821573927,162.75739200982278,148.4788108670618,133.22558758676848,4871.330613979357,7706.779035377266,7740.309213381234,8845.271771763977,4260.882661220913,5892.774726196254,0.03863,0.0242,0.02266,0.0184,0.03485,0.02261
ZMB,ZMB.2_1,SUNF,14.92263184515417,14.84665780112372,14.147698483965492,13.282829122898514,12.332176947830492,11.027084090798077,285.5157084762236,451.705427268865,453.670679329701,518.4341274912767,249.73647410861233,345.3840201304468,0.05227,0.03287,0.03118,0.02562,0.04938,0.03193
ZMB,ZMB.3_1,SUNF,418.7080738043799,398.989656991473,373.3500325102138,342.1548922792197,307.1520160669215,267.71660442670225,28498.493255596957,45031.05512029533,45224.163694748575,51662.14629336584,24931.31247052536,34444.31900373788,0.01469,0.00886,0.008256,0.006623,0.01232,0.007772
ZMB,ZMB.4_1,SUNF,8.056759859106055,7.942925577128992,7.7214414900888535,7.345292652658078,6.898659752042187,6.243329164620025,12.85270001140547,20.33385266679265,20.422319936490446,23.337694279174848,11.242071410902492,15.547716177022636,0.6269,0.3906,0.3781,0.3147,0.6136,0.4016
ZMB,ZMB.5_1,SUNF,7.006324451771064,5.912798552133686,4.856245027343934,3.989699781137029,3.1552651702212913,2.5653777777676217,304.4073186210467,481.5688085435143,483.6641553158386,552.7585090439513,266.25509640254467,368.24317699222155,0.02302,0.01228,0.01004,0.007218,0.01185,0.006967
ZMB,ZMB.6_1,SUNF,46.99096429661731,43.98027098022737,40.75122589104711,37.32143785465035,33.10450925874729,28.16143214285504,1000.340781189739,1283.3043201517978,1292.2667187227207,1355.9123096394835,993.9131215285806,1114.8366217285882,0.04697,0.03427,0.03153,0.02752,0.03331,0.02526
ZMB,ZMB.7_1,SUNF,3.363677663465284,3.268511046158139,3.1251014182435592,2.910454907985989,2.6994219167415183,2.403814013204492,11.060902625653831,17.488229328994688,17.564318301739537,20.06907364536434,9.677546774348874,13.376550701605323,0.3041,0.1869,0.1779,0.145,0.2789,0.1797
ZMB,ZMB.8_1,SUNF,70.91288899665787,67.81030595826482,64.89016526447126,60.66014079022582,54.51702380499845,47.08121945765278,1353.0820614293125,1724.5137925863814,1750.0231875023364,1896.5341134331097,1369.6353712848027,1546.662680897812,0.05241,0.03932,0.03708,0.03198,0.0398,0.03044
ZMB,ZMB.9_1,SUNF,181.01233415613004,170.01757676949842,154.23449390789486,138.98043597064867,125.34541813330821,111.78465127482099,8675.1343964703,13724.657428082512,13784.369819536143,15752.148124200923,7588.014992783673,10494.178442985189,0.02087,0.01239,0.01119,0.008823,0.01652,0.01065
ZWE,ZWE.10_1,SUNF,7.200508367683094,5.363188938696039,3.8394344961067093,2.5348026162500075,1.5863601182764853,1.179457592614693,235.20354803911914,153.39291351441656,155.55432227358517,618.0974177111826,155.64606948805115,340.56482615985544,0.03061,0.03496,0.02468,0.004101,0.01019,0.003463
ZWE,ZWE.1_1,SUNF,0.014714076516072283,0.013362355319852632,0.011421293025825091,0.010043488493274662,0.00853301960982971,0.007053781747265528,0.9540924573833139,0.6222313524616333,0.6309990084414743,2.5072839635406354,0.631371176829399,1.3814856731461171,0.01542,0.02147,0.0181,0.004006,0.01352,0.005106
ZWE,ZWE.2_1,SUNF,0.006447344999979841,0.006245133071885348,0.005237421260141766,0.004309968859563754,0.003427561278643259,0.0028192287134041908,2.704144065814625,1.7635641140457474,1.7884139120978302,7.106289331660278,1.789468733284082,3.9154866555507573,0.002384,0.003541,0.002929,6.065e-4,0.001915,7.2e-4
ZWE,ZWE.3_1,SUNF,28.162255247809423,27.092837306774197,25.16253140646694,22.938282382435503,20.784246633229618,18.40184798349318,1444.147631096282,939.4049891038094,951.8495276180023,3771.1988822601957,955.0506539100156,2080.339699577696,0.0195,0.02884,0.02644,0.006082,0.02176,0.008846
ZWE,ZWE.4_1,SUNF,13.674988013824901,11.956220951202878,10.277215121096965,8.72865523907364,7.24731168663546,5.877015513448013,611.764204332372,398.9818279962266,404.5991713979493,1607.5251697066312,404.83656526990643,885.7461862060283,0.02235,0.02997,0.0254,0.00543,0.0179,0.006635
ZWE,ZWE.5_1,SUNF,14.28949941875193,13.286907862581874,12.01614924263904,10.78507130941481,9.507580160691642,8.196934214316332,892.3494440852863,581.9643548848425,590.1646219333836,2345.0279202139814,590.5127058653976,1292.0843917210123,0.01601,0.02283,0.02036,0.004599,0.0161,0.006344
ZWE,ZWE.6_1,SUNF,20.01541166889801,18.330286441087257,16.53208618343804,14.77921632701423,12.945580980931046,11.208462374777973,562.7904924828943,367.0355913415319,372.20736834137125,1478.9715249458122,372.4268992984666,814.8969173074644,0.03556,0.04994,0.04442,0.009993,0.03476,0.01375
ZWE,ZWE.7_1,SUNF,3.9699378762028816,3.1455525369407598,2.35681875629969,1.6997214363981505,1.2093015708458896,0.8863787695126166,116.68832444384992,76.03104385331577,77.07961375469417,305.9613321324749,77.2008997347603,168.65170332558938,0.03402,0.04137,0.03058,0.005555,0.01566,0.005256
ZWE,ZWE.8_1,SUNF,6.3334481500468325,4.845219371381574,3.549504559584279,2.4543903992259803,1.7358335294723444,1.4186925520600155,82.9573638404675,54.15429524274416,54.91650520577373,217.96043636869356,54.908966346176236,120.1054645067917,0.07635,0.08947,0.06463,0.01126,0.03161,0.01181
ZWE,ZWE.9_1,SUNF,1.1601337474996107,1.0857372496357132,0.9737853682790465,0.8651470967085733,0.7578626317225102,0.6831799870729535,42.732330379632906,27.463204662269458,27.705436815642223,118.14054398885041,30.328168205251824,65.71228004489554,0.02715,0.03953,0.03515,0.007323,0.02499,0.0104
