GID_0,GID_1,crop_type,LD_2020,LD_2021,LD_2022,LD_2023,LD_2024,LD_2025,production_2020,production_2021,production_2022,production_2023,production_2024,production_2025,EF_2020,EF_2021,EF_2022,EF_2023,EF_2024,EF_2025
AFG,AFG.13_1,POTA,0,0,0,0,0,0,0.026831068054000883,0.02930860249910064,0.03821433431991125,0.04310993533065174,0.04508174204832664,0.04217991923798778,0,0,0,0,0,0
AFG,AFG.14_1,POTA,0,0,0,0,0,0,5.380546849049015,5.531359036696593,5.591926710823157,5.591926710823157,5.71281120864071,5.635738413069673,0,0,0,0,0,0
AFG,AFG.16_1,POTA,0,0,0,0,0,8.075132340677383e-4,8.84534223359706,9.09326971200496,9.192839852545067,9.192839852545067,9.39156774841345,9.264864037275542,0,0,0,0,0,8.716e-5
AFG,AFG.18_1,POTA,0,0,0,0,0,0,0.13934731645164497,0.14325310413949055,0.14482170731125665,0.14482170731125665,0.14795241704096715,0.14595635836225704,0,0,0,0,0,0
AFG,AFG.19_1,POTA,0.03153881477474034,0.02027690023774066,0.011072469711125328,0.0051641600846873605,0.002497118808810916,0.0010296232531498996,366.69072375201296,374.0169640903924,392.0488279248522,408.9271248972952,449.2837800409837,429.88501834496407,8.601e-5,5.421e-5,2.824e-5,1.263e-5,5.558e-6,2.395e-6
AFG,AFG.1_1,POTA,0,0,0,0,9.92517766534847e-5,9.4161941953306e-5,22.01059984601464,22.627538385412283,22.875307037224925,22.875307037224925,23.369818168471532,23.054530799005054,0,0,0,0,4.247e-6,4.084e-6
AFG,AFG.20_1,POTA,0,0,0,1.203693271079258e-5,1.1419654110239111e-5,1.0802375509685649e-5,18.543301589397927,19.063054684643287,19.271792695742615,19.271792695742615,19.688404197027097,19.422783595124084,0,0,0,6.246e-7,5.8e-7,5.562e-7
AFG,AFG.21_1,POTA,0,0,0,0,4.0851360029507955e-5,0.002423167473443183,21.061178194045958,21.651505245736054,21.888586459479953,21.888586459479953,22.36176697827485,22.0600794496695,0,0,0,0,1.827e-6,1.098e-4
AFG,AFG.22_1,POTA,0,0,0,0,0,0,0.05411851185504359,0.05563540807285704,0.056244608676849585,0.056244608676849585,0.05746048678585379,0.056685274689791516,0,0,0,0,0,0
AFG,AFG.23_1,POTA,0,0,0,0,0,0,62.54231137069049,64.29531958025879,64.99934510786693,64.99934510786693,66.40448033194389,65.50860284698798,0,0,0,0,0,0
AFG,AFG.24_1,POTA,1.1596454842566102e-6,9.019464877551412e-7,6.442474912536725e-7,3.8654849475220345e-7,1.2884949825073448e-7,0,0.04553060682597337,0.04680679131297592,0.04731931969241149,0.04731931969241149,0.048342253735344135,0.04769005773174577,2.547e-5,1.927e-5,1.361e-5,8.169e-6,2.665e-6,0
AFG,AFG.27_1,POTA,0,0,0,0,0,0,3.9581807719169135,4.069125238727545,4.113681639750216,4.113681639750216,4.202609904535949,4.145911567726358,0,0,0,0,0,0
AFG,AFG.28_1,POTA,0,0,0,0,0,0,0.4225675247764455,0.4344117359000084,0.43916848885749865,0.43916848885749865,0.44866229394083057,0.4426092920126324,0,0,0,0,0,0
AFG,AFG.29_1,POTA,0.00148253936117992,4.334720552977018e-4,1.2598644965488667e-6,0,0,0,6.276700807908423,6.452631434777194,6.523286923854579,6.523286923854579,6.664305271320348,6.574395659565179,2.362e-4,6.718e-5,1.931e-7,0,0,0
AFG,AFG.2_1,POTA,0.0025426347168419827,1.7963883807490893e-4,3.810424534379896e-5,0,0,0,8.592729470320023,9.386167256594327,12.238254401147461,13.806085208152759,14.437562183226571,13.508244784088316,2.959e-4,1.914e-5,3.114e-6,0,0,0
AFG,AFG.30_1,POTA,0,0,0,0.00128683671512014,0.0013142164557615225,0.0012434365541113689,46.1456557347062,47.43907952359359,47.958531378081254,47.958531378081254,48.99528369647016,48.33427752168681,0,0,0,2.683e-5,2.682e-5,2.573e-5
AFG,AFG.31_1,POTA,0.03511443097445452,0.029178124652691217,0.02431986526986204,0.020107835451458264,0.01662985422223564,0.013732032816081388,1103.2441970606026,1131.8135450750437,1155.3191808213671,1168.7773488306575,1219.1738480499548,1192.0909449690625,3.183e-5,2.578e-5,2.105e-5,1.72e-5,1.364e-5,1.152e-5
AFG,AFG.32_1,POTA,0,0,0,0,7.745346871157542e-4,7.348149595713565e-4,13.750511436647267,14.135926668446675,14.290713257827575,14.290713257827575,14.599645363873156,14.402678329353005,0,0,0,0,5.305e-5,5.102e-5
AFG,AFG.33_1,POTA,0,0,0,0,0,0,0.06461747218592957,0.0664286454019641,0.06715603057451981,0.06715603057451981,0.06860778834089191,0.06768218554180401,0,0,0,0,0,0
AFG,AFG.34_1,POTA,0,0,0,0,0,0,10.591359582215237,10.888226453477277,11.007451140805527,11.007451140805527,11.245406727890046,11.093692466347335,0,0,0,0,0,0
AFG,AFG.3_1,POTA,9.003439677781213e-4,0.003973851323491138,0.0037040667080466844,0.0034342820926022313,0.0031972942201393844,0.002925827720439464,282.41180276028905,290.32756727022974,293.5066170060579,293.5066170060579,299.8515499491586,295.80618657780553,3.188e-6,1.369e-5,1.262e-5,1.17e-5,1.066e-5,9.891e-6
AFG,AFG.4_1,POTA,0,0.0032324369421669,0.0030666709451327,0.003018957979153691,0.004596077044956097,0.004334567863538082,890.1673718081187,915.1180120462211,925.1384372569602,925.1384372569602,945.137786530095,932.3867242689233,0,3.532e-6,3.315e-6,3.263e-6,4.863e-6,4.649e-6
AFG,AFG.8_1,POTA,0,0,0,0,0,0,0.1334383364591373,0.13717850042425786,0.1386805874621351,0.1386805874621351,0.14167854041097402,0.13976712398513766,0,0,0,0,0,0
AFG,AFG.9_1,POTA,0,0,0,0,0,0,11.571775189534955,11.896122282917887,12.026383300693333,12.026383300693333,12.286365839994483,12.120607769560682,0,0,0,0,0,0
AGO,AGO.10_1,POTA,55.53226992882366,49.94906568522149,43.604747574201355,37.61126930216825,32.0051136931683,27.098400166831794,41866.24613574303,42285.379043515335,43751.86506233289,44049.64021900837,46023.94700677308,45096.989119267775,0.001326,0.001181,9.966e-4,8.538e-4,6.954e-4,6.009e-4
AGO,AGO.11_1,POTA,6.456314645192493e-5,6.156916111605795e-5,6.035756201932499e-5,5.48807287307341e-5,4.940389544214323e-5,4.392706215355234e-5,0.48264968401842556,0.4874816043401599,0.5043878015498364,0.5078206645013409,0.5305812087397827,0.5198948928457752,1.338e-4,1.263e-4,1.197e-4,1.081e-4,9.311e-5,8.449e-5
AGO,AGO.12_1,POTA,25.363155480716433,24.134403451515166,22.44277878107991,20.587423372268244,18.462469030041117,15.98446465753279,1252.99309338905,1265.537104068871,1309.426800966278,1318.3387586681336,1377.4267590892728,1349.6843188633015,0.02024,0.01907,0.01714,0.01562,0.0134,0.01184
AGO,AGO.13_1,POTA,47.32364940121368,41.87408955666131,36.059455241922294,30.224398604225254,24.278518266433316,18.22277008088052,2865.7903385663008,2894.480444523606,2994.863016458612,3015.2460516201313,3150.3895106108703,3086.9382293649364,0.01651,0.01447,0.01204,0.01002,0.007707,0.005903
AGO,AGO.14_1,POTA,201.97025757426158,182.84281050883325,162.04733195470482,141.28860855242723,120.03846762994729,97.80311114271409,39856.66228940556,40255.67677724128,41651.771325929396,41935.253246407985,43814.79311822941,42932.32929859268,0.005067,0.004542,0.003891,0.003369,0.00274,0.002278
AGO,AGO.15_1,POTA,5.895011876708067,5.727785846413348,5.4912147094098716,5.1498927585615135,4.8640605958567225,4.347602119547034,924.5069498016745,933.7611627190862,966.1438207844926,972.7202297857315,1016.3153050978185,995.8466712430251,0.006376,0.006134,0.005684,0.005294,0.004786,0.004366
AGO,AGO.16_1,POTA,0.9526406216089451,0.9445892017308808,0.8904805779206285,0.8255525406910429,0.8064972417445734,0.7432199124902085,3751.6365104159377,3789.19503224799,3920.6069212521343,3947.290568648092,4124.20830337226,4041.1435584914448,2.539e-4,2.493e-4,2.271e-4,2.091e-4,1.956e-4,1.839e-4
AGO,AGO.17_1,POTA,455.5123983684155,415.14656459426084,366.73312408963056,316.17634875205334,263.78433430686573,209.03510925465798,30297.876720158598,30601.195941277052,31662.4664565726,31877.961176544097,33306.7327809894,32635.909423448462,0.01503,0.01357,0.01158,0.009918,0.00792,0.006405
AGO,AGO.18_1,POTA,7.924766843031991,8.211448254692211,7.8745672156901145,7.381832845153466,6.762822150785448,6.051712242791098,1719.6704173938626,1736.8864453156245,1797.122861446786,1809.3540781245206,1890.4494064893026,1852.374293374448,0.004608,0.004728,0.004382,0.00408,0.003577,0.003267
AGO,AGO.1_1,POTA,55.372120187107726,48.620960840469195,41.74383206289797,35.36862167142555,28.80027387358504,21.949756998587223,3469.1949529393,3503.92588543179,3625.444444285684,3650.119216112608,3813.7177179094915,3736.906493552426,0.01596,0.01388,0.01151,0.00969,0.007552,0.005874
AGO,AGO.2_1,POTA,51.68858809412377,47.37518455998334,42.684817460020554,38.01302218489983,33.515040250321796,28.6796903795404,26149.06987923761,26410.85441225953,27326.801002232074,27512.78718678184,28745.911503419266,28166.94661373472,0.001977,0.001794,0.001562,0.001382,0.001166,0.001018
AGO,AGO.3_1,POTA,87.80321445433879,83.40987978439233,78.07760455498773,71.38190693863119,63.87525990069215,56.07078576297431,45508.915582939895,45964.51611746113,47558.597139617836,47882.28091159738,50028.36682166185,49020.75682207786,0.001929,0.001815,0.001642,0.001491,0.001277,0.001144
AGO,AGO.4_1,POTA,2.8630385471448196,2.7456069266331795,2.578290648339622,2.4501083900925296,2.233759029073217,2.009925750911671,310.37984122662334,313.4583345113917,324.246901341165,326.4288198522851,340.93957688720354,334.12833349269425,0.009224,0.008759,0.007952,0.007506,0.006552,0.006015
AGO,AGO.5_1,POTA,4.44420305939186,4.130674791219255,3.770312195407781,3.35396423888452,2.941713669008279,2.508090746768243,871.6162727105583,875.3404663667382,900.5444888716694,906.8090167300456,939.9518827270585,924.1392502490838,0.005099,0.004719,0.004187,0.003699,0.00313,0.002714
AGO,AGO.6_1,POTA,59.01483857117663,53.993533715917266,48.03048177948491,41.768979592005365,35.34244965463361,28.727186719057915,6478.939875191669,6543.8020770801895,6770.745632347172,6816.827321404533,7122.357818015973,6978.908023149979,0.009109,0.008251,0.007094,0.006127,0.004962,0.004116
AGO,AGO.7_1,POTA,88.19421778899196,81.30601396254548,73.99158550046499,66.42661162536487,58.48405233136359,49.60548477881549,30343.353483481817,30647.127983250903,31709.991453342984,31925.809628402374,33356.7258025381,32684.895546878717,0.002907,0.002653,0.002333,0.002081,0.001753,0.001518
AGO,AGO.8_1,POTA,6.304658219565743,5.460568051903323,4.616671259528163,3.7727958885411015,2.9289047351640605,2.085006937913116,4.870227171566582,4.9189841694906855,5.089577922568305,5.124217585612284,5.353885240352673,5.246053850932449,1.295,1.11,0.9071,0.7363,0.5471,0.3974
AGO,AGO.9_1,POTA,113.01850873263548,111.2626523060867,108.20218481679933,103.73388722386973,97.07351376875452,88.75082398102398,50249.21614840556,50752.27295481887,52512.396675948614,52869.79600339004,55239.42255648469,54126.85786418578,0.002249,0.002192,0.002061,0.001962,0.001757,0.00164
ALA,ALA.2_2,POTA,2.478887709052147,2.1434201354134053,2.2322164400537896,1.9167147178516037,1.6169994710888802,1.3982265986309095,428.6134848309983,383.57611977692744,366.0718855309466,341.916042271493,379.67027299811843,367.18741093029405,0.005784,0.005588,0.006098,0.005606,0.004259,0.003808
ALB,ALB.10_1,POTA,0.0020643614365657556,1.1455970275425592e-4,1.0761669046611918e-4,1.0067367817798248e-4,9.373066588984574e-5,8.678765360170902e-5,158.06723973670682,150.53743590092515,175.5246299520407,174.25480153300234,176.78866749329904,175.77918953975276,1.306e-5,7.61e-7,6.131e-7,5.777e-7,5.302e-7,4.937e-7
ALB,ALB.11_1,POTA,0.1283673274525082,0.14013925419411888,0.13311286393334898,0.12289317063720046,0.11203034388120243,0.10057238339996248,671.7052133369066,682.1832306788851,692.2264208424365,722.5726143274344,732.1527794288664,724.0638574739177,1.911e-4,2.054e-4,1.923e-4,1.701e-4,1.53e-4,1.389e-4
ALB,ALB.12_1,POTA,0.04611781385435953,0.04701770749142337,0.04436053274552,0.04043817733069719,0.04374496668798228,0.04124539504301783,581.0948592845306,590.1594338806846,598.8478377503883,625.1004507759498,633.3882898175489,626.3905311700856,7.936e-5,7.967e-5,7.408e-5,6.469e-5,6.907e-5,6.585e-5
ALB,ALB.1_1,POTA,0.04796175770782872,0.04864690077892665,0.0473328956808442,0.044145040545089574,0.04126685903047524,0.03792032432727027,499.26811515211926,507.05626368065685,514.5212118804195,537.0770690071339,544.1978578264981,538.1854870158011,9.606e-5,9.594e-5,9.199e-5,8.219e-5,7.583e-5,7.046e-5
ALB,ALB.2_1,POTA,0.00220529746278766,0.00185348063434466,0.00150166380590165,0.00125210231436458,0.00110479615973345,9.574900051023316e-4,18.50698951437295,18.007693399694116,18.956324358833086,18.77625172827448,19.70569629369959,19.35085855196501,1.192e-4,1.029e-4,7.922e-5,6.669e-5,5.606e-5,4.948e-5
ALB,ALB.3_1,POTA,0.1420417650390755,0.14650839397566287,0.13758390228639844,0.12768442317454257,0.11807549605968873,0.1081611168454225,191.56638202625334,194.55465103646335,197.41890988905644,206.07346605263044,208.8056728767794,206.49875984017467,7.415e-4,7.53e-4,6.969e-4,6.196e-4,5.655e-4,5.238e-4
ALB,ALB.4_1,POTA,0.06537210930834894,0.0608362488558062,0.054127585311672874,0.0484214525937844,0.04413856711733627,0.039303051750022716,423.0567022096749,429.65601895514413,435.981470694828,455.09426048039825,461.1280874836186,456.0334826201371,1.545e-4,1.416e-4,1.242e-4,1.064e-4,9.572e-5,8.618e-5
ALB,ALB.5_1,POTA,0.0285753811713351,0.02396290554184391,0.02053522099115463,0.017626263867281788,0.015338691429803592,0.013414737248958947,1367.4912404791776,1388.8229149224394,1409.2693463367425,1471.0496525613523,1490.5534342775466,1474.08560032497,2.09e-5,1.725e-5,1.457e-5,1.198e-5,1.029e-5,9.1e-6
ALB,ALB.6_1,POTA,0,0,0,0,0,0,14.401783727713916,14.626439032836169,14.841771368807219,15.49241291044298,15.697817696839085,15.52438610471729,0,0,0,0,0,0
ALB,ALB.7_1,POTA,0.029801358381582294,0.025706972980968645,0.021612587580355006,0.01751820217974136,0.013423816779127712,0.009329431378514072,124.82734444722564,125.4607994814627,127.38709294119239,131.24165470674714,133.3220657042265,131.8948779559098,2.387e-4,2.049e-4,1.697e-4,1.335e-4,1.007e-4,7.073e-5
ALB,ALB.8_1,POTA,0.02331146284764684,0.0197180233901965,0.01619155345644878,0.01266508352270106,0.00914117887127678,0.00561983950217594,29.893306088098836,30.359615673585214,30.806573880398233,32.15708900584913,32.583440926402105,32.223454707565445,7.798e-4,6.495e-4,5.256e-4,3.939e-4,2.805e-4,1.744e-4
ALB,ALB.9_1,POTA,9.462790975029838e-4,0.0019355554908623892,0.012238848032534564,0.01159737903256252,0.010955910032590487,0.010314441032618445,128.57003091327562,130.57561161567273,132.49796273660712,138.30647956363003,140.14020379084937,138.59191605219038,7.36e-6,1.482e-5,9.237e-5,8.385e-5,7.818e-5,7.442e-5
ARE,ARE.1_1,POTA,0,0,0,0,0,0,0.014196522664295316,0.025029644621255204,0.01743835467136561,0.013696740229871981,0.01466375170231432,0.015605822725541087,0,0,0,0,0,0
ARE,ARE.4_1,POTA,0,0,0,0,0,0,0.002151341052939041,0.003792992360700326,0.0026426082772067574,0.0020756040225311015,0.0022221449416366256,0.0023649063850532787,0,0,0,0,0,0
ARG,ARG.10_1,POTA,4.383349992002688,4.1154175541986096,3.888714675713702,3.637688744710978,3.514601189581693,3.2459794818333148,9825.376633089794,10219.699863503389,7696.536705165517,7313.15687976562,7193.787854394178,7405.612882555197,4.461e-4,4.027e-4,5.053e-4,4.974e-4,4.886e-4,4.383e-4
ARG,ARG.11_1,POTA,5.837641646228609e-5,4.6410202761868186e-5,4.157626832432725e-5,1.3028630941779016e-4,1.2145765029119651e-4,1.1667869854090571e-4,52.690189178212385,54.80481199459214,41.273936883648865,39.21799986649676,38.577863944616865,39.713810303039004,1.108e-6,8.468e-7,1.007e-6,3.322e-6,3.148e-6,2.938e-6
ARG,ARG.12_1,POTA,0.003008605690795725,0.00252446148536477,0.002044772804593701,0.0016671160047122386,0.0012006675204598288,7.380575009999325e-4,35.2146810506049,36.6279568270361,27.584803655658526,26.21074963443894,25.782924593959553,26.542116946963528,8.544e-5,6.892e-5,7.413e-5,6.36e-5,4.657e-5,2.781e-5
ARG,ARG.13_1,POTA,0.6729127739272294,0.54781634366795,0.43463138252552364,0.33592115997177874,0.24177894363987112,0.15260094374134342,8379.547323953966,8715.84488216228,6563.971637919987,6237.007134679628,6135.203566789354,6315.858000116146,8.03e-5,6.285e-5,6.621e-5,5.386e-5,3.941e-5,2.416e-5
ARG,ARG.14_1,POTA,1.3855571996092135,1.348212420801825,1.2734400783831148,1.1702698956079318,1.0643581501480732,0.9538460382214901,363.3351382768769,376.0828311457542,319.5065614523928,320.20399088301724,317.21957800039263,321.29375944867337,0.003813,0.003585,0.003986,0.003655,0.003355,0.002969
ARG,ARG.15_1,POTA,0.28643061988691887,0.23237279480122133,0.18363341918483914,0.1511847951921584,0.10879576045376636,0.08474971850921609,1228.4053494171376,1277.7051150880218,962.2498163347778,914.3182361046831,899.3942739201539,925.8774315079363,2.332e-4,1.819e-4,1.908e-4,1.654e-4,1.21e-4,9.153e-5
ARG,ARG.16_1,POTA,3.2519679734716433,2.682126894009897,2.3329703031887368,2.1465171513214605,1.8190403762811618,1.600861222086755,15591.882665099516,16217.633897884405,12213.628211505495,11605.243059767881,11415.816444693328,11751.96141988899,2.086e-4,1.654e-4,1.91e-4,1.85e-4,1.593e-4,1.362e-4
ARG,ARG.17_1,POTA,3.0527659537832275,2.7570561969243297,2.6061786121973505,2.3018965616867892,2.0355276844303254,1.8720732291081432,14258.478473715524,14830.716007450668,11169.129391252009,10612.772806476265,10439.54579012403,10746.943940547733,2.141e-4,1.859e-4,2.333e-4,2.169e-4,1.95e-4,1.742e-4
ARG,ARG.18_1,POTA,0.041658604366325284,0.03654128409810967,0.031210988278711937,0.0258608647615699,0.02058995052746223,0.015454922033839344,106.67610104883686,110.95734810371707,83.56285544528043,79.40042315167136,78.10440950373238,80.40423667093499,3.905e-4,3.293e-4,3.735e-4,3.257e-4,2.636e-4,1.922e-4
ARG,ARG.19_1,POTA,0.9762916677688488,0.8434982773656948,0.7122846704734619,0.5858134792087728,0.4890356690685344,0.37849419183645744,11570.248392739852,12034.598808330806,9063.351438630878,8611.887848552997,8471.320283000801,8720.762954070336,8.438e-5,7.009e-5,7.859e-5,6.802e-5,5.773e-5,4.34e-5
ARG,ARG.1_1,POTA,14.18141886422135,11.567978451549592,9.20113967964951,7.028568260829911,5.050408079859297,3.2361712649260714,27024.389000777093,28108.962627690464,21169.08182213307,20114.607686071507,19786.286941051167,20368.905010046634,5.248e-4,4.115e-4,4.346e-4,3.494e-4,2.552e-4,1.589e-4
ARG,ARG.20_1,POTA,0.00902782199375695,0.008247516185646484,0.007467210377536007,0.00668690456942554,0.005906598761315074,0.005126292953204598,0.21509667139573974,0.2237291765386298,0.168492210362793,0.16009927771468696,0.15748605676815552,0.16212332006881092,0.04197,0.03686,0.04432,0.04177,0.03751,0.03162
ARG,ARG.21_1,POTA,0.27178028743417604,0.2280726863126364,0.19236029445854672,0.1624232018199317,0.13257482039144444,0.10692720269397236,3207.909682814614,3336.6531759385734,2512.859867120873,2387.6893113221017,2348.716245289439,2417.8754830749654,8.472e-5,6.835e-5,7.655e-5,6.803e-5,5.645e-5,4.422e-5
ARG,ARG.22_1,POTA,8.915468111086511,6.789009073570633,4.720058460673706,3.0259587846871225,2.035208352629705,1.5346325022703016,4797.343684496757,4989.87615726774,3757.9151551986956,3570.72591525123,3512.4427306594416,3615.868532948208,0.001858,0.001361,0.001256,8.474e-4,5.794e-4,4.244e-4
ARG,ARG.24_1,POTA,29.667322994704115,27.47818859655101,24.92133495213306,21.615275587937592,18.09091582044767,15.034141788916848,246472.02752440184,256363.72427348082,193069.5460822838,183452.3673819749,180457.96555845326,185771.64931032405,1.204e-4,1.072e-4,1.291e-4,1.178e-4,1.003e-4,8.093e-5
ARG,ARG.2_1,POTA,23.088513426753575,15.786124331778886,9.544033682886983,4.791889644591186,1.8578562166774741,0.6976324939706026,13439.861718842682,13979.245590544655,10527.880293469487,10003.465603673689,9840.184005988951,10129.933620012529,0.001718,0.001129,9.065e-4,4.79e-4,1.888e-4,6.887e-5
ARG,ARG.3_1,POTA,0.6361723036317686,0.6225847550149344,0.6037025951107678,0.5812753381274989,0.5469287504154334,0.4914345791837224,645.8665063100507,671.7864299782831,505.90305021063784,480.70484668775794,472.8566436986756,486.7809480875002,9.85e-4,9.268e-4,0.001193,0.001209,0.001157,0.00101
ARG,ARG.4_1,POTA,7.110640934139903,7.110584711513911,6.548860568366608,6.37789781894012,6.010789201798488,5.4463281348038155,2886.687927646703,3002.5397826272097,2261.2364310460307,2148.5997398521217,2113.529214075612,2175.7632407597926,0.002463,0.002368,0.002896,0.002968,0.002844,0.002503
ARG,ARG.6_1,POTA,14.669492180514007,11.9811277941729,9.623465866258755,7.519667005080733,5.677508491429716,4.124284410880757,174341.4337766143,181338.30320248523,136567.30875576934,129764.619053662,127646.53566521587,131405.15790418346,8.414e-5,6.607e-5,7.047e-5,5.795e-5,4.448e-5,3.139e-5
ARG,ARG.7_1,POTA,0.05000792248539886,0.0497831971913494,0.0523743579605089,0.14033569573505028,0.16634380472709584,0.15860250044120613,204.98190958619324,212.71238313932292,190.45993377705773,192.94598563403795,191.5840568191566,193.09899292303245,2.44e-4,2.34e-4,2.75e-4,7.273e-4,8.683e-4,8.214e-4
ARG,ARG.8_1,POTA,0.06862186976697332,0.059956535381895625,0.05433441537742135,0.046084947062682624,0.04093613343000613,0.03187391062134032,206.7094880211948,216.11292599366013,164.160872221763,154.74087331605497,152.19232345983772,156.71122889207962,3.32e-4,2.774e-4,3.31e-4,2.978e-4,2.69e-4,2.034e-4
ARG,ARG.9_1,POTA,1.0215037395301805,0.8645975684300254,0.7294157337921429,0.6115943968393007,0.4954476475337119,0.3928200418281293,712.3365660124757,740.9130542339556,557.5880254179992,529.8432336346884,521.164090020173,536.522728690837,0.001434,0.001167,0.001308,0.001154,9.507e-4,7.322e-4
ARM,ARM.10_1,POTA,0.009246091299494668,0.00589686101883696,0.0025880722493370253,7.418926692713554e-4,5.153567628997289e-4,2.8475751978298885e-4,4.843413305408533,4.0384190156846715,3.892598629842061,4.038145521051612,3.7407223124720286,3.89279559121112,0.001909,0.00146,6.649e-4,1.837e-4,1.378e-4,7.315e-5
ARM,ARM.11_1,POTA,0,0,0,0,0,0,0.33940117636168554,0.2829908077068071,0.27277235028370717,0.2829717893299931,0.2621298994966975,0.2727864057956849,0,0,0,0,0,0
ARM,ARM.1_1,POTA,0.005298765778235978,0.0017662552594119895,0,0,0,0,393.492281484807,328.0916694440499,316.24467419266614,328.0696200670769,303.9061128309709,316.26096976221856,1.347e-5,5.383e-6,0,0,0,0
ARM,ARM.2_1,POTA,5.300451961384738e-4,4.6067405062646114e-4,3.913029051144485e-4,3.480900330034661e-4,2.7737743757345196e-4,2.0666484214343784e-4,82.12409936196849,68.4746159685412,66.00208001054433,68.47001413691554,63.426951381774195,66.00548098951154,6.454e-6,6.728e-6,5.929e-6,5.084e-6,4.373e-6,3.131e-6
ARM,ARM.3_1,POTA,1.9270700113157836e-4,3.882546090284453e-5,0,0,0,0,298.0262149819847,248.4925956935347,239.5198271798637,248.47589576657,230.17475253933105,239.53216924384614,6.466e-7,1.562e-7,0,0,0,0
ARM,ARM.4_1,POTA,2.322745224755511e-4,1.6591037319682226e-4,9.954622391809336e-5,3.318207463936445e-5,0,0,0.7319264951182469,0.6102762290216608,0.5882398889966212,0.6102352154517213,0.5652891974654184,0.5882702000336343,3.173e-4,2.719e-4,1.692e-4,5.438e-5,0,0
ARM,ARM.5_1,POTA,0.06277777978145922,0.02831212387801951,0.009532739072631554,0.00107797780995374,0.0010320889516607556,8.167321497494088e-4,261.61801104784803,252.84895592192188,252.65373027310918,243.7702263191861,228.9761430395222,237.00288867743572,2.4e-4,1.12e-4,3.773e-5,4.422e-6,4.507e-6,3.446e-6
ARM,ARM.6_1,POTA,0,0,0,0,0,0,0.39264410057309895,0.32738446093093043,0.3155630021276706,0.3273624590818546,0.3032510367952175,0.31557926257177926,0,0,0,0,0,0
ARM,ARM.7_1,POTA,0.17124397827460233,0.14167853453154447,0.11451361607125854,0.09407829998269034,0.08153147169705303,0.07249910764521786,146.77973570604877,122.38412490999102,117.96498147635782,122.37590009370653,113.36247499559877,117.97106001844018,0.001167,0.001158,9.707e-4,7.688e-4,7.192e-4,6.145e-4
ARM,ARM.8_1,POTA,0,0,0,0,0,0,0.050369743963242244,0.04199801155949124,0.040481513916146766,0.041995189086154565,0.03890209239784352,0.04048359986218615,0,0,0,0,0,0
ARM,ARM.9_1,POTA,0.01074906090734725,0.004257933791935,7.435997420554119e-4,4.409128748903765e-4,3.730801249072416e-4,3.052473749241068e-4,0.6785601924484898,0.5657797035271624,0.5453500794761358,0.5657416803430081,0.5240727712134762,0.5453781804715857,0.01584,0.007526,0.001364,7.794e-4,7.119e-4,5.597e-4
AUS,AUS.10_1,POTA,74.6590112657917,67.42062933584882,61.012069030807616,54.48465190331614,48.941153317785194,44.75027192627615,57940.99243238408,78507.56686981939,78673.03106262434,78721.94389230231,82337.29614797038,80181.98561628792,0.001289,8.588e-4,7.755e-4,6.921e-4,5.944e-4,5.581e-4
AUS,AUS.11_1,POTA,28.12171831899819,24.879359730412872,22.043956086251285,21.35010067922476,19.517506530339343,17.829678574936736,17809.232020289783,24130.747766611894,24181.606236185955,24196.64049597224,25307.885651660737,24645.411232029408,0.0015790000000000001,0.001031,9.116e-4,8.824e-4,7.712e-4,7.234e-4
AUS,AUS.5_1,POTA,22.514385155287755,21.336907378397445,21.910055500420164,21.989574602129775,21.424720396309556,21.271115270708695,7977.781425745013,10809.552657997314,10832.335097658244,10839.06980908972,11336.860558988468,11040.100085884134,0.002822,0.001974,0.002023,0.002029,0.00189,0.001927
AUS,AUS.7_1,POTA,5.183365347253581,4.65010510084241,3.9682019338392855,3.678545530142092,3.396283913089998,3.2717635627240327,30134.513899648675,40830.97761618416,40917.03384008805,40942.47289944696,42822.78040242414,41701.82557496173,1.72e-4,1.139e-4,9.698e-5,8.985e-5,7.931e-5,7.846e-5
AUS,AUS.8_1,POTA,5.676959407919897,4.506243857019866,3.48059637528769,2.641172120319495,2.0877888277786343,1.821827153775705,20536.016626594424,27825.42429582176,27884.06974305868,27901.405909412624,29182.79462777187,28418.888262761688,2.764e-4,1.619e-4,1.248e-4,9.466e-5,7.154e-5,6.411e-5
AUS,AUS.9_1,POTA,214.01558483723,171.16668916199308,134.38411660515231,109.67910655930434,97.9242022826559,88.93615374124613,137557.11906860364,186384.0136376786,186776.84048989075,186892.96393986177,195476.13484926996,190359.23410266222,0.001556,9.184e-4,7.195e-4,5.869e-4,5.01e-4,4.672e-4
AUT,AUT.1_1,POTA,0.048106828525603156,0.04451730029496194,0.0409277720643207,0.0373972927055093,0.03380473632759477,0.030212179949680236,299.3695015692655,260.11619081334385,231.86733113639792,200.82376261696317,234.4652512023075,225.5673486673026,1.607e-4,1.711e-4,1.765e-4,1.862e-4,1.442e-4,1.339e-4
AUT,AUT.2_1,POTA,0.21190333787176016,0.17617703926039427,0.13979879110638324,0.10581918685465509,0.07535747899240333,0.05697699823408249,65.90306824652892,57.25872579967133,51.04923127265583,44.191783021783785,51.60121940480456,49.647561063822074,0.003215,0.003077,0.002739,0.002395,0.00146,0.001148
AUT,AUT.3_1,POTA,0.27683789689077637,0.2533405026415977,0.22900432523457603,0.20778761148316388,0.1820614049734571,0.1595582478113214,4006.0047332713375,3485.587828646756,3110.6696780397665,2695.926060127129,3148.4580537266374,3027.865285570991,6.911e-5,7.268e-5,7.362e-5,7.707e-5,5.783e-5,5.27e-5
AUT,AUT.4_1,POTA,0.022215202217296143,0.019156625030657626,0.016322954872186848,0.013814522370018742,0.011546019040055618,0.009361121245499175,98.09407813251023,86.96975000544298,79.00218720581286,68.55976491762176,79.67856448773531,76.41576939444481,2.265e-4,2.203e-4,2.066e-4,2.015e-4,1.449e-4,1.225e-4
AUT,AUT.5_1,POTA,0.026068946977403553,0.021533814953142792,0.016781325411345204,0.012566330117713433,0.008941967225217373,0.006454105794876193,9.837258790100453,8.54692988762986,7.620047327481665,6.596445621545873,7.702441823663523,7.410821976529996,0.00265,0.002519,0.002202,0.001905,0.001161,8.709e-4
AUT,AUT.6_1,POTA,0.1201377520891176,0.10186858801497178,0.08395906612356124,0.0671827089614856,0.05119987366637976,0.0377437962808686,98.84145576413152,85.87666650159093,76.56366340568506,66.27885898037533,77.3915354911244,74.46143770317174,0.001215,0.001186,0.001097,0.001014,6.616e-4,5.069e-4
AUT,AUT.7_1,POTA,0.14971665158045408,0.1253404916273583,0.10298586206184801,0.08243466454021364,0.06211143950299067,0.04280132539649629,28.553720792714735,24.808399865609275,22.11802174353103,19.146905710307443,22.357180790683547,21.510722252757876,0.005243,0.005052,0.004656,0.004305,0.002778,0.00199
AUT,AUT.8_1,POTA,0.08294579426911133,0.07169165892912194,0.06043752358913251,0.04918338824914311,0.03794656468418891,0.026691541560864358,49.03967024097758,39.26971752143012,38.13048576393796,34.18943092124496,37.91051991546311,36.86575715589548,0.001691,0.001826,0.001585,0.001439,0.001001,7.24e-4
AUT,AUT.9_1,POTA,0.01681317110834954,0.0155076622191785,0.01420448497083865,0.01290363936332998,0.01160279375582132,0.01030194814831265,12.978970571495347,11.276551105864446,10.053651339976224,8.703143368015326,10.162360052841812,9.77760597706016,0.001295,0.001375,0.001413,0.001483,0.001142,0.001054
AZE,AZE.10_1,POTA,0.11557962830602417,0.05049196481597209,0.020523151550651285,0.008082253010517395,0.0018928076073159129,3.3202367830511794e-4,54.24455224965922,55.51597624966455,56.159171704045995,52.82683102940237,49.87253941419481,51.52013483581157,0.002131,9.095e-4,3.654e-4,1.53e-4,3.795e-5,6.445e-6
AZE,AZE.1_1,POTA,0.37369548033252814,0.2847886237734873,0.21931061456476655,0.17065498735730264,0.12817115484044125,0.09086076718772361,7.369469634849114,7.5422007234556485,7.62958294293681,7.1768631324435255,6.775503706513373,6.999340090566065,0.05071,0.03776,0.02874,0.02378,0.01892,0.01298
AZE,AZE.2_1,POTA,0.4973472612543919,0.3771256115027579,0.2868396694951746,0.21576134901468555,0.15881125951262434,0.11471661503371149,2120.621142023281,2153.5383442436737,2170.19069219292,2083.9163007593593,2007.4296098400519,2050.085900479936,2.345e-4,1.751e-4,1.322e-4,1.035e-4,7.911e-5,5.596e-5
AZE,AZE.3_1,POTA,0.030987400722830235,0.02717409328439596,0.02344038941378859,0.01995831825205076,0.016452057532641,0.012854478957547962,88.22300931705202,90.29084556505235,91.33693473366442,85.917236161288,81.11239427607579,83.79203343252104,3.512e-4,3.01e-4,2.566e-4,2.323e-4,2.028e-4,1.534e-4
AZE,AZE.4_1,POTA,1.8702650208958558,1.190365490309479,0.6815913311804034,0.3635012533743099,0.2213617639156504,0.09055802699134476,2663.1810650664397,2723.5823198433814,2754.713465643386,2592.0840552116,2446.9666781461515,2527.8676495866835,7.023e-4,4.371e-4,2.474e-4,1.402e-4,9.046e-5,3.582e-5
AZE,AZE.5_1,POTA,7.393052382623936e-4,6.68895215570737e-4,5.984851928790805e-4,5.28621031558652e-4,4.5953282330552496e-4,3.8902558683435095e-4,29.4529865428063,24.679103387175118,23.814479964604672,24.676570575260115,22.911592646413947,23.81407698096669,2.51e-5,2.71e-5,2.513e-5,2.142e-5,2.006e-5,1.634e-5
AZE,AZE.6_1,POTA,2.1882463378713957,1.9962649218848607,1.8141534713818208,1.623236273980323,1.4337024175320314,1.2434019518646506,23141.789101339353,23683.84516328545,23958.06367344585,22537.361010012923,21277.834936277435,21980.267080014106,9.456e-5,8.429e-5,7.572e-5,7.202e-5,6.738e-5,5.657e-5
AZE,AZE.7_1,POTA,0,0,0,0,0,0,60.166453985227164,61.57667990505702,62.290093291371626,58.59395951297351,55.31714657686075,57.1446107186004,0,0,0,0,0,0
AZE,AZE.8_1,POTA,1.8375608084078774,1.60242341541626,1.3766317314643721,1.1888926762024077,0.974862370060158,0.7602201015407152,4000.552255677376,4094.3201630560493,4141.756023785885,3895.9948837312218,3678.114976994198,3799.6256413288643,4.593e-4,3.914e-4,3.324e-4,3.052e-4,2.65e-4,2.001e-4
AZE,AZE.9_1,POTA,0.07023253767719523,0.07486305996495438,0.06846028226173083,0.07284338396655837,0.07029485621801347,0.06451403746284422,815.7022850604833,834.8213194901867,844.4933691268903,794.3833066381015,749.9581557000187,774.7338667075036,8.61e-5,8.968e-5,8.107e-5,9.17e-5,9.373e-5,8.327e-5
BDI,BDI.10_1,POTA,0.0022127781260852897,0.0019466937521179525,0.0016907384942851037,0.001440061482962804,0.001193233756763914,9.511671736177903e-4,38.76227885925515,42.36342533632273,40.99655977673234,39.055417304489666,37.355124563848555,38.53157121350237,5.709e-5,4.595e-5,4.124e-5,3.687e-5,3.194e-5,2.469e-5
BDI,BDI.11_1,POTA,0.39169638660623246,0.3718060919163281,0.3507859727040818,0.3263807350138549,0.30207100121848307,0.27139131091098617,1564.5227710302534,1641.7167634000616,1663.0215779165144,1688.2096783666896,1696.0361573402483,1669.6037029743068,2.504e-4,2.265e-4,2.109e-4,1.933e-4,1.781e-4,1.625e-4
BDI,BDI.12_1,POTA,1.6012019222808933,1.6317121197465585,1.5623216260813644,1.4763354521827698,1.383485445942508,1.267156600508913,1939.2165592181414,2137.715327487976,2294.7424867196546,2271.103290039518,2278.3824818484286,2253.988935007014,8.257e-4,7.633e-4,6.808e-4,6.501e-4,6.072e-4,5.622e-4
BDI,BDI.13_1,POTA,0.011905714554733408,0.012232703704002245,0.01319145014302384,0.013140403878727744,0.012465913264158116,0.01136431986079315,263.33686318700364,290.2807956760106,311.5900137051222,308.3859493803492,309.374697070631,306.0612431904953,4.521e-5,4.214e-5,4.234e-5,4.261e-5,4.029e-5,3.713e-5
BDI,BDI.14_1,POTA,1.3626279215585289,1.403515421893517,1.3658968152214204,1.3305798421449773,1.263086170570937,1.1659360948555897,2639.758701550153,2909.9651662673,3123.718399752811,3091.53954131773,3101.448341769378,3068.242624114895,5.162e-4,4.823e-4,4.373e-4,4.304e-4,4.073e-4,3.8e-4
BDI,BDI.15_1,POTA,0.16931118843740475,0.19569640591954218,0.210725015360119,0.203813906443645,0.1926378968977399,0.17783125544208364,1598.5586877971496,1762.1561103140625,1891.2113910228954,1871.598608630236,1877.4404319221962,1857.4750723592188,1.059e-4,1.111e-4,1.114e-4,1.089e-4,1.026e-4,9.574e-5
BDI,BDI.16_1,POTA,0.22431749747264842,0.20895023160037937,0.18708685886690316,0.17432076263300114,0.1566681703618534,0.13848161415520419,1388.5957823157255,1530.7328484954257,1643.1737463320455,1626.2466586113196,1631.458998097837,1613.9917502555604,1.615e-4,1.365e-4,1.139e-4,1.072e-4,9.603e-5,8.58e-5
BDI,BDI.17_1,POTA,0.15870318987024462,0.14974724743442633,0.14159808982413064,0.13582170712171324,0.12814930443856992,0.11993720447108701,1039.1219005473158,1145.4867190408286,1229.6291317913442,1216.9621571489768,1220.8626847053079,1207.7914943658643,1.527e-4,1.307e-4,1.152e-4,1.116e-4,1.05e-4,9.93e-5
BDI,BDI.1_1,POTA,0.9726297542003965,0.9798813881200759,0.9098401876726371,0.8416436524100688,0.7683210152707801,0.690810221369617,845.7904700264008,932.3658273357953,1000.8533173905519,990.5430675238736,993.7178914145861,983.0786312708248,0.00115,0.001051,9.091e-4,8.497e-4,7.732e-4,7.027e-4
BDI,BDI.3_1,POTA,11.235105442447443,11.45888134814035,11.040940495809142,10.676516474452777,10.127604053533828,9.45085424135709,3849.0239744307455,4243.011182478108,4554.684109179583,4507.764215511383,4522.212206713703,4473.795052802919,0.002919,0.002701,0.002424,0.002368,0.00224,0.002112
BDI,BDI.4_1,POTA,4.426942256579581,4.582459028653516,4.520683407675461,4.408251475593849,4.180457374019189,3.8567867305519763,8142.03306021349,8975.453920809003,9634.751262169995,9535.499262710913,9566.061821636093,9463.642592646658,5.437e-4,5.106e-4,4.692e-4,4.623e-4,4.37e-4,4.075e-4
BDI,BDI.5_1,POTA,0.07505620014103444,0.0649407416031711,0.05756769017550126,0.05168145719324444,0.0476191694728273,0.04298167445729486,485.8724574824353,535.6065028566076,574.949799191774,569.0269771483611,570.8507852196511,564.7389600631407,1.545e-4,1.212e-4,1.001e-4,9.082e-5,8.342e-5,7.611e-5
BDI,BDI.6_1,POTA,1.0654771948846526,0.9767800636928858,0.8777962341646123,0.7725533130594721,0.6644511512254909,0.5534891297349693,504.0412651898278,551.5598282170231,542.2844605862455,519.8131477355378,501.18511239192304,513.3441940104765,0.002114,0.001771,0.001619,0.001486,0.001326,0.001078
BDI,BDI.7_1,POTA,0.295581248499131,0.31509749903584683,0.3021048169089391,0.2888372518716056,0.270605862397562,0.2486313509448701,2370.4232661537103,2613.0604777498093,2805.004399583308,2776.1087604978147,2785.006562829698,2755.188835303581,1.247e-4,1.206e-4,1.077e-4,1.04e-4,9.717e-5,9.024e-5
BDI,BDI.8_1,POTA,0.08517651458358255,0.08820193916571949,0.0879292337582914,0.08660690778383974,0.08129855627062653,0.07440306726795211,999.7842753593212,1102.1224831530856,1183.079549994281,1170.892103981312,1174.6449708147138,1162.0686113378122,8.519e-5,8.003e-5,7.432e-5,7.397e-5,6.921e-5,6.403e-5
BDI,BDI.9_1,POTA,2.8564719830216454,2.816407618239522,2.706441858071988,2.522174021327756,2.3315525445092153,2.1000990456052,3700.6192999709265,4075.2066397622057,4323.127188136097,4261.1529878323045,4253.849768035104,4226.406587052577,7.719e-4,6.911e-4,6.26e-4,5.919e-4,5.481e-4,4.969e-4
BEL,BEL.2_1,POTA,4.423313859255292,4.0681843430589035,3.65717929260173,3.2152687200910584,2.7536663280330944,2.2914265138254333,77541.73692106742,76525.90455820042,71275.07878018834,79188.44301127992,78424.89619131477,78055.95204007732,5.704e-5,5.316e-5,5.131e-5,4.06e-5,3.511e-5,2.936e-5
BEL,BEL.3_1,POTA,4.555317808540507,4.228661166605533,3.8873836016690415,3.4738448324904025,3.081766114606911,2.7155236638484612,51171.60147979027,50427.73746338964,46596.72466670622,52358.84363783696,51818.57033533498,51545.56464368879,8.902e-5,8.386e-5,8.343e-5,6.635e-5,5.947e-5,5.268e-5
BEN,BEN.1_1,POTA,0.25356423201966694,0.23386711003975622,0.2083383505495028,0.18244519058690495,0.15460185493525688,0.1262800095356545,86.29557594388945,124.13829423675335,156.56380978629156,169.567007056525,183.79482083686332,172.92180342583185,0.002938,0.001884,0.001331,0.001076,8.412e-4,7.303e-4
BEN,BEN.2_1,POTA,0.010694533378431383,0.010883263512586295,0.010683304116667909,0.010353187875344219,0.009842873917447094,0.008997059724110988,28.229093907513708,69.85223950576751,123.5313741634446,113.40863947435199,181.49320426650695,146.3777121044306,3.788e-4,1.558e-4,8.648e-5,9.129e-5,5.423e-5,6.146e-5
BEN,BEN.4_1,POTA,1.8656555728026565,1.632827505634246,1.4005368133217273,1.1606728313796937,0.9169461701252561,0.6705037322169387,151.9719798609414,150.31534421703455,151.77455204583322,152.22304271468144,153.1791916512695,152.48897477621648,0.01228,0.01086,0.009228,0.007625,0.005986,0.004397
BEN,BEN.5_1,POTA,0,0,0,0,0,0,0.40716638761634005,0.7050148780452512,1.0939526532974704,1.0215771081184615,1.51369200354315,1.259613306167806,0,0,0,0,0,0
BEN,BEN.6_1,POTA,4.075613023126933e-4,4.423127620735302e-4,4.648082798427452e-4,4.426123763968022e-4,4.3110663364161574e-4,3.955191258495217e-4,6.55985387896227,16.23220659428061,28.70612024015132,26.35380738754943,42.175243169815126,34.015133666273705,6.213e-5,2.725e-5,1.619e-5,1.68e-5,1.022e-5,1.163e-5
BFA,BFA.10_1,POTA,2.416622226670245e-5,2.0860217510716805e-5,1.755421275473116e-5,1.4248207998745514e-5,1.094220324275987e-5,7.741000720639207e-6,0.7828770631588816,0.788202703665709,0.8192693393825686,0.7967828756315736,0.801418306226617,0.8048033847392909,3.087e-5,2.647e-5,2.143e-5,1.788e-5,1.365e-5,9.618e-6
BFA,BFA.11_1,POTA,0,0,0,0,0,0,1.3240099902075861,1.3330167699015043,1.3855569936312602,1.3475276477073577,1.3553671370800406,1.361092017753301,0,0,0,0,0,0
BFA,BFA.13_1,POTA,0.3123698425623552,0.29973472498700193,0.2804078894676919,0.2596783784145567,0.2376012681333699,0.21186675521017645,1263.2816854952664,1271.8753516433849,1322.005715372149,1285.7206596910376,1293.2005755688572,1298.6628734062338,2.473e-4,2.357e-4,2.121e-4,2.02e-4,1.837e-4,1.631e-4
BFA,BFA.1_1,POTA,0.022158526723598387,0.02048715352828545,0.018850084281740745,0.017202888664882742,0.015412485392321498,0.013583529880161083,201.58302354604461,202.8704473128672,211.3924072022753,205.14320690803217,206.3842410514379,207.34831458276406,1.099e-4,1.01e-4,8.917e-5,8.386e-5,7.468e-5,6.551e-5
BFA,BFA.2_1,POTA,0.8456982325615161,0.8184414084858448,0.7854232134699831,0.737943552892286,0.6853752746312102,0.6170232426140653,4538.988940433421,4569.639565406805,4751.170189619213,4619.557327387617,4646.560947388479,4666.436757481366,1.863e-4,1.791e-4,1.653e-4,1.597e-4,1.475e-4,1.322e-4
BFA,BFA.3_1,POTA,1.2328603635177227e-4,1.1834015540179532e-4,1.1156210946410274e-4,1.299510816633094e-4,1.7283504506257147e-4,1.5970364673816953e-4,5.816626450642659,5.856194938335522,6.087014084210143,5.91994397066294,5.954384331069535,5.979534815278222,2.12e-5,2.021e-5,1.833e-5,2.195e-5,2.903e-5,2.671e-5
BFA,BFA.4_1,POTA,0,0,0,0,0,0,1.772126247860954,1.7841814066757236,1.8545040705744973,1.8036035467120108,1.8140963413207438,1.821758829807984,0,0,0,0,0,0
BFA,BFA.5_1,POTA,0.052207515332958566,0.04862350739529461,0.0454122628342902,0.04319192550781665,0.04015941783616989,0.03554151107972529,462.6221001798742,465.76915750472466,484.12722793134515,470.8394007926509,473.57859540957355,475.57892496896585,1.129e-4,1.044e-4,9.38e-5,9.173e-5,8.48e-5,7.473e-5
BFA,BFA.6_1,POTA,0.003245143826484984,0.0029613897413729756,0.002679880765730321,0.002399816181627172,0.00212180389566479,0.0018411118234799863,49.39012189654311,49.72610572617282,51.68603659805198,50.26741132730696,50.55985121717725,50.77340893682192,6.57e-5,5.955e-5,5.185e-5,4.774e-5,4.197e-5,3.626e-5
BFA,BFA.7_1,POTA,0,0,0,0,0,0,1.2628745841412856,1.271465480920415,1.321579689789037,1.2853063272207654,1.2927838326434056,1.2982443702171207,0,0,0,0,0,0
BFA,BFA.8_1,POTA,0.002521152856640976,0.002448229810496891,0.0023532760003248266,0.0022292680221589717,0.0021802930450832876,0.001980105603036374,32.125992870185435,32.755144187793434,34.07119503360351,33.66601022742949,33.23883947257305,33.59617281302542,7.848e-5,7.474e-5,6.907e-5,6.622e-5,6.559e-5,5.894e-5
BFA,BFA.9_1,POTA,0.42557688035783947,0.40613267624527755,0.38815897589371606,0.3645565926580652,0.3386274636838841,0.30434168102090237,6113.689469944199,6154.856165778251,6400.096748397203,6222.180647158549,6258.619037032536,6285.519800066942,6.961e-5,6.599e-5,6.065e-5,5.859e-5,5.411e-5,4.842e-5
BGD,BGD.1_1,POTA,0,0,0,0.0016090197307797541,0.002488464716970303,0.0023566196631591226,1633.0574294247288,1680.8696652738092,1724.661478975434,1773.4357668745995,1802.2422471146892,1773.3551356415428,0,0,0,9.073e-7,1.381e-6,1.329e-6
BGD,BGD.2_1,POTA,256.9991818842832,254.68852026106936,245.45817010134377,232.28487616065104,216.39159782129997,198.5111021824212,34188.57755127754,35407.32338766018,36356.99038899096,37507.16250836673,37907.002045874004,37369.72849512226,0.007517,0.007193,0.006751,0.006193,0.005708,0.005312
BGD,BGD.3_1,POTA,1.9632570521710093,1.891269063382563,1.7701779072266761,1.8498910952762169,1.8080947529233091,1.641190575051314,24192.601186235017,24900.905948135816,25549.650973887,26272.20786259531,26698.95567652439,26271.01336739303,8.115e-5,7.595e-5,6.928e-5,7.041e-5,6.772e-5,6.247e-5
BGD,BGD.4_1,POTA,0.04441107676130949,0.050227008280343835,0.0491270301192147,0.08206611553534643,0.12695078561727446,0.16063154002820773,9883.836495832416,10204.299630874828,10474.056110251957,10787.672066332876,10933.135504789094,10767.867807250082,4.493e-6,4.922e-6,4.69e-6,7.607e-6,1.161e-5,1.492e-5
BGD,BGD.5_1,POTA,1.1083232982661664,0.9524787843534362,0.8037842182666619,0.682537806034927,0.5525192444515533,0.41669773949603467,20776.579500304455,21467.994028514884,22037.737861190544,22707.5140029698,22996.77261664454,22654.838189008246,5.334e-5,4.437e-5,3.647e-5,3.006e-5,2.403e-5,1.839e-5
BGD,BGD.6_1,POTA,1.050120198375888,0.9410194148500091,0.834468340235478,0.7464990252960837,0.6775569472386713,0.5748281761566771,120233.36749914434,124520.33236424778,127860.74673657115,131906.0202244052,133314.43155324785,131423.61767574248,8.734e-6,7.557e-6,6.526e-6,5.659e-6,5.082e-6,4.374e-6
BGD,BGD.7_1,POTA,21.679910052038217,17.837592703960627,14.251213104262641,10.62952696835537,8.206278047385748,6.703765718993637,11442.615076033271,11855.953759284419,12174.671964732797,12562.829194012696,12691.898757537263,12513.595825911349,0.001895,0.001505,0.001171,8.461e-4,6.466e-4,5.357e-4
BGD,BGD.8_1,POTA,4.287252368985471,4.264437027520513,4.073936395075216,4.2560857759961905,3.981863565992596,4.172066329114858,10644.982573930052,10956.644764048964,11242.099129544913,11560.031937082504,11747.80412884645,11559.505648242028,4.027e-4,3.892e-4,3.624e-4,3.682e-4,3.389e-4,3.609e-4
BGR,BGR.10_1,POTA,4.7162607156943484e-4,6.341153961111832e-4,5.987329229245349e-4,5.633504497378864e-4,5.279679765512379e-4,4.925855033645895e-4,54.488866610581,48.25720542271596,45.77580798083456,40.5060367385396,36.635122583745286,39.39258005906303,8.655e-6,1.314e-5,1.308e-5,1.391e-5,1.441e-5,1.25e-5
BGR,BGR.11_1,POTA,0.018107936909831254,0.014778704191705787,0.012726430555797464,0.011329790603761323,0.010789176457892681,0.009870119095792194,271.3155916816856,275.98493400200164,242.93276162586739,168.20917772642954,160.73258730417123,168.69168583737846,6.674e-5,5.355e-5,5.239e-5,6.736e-5,6.713e-5,5.851e-5
BGR,BGR.12_1,POTA,0.001413582762099967,0.0012472938987525737,0.0010810050354051804,9.613275111122832e-4,8.882613258738821e-4,8.151951406354809e-4,371.7164932339526,378.1137354354001,332.8305376166951,230.455335377822,220.21201704922038,231.1163966233154,3.803e-6,3.299e-6,3.248e-6,4.171e-6,4.034e-6,3.527e-6
BGR,BGR.13_1,POTA,0.0050332693236261475,0.005814986848907065,0.005422718551577073,0.0050526424905876855,0.004659721725822703,0.004266290462733331,73.41351607580098,65.10306089651756,62.087735763927775,53.42137094865742,47.8314979224478,51.969554333288464,6.856e-5,8.932e-5,8.734e-5,9.458e-5,9.742e-5,8.209e-5
BGR,BGR.14_1,POTA,0.003328861924872827,0.0018389117394577042,0.001508397605631054,0.0012375227314329398,0.0010568818750830904,9.3862271555703e-4,373.71156909383507,380.1431465580923,334.6169048700116,231.6922346942697,221.39393845240767,232.3568439860747,8.908e-6,4.837e-6,4.508e-6,5.341e-6,4.774e-6,4.04e-6
BGR,BGR.15_1,POTA,3.326249439812633e-5,4.763172528024816e-5,4.5033208383614584e-5,4.243469148698101e-5,3.9836174590347424e-5,3.723765769371384e-5,1.9720758149883393,2.006015246941812,1.7657732860143602,1.2226398387105994,1.168295733165764,1.2261469817031572,1.687e-5,2.374e-5,2.55e-5,3.471e-5,3.41e-5,3.037e-5
BGR,BGR.16_1,POTA,0.012073560453645977,0.011007229535741306,0.015674843530472677,0.014696457854544293,0.014545416136026782,0.01355436025752232,64.6746528833366,56.75043919438477,54.46741922005173,47.560294979951344,42.41116548334696,46.18163262299861,1.867e-4,1.94e-4,2.878e-4,3.09e-4,3.43e-4,2.935e-4
BGR,BGR.17_1,POTA,8.634853627048027e-7,7.618988494454142e-7,6.603123361860256e-7,5.58725822926637e-7,9.316582609497912e-7,8.05737442496426e-7,4.8193988871653595,4.902340759554053,4.315232581286053,2.9879120433920736,2.8551048157002086,2.996482870592022,1.792e-7,1.554e-7,1.53e-7,1.87e-7,3.263e-7,2.689e-7
BGR,BGR.18_1,POTA,0.00956879645666277,0.008912258583580466,0.009227393096686414,0.00852158023063171,0.007816416290104468,0.007111901275104674,19.566432121459037,17.585075243607843,16.636792996593204,14.04515275214961,12.642340131330139,13.696814751159057,4.89e-4,5.068e-4,5.546e-4,6.067e-4,6.183e-4,5.192e-4
BGR,BGR.19_1,POTA,0.006474910476188185,0.006111569173075127,0.005683615703162142,0.0052588813978187675,0.004840046773873697,0.004478252193510915,19.22638150865576,19.55726760439564,17.215073881378924,11.919896693662523,11.390079078127371,11.95408892332623,3.368e-4,3.125e-4,3.302e-4,4.412e-4,4.249e-4,3.746e-4
BGR,BGR.1_1,POTA,0.250235193394069,0.1708358314398099,0.09155557033195504,0.02885289544866927,0.0031072776712037756,3.810643914284227e-4,37.93238106976377,38.284284811104115,34.38510594326659,24.658683729089166,24.006535808561555,24.927650283919284,0.0065970000000000004,0.004462,0.002663,0.00117,1.294e-4,1.529e-5
BGR,BGR.20_1,POTA,0,0,0,0,0,0,6.114705951678523e-4,6.219940063361859e-4,5.475035158002176e-4,3.790971443238949e-4,3.622469693413669e-4,3.801845846731447e-4,0,0,0,0,0,0
BGR,BGR.21_1,POTA,0.08241015261504094,0.06449038882043956,0.04663779877976006,0.029719145073768462,0.017206576293888064,0.01152167152946332,374.8984367624865,381.0590160946549,335.3461400961011,233.30099462524078,223.0988430089371,233.89955722090284,2.198e-4,1.692e-4,1.391e-4,1.274e-4,7.713e-5,4.926e-5
BGR,BGR.22_1,POTA,0.0023529614538055996,0.0021679284594437074,0.0020453994256239174,0.0019873540548175344,0.0017947352402610639,0.0016092253423208773,51.488924107022264,52.375048678302065,46.10257172812511,31.92190147413994,30.5030313146889,32.01346946458119,4.57e-5,4.139e-5,4.437e-5,6.226e-5,5.884e-5,5.027e-5
BGR,BGR.23_1,POTA,7.35890604544025e-5,6.969847070654249e-5,6.580788095868251e-5,6.191729121082252e-5,5.802670146296253e-5,5.413611171510254e-5,2.9703551149441236,3.021474937283151,2.659620726587259,1.8415491286119552,1.7596956366491627,1.846831613214022,2.477e-5,2.307e-5,2.474e-5,3.362e-5,3.298e-5,2.931e-5
BGR,BGR.24_1,POTA,5.168197525237562e-4,5.163462205767114e-4,7.761225890750974e-4,7.286739216597955e-4,6.801021920809704e-4,6.315304625021454e-4,4.443975670649781,4.520456508115859,3.9790830876233496,2.7551586282341805,2.632696864315687,2.76306180214563,1.163e-4,1.142e-4,1.951e-4,2.645e-4,2.583e-4,2.286e-4
BGR,BGR.25_1,POTA,8.3305623216283365e-05,5.182760903071879e-5,2.034959484515421e-5,3.4579408142789436e-6,1.1526469380929811e-6,0,2.5157524480764377,2.55904855686411,2.25257489254533,1.5597063479885325,1.4903802523466403,1.5641803664325613,3.311e-5,2.025e-5,9.034e-6,2.217e-6,7.734e-7,0
BGR,BGR.26_1,POTA,4.445238351093624e-6,0,0,0,0,0,62.5280320601446,57.74500443182819,49.32584120344804,56.19270014752162,57.01378107926284,54.93749096491448,7.109e-8,0,0,0,0,0
BGR,BGR.27_1,POTA,0.014801351383902992,0.013498724710590422,0.012197794300079388,0.01090989929623233,0.009611448802782026,0.008542367413166649,22.193810238432043,20.837742229403677,19.21021436636962,15.19500367540416,13.935899100029518,14.947212504514106,6.669e-4,6.478e-4,6.35e-4,7.18e-4,6.897e-4,5.715e-4
BGR,BGR.28_1,POTA,0.017119636290514127,0.01587984742836352,0.014804672187218705,0.013648812378958578,0.013672810196921608,0.012530985843500942,59.52716206825559,60.55162474410402,53.29991462472987,36.90541675775385,35.265038455035835,37.011279964293784,2.876e-4,2.623e-4,2.778e-4,3.698e-4,3.877e-4,3.386e-4
BGR,BGR.2_1,POTA,0.025476745778741094,0.01991130610371649,0.018738419042739762,0.014676376577132376,0.012197445244079369,0.010706396119239238,88.85499686273867,90.3841916821411,79.55970992425637,55.087972889892164,52.63941320927804,55.24599276784637,2.867e-4,2.203e-4,2.355e-4,2.664e-4,2.317e-4,1.938e-4
BGR,BGR.3_1,POTA,1.1812557871405961e-4,1.1580762568913996e-4,1.971253268380329e-4,4.7590537638936194e-4,4.483363471306179e-4,4.20767317871874e-4,22.67696031099741,21.64619516996169,19.763533943735407,15.232756116783168,14.078433744244222,15.03821595989624,5.209e-6,5.35e-6,9.974e-6,3.124e-5,3.185e-5,2.798e-5
BGR,BGR.4_1,POTA,7.990880689124441e-5,7.500043679916064e-5,7.009206670707684e-5,6.518369661499306e-5,6.084807962713356e-5,5.591033758098698e-5,0.6885250265981344,0.7003745448118288,0.6164971394502403,0.4268690488824497,0.4078955000810661,0.4280935229639639,1.161e-4,1.071e-4,1.137e-4,1.527e-4,1.492e-4,1.306e-4
BGR,BGR.5_1,POTA,0.004832638402618795,0.003167023520336602,0.0015014086380544093,5.561231714441973e-4,3.594529559329893e-4,3.3382790267906764e-4,47.538799524065645,48.35694243689598,42.565677044867385,29.472918708727644,28.16290135585733,29.557461790874015,1.017e-4,6.549e-5,3.527e-5,1.887e-5,1.276e-5,1.129e-5
BGR,BGR.6_1,POTA,0.030937191824879202,0.02071696750879749,0.014123578486797607,0.010493336145267231,0.007399442224974286,0.005595996000154922,121.11736019639025,119.48823765468283,107.88713761677488,76.53128878943069,74.9468075522104,77.80936777997181,2.554e-4,0.00017340000000000001,1.309e-4,1.371e-4,9.873e-5,7.192e-5
BGR,BGR.7_1,POTA,0.001457820966510075,0.0013177873653343764,0.0011777537641586777,0.0010377201629829791,9.188104469787133e-4,8.210246161458804e-4,0.8218792618423437,0.7725531472375635,0.7263311724857502,0.5341817373421958,0.541497149156843,0.5538063620890109,0.001774,0.001706,0.001622,0.001943,0.001697,0.001483
BGR,BGR.8_1,POTA,0.05810070739282146,0.05105635644581838,0.04401200549881527,0.036967654551812175,0.030107916809681282,0.02343279227242261,33.51304422735558,34.04125300347192,30.075092715585278,20.961463880771415,20.101383958397427,21.05357582496718,0.001734,0.0015,0.001463,0.001764,0.001498,0.001113
BGR,BGR.9_1,POTA,1.796678846534525e-4,1.566973120522286e-4,1.3372673945100463e-4,1.1845071609954462e-4,1.0582482898550433e-4,4.69523179647097e-4,4.847761633673323,4.9311916290326465,4.3406282479846245,3.0054962678688035,2.871907453547228,3.0141175354255116,3.706e-5,3.178e-5,3.081e-5,3.941e-5,3.685e-5,1.558e-4
BHR,BHR.4_1,POTA,0,0,0,0,0,0,0.21757792490176156,0.7977857246397925,0.7977857246397925,0.8703116996070462,0.5802077997380308,0.7241960353730192,0,0,0,0,0,0
BIH,BIH.1_1,POTA,0.011301706769902586,0.011568537856860335,0.010729783053308302,0.009759129671542452,0.008825694933379006,0.007929478838817948,271.14394585711034,208.7094548252044,175.8868073993279,175.97791138579137,237.84483640119834,208.24844308249112,4.168e-5,5.543e-5,6.1e-5,5.546e-5,3.711e-5,3.808e-5
BIH,BIH.2_1,POTA,0.2810495737763144,0.27903028809739355,0.26245877480924396,0.23944422666037918,0.214753895214085,0.191973314009329,1251.332937447828,962.187314307447,810.1778953581374,814.2442000793174,1094.6190692219868,959.5651978324407,2.246e-4,2.9e-4,3.24e-4,2.941e-4,1.962e-4,2.001e-4
BIH,BIH.3_1,POTA,0.611733314915741,0.6017929821893193,0.5730561789587717,0.5376295200288254,0.49593651306197856,0.452707895897555,3523.89015381877,2713.041674181098,2286.7625660428926,2285.917140572096,3092.8219751839597,2707.3238863715296,1.736e-4,2.218e-4,2.506e-4,2.352e-4,1.604e-4,1.672e-4
BLR,BLR.1_1,POTA,40.72238541721298,39.380754938146936,36.502578833648954,33.49051934105658,30.51538390865287,27.50775226743889,14540.36384719253,13353.847112638421,15124.826701113205,15757.523199318754,12199.582493223712,13327.8969840941,0.002801,0.002949,0.002413,0.002125,0.002501,0.002064
BLR,BLR.2_1,POTA,2.6353496634690163,2.3936730306195524,2.0813253735812425,1.7718158781787985,1.4833663442002945,1.1773131626059634,6753.470699587191,6207.568335295674,7019.1034200342465,7310.837695539263,5683.1814392782035,6199.239145049731,3.902e-4,3.856e-4,2.965e-4,2.424e-4,2.61e-4,1.899e-4
BLR,BLR.3_1,POTA,6.528742950364297,6.1653092455826375,5.75868302802838,5.262857062583343,4.769753498454711,4.27889405795103,10735.003728881105,9858.218393231653,11171.879326808854,11641.036087620765,9006.57183223002,9841.944594813036,6.082e-4,6.254e-4,5.155e-4,4.521e-4,5.296e-4,4.348e-4
BLR,BLR.4_1,POTA,3.368195875496611,3.1435485130487915,3.0580523111155737,2.829806874515404,2.589807781428398,2.3537519540194753,6055.839904409772,5562.006600880168,6298.205161745003,6561.511354872303,5086.172812862829,5553.957209213445,5.562e-4,5.652e-4,4.855e-4,4.313e-4,5.092e-4,4.238e-4
BLR,BLR.5_1,POTA,9.128783384465866,7.961333374912312,6.6587972436195555,5.489200565324073,4.146938445939663,2.8175076039464986,11738.347611472871,10779.613799130924,12216.055655266953,12729.06201108839,9848.3683494197885,10761.818975056218,7.777e-4,7.386e-4,5.451e-4,4.312e-4,4.211e-4,2.618e-4
BLR,BLR.6_1,POTA,39.90629095391599,36.016666933456115,32.15433760331478,28.29136464521089,24.430439850546456,20.571486133039045,3998.3850551982173,3669.867652682595,4158.888389837611,4334.295515061025,3354.7758252256745,3664.9429175442897,0.009981,0.009814,0.007731,0.006527,0.007282,0.005613
BLR,BLR.7_1,POTA,0.2107932838004112,0.18941265485774372,0.17018362464668288,0.15247607809448543,0.13571219841290635,0.11894831873132726,2843.5157702181164,2611.2705850294324,2959.2365173836606,3083.5079831199987,2385.6842239977186,2606.959938884039,7.413e-5,7.254e-5,5.751e-5,4.945e-5,5.689e-5,4.563e-5
BLZ,BLZ.1_1,POTA,0.054168415647526245,0.048220147032342064,0.041893229908180486,0.04451732873161991,0.041221696933794585,0.034205036194840874,0.24726120033268298,0.2977993848601401,0.12363060016634149,0.3092853358891077,0.29132548518926754,0.2774774309282366,0.2191,0.1619,0.3389,0.1439,0.1415,0.1233
BLZ,BLZ.2_1,POTA,6.644720359362095,6.2346334725426384,5.764455446963223,5.778724827398716,5.635442018482364,5.371735599226543,151.98030564703765,183.04384784854366,75.99015282351883,190.1037438034314,179.0646337648797,170.55285951005717,0.04372,0.03406,0.07586,0.0304,0.03147,0.0315
BLZ,BLZ.3_1,POTA,0.3294399738190617,0.32301349700110876,0.30884210620766267,0.30317974194389136,0.2924347959646262,0.2800765544307228,17.052838137663652,20.538299986746935,8.526419068831826,21.330450406993133,20.09181520442635,19.1367578500286,0.01932,0.01573,0.03622,0.01421,0.01455,0.01464
BLZ,BLZ.4_1,POTA,0.9331087085587045,0.685501883877747,0.5031072760488942,0.39372290562390366,0.31753007205855316,0.28106836016171893,87.52177362560442,105.4105145186756,43.76088681280221,109.47613744891903,103.11898159435655,98.21725714847376,0.01066,0.006503,0.0115,0.003596,0.003079,0.002862
BOL,BOL.1_1,POTA,219.59827944507927,217.41979429099436,213.20300409507024,210.4681513689662,199.68954416097645,187.0935177117591,22848.439819646053,22848.439819646053,22848.439819646053,22848.439819646053,22848.439819646053,22848.439819646053,0.009611,0.009516,0.009331,0.009211,0.00874,0.008188
BOL,BOL.2_1,POTA,53.53156482130984,58.11589956883714,55.74583842671249,54.50422276818018,52.043208477248996,48.506964867786166,17804.542106200013,17804.542106200013,17804.542106200013,17804.542106200013,17804.542106200013,17804.542106200013,0.003007,0.003264,0.003131,0.003061,0.002923,0.002724
BOL,BOL.3_1,POTA,0.11575596741951628,0.12063992232498474,0.12490747915796449,0.16713124099258306,0.17889631794033506,0.1693354488818643,10.54061599810281,10.54061599810281,10.54061599810281,10.54061599810281,10.54061599810281,10.54061599810281,0.01098,0.01145,0.01185,0.01586,0.01697,0.01607
BOL,BOL.4_1,POTA,14.768931511352848,9.469321793813132,5.394083061613764,2.666260758068296,0.8794457355792772,0.16142806169367252,702.0495758405795,702.0495758405795,702.0495758405795,702.0495758405795,702.0495758405795,702.0495758405795,0.02104,0.01349,0.007683,0.003798,0.001253,2.299e-4
BOL,BOL.7_1,POTA,0.038892151877024966,0.030825551305240093,0.022887734793018574,0.015406712640444577,0.010418928337043403,0.00795985829479513,21.84420936443613,21.84420936443613,21.84420936443613,21.84420936443613,21.84420936443613,21.84420936443613,0.00178,0.001411,0.001048,7.053e-4,4.77e-4,3.644e-4
BOL,BOL.8_1,POTA,318.34576773920884,332.52015419425396,356.76566525366525,346.8655154481173,337.72550060642186,315.7877648433273,69298.67521536919,69298.67521536919,69298.67521536919,69298.67521536919,69298.67521536919,69298.67521536919,0.004594,0.004798,0.005148,0.005005,0.004873,0.004557
BOL,BOL.9_1,POTA,157.30381554751534,138.7895025200404,122.23141004911996,104.11925568441372,85.53036931585797,67.23919776602165,38577.59593322698,38577.596450479745,38577.58264080681,38577.582997028054,38577.58220650967,38577.58265653097,0.004078,0.003598,0.003168,0.002699,0.002217,0.001743
BRA,BRA.11_1,POTA,0.011466334327290757,0.009923569290482404,0.0077418355903527206,0.005943866039583695,0.00530450732135638,0.004665116345556578,40.40853544620393,41.48959047177095,39.22624618241813,41.838465910724736,41.62270491110063,41.49553867376506,2.838e-4,2.392e-4,1.974e-4,1.421e-4,1.274e-4,1.124e-4
BRA,BRA.12_1,POTA,0.046959104159380406,0.05572526991353742,0.05322776398123265,0.0503701837037307,0.04865697908340804,0.0457470940235486,115.05175454041029,118.13160468689377,120.3575946220598,128.40870579779923,128.2624462541883,127.5519695319902,4.082e-4,4.717e-4,4.422e-4,3.923e-4,3.794e-4,3.587e-4
BRA,BRA.13_1,POTA,879.4817753633365,883.5774332318789,871.3137421556829,836.9082762406116,803.8864317768432,760.2013313503346,591291.9081830408,607120.3540620856,618560.5084658002,659938.033816139,659186.3539745132,655534.9612733215,0.001487,0.001455,0.001409,0.001268,0.00122,0.00116
BRA,BRA.15_1,POTA,0.12671909540833748,0.08984994348981669,0.06237651286591532,0.04176795423236499,0.025311631565407857,0.01570038094753435,64.62229535832495,66.35218628107076,67.60248080834313,72.12463074373244,72.04247965039228,71.6434189253255,0.001961,0.001354,9.227e-4,5.791e-4,3.513e-4,2.191e-4
BRA,BRA.16_1,POTA,532.0368417305317,524.8036549190738,494.32093571706935,456.0444589282386,416.5383527945032,378.13465092512183,388979.07414100383,399391.764635448,406917.17139618733,434137.12121481047,433642.60982206167,431240.5850925079,0.001368,0.001314,0.001215,0.00105,9.606e-4,8.769e-4
BRA,BRA.17_1,POTA,0.18587726723828024,0.12814770803706105,0.0818137985813682,0.04849783107012485,0.019391543116281492,0.00432466382735267,0.7851472873014116,0.8061650979159992,0.8213559132680761,0.8762990831888237,0.8753009646953962,0.8704524608776756,0.2367,0.159,0.09961,0.05534,0.02215,0.004968
BRA,BRA.19_1,POTA,6.281204851015058,5.623281649368299,5.017613781805734,4.515996487865397,3.8975680951090115,3.386687002844594,230.50493499181954,236.67538115872586,241.13512770798576,257.2654411098896,256.9724117099761,255.54897934844738,0.02725,0.02376,0.02081,0.01755,0.01517,0.01325
BRA,BRA.20_1,POTA,0,0,0,0,0,0,0.43967667243436864,0.4514464908905204,0.45995323510729313,0.4907210037979039,0.4901620648255823,0.4874469385564873,0,0,0,0,0,0
BRA,BRA.21_1,POTA,151.96643104453625,144.7608582520383,132.7088381202511,119.34385276093379,107.37235561452071,96.5901176742928,148610.1477975575,152653.56211428283,155511.8319784247,165804.7975128264,165610.67538206087,164704.42981318783,0.001023,9.483e-4,8.534e-4,7.198e-4,6.483e-4,5.864e-4
BRA,BRA.24_1,POTA,226.16067502513752,218.4100145614321,205.5631638921644,187.42670297098996,169.6502178089774,150.71203980565102,44485.03241817088,45675.87555164783,46536.31586071402,49649.200707940385,49592.63950064623,49317.956500032546,0.005084,0.004782,0.004417,0.003775,0.003421,0.003056
BRA,BRA.25_1,POTA,96.07288168573608,108.23694909063745,98.31454116146666,93.47648339105746,85.0613256774752,76.79385603057416,261726.72176911024,268732.95201391814,273796.7691695045,292111.9260573102,291779.2059607793,290162.9703445822,3.671e-4,4.028e-4,3.591e-4,3.2e-4,2.915e-4,2.647e-4
BRA,BRA.26_1,POTA,0.008832505182685024,0.0049847275395750726,0.0030291472113621685,0.0019147846180527736,0.0013245976940064797,9.868361488761094e-4,18.055996072710993,18.5393416972222,18.888684179549447,20.152209732469643,20.129256047359974,20.017755227950428,4.892e-4,2.689e-4,1.604e-4,9.502e-5,6.58e-5,4.93e-5
BRA,BRA.27_1,POTA,0.0899985447026905,0.0908762869417319,0.09610870473665943,0.09486562489524845,0.08950814082656189,0.08676527689126108,160.34264751610914,164.63490127975416,167.7371670467953,178.95765200612004,178.7538164145573,177.76365577693053,5.613e-4,5.52e-4,5.73e-4,5.301e-4,5.007e-4,4.881e-4
BRA,BRA.2_1,POTA,0.0021316454232980847,0.00202297111883756,0.0019735053349247468,0.0018609264635929337,0.0016869862203851658,0.001508563902271725,13.365034886196216,13.72280695856866,13.981390004595712,14.916650680682206,14.899660380007454,14.817127556271394,1.595e-4,1.474e-4,1.412e-4,1.248e-4,1.132e-4,1.018e-4
BRA,BRA.3_1,POTA,0,0,0,0,0,0,0.02518248221233395,0.025653580836973614,0.023027942453014864,0.024566805634846492,0.026367878703126256,0.02556561156090867,0,0,0,0,0,0
BRA,BRA.4_1,POTA,0,0,0,0,0,0,3.933405391047443e-4,3.933405391047443e-4,3.933405391047443e-4,3.933405391047443e-4,3.933405391047443e-4,3.933405391047443e-4,0,0,0,0,0,0
BRA,BRA.5_1,POTA,68.16658175861991,60.80485468640133,52.22489085190125,43.8269670756545,36.689307314515396,31.18019722495278,251716.90183858346,258455.17662714946,263325.32651962293,280940.01453208004,280620.01941919245,279065.5972371533,2.708e-4,2.353e-4,1.983e-4,1.56e-4,1.307e-4,1.117e-4
BRA,BRA.6_1,POTA,0,0,0,0,0,0,0.15779830767955483,0.16202245135266174,0.16507548992720644,0.17611792664228848,0.1759173255427574,0.17494287691434296,0,0,0,0,0,0
BRA,BRA.7_1,POTA,4.06426982085483,3.5142327054394964,2.965119602279303,2.4170994509044297,1.8698609296663686,1.323405945849523,380.73030641771635,390.92217437032065,398.2884403910692,424.9312502915972,424.44724688740797,422.09613089421265,0.01067,0.00899,0.007445,0.005688,0.004405,0.003135
BRA,BRA.8_1,POTA,36.0923882219202,35.008780773200016,33.159689735855295,32.285738215985326,30.199515562061897,28.961052946395913,3121.219926849145,3204.772669589258,3265.1611805716398,3483.5784375302846,3479.6105866806047,3460.3361817682635,0.01156,0.01092,0.01016,0.009268,0.008679,0.008369
BRA,BRA.9_1,POTA,164.29530476697556,163.38422082833145,160.3320570151078,153.68252504239166,147.26009035742845,141.13261946208397,100898.76921926763,103599.75444458045,105551.91628383205,112612.62745442332,112484.35989348202,111861.28180905741,0.001628,0.001577,0.001519,0.001365,0.001309,0.001262
BTN,BTN.10_1,POTA,0.6021343976342404,0.5620251952519677,0.525536654183963,0.5290918954802151,0.48394132407147417,0.44649300419473853,47.473115588903006,40.24512010519657,32.496009229315334,39.38570644137086,39.41578644128356,37.639940385343394,0.01268,0.01397,0.01617,0.01343,0.01228,0.01186
BTN,BTN.11_1,POTA,2.115991887883077,2.035611911914842,1.932974577303365,1.8016372833771608,1.6478825631800078,1.4891853823846446,307.6770753433237,277.167482711896,239.29228427023347,280.0908273788017,276.3844902589867,267.7070200964342,0.006877,0.007344,0.008078,0.006432,0.005962,0.005563
BTN,BTN.12_1,POTA,2.588094607526439,2.4208618773773964,2.197110053724246,1.9473094047998036,1.715089526289411,1.450848085407101,432.23857379199484,386.1846042276716,330.56257923553693,388.6314785805815,384.1871386529776,371.44315091831044,0.005988,0.006269,0.006647,0.005011,0.004464,0.003906
BTN,BTN.13_1,POTA,1.0362750013726676,1.0589986927179633,1.0757491806135302,1.1378872412862822,1.0866042334246089,1.0025811225468952,149.82592102431417,134.62943769079016,115.92911749140792,135.87642795001287,134.15269550235206,129.8682592160427,0.006917,0.007866,0.009279,0.008374,0.0081,0.00772
BTN,BTN.14_1,POTA,0.3938220689529934,0.3492255097049415,0.3046289504568896,0.2610744939006007,0.2193358231787074,0.178912237740868,3.2438404954785467,2.749951182330882,2.220454026913246,2.6912274012918074,2.693282769274515,2.571939114480956,0.1214,0.127,0.1372,0.09701,0.08144,0.06956
BTN,BTN.15_1,POTA,0.6283057439803552,0.5086924586532426,0.4295147302668894,0.3728506363548696,0.3251862030809285,0.29351215154971533,508.7476261947066,431.28851067498977,348.24484028766636,422.0785682482738,422.4009218238015,403.36999338695006,0.001235,0.001179,0.001233,8.834e-4,7.699e-4,7.276e-4
BTN,BTN.16_1,POTA,6.574225019350843,5.873521172166851,5.169260906784941,4.4912544419059195,3.7997720508455854,3.1206278865695087,13.892303122181135,11.777137454628486,9.509475097108876,11.52564279334272,11.534445259149287,11.014770251486265,0.4732,0.4987,0.5436,0.3897,0.3294,0.2833
BTN,BTN.17_1,POTA,0.48160084729239866,0.46323023139600916,0.4368035320964152,0.39357213218349196,0.34794414464363554,0.31133860207831365,473.46113236796515,401.3745443272567,324.0907434933113,392.80339913487035,393.10339441943574,375.3924421440987,0.001017,0.001154,0.001348,0.001002,8.851e-4,8.294e-4
BTN,BTN.18_1,POTA,32.23588007998421,28.975038739527307,25.63506554661541,22.22456666083839,19.242148483500213,15.91723220288266,774.0526630277665,656.1996617424779,529.8498354215064,642.1868583510308,642.677314975743,613.7220136083063,0.04165,0.04416,0.04838,0.03461,0.02994,0.02594
BTN,BTN.19_1,POTA,0.3591603483289778,0.3485996577974436,0.35750941618520277,0.3349624627886424,0.3124060822908402,0.28463233344857436,25.5098065741363,25.881000283689406,24.933303259569353,27.631557662460583,26.63149640966159,26.41491464536952,0.01408,0.01347,0.01434,0.01212,0.01173,0.01078
BTN,BTN.1_1,POTA,0.6105031489030788,0.5370180340372701,0.4622448118130738,0.3893094562991339,0.3171692092298876,0.2461842562748877,7.054805507957538,5.980679621813593,4.829112689439777,5.852965310798606,5.857435389208903,5.593533423194692,0.08654,0.08979,0.09572,0.06651,0.05415,0.04401
BTN,BTN.20_1,POTA,0.5086482119202878,0.5051533017503089,0.49798249496385166,0.4618791842981077,0.4222027350220581,0.38716835229917557,30.520423413852054,25.873551603153004,20.891655174428507,25.321035329842687,25.34037373479538,24.198683898921573,0.01667,0.01952,0.02384,0.01824,0.01666,0.016
BTN,BTN.2_1,POTA,10.035483456998051,8.822311766379379,7.595928413887198,6.3700597175391005,5.167876642629513,4.028890106414202,305.1742162395572,276.21745720715313,239.63648989858262,279.7953379835585,275.8075738086752,267.42686481038635,0.03288,0.03194,0.0317,0.02277,0.01874,0.01507
BTN,BTN.3_1,POTA,3.5411610849351027,3.3018472582109113,2.990714254695616,2.705308942153004,2.390671189159241,2.0468813866238094,603.6021628261053,516.291287768516,421.2339550597553,507.75076677688537,507.036970010184,485.2535450284962,0.005867,0.006395,0.0071,0.005328,0.004715,0.004218
BTN,BTN.4_1,POTA,0.00366052307666674,0.00344520772698744,0.00343465124880522,0.00322159618267172,0.00299512598119799,0.00276865577972426,0.21974618917770716,0.18628884298850015,0.15041932898322027,0.18231074137856293,0.1824499773496865,0.17422984267939465,0.01666,0.01849,0.02283,0.01767,0.01642,0.01589
BTN,BTN.5_1,POTA,0.5093122203291739,0.46204808836401173,0.41347282597065627,0.3648783252198459,0.3163134656748342,0.2703996183891926,2.711290316567446,2.298484164705203,1.8559160075671144,2.2494012276417448,2.2511191602331486,2.1496968256031765,0.1878,0.201,0.2228,0.1622,0.1405,0.1258
BTN,BTN.6_1,POTA,1.8249245558017086,1.6955376650808467,1.5865615182291106,1.4797611006045919,1.4890217378957062,1.352667306096704,248.19771328980792,210.4084945189139,169.8947937524008,205.9153302619335,206.07259373835544,196.78816138603466,0.007353,0.008058,0.009338,0.007186,0.007226,0.006874
BTN,BTN.7_1,POTA,3.357069413771198,2.9822747128546623,2.6258476273554825,2.2470901078062444,1.8898379763980544,1.6245391105126943,1090.1181676177387,924.1427709220734,746.2010781578226,904.4081814220252,905.0989040337606,864.3204123662534,0.00308,0.003227,0.003519,0.002485,0.002088,0.00188
BTN,BTN.8_1,POTA,1.1824176290451591,1.0595394089359593,0.9174723712565206,0.9325955815294565,0.7977175962629687,0.6552214724461906,587.3220498248351,497.8996247121375,402.0301283143415,487.26723649779456,487.6393765393383,465.6691828242257,0.002013,0.002128,0.002282,0.001914,0.001636,0.001407
BTN,BTN.9_1,POTA,4.178512313621282,3.987558241957594,3.7891901842841493,3.5861022036143506,3.280743483665392,3.1229362536606184,235.5158614672329,204.40083669274398,169.54249382940537,202.60341948703987,201.61984262851377,193.63210434970551,0.01774,0.01951,0.02235,0.0177,0.01627,0.01613
BWA,BWA.11_1,POTA,0.019720795490529113,0.018196866532632493,0.016531651083082247,0.014861056323631515,0.013238284434094133,0.011566649854952645,0.9706059654028526,0.9078984691770261,1.334303624895415,1.4533980780941225,1.4294281698258988,1.403946693287668,0.02032,0.02004,0.01239,0.01023,0.009261,0.008239
BWA,BWA.14_1,POTA,6.69664723846358e-4,6.10612124770849e-4,5.515595256953401e-4,4.925069266198311e-4,4.3345432754432223e-4,3.744017284688133e-4,0.20851459396704597,0.19536398700510108,0.28749109228698083,0.3130993218331813,0.3076833693557148,0.3023049147034527,0.003212,0.003126,0.001919,0.001573,0.001409,0.001238
BWA,BWA.15_1,POTA,2.009771080887143e-4,3.0027960502382003e-4,2.838697152002049e-4,2.6745982537658983e-4,2.510499355529747e-4,2.3464004572935966e-4,0.2425169040656605,0.2272218380162346,0.33437203757024603,0.36415618087643986,0.3578570533074145,0.3516015383043243,8.287e-4,0.001322,8.49e-4,7.345e-4,7.015e-4,6.673e-4
BWA,BWA.1_1,POTA,0.20137581536917887,0.19058860376166772,0.1755856986033319,0.1603830562827874,0.14558261680384835,0.12990318529367897,7.377427997190053,6.911894023039529,10.171017274445814,11.077040332695173,10.885630268891328,10.695260062051222,0.0273,0.02757,0.01726,0.01448,0.01337,0.01215
BWA,BWA.3_1,POTA,2.0441874444054624e-5,1.849502925890656e-5,1.6548184073758506e-5,1.4601338888610446e-5,1.2654493703462384e-5,1.0707648518314326e-5,0.0345965855764368,0.032414646698753664,0.04770030714656712,0.051949205451959496,0.05105059466506081,0.05015820548929226,5.909e-4,5.706e-4,3.469e-4,2.811e-4,2.479e-4,2.135e-4
BWA,BWA.4_1,POTA,0,0,0,0,0,0,0.004302649594422086,0.004031289913381444,0.005932311058400231,0.006460730850869243,0.006348973945574338,0.00623799079908134,0,0,0,0,0,0
BWA,BWA.8_1,POTA,0.004471473511346152,0.00420645572714907,0.003912315081829049,0.003618174436509028,0.003324033791189007,0.003029893145868997,0.4096258947052321,0.383791591982254,0.5647748373739757,0.6150820784169558,0.6044424664020105,0.5938765186803246,0.01092,0.01096,0.006927,0.005882,0.005499,0.005102
BWA,BWA.9_1,POTA,1.615044159579175e-4,1.5359822304180802e-4,2.9684759573869496e-4,2.8084578020017443e-4,2.5855610127745464e-4,2.3626642235473485e-4,3.804340214374039,3.564407929746226,5.245263186875696,5.712484284584227,5.613670453776677,5.515540769251951,4.245e-5,4.309e-5,5.659e-5,4.916e-5,4.606e-5,4.284e-5
CAF,CAF.10_1,POTA,0.3919853988556355,0.38875687191868435,0.36330521187335985,0.34187311214485655,0.31383089609549086,0.2845969987381114,5.319226606013342,5.399040601428603,5.404780383411818,5.442205313234815,5.415329171921512,5.419257742430539,0.07369,0.072,0.06722,0.06282,0.05795,0.05252
CAF,CAF.11_1,POTA,0.1848586299000599,0.21475159229369337,0.22443794722976204,0.4143908722738284,0.39172094870590407,0.3771107762585282,4.588401484454027,4.641914920801466,4.757516542672005,4.7646743939018705,4.760804631901031,4.7582952578751385,0.04029,0.04626,0.04718,0.08697,0.08228,0.07925
CAF,CAF.12_1,POTA,3.256865204534097,3.057978473600369,2.9137063214305337,2.7039251626712697,2.5036768109350938,2.5685948995488634,3.3236800307703374,3.3559399531979914,3.3728263891512347,3.4175370126231632,3.421967257868875,3.4128279372325334,0.9799,0.9112,0.8639,0.7912,0.7316,0.7526
CAF,CAF.13_1,POTA,2.782291821310927,2.603888427974005,2.3881572330316674,2.210400772167361,2.0479294474078045,1.8412370034303385,15.37203529738897,15.602689797680805,15.61927719614688,15.727431517226387,15.649762144679137,15.661115322313034,0.181,0.1669,0.1529,0.1405,0.1309,0.1176
CAF,CAF.14_1,POTA,0.3721015580340192,0.36854638539479945,0.36055121716224636,0.3424802772409094,0.32176541451664886,0.29143039753574823,24.21564290861139,24.54366869462592,24.6453115446023,24.701075395609326,24.586914750798716,24.635369506047244,0.01537,0.01502,0.01463,0.01386,0.01309,0.01183
CAF,CAF.15_1,POTA,0.5526168844281255,0.5417709526565473,0.5253437507899282,0.5027210060825257,0.4735895660487309,0.43155949114908265,21.825159222201368,22.15195664710066,22.157001455847904,22.30202028198677,22.187863378583188,22.209491197492422,0.02532,0.02446,0.02371,0.02254,0.02134,0.01943
CAF,CAF.16_1,POTA,0.8768552176965582,0.883148513553908,0.8442606086896928,0.8562316418006882,0.8106972510159093,0.7889810473421135,2.81710059182828,2.857240384374713,2.875651634139772,2.8919817914412893,2.8804310403145186,2.8816922709198733,0.3113,0.3091,0.2936,0.2961,0.2814,0.2738
CAF,CAF.17_1,POTA,0.013914484928325222,0.011863234832310873,0.009872261268070365,0.01919373128505606,0.019844882420841887,0.017163532105554366,6.123201081659674,6.2060897624769025,5.96985156528658,5.90088874873641,5.819005728013552,5.895815412112115,0.002272,0.001912,0.001654,0.003253,0.00341,0.002911
CAF,CAF.1_1,POTA,0.12010968132787275,0.12217125109766683,0.12072547864332527,0.11946059399186856,0.11610576274553351,0.10665356600164583,3.3786638638048943,3.429019336533834,3.4234594476096363,3.442983669617973,3.4239813060811235,3.429216889917199,0.03555,0.03563,0.03526,0.0347,0.03391,0.0311
CAF,CAF.2_1,POTA,6.572726239455427e-4,5.764854592887744e-4,4.990271372781521e-4,4.2312166462530075e-4,3.477469250802559e-4,2.7419822730330814e-4,0.005079649517085078,0.005155868703312157,0.005161349966461624,0.005197089283618637,0.005171423639276866,0.005175175267618184,0.1294,0.1118,0.09669,0.08142,0.06724,0.05298
CAF,CAF.3_1,POTA,0.12635638944241892,0.12433605587819052,0.11316813803248411,0.10323240449351792,0.09249283421795144,0.08223606561104224,5.414449950679489,5.495692754483176,5.501535288478775,5.539630189193332,5.512272918524744,5.516271817232084,0.02334,0.02262,0.02057,0.01864,0.01678,0.01491
CAF,CAF.5_1,POTA,0.39132271205458474,0.37785063025808485,0.35623756319266797,0.33549728963515607,0.3069294707819859,0.2759972058357532,6.220558838953665,6.31389715510875,6.320609531586373,6.364376040376294,6.332945791058766,6.337540049926539,0.06291,0.05984,0.05636,0.05271,0.04847,0.04355
CAF,CAF.6_1,POTA,0.3933105710198424,0.39748986799704433,0.3786686973209246,0.36391193908490677,0.3486920915182065,0.3316916880125286,5.4718348259184815,5.553938678989002,5.559843134894947,5.59834178320061,5.57069456737074,5.574735848278582,0.07188,0.07157,0.06811,0.065,0.06259,0.0595
CAF,CAF.7_1,POTA,1.1989030449312152,1.2153058913788541,1.197931339545943,1.1279213327574653,1.070345465970745,1.0615715583080492,6.865966168490664,6.9227049198565185,6.956102239493457,7.031864264935585,7.039317986636595,7.0240554711255445,0.1746,0.1756,0.1722,0.1604,0.1521,0.1511
CAF,CAF.8_1,POTA,2.132696102444291,2.649609734027575,2.591034471194522,3.20688927850807,3.068847727668747,2.9892156842786117,4.919056861029145,4.979056732916704,5.084011101018327,5.095994037663193,5.08853286072517,5.086854263087259,0.4336,0.5322,0.5096,0.6293,0.6031,0.5876
CAF,CAF.9_1,POTA,95.25089266528356,104.20392477297212,104.80269573942519,105.96261946537628,104.3234818840861,111.88959006847695,3.0682091980205746,3.1142471003327334,3.117557892141381,3.1391451495423692,3.12364259060052,3.125908648631821,31.04,33.46,33.62,33.76,33.4,35.79
CAN,CAN.10_1,POTA,29.26627349793023,27.38205213716649,24.33174680148434,21.90323146134494,19.0003450820633,16.363920629284145,150067.11772570928,174646.81923833568,178120.69603708727,182552.06539751397,184831.9434083401,181255.91933298073,1.95e-4,1.568e-4,1.366e-4,1.2e-4,1.028e-4,9.028e-5
CAN,CAN.11_1,POTA,190.48274433320424,169.985806008282,148.3154885598638,126.52808449056451,105.8512570617344,86.29773994083759,92803.90849273118,108001.88484966249,110149.51816511925,112890.81243930584,114299.84140962448,112088.9585148892,0.002053,0.001574,0.001346,0.001121,9.261e-4,7.699e-4
CAN,CAN.12_1,POTA,0.6446787253276169,0.5799127196661185,0.5087138031230353,0.43674802139344004,0.3671977446490173,0.2975043611714821,4312.999731171482,5019.431943789844,5119.272801175563,5246.632446312318,5312.157215474404,5209.38059718899,1.495e-4,1.155e-4,9.937e-5,8.324e-5,6.912e-5,5.711e-5
CAN,CAN.1_1,POTA,63.56106931336371,58.881572329265694,54.021495280141366,48.57020607718207,43.016476188377496,37.30830455229444,123105.90531616975,143269.59242478613,146119.34895205422,149754.57394453243,151624.84673171406,148691.29481240435,5.163e-4,4.11e-4,3.697e-4,3.243e-4,2.837e-4,0.00025090000000000003
CAN,CAN.2_1,POTA,135.908804516203,120.60014843385274,103.38960214032534,86.4343519914051,68.8482417299821,51.35732778181752,27850.627793953623,32411.10131096704,33055.48539638483,33878.31444816415,34301.0015625514,33637.621203904746,0.00488,0.003721,0.003128,0.002551,0.002007,0.001527
CAN,CAN.3_1,POTA,32.63095136000598,33.159113337806836,30.94041548705519,28.623691931472987,26.368586337384073,23.975821440978624,107426.96997007346,125022.18395375446,127508.88536920915,130681.26072980891,132313.19235480737,129753.3551017428,3.038e-4,2.652e-4,2.427e-4,2.19e-4,1.993e-4,1.848e-4
CAN,CAN.4_1,POTA,181.03933204337136,163.3953956930521,147.7066806488153,131.71961359762662,117.3857069522837,104.12486407166013,59897.30112342618,68116.85624345805,69079.22773112332,71397.14137013613,71745.48760907711,70691.48102457031,0.003022,0.002399,0.002138,0.001845,0.001636,0.001473
CAN,CAN.5_1,POTA,47.08936463025486,44.04958139994106,40.6464323163787,36.56295781335143,32.41706613354958,28.2231806911574,136.3665461998999,158.7022120852658,161.85893681050229,165.8857385761094,167.95747217641554,164.70792584224947,0.3453,0.2776,0.2511,0.2204,0.193,0.1714
CAN,CAN.7_1,POTA,21.218802301092854,17.638714654194477,14.23111637675858,10.721722908449397,8.237636222586486,6.990548353617313,2811.6985045078122,3272.2305053330674,3337.318009830536,3420.3453564769025,3463.061773575129,3396.0604098043545,0.007547,0.00539,0.004264,0.003135,0.002379,0.002058
CAN,CAN.9_1,POTA,335.29023717627547,293.46146041707186,250.5464849127219,206.57165762974907,162.55080114420653,118.46629125124535,37528.84460753711,43664.01829162773,44529.6402011329,45641.88684250427,46207.8998835818,45316.35802706305,0.008934,0.006721,0.005627,0.004526,0.003518,0.002614
CHE,CHE.10_1,POTA,0.00225762222421079,0.00169565175618637,0.0011725646311387,6.494775060910309e-4,1.939669717835977e-4,0,90.73542330840472,63.645782378370775,70.93914724414914,66.78432282090422,68.82896066333326,68.00034627969077,2.488e-5,2.664e-5,1.653e-5,9.725e-6,2.818e-6,0
CHE,CHE.11_1,POTA,8.367307514099115e-6,0,0,0,0,0,0.0101446379910665,0.010334417734173715,0.009276692340937281,0.009896615737123242,0.010622169084847186,0.010298979747858846,8.248e-4,0,0,0,0,0
CHE,CHE.12_1,POTA,0.002575794204600642,0.0024286059643377506,0.0022814177240748496,0.002134229483811958,0.001987041243549067,0.0018398530032861758,111.79744036661464,78.41959954104654,87.40594130177641,82.28667565276221,84.80592633706593,83.78496931979029,2.304e-5,3.097e-5,2.61e-5,2.594e-5,2.343e-5,2.196e-5
CHE,CHE.13_1,POTA,0,0,0,0,0,0,0.0062278273101365024,0.006344333731368548,0.005694992562524117,0.006075565616028771,0.006520985251297698,0.0063225782326329265,0,0,0,0,0,0
CHE,CHE.16_1,POTA,0.00340276751035318,0.00318323412258846,0.00296370073482374,0.00274416734705902,0.0025246339592943,0.00230510057152958,49.89728375369664,35.05196925554015,39.00866868343591,36.70580141985686,37.8580296818614,37.396005082132874,6.82e-5,9.081e-5,7.598e-5,7.476e-5,6.669e-5,6.164e-5
CHE,CHE.1_1,POTA,0.005461828427987152,0.005018221179144224,0.004574613930301298,0.004131006681458371,0.0036873994326154344,0.0032437921837725073,91.6394555160467,64.27990998865424,71.64594147679836,67.44972092667426,69.51473028879343,68.6778600987281,5.96e-5,7.807e-5,6.385e-5,6.125e-5,5.304e-5,4.723e-5
CHE,CHE.20_1,POTA,0.00171269557586496,0.001585829236912,0.00145896289795904,0.00133209655900608,0.00120523022005312,0.00107836388110016,59.390208953874016,41.65888223870888,46.43270096971487,43.71319097388375,45.05149374769812,44.50913025180694,2.884e-5,3.807e-5,3.142e-5,3.047e-5,2.675e-5,2.423e-5
CHE,CHE.21_1,POTA,2.9689313070162574e-4,2.5800179970179355e-4,2.1911046870196145e-4,1.802191377021293e-4,1.4132780670229718e-4,1.0243647570246508e-4,0.1542567264660742,0.1464592164090431,0.14332494423360928,0.1360639699623557,0.15189661414186245,0.1458156603711846,0.001925,0.001762,0.001529,0.001325,9.304e-4,7.025e-4
CHE,CHE.23_1,POTA,0.014344425767521391,0.007434746503508657,0.0031233523485386695,8.675092966461334e-4,1.699132441420877e-5,1.4725814492314267e-5,580.1444941326224,406.93864507661004,453.57098905322874,427.00585687722645,440.07887007901246,434.78087228607376,2.473e-5,1.827e-5,6.886e-6,2.032e-6,3.861e-8,3.387e-8
CHE,CHE.24_1,POTA,0.0016965971540234845,0.001544684834154996,0.0013927725142865077,0.0012408601944180193,0.001088947874549521,9.370355546810402e-4,606.8073685504402,425.6413193284996,474.4167404758163,446.6307585571148,460.30462116194775,454.7631202783514,2.796e-6,3.629e-6,2.936e-6,2.778e-6,2.366e-6,2.06e-6
CHE,CHE.25_1,POTA,1.836944433825607e-4,1.5543375978524369e-4,1.2717307618792664e-4,9.89123925906096e-5,7.065170899329258e-5,4.2391025395975546e-5,54.59628399419452,38.29621423544252,42.68469455510652,40.184700992653134,41.41497715426985,40.91639275843523,3.365e-6,4.059e-6,2.979e-6,2.461e-6,1.706e-6,1.036e-6
CHE,CHE.6_1,POTA,0.02394651430754775,0.02154342239770181,0.019140330487855895,0.01673723857800997,0.014334146668164046,0.01207425667653563,337.73675283950814,236.9032852730387,264.05075731016507,248.58560755762028,256.19618918556534,253.11190830513883,7.09e-5,9.094e-5,7.249e-5,6.733e-5,5.595e-5,4.77e-5
CHE,CHE.7_1,POTA,0.11249983483895765,0.10205900450069288,0.09161817416242814,0.08152779358705198,0.07106899146607501,0.06063841484662508,785.8735207302489,551.2459550369277,614.4149150312834,578.4293387430306,596.1382630116317,588.9615058063725,1.432e-4,1.851e-4,1.491e-4,1.409e-4,1.192e-4,1.03e-4
CHE,CHE.8_1,POTA,0,0,0,0,0,0,0.007773137621028358,0.007918552771589163,0.007108090628521722,0.0075830952444865506,0.008139036819555327,0.00789139908262755,0,0,0,0,0,0
CHL,CHL.10_1,POTA,99.83891176077876,91.5934503162344,83.634772902281,75.06172043408385,66.0910015297579,56.37604047155123,32997.294570657905,25475.266799945457,26243.837915940232,21597.291489854422,31924.59623881723,27541.81016420146,0.003026,0.003595,0.003187,0.003476,0.00207,0.002047
CHL,CHL.12_1,POTA,13.384864442966727,13.379631583041709,12.879256901502874,12.576058865413579,11.940587118144,11.035860144728426,76275.4133318392,58887.75216840384,60664.35477507765,49923.5575725569,73795.80069370859,63664.70286474854,1.755e-4,2.272e-4,2.123e-4,2.519e-4,1.618e-4,1.733e-4
CHL,CHL.13_1,POTA,4.555655458922361,4.2009788766715355,4.023992659811,3.765295014717736,3.4402215533157148,3.0990808474047316,29779.577285424184,22991.056885323633,23684.68111257963,19491.2407046203,28811.482679710633,24856.08214361453,1.53e-4,1.827e-4,1.699e-4,1.932e-4,1.194e-4,1.247e-4
CHL,CHL.14_1,POTA,12.827002707436368,12.055239238205457,11.985536700401894,11.180160383977041,10.35905965739928,9.595042919859077,34037.978830368855,26278.717795416316,27071.528470238303,22278.437068554897,32931.4492319383,28410.43678025497,3.768e-4,4.587e-4,0.00044270000000000003,0.00050180000000000005,3.146e-4,3.377e-4
CHL,CHL.16_1,POTA,7.463977672642431,7.732157043389041,7.765284853617211,7.078604832061851,6.4267304397067795,5.890071365272873,3218.080306818924,2484.4901821970147,2559.445526413991,2106.288389046639,3113.4647793409945,2686.0310233547375,0.002319,0.003112,0.003034,0.003361,0.002064,0.002193
CHL,CHL.1_1,POTA,1.1333491546417531,0.6614427044145298,0.38243130540324893,0.17819528085395558,0.04661349193816469,0,0.007896733737276427,0.006476667204913238,0.006263520364671568,0.005295847440909007,0.007306406489599239,0.00647640301308141,143.5,102.1,61.06,33.65,6.38,0
CHL,CHL.3_1,POTA,41.99299370824376,38.451477265326666,34.75194025755651,30.587307775411062,27.60219391125494,24.130554420635804,48157.00442672423,37179.18550655572,38300.85572579014,31519.579875103558,46591.484010970904,40195.14603408903,8.72e-4,0.001034,9.073e-4,9.704e-4,5.924e-4,6.003e-4
CHL,CHL.6_1,POTA,5.653247637358967,5.313707043810475,4.874762716180394,4.96197369803504,4.548844556889756,4.171647248136022,12819.404763462946,9897.107045136727,10195.69589472698,8390.518829053728,12402.662897686314,10699.956375433138,4.41e-4,5.369e-4,4.781e-4,5.914e-4,3.668e-4,3.899e-4
CHL,CHL.7_1,POTA,1.3087824194947106,1.2091703331469579,2.1511796862439314,2.1870968691391828,2.0216024123823657,1.8722658335439348,5159.356349485106,3983.23502666798,4103.406462506377,3376.8866335771054,4991.632509652927,4306.353444907682,2.537e-4,3.036e-4,5.242e-4,6.477e-4,4.05e-4,4.348e-4
CHL,CHL.8_1,POTA,3.917529165843452,3.7081271680345105,3.583803614286382,3.640826869281185,3.4237236831900697,3.389712450468139,8722.734523954876,6734.309346089373,6937.478784518534,5709.178360034075,8439.169980416333,7280.593803139219,4.491e-4,5.506e-4,5.166e-4,6.377e-4,4.057e-4,4.656e-4
CHL,CHL.9_1,POTA,442.2903179285934,440.14132941505943,432.6529649468348,407.6235079114713,376.08549872376,344.21156653934725,151813.16088281412,117205.9960537432,120742.01959750832,99364.30032351374,146877.91614383284,126713.69916429107,0.002913,0.003755,0.003583,0.004102,0.002561,0.002716
CHN,CHN.10_1,POTA,50.29312374139169,48.068087787852036,44.57506692142798,40.8819696866619,37.028417329976804,34.5527608631275,259237.4124137427,263591.2809769205,257862.96659405035,261022.521531466,264866.0550973808,263120.7439469854,1.94e-4,1.824e-4,1.729e-4,1.566e-4,1.398e-4,1.313e-4
CHN,CHN.11_1,POTA,112.03615132490859,100.5394350438711,89.0757370790414,77.73041017945418,66.73631414338291,56.22820986975805,191886.92026230285,195094.1279860796,190863.73753855217,193203.51616912597,196038.24267265372,194749.86510528353,5.839e-4,5.153e-4,4.667e-4,4.023e-4,3.404e-4,2.887e-4
CHN,CHN.12_1,POTA,0.009169118796818086,0.009216051120061032,0.008559906812036442,0.007924601161264208,0.007231630974433251,0.006257250368281697,716.6056425320032,728.6409685683408,712.8062849447807,721.5401898042703,732.1648053447151,727.3402709277798,1.28e-5,1.265e-5,1.201e-5,1.098e-5,9.877e-6,8.603e-6
CHN,CHN.13_1,POTA,67.15502403941537,60.99141019428957,54.57858795004851,48.27686805163685,42.50968750438191,36.57188963047959,430572.35749270517,437803.7807429454,428289.51424365124,433537.27923776995,439921.07736771373,437022.25682484894,1.56e-4,1.393e-4,1.274e-4,1.114e-4,9.663e-5,8.368e-5
CHN,CHN.14_1,POTA,76.69488137379697,72.87748461819392,68.12733326236423,64.08294700452223,59.3906960170234,53.707049088906,255279.64381866046,259567.0420213065,253926.1816156852,257037.4997373214,260822.3542094292,259103.68866390758,3.004e-4,2.808e-4,2.683e-4,2.493e-4,2.277e-4,2.073e-4
CHN,CHN.15_1,POTA,0.002800418294707378,0.0028941207050717154,0.0026815502624810894,0.0024819335247815415,0.0023777961269190835,0.0021487780517147306,216.42368456864077,220.05850049970948,215.27623202400943,217.91397830756355,221.12274238352546,219.66567387489346,1.294e-5,1.315e-5,1.246e-5,1.139e-5,1.075e-5,9.782e-6
CHN,CHN.16_1,POTA,75.94507028757258,71.66861767384079,67.30698678024041,63.56294875330002,58.27017264805987,53.786465286760034,83269.76144245095,84668.26944803534,82828.27510583108,83843.15711477128,85077.7401950058,84517.12804499587,9.12e-4,8.465e-4,8.126e-4,7.581e-4,6.849e-4,6.364e-4
CHN,CHN.17_1,POTA,35.7848757772829,31.263924191576315,26.734073150321258,22.20659254144939,17.71766929023163,13.256039363841941,36642.37992679065,37253.08810831674,36449.51208600255,36892.785196120734,37431.93456265675,37187.10376764499,9.766e-4,8.392e-4,7.335e-4,6.019e-4,4.733e-4,3.565e-4
CHN,CHN.18_1,POTA,7.642894950862033,7.211383618534793,6.8848658908152345,6.412553613891834,5.9323537161186035,5.520484326589757,50540.11077675807,51387.365872874405,50272.64605930683,50887.48984325219,51635.43465453027,51295.80020185356,1.512e-4,1.403e-4,1.37e-4,1.26e-4,1.149e-4,1.076e-4
CHN,CHN.19_1,POTA,19.043280772420673,16.65548034121726,17.610655485947724,15.173631228282085,12.98223363451409,10.921635396166648,54476.92024732384,55391.85512603271,54188.09011819053,54852.04838231608,55659.73994808469,55292.97507621846,3.496e-4,3.007e-4,3.25e-4,2.766e-4,2.332e-4,1.975e-4
CHN,CHN.1_1,POTA,4.255371628879111,4.052882653929732,3.794588246709238,3.670589154187806,3.3555994840938013,3.09157038899389,10426.290929004583,10601.399528815356,10371.011978914634,10498.086380240213,10652.669774590966,10582.47496109462,4.081e-4,3.823e-4,3.659e-4,3.496e-4,3.15e-4,2.921e-4
CHN,CHN.20_1,POTA,0.08878481255113717,0.06489383161896012,0.04965451224873295,0.041746468713305465,0.034325790122957583,0.026944497514569662,5336.950578026454,5426.584173457571,5308.654703046164,5373.700825797283,5452.828095643408,5416.897173226729,1.664e-5,1.196e-5,9.354e-6,7.769e-6,6.295e-6,4.974e-6
CHN,CHN.21_1,POTA,0.6256300762747917,0.2885059241535465,0.14315864059741812,0.09136541777338038,0.06006865590300922,0.043610545736273126,8041.993816966031,8177.058365477557,7999.356125589603,8097.3709955671975,8216.604068002966,8162.461491322094,7.78e-5,3.528e-5,1.79e-5,1.128e-5,7.311e-6,5.343e-6
CHN,CHN.22_1,POTA,19.56934875662695,18.489071546609868,19.05391964526808,18.384306034151255,17.59234129582617,16.691873093299176,171791.83914870303,174677.06732975852,170881.01932151563,172974.79794913018,175521.8365650861,174365.2511416263,1.139e-4,1.058e-4,1.115e-4,1.063e-4,1.002e-4,9.573e-5
CHN,CHN.23_1,POTA,0.35421297956871334,0.3000324856075284,0.24745912245829568,0.1971748945770799,0.14752830964328356,0.09846903727035829,810.0835724193848,823.6888517140047,805.7886060048294,815.6618088235336,827.6723568875641,822.2184840127677,4.373e-4,3.643e-4,3.071e-4,2.417e-4,1.782e-4,1.198e-4
CHN,CHN.25_1,POTA,14.759236329373673,14.22368420233841,14.21529994192637,14.081638292453283,13.18430677127039,12.541195074626778,76004.23322733502,77280.71735297036,75601.26785414455,76527.59846407463,77654.4605895716,77142.76347574139,1.942e-4,1.841e-4,1.88e-4,1.84e-4,1.698e-4,1.626e-4
CHN,CHN.26_1,POTA,196.02341257326836,181.3993488048049,169.5654496481506,152.39493264054272,134.27251726855823,116.98114862213433,2007712.5836437684,2041431.9323304924,1997067.931153067,2021537.694785945,2051304.6587210293,2037787.7703737943,9.764e-5,8.886e-5,8.491e-5,7.539e-5,6.546e-5,5.741e-5
CHN,CHN.27_1,POTA,0.23086463290887352,0.23876016622662666,0.22084425683516046,0.2043274600610644,0.1851087956452697,0.1635015992036486,1735.6126893247463,1764.7621452444926,1726.410677997615,1747.5641202841211,1773.2968475426414,1761.6118667706082,1.33e-4,1.353e-4,1.279e-4,1.169e-4,1.044e-4,9.281e-5
CHN,CHN.28_1,POTA,0.033790770600182346,0.023234552535308,0.016207624913832666,0.012292575884490915,0.00887902679895141,0.006438569035667959,1752.7423750906512,1780.593311478706,1746.9934485804959,1755.6192587044845,1820.0012026220445,1795.6263646552543,1.928e-5,1.305e-5,9.277e-6,7.002e-6,4.879e-6,3.586e-6
CHN,CHN.29_1,POTA,1.415048285130807,1.2595821961902702,1.1011145058358596,0.9460990266977196,0.7868038976809185,0.6507703834115192,38.484708342829116,39.82863299393313,39.74508157030368,40.40652204097105,40.915259940367996,40.47570950064106,0.03677,0.03163,0.0277,0.02341,0.01923,0.01608
CHN,CHN.2_1,POTA,0.025359602100926148,0.028199969506773462,0.03584709186886277,0.035996271164017726,0.03302784831272258,0.029693216684702265,772.4663190255123,785.4398199997897,768.3707947986956,777.7855229798621,789.2383460815474,784.0377306790591,3.283e-5,3.59e-5,4.665e-5,4.628e-5,4.185e-5,3.787e-5
CHN,CHN.30_1,POTA,1428.9881279052383,1327.3113861969493,1226.2633209752007,1133.344785572049,1029.9299776648354,908.4138815147932,1315248.612747341,1337408.4723653018,1308394.2711777356,1324436.1609768774,1343962.8343917115,1335077.4060585746,0.001086,9.925e-4,9.372e-4,8.557e-4,7.663e-4,6.804e-4
CHN,CHN.31_1,POTA,85.14543728090756,77.22491418268822,69.66735029247059,62.66024617538767,53.98865189779173,45.64182700902118,109432.61938873738,111270.53019376578,108852.42070191826,110186.17253073295,111808.65418533034,111071.90107142672,7.781e-4,6.94e-4,6.4e-4,5.687e-4,4.829e-4,4.109e-4
CHN,CHN.3_1,POTA,33.60951819425024,31.413280004083642,28.769744380858217,27.001391967556863,24.416615373172178,21.24355208800748,770912.5953820841,783860.001710284,766825.3088125824,776221.1003936522,787650.8875109861,782460.7325245861,4.36e-5,4.008e-5,3.752e-5,3.479e-5,3.1e-5,2.715e-5
CHN,CHN.4_1,POTA,32.26015001621961,27.63374982018382,23.43931575932686,19.836176803767817,16.76246005375422,14.567781490843549,96701.37797187302,98325.4687450665,96188.6788075263,97367.26377094314,98800.988126716,98149.94786342426,3.336e-4,2.81e-4,2.437e-4,2.037e-4,1.697e-4,1.484e-4
CHN,CHN.5_1,POTA,39.84066751081801,31.280529190717328,26.383914042789062,23.659272408343373,22.180745890748863,19.465082040096686,139736.7338058439,142083.59943289086,138995.86632129125,140698.96111429879,142770.7408847159,141829.96587326835,2.851e-4,2.202e-4,1.898e-4,1.682e-4,1.554e-4,1.372e-4
CHN,CHN.6_1,POTA,45.47032488341625,41.88299692658988,38.15869021466204,34.67173474941816,30.481994092944298,26.294044518725933,194853.3191909486,198125.86281402074,193820.23014904847,196195.07936926448,199084.0345774157,197772.18816022977,2.334e-4,2.114e-4,1.969e-4,1.767e-4,1.531e-4,1.33e-4
CHN,CHN.7_1,POTA,113.81911226421757,104.88681192513428,95.8822433778227,89.76518808605898,79.01224901490892,70.10265377890433,83373.28506628143,84835.59234921719,83032.7415328992,84060.0328131546,85319.89367963331,84732.00409973957,0.001365,0.001236,0.001155,0.001068,9.261e-4,8.273e-4
CHN,CHN.8_1,POTA,527.8346263152756,468.9542350311141,412.2243695366288,359.47914867213274,308.31785571653893,250.51997839893386,1376505.0314913678,1399623.307236619,1369206.9661052679,1385983.6467090875,1406392.1334430312,1397124.8384269746,3.835e-4,3.351e-4,3.011e-4,2.594e-4,2.192e-4,1.793e-4
CHN,CHN.9_1,POTA,1.3644933468930984,1.232548054899662,1.0948901283040349,0.9535681499307412,0.8149275551643742,0.6682883009492561,1152.4765798059102,1171.832318253906,1146.3662865320384,1160.4125348496623,1177.499506892668,1169.7404793411408,0.001184,0.001052,9.551e-4,8.217e-4,6.921e-4,5.713e-4
CIV,CIV.10_1,POTA,0.008157558764188798,0.007555360793960979,0.007019011701913973,0.006468598287184201,0.005965340755154274,0.00537181263795002,59.71627326526585,57.97055448786505,73.74861781120178,60.25296142248673,61.82412321758414,64.45426065220269,1.366e-4,1.303e-4,9.517e-5,1.074e-4,9.649e-5,8.334e-5
CIV,CIV.12_1,POTA,3.3460225846846487,3.59833773136466,3.672993475128142,3.4995513141238166,3.2903054855946685,3.109279120809576,53.847186697570756,70.57059350353839,92.33929723933726,113.11875317953017,122.48792476197849,111.89295716108879,0.06214,0.05099,0.03978,0.03094,0.02686,0.02779
CIV,CIV.14_1,POTA,0.0052092084682189435,0.004923038394993616,0.004606254305490483,0.0044102154241100035,0.004144932701101574,0.003779668082843565,10.19430124169482,10.263649529167326,10.668186407263837,10.3753769789059,10.435737638445687,10.479816730437149,5.11e-4,4.797e-4,4.318e-4,4.251e-4,3.972e-4,3.607e-4
CIV,CIV.4_1,POTA,0.41879639503373334,0.4158325977547148,0.40930892864273505,0.40118295942917276,0.38706979107256456,0.35561473150834194,62.255111033414565,71.5183418776145,93.57720598963691,98.88917337282344,105.50100006267829,100.45057955314819,0.006727,0.005814,0.004374,0.004057,0.003669,0.00354
CIV,CIV.8_1,POTA,14.538270015023073,13.89381543921045,13.322203030297079,12.345431211212567,11.334339386379977,10.267667693888871,13.115533450338514,17.188845629100538,22.491038362416713,27.552280484388714,29.83432511527573,27.253713935806427,1.108,0.8083,0.5923,0.4481,0.3799,0.3767
CMR,CMR.10_1,POTA,0.0050526637434408,0.00475605647433386,0.00445944920522693,0.00444404956405173,0.0041330213909483,0.00382199321784487,42.86118605860556,42.53119832726899,49.5991372597299,48.30630000060876,49.315357588431525,48.972724322154725,1.179e-4,1.118e-4,8.991e-5,9.2e-5,8.381e-5,7.804e-5
CMR,CMR.1_1,POTA,19.076998683870492,20.611120866454005,19.9259257183491,20.194939892014446,18.730604343831423,17.06066163859018,2805.5102380548237,2783.910441088587,3246.5438784632856,3161.921049603178,3227.969041143411,3205.5419223958897,0.0068,0.007404,0.006138,0.006387,0.005803,0.005322
CMR,CMR.2_1,POTA,0.6962791339853828,0.7210889267929373,0.7360340528930028,0.7441727777748829,0.7095250269709691,0.6545403102690128,147.338306055195,146.20395029360577,170.50048161652444,166.05626368229613,169.52496927291284,168.34714360606466,0.004726,0.004932,0.004317,0.004481,0.004185,0.003888
CMR,CMR.3_1,POTA,68.17998727092755,72.34378468265741,71.10290968753638,75.18329820849878,71.26022977532438,66.1251452409608,139.2750153917388,138.2063710054907,161.09608735626864,156.908539787027,160.1761782317172,159.066885363273,0.4895,0.5234,0.4414,0.4792,0.4449,0.4157
CMR,CMR.4_1,POTA,0.0019461040383588755,0.001188062528729228,7.166832429091754e-4,4.619958237461718e-4,2.798832531669532e-4,1.9411828839193152e-4,23.446794870033287,23.346588620201562,26.399890535785275,25.750346175137114,26.153911431374873,26.054882072826206,8.3e-5,5.089e-5,2.715e-5,1.794e-5,1.07e-5,7.45e-6
CMR,CMR.5_1,POTA,0.06052559553000727,0.044659032332382685,0.0338007567104017,0.02920150340414,0.022465144306484372,0.018125053028616753,70.45489629710609,69.91246493837406,81.5306899646232,79.4055337709549,81.0642150685432,80.50099707428465,8.591e-4,6.388e-4,4.146e-4,3.678e-4,2.771e-4,2.252e-4
CMR,CMR.6_1,POTA,13.030000261545045,12.67660672779103,11.941074897571744,11.389012703840613,10.267477051251523,9.10336814780283,19744.882917486284,19592.86731272587,22848.858094188723,22253.28614063132,22718.129178369923,22560.288149028813,6.599e-4,6.47e-4,5.226e-4,5.118e-4,4.52e-4,4.035e-4
CMR,CMR.7_1,POTA,2.407593955519667,2.243736327152527,2.1232675608896434,1.9562764107673474,1.7881374133817904,1.6058670994755588,3410.480910791187,3356.3107855364424,3421.1404720373816,3423.442113451923,3420.951897368556,3419.8876103006633,7.059e-4,6.685e-4,6.206e-4,5.714e-4,5.227e-4,4.696e-4
CMR,CMR.8_1,POTA,1.682214308483529,1.5385482309239513,1.4328981651083466,1.4301967671922433,1.338037542645679,1.1753127043626823,5424.726693143302,5382.961790694181,6277.515593755106,6113.887625554338,6241.599015157425,6198.2336303780785,3.101e-4,2.858e-4,2.283e-4,2.339e-4,2.144e-4,1.896e-4
CMR,CMR.9_1,POTA,4.497041680131176,4.432082932533946,4.232420878981378,3.994507367211445,3.6923602798273905,3.3539566921745183,1846.466218211622,1831.7861066735802,2128.127940663027,2074.160700223902,2116.2765360449052,2101.942163243765,0.002435,0.00242,0.001989,0.001926,0.001745,0.001596
COD,COD.10_1,POTA,0.8577071231787972,0.9105291593655781,0.8882364891614324,0.8638742356706687,0.8092196620988795,0.7545646801690932,44.60840619757398,44.61091399229673,45.06921916632315,45.89261381133833,46.328775643517204,46.028355355590044,0.01923,0.02041,0.01971,0.01882,0.01747,0.01639
COD,COD.11_1,POTA,1.9781357840842528,1.6557647380174683,1.3740890525808092,1.1218812586995224,0.8828094183328761,0.6527024909971502,17.207731546190423,17.359691271504456,17.90855867472449,18.03733502691701,18.767423732187012,18.422532642835098,0.115,0.09538,0.07673,0.0622,0.04704,0.03543
COD,COD.12_1,POTA,63.417490551169465,61.79951793259904,60.16521229967053,57.64698797632827,55.103760574268065,50.48690938186492,14.229400001039552,14.233498448575785,14.406999394276218,14.760695416652933,14.94116372316496,14.813811069030955,4.457,4.342,4.176,3.905,3.688,3.408
COD,COD.13_1,POTA,137.4656328805481,144.94521956663328,142.1723151123361,146.27407385360547,147.3051401662135,143.04838293275932,51.15774899378607,51.17248379288564,51.7962569547673,53.067870117059925,53.71669243741084,53.258832294790366,2.687,2.832,2.745,2.756,2.742,2.686
COD,COD.14_1,POTA,0.2681289144763392,0.2600770358583732,0.24194768023402882,0.22154502140166987,0.20222370442011267,0.1777894735314663,18.980002073792956,18.985468821704416,19.216894483289494,19.688674828048374,19.929393961082926,19.759523577272656,0.01413,0.0137,0.01259,0.01125,0.01015,0.008998
COD,COD.15_1,POTA,17.865525401000923,17.104620671414054,16.001980504041043,14.90613173712733,13.981494330570586,12.74357310864192,1576.0151129370981,1576.1637109455216,1595.1906027560203,1634.5506887209767,1653.9861686694483,1640.0714442656442,0.01134,0.01085,0.01003,0.009119,0.008453,0.00777
COD,COD.16_1,POTA,0.5869871881623032,0.5541512755459638,0.5238951512932974,0.47955641434517493,0.42354510201594336,0.36957921053002046,4.132744663213012,4.13046211285738,4.15210080648631,4.158967922466699,4.167857640249396,4.1640595190186716,0.142,0.1342,0.1262,0.1153,0.1016,0.08875
COD,COD.19_1,POTA,146.91314726730502,116.0043048292094,88.45701921622057,64.19074016856955,43.73984079076332,29.004972559590353,7876.11880451617,8967.617335645029,8851.404875629749,8634.000877505787,8298.309802903123,8462.77973680838,0.01865,0.01294,0.009994,0.007435,0.005271,0.003427
COD,COD.1_1,POTA,0.10244585976676773,0.09881693380851903,0.09480214206061298,0.08937493880378132,0.08211585053041746,0.07420427084259883,0.16689046076404782,0.16939462075888884,0.16957470612294928,0.17074891136834364,0.16990567381906044,0.17002893251641585,0.6139,0.5834,0.5591,0.5234,0.4833,0.4364
COD,COD.20_1,POTA,0.043438832025385385,0.03908507518899791,0.037054083732590525,0.03358156406937138,0.03037767021493367,0.027720251264182465,1.4657931036462273,1.468551649412678,1.484659847437878,1.5182654822786235,1.534040229159147,1.5224595286673424,0.02964,0.02661,0.02496,0.02212,0.0198,0.01821
COD,COD.22_1,POTA,790.623214495719,767.8979333618997,718.0061099203645,687.7977589913577,641.4270269790242,597.0214485119542,58652.076688213274,58692.66107371519,59395.67433052955,60834.40345551299,61563.8098291076,61048.9287174267,0.01348,0.01308,0.01209,0.01131,0.01042,0.009779
COD,COD.23_1,POTA,65.09825450544065,67.72530769460757,72.88379517900643,69.95645393754764,65.97252453524683,63.73543112692352,170.4311919174245,170.4718343166993,172.47094991061797,176.44531953356287,178.48724815611394,177.05284355730717,0.382,0.3973,0.4226,0.3965,0.3696,0.36
COD,COD.24_1,POTA,1.2083615634204625,0.8767982241696747,0.5845016365086473,0.35304767668538434,0.19685458015661264,0.1190881472720394,3.0989744666075505,3.0998670540860513,3.1376532573425924,3.214683556737228,3.2539871587072207,3.226251440870407,0.3899,0.2829,0.1863,0.1098,0.0605,0.03691
COD,COD.25_1,POTA,0.01345288598875739,0.01310011460634127,0.013447122331737161,0.01281214002200039,0.012325953096487,0.011335197151538051,0.05100316787016325,0.05101785814576744,0.051639746479677846,0.05290751726431886,0.05355437906675638,0.053097902420022644,0.2638,0.2568,0.2604,0.2422,0.2302,0.2135
COD,COD.2_1,POTA,3.3314737489894317,3.5323620199035513,3.7814366327413533,4.035956123807923,4.93841377515381,4.877982772052499,13.155324680605153,13.15511799917508,13.282441262171774,13.499147515348435,13.615915525442228,13.53636264102922,0.2532,0.2685,0.2847,0.299,0.3627,0.3604
COD,COD.3_1,POTA,20.505361636416826,18.52131740334981,16.555281803662172,14.970682783647684,13.574896312699172,12.129346629453908,1556.0093869996483,1547.8629934253281,1561.496880891893,1605.3967177019545,1609.571999518652,1601.009570226829,0.01318,0.01197,0.0106,0.009325,0.008434,0.007576
COD,COD.4_1,POTA,0.001977158557659709,0.0013948701133186666,9.87173220411367e-4,8.16052842553645e-4,7.178245402773881e-4,6.240915621099249e-4,1.2604106344908423,1.260773666442941,1.2761420190817778,1.3074716765478804,1.323457183505285,1.3121765504786354,0.001569,0.001106,7.736e-4,6.241e-4,5.424e-4,4.756e-4
COD,COD.5_1,POTA,5.402689200865185,5.37895094842177,5.390544126173419,5.2260201116983325,4.935276977127271,4.5263555871137555,14.419951924636964,14.42410525622043,14.599929626587173,14.958362142240325,15.141247176298961,15.012189088821405,0.3747,0.3729,0.3692,0.3494,0.3259,0.3015
COD,COD.6_1,POTA,17.52024698792102,16.065949196352097,15.453508640743202,14.431618256541697,13.057143280258092,11.601340820893551,7434.969043496668,7768.601353929819,7943.208464100811,8203.319403057361,8263.601506197794,8170.969618189144,0.002356,0.002068,0.001945,0.001759,0.00158,0.00142
COD,COD.7_1,POTA,0.42868239787920315,0.3762854597902454,0.32388920767360657,0.27147619739852935,0.2190712030250855,0.16665355647916336,0.05694039453277284,0.05695679488835127,0.05765107660783841,0.05906642729425748,0.05978858961822794,0.059278974991423136,7.529,6.607,5.618,4.596,3.664,2.811
COD,COD.8_1,POTA,0.12146355539404076,0.10473608105399988,0.08800860671395898,0.0712811323739181,0.05455365803387724,0.03782618369383637,0.025763797906221637,0.025771218568656107,0.026085359945048486,0.02672576311314289,0.027052519615673856,0.026821934486034538,4.715,4.064,3.374,2.667,2.017,1.41
COG,COG.11_1,POTA,24.846826878160236,28.403402964398143,27.95550793999053,28.91060800660399,28.489267342391532,26.714366475491225,1113.8695472863383,1113.08918251657,1117.5538895206384,1114.8458223364883,1115.1718290267745,1115.7266012926473,0.02231,0.02552,0.02501,0.02593,0.02555,0.02394
COG,COG.12_1,POTA,2.978169379739759,2.9410439369145056,2.8880473240391256,2.749400592875844,2.7695849039094824,2.5747977788715892,45.1061761453656,45.07120041910715,45.32927689465183,45.20600591732556,45.23026203720575,45.24873924837262,0.06603,0.06525,0.06371,0.06082,0.06123,0.0569
COG,COG.1_1,POTA,9.56091468481621,9.247051073190468,8.938666717888024,8.625773222903854,8.041405131661403,7.391479815947235,487.0239319749797,486.6826201095642,488.63385481004167,487.4468022981953,487.5879875276642,487.83158847689896,0.01963,0.019,0.01829,0.0177,0.01649,0.01515
COG,COG.2_1,POTA,0,0,0,0,0,0,0.08019090328084721,0.08014177779149906,0.08052161796678975,0.0805213995056274,0.08063329317242621,0.0806058059566578,0,0,0,0,0,0
COG,COG.3_1,POTA,0.14506287736236773,0.1430701572771016,0.13927935018908325,0.13760428943548642,0.13619188402669805,0.1258015450447362,9.177439194011235,9.171007541097707,9.207776448416611,9.185407727841852,9.188068210773952,9.192658607164002,0.01581,0.0156,0.01513,0.01498,0.01482,0.01369
COG,COG.4_1,POTA,3.1024311822295036,3.0865861767760356,3.0656945692751174,3.0079345285830508,2.908928363563837,2.6746270684576117,48.21686907153578,48.183212070215355,48.37749908792469,48.26367383761297,48.27933005479178,48.30216740688307,0.06434,0.06406,0.06337,0.06232,0.06025,0.05537
COG,COG.5_1,POTA,5.164696302592681,4.964870821929245,4.79291444470306,4.490073620312214,4.192972718426004,3.805626394789624,253.30255611846542,253.1295496845209,254.1574556583263,253.544087683319,253.63725452080618,253.75441788025583,0.02039,0.01961,0.01886,0.01771,0.01653,0.015
COG,COG.6_1,POTA,7.9449752776759475,7.5644062208957665,7.1742281560136885,6.811513340936357,6.345022494936652,5.815718868311276,130.99994017125496,130.90813393543436,131.43297801852916,131.1136840417395,131.1516601151914,131.21718402003526,0.06065,0.05778,0.05458,0.05195,0.04838,0.04432
COG,COG.7_1,POTA,4.320251720000691,4.379691798965832,4.659713357914663,4.471721496155982,4.393250496861587,4.159733390599062,71.77129231739835,71.72267514707382,72.0232030102161,71.89168120471491,71.93212994006866,71.95302321935434,0.06019,0.06106,0.0647,0.0622,0.06107,0.05781
COG,COG.8_1,POTA,1.423879253581068,1.3613698174581421,1.2801204815758278,1.2339976348385957,1.1475643745789186,1.0370696942726914,183.13452738335127,183.00618464070672,183.7399030911263,183.29353837172812,183.3466279399706,183.4382286638351,0.007775,0.007439,0.006967,0.006732,0.006259,0.005654
COG,COG.9_1,POTA,9.456997798613278,9.534392695759474,9.468856289624467,9.861431305478035,12.983280563693947,12.426580544720311,438.15767861120133,437.8506147828928,439.60608620316793,438.53819396117433,438.665238425608,438.884378058003,0.02158,0.02178,0.02154,0.02249,0.0296,0.02831
COL,COL.10_2,POTA,2.654210683822145,2.4325525548715152,2.3104220529405803,2.153421378716697,1.9268847140832752,1.7620770703079087,94.50936004246662,93.47422617357338,90.9474646822037,92.6437942090847,89.71515395451253,90.82763696967959,0.02808,0.02602,0.0254,0.02324,0.02148,0.0194
COL,COL.11_2,POTA,206.0790058931676,189.62231645051284,176.75679432448788,169.0027716367252,155.74624401852762,147.24532193285344,62942.848138400004,62253.45320562947,60570.64036294622,61700.388905896645,59749.92644680571,60490.83559536777,0.003274,0.003046,0.002918,0.002739,0.002607,0.002434
COL,COL.12_2,POTA,0.5069508723331267,0.35614329612868745,0.2278543841116758,0.10928645786329405,0.03541382392507043,0.01699433078702436,345.32311176418597,341.540886929121,332.308477139301,338.5066123349768,327.8057974580981,331.8706445421294,0.001468,0.001043,6.857e-4,3.228e-4,1.08e-4,5.121e-5
COL,COL.13_2,POTA,0.03569590849830436,0.033495513898535785,0.03155385424818422,0.029336573214879973,0.027130619997960823,0.024704583485078657,2.0173851772554316,1.995289336984775,1.9413533969164207,1.9775630383924894,1.9150486436655265,1.9387955693005956,0.01769,0.01679,0.01625,0.01483,0.01417,0.01274
COL,COL.14_2,POTA,0,0,0,0,0,0,0.2809811835381481,0.27790367735811095,0.27039148561282084,0.2754347604579743,0.2667277625001277,0.2700352316664333,0,0,0,0,0,0
COL,COL.15_2,POTA,270.29582933156945,230.18338005372973,197.15026923315608,166.96648179345618,140.65154016587093,114.82928853385344,848831.0339779294,839534.0315239565,816840.0510719547,832075.5488641594,805772.1146400693,815763.824536558,3.184e-4,2.742e-4,2.414e-4,2.007e-4,1.746e-4,1.408e-4
COL,COL.16_2,POTA,0,0,0,0,0,0,0.01462379388419612,0.01462379388419612,0.01462379388419612,0.01462379388419612,0.01462379388419612,0.01462379388419612,0,0,0,0,0,0
COL,COL.18_2,POTA,2.456836761142295,2.1494517116453355,1.900736550014012,1.6589044034569598,1.426456816538119,1.197089492303482,149.28890927055198,147.65379073661376,143.66246684166924,146.34202349846706,141.7158837271846,143.47318454735392,0.01646,0.01456,0.01323,0.01134,0.01007,0.008344
COL,COL.19_2,POTA,5.943631474642446,6.571868803357851,6.544997263274175,6.616590960463561,6.274280281586064,5.875200046770289,980.3519751256803,980.3519751256803,980.3519751256803,980.3519751256803,980.3519751256803,980.3519751256803,0.006063,0.006704,0.006676,0.006749,0.0064,0.005993
COL,COL.21_2,POTA,0,0,0,0,0,0,0.17701401202431202,0.17507522840507359,0.17034265811981397,0.17351984707901952,0.16803456645702844,0.17011822337455637,0,0,0,0,0,0
COL,COL.22_2,POTA,325.2583302230007,279.5231147583785,247.52347284829057,215.85954918398104,184.94222316293562,163.64640787197368,495269.39937926154,489841.71738071437,476600.7555403075,485490.3111706423,470142.42949209537,475972.6049522214,6.567e-4,5.706e-4,5.194e-4,4.446e-4,3.934e-4,3.438e-4
COL,COL.23_2,POTA,91.58718259118747,82.2868837430103,75.03255122049886,66.59144370569315,58.94675020868321,55.075868360501936,31417.74464752958,31075.28740904844,30239.349383409186,30800.55247296783,29831.65938172176,30199.70632973498,0.002915,0.002648,0.002481,0.002162,0.001976,0.001824
COL,COL.24_2,POTA,1.5935532611784076,1.2756639467907207,1.01360476144392,0.7921996847375563,0.587173132101967,0.4014748847200412,50.89077230817161,50.33338029952134,48.972786558577894,49.88621481238618,48.309220064976955,48.908262528031784,0.03131,0.02534,0.0207,0.01588,0.01215,0.008209
COL,COL.25_2,POTA,3.8565451418278096,2.3462837513938974,1.6141366580897822,1.0428002075236573,0.6326481883540076,0.448808509162835,4.724174590649825,4.672432063569446,4.546128569092314,4.630921830253529,4.484529897543506,4.540138823372866,0.8163,0.5022,0.3551,0.2252,0.1411,0.09885
COL,COL.26_2,POTA,2.0439520133491627,1.9560315027386235,1.8421858923177412,1.7770122651151388,1.6778889334126768,1.5414233026300748,258.35958454347184,255.52984623825037,248.62245580774297,253.25970011472876,245.25369648600284,248.29488361795546,0.007911,0.007655,0.00741,0.007017,0.006841,0.006208
COL,COL.28_2,POTA,52.64803736372215,44.00239761699199,35.85797597402728,28.61871437681674,22.66559653252839,17.50241122537333,12541.388549225994,12404.026323469514,12068.725167898789,12293.828032785184,11905.197580341219,12052.824034920483,0.004198,0.003547,0.002971,0.002328,0.001904,0.001452
COL,COL.2_2,POTA,201.9443613009495,182.28255944069878,163.27274713040313,151.44014331338335,141.6456135050268,129.11472458866467,93153.69933623119,92133.41362958474,89642.89649820587,91314.89354327356,88428.26227610793,89524.78761777747,0.002168,0.001978,0.001821,0.001658,0.001602,0.001442
COL,COL.30_2,POTA,62.39854412288779,45.708326143143886,34.54331007895175,25.803061747054088,18.94956427128943,14.863438680225787,20793.91762576257,20566.167819904917,20010.23060598366,20383.456458240642,19739.098013937328,19983.866152956038,0.003001,0.002223,0.001726,0.001266,9.6e-4,7.438e-4
COL,COL.31_2,POTA,44.72901376171966,41.66252553355339,37.90025314072667,36.8278423076836,39.26201290369934,44.1243955484329,3644.2876051142607,3604.372769945061,3506.9406681940713,3572.3512546822662,3459.4226794090837,3502.3201031272397,0.01227,0.01156,0.01081,0.01031,0.01135,0.0126
COL,COL.5_2,POTA,0.43113394331438537,0.3299636067052965,0.2729575534481656,0.2291910915098656,0.18659395546790022,0.1690278694380398,1492.6482781242214,1476.2997303577642,1436.3929297231095,1463.1841739585211,1416.9302385676967,1434.5004121069674,2.888e-4,2.235e-4,1.9e-4,1.566e-4,1.317e-4,1.178e-4
COL,COL.6_2,POTA,0,0,0,0,0,0,0.15318263159392562,0.15150486623800935,0.14740944146225932,0.1501588857592194,0.1454120879712999,0.14721522234645876,0,0,0,0,0,0
COL,COL.7_2,POTA,146.86304076923562,126.25057758980267,106.80346637463772,89.77432237695263,72.63310310267717,56.429024728038755,250197.69251635656,247457.34906967313,240768.17146445168,245258.9196102679,237505.8353276612,240450.94767667472,5.87e-4,5.102e-4,4.436e-4,3.66e-4,3.058e-4,2.347e-4
COL,COL.8_2,POTA,54.321798534063646,51.257662949379586,48.01691466552207,45.12602698467585,41.45236451517601,37.89329035577192,4621.870086796707,4571.2480715559095,4447.679746173283,4530.636764336545,4387.415026494774,4441.819711571042,0.01175,0.01121,0.0108,0.00996,0.009448,0.008531
CRI,CRI.1_1,POTA,12.794024537283297,12.55678956266229,11.930459934513562,10.883474772539579,9.73175853695965,8.803923895767268,11637.375698790653,20324.84255302607,18931.699666477914,19784.616627991007,18332.71686561986,19124.21874481115,0.001099,6.178e-4,6.302e-4,5.501e-4,5.308e-4,4.604e-4
CRI,CRI.2_1,POTA,27.315987278554626,26.97166758641071,26.205332877733362,24.86896481681576,24.402292519186343,22.32593159057533,19198.191196237996,33627.777309019744,31359.585543757243,32765.8160587298,30334.714423487334,31670.35792376775,0.001423,8.021e-4,8.356e-4,7.59e-4,8.044e-4,7.049e-4
CRI,CRI.3_1,POTA,0.12365933903781837,0.11620838705656275,0.11550304230797104,0.10642629056855395,0.09671755046103611,0.087044101848957,5264.542665714483,9221.434800126945,8599.449520358161,8985.067127154025,8318.40857830437,8684.669759971754,2.349e-5,1.26e-5,1.343e-5,1.184e-5,1.163e-5,1.002e-5
CRI,CRI.4_1,POTA,0.4864283308644357,0.4695653508715974,0.4441798154285437,0.4266654473941652,0.4023854755774214,0.38181678901001237,681.1078614356315,1193.0365342058008,1112.5662843383768,1162.4561228626526,1076.2062038579322,1123.591776739124,7.142e-4,3.936e-4,3.992e-4,3.67e-4,3.739e-4,3.398e-4
CRI,CRI.6_1,POTA,12.937853761725108,12.301748610364347,11.508417263901991,11.052567092729022,10.206160764846183,9.18259727841752,4473.92461884506,7836.1939648526795,7307.66355028156,7635.3405848405555,7068.850605628917,7380.079502156489,0.002892,0.00157,0.001575,0.001448,0.001444,0.001244
CRI,CRI.7_1,POTA,10.334579576610269,10.11616373592364,10.561726984954316,9.913451525908458,9.689276062019955,8.961257817234726,1394.8383956864345,2443.215325483641,2278.42058359213,2380.589808568595,2203.9589025634104,2300.999650730624,0.007409,0.004141,0.004636,0.004164,0.004396,0.003895
CUB,CUB.10_1,POTA,2.6116726863109094,2.461573870419345,2.2754882823173945,2.11583021764033,1.9742612998627915,1.8103359847336886,3151.7642252746177,2657.550331545852,2538.7327672992405,2180.408437130659,2159.3888452718097,2293.312185060893,8.286e-4,9.263e-4,8.963e-4,9.704e-4,9.143e-4,7.894e-4
CUB,CUB.11_1,POTA,7.314914730919735,7.123539683763808,6.588730603765658,6.8084358619517,6.391526617327863,7.723977742603423,3868.4847932357425,3261.8851887462997,3116.0481566576204,2676.2398070394756,2650.4402974143877,2814.8182033753806,0.001891,0.002184,0.002114,0.002544,0.002411,0.002744
CUB,CUB.12_1,POTA,1.9537483527594413,1.666776618265642,1.3927132493322743,1.138016801336114,0.9161129039880909,0.7803862651130861,1834.7477170277095,1547.0492255064341,1477.881534282555,1269.288917658447,1257.0527078980174,1335.013977958863,0.001065,0.001077,9.424e-4,8.966e-4,7.288e-4,5.846e-4
CUB,CUB.13_1,POTA,69.14753132554152,66.28155829114215,63.65920532937035,60.437695902721885,55.82386758261163,52.53240260425862,9254.572644964117,7803.404964023476,7454.519165079506,6402.366051147165,6340.645907785785,6733.8870223955855,0.007472,0.008494,0.00854,0.00944,0.008804,0.007801
CUB,CUB.14_1,POTA,21.50825004372089,19.41529836770748,17.42605836008634,15.50127880134664,13.568866082634134,12.965904139052322,4001.1442723965915,3373.742934956963,3222.9048066372534,2768.014390083508,2741.330154346673,2911.344966888885,0.005376,0.005755,0.005407,0.0056,0.00495,0.004454
CUB,CUB.15_1,POTA,135.42304325750834,128.64999506838032,117.83286882191061,114.52499123721272,106.34628229518195,131.08812908555203,4650.10209503498,3920.940616459187,3745.6375909348144,3216.9671069382703,3185.954873422897,3383.544908214613,0.02912,0.03281,0.03146,0.0356,0.03338,0.03874
CUB,CUB.16_1,POTA,7.267328592579745,7.169667483893283,6.747118153481616,6.375391957786684,5.885255868438563,5.451684633994345,5034.852247583779,4245.359837690523,4055.552213248896,3483.139453231595,3449.561262812037,3663.499927047698,0.001443,0.001689,0.001664,0.00183,0.001706,0.001488
CUB,CUB.1_1,POTA,13.179829294877807,12.847534503430984,11.95044463740057,11.32142553583471,10.46549926366882,9.546025849374328,9513.013620820891,8021.320979303255,7662.692279222655,6581.156989802894,6517.713264522362,6921.935936174893,0.001385,0.001602,0.00156,0.00172,0.001606,0.001379
CUB,CUB.2_1,POTA,7.13614684085792,6.86160723728958,6.253416861871333,5.672244074223846,5.074391569871467,4.498748802876599,3202.2843602030507,2700.14863260281,2579.4265225372346,2215.3585541348384,2194.002035862416,2330.0720543725643,0.002228,0.002541,0.002424,0.00256,0.002313,0.001931
CUB,CUB.3_1,POTA,9.975976672952715,8.200259924731236,6.464429798152759,4.77020841224285,3.1954882654116505,2.09375540011725,2463.413609346217,2077.13686250823,1984.2692544405716,1704.2035615760492,1687.7746839865522,1792.4489407726164,0.00405,0.003948,0.003258,0.002799,0.001893,0.001168
CUB,CUB.4_1,POTA,0.170585687048031,0.14775560891078945,0.12403545097558717,0.10580968762415967,0.08890375570608443,0.07904943516848913,442.64752450764837,373.23796814488986,356.55071081135367,306.2260778809943,303.27399465475924,322.08277303864014,3.854e-4,3.959e-4,3.479e-4,3.455e-4,2.931e-4,2.454e-4
CUB,CUB.5_1,POTA,46.846738848254454,40.65285094402993,34.69201835708141,29.64007470573189,26.142149930514762,26.23281024881647,4017.6561074501024,3387.66562383356,3236.2050200105855,2779.4373715916017,2752.6430159318106,2923.3594419001406,0.01166,0.012,0.01072,0.01066,0.009497,0.008974
CUB,CUB.6_1,POTA,254.70151866027928,243.3913724211789,227.66918096671807,215.20832210537327,202.3320123518639,190.90492958824578,2667.0867174383184,2248.8729116697045,2148.327082492746,1845.1057774649767,1827.3185731420303,1940.6472155075046,0.0955,0.1082,0.106,0.1166,0.1107,0.09837
CUB,CUB.7_1,POTA,28.41327585845521,30.93180732901156,29.23541473004,45.025470464043615,43.14163577958649,41.15025308203855,2781.7395069081217,2345.5475157611904,2240.679420004252,1924.4232300509939,1905.8713889507126,2024.0718057842128,0.01021,0.01319,0.01305,0.0234,0.02264,0.02033
CUB,CUB.8_1,POTA,3.7258094897826632,3.6790390932757706,4.519356204922536,5.106624894495011,5.6114027732097584,5.872809540715898,902.1834300223686,760.7161266519589,726.7049411707319,624.1356339048018,618.1188362875134,656.4540065017254,0.00413,0.004836,0.006219,0.008182,0.009078,0.008946
CUB,CUB.9_1,POTA,0.3867106141314133,0.3394035044400333,0.29533546405825045,0.24208476092870987,0.2664032002542585,0.23477142073165283,1054.2069924150594,888.9015617805256,849.1592783806342,729.3063999873442,722.2757342612684,767.0706209222236,3.668e-4,3.818e-4,3.478e-4,3.319e-4,3.688e-4,3.061e-4
CYP,CYP.1_1,POTA,5.331389995550489e-4,4.999039310384491e-4,4.666688625218493e-4,4.334337940052495e-4,4.0019872548864967e-4,3.6696365697204994e-4,147.2191877384824,158.59550720891363,136.45174170449675,128.42422613451637,130.9879037616558,131.91671882497337,3.621e-6,3.152e-6,3.42e-6,3.375e-6,3.055e-6,2.782e-6
CYP,CYP.4_1,POTA,3.9311463167258703e-4,2.715210348832923e-5,0,0,0,0,642.7503196919774,692.4186617665641,595.7402832495515,560.6926221518501,571.8854879714753,575.940639939455,6.116e-7,3.921e-8,0,0,0,0
CYP,CYP.5_1,POTA,0.011029080214739697,0.009533318938951645,0.008037557663163603,0.00654179638737556,0.005046035111587519,0.003561747852541416,422.3947390567747,455.03516839181066,391.5012622776985,368.46907200044075,375.82466170974453,378.4895765372801,2.611e-5,2.095e-5,2.053e-5,1.775e-5,1.343e-5,9.41e-6
CZE,CZE.10_1,POTA,0.011625799338790571,0.008839372409756074,0.006146614023019203,0.0043921912844746835,0.003532975187730649,0.0026836261619760035,180.41902200763468,174.1063516216849,169.80461400235947,148.68722854459875,169.8693992074698,160.98708499081317,6.444e-5,5.077e-5,3.62e-5,2.954e-5,2.08e-5,1.667e-5
CZE,CZE.11_1,POTA,0,0,0,0,0,0,4.620792950524543,4.459116301943955,4.348942559479349,3.8080956755371393,4.350601802588756,4.123112846823692,0,0,0,0,0,0
CZE,CZE.12_1,POTA,0.001850664539227157,0.0017540155689819586,0.0016612580411854286,0.0015663870412501667,0.001471516041314905,0.0013766450413796431,840.6065971973244,811.194663171116,791.1520480301036,692.7621258710017,791.4538946436732,750.0695004383593,2.202e-6,2.162e-6,2.1e-6,2.261e-6,1.859e-6,1.835e-6
CZE,CZE.13_1,POTA,0.16333099020788927,0.15361488419967695,0.1455512057830432,0.13546223238030014,0.12588665021288986,0.11470324872394251,535.585496841178,516.8459278787078,504.0759424609323,441.3876224793351,504.26826151842897,477.9005392023963,3.05e-4,2.972e-4,2.887e-4,3.069e-4,2.496e-4,2.4e-4
CZE,CZE.14_1,POTA,0.03285298501339074,0.03357177177417747,0.031525536975458325,0.029107684279547807,0.02668983158363728,0.02427630526119385,184.43436602190434,177.90226271290055,173.36444107645474,151.9863364829399,173.7702432943759,164.64834813228114,1.781e-4,1.887e-4,1.818e-4,1.915e-4,1.536e-4,1.474e-4
CZE,CZE.1_1,POTA,5.864576967480435e-4,5.419085284512694e-4,4.973593601544955e-4,4.528101918577215e-4,4.082610235609475e-4,3.6371185526417346e-4,130.81647043060005,126.23934075939064,123.1202786681724,107.80869012519804,123.16725249484736,116.72695045713104,4.483e-6,4.293e-6,4.04e-6,4.2e-6,3.315e-6,3.116e-6
CZE,CZE.2_1,POTA,0.01027071881018531,0.007248863357326115,0.005540300461269258,0.004780588254017736,0.004056602234070102,0.0035194083330525056,1035.9077749245837,989.6830744231349,957.6814798775492,837.7803876949935,958.8852571503215,909.9182192306815,9.915e-6,7.324e-6,5.785e-6,5.706e-6,4.231e-6,3.868e-6
CZE,CZE.3_1,POTA,0.014358240239153153,0.013293072011405267,0.012214686070666914,0.011104668513550646,0.0101431129111923,0.009058564441502335,114.57864830459413,110.56966282198817,107.83775974270827,94.42674878303836,107.87890286137213,102.23801452578338,1.253e-4,1.202e-4,1.133e-4,1.176e-4,9.402e-5,8.86e-5
CZE,CZE.4_1,POTA,7.317652440342479e-4,5.653118007956342e-4,4.1761776914964584e-4,2.699237375036574e-4,1.2222970585766907e-4,4.2238853808954206e-5,116.23334067007882,112.1664592551193,109.39510328269203,95.79041664455362,109.43684057143341,103.71448910984726,6.296e-6,5.04e-6,3.818e-6,2.818e-6,1.117e-6,4.073e-7
CZE,CZE.5_1,POTA,0.0047294608398971896,0.004093849058390212,0.003542519508902118,0.0031456418035932985,0.0028031661119581443,0.002536198355006884,224.903694716666,215.17631685329772,206.6255859387164,182.07091407105017,206.2867824564883,196.38702483354126,2.103e-5,1.903e-5,1.714e-5,1.728e-5,1.359e-5,1.291e-5
CZE,CZE.6_1,POTA,0.002069549159752864,0.0019036170671428837,0.0017292482618098358,0.0016506823332409,0.0015020210631901832,0.0013601823176679463,44.34325519873697,42.53823446444673,41.04600840632058,36.097182373864534,41.00469532294971,38.98157165491697,4.667e-5,4.475e-5,4.213e-5,4.573e-5,3.663e-5,3.489e-5
CZE,CZE.7_1,POTA,0.008794475458989884,0.008088621778105837,0.007382768097221771,0.006676914416337744,0.005971060735453708,0.005305715073107611,155.2408780464202,146.5354837982818,137.21711981541085,122.16406443898606,136.53371513215185,130.95675998001383,5.665e-5,5.52e-5,5.38e-5,5.466e-5,4.373e-5,4.052e-5
CZE,CZE.8_1,POTA,0.013756501324812884,0.012628294599798457,0.01150008787478401,0.012411411849452934,0.011593906630936412,0.010344356355329288,133.05276889782593,128.3973935131041,125.2250112722838,109.65167218767857,125.27278811326,118.72238955995958,1.034e-4,9.835e-5,9.184e-5,1.132e-4,9.255e-5,8.713e-5
CZE,CZE.9_1,POTA,0.003050115969022805,0.002589393958873058,0.002394211061979029,0.0022354883319404845,0.0020151010745465886,0.0018258928582832804,331.26405049307135,318.24669546430164,307.9003037376106,270.4856906176221,307.69710942089927,292.2887983337272,9.208e-6,8.136e-6,7.776e-6,8.265e-6,6.549e-6,6.247e-6
DEU,DEU.10_1,POTA,0.7577320421171249,0.7084811722191922,0.6515088588243199,0.5833778752062082,0.5105393839766751,0.44195974629551305,21271.509745134274,20563.152208049964,19458.079295978234,21082.028498241747,23008.47976534945,22087.444762123683,3.562e-5,3.445e-5,3.348e-5,2.767e-5,2.219e-5,2.001e-5
DEU,DEU.11_1,POTA,0.13579318550420583,0.12511012081557063,0.11377785658253167,0.10357887146251145,0.09222414053466209,0.08175376993925317,6017.883661327199,5810.868328720117,5487.913751662256,5962.5082592134,6525.50812683156,6256.338290679269,2.256e-5,2.153e-5,2.073e-5,1.737e-5,1.413e-5,1.307e-5
DEU,DEU.12_1,POTA,0.005910023959233477,0.005488392591707908,0.0048657458230492905,0.004190034851180827,0.0037678857884149756,0.0032795113078741855,86.14173662411433,83.29697987852245,78.56119204672773,85.31505041896115,93.32482141405237,89.50056875173978,6.861e-5,6.589e-5,6.194e-5,4.911e-5,4.037e-5,3.664e-5
DEU,DEU.13_1,POTA,0.10547377451143501,0.09271393473220756,0.08649785034183737,0.08761352350347115,0.07808811173682424,0.07233729170320836,4626.39846869423,4467.250140222106,4218.970849625521,4583.827278100446,5016.647546104038,4809.716478735087,2.28e-5,2.075e-5,2.05e-5,1.911e-5,1.557e-5,1.504e-5
DEU,DEU.14_1,POTA,0.1051658831415847,0.09408518495532506,0.08342245946346373,0.07321413956343507,0.06467721753591364,0.05563109383512077,2522.718753519266,2435.593051946838,2299.78327924264,2498.016189818574,2733.753240622592,2621.107394274021,4.169e-5,3.863e-5,3.627e-5,2.931e-5,2.366e-5,2.122e-5
DEU,DEU.15_1,POTA,0.049741085331664076,0.045814410222589516,0.04223014179397251,0.038324713151711855,0.03509379000293051,0.031119326448258346,863.1706938891737,833.4775807584846,787.15485067098,855.227970327168,935.9814492136081,897.3732674461397,5.763e-5,5.497e-5,5.365e-5,4.481e-5,3.749e-5,3.468e-5
DEU,DEU.16_1,POTA,0.026202456192458347,0.01686869571704249,0.01045524616730527,0.007066679565950998,0.00402968515675949,0.0025031086093700162,574.60149362654,554.8351747789419,523.9987364179373,569.3141259546514,623.0706655501042,597.3697015729367,4.56e-5,3.04e-5,1.995e-5,1.241e-5,6.467e-6,4.19e-6
DEU,DEU.1_1,POTA,0.11785445769964163,0.09853167002686607,0.08377085052986609,0.0697123914724235,0.05770584477090241,0.048098839087742894,3717.263631591091,3590.3551747724273,3389.9301455927475,3682.7410699885845,4030.1046622645304,3864.0760897412733,3.17e-5,2.744e-5,2.471e-5,1.893e-5,1.432e-5,1.245e-5
DEU,DEU.2_1,POTA,0.24033682137181697,0.2005819609025156,0.16321050109693117,0.12826761621473004,0.09912549745933216,0.07969263628820948,7270.339297441228,7020.174072137804,6629.978301804341,7203.223302152812,7883.4087781807175,7558.228822827945,3.306e-5,2.857e-5,2.462e-5,1.781e-5,1.257e-5,1.054e-5
DEU,DEU.4_1,POTA,0.36461354725325845,0.3480656987094677,0.3356635498206603,0.3089744507742663,0.28028546131699794,0.2524910678659639,2168.264765487645,2092.6757107555977,1975.0748328662835,2143.982224699387,2346.0345349380427,2249.6075990757763,1.682e-4,1.663e-4,1.699e-4,1.441e-4,1.195e-4,1.122e-4
DEU,DEU.5_1,POTA,0.0204194039256482,0.01918186429379073,0.01794432466193327,0.0167067850300758,0.01546924539821833,0.01423170576636087,103.2448960894522,99.69326672870844,94.15254866642654,102.29485726789343,111.95387905294346,107.33590749412599,1.978e-4,1.924e-4,1.906e-4,1.633e-4,1.382e-4,1.326e-4
DEU,DEU.6_1,POTA,7.076111093486711e-5,6.33125729417232e-5,5.58640349485793e-5,4.841549695543539e-5,4.096695896229148e-5,3.3518420969147575e-5,3.0367868725299427,2.932321258951777,2.769349717372142,3.008842968947495,3.292947962698536,3.1571175639214064,2.33e-5,2.159e-5,2.017e-5,1.609e-5,1.244e-5,1.062e-5
DEU,DEU.7_1,POTA,0.06991237200143215,0.05562680754182985,0.043644099452389444,0.03223019768683438,0.023460015446164533,0.019035058730858177,1221.1122704606269,1179.1059499857156,1113.5740053639372,1209.8758403187028,1324.1163545631266,1269.4980446156353,5.725e-5,4.718e-5,3.919e-5,2.664e-5,1.772e-5,1.499e-5
DEU,DEU.8_1,POTA,0.1062671896887509,0.09251610469780744,0.09078880229169525,0.08162145657828683,0.07782641521329572,0.06904658428990743,970.1414873726316,936.7685738327411,884.7051724865149,961.2144400287106,1051.9755150652366,1008.5827085788593,1.095e-4,9.876e-5,1.026e-4,8.491e-5,7.398e-5,6.846e-5
DEU,DEU.9_1,POTA,3.556109845490887,3.3697404114361538,2.996334525575771,2.6834142616094105,2.3497632838268556,2.071420490775059,40346.331957759445,38958.416209795105,36793.19876377728,39975.07310507817,43749.6529059936,41945.02894354499,8.814e-5,8.65e-5,8.144e-5,6.713e-5,5.371e-5,4.938e-5
DMA,DMA.10_1,POTA,0,0,0,0,0,0,0.01122504242842625,0.01130694936594872,0.011327426100329335,0.011352453220127868,0.011378238737496051,0.01134853521188345,0,0,0,0,0,0
DMA,DMA.1_1,POTA,6.444415607415817e-4,6.071631819203938e-4,5.698848030992057e-4,5.326064242780178e-4,4.953280454568299e-4,4.5804966663564185e-4,0.3454968595305588,0.34801788249044674,0.3486481382304186,0.34941845080149553,0.3502121061777565,0.3492978579794468,0.001865,0.001745,0.001635,0.001524,0.001414,0.001311
DMA,DMA.2_1,POTA,0.00324290071600831,0.00304561920433683,0.00285124186758725,0.00265431049621351,0.00245685445904116,0.00225939842186882,0.9690318340559643,0.9761026696804523,0.9778703785865741,0.9800309116940564,0.9822569155017655,0.9796926791449021,0.003347,0.00312,0.002916,0.002708,0.002501,0.002306
DMA,DMA.3_1,POTA,0.0011882084525198927,0.001116195819033842,0.0010441831855477913,9.721705520617369e-4,9.001579185756824e-4,8.281452850896278e-4,0.9045533748650066,0.9111537237931482,0.9128038110251835,0.9148205843087822,0.9168984719343083,0.9145048574326629,0.001314,0.001225,0.001144,0.001063,9.817e-4,9.056e-4
DMA,DMA.4_1,POTA,0,0,0,0,0,0,0.06682020128218948,0.0673077752122264,0.06742966869473563,0.06757864961780248,0.06773214511429558,0.06755532657905348,0,0,0,0,0,0
DMA,DMA.5_1,POTA,0.36566089812067504,0.34532600893795423,0.3233138353980266,0.3010199375721171,0.27885409332152267,0.25636447458275036,8.840492648890068,8.904999993399235,8.921126829526525,8.940837407015435,8.961145274731283,8.937751706154712,0.04136,0.03878,0.03624,0.03367,0.03112,0.02868
DMA,DMA.6_1,POTA,0.0017036610343508,0.00160040885045076,0.00149715666655071,0.00139390448265066,0.00129065229875061,0.00118740011485056,0.14405184771233315,0.1451029658498193,0.14536574538419084,0.14568692037064493,0.1460178279324461,0.14563664026430598,0.01183,0.01103,0.0103,0.009568,0.008839,0.008153
DMA,DMA.8_1,POTA,0.04152014704006332,0.03898729523533005,0.03645444343059676,0.03392159162586347,0.03138873982113019,0.0288558880163969,4.670519836965893,4.704599706055301,4.713119673327652,4.723532966660527,4.734261814336821,4.721902760330028,0.00889,0.008287,0.007735,0.007181,0.00663,0.006111
DMA,DMA.9_1,POTA,0.09525086361490724,0.10579328945601137,0.09942510099486972,0.09764304323545624,0.0910396685844824,0.08443629393350859,1.9223039256546197,1.9363306011475392,1.9398372700207691,1.9441231986436056,1.9485390038913764,1.9434522343530907,0.04955,0.05464,0.05125,0.05022,0.04672,0.04345
DNK,DNK.1_1,POTA,0.11303434173892903,0.07312921353922204,0.04672166596510818,0.022761421190895265,0.00993884885119692,0.00739732839868109,60.389954495508306,51.90270583265193,57.21406670072842,60.265367018355896,65.51989851088918,62.6317371159028,0.001872,0.001409,8.166e-4,3.777e-4,1.517e-4,1.181e-4
DNK,DNK.2_1,POTA,6.113841923506756,5.213140374766206,4.427452509776723,3.745828634518379,3.1713095514981546,2.6773645453867387,41786.211663458285,35913.54671397736,39588.68857007796,41700.0046322658,45335.82398291019,43337.390230520024,1.463e-4,1.452e-4,1.118e-4,8.983e-5,6.995e-5,6.178e-5
DNK,DNK.3_1,POTA,0.5395101237177404,0.45049365517086987,0.37942470323081157,0.3089781479528975,0.24450653046129647,0.20283635778572798,4791.508472616076,4118.106344447549,4539.524621926179,4781.623352527071,5198.5326278598395,4969.377797226722,1.126e-4,1.094e-4,8.358e-5,6.462e-5,4.703e-5,4.082e-5
DNK,DNK.4_1,POTA,0.011361391884274534,0.008725861108755574,0.0071802158008986575,0.005837357922924463,0.00456800101437037,0.00342887690823584,584.3802469704095,502.2510168503871,553.6478824676043,583.174641480623,634.0215817867095,606.0734820838346,1.944e-5,1.737e-5,1.297e-5,1.001e-5,7.205e-6,5.658e-6
DNK,DNK.5_1,POTA,3.7547347350071054,3.308005693382337,3.011477337687908,2.8003681062435897,2.578724470499993,2.3397008648630178,55255.74154025585,47490.05894585093,52349.86031190911,55141.74619957053,59949.54969093016,57306.93303554285,6.795e-5,6.966e-5,5.753e-5,5.078e-5,4.301e-5,4.083e-5
DOM,DOM.10_1,POTA,0.8205805371102503,0.7620659791259808,1.0409367014266107,1.014466327037789,0.9385192534757323,0.9003322665386894,390.8657483695201,393.39689354081236,393.4813399103248,392.5814021373552,393.15321186283074,393.07625280939146,0.002099,0.001937,0.002645,0.002584,0.002387,0.00229
DOM,DOM.12_1,POTA,0.5868313165929717,0.49548550884364423,0.405026335828275,0.37937897597636905,0.29189403534445796,0.20882361468266022,119.77653254825336,120.552174295473,120.57805196157365,120.30227587629335,120.47750071111334,120.45391745111266,0.004899,0.00411,0.003359,0.003154,0.002423,0.001734
DOM,DOM.14_1,POTA,4.169386560738577,3.158245584995209,2.2880758901948552,1.5197728578920404,1.0085353651814968,0.7955758461261606,5974.8609737896295,6087.281758899535,6196.1038775427205,7013.6936808493465,8279.68282312693,7809.235396615765,6.978e-4,5.188e-4,3.693e-4,2.167e-4,1.218e-4,1.019e-4
DOM,DOM.30_1,POTA,62.8059691136409,59.63034296440334,55.4899665411613,51.005081169849234,47.0594215011523,43.42812979810462,80823.652862988165,82344.40096912265,83816.46888494786,94876.23993847599,112001.63706698135,105637.76020734827,7.771e-4,7.242e-4,6.62e-4,5.376e-4,4.202e-4,4.111e-4
DZA,DZA.10_1,POTA,2.6269335743605633,2.9409964719018165,4.996083159470947,5.638118728249271,6.366276853453018,8.197665744865562,30788.720779315438,28815.631581386322,28557.602140281608,30771.648121552375,30372.506083494885,30022.746930610378,8.532e-5,1.021e-4,1.749e-4,1.832e-4,2.096e-4,2.73e-4
DZA,DZA.12_1,POTA,0.1027695050392028,0.08839176071746464,0.07415170527591997,0.060122988680427966,0.046729505809450546,0.03406550206365381,2682.353952754953,2510.455820086872,2487.9759549364053,2680.866560298376,2646.092779628234,2615.621301031362,3.831e-5,3.521e-5,2.98e-5,2.243e-5,1.766e-5,1.302e-5
DZA,DZA.13_1,POTA,1.9039433466392675,1.746321534791024,1.6574225200380406,1.6664502302385822,1.525907729335713,1.4041919365281905,11308.585645922203,10583.877128742899,10489.103849436588,11302.314920551671,11155.711495400812,11027.246225141942,1.684e-4,1.65e-4,1.58e-4,1.474e-4,1.368e-4,1.273e-4
DZA,DZA.14_1,POTA,0.006345194273054386,0.005119721548208799,0.003977071722438,0.0029737106241116483,0.002026815354154973,0.001079920084198292,5316.507568190344,4975.800212120125,4931.244431895221,5313.55951085282,5244.636814085853,5184.241411604448,1.193e-6,1.029e-6,8.065e-7,5.596e-7,3.8650000000000003e-07,2.083e-7
DZA,DZA.15_1,POTA,0.3855557041457264,0.47387538658006695,0.5575263385771535,0.5565872934260547,0.504297735472927,0.4520880205989839,11761.28443912035,11007.564807605471,10908.997618918027,11754.762687680191,11602.290518574739,11468.682600540544,3.278e-5,4.305e-5,5.111e-5,4.735e-5,4.347e-5,3.942e-5
DZA,DZA.19_1,POTA,1.3364976719025932,1.5576804111109779,1.5598096261197267,1.4835978448448648,1.4533589131988351,1.3390929963089349,13580.25915083023,12709.97098827679,12596.159435140587,13572.728714014003,13396.675660727415,13242.40419347178,9.841e-5,1.226e-4,1.238e-4,1.093e-4,1.085e-4,1.011e-4
DZA,DZA.21_1,POTA,9.0877302257532,8.352610974489593,7.5697171526394325,7.095606439730793,6.6035231420490605,6.1477608955751455,64386.243636710926,60260.063704604916,59720.46523997583,64350.54081196098,63515.84369374592,62784.417461613506,1.411e-4,1.386e-4,1.268e-4,1.103e-4,1.04e-4,9.792e-5
DZA,DZA.23_1,POTA,1.8041698848336258,1.6791431797071459,1.5476450503844417,1.430341166987574,1.4560986151921176,1.3136481034106013,20065.230233910897,18779.353847156694,18611.194209086512,20054.10386035429,19793.980130399377,19566.039581022604,8.992e-5,8.941e-5,8.316e-5,7.132e-5,7.356e-5,6.714e-5
DZA,DZA.27_1,POTA,9.768830757940921e-4,6.003398432200758e-4,3.5215480297617766e-4,2.6296502785412264e-4,2.0441232552379263e-4,1.4620221306606133e-4,2136.7708404693517,1999.8362957053994,1981.9287707488716,2135.5859793788595,2107.885086112137,2083.6114189978807,4.572e-7,3.002e-7,1.777e-7,1.231e-7,9.698e-8,7.017e-8
DZA,DZA.28_1,POTA,0,0,0,0,0,0,132.81741971650186,124.30584114141843,123.19274505587259,132.7437711109607,131.02193875634086,129.51313595347938,0,0,0,0,0,0
DZA,DZA.29_1,POTA,1.111623103066581,1.0599815361638916,0.9745226634816887,0.8883094384217126,0.844856590126548,0.7550054232087412,13182.308643720711,12337.522951742012,12227.046658940193,13174.99891995484,13004.104728667346,12854.354008676817,8.433e-5,8.592e-5,7.97e-5,6.742e-5,6.497e-5,5.874e-5
DZA,DZA.2_1,POTA,0.7891944345576428,0.7138862524816978,0.6392917068096773,0.565574236374109,0.4925712650990472,0.4202987661307465,3938.3030395570895,3685.9176533236355,3652.912120567607,3936.1192106009103,3885.0634258229697,3840.324394773542,2.004e-4,1.937e-4,1.75e-4,1.437e-4,1.268e-4,1.094e-4
DZA,DZA.30_1,POTA,0.036894293136162326,0.03143995764604383,0.026050423666601846,0.02075244910264325,0.015576646905356163,0.010557162230363255,6853.7663237131665,6414.544038533527,6357.105033300217,6849.965840813228,6761.114268238166,6683.255642001874,5.383e-6,4.901e-6,4.098e-6,3.03e-6,2.304e-6,1.58e-6
DZA,DZA.35_1,POTA,9.466394493102876e-4,8.515306133445158e-4,7.576013313167778e-4,6.648516032270739e-4,0.00281070255632677,0.002605717073091418,2882.136392244525,2697.4352407008555,2673.2810691843165,2880.53821840015,2843.17447724943,2810.433474780555,3.285e-7,3.157e-7,2.834e-7,2.308e-7,9.886e-7,9.272e-7
DZA,DZA.36_1,POTA,0.01286248786489541,0.01134925399843713,0.00983602013197884,0.00832278626552056,0.00680955239906227,0.00529631853260399,390.0089587575106,365.0153102998258,361.7467823744421,389.7926948365402,384.7366559132299,380.30616320097545,3.298e-5,3.109e-5,2.719e-5,2.135e-5,1.77e-5,1.393e-5
DZA,DZA.37_1,POTA,0.03440050982994018,0.030299840297469155,0.026235626903553903,0.022217319377256576,0.01822291425426507,0.014197290447520213,5707.367882240513,5341.6123187738485,5293.780875714257,5704.203088896878,5630.2133163178305,5565.377749747823,6.027e-6,5.672e-6,4.956e-6,3.895e-6,3.237e-6,2.551e-6
DZA,DZA.38_1,POTA,0.0034885014485511335,0.002999136575328791,0.0025097717021064486,0.002020406828884096,0.0015310419556617534,0.00104167708243941,697.1311096088677,652.4555976975809,646.6131870343248,696.744543342096,687.7070021633959,679.7876089513842,5.004e-6,4.597e-6,3.881e-6,2.9e-6,2.226e-6,1.532e-6
DZA,DZA.39_1,POTA,4.9083040929502655,4.236731753944241,3.804300544828261,3.754146024540649,3.9628514712512377,3.621648487128543,38295.0387290343,35840.90860157226,35519.97134954538,38273.80374188006,37777.35051424008,37342.3197638055,1.282e-4,1.182e-4,1.071e-4,9.809e-5,1.049e-4,9.699e-5
DZA,DZA.40_1,POTA,0.7977162863498596,0.7448763050650807,0.682323506238851,0.6209046240289525,0.7903274809294765,0.7582557843400366,33885.14076632956,31713.625378553395,31429.634253472224,33866.348114638466,33427.07298189231,33042.13601483039,2.354e-5,2.349e-5,2.171e-5,1.833e-5,2.364e-5,2.295e-5
DZA,DZA.45_1,POTA,0.6001441239546111,0.5514919645219587,0.5358992108489046,0.5122714461749572,0.49975044515551514,0.5342799182437538,8533.053089744515,7986.214037956379,7914.701520906861,8528.321425310665,8417.699739352813,8320.764454461321,7.033e-5,6.906e-5,6.771e-5,6.007e-5,5.937e-5,6.421e-5
DZA,DZA.46_1,POTA,0,0,0,0,0,0,0.05173743839373972,0.04842185469167853,0.047988261415471516,0.05170874945971205,0.05103803024560867,0.050450294147226626,0,0,0,0,0,0
DZA,DZA.47_1,POTA,0.4218583639134507,0.39428716821927423,0.3891205054408099,0.3604003593406994,0.41799019038348884,0.3848438916093834,1926.1658926668126,1802.7279251240482,1786.5854061697148,1925.0978141546814,1900.1271833335284,1878.2459835343222,2.19e-4,2.187e-4,2.178e-4,1.872e-4,2.2e-4,2.049e-4
DZA,DZA.48_1,POTA,0.2018065565181903,0.16087241479524605,0.12039064049054682,0.08054187884598323,0.04061130111036361,0.022072481539260867,7051.041679930705,6602.3243574768885,6553.263087067458,7053.934296622086,6992.0624033521435,6903.309176715184,2.862e-5,2.437e-5,1.837e-5,1.142e-5,5.808e-6,3.197e-6
DZA,DZA.4_1,POTA,0.07443593209268773,0.28383228007342226,0.9622238775429703,0.9349071686381968,0.9212159651008879,0.8892476750584181,8237.615737149057,7709.709730785221,7640.673170288692,8233.047895721931,8126.256231409945,8032.67710798144,9.036e-6,3.681e-5,1.259e-4,1.136e-4,1.134e-4,1.107e-4
DZA,DZA.5_1,POTA,0.09472463815423082,0.05616133940580673,0.028716414071907188,0.01810998126722748,0.01483127996285473,0.012673751860243302,10278.605817753461,9619.903358039524,9533.761977450811,10272.906226638073,10139.655361690027,10022.89063835451,9.216e-6,5.838e-6,3.012e-6,1.763e-6,1.463e-6,1.264e-6
DZA,DZA.8_1,POTA,0.5291812830748127,0.5006302982108131,0.46711226939656886,0.4801391430174965,0.44334350478881523,0.41136995588892106,1650.5761228829929,1544.7992722706056,1530.966374257694,1649.6608616917322,1628.2629503469013,1609.5124439309675,3.206e-4,3.241e-4,3.051e-4,2.911e-4,2.723e-4,2.556e-4
ECU,ECU.11_1,POTA,4.3876083504221475,2.948434376268336,2.08190935080744,1.5168874890615012,1.1350798483190574,0.915859261800632,3604.057468690677,2160.3250773476507,2219.3261574083335,2312.929740324875,1952.3468416623282,2124.282703412277,0.001217,0.001365,9.381e-4,6.558e-4,5.814e-4,4.311e-4
ECU,ECU.12_1,POTA,3.4795454502634313,2.2997408828200454,1.5730306618527838,1.1070862594620883,0.7449530754636656,0.6622958224210661,361.4394439498571,216.6521209749562,222.56915136496306,231.9563565510558,195.794646166963,213.0375460945598,0.009627,0.01061,0.007068,0.004773,0.003805,0.003109
ECU,ECU.15_1,POTA,0.026154911807804583,0.025689611311961708,0.025472113682598097,0.024031998255432563,0.023623249212995676,0.022788738065410062,3.1258711861103943,1.8736931834680208,1.9248660012472225,2.0060502624021397,1.6933094964945141,1.8424329110827051,0.008367,0.01371,0.01323,0.01198,0.01395,0.01237
ECU,ECU.16_1,POTA,0.00900604790445164,0.008798288692025069,0.008866060604435864,0.008150055683714462,0.007444157798849058,0.006708763290986223,1.6143019493743693,0.9676363415235987,0.9940636555674432,1.0359898589322012,0.8744803155137719,0.9514925161241963,0.005579,0.009093,0.008919,0.007867,0.008513,0.007051
ECU,ECU.19_1,POTA,5.0959045892337524,3.391955157823059,2.2670634952089426,1.2828271161930178,0.6744940993913467,0.4421157489924542,11806.192704949575,7076.805625346282,7270.08171127108,7576.708880062563,6395.509294678064,6958.737804308049,4.316e-4,4.793e-4,3.118e-4,1.693e-4,1.055e-4,6.353e-5
ECU,ECU.1_1,POTA,2.6882434455731685,1.6089206725783864,0.9248192673038578,0.4137429350292574,0.1468332697380796,0.09765489981226534,2211.0288754746052,1325.3232413529863,1361.5194154794076,1418.9436453853593,1197.7320781805604,1303.2118487894497,0.001216,0.001214,6.793e-4,2.916e-4,1.226e-4,7.493e-5
ECU,ECU.21_1,POTA,0.00941426924439957,0.008306212725538886,0.0078068890101841,0.006900824207274112,0.006097150012636681,0.00543205229283628,0.17872259337186688,0.10712895221676848,0.11005477294293384,0.11469650666473835,0.096815462498723,0.10534163705962454,0.05268,0.07753,0.07094,0.06017,0.06298,0.05157
ECU,ECU.22_1,POTA,3.733024832395476,3.4257229130227653,3.089286666168137,2.741421815616458,2.4397284295794814,2.3190687551610147,372.3966827829498,367.04778302142296,357.23206624280544,363.9422931013284,352.17739700559326,356.6780739914671,0.01002,0.009333,0.008648,0.007533,0.006928,0.006502
ECU,ECU.23_1,POTA,0.9752098890046801,0.7645944536629126,0.6313982982195246,0.5017183776056827,0.39083807950262,0.2899207184433036,11157.653647727386,6688.061771751324,6870.720794776861,7160.50428670007,6044.190484958197,6576.479665054541,8.74e-5,1.143e-4,9.19e-5,7.007e-5,6.466e-5,4.408e-5
ECU,ECU.24_1,POTA,0.10594923206814787,0.08445666964320346,0.06293064401727029,0.04088551218458904,0.02836555147173662,0.05678301288946131,10.611721923799111,6.360822263511645,6.534543981394025,6.810148685705934,5.74845489077472,6.2546997465988605,0.009984,0.01328,0.00963,0.006004,0.004934,0.009078
ECU,ECU.2_1,POTA,2.8563146275085805,2.339075274883892,2.0352073048243273,2.028246250703467,2.0356773873227425,2.0784356373830244,1414.80238233033,848.0533655723827,871.2147245005025,907.9595803346378,766.4097997090026,833.9046354393049,0.002019,0.002758,0.002336,0.002234,0.002656,0.002492
ECU,ECU.3_1,POTA,1.7940817841051544,1.031031423632473,0.6707143632514836,0.3669381868692322,0.14694040620709586,0.06543071860612507,31.195831535000654,18.69924044198383,19.20993922244051,20.0201487235664,16.899032187884306,18.38726655278336,0.05751,0.05514,0.03491,0.01833,0.008695,0.003558
ECU,ECU.4_1,POTA,3.056728212889052,2.3125893708097887,1.8866921448408664,2.0509622468666686,1.7827684583872965,1.5568449966234552,38838.25454854928,23723.919681924064,24310.642779246482,25310.20298127031,21503.112841166945,23315.01667365679,7.87e-5,9.748e-5,7.761e-5,8.103e-5,8.291e-5,6.677e-5
ECU,ECU.5_1,POTA,5.907085732070602,4.7153637896390626,3.7749302166299956,2.883529894812232,2.2653278474563003,1.7278937855293581,6853.948193748068,4108.3573973016455,4220.561586503437,4398.570431709852,3712.838717259013,4039.814493677389,8.619e-4,0.001148,8.944e-4,6.556e-4,6.101e-4,4.277e-4
ECU,ECU.6_1,POTA,0.41741457246190344,0.3602021504127728,0.313183554640324,0.2619383048423589,0.22093198988281662,0.2217418588606416,14011.606732377753,8398.763244162566,8628.143585008282,8992.049156426534,7590.199764630929,8258.640181844354,2.979e-5,4.289e-5,3.63e-5,2.913e-5,2.911e-5,2.685e-5
ECU,ECU.7_1,POTA,7.333255095601968,6.078682156961044,5.011074959103294,4.027048893878091,3.1129535072342644,2.2724294506640574,9.29483069676428,5.5714582851020555,5.723621521913455,5.965024291813201,5.035084349308766,5.478505337889346,0.789,1.091,0.8755,0.6751,0.6183,0.4148
ECU,ECU.8_1,POTA,4.943839624988036e-4,4.507155843741691e-4,0.0014131839464488398,0.0013179188124165468,0.0012267924751278,0.00113980493458258,2.0544885711159186,1.2314906795640748,1.265124173402952,1.3184827818569398,1.1129329395812053,1.210944768193518,2.406e-4,3.66e-4,0.001117,9.996e-4,0.001102,9.413e-4
EGY,EGY.10_1,POTA,0,0,0,0,0,0,10841.208619870731,10022.632941714413,11518.748614137752,13694.637592104968,12911.495873487931,13094.561537185573,0,0,0,0,0,0
EGY,EGY.12_1,POTA,0.2453469120901047,0.22711760281569576,0.21177301056293588,0.31486051747771926,0.34248684621523867,0.325464964385421,17676.895455105954,16342.184797629998,18781.64346478442,22329.49161844373,21052.557028221778,21351.050739768987,1.388e-5,1.39e-5,1.128e-5,1.41e-5,1.627e-5,1.524e-5
EGY,EGY.13_1,POTA,0,0,0,0,0,0,2.723096288002254,2.5174863353858297,2.8932808779362493,3.4398209738576018,3.243111328123362,3.2890937869759673,0,0,0,0,0,0
EGY,EGY.14_1,POTA,0,0,0,0,0,0,782.5236819044919,723.4384935229787,831.4288464061322,988.4855652791068,931.9580172359881,945.1717853876683,0,0,0,0,0,0
EGY,EGY.15_1,POTA,0,0,0,0,0,0,60.028473069771756,55.49596661456782,63.780055824576834,75.82809377832628,71.49178744808447,72.5054338641429,0,0,0,0,0,0
EGY,EGY.16_1,POTA,1.646839038090793,1.5252960771567539,1.3995219892756074,1.8871035118926274,2.1351938008927887,2.105745066570101,20162.311793237546,18639.937431849663,21422.39017525128,25469.074778371396,24012.599945841437,24353.062630356388,8.168e-5,8.183e-5,6.533e-5,7.409e-5,8.892e-5,8.647e-5
EGY,EGY.17_1,POTA,0,0,0,0,0,0,0.002867824556135753,0.002651286759181141,0.0030470541883154726,0.003622642027387415,0.003415477574572829,0.0034639039285104447,0,0,0,0,0,0
EGY,EGY.18_1,POTA,0.00274467486398695,0.00252510087486799,0.00230552688574904,0.01428585437266212,0.013440644410413309,0.012595434448164512,989.9372348994174,915.191090645287,1051.805066427823,1250.4908028455277,1178.9802199718472,1195.6963927972374,2.773e-6,2.759e-6,2.192e-6,1.142e-5,1.14e-5,1.053e-5
EGY,EGY.19_1,POTA,0,0,0,1.874141291893114e-5,1.7780314820524412e-5,1.681921672211769e-5,3852.611954134773,3561.716856216566,4093.387569921111,4866.627545399651,4588.324521012171,4653.380087147155,0,0,0,3.851e-9,3.875e-9,3.614e-9
EGY,EGY.1_1,POTA,1.098725978709056,1.0267641943942092,0.9479957689910203,1.2023284018581761,1.1000015845654663,0.996455838894938,55828.392625446635,51613.01720411312,59317.484123054324,70522.54330332715,66489.64024967849,67432.36371414695,1.968e-5,1.989e-5,1.598e-5,1.705e-5,1.654e-5,1.478e-5
EGY,EGY.20_1,POTA,0.07105942784267313,0.06475738463341628,0.05845534142415939,0.05215329821490253,0.04585125500564567,0.03954921179638879,101.9967873339565,94.29542374165119,108.3712521310676,128.84255686560084,121.47456477847102,123.19689207822375,6.967e-4,6.868e-4,5.394e-4,4.048e-4,3.775e-4,3.21e-4
EGY,EGY.21_1,POTA,1.3550570635266646,1.2914440889285743,1.1987802474981406,1.1120703698791494,1.0251444107574796,0.9408683608729839,28850.85953121824,26672.44818113381,30653.9436601918,36444.46660463512,34360.35287625947,34847.53119129063,4.697e-5,4.842e-5,3.911e-5,3.051e-5,2.984e-5,2.7e-5
EGY,EGY.23_1,POTA,0.13405950246799714,0.1145103172733141,0.09919716955538832,0.08501502647025949,0.07373971201772665,0.06557748052509456,6471.60995917298,5982.964947639537,6876.06436350938,8174.95134867979,7707.458477418514,7816.7386890544,2.072e-5,1.914e-5,1.443e-5,1.04e-5,9.567e-6,8.389e-6
EGY,EGY.24_1,POTA,0,0,0,0,0,0,22.369616587183526,20.680577596236695,23.76764428184996,28.25734684916257,26.64142185471302,27.019157294624087,0,0,0,0,0,0
EGY,EGY.25_1,POTA,0,0,0,0,0,0,1433.859648452599,1325.5947238240146,1523.471175364058,1811.2545318526963,1707.6761072768045,1731.8883955370015,0,0,0,0,0,0
EGY,EGY.26_1,POTA,0,0,0,0,0,0,0.00871716681273637,0.008058968913817745,0.009261961158036635,0.011011543501851068,0.01038183723582783,0.010529036130719649,0,0,0,0,0,0
EGY,EGY.27_1,POTA,0,0,0,2.2848357383822263e-4,2.3913643917985376e-4,2.2627215479367264e-4,1701.0385238933025,1572.6000063728654,1807.34785453511,2148.755450774245,2025.8766943785886,2054.6005901424815,0,0,0,1.063e-7,1.18e-7,1.101e-7
EGY,EGY.3_1,POTA,4.3179171638858485,4.063251297488312,3.756164991968302,3.6143241537684676,3.441647503026365,3.1763733637098563,169404.83973493255,156613.76759240255,179992.0868000278,213992.55081821192,201755.17009952592,204615.7560827922,2.549e-5,2.594e-5,2.087e-5,1.689e-5,1.706e-5,1.552e-5
EGY,EGY.4_1,POTA,3.321617692984153e-4,2.878735333919599e-4,2.4358529748550457e-4,1.9929706157904915e-4,1.550088256725938e-4,1.1072058976613844e-4,21.234862728907785,19.631504397899185,22.5619720278871,26.82392338225816,25.289970160323765,25.648544040349528,1.564e-5,1.466e-5,1.08e-5,7.43e-6,6.129e-6,4.317e-6
EGY,EGY.5_1,POTA,0.38681937650650217,0.3575900467431585,0.3256015921398212,0.7092145242589849,0.7713745810268807,0.7323609135638955,20764.466038785282,19196.62545336399,22062.177086895717,26229.7172912559,24729.744346359905,25080.37506383822,1.863e-5,1.863e-5,1.476e-5,2.704e-5,3.119e-5,2.92e-5
EGY,EGY.6_1,POTA,4.4446183897860886e-4,3.134174573757843e-4,1.9217930815783394e-4,1.124324246070435e-4,8.552923102645921e-5,6.997846174892116e-5,4412.084620039602,4078.946010999991,4687.82544313271,5573.354596866244,5254.63667037155,5329.139544320242,1.007e-7,7.684e-8,4.1e-8,2.017e-8,1.628e-8,1.313e-8
EGY,EGY.7_1,POTA,0.09645110673437596,0.09000389922898652,0.08357494675928966,0.33210865587225336,0.37256618459875246,0.39765005901812417,63093.67330393096,58329.72601511343,67036.82102366743,79700.06117844685,75142.33247147068,76207.73814564393,1.529e-6,1.543e-6,1.247e-6,4.167e-6,4.958e-6,5.218e-6
EGY,EGY.8_1,POTA,0.6670059864263339,0.6203728566377867,0.5755591888944213,0.6075464151436211,0.6283293330870093,0.7009033727615588,22709.594380243987,20994.885045494117,24128.8695723102,28686.807514350123,27046.323376867294,27429.79971362034,2.937e-5,2.955e-5,2.385e-5,2.118e-5,2.323e-5,2.555e-5
EGY,EGY.9_1,POTA,0.3655141803993925,0.3407031426152776,0.3124221749444971,1.6159851986604312,2.330690302755977,2.5381895349613313,44934.091527208504,41541.30058166711,47742.3249247226,56760.8391805795,53514.913113017785,54273.67438922843,8.134e-6,8.202e-6,6.544e-6,2.847e-5,4.355e-5,4.677e-5
ERI,ERI.1_1,POTA,6.72578990957939e-6,6.31816627869579e-6,5.910542647812192e-6,5.502919016928592e-6,5.095295386044992e-6,4.687671755161393e-6,0.018610623433561367,0.017916220115749764,0.01785169591365223,0.018125155627303696,0.017965381412585982,0.017984339237678473,3.614e-4,3.527e-4,3.311e-4,3.036e-4,2.836e-4,2.607e-4
ERI,ERI.5_1,POTA,0,0,0,0,0,0,0.016108576559327695,0.01550753011679706,0.015451680668597314,0.015688375949062916,0.015550082077330205,0.015566491177110816,0,0,0,0,0,0
ESP,ESP.10_1,POTA,0.42047766189827657,0.40862453517960495,0.38582243021566126,0.3922023888600315,0.37369004177040976,0.35466889043965216,31926.401863947587,32381.997623136398,29282.60830370949,29903.917684324566,30671.335131154905,30015.027344893893,1.317e-5,1.262e-5,1.318e-5,1.312e-5,1.218e-5,1.182e-5
ESP,ESP.11_1,POTA,0.742857797039606,0.6102245796080707,0.4906634514786291,0.3837886040491572,0.2851952484280576,0.19727695225586578,8747.716210684754,8872.138092819334,8012.754199906337,8182.4757801711885,8397.024997927796,8214.884647894343,8.492e-5,6.878e-5,6.124e-5,4.69e-5,3.396e-5,2.401e-5
ESP,ESP.12_1,POTA,64.72634707245132,53.64751644336442,43.79843834889091,34.84985569690653,26.872120077760922,20.146415548323684,10791.761883082485,10945.108477352873,9881.232372734274,10090.425538316418,10356.658731766534,10131.119518432504,0.005998,0.004902,0.004432,0.003454,0.002595,0.001989
ESP,ESP.13_1,POTA,0.34476309101023567,0.3186109810422796,0.27340166151710504,0.23106874968113394,0.1926332287183285,0.16133391584316062,8132.026803009585,8248.072354927686,7458.621757708875,7616.876501154566,7812.346672623173,7645.177427192942,4.24e-5,3.863e-5,3.666e-5,3.034e-5,2.466e-5,2.11e-5
ESP,ESP.14_1,POTA,0.11374774895729588,0.09260733938194535,0.14513813166068915,0.12485018568689692,0.10569710322194373,0.09050486535956773,3151.5149156984553,3196.4876262698235,2890.5411024067475,2951.8717148765136,3027.624928175007,2962.839557543364,3.609e-5,2.897e-5,5.021e-5,4.23e-5,3.491e-5,3.055e-5
ESP,ESP.15_1,POTA,0.1046498410122445,0.0856819132659961,0.0739235965382645,0.08012891503797832,0.0680318287317843,0.05832562244768918,4102.777171909693,4161.324573786805,3763.0302780251236,3842.873097593194,3941.49187698456,3857.151505191554,2.551e-5,2.059e-5,1.9639999999999998e-05,2.085e-5,1.726e-5,1.512e-5
ESP,ESP.16_1,POTA,0.2734730905215108,0.23218659328669788,0.19184506973283436,0.15624712413679503,0.12491116686937734,0.09719949998353418,3195.953447018318,3241.5603037894425,2931.2997231801432,2993.495139535027,3070.316525325733,3004.617636338983,8.557e-5,7.163e-5,6.545e-5,5.22e-5,4.068e-5,3.235e-5
ESP,ESP.17_1,POTA,4.9547089230740395,3.881360254954619,2.9297229118368686,2.0615698019531186,1.3610393313254565,0.8916635352220742,235.58232204823133,238.94412609124277,216.07398444754563,220.65857582177537,226.32128673029058,221.47844496802173,0.02103,0.01624,0.01356,0.009343,0.006014,0.004026
ESP,ESP.18_1,POTA,0.07975037857121604,0.07430313986177196,0.07410389165056755,0.06647371738067494,0.058789196591634986,0.05976315861060975,27908.900019460118,28307.165271732374,25597.791788122013,26140.917864735104,26811.7663019642,26238.04589128943,2.858e-6,2.625e-6,2.895e-6,2.543e-6,2.193e-6,2.278e-6
ESP,ESP.1_1,POTA,0.945230462634247,0.8087742921103948,0.6870823198663375,0.5758164347723682,0.4781808684023306,0.39076385421120746,45878.00782545363,46532.67026151785,42078.24109595163,42971.02628898001,44074.064559590224,43130.81173859729,2.06e-5,1.738e-5,1.633e-5,1.34e-5,1.085e-5,9.06e-6
ESP,ESP.2_1,POTA,0.033422583493756,0.027555823084234043,0.023446475284375295,0.020774100376665453,0.020402663871348772,0.017742951801406285,3578.721365003327,3629.79039195356,3282.3710108669147,3352.0153498738414,3438.0373583842756,3364.46994835419,9.339e-6,7.592e-6,7.143e-6,6.197e-6,5.934e-6,5.274e-6
ESP,ESP.3_1,POTA,0.8595882111113204,0.5770089039462903,0.38127830218407305,0.2536067633007645,0.1707811604313507,0.1416928783299228,112.21678207591015,113.81813666141802,102.92422204778019,105.10803654912343,107.80540021569614,105.49857127394992,0.00766,0.00507,0.003704,0.002413,0.001584,0.001343
ESP,ESP.4_1,POTA,0.23627554010666588,0.20052767920392528,0.165910074857485,0.13348235546871245,0.10114460430075513,0.07095915871596857,2767.5993872251024,2807.0935509998553,2538.417236713892,2592.2765932550765,2658.8015986297623,2601.9083403531954,8.537e-5,7.144e-5,6.536e-5,5.149e-5,3.804e-5,2.727e-5
ESP,ESP.5_1,POTA,4.601563056590636,3.8598290706893073,3.1764084465927684,2.4702198705046348,1.8404861033773818,1.3231012266690216,81477.98316149985,82640.64556580411,74729.74370215765,76315.30540609105,78274.25505808389,76599.07336485352,5.648e-5,4.671e-5,4.251e-5,3.237e-5,2.351e-5,1.727e-5
ESP,ESP.6_1,POTA,0.18378506096016287,0.1496209472775601,0.12261523727375448,0.0966872758190515,0.07485314240057678,0.059305175319155475,9983.931457767287,10126.404041045367,9157.172029056372,9351.466124164852,9591.450713225286,9386.212043457459,1.841e-5,1.478e-5,1.339e-5,1.034e-5,7.804e-6,6.318e-6
ESP,ESP.7_1,POTA,0,0,0,0,0,0,3.000316752872301e-4,3.043131837223392e-4,2.751863508948324e-4,2.8102517028738403e-4,2.8823705539734253e-4,2.820693348551068e-4,0,0,0,0,0,0
ESP,ESP.8_1,POTA,0.02573392911671783,0.023395352945208205,0.01930104347620626,0.016172135857153252,0.014720113658695898,0.013388699000314912,1238.2867919576897,1255.957377370965,1135.7454952510761,1159.8433940062705,1189.6081915671568,1164.1528563042211,2.078e-5,1.863e-5,1.699e-5,1.394e-5,1.237e-5,1.15e-5
ESP,ESP.9_1,POTA,0.08265536204010934,0.07249946012042142,0.06362872989919707,0.05473584286154238,0.045322448175810555,0.037694650258348845,3434.7521292436254,3483.7667474094233,3150.3236875018965,3217.1668442465257,3299.7288872967456,3229.1208871598997,2.406e-5,2.081e-5,2.02e-5,1.701e-5,1.374e-5,1.167e-5
EST,EST.10_1,POTA,0.00886681964020571,0.00614623523605102,0.00358945727548026,0.00119648575849342,0,0,8.751219964598654,6.561187318180256,7.189881138467635,7.85124723602979,6.86414843472819,7.1464337751637395,0.001013,9.368e-4,4.992e-4,1.524e-4,0,0
EST,EST.11_1,POTA,0.003012739992723217,0.002297863885421569,0.0018965509431917635,0.001458158962063978,0.00107339724522502,7.422657926748974e-4,23.528318912665632,17.640249964275952,19.330541005065935,21.108673942463906,18.454783914640892,19.213729472060965,1.28e-4,1.303e-4,9.811e-5,6.908e-5,5.816e-5,3.863e-5
EST,EST.12_1,POTA,6.583742925677152e-4,5.275772151951768e-4,3.9678013782263574e-4,3.033464979833378e-4,2.544992966694469e-4,1.8700520265580085e-4,27.103560432209093,20.32077101303877,22.26790992857817,24.316238740515683,21.259077325093976,22.133348319832084,2.429e-5,2.596e-5,1.782e-5,1.248e-5,1.197e-5,8.449e-6
EST,EST.13_1,POTA,0.3533270996316138,0.31589765107477086,0.278468202517928,0.24103875396108496,0.20360930540424205,0.16625489891437575,44.20133307958172,33.13974819757756,36.31520317048563,39.65568178765506,34.66996744436476,36.09575589518072,0.007994,0.009532,0.007668,0.006078,0.005873,0.004606
EST,EST.14_1,POTA,0,0,0,0,0,0,7.546382214228532,5.657865701288888,6.200003127019754,6.770314623694112,5.919116177310376,6.1625374466897,0,0,0,0,0,0
EST,EST.15_1,POTA,0,0,0,0,0,0,2.3823113286335085,1.7861270703534633,1.957273998024272,2.1373151754795474,1.868601022900341,1.9454464875495225,0,0,0,0,0,0
EST,EST.1_1,POTA,0.5596359834079588,0.4744926542579076,0.3897478009881951,0.3050489249828319,0.22128913408755374,0.1360283086810345,20.78907683728286,15.58651569189654,17.080017648189628,18.651134666778262,16.306218996818878,16.976805687142384,0.02692,0.03044,0.02282,0.01636,0.01357,0.008013
EST,EST.3_1,POTA,0.00500804160163601,0.00416452454663242,0.00332100749162883,0.00247749043662524,0.00163397338162165,7.904563266180651e-4,17.889614164131935,13.412656755934192,14.697859266877035,16.04985182956966,14.031982690341293,14.609042328313063,2.799e-4,3.105e-4,2.26e-4,1.544e-4,1.164e-4,5.411e-5
EST,EST.4_1,POTA,0,0,0,0,0,0,17.85822268898499,13.389121140389586,14.672068465596675,16.02168864392476,14.007360323875206,14.583407376940588,0,0,0,0,0,0
EST,EST.5_1,POTA,0,0,0,0,0,0,8.857426758823152,6.640815378518049,7.277139169880499,7.94653175669958,6.947453300024993,7.233164519502038,0,0,0,0,0,0
EST,EST.6_1,POTA,0.005824744317266479,0.004077035090597446,0.00240238535794719,8.007951193157322e-4,0,0,38.055399369354696,28.531862384965898,31.26578914133429,34.141793981104506,29.84931370378279,31.076854710619067,1.531e-4,1.429e-4,7.684e-5,2.345e-5,0,0
EST,EST.7_1,POTA,0.21036035365650288,0.18863934910034197,0.19544481454141538,0.18405211504875565,0.15935956195524562,0.13458502746191542,64.00669779428912,47.98873020508587,52.58701656093763,57.42426897937694,50.2045973308979,52.26924118056772,0.003287,0.003931,0.003717,0.003205,0.003174,0.002575
EST,EST.8_1,POTA,0.3977684094908605,0.3452510477906396,0.28687762809733214,0.22779960786070177,0.16783910847810074,0.10771102639677563,180.20866728015795,135.11045381743475,148.0567909461154,161.6759382956226,141.3492303293836,147.16213229676774,0.002207,0.002555,0.001938,0.001409,0.001187,7.319e-4
ETH,ETH.10_1,POTA,78.98678867105437,73.57216773570315,68.2605892742494,62.60275786467507,56.640426512454745,50.50926959098506,153501.58712783872,161804.252973986,167135.0305060345,160813.6236690291,163250.9691827592,163082.4188091141,5.146e-4,4.547e-4,4.084e-4,3.893e-4,3.47e-4,3.097e-4
ETH,ETH.11_1,POTA,0.1632946136307361,0.18081817408807963,0.17960477313340634,0.17685565672665618,0.22576183545303058,0.2481457993595317,0.011271495837314868,0.01188115379118037,0.012272588419879653,0.011808412692563292,0.011987384977646103,0.011975008461738577,14.49,15.22,14.63,14.98,18.83,20.72
ETH,ETH.1_1,POTA,0,0,0,0,0,0,0.05867022804533765,0.06184361085975777,0.0638811007601311,0.061464979939272156,0.062396563903917,0.06233214184129266,0,0,0,0,0,0
ETH,ETH.3_1,POTA,0.28822050630442037,0.2523002318748707,0.22699489655256103,0.19705040262821397,0.17191250798983748,0.15008094339358666,6117.478263926658,6448.363297735151,6660.810063220229,6408.88388026414,6506.019085709967,6499.301870165533,4.711e-5,3.913e-5,3.408e-5,3.075e-5,2.642e-5,2.309e-5
ETH,ETH.4_1,POTA,2.6336889312507745,2.6013338458877824,2.431469585923725,2.215969489503368,2.0661222595323734,1.7949572468241757,4004.61552565939,4221.219048619404,4360.290669103034,4195.375084599021,4258.961604245564,4254.564389494992,6.577e-4,6.163e-4,5.576e-4,5.282e-4,4.851e-4,4.219e-4
ETH,ETH.5_1,POTA,0,0,0,0,0,0,0.006811715240024059,0.007180150489035058,0.007416706600510254,0.007136190782428444,0.007244349296563238,0.007236869783351991,0,0,0,0,0,0
ETH,ETH.7_1,POTA,1.4606651407168364e-4,1.163311582275741e-4,8.648134212652222e-5,5.0721436728566794e-5,2.434150053665231e-5,1.5158647255074392e-5,1.7174943080796923,1.8103909458243548,1.8700358018824716,1.7993070200844636,1.8265779240860538,1.8246920523320436,8.505e-5,6.426e-5,4.625e-5,2.819e-5,1.333e-5,8.308e-6
ETH,ETH.8_1,POTA,40.80015433640216,35.875965606451686,31.06977252872766,26.47981162398071,22.167460548843337,18.216897069686382,89773.9573801168,94629.69329633651,97747.34832466171,94050.33307819992,95475.79164422765,95377.21654579941,4.545e-4,3.791e-4,3.179e-4,2.815e-4,2.322e-4,1.91e-4
ETH,ETH.9_1,POTA,0,1.3796185407390848e-6,1.8810001703617947e-6,2.261160636051632e-6,2.1364426852748712e-6,2.0117247344981095e-6,0.9105407610861885,0.959790516870793,0.9914116246523704,0.9539143016591644,0.9683721485168229,0.967372341359309,0,1.437e-6,1.897e-6,2.37e-6,2.206e-6,2.08e-6
FIN,FIN.1_1,POTA,13.015347153335082,12.284792641644072,11.515345642876527,10.508620051041,9.60130017559659,8.600091050088944,906.2027223942023,810.9817732970153,773.9731739679759,722.9013068939015,802.7237760349668,776.3316908825502,0.01436,0.01515,0.014880000000000001,0.01454,0.01196,0.01108
FIN,FIN.2_1,POTA,0.44826903797523754,0.3834481792991219,0.3240436522612308,0.2658234167386457,0.20932994889958126,0.15800552205431284,17.873652979725133,16.022380565029806,15.333056908066263,14.330471738613207,15.899973667868796,15.381532788384215,0.02508,0.02393,0.02113,0.01855,0.01317,0.01027
FIN,FIN.3_1,POTA,33.01688744055151,28.597699494420045,24.444722857022352,20.433425141853384,16.740048078750977,13.88547895110955,3418.998553950377,3059.740874378493,2920.1116893596995,2727.423414033765,3028.5844013292017,2929.0101021774103,0.009657,0.009346,0.008371,0.007492,0.005527,0.004741
FIN,FIN.4_1,POTA,8.842994994171766,8.165598982683566,7.651896494527892,7.044163499575573,6.381068072118699,5.726342778067213,470.2161530268715,420.8073096570876,401.60405548959045,375.1035647384444,416.5223482369677,402.82785754073626,0.01881,0.0194,0.01905,0.01878,0.01532,0.01422
FIN,FIN.5_1,POTA,52.78759943155479,50.014773471911155,46.453127200733796,42.2607726586089,37.935047412312,33.69867763509011,5445.82860519822,4873.597960119657,4651.194645845866,4344.278072148036,4823.971495091505,4665.368161949745,0.009693,0.01026,0.009987,0.009728,0.007864,0.007223
FJI,FJI.1_1,POTA,5.357014554958451e-5,3.5593786879417e-5,2.0769646160208236e-5,9.179805338586621e-6,2.225691387486064e-6,0,0.016902002405816994,0.016902002405816994,0.016902002405816994,0.016902002405816994,0.016902002405816994,0.016902002405816994,0.003169,0.002106,0.001229,5.431e-4,1.317e-4,0
FJI,FJI.5_1,POTA,1.9839965591478858e-4,9.957890381418817e-5,5.6228401094371106e-5,3.439849263587186e-5,2.4610466578518984e-5,2.0259694783803583e-5,1.4800970711463837,1.4800970711463837,1.4800970711463837,1.4800970711463837,1.4800970711463837,1.4800970711463837,1.34e-4,6.728e-5,3.799e-5,2.324e-5,1.663e-5,1.369e-5
FRA,FRA.10_1,POTA,2.127233142059502,1.9821005671783367,1.8493786485826456,1.6814347803222134,1.5096574467024486,1.3405079520734113,7526.28505042377,7667.0524589599045,6882.376483779269,7342.01685795366,7879.984705917031,7640.287065052339,2.826e-4,2.585e-4,2.687e-4,2.29e-4,1.916e-4,1.755e-4
FRA,FRA.11_1,POTA,7.097289740434885,6.097389203073076,5.088105730623699,4.0880704680788105,3.104845521104598,2.1399479622873523,1665.4335137177327,1696.5837320570654,1522.9474098938917,1624.6659889136715,1743.7182142389427,1690.6751191093747,0.004262,0.003594,0.003341,0.002516,0.001781,0.001266
FRA,FRA.12_1,POTA,0.08497040817153444,0.08166748869748,0.08005663624564177,0.07412628376872894,0.06618254536784347,0.05741042737166874,1746.872624523864,1779.5520595332855,1597.4152957241101,1704.1640245651743,1829.1018766488794,1773.4497571922645,4.864e-5,4.589e-5,5.012e-5,4.35e-5,3.618e-5,3.237e-5
FRA,FRA.13_1,POTA,0.10648378640654264,0.09374862727335602,0.08292981399408807,0.07602561832267417,0.0743120448867682,0.06698565258316945,3202.2311433280356,3261.8026352960064,2928.3284065018265,3123.4903111439057,3352.6667002965783,3250.613096577137,3.325e-5,2.874e-5,2.832e-5,2.434e-5,2.217e-5,2.061e-5
FRA,FRA.1_1,POTA,6.437184066494102,5.56776121690926,4.628571882296783,3.7020508708399786,2.7993284948603523,1.916681462658082,3912.30350086064,3985.492505140992,3577.5782195299926,3816.6531352933275,4096.464490302864,3971.825762370555,0.001645,0.001397,0.001294,9.7e-4,6.834e-4,4.826e-4
FRA,FRA.2_1,POTA,0.5418999500298542,0.47227249890794315,0.4104014766901369,0.3410051481816608,0.27211652510315093,0.20367931115316323,326.9874080326044,333.10449041152896,299.01131872327153,318.993021833439,342.3794461465149,331.9622342461342,0.001657,0.001418,0.001373,0.001069,7.948e-4,6.136e-4
FRA,FRA.3_1,POTA,2.988191061169476,2.0905093939852466,1.7069467085712375,1.3872869000225971,1.1176747450492273,0.9165719076567128,37901.174964693,38610.20718985423,34658.460934447605,36974.54408342163,39685.269138620264,38477.808052408516,7.884e-5,5.414e-5,4.925e-5,3.752e-5,2.816e-5,2.382e-5
FRA,FRA.4_1,POTA,1.8332061204740089,1.6767738006052748,1.4710159693452551,1.2646405538508407,1.054005783577127,0.8372667897115083,8907.593574982604,9074.23144040987,8145.485838527798,8689.815332168697,9326.894185468762,9043.114787505488,2.058e-4,1.848e-4,1.806e-4,1.455e-4,1.13e-4,9.259e-5
FRA,FRA.5_1,POTA,0.01251432132844981,0.01206043513779295,0.011368693406431832,0.01059565206253508,0.00986599640912548,0.008928228988513557,136.9382724663439,139.50003072652964,125.22223311353127,133.59032264121385,143.38426719665128,139.02166800625145,9.139e-5,8.645e-5,9.079e-5,7.931e-5,6.881e-5,6.422e-5
FRA,FRA.6_1,POTA,2.0238437850382076,1.6631913252304373,1.3077701272391646,0.9936167459758936,0.7980772538005511,0.7025812761304616,24403.50010859277,24857.428464144396,22315.331866535416,23810.23731757375,25550.10503694119,24774.3914327856,8.293e-5,6.691e-5,5.86e-5,4.173e-5,3.124e-5,2.836e-5
FRA,FRA.7_1,POTA,2.2106622483265173,1.7134433058532497,1.373936096340736,1.0815877165485506,0.8537435836801465,0.7141439785754358,57692.935263609805,58762.509770204866,52755.78106709687,56296.44461641743,60398.58699742765,58568.377256274645,3.832e-5,2.916e-5,2.604e-5,1.921e-5,1.414e-5,1.219e-5
FRA,FRA.8_1,POTA,0.007237123845109676,0.007388294311365265,0.006598587390985222,0.005877445033668699,0.0052404047572487955,0.004647119724969549,756.7528766969085,770.9097511621832,692.007306856934,738.2513240223136,792.3749490911117,768.2662070444198,9.563e-6,9.584e-6,9.535e-6,7.961e-6,6.614e-6,6.049e-6
FRA,FRA.9_1,POTA,1.1844188093914678,0.8839162367268747,0.7273249074477627,0.5836763738418412,0.4529793833093752,0.35049112416943423,17637.83297995666,17967.79087641899,16128.791412762237,17206.612556495922,18468.0857383357,17906.17711707952,6.715e-5,4.919e-5,4.509e-5,3.392e-5,2.453e-5,1.957e-5
GAB,GAB.9_1,POTA,0,0,0,0,0,0,0.04714852423336267,0.04678552833944688,0.05456046227574548,0.05313830450442013,0.05424829656267229,0.05387139022050716,0,0,0,0,0,0
GBR,GBR.1_1,POTA,13.773451332179256,11.151534065155971,9.519485427367352,7.859527754240739,6.280372978901999,4.815093844733254,103374.91166989744,96147.49515843159,94926.68268974275,88203.07272590796,103425.9149391302,99251.36869291123,1.332e-4,1.16e-4,1.003e-4,8.911e-5,6.072e-5,4.851e-5
GBR,GBR.2_1,POTA,0.4333458601145107,0.22585633840568603,0.16949685143903154,0.13832068725645588,0.11541477590784434,0.10101966168949172,4155.395283760667,3864.8724479934986,3815.7990481443644,3545.5278896762193,4157.44547892894,3989.639872102671,1.043e-4,5.844e-5,4.442e-5,3.901e-5,2.776e-5,2.532e-5
GBR,GBR.3_1,POTA,8.730621057087234,6.593037684293501,5.68239715153143,4.7859553818360014,4.143723594941465,3.719238599109879,108811.26261088428,101203.76574995728,99918.7523556694,92841.55656754447,108864.94807511203,104470.86792025676,8.024e-5,6.515e-5,5.687e-5,5.155e-5,3.806e-5,3.56e-5
GBR,GBR.4_1,POTA,0.3340790888759657,0.25199310580126083,0.18216960059530557,0.1235795425430707,0.067425285979476,0.03583972516513079,2925.7076382402042,2721.1579331835137,2686.6066063015396,2496.3155897485585,2927.1511282704164,2809.003488369638,1.142e-4,9.261e-5,6.781e-5,4.95e-5,2.303e-5,1.276e-5
GEO,GEO.11_1,POTA,0.009602133941727639,0.00134509827831138,0,1.684682990249998e-4,1.598288990749998e-4,1.5118949912499983e-4,145.00130751841584,163.14384887139116,138.2586772071568,137.14649076406252,153.96831071586342,145.88220552244826,6.622e-5,8.245e-6,0,1.228e-6,1.038e-6,1.036e-6
GEO,GEO.12_1,POTA,0.00238591952091323,0.00216099558661614,0.00193607165231906,0.00171114771802198,0.0014862237837249,0.00126129984942781,0.1790495632571201,0.20145221714499562,0.17072367273174108,0.16935032996466826,0.19012213931664482,0.18013730795125701,0.01333,0.01073,0.01134,0.0101,0.007817,0.007002
GEO,GEO.1_1,POTA,0.06544897922765983,0.06275466637179189,0.06047983938395692,0.06616620427705987,0.0681936219502903,0.06388442810701653,18.413544539054044,20.717444407075664,17.557305890785468,17.41607064983395,19.55225366922565,18.525408734689346,0.003554,0.003029,0.003445,0.003799,0.003488,0.003448
GEO,GEO.2_1,POTA,0.13178799671753524,0.11190601850578627,0.0920240402940373,0.07226034565932614,0.05443302743169585,0.038979669578213166,2.2303786269332395,2.5094432585869186,2.1266649515676956,2.1095575411981216,2.3683071230379316,2.243928408754707,0.05909,0.04459,0.04327,0.03425,0.02298,0.01737
GEO,GEO.3_1,POTA,0,0,0,0,0,0,0.9864584897833707,1.1098840246987394,0.940587697113674,0.9330213807970231,1.0474619150863689,0.9924513275693377,0,0,0,0,0,0
GEO,GEO.5_1,POTA,0.539960762974632,0.4462542202837155,0.3551833744233551,0.27094591235329724,0.17701391982390036,0.08268430673664393,134.554921424933,151.39024551243895,128.29818744883465,127.26603837139832,142.87567729614372,135.37226406003384,0.004013,0.002948,0.002768,0.002129,0.001239,6.108e-4
GEO,GEO.6_1,POTA,0.10893668288781869,0.07930165414084754,0.056104068700705015,0.04548245955648326,0.03499437492110787,0.0302423854280327,708.7237197444515,794.9496411757283,675.823805071617,670.0482050115824,749.7114200896204,711.4685119869044,1.537e-4,9.976e-5,8.302e-5,6.788e-5,4.668e-5,4.251e-5
GEO,GEO.7_1,POTA,0.40042555029498755,0.36906388388580214,0.33776286532916844,0.3065224946250865,0.2752821239210046,0.2440417532169227,0.9526806020633748,1.0718798528488689,0.9083804973653176,0.9010732636006895,1.011595174290688,0.9584682356730334,0.4203,0.3443,0.3718,0.3402,0.2721,0.2546
GEO,GEO.9_1,POTA,0.010038321791048717,0.008777205370614855,0.007574722341720659,0.0065093098189804325,0.005589436949729031,0.004687816214191987,0.22317888113094392,0.2511029885015941,0.21280095616943787,0.21108913349537506,0.2369804514405756,0.22453471601474634,0.04498,0.03495,0.0356,0.03084,0.02359,0.02088
GHA,GHA11_2,POTA,1.7628789013173222e-6,1.6483251817482216e-6,1.5337714621791217e-6,1.4192177426100212e-6,1.3046640230409208e-6,1.1901103034718205e-6,0.029571155087798874,0.029772317375954073,0.03094577914418186,0.030096411167715942,0.030271502562617295,0.030399365143338145,5.961e-5,5.536e-5,4.956e-5,4.716e-5,4.31e-5,3.915e-5
GHA,GHA12_2,POTA,1.0153031291917224e-5,9.462199476417565e-6,8.771367660917908e-6,8.080535845418249e-6,7.389704029918592e-6,6.698872214418935e-6,0.09951836307929555,0.1001953519074645,0.10414450417978643,0.10128605274564756,0.10187530294429949,0.10230560993415677,1.02e-4,9.444e-5,8.422e-5,7.978e-5,7.254e-5,6.548e-5
GHA,GHA13_2,POTA,0.0011894872355279367,0.001100869753768407,0.0010397519881812404,9.859058488710212e-4,9.172768895328959e-4,8.289073645574873e-4,12.387718053423052,12.471987392961845,12.963564860535133,12.607754240867877,12.681102164788284,12.73466536158767,9.602e-5,8.827e-5,8.021e-5,7.82e-5,7.233e-5,6.509e-5
GIN,GIN.1_1,POTA,748.2371861832867,754.4185907802137,730.0991249469179,699.2793220831493,653.8584996714524,599.1826847833169,13117.097029586896,17190.80409074535,22493.51537594564,27555.26149719001,29837.53945777825,27256.6683127554,0.05704,0.04389,0.03246,0.02538,0.02191,0.02198
GIN,GIN.2_1,POTA,0.01647670453416517,0.015222617171863849,0.014041578035317142,0.04737320344896578,0.044341551621815044,0.04130989979466432,169.67500127929193,222.37123752155952,290.96544012986095,356.4424767118721,385.96517414017694,352.57993618277567,9.711e-5,6.846e-5,4.826e-5,1.329e-4,1.149e-4,1.172e-4
GIN,GIN.3_1,POTA,323.6902298807378,304.40392353281493,284.34035289092304,265.269340993842,244.03910663607843,220.11943516056778,24200.847140888534,31716.94290387064,41500.575139370965,50839.604116016155,55050.44414702966,50288.68764502533,0.01338,0.009598,0.006851,0.005218,0.004433,0.004377
GIN,GIN.4_1,POTA,259.05443350192746,234.90822301938195,211.8807400662542,191.3210779814084,170.82721477167672,148.38412768819776,75672.45353902054,99170.12891875178,129760.84647893893,158955.09762786137,172120.07615003857,157233.65832014498,0.003423,0.002369,0.001633,0.001204,9.925e-4,9.437e-4
GIN,GIN.5_1,POTA,815.1503959212354,812.5640519551001,782.17235936739,742.1761742528012,690.7219911659637,631.2585768726566,31445.51484441202,41211.59863110539,53924.01943615652,66058.74234927799,71530.12241840635,65342.905752082865,0.02592,0.01972,0.01451,0.01124,0.009656,0.009661
GIN,GIN.6_1,POTA,110.98338019398541,112.96818618537135,110.11111893903455,107.01369020620247,100.82751154096047,92.47485768570233,1722.2550686392874,2257.1385770063807,2953.3914853942197,3618.0041701304212,3917.668910972876,3578.7981589095275,0.06444,0.05005,0.03728,0.02958,0.02574,0.02584
GIN,GIN.7_1,POTA,385.6552030180643,390.24049407237897,377.8883178032431,362.75366642065893,337.75925338391073,308.3494007955192,1758.8579812767641,2305.1093147032757,3016.1596156744586,3694.8972465235365,4000.9307317693706,3654.857993914817,0.2193,0.1693,0.1253,0.09818,0.08442,0.08437
GIN,GIN.8_1,POTA,2472.5785117844307,2488.4920158882815,2443.9673330442893,2342.2381422315607,2216.7715769645124,2039.796824850036,21382.109574762515,28022.785508249322,36666.89186042746,44918.17908760583,48638.57128796008,44431.4293353889,0.1156,0.0888,0.06665,0.05214,0.04558,0.04591
GLP,GLP.1_1,POTA,0,0,0,0,0,0,0.294014740371675,0.2995149900549665,0.26885969637659213,0.2868264899221527,0.3078546803163995,0.29848791640730793,0,0,0,0,0,0
GLP,GLP.2_1,POTA,0,0,0,0,0,0,0.4716841363318994,0.4805081174635716,0.4313282168082309,0.4601521168803095,0.49388737726961673,0.4788603961764257,0,0,0,0,0,0
GMB,GMB.2_1,POTA,0.00698923925429665,0.00635677970078503,0.00572432014727341,0.00562885631479946,0.00503986428761578,0.00437622517054159,630.3280042674039,611.8208908535994,598.4463601011605,606.9651694976185,625.1741245825469,613.7736255860145,1.109e-5,1.039e-5,9.565e-6,9.274e-6,8.062e-6,7.13e-6
GMB,GMB.3_1,POTA,0,0,0,0,0,0,211.60610644782088,205.39312180400032,200.90318583585386,203.76301766269876,209.87590819257971,206.0486703292988,0,0,0,0,0,0
GMB,GMB.5_1,POTA,0.020309132306638562,0.01808041416480255,0.014824553880879356,0.012246844122528463,0.010187580447257248,0.00804532707807223,748.2162016796202,726.2477630115258,710.3718372536854,720.4838918765138,742.0984086328092,728.5657113725124,2.714e-5,2.49e-5,2.087e-5,1.7e-5,1.373e-5,1.104e-5
GNB,GNB.6_1,POTA,0.7133995938536567,0.7819233632843183,0.7884218823544681,0.7759846771956757,0.7402580716131694,0.6822288256469946,49.78517180046877,64.32686041273608,83.301661334607,101.50558953057298,109.7751936517249,100.46312266626444,0.01433,0.01216,0.009465,0.007645,0.006743,0.006791
GNB,GNB.9_1,POTA,5.0749063585440695,4.962685200330253,4.756531107085681,4.578771744808367,4.266000257828673,3.9048543263034605,8.739243970327365,11.453404933150287,14.98640311805835,18.358849222846338,19.879438900423082,18.159906044567006,0.5807,0.4333,0.3174,0.2494,0.2146,0.215
GNQ,GNQ.4_1,POTA,0,0,0,0,0,0,8.904588762455984e-4,8.836032445787794e-4,0.0010304426006004736,0.001003583371568609,0.0010245469605017561,0.0010174286126138556,0,0,0,0,0,0
GNQ,GNQ.5_1,POTA,0,0,0,0,0,0,0.06744775277582024,0.06692847337716315,0.07805081136145009,0.07601636071154641,0.07760424646503389,0.07706506764238043,0,0,0,0,0,0
GNQ,GNQ.6_1,POTA,0,0,0,0,0,0,0.002658857431018478,0.0026383869211634896,0.0030768405357429534,0.002996640469678247,0.003059236503815979,0.003037981538894837,0,0,0,0,0,0
GRC,GRC.1_1,POTA,0.13503188365381538,0.11162888113925244,0.08930366548240366,0.06802153601306797,0.048949288003304434,0.03215076580011258,1463.5695521700343,1239.7990432393683,1272.926172282805,1004.0118306360829,1081.2110323382879,1077.8575221836822,9.226e-5,9.004e-5,7.016e-5,6.775e-5,4.527e-5,2.983e-5
GRC,GRC.3_1,POTA,0.017415870905522195,0.013557722169228889,0.010642084073736954,0.008381886300507981,0.006773015783547402,0.01853894201717553,49.68312334528295,42.08688866019065,43.211440093977906,34.08272845499905,36.70337429628561,36.58953422739111,3.505e-4,3.221e-4,2.463e-4,2.459e-4,1.845e-4,5.067e-4
GRC,GRC.4_1,POTA,1.8713353562088757,1.5934060856879446,1.3186826374339622,1.0498876852951924,0.790350060995021,0.5434871532883614,3916.23345300539,3317.4661777700107,3406.108067572636,2686.5444915277967,2893.114856293326,2884.141501639297,4.778e-4,4.803e-4,3.872e-4,3.908e-4,2.732e-4,1.884e-4
GRC,GRC.5_1,POTA,0.662405932307546,0.564043972520161,0.4696677974473099,0.3778130011594376,0.29159023141747503,0.2126860027348688,1937.707358296683,1642.9732196771724,1688.0480446780984,1334.203564188623,1437.0443489925628,1432.1570120283973,3.419e-4,3.433e-4,2.782e-4,2.832e-4,2.029e-4,1.485e-4
GRC,GRC.6_1,POTA,0.08379000099360528,0.06791715854654225,0.05423455290736565,0.042281634462318314,0.031677085346859514,0.022888849769339324,7826.631795983562,6630.8231841697725,6807.26681580234,5368.7624490827275,5781.201771360146,5763.423454096985,1.071e-5,1.024e-5,7.967e-6,7.875e-6,5.479e-6,3.971e-6
GRC,GRC.7_1,POTA,8.136590436110549,6.880844051311214,5.788694155998035,4.710547932265666,3.8241892522919114,4.399740384616847,27251.50977343611,23084.926639693553,23701.750267620606,18694.593758565683,20132.034703254518,20069.592699990615,2.986e-4,2.981e-4,2.442e-4,2.52e-4,1.9e-4,2.192e-4
GRC,GRC.8_1,POTA,0.1670530747277511,0.12786401328381117,0.09847341764341296,0.07818135517415982,0.0583867889955276,0.04474940150954773,1842.5353437995955,1560.8233670824995,1602.5281880188475,1263.98317100614,1361.1717586195705,1356.949915539759,9.066e-5,8.192e-5,6.145e-5,6.185e-5,4.289e-5,3.298e-5
GTM,GTM.10_1,POTA,11.075141250816836,9.663799828074586,8.262495386991146,6.856237871581928,5.449009386023363,4.069608035848825,583.7079671747855,570.7143627274745,627.2487781155833,494.6958780608287,537.0044074183028,521.1028850923216,0.01897,0.01693,0.01317,0.01386,0.01015,0.00781
GTM,GTM.11_1,POTA,0.1239596384725536,0.12185338813087937,0.11873681783546068,0.10873591176797763,0.09906028566028247,0.08838443811466706,7462.069088858587,7295.960041952087,8018.690820437374,6324.146709750319,6865.015066647248,6661.73146442263,1.661e-5,1.67e-5,1.481e-5,1.719e-5,1.443e-5,1.327e-5
GTM,GTM.12_1,POTA,0.07608541607724194,0.07135669710748524,0.06670242800360066,0.06778096623251845,0.06293742663072899,0.05799102250773803,1.552695417346948,1.8700537712303613,0.776347708673474,1.9421806698402277,1.8294004283775274,1.7424405237853613,0.049,0.03816,0.08592,0.0349,0.0344,0.03328
GTM,GTM.13_1,POTA,8.608947110768115,7.203848745725647,5.929219195204925,4.739229646300739,4.219137615626833,3.451339734154644,11264.92126836062,11014.159004827305,12105.21099334529,9547.085925707554,10363.593972529115,10056.712094736245,7.642e-4,6.541e-4,4.898e-4,4.964e-4,4.071e-4,3.432e-4
GTM,GTM.14_1,POTA,34.507074150542955,30.47222593549374,28.348257583152083,24.609391396933056,21.638915940474504,19.18097814154305,15988.7146077913,15632.798559154648,17181.36853590833,13550.52810097567,14709.4278238048,14273.859154886144,0.002158,0.001949,0.00165,0.001816,0.001471,0.001344
GTM,GTM.15_1,POTA,4.907779222845755e-4,5.01053760501499e-4,4.929507784904353e-4,4.3053308517482697e-4,3.681153918592186e-4,3.0569769854361023e-4,23.203480191262077,22.68696018406472,24.93430862087261,19.665083659627808,21.34692659834791,20.714811432800868,2.115e-5,2.209e-5,1.977e-5,2.189e-5,1.724e-5,1.476e-5
GTM,GTM.16_1,POTA,32.89865081959734,32.23239681441468,32.48562392000729,32.194575228363476,30.550823495393583,29.610146416195267,5476.600151385079,5354.688544751358,5885.118837439605,4641.450302264335,5038.407190493068,4889.212242890709,0.006007,0.006019,0.00552,0.006936,0.006064,0.006056
GTM,GTM.17_1,POTA,26.607282704078152,23.359177842955958,20.183540558559166,17.27704156724466,14.797992281167861,12.265272651264379,18113.125494680968,17709.91909487537,19464.24663241026,15350.978614163843,16663.860645664106,16170.418229859763,0.001469,0.001319,0.001037,0.001125,8.88e-4,7.585e-4
GTM,GTM.18_1,POTA,1.307157912362551,1.2491808906756816,1.1918484438120915,1.1259882934001424,1.1850493817723393,1.3682710778411442,5309.260096044022,5191.073555041694,5705.296304349113,4499.628637550097,4884.456324119402,4739.820097274129,2.462e-4,2.406e-4,2.089e-4,2.502e-4,2.426e-4,2.887e-4
GTM,GTM.19_1,POTA,16.649878689588558,13.756457191211437,11.124874910494569,8.987664419305473,7.27344024800417,5.833273815516701,7270.685751971336,7108.836985062991,7813.0315336621,6161.948224871148,6688.944666388173,6490.874778170343,0.00229,0.001935,0.001424,0.001459,0.001087,8.987e-4
GTM,GTM.1_1,POTA,49.200927717008994,49.836166295133125,50.49230260725688,49.41078660079195,48.582459642758685,46.61218773722823,2121.3101446851774,2074.0888174459456,2279.5460591332603,1797.8226162366977,1951.5801758038876,1893.79090013354,0.02319,0.02403,0.02215,0.02748,0.02489,0.02461
GTM,GTM.20_1,POTA,8.680394731478088,8.600870736559969,8.279250298271096,8.008539011518462,7.660648471208703,7.153936965652248,37096.542694562304,36270.756806339894,39863.703060453816,31439.534481824787,34128.37933904036,33117.78579732558,2.34e-4,2.371e-4,2.077e-4,2.547e-4,2.245e-4,2.16e-4
GTM,GTM.21_1,POTA,8.148005019435928,6.891186423241358,5.681444440636812,4.59534944460193,3.9756090138372446,3.37468380129794,1920.422270181552,1877.6727982644177,2063.6732581664983,1627.5689807580736,1766.7657136551486,1714.4490770459051,0.004243,0.00367,0.002753,0.002823,0.00225,0.001968
GTM,GTM.22_1,POTA,22.174787201532215,26.034120601198588,24.73725709187392,24.294805081315765,22.94726158954028,22.416595895784585,44202.27862660578,43218.31582938056,47499.480592425796,37461.68678031833,40665.572127288426,39461.40230270602,5.017e-4,6.024e-4,5.208e-4,6.485e-4,5.643e-4,5.681e-4
GTM,GTM.2_1,POTA,4.142686754671421,3.7846816773891443,3.4722363672568917,3.2433213407045822,3.086901712464342,3.7075984832780007,912.5432853716294,892.2296573967382,980.6130683762582,773.3857120546292,839.5290003944823,814.6692618920333,0.00454,0.004242,0.003541,0.004194,0.003677,0.004551
GTM,GTM.3_1,POTA,27.83418786236142,24.789120603824674,22.709610225499986,20.99230338016804,19.643490407947716,18.52345271141214,5156.274390288839,5041.4933805769215,5540.898861791413,4369.9723671283955,4743.711289131841,4603.242738166336,0.005398,0.004917,0.004099,0.004804,0.004141,0.004024
GTM,GTM.4_1,POTA,0.46459185576406736,0.40122595847125564,0.3384122594537511,0.27588367205969877,0.2136052924915563,0.15181397358574095,2959.7248206534914,2893.840001951087,3180.501006862839,2508.3839030985478,2722.9117346625917,2642.2821511018633,1.57e-4,1.386e-4,1.064e-4,1.1e-4,7.845e-5,5.746e-5
GTM,GTM.5_1,POTA,9.30151797285218,8.813164651217892,8.41333662935037,7.946908302570672,7.388924015263512,6.962427332686592,985.2087296101876,963.2775358446598,1058.6988812707966,834.9700963080475,906.3803473308348,879.5410381374469,0.009441,0.009149,0.007947,0.009518,0.008152,0.007916
GTM,GTM.6_1,POTA,29.761534857267616,28.719725554638114,27.459898986872037,26.92649969047738,29.189913468688403,27.747592311851477,74117.04870171484,72467.16953646475,79645.69759206816,62814.62743131093,68186.80582740752,66167.69015494104,4.015e-4,3.963e-4,3.448e-4,4.287e-4,4.281e-4,4.194e-4
GTM,GTM.7_1,POTA,23.076808180264365,21.792811018065777,20.891064713259585,19.465227210930202,18.092775371807623,17.205673425696332,2223.087353932224,2173.600419791808,2388.9151850151884,1884.0793897029605,2045.2140013021656,1984.6520847632155,0.01038,0.01003,0.008745,0.01033,0.008846,0.008669
GTM,GTM.8_1,POTA,162.30517459154837,142.92878923045978,123.5632704196,106.28969958433397,122.55559594706449,111.59173053621994,37944.179709067466,37099.52503593762,40774.56827308283,32157.911753934095,34908.19533998226,33874.51025306257,0.004277,0.003853,0.00303,0.003305,0.003511,0.003294
GTM,GTM.9_1,POTA,2.464501814709863,2.5998403628673445,2.4652777322597914,2.3353036810807968,2.428948259132532,2.273603222011345,11369.985766753894,11116.88471977004,12218.112618723953,9636.12869573731,10460.252065056895,10150.50799322039,2.168e-4,2.339e-4,2.018e-4,2.423e-4,2.322e-4,2.24e-4
GUF,GUF.1_1,POTA,0,0,0,0,0,0,1.6931313334495164,1.724805408935678,1.5482719528329687,1.6517366331246846,1.7728308612481916,1.718890839576289,0,0,0,0,0,0
GUF,GUF.2_1,POTA,0,0,0,0,0,0,1.1184525336365685,1.1393758662087192,1.0227609956732893,1.0911079286772418,1.171100628344293,1.1354688065762568,0,0,0,0,0,0
HND,HND.12_1,POTA,13.033477497633577,11.135498295987718,9.297724616864139,7.518221349142246,5.764302172843308,4.024701349877341,316.52666500050765,312.11366248418915,313.5438172023536,314.0614201692694,313.23967189219,313.3409340194022,0.04118,0.03568,0.02965,0.02394,0.0184,0.01284
HND,HND.14_1,POTA,1.6667713401506286,1.4719382713045353,1.315333212482824,1.1844514239008215,1.060547362725171,0.9244744327581504,2187.658076037656,1939.9786310114075,1634.8764515537262,1412.7494886103223,1279.665848384194,1430.910344514423,7.619e-4,7.587e-4,8.045e-4,8.384e-4,8.288e-4,6.461e-4
HND,HND.18_1,POTA,10.137207799544383,7.6631455125125685,5.479938177366056,3.8875725959626934,2.972953038644296,2.5791035179870834,1828.4218839988107,1802.9300968377968,1811.1914108859887,1814.1813535877513,1809.434510117398,1810.0194525879315,0.005544,0.00425,0.003026,0.002143,0.001643,0.001425
HND,HND.2_1,POTA,0.25591488632010945,0.24135398452530274,0.22477521440974851,0.20754563657332162,0.20308801103004215,0.18237880920582517,4660.5361558838085,4598.730041372256,4612.8344958680045,4622.158263909146,4612.368485013486,4611.181477653628,5.491e-5,5.248e-5,4.873e-5,4.49e-5,4.403e-5,3.955e-5
HND,HND.3_1,POTA,0.00275832953600431,0.00156217701239099,7.57850688298716e-4,2.6530638744364616e-4,5.62282568681676e-5,0,699.5587779362486,689.8055565217419,692.966355903043,694.1103154458867,692.2941612824325,692.5179617321156,3.943e-6,2.265e-6,1.094e-6,3.822e-7,8.122e-8,0
HND,HND.4_1,POTA,18.53582790369067,15.388582375906006,12.518606155319118,9.91304933964312,7.532585627234089,5.376853387838952,1832.7687604667171,1807.2163693221778,1815.497323756401,1818.4943747255086,1813.736246145106,1814.3225792534797,0.01011,0.008515,0.006895,0.005451,0.004153,0.002964
HND,HND.5_1,POTA,4.6903868455023225,4.030250154557371,3.4152713817568525,2.82243501173545,2.238876659350352,1.6702105708762287,4.2265936511679225,4.132507756934537,4.5418699972829195,3.5820625639066304,3.8884160345266485,3.7732740849791755,1.11,0.9753,0.752,0.7879,0.5758,0.4426
HND,HND.6_1,POTA,9.091222122785272,9.531567439519165,9.038170422581311,8.75794177036865,8.642112774365941,8.086171444966011,6675.192646057257,6582.127368463934,6612.287728752694,6623.203395267957,6605.873645004856,6608.009149787336,0.001362,0.001448,0.001367,0.001322,0.001308,0.001224
HRV,HRV.10_1,POTA,0.005175800377199289,0.004539162430986292,0.003902524484773286,0.003265886538560289,0.0026292485923472826,0.001992610646134287,91.76969521766402,67.31076508878812,54.446789565678564,66.49458980999893,70.48595020562604,65.524697132332,5.64e-5,6.744e-5,7.168e-5,4.912e-5,3.73e-5,3.041e-5
HRV,HRV.11_1,POTA,0.004325423486032807,0.003799331169993017,0.0032732388539532266,0.0027471465379134367,0.0022210542218736463,0.0016949619058338563,112.89864827179007,83.54543387095595,67.72959777897228,82.43680225299498,87.27598857783474,81.23533818888701,3.831e-5,4.548e-5,4.833e-5,3.332e-5,2.545e-5,2.086e-5
HRV,HRV.12_1,POTA,0.022365251207364916,0.02045895767503702,0.01840072049628632,0.016467593941925818,0.014447762140691192,0.012528425074586187,18.968675811485188,13.913046987503739,11.254080094718661,13.744344626315984,14.569353592640619,13.543869080102596,0.001179,0.00147,0.001635,0.001198,9.917e-4,9.25e-4
HRV,HRV.13_1,POTA,0.4293728105553644,0.39523397979913105,0.36086415006263867,0.3291788087523201,0.29498210086377613,0.25981043536985493,58.647039854565385,43.01612981758718,34.79517971633039,42.49453863228435,45.045287783636226,41.87471163616249,0.007321,0.009188,0.01037,0.007746,0.006549,0.006204
HRV,HRV.14_1,POTA,0.019171348213259134,0.017238160558608183,0.015304972903957258,0.01445232518079719,0.01251480389141358,0.01053571181995986,98.94771091758774,72.57565920699587,58.705492935956926,71.69564456433888,75.99920004262276,70.64988909938666,1.938e-4,2.375e-4,2.607e-4,2.016e-4,1.647e-4,1.491e-4
HRV,HRV.15_1,POTA,0.1494365907989862,0.13917367110026332,0.1292005326991509,0.12741917077200632,0.11692282583498322,0.10625031124340553,184.55392411752564,139.63480866283575,116.01615913900626,124.82843727617662,154.59745885989264,138.13409452532673,8.097e-4,9.967e-4,0.001114,0.001021,7.563e-4,7.692e-4
HRV,HRV.16_1,POTA,0.1290271170416401,0.1184978958143056,0.10796867458697107,0.09778425386687008,0.08772784359278962,0.07724330376487575,129.8989351131318,95.27760428914185,77.06879671045347,94.12231768468148,99.77204185359092,92.74944589182944,9.933e-4,0.001244,0.001401,0.001039,8.793e-4,8.328e-4
HRV,HRV.17_1,POTA,8.068411097392953e-4,6.447558742891824e-4,4.5913013568770877e-4,2.7350439708623514e-4,1.4347406389173288e-4,1.0018972111154226e-4,16.24740109275006,11.917060372310305,9.639552863153295,11.772560305212748,12.47921224624468,11.600845281929736,4.966e-5,5.41e-5,4.763e-5,2.323e-5,1.15e-5,8.636e-6
HRV,HRV.18_1,POTA,0.007143982316483075,0.0065838294226103315,0.006135856890058367,0.00561311964598538,0.005076900301149334,0.004555334817244481,20.290754259673818,14.882758302812167,12.038466780182883,14.702297727287183,15.584808154693238,14.48784943982018,3.521e-4,4.424e-4,5.097e-4,3.818e-4,3.258e-4,3.144e-4
HRV,HRV.19_1,POTA,0.007558072550640786,0.006655794249952937,0.005753515949265078,0.004851237648577219,0.00394895934788936,0.0030466810472015004,35.725902000643764,26.204051255119875,21.19611123976684,25.886314577928015,27.44014942509854,25.50873578493665,2.116e-4,2.54e-4,2.714e-4,1.874e-4,1.439e-4,1.194e-4
HRV,HRV.1_1,POTA,0.006357979438624309,0.005864399122462159,0.005471702715579999,0.005034718375298404,0.00458595212324444,0.004125980831696665,38.552366142916846,28.277191668860798,22.873047160762003,27.934317170802956,29.611084070982603,27.52686613219961,1.649e-4,2.074e-4,2.392e-4,1.802e-4,1.549e-4,1.499e-4
HRV,HRV.20_1,POTA,0.06934439911328225,0.0654203885061125,0.06266907516470163,0.061084345766829334,0.05554503739761516,0.049977531880721154,275.89192197609435,202.35979106153397,163.68616440399447,199.90608163381452,211.90551225453285,196.9902437385551,2.513e-4,3.233e-4,3.829e-4,3.056e-4,2.621e-4,2.537e-4
HRV,HRV.21_1,POTA,0.01621093889839201,0.01530695360577624,0.01411565156599482,0.012924349526213413,0.011756516707785913,0.010612153110712345,198.34732131316184,145.48277532396992,117.67909699208707,143.7187269648042,152.34549248898233,141.6224400138647,8.173e-5,1.052e-4,1.2e-4,8.993e-5,7.717e-5,7.493e-5
HRV,HRV.2_1,POTA,0.17989823957900877,0.16775728197308118,0.15561110618269824,0.14348788187371975,0.13136465756474125,0.11924143325576275,199.7148691219287,152.0962044879327,127.05969502249307,133.01898881448773,170.27808123113977,150.95739596223635,9.008e-4,0.001103,0.001225,0.001079,7.715e-4,7.899e-4
HRV,HRV.3_1,POTA,0.07584512948250129,0.06983987161612266,0.06402346084116374,0.058567035585900554,0.05245646795998289,0.04633843258541469,158.96676276153724,118.32121631566847,96.94652155889138,111.59381568343271,127.28326481365315,116.07135196524288,4.771e-4,5.903e-4,6.604e-4,5.248e-4,4.121e-4,3.992e-4
HRV,HRV.4_1,POTA,0.002934652570525524,0.002514614761896491,0.0022072966620308395,0.0020126982709285698,0.00184172988017061,0.00169439148975696,27.300362214969553,20.02412957275395,16.197254148656484,19.7813274070826,20.968708320494745,19.492796194821832,1.075e-4,1.256e-4,1.363e-4,1.017e-4,8.783e-5,8.692e-5
HRV,HRV.5_1,POTA,0.08541079391547272,0.06911417487012501,0.055018274370231886,0.04080210155602346,0.03130518637079316,0.02630948411298575,363.97585752168357,266.60705758030537,216.88320551963108,264.3900692234247,280.63148243510716,260.6187762790064,2.347e-4,2.592e-4,2.537e-4,1.543e-4,1.116e-4,1.01e-4
HRV,HRV.6_1,POTA,4.578319162348319e-4,4.3167009244998435e-4,4.055082686651367e-4,3.793464448802893e-4,3.531846210954417e-4,3.270227973105942e-4,8.527122262308957,6.254429876009605,5.059125785648073,6.178591916940413,6.5494640006465294,6.088470734515561,5.369e-5,6.902e-5,8.015e-5,6.14e-5,5.393e-5,5.371e-5
HRV,HRV.7_1,POTA,0.00540072335946811,0.00392559511478035,0.00245046687009258,9.753386254048132e-4,1.1888725153046452e-4,0,105.92961098139378,77.69670743488392,62.8478412639208,76.75459762870328,81.36181848731565,75.63505207725217,5.098e-5,5.052e-5,3.899e-5,1.271e-5,1.461e-6,0
HRV,HRV.8_1,POTA,2.182730209388642e-4,0,0,0,0,0,23.712305849369468,17.39238040351675,14.06846697742026,17.181489457530276,18.212814212741545,16.930879582894065,9.205e-6,0,0,0,0,0
HRV,HRV.9_1,POTA,0.1391897535115841,0.12300735809454551,0.10887913964099609,0.0927397203858603,0.07920786125013456,0.06774095381552574,93.13323121948218,68.31088447777375,55.25577294063839,67.4825822721839,71.53324725177809,66.49827869797033,0.001495,0.001801,0.00197,0.001374,0.001107,0.001019
HTI,HTI.10_1,POTA,1.5028703688022333,1.3669825656530976,1.2607259654008602,1.1283733684768373,1.0045106371557733,0.8888717878189044,103.7710958847287,104.44309057693187,104.4655102756247,104.22658545471448,104.37839543575703,104.35796354745018,0.01448,0.01309,0.012070000000000001,0.01083,0.009624,0.008518
HTI,HTI.1_1,POTA,0.69187902241825,0.6272406404433272,0.5630809523673066,0.5915539957952078,0.6080876764715268,0.5900543159611341,1699.1362099066932,1710.139375139292,1710.5064727548602,1706.594344708097,1709.0800642007498,1708.7455147680498,4.072e-4,3.668e-4,3.292e-4,3.466e-4,3.558e-4,3.453e-4
HTI,HTI.2_1,POTA,165.08291761548696,157.15956800553252,147.6619178441796,138.9605550092065,133.418731074003,123.96799557607842,5214.235331876982,5248.001366985755,5249.127900189028,5237.122531716903,5244.750599630563,5243.723948875859,0.03166,0.02995,0.02813,0.02653,0.02544,0.02364
HTI,HTI.3_1,POTA,0.13556148376228921,0.10814463454959442,0.08222611811973936,0.05778436054688408,0.03867059752792983,0.026626611409292403,19.53869813779991,19.66522567737361,19.6694470043372,19.624460682148044,19.653044454619618,19.649197405548694,0.006938,0.005499,0.00418,0.002945,0.001968,0.001355
HTI,HTI.4_1,POTA,0.16528976946636678,0.1473541893986146,0.1294186093308624,0.11148302926311024,0.09354744919535805,0.07561186912760591,54.73235906025435,55.086791616513615,55.09861651812439,54.97259954803292,55.052669227556976,55.04189276386491,0.00302,0.002675,0.002349,0.002028,0.001699,0.001374
HTI,HTI.8_1,POTA,1.9359043131288782,1.7691990988628157,1.640058174509424,1.4619355238905853,1.4028939251029489,1.625081483327027,7502.468466546642,7551.052505723999,7552.6734106690465,7535.3995646190315,7546.375160337359,7544.897970601363,2.58e-4,2.343e-4,2.171e-4,1.94e-4,1.859e-4,2.154e-4
HTI,HTI.9_1,POTA,1.5728321567425563,1.453953865509527,1.290255164420975,1.1516192034254997,1.043924920089157,0.9586888524533852,6846.478793843828,6890.814814105725,6892.293992776396,6876.530511570592,6886.5464394842375,6885.198410066044,2.297e-4,2.11e-4,1.872e-4,1.675e-4,1.516e-4,1.392e-4
HUN,HUN.10_1,POTA,0.0012733795221446431,6.150875675563227e-4,2.851364173748385e-4,2.2424245736674768e-4,1.7137661661968052e-4,1.2977701860533751e-4,56.136112041963514,49.84888412064323,41.40425369276741,43.63647940764279,48.707830193765595,45.28638622929033,2.268e-5,1.234e-5,6.887e-6,5.139e-6,3.518e-6,2.866e-6
HUN,HUN.11_1,POTA,0.011710227995624944,0.010628830897535404,0.009778195425533553,0.008995330169331834,0.008249698508241489,0.00752927734781709,294.6165710138681,261.6196023250255,217.30003743816013,229.0153248338021,255.6310615613314,237.6744548056609,3.975e-5,4.063e-5,4.5e-5,3.9279999999999997e-05,3.227e-5,3.168e-5
HUN,HUN.12_1,POTA,1.2849578766680096e-4,1.1129503489106315e-4,9.409428211532532e-5,8.13935257554168e-5,7.319276581133758e-5,6.499200586725837e-5,7.122861625885105,6.325103233560235,5.253601630910333,5.536838825408486,6.180319974920117,5.746188165053068,1.804e-5,1.76e-5,1.791e-5,1.47e-5,1.184e-5,1.131e-5
HUN,HUN.13_1,POTA,1.2441002908078228e-4,1.0748589841728836e-4,9.056176775379443e-5,7.36376370903005e-5,5.6713506426806595e-5,3.978937576331267e-5,6.5296776539099834,5.81452110162643,4.853097946551265,5.106082938778119,5.787169362757966,5.375480975906771,1.905e-5,1.849e-5,1.866e-5,1.442e-5,9.8e-6,7.402e-6
HUN,HUN.14_1,POTA,0.06182762751174758,0.054599282455601625,0.047242135502190905,0.04015433172738509,0.03330666502441872,0.027129115564619347,438.10794117150664,389.03998152680276,323.13481787839544,340.55597115390356,380.1347551317805,353.4324824487451,1.411e-4,1.403e-4,1.462e-4,1.179e-4,8.762e-5,7.676e-5
HUN,HUN.15_1,POTA,8.08931662315136e-4,7.433338568285079e-4,6.793254437498646e-4,6.169064230792056e-4,5.569255135113248e-4,5.043968697842169e-4,73.41231875955947,65.19016080303876,54.146647488214455,57.06585332137254,63.697941061508246,59.22352832073512,1.102e-5,1.14e-5,1.255e-5,1.081e-5,8.743e-6,8.517e-6
HUN,HUN.16_1,POTA,0.0010937337344506999,0.0010225674671946123,9.364439703871329e-4,8.87450457583664e-4,8.005882334051853e-4,7.199454400554299e-4,584.1293984891137,552.2795608186085,497.53702605687704,514.6725267069082,540.3492764391316,522.1497070327587,1.872e-6,1.852e-6,1.882e-6,1.724e-6,1.482e-6,1.379e-6
HUN,HUN.17_1,POTA,0.0011690013339945055,0.0010823653657118825,9.957293974292593e-4,9.090934291466331e-4,8.224574608640068e-4,7.358214925813805e-4,30.638661779357683,27.2071407351666,22.5981258582911,23.816457627369193,26.584362205162993,24.716964186108523,3.815e-5,3.978e-5,4.406e-5,3.817e-5,3.094e-5,2.977e-5
HUN,HUN.18_1,POTA,3.847317896446255e-4,2.159799450050441e-4,9.870301701394003e-5,3.290100567131334e-5,0,0,51.1714107970252,43.03628454082565,37.39361228798567,37.60456048008812,42.375481120084544,39.697447464285155,7.518e-6,5.019e-6,2.64e-6,8.749e-7,0,0
HUN,HUN.19_1,POTA,0.002550292442302556,0.0023826644185005147,0.0023068002856175746,0.002167723823703553,0.002714889415898079,0.002550836610820462,55.794710804332105,49.54571972050433,41.15244673749861,43.37109679502953,48.411605305621194,45.01096942994064,4.571e-5,4.809e-5,5.605e-5,4.998e-5,5.608e-5,5.667e-5
HUN,HUN.1_1,POTA,0.11236273689217721,0.10376085737950302,0.09510481009912206,0.08498019420784936,0.07497497288817032,0.06446471628771167,352.82274034298126,313.30669792980353,260.2311011282361,274.26092907922884,306.13502610010613,284.6308073082218,3.185e-4,3.312e-4,3.655e-4,3.099e-4,2.449e-4,2.265e-4
HUN,HUN.20_1,POTA,0.0012043269388139744,0.0011242173889589816,0.0010441078391039888,9.63998289248996e-4,8.838887393940032e-4,8.037791895390104e-4,25.185901887304563,20.074258037223547,16.437533118372908,18.795794375347224,20.376590819487575,18.94363393061745,4.782e-5,5.6e-5,6.352e-5,5.129e-5,4.338e-5,4.243e-5
HUN,HUN.2_1,POTA,0.011207048235243437,0.009246252079030905,0.008029371771297396,0.0062005521095682085,0.005324635354576394,0.0048067620136201675,123.87271141544545,109.17546230540366,90.59577649342232,96.00926277394665,106.95028446631042,99.43706220653043,9.047e-5,8.469e-5,8.863e-5,6.458e-5,4.979e-5,4.834e-5
HUN,HUN.3_1,POTA,0.033596775938981825,0.029646979433475613,0.027416685707678846,0.02531670520935368,0.021389430433550616,0.017578193883859457,449.4521418123684,398.8978915219396,332.97919203129334,348.825214167527,386.96465920005073,361.2964351229337,7.475e-5,7.432e-5,8.234e-5,7.258e-5,5.527e-5,4.865e-5
HUN,HUN.4_1,POTA,0.0032469710164798396,0.0028824659291475114,0.0025198224334758304,0.0021590405294647967,0.0018057586233583066,0.0014599767151563592,128.72098081133717,114.88631930886035,96.27319264008936,101.15175880503875,116.06395564256172,107.72486907154331,2.522e-5,2.509e-5,2.617e-5,2.134e-5,1.556e-5,1.355e-5
HUN,HUN.5_1,POTA,0,0,0,0,0,0,2.9354820291762724,2.6067089113911557,2.165120422941261,2.281848465421002,2.547040666212964,2.3681257591021394,0,0,0,0,0,0
HUN,HUN.6_1,POTA,0.016793454401323106,0.013357242988921393,0.010456830085683629,0.008031515971890921,0.005866962994509522,0.003946259767319484,516.9178525264738,458.82357729527547,382.62946525047835,401.3095755805192,445.72794867048816,415.81887062895754,3.249e-5,2.911e-5,2.733e-5,2.001e-5,1.316e-5,9.49e-6
HUN,HUN.7_1,POTA,0.0019111132232021441,0.0017106042462164547,0.0015442856217359302,0.0014103997710391222,0.001292183193403097,0.00118822971338704,70.27626616649364,62.405345171505196,51.83359244336036,54.62809464125048,60.97687058431555,56.69359734049941,2.719e-5,2.741e-5,2.979e-5,2.582e-5,2.119e-5,2.096e-5
HUN,HUN.8_1,POTA,0.013684776110124848,0.01035663319617489,0.007624650843854258,0.0049353063013583215,0.002980859330171736,0.00176847956683819,101.90418567057901,89.30549563554483,77.45225314756786,72.60986491597312,83.18203270872743,78.90713171141604,1.343e-4,1.16e-4,9.844e-5,6.797e-5,3.584e-5,2.241e-5
HUN,HUN.9_1,POTA,0.1577815311783677,0.1476041305497039,0.14317834388876519,0.13710127340991946,0.1276272073531804,0.11582470600507092,648.0698118067597,575.2877557037921,479.35486450711176,503.2614375103848,559.5418152574806,521.6295518469485,2.435e-4,2.566e-4,2.987e-4,2.724e-4,2.281e-4,2.22e-4
IDN,IDN.10_1,POTA,25.15535668424753,22.136083282187787,19.281042439773536,16.901180091055544,14.507824383986385,12.168528073373942,65534.008043341615,69534.0044432538,76836.22643276582,63784.02417845309,64904.667532847336,65644.23451848948,3.839e-4,3.183e-4,0.00025090000000000003,2.65e-4,2.235e-4,1.854e-4
IDN,IDN.11_1,POTA,78.71973387270599,70.53882440365464,62.113056057611686,54.96333183219539,47.77652497861964,40.77360949703851,36149.822279574415,38356.29741047334,42384.343840843925,35184.49744142314,35802.66592080786,36210.6253283436,0.002178,0.001839,0.001465,0.001562,0.001334,0.001126
IDN,IDN.12_1,POTA,341.0297871424832,327.3751908212769,311.53954193234864,296.92415933145134,277.25642174317977,255.85317873613545,4123.076617610495,4374.736665872715,4834.15646393613,4012.9762625437697,4083.4816161630347,4130.011523865935,0.08271,0.07483,0.06445,0.07399,0.0679,0.06195
IDN,IDN.13_1,POTA,67.35756162246292,64.99187182664399,61.37440853936796,58.98547625753357,54.4991526060302,49.49510539519336,7100.76622539499,7534.175384795302,8325.38857046176,6911.151295776029,7032.575678614529,7112.709527128598,0.009486,0.008626,0.007372,0.008535,0.00775,0.006959
IDN,IDN.14_1,POTA,76.63974252534108,72.12294693261981,67.61583820210974,64.68345743583149,59.78900179293041,54.937833941599116,2165.823399449689,2298.0186681247683,2539.348684784234,2107.9884505979676,2145.024421261927,2169.466257352661,0.03539,0.03138,0.02663,0.03068,0.02787,0.02532
IDN,IDN.16_1,POTA,1.675992752225785,1.6852277522765604,1.641117336749934,1.5520366178190466,1.451693475506195,1.3578742190347073,631.5455838130749,670.0932041564242,740.4640877204062,614.6811402270279,625.4806835882258,632.6078268480634,0.002654,0.002515,0.002216,0.002525,0.002321,0.002146
IDN,IDN.17_1,POTA,18.010233900202735,17.207835307887674,16.202260880411433,16.086999251203846,14.968424932500703,13.825025062313886,4261.775549594295,4521.9013585382045,4996.7758864631605,4147.971455044882,4220.848585410754,4268.943743799546,0.004226,0.003805,0.003243,0.003878,0.003546,0.003239
IDN,IDN.18_1,POTA,16.458292784945954,15.531128531923514,14.582026469323417,13.866004436436752,12.88486401292794,11.779193935202782,7913.845419738131,8396.882458575714,9278.694173912758,7702.518473511914,7837.846657185155,7927.156299257447,0.00208,0.00185,0.001572,0.0018,0.001644,0.001486
IDN,IDN.19_1,POTA,467.9192462327305,417.17528490257905,383.3123326967781,377.40533897899354,349.3496430915151,320.74167706906997,1874.058291520295,1988.4451059869004,2197.2647719062543,1824.0144765616233,1856.0612112699707,1877.210408197781,0.2497,0.2098,0.1744,0.2069,0.1882,0.1709
IDN,IDN.1_1,POTA,9.696550762747266,7.641207155304539,6.077182766509522,4.717931093976606,3.5676124591017526,2.741821176782874,9952.077951461704,10559.522500727859,11668.4472350496,9686.323172269005,9856.505499761368,9968.81708440564,9.743e-4,7.236e-4,5.208e-4,4.871e-4,3.62e-4,2.75e-4
IDN,IDN.20_1,POTA,14.076008631052828,12.7515090374498,11.482526283123299,10.09766433988283,8.837391871512025,7.360122211640068,897.7137331326774,952.5074472346379,1052.5365032635768,873.7416826633693,889.0927493724015,899.2236639830782,0.01568,0.01339,0.01091,0.01156,0.00994,0.008185
IDN,IDN.21_1,POTA,75.46623434146211,76.47076274141405,74.92482968251876,74.15675481978394,70.78505949408141,65.89438749862337,4389.893658287415,4657.3667969005555,5146.312876995668,4273.006084322704,4347.900092269287,4397.438525713708,0.01719,0.01642,0.01456,0.01735,0.01628,0.01498
IDN,IDN.22_1,POTA,69.81294837503057,66.42307845592889,63.22277259273159,61.10590225306528,56.8076945975034,52.16712509355994,1212.0670236156127,1286.0479058425667,1421.104233646518,1179.7006569333248,1200.4272215926533,1214.1056884195073,0.0576,0.05165,0.04449,0.0518,0.04732,0.04297
IDN,IDN.23_1,POTA,2725.9687847979844,2731.99773626951,2710.410599822238,2633.407575179278,2482.6268289604336,2295.9759255130393,15020.846828542713,15937.67360339931,17611.393268766562,14619.73845181216,14876.59764108451,15046.111497209879,0.1815,0.1714,0.1539,0.1801,0.1669,0.1526
IDN,IDN.24_1,POTA,231.83113376363832,215.8693642401237,200.1905528638107,182.02490700781513,162.0886437849933,146.791687613471,2088.9921879612475,2216.4979133208712,2449.2669006955007,2033.2088972399993,2068.9310403335826,2092.5058177904825,0.111,0.09739,0.08173,0.08953,0.07834,0.07015
IDN,IDN.25_1,POTA,79.08470558644342,75.98912834659546,72.47004314183071,69.61591793718846,64.95571528487898,60.13573474000398,1338.454294383061,1420.1494709612805,1569.2886839014818,1302.7129520022925,1325.6007617814355,1340.7055392469308,0.05909,0.05351,0.04618,0.05344,0.049,0.04485
IDN,IDN.26_1,POTA,216.60322706352625,215.36227105078385,209.82335477082293,203.60691168227947,190.67980526315966,179.9232991947329,22741.274836769833,24129.333040326255,26663.31260514656,22134.00442527566,22522.88432560809,22779.525061965403,0.009525,0.008925,0.007869,0.009199,0.008466,0.007898
IDN,IDN.27_1,POTA,172.8290511025394,167.526165777718,159.72901296441196,156.11406528213033,145.71771012553785,135.6243708391521,1079.1322590907248,1144.999207874587,1265.243086544613,1050.3157087548973,1068.7690649705385,1080.947331122627,0.1602,0.1463,0.1262,0.1486,0.1363,0.1255
IDN,IDN.28_1,POTA,1601.413339457662,1518.4594429720928,1428.6083415318526,1371.6149861104245,1276.3657660043707,1175.5705882615853,5640.119491029355,5984.375219204433,6612.833721904764,5489.5088630510245,5585.9559233533855,5649.606023433993,0.2839,0.2537,0.216,0.2499,0.2285,0.2081
IDN,IDN.29_1,POTA,242.3565763942546,230.15483546271804,216.2304279517119,221.42729762305143,208.11609076231483,190.26707922253254,23612.33182617641,25053.556697326858,27684.59505180575,22981.801191137663,23385.576323054764,23652.04714628166,0.01026,0.009187,0.00781,0.009635,0.008899,0.008044
IDN,IDN.2_1,POTA,1.414812266109012,1.2283455326860282,1.068943352481295,0.915243227618778,0.7559431360273694,0.6102700429623834,3941.471561298155,4182.046989633348,4621.231180640141,3836.220687101249,3903.620561511212,3948.101012632951,3.59e-4,2.937e-4,2.313e-4,2.386e-4,1.937e-4,1.546e-4
IDN,IDN.30_1,POTA,92.10702589344089,88.75287970119179,87.19640286197162,80.88551072594831,73.86381089282361,67.05513728443658,61715.874073512074,65482.82319629755,72359.60406499558,60067.84754406937,61123.20011910756,61819.67854790488,0.001492,0.001355,0.001205,0.001347,0.001208,0.001085
IDN,IDN.31_1,POTA,2127.096757971996,1991.6158213644553,1850.1257326685322,1709.520668315846,1567.554349151136,1425.274223703793,1757.7307699761996,1865.0173065675476,2060.875009512762,1710.793300742789,1740.8508138569782,1760.6872268268974,1.21,1.068,0.8977,0.9993,0.9005,0.8095
IDN,IDN.32_1,POTA,856.9140114417665,666.2924850157881,490.205648966073,331.5814970598144,198.1170263777376,133.78626793688284,48772.40646938045,51749.3257227176,57183.86192209956,47470.01513209565,48304.032077184354,48854.44037223656,0.01757,0.01288,0.008572,0.006985,0.004101,0.002738
IDN,IDN.33_1,POTA,0.11878357431570369,0.10854840611242411,0.09779386601757316,0.08989166939818946,0.080596326321216,0.07055107543548877,676.7136493524779,718.0181909485167,793.4219917909201,658.643062753632,670.2149881800943,677.8518638838284,1.755e-4,1.512e-4,1.233e-4,1.365e-4,1.203e-4,1.041e-4
IDN,IDN.34_1,POTA,14.358621011963583,13.67049549542014,12.864366652560912,12.274506982098218,11.511707816516175,10.566576806389053,2164.7971850198896,2296.9298166894305,2538.145485916182,2106.989639630091,2144.0080618422576,2168.438316857225,0.006633,0.005952,0.005068,0.005826,0.005369,0.004873
IDN,IDN.35_1,POTA,32.64488888638016,31.361462373175492,29.5102152692903,27.91287420623272,25.929477390015638,23.89741010935948,771.944944462042,819.0621144775924,905.0772006358407,751.3313540877524,764.5317518323479,773.2433355230618,0.04229,0.03829,0.03261,0.03715,0.03392,0.03091
IDN,IDN.3_1,POTA,17.691243127666635,17.49535534136235,17.04975430223486,16.57242491487014,15.650628058093726,14.548030393819085,1002.0901596694625,1063.254693180282,1174.9140440713866,975.3308988986984,992.4668213222859,1003.7756489196802,0.01765,0.01645,0.01451,0.01699,0.01577,0.01449
IDN,IDN.4_1,POTA,105.26794819759165,103.0806548560929,97.36369552292172,100.38929123000233,95.56029286762303,87.88376520004667,3332.9519276521723,3536.3851695633325,3907.7641769329416,3243.9506248174216,3300.9447037659993,3338.5578649935815,0.03158,0.02915,0.02492,0.03095,0.02895,0.02632
IDN,IDN.5_1,POTA,156.97396981199944,151.78538983286558,147.42143358515543,142.4127006926501,133.76156488558314,122.3855240846505,7346.621087401497,7795.036479325792,8613.644399927201,7150.440985676303,7276.069530986766,7358.977910536375,0.02137,0.01947,0.01711,0.01992,0.01838,0.01663
IDN,IDN.6_1,POTA,57.70039684313281,54.79356077024847,51.38256061268296,48.94002705680842,45.40264131949337,41.506439490080666,247.4388085468672,262.54172034697325,290.1129488247829,240.83133960924505,245.06258785265922,247.85499410449205,0.2332,0.2087,0.1771,0.2032,0.1853,0.1675
IDN,IDN.8_1,POTA,180.2822418408872,156.39430393721636,134.33141293553052,111.6196425405315,92.04200310274179,74.4052421204828,48056.83885189045,50990.08203566749,56344.88507439853,46773.555636056364,47595.33624585745,48137.66918886434,0.003751,0.003067,0.002384,0.002386,0.001934,0.001546
IDN,IDN.9_1,POTA,48.70474815565299,42.88697241886468,37.87456734622177,34.18761221936902,31.672479350346187,28.076341686161793,115905.63757788905,122980.16493984227,135895.11888054915,112810.5576084665,114792.56491072988,116100.58780695985,4.202e-4,3.487e-4,2.787e-4,3.031e-4,2.759e-4,2.418e-4
IND,IND.10_1,POTA,0.01683250871229368,0.01735715035071906,0.016868248904326148,0.018668803385065092,0.018241580146817073,0.01708787560862105,4.4702743650647765,4.992030369784252,5.171165370698878,5.536247289315222,5.251927456126648,5.293148899620287,0.003765,0.003477,0.003262,0.003372,0.003473,0.003228
IND,IND.12_1,POTA,0.08534072963946113,0.07492302427083132,0.06462532018175893,0.05477550357751372,0.045208756008444984,0.036226343177346854,17101.25601074622,19097.25945106807,19782.549270204683,21179.18823356326,20091.5086284167,20249.203302333437,4.99e-6,3.923e-6,3.267e-6,2.586e-6,2.25e-6,1.789e-6
IND,IND.13_1,POTA,0.8453255874961584,0.7205584944493589,0.6241792804481402,0.5384428060319063,0.5657038583178982,0.5305213172036928,6270.7865609631735,7002.692541514619,7253.978539777342,7766.106118970536,7367.269527886186,7425.0939146628725,1.348e-4,1.029e-4,8.605e-5,6.933e-5,7.679e-5,7.145e-5
IND,IND.15_1,POTA,0.06518762051836181,0.05668052238492016,0.04966249573853558,0.04558192434243141,0.04163029664014613,0.03560345235024506,4000.1906932023526,4467.080048028573,4627.377628214146,4954.068380020919,4699.646960274954,4736.533652490596,1.63e-5,1.269e-5,1.073e-5,9.201e-6,8.858e-6,7.517e-6
IND,IND.16_1,POTA,14.05520994077956,13.585239827434803,12.779977701282812,12.32409264033229,11.70689131280229,10.235916087099827,27120.789898285642,30286.241015280062,31373.03845241329,33587.96067012674,31863.015436320904,32113.102571247542,5.182e-4,4.486e-4,4.074e-4,3.669e-4,3.674e-4,3.187e-4
IND,IND.17_1,POTA,1.7199387888761222,1.878971963384454,1.9639855472566852,2.783406010378756,2.735098234862048,2.5118386404798567,891.1269094753552,995.136367959485,1030.8460373684682,1103.6232978391913,1046.945556483553,1055.1628457469756,0.00193,0.001888,0.001905,0.002522,0.002612,0.002381
IND,IND.19_1,POTA,0.25599451469585377,0.21569906042584,0.18037401097654585,0.1506924416897423,0.120864027299015,0.09560540369506224,4944.755922165136,5521.891883757163,5720.04053958957,6123.872795001351,5809.374832653612,5854.971581351702,5.177e-5,3.906e-5,3.153e-5,2.461e-5,2.08e-5,1.633e-5
IND,IND.1_1,POTA,0.12081244538595866,0.11616733719703695,0.10915664207997292,0.10186947716089206,0.09412904405319147,0.085094117229932,258.12760324372374,288.2554244863708,298.59923890736434,319.68020909937883,303.2626939532904,305.6429488419868,4.68e-4,4.03e-4,3.656e-4,3.187e-4,3.104e-4,2.784e-4
IND,IND.20_1,POTA,0.006333844183905516,0.005512486848714757,0.004750070751919649,0.004071358436045974,0.003301022656378838,0.003283529818616954,48.2264168585361,53.85524867671044,55.787801026422386,59.726394355794184,56.659082223085115,57.10378927126336,1.313e-4,1.024e-4,8.515e-5,6.817e-5,5.826e-5,5.75e-5
IND,IND.21_1,POTA,123.16425631097238,109.16338189889274,94.51164846861474,79.63194126846719,64.53039255300251,49.40688093768836,10151.277095001871,11336.101413902876,11742.888309559432,12571.93087285537,11926.28607018785,12019.893366068858,0.01213,0.00963,0.008048,0.006334,0.005411,0.00411
IND,IND.22_1,POTA,154.79597641193024,147.26149906424868,137.9559014149771,128.50388410985428,117.13184826774912,105.77630752156129,82470.75140083492,91845.85652755674,95112.66868813486,101699.48247007852,96687.00412534262,97370.35699673262,0.001877,0.001603,0.00145,0.001264,0.001211,0.001086
IND,IND.23_1,POTA,16.26582742997245,16.126749897903714,15.292629166884279,14.283416207657703,13.146681805499785,11.83529379032996,216.1239484568664,241.15097446621206,249.7605839221845,267.3002212274304,253.61154854303436,255.60971362039243,0.07526,0.06687,0.06123,0.05344,0.05184,0.0463
IND,IND.24_1,POTA,327.5471223882898,307.1862352183631,282.92152976228215,259.71318540608644,231.4823528575956,202.04290551678807,55260.121964215745,61709.90515463572,63924.31554428944,68437.34309072656,64922.670975379035,65432.23746033605,0.005927,0.004978,0.004426,0.003795,0.003566,0.003088
IND,IND.25_1,POTA,0,0,0,0,0,0,101.48502643131908,113.33003136959833,117.39678853436394,125.68494830592628,119.23026489508547,120.16608201521171,0,0,0,0,0,0
IND,IND.26_1,POTA,23.405070284067964,19.19906192225293,15.304223003490671,12.309977648204422,9.674179382442466,7.499251323477759,10819.60128913136,12082.430252246484,12515.99855891939,13399.622353505585,12711.470579705428,12811.240648998964,0.002163,0.001589,0.001223,9.187e-4,7.611e-4,5.854e-4
IND,IND.27_1,POTA,1.9856098981559063e-4,6.105823142330724e-4,6.398981995257542e-4,6.156199307572672e-4,6.035905338939796e-4,5.638750507386306e-4,4.339678563776514,4.846191847815171,5.0200935504861715,5.374509867440532,5.09849623056232,5.138513419685046,4.575e-5,1.26e-4,1.275e-4,1.145e-4,1.184e-4,1.097e-4
IND,IND.28_1,POTA,0.6204538261620609,0.5892811070786633,0.5465435474899231,0.4991239981491432,0.4490034839613473,0.38083361959050566,47645.9335504005,53481.60119609076,56045.74383083045,59940.78377036955,57051.06045507849,57405.14616077712,1.302e-5,1.102e-5,9.752e-6,8.327e-6,7.87e-6,6.634e-6
IND,IND.29_1,POTA,0.1601679312658122,0.1369202289594607,0.11368721679005835,0.10166926910186028,0.07799059260805484,0.06183595347535605,1106.0671406267606,1235.4112273505575,1280.3243314404945,1370.658975242873,1300.4373266065604,1310.5597737448657,1.448e-4,1.108e-4,8.88e-5,7.418e-5,5.997e-5,4.718e-5
IND,IND.2_1,POTA,2.1907355669162643,2.235080799415059,2.266287335948876,3.2850832216287156,4.887746448280039,5.317703904232647,2045.4847477611274,2284.2271296710587,2366.1947858454987,2533.2470594260885,2403.149478208658,2422.011370580607,0.001071,9.785e-4,9.578e-4,0.001297,0.002034,0.002196
IND,IND.30_1,POTA,0.5989828388092387,0.559456632781166,0.5206060714809572,0.5452464963556112,0.49567734459093427,0.4461081928262573,114.54999516308364,127.91990110979832,132.5102040336351,141.86536405210197,134.5797182825614,135.63601052934465,0.005229,0.004373,0.003929,0.003843,0.003683,0.003289
IND,IND.31_1,POTA,15.035959968000915,12.672713669146749,10.336018356403148,8.075662963848387,5.846417763317926,3.7333831486401743,7620.014568293053,8509.39808983428,8814.751006721935,9437.068410820822,8952.417784478297,9022.683717684178,0.001973,0.001489,0.001173,8.557e-4,6.531e-4,4.138e-4
IND,IND.32_1,POTA,0.425516385418643,0.39011773799987215,0.3550553733510018,0.3250927307412801,0.2947178445198726,0.2581483166900954,1321.9302849848793,1476.2217238731932,1529.1947549382353,1637.155207766579,1553.0773710568008,1565.2671988156715,3.219e-4,2.643e-4,2.322e-4,1.986e-4,1.898e-4,1.649e-4
IND,IND.33_1,POTA,26.952984200591395,26.59414082340655,25.509118453448288,24.223018615891327,22.21321037030706,19.938804618225763,61426.47492845516,68403.96868317014,70836.37006830801,75739.24500167098,72010.77662648694,72518.112705833,4.388e-4,3.888e-4,3.601e-4,3.198e-4,3.085e-4,2.749e-4
IND,IND.34_1,POTA,1.09768506181734,0.958155289318095,0.8248038029326884,0.7013601081076342,0.5691756305445198,0.43900596958261107,84791.50441904223,94675.54850025995,98070.44633137737,104982.2347640081,99606.2936309804,100381.87793065952,1.295e-5,1.012e-5,8.41e-6,6.681e-6,5.714e-6,4.373e-6
IND,IND.35_1,POTA,3.7245582711854883,4.3217811723376665,4.271260087176646,4.883498081822332,4.9425025006253245,4.651480631732931,19559.59390219165,21842.1977154557,22625.92300186083,24222.989855301275,22979.39976203194,23159.598251889976,1.904e-4,1.979e-4,1.888e-4,2.016e-4,2.151e-4,2.008e-4
IND,IND.36_1,POTA,23.830033059659403,21.466706148396216,19.28511286671123,16.935966226549063,14.50507660314637,12.052965830210027,266933.59464986494,297398.86392748944,307957.7896070156,329385.2538725415,313019.70199331024,315272.6001188841,8.927e-5,7.218e-5,6.262e-5,5.142e-5,4.634e-5,3.823e-5
IND,IND.3_1,POTA,74.85532091316482,69.48882214292306,63.3364685310787,56.39231262869264,49.539436657855504,42.75596014425622,4816.998358931164,5379.222869833142,5572.251962672813,5965.650411903094,5659.2781273327955,5703.696793715649,0.01554,0.01292,0.01137,0.009453,0.008754,0.007496
IND,IND.4_1,POTA,363.39207896326303,329.6304699417589,292.8049955818864,254.4897119312138,216.6286127379216,179.8102524519093,68609.37153372233,76597.3832555138,79331.7253343944,84939.65396611902,80580.67983740235,81209.90120057411,0.005297,0.004303,0.003691,0.002996,0.002688,0.002214
IND,IND.5_1,POTA,0.5913952656359243,0.5081402861519336,0.4267803565473987,0.3478392434627869,0.27620693003858326,0.21031712716491055,24974.469629159186,27869.218616940823,28865.32737376769,30883.991654863414,29322.906832350265,29543.067465517182,2.368e-5,1.823e-5,1.479e-5,1.126e-5,9.419e-6,7.119e-6
IND,IND.6_1,POTA,0,0,0,0,9.47269469325552e-5,8.986915478216776e-5,23.67329888175584,26.43636996741525,27.38501787367728,29.318387655915316,27.81271085860614,28.031007874061963,0,0,0,0,3.406e-6,3.206e-6
IND,IND.7_1,POTA,5.23030847536793,4.466522738621878,3.712751520425153,2.972089154069591,2.223457774095769,1.5062074085207164,591.0073095427086,659.9877763786725,683.6709077235535,731.9377622527404,694.3483245717771,699.7981409421174,0.00885,0.006768,0.005431,0.004061,0.003202,0.002152
IRL,IRL.10_1,POTA,0.02494184327024356,0.01950209997735051,0.01617541928854808,0.013196448277109253,0.010596597918584685,0.008549960837575973,1772.2302652996027,2406.076405495879,2172.5541433183034,1902.4240928853308,2174.8568912892074,2139.6401104202873,1.407e-5,8.105e-6,7.445e-6,6.937e-6,4.872e-6,3.996e-6
IRL,IRL.11_1,POTA,0.12515045505283587,0.11374756969329358,0.10702156811376229,0.09389086189012298,0.08079909436988658,0.06800869688094609,6628.084379944539,8998.648625112108,8125.282850576688,7115.005121499686,8133.895054168819,8002.185422661224,1.888e-5,1.264e-5,1.317e-5,1.32e-5,9.934e-6,8.499e-6
IRL,IRL.13_1,POTA,0.011353403239476175,0.010322151781128427,0.00929090032278066,0.008259648864432912,0.007228397406085155,0.006197145947737409,1533.4692391863123,2081.9214225168153,1879.8600918161037,1646.1229014353817,1881.8526055701689,1851.3803519228559,7.404e-6,4.958e-6,4.942e-6,5.018e-6,3.841e-6,3.347e-6
IRL,IRL.15_1,POTA,0.0765462612015392,0.05726090800955711,0.04633892413431525,0.0373370895453641,0.03056325751879274,0.026048333027846492,3011.2587784952993,4088.2490495979823,3691.4631602443624,3232.4756902588224,3695.37584031637,3635.5377692607703,2.542e-5,1.401e-5,1.255e-5,1.155e-5,8.271e-6,7.165e-6
IRL,IRL.17_1,POTA,0.13091717266996808,0.09062654593183357,0.07763698831718552,0.06482841618301063,0.056943113239467956,0.048532321166456255,4385.021343293212,5953.343985980289,5375.540907095577,4707.159343025397,5381.238586002404,5294.101864112493,2.986e-5,1.522e-5,1.444e-5,1.377e-5,1.058e-5,9.167e-6
IRL,IRL.18_1,POTA,0,0,0,0,0,0,1.0587978052300826,0.9847723708552539,0.9722684321184272,0.9034031401637991,1.0593201964819916,1.0165632032045286,0,0,0,0,0,0
IRL,IRL.1_1,POTA,0.026990811570249226,0.020710005750033893,0.016510804656650054,0.0127549882945535,0.01030298078594906,0.008862981785200008,2566.6404064560766,3484.6109133128475,3146.4112528919322,2755.1941994341096,3149.746217937802,3098.7433575684136,1.052e-5,5.943e-6,5.248e-6,4.629e-6,3.271e-6,2.86e-6
IRL,IRL.22_1,POTA,0.09134024066741539,0.07906640091985474,0.0677975449341127,0.05829815321003528,0.04810981111319971,0.04036910006597178,4542.409522969982,6167.022757322232,5568.481039402983,4876.10977278337,5574.383220692198,5484.118967835481,2.011e-5,1.282e-5,1.218e-5,1.196e-5,8.631e-6,7.361e-6
IRL,IRL.23_1,POTA,7.793963253092002e-5,7.360441582320307e-5,6.926919911548612e-5,6.493398240776919e-5,6.059876570005223e-5,5.626354899233528e-5,12.97798976452089,17.619626283665706,15.909549671349197,13.931395309440717,15.926412626565464,15.668521182882802,6.006e-6,4.177e-6,4.354e-6,4.661e-6,3.805e-6,3.591e-6
IRL,IRL.24_1,POTA,3.0958543714008875e-4,2.679385237628976e-4,2.262916103857064e-4,1.8464469700851517e-4,1.42997783631324e-4,1.013508702541328e-4,289.9669304111536,393.67490968697354,355.46670679588203,311.2688488371605,355.84347542110385,350.0814127549431,1.068e-6,6.806e-7,6.366e-7,5.932e-7,4.019e-7,2.895e-7
IRL,IRL.25_1,POTA,0.12296344311138879,0.07264078533178792,0.04783399987220689,0.025866613546921432,0.007853645220078595,1.9194098932419793e-4,1188.8364350871016,1614.0291430884354,1457.3791980353124,1276.1722451609667,1458.9239130434214,1435.3000121072905,1.034e-4,4.501e-5,3.282e-5,2.027e-5,5.383e-6,1.337e-7
IRL,IRL.26_1,POTA,0.04440516049005671,0.04017738457201083,0.0360653352785675,0.03200350828852943,0.02795422368650187,0.023917481472484813,3464.46906116616,4703.552032068,4247.0477796304795,3718.98028155168,4251.549338630495,4182.705323186703,1.282e-5,8.542e-6,8.492e-6,8.605e-6,6.575e-6,5.718e-6
IRL,IRL.2_1,POTA,0.00315266379164727,0.00296159325882017,0.00277052272599306,0.00257945219316595,0.0023883816603388402,0.00219731112751174,83.1028486741943,112.82495697062862,101.87470654562651,89.20785554831053,101.98268625904625,100.33131235541448,3.794e-5,2.625e-5,2.72e-5,2.892e-5,2.342e-5,2.19e-5
IRL,IRL.4_1,POTA,0.10475403429202988,0.06494815471037177,0.04057539907819801,0.01995310187124525,0.006433635997029821,0.00274270965818075,1965.5173954759523,2668.4935487471284,2409.5023343840635,2109.9107273774844,2412.056230050349,2372.998554100533,5.33e-5,2.434e-5,1.684e-5,9.457e-6,2.667e-6,1.156e-6
IRL,IRL.5_1,POTA,0.004323838873549156,0.001790551337201469,0.0015417345358459955,0.0012929177344905166,0.0010441009331350378,7.952841317795591e-4,136.37124800001746,126.8369055414542,125.2264207803092,116.35669536026317,136.43853105124333,130.93150742012716,3.171e-5,1.412e-5,1.231e-5,1.111e-5,7.653e-6,6.074e-6
IRL,IRL.6_1,POTA,0.3648609730438324,0.21457470655424352,0.17639509703040057,0.13930121177658608,0.11085279785721779,0.09000646263130165,10134.151497269346,13758.676445568077,12423.32514882644,10878.63938837309,12436.492961866368,12235.112701321365,3.6e-5,1.56e-5,1.42e-5,1.281e-5,8.914e-6,7.356e-6
IRL,IRL.7_1,POTA,8.697732826402294e-5,7.359620083878865e-5,6.021507341355434e-5,4.683394598832005e-5,3.345281856308575e-5,2.007169113785145e-5,12.132050176099018,16.471132589573045,14.872523279345772,13.02331023401334,14.888287062683032,14.647205663212521,7.169e-6,4.468e-6,4.049e-6,3.596e-6,2.247e-6,1.37e-6
IRL,IRL.9_1,POTA,0.07541555832028246,0.06531116334848064,0.05716292057122479,0.05048660805444123,0.043729503408519804,0.03754106025390345,3440.9179137177944,4671.577710611365,4218.17673280847,3693.6989898379925,4222.647690617398,4154.271670566271,2.192e-5,1.398e-5,1.355e-5,1.367e-5,1.036e-5,9.037e-6
IRN,IRN.11_1,POTA,0,0,0,0,0,0,78.16395463510646,78.16395463510646,78.16395463510646,78.16395463510646,78.16395463510646,78.16395463510646,0,0,0,0,0,0
IRN,IRN.13_1,POTA,0,0,0,0,0,0,775.3620819695446,775.3620819695446,775.3620819695446,775.3620819695446,775.3620819695446,775.3620819695446,0,0,0,0,0,0
IRN,IRN.14_1,POTA,7.36342111630798e-5,4.2726961610431904e-5,1.4242320536810636e-5,0,0,0,76.42789589988656,76.42789589988656,76.42789589988656,76.42789589988656,76.42789589988656,76.42789589988656,9.634e-7,5.59e-7,1.863e-7,0,0,0
IRN,IRN.15_1,POTA,0.00282235120066256,0.0023978540306085977,0.0019924511042722034,0.001587648616744149,0.0011828461292160946,7.786991550696548e-4,227.2638778001749,227.2638778001749,227.2638778001749,227.2638778001749,227.2638778001749,227.2638778001749,1.242e-5,1.055e-5,8.767e-6,6.986e-6,5.205e-6,3.426e-6
IRN,IRN.17_1,POTA,0.00130019848679128,0.00114723395893348,9.94269431075686e-4,8.413049032178881e-4,6.883403753600902e-4,5.353758475022923e-4,31.87458744037012,31.87458744037012,31.87458744037012,31.87458744037012,31.87458744037012,31.87458744037012,4.079e-5,3.599e-5,3.119e-5,2.639e-5,2.16e-5,1.68e-5
IRN,IRN.18_1,POTA,0.00129085710185969,9.22040787042638e-4,5.532244722255828e-4,1.844081574085276e-4,0,0,21.90937381792263,21.90937381792263,21.90937381792263,21.90937381792263,21.90937381792263,21.90937381792263,5.892e-5,4.208e-5,2.525e-5,8.417e-6,0,0
IRN,IRN.19_1,POTA,0,0,0,0,0,0,4.772520622133465,4.772520622133465,4.772520622133465,4.772520622133465,4.772520622133465,4.772520622133465,0,0,0,0,0,0
IRN,IRN.1_1,POTA,2.221461044316286e-5,0,0,0,0,0,3.114726345573952,3.114726345573952,3.114726345573952,3.114726345573952,3.114726345573952,3.114726345573952,7.132e-6,0,0,0,0,0
IRN,IRN.20_1,POTA,0.022574943816548104,0.017647620437765122,0.013354850820950599,0.009619982276454058,0.006843298423180867,0.0053208458659659424,190.14215389126835,190.14215389126835,190.14215389126835,190.14215389126835,190.14215389126835,190.14215389126835,1.187e-4,9.281e-5,7.024e-5,5.059e-5,3.599e-5,2.798e-5
IRN,IRN.24_1,POTA,4.460724021260109e-4,3.588980866258299e-4,2.914929298853999e-4,2.371745037154056e-4,1.861542355676314e-4,1.3513396741985723e-4,43.57363193118681,43.57363193118681,43.57363193118681,43.57363193118681,43.57363193118681,43.57363193118681,1.024e-5,8.237e-6,6.69e-6,5.443e-6,4.272e-6,3.101e-6
IRN,IRN.26_1,POTA,0,0,0,0,0,0,1.7779991070631396,1.7779991070631396,1.7779991070631396,1.7779991070631396,1.7779991070631396,1.7779991070631396,0,0,0,0,0,0
IRN,IRN.28_1,POTA,2.248136988152988e-4,1.9022697592063745e-4,1.556402530259761e-4,1.2105353013131472e-4,8.646680723665338e-5,5.188008434199203e-5,4.733616340456922,4.733616340456922,4.733616340456922,4.733616340456922,4.733616340456922,4.733616340456922,4.749e-5,4.019e-5,3.288e-5,2.557e-5,1.827e-5,1.096e-5
IRN,IRN.29_1,POTA,0.005323321157454545,0.0048421738226176675,0.004368277014125795,0.0038995865405244607,0.0034377785988060176,0.0029800402169529554,102.44319543169684,102.44319543169684,102.44319543169684,102.44319543169684,102.44319543169684,102.44319543169684,5.196e-5,4.727e-5,4.264e-5,3.807e-5,3.356e-5,2.909e-5
IRN,IRN.2_1,POTA,0.4446623765927081,0.38034599160877597,0.31609269280864377,0.25187068141165514,0.18768743948610772,0.12352525387123196,5700.480674812146,5703.1633005465355,5704.520403038039,5697.489371022354,5691.255999060041,5694.732323148522,7.8e-5,6.669e-5,5.541e-5,4.421e-5,3.298e-5,2.169e-5
IRN,IRN.31_1,POTA,2.2370450863560024e-4,1.491228538377834e-4,9.48592242680777e-5,5.079555711241862e-5,1.6931852370806208e-5,0,47.3559373586424,47.3559373586424,47.3559373586424,47.3559373586424,47.3559373586424,47.3559373586424,4.724e-6,3.149e-6,2.003e-6,1.073e-6,3.575e-7,0
IRN,IRN.5_1,POTA,0.00438578257256246,0.00392412124913483,0.0034624599257072,0.00300079860227958,0.00253913727885195,0.00207747595542432,302.1859565028633,302.18602206983087,302.18605523923424,302.18588339139046,302.1857310394272,302.1858160054461,1.451e-5,1.299e-5,1.146e-5,9.93e-6,8.403e-6,6.875e-6
IRN,IRN.6_1,POTA,0,0,0,0,0,0,88.66518135155582,88.66518135155582,88.66518135155582,88.66518135155582,88.66518135155582,88.66518135155582,0,0,0,0,0,0
IRN,IRN.7_1,POTA,4.936125505969325e-4,4.217814977961002e-4,3.499504449952681e-4,4.3191640642977814e-4,3.6336395256081165e-4,2.8307327721955634e-4,225.60130730595418,225.60130730595418,225.60130730595418,225.60130730595418,225.60130730595418,225.60130730595418,2.188e-6,1.87e-6,1.551e-6,1.915e-6,1.611e-6,1.255e-6
IRN,IRN.8_1,POTA,0.008876656194285801,0.00752726595359066,0.006434875602020139,0.0055687103637549985,0.004791188118116374,0.004081112654684135,112.58836491673914,114.72926862012774,115.81232158301204,110.20111675184074,105.22649470611778,108.00081951028275,7.884e-5,6.561e-5,5.556e-5,5.053e-5,4.553e-5,3.779e-5
IRN,IRN.9_1,POTA,0.17626474878258078,0.1314868850567131,0.10112240826451092,0.08291252201414069,0.06720203687188121,0.05272359490436927,3739.2166562531775,3740.4702874418654,3744.9765832839826,3747.453754944128,3748.4514881559626,3746.9831672669106,4.714e-5,3.515e-5,2.7e-5,2.213e-5,1.793e-5,1.407e-5
IRQ,IRQ.12_1,POTA,0.0023115194269264436,0.0020009637271944597,0.0016904080274624759,0.001379852327730502,0.0010692966279985225,7.587409282665412e-4,0.22414896792559544,0.15482467840118253,0.08987714625682353,0.07608556092369778,0.06503026106297857,0.07907787049994422,0.01031,0.01292,0.01881,0.01814,0.01644,0.009595
IRQ,IRQ.13_1,POTA,3.3057082519199154e-4,2.2617911622291298e-4,1.3391508039492514e-4,8.216033202150712e-5,6.12043334541996e-5,4.4385542399227606e-5,10.651709053574523,7.357372393479242,4.271022174909287,3.6156368045659155,3.0902815521808455,3.7578333593811126,3.103e-5,3.074e-5,3.135e-5,2.272e-5,1.981e-5,1.181e-5
IRQ,IRQ.16_1,POTA,0.002058061228380644,0.0011288167366841607,8.363345479157581e-4,6.349446782462781e-4,4.7206201268452686e-4,3.1449441308522224e-4,45.40509027211467,31.362305899576185,18.206106309379674,15.41239200928077,13.172957704466675,16.018533932167884,4.533e-5,3.599e-5,4.594e-5,4.12e-5,3.584e-5,1.963e-5
IRQ,IRQ.17_1,POTA,3.4567258151232115e-4,2.2890321721996936e-4,1.2554777002550324e-4,6.0073139932535244e-5,2.002437997751175e-5,0,9.1995463746161,6.354331327367492,3.68874763359277,3.122711885020057,2.6689790630704455,3.24552258082047,3.757e-5,3.602e-5,3.404e-5,1.924e-5,7.503e-6,0
IRQ,IRQ.18_1,POTA,0,0,0,0,0,0,60.02217490680692,41.458651417795615,24.06712751201439,20.374043601042253,17.413676894792008,21.175318442603846,0,0,0,0,0,0
IRQ,IRQ.5_1,POTA,0,0,0,0,0,0,0.014355334503454642,0.00991554887987049,0.005756067095347482,0.004872802618949457,0.004164780052504716,0.005064441265794205,0,0,0,0,0,0
ISR,ISR.1_1,POTA,0.007468218224735456,0.006441559694833346,0.005414901164931244,0.004388242635029133,0.003361584105127032,0.002334925575224931,19.639475897180695,18.6569398727627,17.50991518647195,18.565187574403936,19.30122147288677,18.98545821790006,3.803e-4,3.453e-4,3.092e-4,2.364e-4,1.742e-4,1.23e-4
ISR,ISR.2_1,POTA,0.10075818244936707,0.08847198642279037,0.07678647019022436,0.06537781162433082,0.05453632961434327,0.04372550408317383,46947.08455005347,44563.12667744355,43413.04574414894,41575.79524146837,42238.390372222384,42468.66125268054,2.146e-6,1.985e-6,1.769e-6,1.572e-6,1.291e-6,1.03e-6
ISR,ISR.3_1,POTA,0.13135793923253364,0.11286409518470356,0.09603437723823054,0.07967402610058223,0.06338112215467531,0.0472593662228756,653.5161996436132,620.328249031651,604.3209919335646,578.7430487944633,587.9683880422238,591.1732586839149,2.01e-4,1.819e-4,1.589e-4,1.377e-4,1.078e-4,7.994e-5
ISR,ISR.4_1,POTA,0.15845360269216072,0.13474097315168554,0.11358171220238444,0.09314677124921668,0.07323763651575615,0.05396240043294441,9145.550266188258,8681.105665244939,8457.094118944811,8099.146810504832,8228.249660379162,8273.09981951248,1.733e-5,1.552e-5,1.343e-5,1.15e-5,8.901e-6,6.523e-6
ISR,ISR.5_1,POTA,0.17958954736543195,0.15422244532303958,0.13045584818923553,0.10716675601205315,0.08420206197719349,0.061620304831293785,768.6426817866982,766.0381487904697,727.4422637212466,735.2661331111235,716.1915127996778,731.0909527975831,2.336e-4,2.013e-4,1.793e-4,1.458e-4,1.176e-4,8.429e-5
ISR,ISR.7_1,POTA,0.008794970506861805,0.007645666207233008,0.006496361907604202,0.005460941598395521,0.004539405279606967,0.00367077340819142,41.33118547147295,39.232236213735916,38.21986817699657,36.60220864164381,37.18565891830778,37.38834877201921,2.128e-4,1.949e-4,1.7e-4,1.492e-4,1.221e-4,9.818e-5
ITA,ITA.10_1,POTA,0.1276181945875241,0.11400475001036535,0.106911721450862,0.09285571073535,0.07922119657297326,0.06785369990556493,2421.5223224542624,2299.116997933032,2249.9151886418867,2135.932403687134,2384.473275663846,2289.0144542895478,5.27e-5,4.959e-5,4.752e-5,4.347e-5,3.322e-5,2.964e-5
ITA,ITA.11_1,POTA,0.011727136938214333,0.008440208154139976,0.005973242423224356,0.004459484506600465,0.003378445523004607,0.0027300814062227426,129.3188999049127,122.78196990727965,120.1543980728753,114.0672651062432,127.34033380662194,122.24245399280622,9.068e-5,6.874e-5,4.971e-5,3.91e-5,2.653e-5,2.233e-5
ITA,ITA.12_1,POTA,0.04202203158613341,0.033557566767859336,0.02571388071055325,0.018464921418695178,0.013219040382886474,0.009996600137383335,991.8338967029441,941.6977699898799,921.5451487311125,874.858818933357,976.6589383279888,937.5598584225924,4.237e-5,3.564e-5,2.79e-5,2.111e-5,1.353e-5,1.066e-5
ITA,ITA.13_1,POTA,0.1944892899225742,0.15818046709042033,0.12971949382893894,0.10717544756549852,0.08471330785065709,0.06542546220053905,3742.479251158937,3553.300987963003,3477.2592564108595,3301.0980855115026,3685.219696868386,3537.687437916788,5.197e-5,4.452e-5,3.731e-5,3.247e-5,2.299e-5,1.849e-5
ITA,ITA.14_1,POTA,0.4922696161446125,0.3910667342053397,0.3030411782311839,0.2274052761567169,0.1660775593473628,0.11571973866891666,2174.2088150536015,2064.304919840353,2020.1281610777191,1917.7865995257241,2140.943639930452,2055.2341632999523,2.264e-4,1.894e-4,1.5e-4,1.186e-4,7.757e-5,5.63e-5
ITA,ITA.15_1,POTA,4.743370770040548,4.418097958791936,4.121357083838612,3.672512044231263,3.278163254433247,2.9661037933750025,28384.178507088454,26949.389098289055,26372.66390156398,25036.600349768294,27949.903444717427,26830.9708621682,1.671e-4,1.639e-4,1.563e-4,1.467e-4,1.173e-4,1.105e-4
ITA,ITA.16_1,POTA,2.6552035499524456,2.292246418715667,1.9327867553713902,1.5772184125409512,1.2234312210675202,0.8747894968808574,841.91285732208,799.3550763908444,782.2486324561295,742.6191930423631,829.0316756971403,795.8426324599181,0.003154,0.002868,0.002471,0.002124,0.001476,0.001099
ITA,ITA.17_1,POTA,3.5362170356004063,3.314532306975733,3.103609435629274,2.9173486522809,2.6723630051924134,2.4214696216358678,385.2029638201122,365.73137218714623,357.9046085895048,339.7728300046429,379.30939740610773,364.1243129758779,0.00918,0.009063,0.008672,0.008586,0.007045,0.00665
ITA,ITA.18_1,POTA,0.01918225283322226,0.015805906103844993,0.012975515829999935,0.0103219279586959,0.008004428507489302,0.006062561473398385,575.1619952016564,546.0881807576985,534.4017261101341,507.32844026622246,566.3620748066636,543.6886161925827,3.335e-5,2.894e-5,2.428e-5,2.035e-5,1.413e-5,1.115e-5
ITA,ITA.19_1,POTA,0.2522093063589969,0.21693724561957195,0.18219086543024055,0.17551128893943957,0.14444934922954908,0.11310835923785184,17.566379079354807,16.67841768749281,16.321494430835653,15.494632423217887,17.297615254873687,16.605131098448563,0.01436,0.01301,0.01116,0.01133,0.008351,0.006812
ITA,ITA.1_1,POTA,0.5097962453126923,0.4478428118598147,0.39227538180920324,0.33497760550294803,0.2759577879342808,0.21733383373463705,12408.904188708419,11781.647553455825,11529.516680350293,10945.420698847154,12219.049208788472,11729.877848517823,4.108e-5,3.801e-5,3.402e-5,3.06e-5,2.258e-5,1.853e-5
ITA,ITA.20_1,POTA,0.0868351472980941,0.09129660865214884,0.08646833726710298,0.07947337215033871,0.07241644277617038,0.06413763270201621,9773.095549178955,9279.0761791399509,9080.501101414677,8620.474514835334,9623.56817504277,9238.303016158141,8.885e-6,9.839e-6,9.522e-6,9.219e-6,7.525e-6,6.943e-6
ITA,ITA.2_1,POTA,0.3156170289654732,0.27624524873253076,0.26283501656792024,0.2499993559070568,0.21812349009395132,0.23841634147520957,11558.314899667193,10974.054629549839,10739.206492843814,10195.1483565914,11381.473849900565,10925.833566445752,2.731e-5,2.517e-5,2.447e-5,2.452e-5,1.916e-5,2.182e-5
ITA,ITA.3_1,POTA,1.725915990301175,1.4785343286932922,1.2305756009735465,0.9828277520990594,0.7363849170074702,0.5139115190015509,1520.5479079035053,1443.685861912384,1412.7905414402221,1341.2172655745242,1497.2836785942789,1437.3421658583934,0.001135,0.001024,8.71e-4,7.328e-4,4.918e-4,3.575e-4
ITA,ITA.4_1,POTA,2.0787038439317223,2.1917487223030117,2.1414287772086125,2.050494342536361,1.935956380964279,1.8381675451245483,50815.58280712957,48246.91026318294,47214.4115779093,44822.4858071879,50038.10952610877,48034.908648199766,4.091e-5,4.543e-5,4.536e-5,4.575e-5,3.869e-5,3.827e-5
ITA,ITA.5_1,POTA,0.59925122953249,0.5162721430045429,0.44578934256042585,0.3763846890659962,0.3135581403919814,0.25760948746081574,18826.436313546525,17874.780396452883,17492.254610693373,16606.080809240895,18538.39374073619,17796.236873337177,3.183e-5,2.888e-5,2.548e-5,2.267e-5,1.691e-5,1.448e-5
ITA,ITA.6_1,POTA,0.13824607024610736,0.1192032913305103,0.09936867080389274,0.0847807845009988,0.07003968357002034,0.05706085618456489,13218.558751751105,12550.374957322505,12281.793081873062,11659.586081903904,13016.31613884835,12495.22738942473,1.046e-5,9.498e-6,8.091e-6,7.271e-6,5.381e-6,4.567e-6
ITA,ITA.7_1,POTA,0.026612336298130573,0.021523422247383153,0.016090224810453402,0.011683537789584933,0.00824888491500374,0.005791314910932809,1132.1252542565524,1072.9613384751704,1049.596011568547,997.6316917025493,1113.5433122697582,1068.6345421751316,2.351e-5,2.006e-5,1.533e-5,1.171e-5,7.408e-6,5.419e-6
ITA,ITA.8_1,POTA,0.08605461558566693,0.07464053510392837,0.06337345517542284,0.052769142504966594,0.04311786409371449,0.0351354263979145,2219.474323962479,2107.28230641551,2062.1858183915974,1957.7135770106431,2185.516591128006,2098.022703059594,3.877e-5,3.542e-5,3.073e-5,2.695e-5,1.973e-5,1.675e-5
ITA,ITA.9_1,POTA,0.6123475231901515,0.5717375469337985,0.5354128831104964,0.48629483231350484,0.4321749069018833,0.3748354554452306,178.0582981716429,169.0576445046108,165.43975903309973,157.05842778469,175.33402420595957,168.31478877634302,0.0034390000000000002,0.003382,0.003236,0.003096,0.002465,0.002227
JAM,JAM.10_1,POTA,2.7547328963038678,2.0389698276911288,1.3609108371898886,0.7306225046196295,0.21913614416637306,0.01092336076860324,222.56766453850048,253.88021441501,282.94965810481887,201.59159046827344,168.55124258308913,189.50206150055206,0.01238,0.008031,0.00481,0.003624,0.0013,5.764e-5
JAM,JAM.11_1,POTA,1.2155403280928794,1.0828615835340027,0.942207747156634,0.8146790568515312,0.6820122469967232,0.5597669584782866,451.08440524427056,514.5464672963415,573.4623603340337,408.5715814881881,341.60774060071725,384.0693789989104,0.002695,0.002104,0.001643,0.001994,0.001996,0.001457
JAM,JAM.12_1,POTA,14.943134710637967,13.666132091057761,12.34907420272671,11.01628147716656,9.67309713888912,8.349051018008216,1666.9889646422603,1901.5139357659175,2119.2384733337663,1509.8822076068575,1262.4163619875094,1419.3339627901523,0.008964,0.007187,0.005827,0.007296,0.007662,0.005882
JAM,JAM.13_1,POTA,0.4947814246154373,0.4217362651529438,0.34955781701743793,0.3426315495690812,0.27040527461683667,0.34236092333841966,624.0405124994045,711.8353847379996,793.3409824890284,565.2272970210813,472.58798362314457,531.3303881033523,7.929e-4,5.925e-4,4.406e-4,6.062e-4,5.722e-4,6.443e-4
JAM,JAM.14_1,POTA,0.5842959824292661,0.4382294637697753,0.3036146932003763,0.17975589157007096,0.07256335471513922,0.024159241493407865,497.5892991443633,567.5940313222492,632.5839036926195,450.69358310651523,376.8260535093268,423.6653071954233,0.001174,7.721e-4,4.8e-4,3.988e-4,1.926e-4,5.702e-5
JAM,JAM.1_1,POTA,0.3861136025557902,0.33880028625732134,0.28906536544149236,0.24336162348124832,0.22352642245891408,0.19944740590276297,1112.49312753314,1269.007312176209,1414.3094448700165,1007.6452903859923,842.4947954576814,947.2163960109234,3.471e-4,2.67e-4,2.044e-4,2.415e-4,2.653e-4,2.106e-4
JAM,JAM.2_1,POTA,0.1635525727341381,0.12335159286757462,0.08448525911030139,0.0474366672431575,0.014795170549513518,3.703481096020324e-4,231.5684034445316,264.14724726587326,294.39227265277225,209.74404727379743,175.36753249619585,197.16561218415134,7.063e-4,4.67e-4,2.87e-4,2.262e-4,8.437e-5,1.878e-6
JAM,JAM.4_1,POTA,0.4359420576480685,0.33492483686496766,0.24312493872774324,0.15025247984600493,0.06642141062106742,0.026603902160533672,449.43616194363665,512.6663363103751,571.3669531716549,407.07867824394356,340.3595203932709,382.66600576420336,9.7e-4,6.533e-4,4.255e-4,3.691e-4,1.952e-4,6.952e-5
JAM,JAM.5_1,POTA,8.77633029863267,7.281019293470322,6.007356601639398,4.909260128007037,3.993663964587412,4.228505027512041,293.30294941519855,334.5670892512081,372.8752306865741,265.6603697767488,222.1193122537571,249.72861027958348,0.02992,0.02176,0.01611,0.01848,0.01798,0.01693
JAM,JAM.6_1,POTA,8.18627296743933,7.628285386270663,7.022463940197567,6.557805950009144,5.958068374984713,5.372996650183461,477.40777803273863,544.5732168761597,606.927191562356,432.41408618409645,361.54251954389423,406.4820390742438,0.01715,0.01401,0.01157,0.01517,0.01648,0.01322
JAM,JAM.7_1,POTA,0.3896540500089938,0.31158464316048223,0.24215111539509013,0.18094087330666417,0.1268606503626349,0.11399543647420873,604.2651344360328,689.2778527026206,768.2005988959003,547.315665858609,457.6120231571754,514.4929246841614,6.448e-4,4.52e-4,3.152e-4,3.306e-4,2.772e-4,2.216e-4
JAM,JAM.8_1,POTA,0.57060064665228,0.4882845381090795,0.4108703782374227,0.337525978713212,0.2861280530236478,0.22417960637431825,912.5836306595249,1040.9729926576576,1160.1650528282375,826.5764297856548,691.102659623056,777.0063079927913,6.253e-4,4.691e-4,3.541e-4,4.083e-4,4.14e-4,2.885e-4
JAM,JAM.9_1,POTA,0.6344029221185981,0.4918203880668857,0.3588657877794003,0.23550284104458183,0.1265768297862569,0.07193906757546838,729.4707020756226,832.0983132767282,927.3740917296424,660.721130970913,552.430621571876,621.0974183254413,8.697e-4,5.911e-4,3.87e-4,3.564e-4,2.291e-4,1.158e-4
JOR,JOR.10_1,POTA,0,0,0,0,0,0,4.131458350056705,3.7951433858769295,3.5405807725564316,3.954339957622027,4.287776452738055,4.116019183404947,0,0,0,0,0,0
JOR,JOR.1_1,POTA,0.00188289308490087,0.00168469381280604,0.00148649454071121,0.00128829526861638,0.00109009599652155,8.918967244267308e-4,0.8918218672147692,1.1417926514838461,0.8728372099173483,1.1680607800599803,0.9729406844705283,1.0410226970830214,0.002111,0.001475,0.001703,0.001103,0.00112,8.568e-4
JOR,JOR.3_1,POTA,0,0,0,0,0,0,0.40025345345394636,0.5124414063898379,0.39173305837811845,0.5242306544054823,0.43665992423057987,0.4672154215423352,0,0,0,0,0,0
JOR,JOR.4_1,POTA,0,0,0,0,0,0,7136.940024735079,9137.369214519413,6985.012419567697,9347.583905481628,7786.105687649214,8330.94234017055,0,0,0,0,0,0
JOR,JOR.5_1,POTA,0,0,0,0,0,0,2017.2204702863885,2581.465070444259,1973.9469495099365,2640.803277116913,2200.3817361782917,2354.0353293970375,0,0,0,0,0,0
JOR,JOR.6_1,POTA,0,0,0,0,0,0,0.0077143523445726316,0.009876625749824784,0.007550133075100517,0.010103847806962387,0.0084160385905494,0.00900495511404829,0,0,0,0,0,0
JPN,JPN.10_1,POTA,0.02602874923033725,0.021728558210242076,0.01798046107021272,0.014270802709892864,0.010577112290230615,0.007457580631670184,165.31058300560724,163.06145942729967,171.15830430920693,177.2309379706374,167.66907021791002,172.01668668054495,1.575e-4,1.333e-4,1.051e-4,8.052e-5,6.308e-5,4.3350000000000003e-05
JPN,JPN.11_1,POTA,0.2781561104924265,0.24447593431814058,0.21107343798074163,0.17772275626653103,0.1445054181065847,0.11137565356823043,7.459501651629654,7.358011833240135,7.723375179442403,7.997397689094105,7.565926412438364,7.762108965267287,0.03729,0.03323,0.02733,0.02222,0.0191,0.01435
JPN,JPN.12_1,POTA,46.246367362309016,39.08845256959065,32.40432281236801,26.065322510744906,20.347819784699904,15.966922711057208,110564.14693226466,109059.87282434269,114475.25961286176,118536.79970425107,112141.56636868433,115049.36874068127,4.183e-4,3.584e-4,2.831e-4,2.199e-4,1.814e-4,1.388e-4
JPN,JPN.13_1,POTA,0.03909201517984558,0.03126935817119362,0.023610040555770845,0.015998689465433983,0.008678600464814721,0.0045830508452452635,67.06597595924296,66.15351370129407,69.43837782991005,71.90202592637203,68.0228066944846,69.78662081855187,5.829e-4,4.727e-4,3.4e-4,2.225e-4,1.276e-4,6.567e-5
JPN,JPN.14_1,POTA,0.11754018005951399,0.1050854864107699,0.09844898076764722,0.08638719473330679,0.07471881151484373,0.0644268743454014,710.5601515372829,700.8926664823539,735.6956126800983,761.7978223284066,720.6977180530077,739.3852270820643,1.654e-4,1.499e-4,1.338e-4,1.134e-4,1.037e-4,8.714e-5
JPN,JPN.15_1,POTA,0.01585770865253624,0.013324749932136953,0.010933441661561518,0.008639459464438266,0.006350808407083435,0.00408001501715409,88.85354492750626,87.6446531597851,91.9966635235813,95.26067129642848,90.12121905743288,92.45803940895989,1.785e-4,1.52e-4,1.188e-4,9.069e-5,7.047e-5,4.413e-5
JPN,JPN.16_1,POTA,0.45476793495510587,0.40473434290903126,0.36104312227074964,0.3231664289554319,0.28548031925092526,0.24845657885844283,551.3799551424061,543.8781870452304,570.8845521950625,591.1393260574366,559.2464967133068,573.7476165240253,8.248e-4,7.442e-4,6.324e-4,5.467e-4,5.105e-4,4.33e-4
JPN,JPN.17_1,POTA,0.0024714753970862847,0.002001791309846408,0.0015609411101780173,0.0011480567586335626,7.710457342157069e-4,4.7546582172252157e-4,22.888873479893736,22.577460235269328,23.698547915917185,24.539363676403077,23.215429193538,23.817399384091253,1.08e-4,8.866e-5,6.587e-5,4.678e-5,3.321e-5,1.996e-5
JPN,JPN.18_1,POTA,2.268552999633109,1.9305906245162479,1.613208004993816,1.3344152597615475,1.0888570606871848,0.8968509905972817,6026.032669605661,5944.0458305634065,6239.198451115521,6460.562916529606,6112.006118696344,6270.4888870854975,3.765e-4,3.248e-4,2.586e-4,2.065e-4,1.782e-4,1.43e-4
JPN,JPN.19_1,POTA,0.0018327775377082476,0.0015871135863557572,0.001362041749847819,0.0011575620281844134,9.530823065210208e-4,7.486025848576204e-4,31.584067746273767,31.15435253884147,32.701327285597735,33.86155834566493,32.03467785566746,32.86532892708749,5.803e-5,5.094e-5,4.165e-5,3.419e-5,2.975e-5,2.278e-5
JPN,JPN.1_1,POTA,0.002585409604153391,0.0021011816269659467,0.0016619943474762684,0.001237338289366638,8.249560672882491e-4,5.11327126346675e-4,21.51870322301194,21.22593175059001,22.279909051308962,23.070392026848175,21.82571070828039,22.39164585100352,1.201e-4,9.899e-5,7.46e-5,5.363e-5,3.78e-5,2.284e-5
JPN,JPN.20_1,POTA,0.013581736239961475,0.012037417052045796,0.010588934121400478,0.009311691987503675,0.008232368511204806,0.007245901932483445,24.43762258329449,24.105137922297285,25.302082701887215,26.199791286579668,24.786274310932683,25.428976116945833,5.558e-4,4.994e-4,4.185e-4,3.554e-4,3.321e-4,2.849e-4
JPN,JPN.21_1,POTA,0.08766017767211515,0.08713999998301492,0.08146153952947684,0.07289367863680263,0.0629398407489437,0.05395432148913707,486.7322954943255,480.1100873923619,503.9500365594309,521.8299984347326,493.67650846524714,506.4774151120735,1.801e-4,1.815e-4,1.616e-4,1.397e-4,1.275e-4,1.065e-4
JPN,JPN.22_1,POTA,0.020164974887081768,0.018096719029275857,0.016808798308155976,0.01533888376249788,0.013155622060201173,0.011056201525695246,29.301093377392753,28.902439045727544,30.337594639722294,31.41396133521835,29.71913227593518,30.489741837795087,6.882e-4,6.261e-4,5.541e-4,4.883e-4,0.00044270000000000003,3.626e-4
JPN,JPN.23_1,POTA,0.010048782112629882,0.007965365258898023,0.00640131495688323,0.00510210078013216,0.0038620602394651223,0.00269803074382605,32.29688569855491,31.857472287690214,33.43936056680311,34.625776776137776,32.7576655865229,33.6070635464231,3.111e-4,2.5e-4,1.914e-4,1.473e-4,1.179e-4,8.028e-5
JPN,JPN.24_1,POTA,0.09895245514812655,0.08891079374859612,0.07900270072451845,0.06926978796662929,0.0596393705756162,0.050015129480321295,135.71499506171872,133.86853254387222,140.51579760811964,145.50124640630523,137.65124181949554,141.2205036055769,7.291e-4,6.642e-4,5.622e-4,4.761e-4,4.333e-4,3.542e-4
JPN,JPN.25_1,POTA,0.10304813421212419,0.09622990183103672,0.09294203478410847,0.08040251057035457,0.06997827874636238,0.060640093243345794,321.4544785104281,317.08094819055833,332.8256573420894,344.6341892057378,326.04067174210155,334.4948236623827,3.206e-4,3.035e-4,2.793e-4,2.333e-4,2.146e-4,1.813e-4
JPN,JPN.26_1,POTA,0.09893589130063409,0.0862004078989363,0.07432979483454667,0.06329210436770612,0.05139886652528119,0.040336785941299136,218.54485121653707,215.57145188025765,226.27568949086353,234.30386769881795,221.66283209554305,227.41049310851577,4.527e-4,3.999e-4,3.285e-4,2.701e-4,2.319e-4,1.774e-4
JPN,JPN.27_1,POTA,0.2662933346263964,0.2235025643248728,0.19726321534180224,0.16803859127587092,0.14016086273127018,0.12464361153507789,652.7545287420697,643.873514745579,675.8451651329456,699.8239029234705,662.0673820441399,679.234621331671,4.08e-4,3.471e-4,2.919e-4,2.401e-4,2.117e-4,1.835e-4
JPN,JPN.28_1,POTA,0.004878158616219984,0.004272501512804055,0.003738198686520877,0.003237610210282515,0.0027867929425535068,0.002389082185078622,37.2515460940138,36.74472233763266,38.56928786060475,39.93771200283384,37.78301415554897,38.76271812919865,1.31e-4,1.163e-4,9.692e-5,8.107e-5,7.376e-5,6.163e-5
JPN,JPN.29_1,POTA,0.6625872328557604,0.587179992296844,0.5194003870347247,0.44829394588335364,0.38052817698506614,0.31512010459511597,414.26062358704417,408.6244246266762,428.91474088400076,444.13247807699423,420.17088272186,431.0658071373607,0.001599,0.001437,0.001211,0.001009,9.057e-4,7.31e-4
JPN,JPN.2_1,POTA,0.22491130741055176,0.1633930759891804,0.11791350814983509,0.08770078090154444,0.06275866637429656,0.048270528626245965,778.5950547492575,768.001924752669,806.1371927403877,834.7386437311767,789.7032756919301,810.1800813277752,2.889e-4,2.128e-4,1.463e-4,1.051e-4,7.947e-5,5.958e-5
JPN,JPN.30_1,POTA,0.010918658521859068,0.007097561486680042,0.004413537140111868,0.0031267943371781092,0.0022373085434407463,0.0014779631295144804,33.63667356647732,33.179031749246334,34.826542291277875,36.06217519780153,34.11656821707116,35.0012021775051,3.246e-4,2.139e-4,1.267e-4,8.671e-5,6.558e-5,4.223e-5
JPN,JPN.31_1,POTA,0.015560395295932502,0.012130959593938695,0.009579158768008111,0.006563288839190243,0.0045028741001766235,0.003333468403226088,5.761022274884705,5.682641019444096,5.964813539030286,6.176442928719927,5.843214818871112,5.994727897032876,0.002701,0.002135,0.001606,0.001063,7.706e-4,5.561e-4
JPN,JPN.32_1,POTA,0.26212578652555246,0.2256960609017063,0.19392209072515137,0.16228078890217323,0.13224619732557846,0.10399110652168632,202.92642192452058,200.16551822486724,210.10477154361928,217.5592115326833,205.82157456656955,211.1584757898429,0.001292,0.001128,9.23e-4,7.459e-4,6.425e-4,4.925e-4
JPN,JPN.33_1,POTA,2.2298467025287376e-4,1.93860438930022e-4,1.6473620760717013e-4,1.356119762843183e-4,1.0648774496146648e-4,7.736351363861467e-5,3.6925609069818557,3.642321983077341,3.823182109133595,3.958827203675785,3.745242698561228,3.8423558917796683,6.039e-5,5.322e-5,4.309e-5,3.426e-5,2.843e-5,2.013e-5
JPN,JPN.34_1,POTA,0.007753607041794108,0.0057828141523746275,0.004005732805056168,0.002775283070810046,0.001684130061908742,0.0010971685782758837,98.26266124560489,96.92575428988238,101.73861933048342,105.34826811093421,99.66457530204941,102.24885246039216,7.891e-5,5.966e-5,3.937e-5,2.634e-5,1.69e-5,1.073e-5
JPN,JPN.35_1,POTA,0.01827935351913004,0.01571242590571453,0.0128060177470223,0.01005826888902108,0.007641247542790169,0.005629016916070568,28.47202606986681,28.084651565514882,29.479199781181826,30.525110942932034,28.878236659492853,29.627042011305843,6.42e-4,5.595e-4,4.344e-4,3.295e-4,2.646e-4,1.9e-4
JPN,JPN.36_1,POTA,0.003667488575569062,0.003107664646367727,0.0025686322348572994,0.0020295998233468846,0.0015564442286602478,0.001155662243376342,13.716632441648702,13.530011592102461,14.201846650468926,14.705722944243776,13.912327730004128,14.273070859276146,2.674e-4,2.297e-4,1.809e-4,1.38e-4,1.119e-4,8.097e-5
JPN,JPN.37_1,POTA,0.0893083051231851,0.07520617455988532,0.06174681778350552,0.04848914638024383,0.03646642704256724,0.02560373423656467,30.596092532969433,30.17981916517393,31.67840328923774,32.8023413822856,31.032607193273993,31.837274826586544,0.002919,0.002492,0.001949,0.001478,0.001175,8.042e-4
JPN,JPN.38_1,POTA,0.26887160099901414,0.20572176380355264,0.15485224524430335,0.11260425522730554,0.07872768701527896,0.05310316468949625,835.3883634610472,824.0225353867472,864.939516454227,895.6272522548369,847.30685492546,869.2773067600755,3.219e-4,2.497e-4,1.79e-4,1.257e-4,9.292e-5,6.109e-5
JPN,JPN.39_1,POTA,0.07804037178543315,0.062248282590173586,0.050904061194972025,0.04182907579504124,0.03393511982560978,0.02730284691660771,305.11391702904996,300.96270727355267,315.90706239334287,327.1153287331855,309.4669793589083,317.4913796394973,2.558e-4,2.068e-4,1.611e-4,1.279e-4,1.097e-4,8.6e-5
JPN,JPN.3_1,POTA,0.1930852772192546,0.1545724012289532,0.12415962118848087,0.09922041059171145,0.07652065591908946,0.05688630700796373,1138.080299003704,1122.5962133029734,1178.3389218256038,1220.1459532175766,1154.3172983716327,1184.2484531337038,1.697e-4,1.377e-4,1.054e-4,8.132e-5,6.629e-5,4.804e-5
JPN,JPN.40_1,POTA,0.005473011485736663,0.00466663968929779,0.0038770465408532085,0.0030888239951459185,0.002324675241902749,0.0016159125249428031,2.505389150559617,2.471302223341119,2.594015161327712,2.6860498648176576,2.541133554614115,2.6070245031440735,0.002184,0.001888,0.001495,0.00115,9.148e-4,6.198e-4
JPN,JPN.42_1,POTA,0.04420681111690729,0.04103004170253263,0.03791600608965106,0.03371117150226385,0.02950633691487665,0.025301502327489445,189.59736902497502,187.0178129838189,196.30421473198095,203.26901604310248,192.30235597863236,197.28870729297802,2.332e-4,2.194e-4,1.931e-4,1.658e-4,1.534e-4,1.282e-4
JPN,JPN.43_1,POTA,0.0025133447750219085,0.00219009317254888,0.0018789624260898594,0.0015720119507927918,0.0012659643626502974,9.728258298771717e-4,25.055133516255417,24.71424734596623,25.941437559007305,26.861830218788118,25.412595276574915,26.071537426365133,1.003e-4,8.862e-5,7.243e-5,5.852e-5,4.982e-5,3.731e-5
JPN,JPN.44_1,POTA,0.012709952647690795,0.008913879119839692,0.0059575000335319594,0.003292078907574501,0.0015484869920269339,0.0010456863491722238,15.807971387661887,15.592896947013424,16.367164933347883,16.94786592309873,16.03350382298688,16.449248510328097,8.04e-4,5.717e-4,3.64e-4,1.942e-4,9.658e-5,6.357e-5
JPN,JPN.45_1,POTA,0.08755389749100817,0.058965603202544285,0.03792836593539376,0.02024016370800487,0.0099347579728064,0.006967075225379031,119.40557270940708,117.7810070943131,123.62944330865139,128.01577046940514,121.10913282753499,124.24946192324789,7.332e-4,5.006e-4,3.068e-4,1.581e-4,8.203e-5,5.607e-5
JPN,JPN.46_1,POTA,0.05418551107913485,0.04949044771877694,0.04490472835738916,0.04190108270986395,0.03801224466656956,0.03360278686638222,60.49910984193648,59.67599270122986,62.63921440777368,64.86163068768155,61.36225105360996,62.95335865931383,8.956e-4,8.293e-4,7.169e-4,6.46e-4,6.195e-4,5.338e-4
JPN,JPN.47_1,POTA,0.06897368771365545,0.05584407372797581,0.04380744606409203,0.03212514369937455,0.02047853970324173,0.01199364038667003,11.440883743678583,11.285225461451663,11.845595277468572,12.265872639481257,11.604110909878788,11.9050025624684,0.006029,0.004948,0.003698,0.002619,0.001765,0.001007
JPN,JPN.4_1,POTA,0.4385400111939513,0.3770413001757938,0.3242592154891258,0.28701378045564646,0.2486647068273747,0.2034030255873319,1143.1296620924315,1127.5768775741672,1183.5669018399187,1225.5594200392327,1159.4387007578964,1189.5026521848345,3.836e-4,3.344e-4,2.74e-4,2.342e-4,2.145e-4,1.71e-4
JPN,JPN.5_1,POTA,0.005299025766709448,0.004398254739893368,0.0035796628282699205,0.0028137623037712417,0.0023735380511976855,0.0019123621267281283,69.9271892499511,68.97579892001978,72.40080410777249,74.96955799858702,70.9248409346753,72.76390407050954,7.578e-5,6.377e-5,4.944e-5,3.753e-5,3.347e-5,2.628e-5
JPN,JPN.6_1,POTA,0.030838641452122586,0.02852690170591326,0.0262151619597039,0.023903422213494552,0.021591682467285205,0.019279942721075867,78.37350635120669,77.30720014234673,81.14590249424256,84.02492925816443,79.49166169947246,81.55286032482225,3.935e-4,3.69e-4,3.231e-4,2.845e-4,2.716e-4,2.364e-4
JPN,JPN.7_1,POTA,0.031221706763411697,0.023995185033219724,0.01913256326786832,0.015043764972572224,0.01205768241496798,0.009809189967942016,166.06175665285807,163.802413024928,171.93605008547615,178.03627788088727,168.4309608646962,172.79833295855394,1.88e-4,1.465e-4,1.113e-4,8.45e-5,7.159e-5,5.677e-5
JPN,JPN.8_1,POTA,0.395099685482467,0.36239877622914607,0.3279408902382419,0.2909775513826236,0.25262827507211066,0.21438975418553347,329.2392024664461,324.75975753492986,340.8857592883884,352.98026060348235,333.9364604077574,342.59534812542614,0.0012,0.001116,9.62e-4,8.243e-4,7.565e-4,6.258e-4
JPN,JPN.9_1,POTA,0.01921689466030573,0.015538930732459459,0.012320343759130945,0.009429146499016224,0.006773959172668117,0.005102300569107132,10.06895602580702,9.931963426816447,10.425136783182506,10.795016800457047,10.212609889923508,10.477420274010417,0.001909,0.001565,0.001182,8.735e-4,6.633e-4,4.87e-4
KAZ,KAZ.10_1,POTA,0.07122827782832485,0.04593194817337783,0.03147592186975271,0.020613153487802013,0.013316214572650682,0.010157647637973288,434.96560901913017,436.6299517800805,442.19056598793674,411.73310268819273,525.4509465170208,487.40246042910803,1.638e-4,1.052e-4,7.118e-5,5.006e-5,2.534e-5,2.084e-5
KAZ,KAZ.11_1,POTA,0.10902277259453502,0.07841111761612095,0.0562653645106461,0.03823982150129494,0.024853418584482038,0.016590090018318873,837.6142355634751,842.7989301795634,853.0195666766498,791.9030040863935,1019.3394167175194,943.2814055882718,1.302e-4,9.304e-5,6.596e-5,4.829e-5,2.438e-5,1.759e-5
KAZ,KAZ.12_1,POTA,0.24843574034975935,0.18937158862850015,0.14667020818393625,0.11981158401221191,0.0967332291702215,0.07520113352374182,4925.219760648782,4959.556399618352,5023.405502586201,4675.371155530518,5990.343744541469,5548.48033158542,5.044e-5,3.818e-5,2.92e-5,2.563e-5,1.615e-5,1.355e-5
KAZ,KAZ.13_1,POTA,0.02522299560805519,0.020766331962201866,0.01652378780700355,0.013088155366979397,0.01041801542513877,0.007807733506173389,63.58835787576863,63.86294351180803,64.66815890554199,60.17659850792905,76.9346814533028,71.32826789970926,3.967e-4,3.252e-4,2.555e-4,2.175e-4,1.354e-4,1.095e-4
KAZ,KAZ.14_1,POTA,0.08417592072612348,0.049182574945054396,0.031344542675777104,0.02099719666642048,0.014994276875804067,0.01136157627205365,3159.5086457998113,3168.3952165709434,3195.8116435945103,2994.484947414105,3746.999761250841,3495.032558854575,2.664e-5,1.552e-5,9.808e-6,7.012e-6,4.002e-6,3.251e-6
KAZ,KAZ.1_1,POTA,0.5920217499568367,0.4022557603067274,0.3109909849536819,0.2412033097148014,0.1869080246774355,0.15147831567469228,4456.68002753581,4484.266145301405,4538.646914647603,4213.465044183801,5423.5821537929305,5018.901568456667,1.328e-4,8.97e-5,6.852e-5,5.725e-5,3.446e-5,3.018e-5
KAZ,KAZ.2_1,POTA,0.008274756461000133,0.005762203043249187,0.003896115458759005,0.0031355126146220265,0.0022681333901860257,0.0019066466172476266,99.48468364844545,100.10047750890719,101.31439764711304,94.05549296662863,121.06845263239141,112.0349299737979,8.318e-5,5.756e-5,3.846e-5,3.334e-5,1.873e-5,1.702e-5
KAZ,KAZ.3_1,POTA,0.004457424850665627,0.0036826176904803296,0.003044362491627224,0.002481811413810837,0.0020192977626191503,0.0016054525940557974,578.2920145345512,581.8691632154314,588.9261160430921,546.7339795355033,703.7467578031305,651.239378544512,7.708e-6,6.329e-6,5.169e-6,4.539e-6,2.869e-6,2.465e-6
KAZ,KAZ.4_1,POTA,2.1993629377793344,2.015167805047493,1.8309726723156514,1.6598874531484666,1.4751530293057264,1.2905358297907221,56.85258335689303,57.204491514999845,57.898211325074726,53.74995987276759,69.18707526372722,64.02468160553424,0.03869,0.03523,0.03162,0.03088,0.02132,0.02016
KAZ,KAZ.5_1,POTA,0.5031908311532126,0.3861968010810074,0.2984709905496181,0.21890024354428186,0.15699711518341203,0.09894199009142941,645.0929814309335,649.0741478944011,656.9485431086099,609.8940594660677,785.004808992602,726.4450270072929,7.8e-4,5.95e-4,4.543e-4,3.589e-4,2e-4,1.362e-4
KAZ,KAZ.7_1,POTA,0.7182856190674588,0.637034009097798,0.5847986853304499,0.5793569430578727,0.5256778744376327,0.4798005900851762,1644.1672674435883,1639.8382417180903,1663.4723340022558,1561.5648250089066,1946.0877621589916,1817.2211605606808,4.369e-4,3.885e-4,3.516e-4,3.71e-4,2.701e-4,2.64e-4
KAZ,KAZ.8_1,POTA,17.635248471222084,15.936452430500772,14.244232774279551,12.557054692949485,10.876395132996054,9.197897364473887,1011.6747132940703,1017.7027569347171,1030.1049249166776,956.5794170307923,1230.279254678687,1138.7456252412453,0.01743,0.01566,0.01383,0.01313,0.008841,0.008077
KAZ,KAZ.9_1,POTA,0.006900033691319663,0.005906576999276871,0.004931720167116957,0.003966607369809027,0.003052181040928278,0.002218990030619888,21.45930934194377,21.5921389440282,21.853987168366213,20.28820764020633,26.11502877940298,24.166455892914783,3.215e-4,2.736e-4,2.257e-4,1.955e-4,1.169e-4,9.182e-5
KEN,KEN.10_1,POTA,0.07184794555092834,0.06699556753171103,0.06253151414360147,0.056863196535714526,0.051255218212874494,0.04575448202771321,366.74350864682486,415.62821417020996,361.1854817726742,455.45618984970645,431.44390699521654,436.36201538613943,1.959e-4,1.612e-4,1.731e-4,1.248e-4,1.188e-4,1.049e-4
KEN,KEN.11_1,POTA,0.2433841868991768,0.20862766605810928,0.17416240000894812,0.14087544794922183,0.10749708339037786,0.07491495413939228,105.83629847548517,119.95223618209452,104.2447499451977,131.4527350177674,124.52116130687017,125.9417688522115,0.0023,0.001739,0.001671,0.001072,8.633e-4,5.948e-4
KEN,KEN.12_1,POTA,9.980050677887466,9.207821443533676,8.463290857797965,7.745213302750781,7.005158056067203,6.261608825316059,1629.7162828270536,1847.0800215368151,1605.208882321926,2024.1700226338485,1917.4344441509922,1939.3096162941863,0.006124,0.004985,0.005272,0.003826,0.003653,0.003229
KEN,KEN.13_1,POTA,13.141495766331534,11.819646617173303,10.869993547746203,9.964032689156408,9.279502431370931,8.231555148899655,26508.900123674837,30044.530037103817,26110.26372350685,32925.0689391508,31188.912272214588,31544.732950723243,4.957e-4,3.934e-4,4.163e-4,3.026e-4,2.975e-4,2.609e-4
KEN,KEN.15_1,POTA,1.3880563312738547,1.1914312723846612,0.9978560200086063,0.8207639105635507,0.6588683907334371,0.4974177239729086,325.49275320566557,368.9054149709313,320.59804769871045,404.27446210487636,382.9568513824025,387.32583884529066,0.004264,0.00323,0.003112,0.00203,0.00172,0.001284
KEN,KEN.16_1,POTA,0.008665596751871122,0.005635356463209926,0.004404009538497991,0.0032686478719689115,0.002210724684488808,0.0014072209785977049,51.74869864565703,58.650691789808754,50.97051038264949,64.27386509702542,60.884669478204124,61.57927608119905,1.675e-4,9.608e-5,8.64e-5,5.086e-5,3.631e-5,2.285e-5
KEN,KEN.17_1,POTA,0.0036340280201100764,0.002968517134575559,0.0023357847890685406,0.0017478815701069384,0.0011934892995850994,7.387610130123308e-4,1.8255761534274224,2.069062741976455,1.798123444992157,2.267435481096647,2.147872383609168,2.172376521560996,0.001991,0.001435,0.001299,7.709e-4,5.557e-4,3.401e-4
KEN,KEN.1_1,POTA,7.850869237945125,6.804737795515123,5.918097701792171,5.349329659690454,4.68951274111573,4.172932401323664,2879.0933678444876,3263.0930278611186,2835.7980439890844,3575.9441989775996,3387.382730112625,3426.027900257624,0.002727,0.002085,0.002087,0.001496,0.001384,0.001218
KEN,KEN.20_1,POTA,51.54671568386804,44.375908669856344,37.2357926863791,30.107153219125344,22.98646363885707,15.870367559387626,2856.411610096,3237.386086087244,2813.4573707147224,3547.772587403904,3360.6966228317942,3399.0373428338535,0.01805,0.01371,0.01323,0.008486,0.00684,0.004669
KEN,KEN.22_1,POTA,0.007029869673930409,0.004600928405800258,0.003154893980650269,0.0018996273760188806,0.0011658068728885764,7.856280240773869e-4,1.6221711338265918,1.8385285367629767,1.59777719600842,2.014798658682973,1.9085572372824198,1.930331133249527,0.004334,0.002503,0.001975,9.428e-4,6.108e-4,4.07e-4
KEN,KEN.23_1,POTA,0.007793956494455597,0.007004098820867837,0.0062177801723621055,0.005450974767781691,0.0049475053833519704,0.004121606102552873,21.617582717138237,24.50083218256886,21.29250112889847,26.8498654391136,25.434057533757105,25.72422358795939,3.605e-4,2.859e-4,2.92e-4,2.03e-4,1.945e-4,1.602e-4
KEN,KEN.25_1,POTA,0,0,0,0,0,0,0.029661045472588545,0.03361709340921352,0.02921500763860645,0.036840154153362246,0.034897552928668585,0.03529568386869603,0,0,0,0,0,0
KEN,KEN.26_1,POTA,20.934720722068842,19.412534271782828,17.960070015608697,16.691878631892152,15.385893864971383,27.65908022872134,16097.217355109942,18244.186974300806,15855.150096595818,19993.360293064365,18939.099607037788,19155.167522895266,0.001301,0.001064,0.001133,8.349e-4,8.124e-4,0.001444
KEN,KEN.27_1,POTA,0.10273014270432029,0.08611444403714805,0.07085239880407868,0.05607837612951529,0.041632341293116,0.02728367408009522,46.040012611668246,37.46665078940603,24.10506700014836,30.85712145706755,31.289093968179362,29.646897405032615,0.002231,0.002298,0.002939,0.001817,0.001331,9.203e-4
KEN,KEN.29_1,POTA,6.0003059017528875,5.068603683743912,4.283950251284059,3.5390976177388183,2.8276084092821105,2.125761367715789,638.9722874213761,724.1953454403513,629.3635291825808,793.628046256309,751.7796107641344,760.3563360072707,0.009391,0.006999,0.006807,0.004459,0.003761,0.002796
KEN,KEN.2_1,POTA,2.0390683154785614,1.6887438677129316,1.387518428351975,1.1539281985197458,0.9774127537664266,0.8280800589457697,2904.0349100210233,3291.3611532680025,2860.3645194317487,3606.9225493346466,3416.7275753249305,3455.7075279927385,7.022e-4,5.131e-4,4.851e-4,3.199e-4,2.861e-4,2.396e-4
KEN,KEN.30_1,POTA,0.026964002904570388,0.02439395190383789,0.021852811498630515,0.01930400220438902,0.016797469399086037,0.014246492079770775,136.8323454009977,155.08238713291954,134.77468350847423,169.9510120908404,160.9894034381941,162.8260612306851,1.971e-4,1.573e-4,1.621e-4,1.136e-4,1.043e-4,8.75e-5
KEN,KEN.31_1,POTA,121.69665672799937,105.90923566546024,92.32289180049165,81.73429599437387,71.75116052575977,63.29771632145551,69704.82549845135,79001.72069187241,68656.61600724638,86576.06216103672,82010.85964632806,82946.48572619077,0.001746,0.001341,0.001345,9.441e-4,8.749e-4,7.631e-4
KEN,KEN.32_1,POTA,0.9523014994485349,0.7780991442501163,0.6290616216175353,0.4954242406024932,0.37667317868321126,0.26621248671880776,524.7660644016552,594.756844335745,516.8747202165914,651.7795444828951,617.4108570970635,624.4546279145088,0.001815,0.001308,0.001217,7.601e-4,6.101e-4,4.263e-4
KEN,KEN.33_1,POTA,131.982453459809,116.32168835589204,101.33824195868654,88.11614866491287,74.32273950707103,60.26481895196806,67569.7520596096,76563.04017709238,66526.44828923994,83890.50832423732,79469.55317250638,80373.62667192404,0.001953,0.001519,0.001523,0.00105,9.352e-4,7.498e-4
KEN,KEN.34_1,POTA,0.0015315729300043397,6.831525070824315e-4,3.7681826702743105e-4,2.0322201060716727e-4,7.142254395656029e-5,1.1667569944667394e-5,42.86028083440346,48.5767794559644,42.21575510974858,53.234109851422645,50.42704648892006,51.00234663854599,3.573e-5,1.406e-5,8.926e-6,3.818e-6,1.416e-6,2.288e-7
KEN,KEN.35_1,POTA,41.19419174081058,35.83083273439805,31.398151921847603,27.886852355583724,24.92954332820147,21.934284525961314,40240.20180909625,45607.24686094266,39635.07639399519,49979.87138314235,47344.40577258211,47884.537420603614,0.001024,7.856e-4,7.922e-4,5.58e-4,5.266e-4,4.581e-4
KEN,KEN.36_1,POTA,17.376271184202295,15.15906637905721,12.969081038602559,10.873361188714473,8.768479530568962,6.667728265580392,6404.5375129251925,7258.743998548229,6308.227150481554,7954.680811072715,7535.226195836619,7621.192300531696,0.002713,0.002088,0.002056,0.001367,0.001164,8.749e-4
KEN,KEN.37_1,POTA,0.10031711345691804,0.09170960716374858,0.19032763353462095,0.22340235517592355,0.21233851469901618,0.1972392873558775,37.31765069077579,42.29489989634977,36.75647410990318,46.3499509941423,43.905893046097724,44.406796204176395,0.002688,0.002168,0.005178,0.00482,0.004836,0.004442
KEN,KEN.39_1,POTA,0.14512472523447129,0.13905718574159018,0.1315427857969328,0.12307414342000947,0.1474885808019862,0.15443049339528786,149.89874990403763,169.89152597825122,147.64459760904822,186.17998677641032,176.36261552384468,178.37465957884564,9.682e-4,8.185e-4,8.909e-4,6.61e-4,8.363e-4,8.658e-4
KEN,KEN.3_1,POTA,3.3485919260362502,2.3173311146826014,1.5961434624328297,1.1537424990321443,0.8990491920662734,0.6555560207323992,4670.883574524913,5333.927113006098,4668.377789257819,5860.034623598059,5555.830845824127,5612.411175301667,7.169e-4,4.345e-4,3.419e-4,1.969e-4,1.618e-4,1.168e-4
KEN,KEN.41_1,POTA,2.425159252260514,2.114773054474621,1.8863372092061532,1.5659408840595097,1.2689353551564855,0.9434641060498961,38.29595609211368,43.40368697837988,37.72006791846903,47.56504376043275,45.05691331458902,45.57094796020843,0.06333,0.04872,0.05001,0.03292,0.02816,0.0207
KEN,KEN.42_1,POTA,1.560720688670062,1.2544429609448455,0.9925420123894634,0.7904969488641447,0.632565534122615,0.5017169980184445,2353.7580543070235,2737.320192479083,2436.0826497330713,3025.3346533021945,2874.1476663520007,2895.1128994692217,6.631e-4,4.583e-4,4.074e-4,2.613e-4,2.201e-4,1.733e-4
KEN,KEN.44_1,POTA,1.4929287892164145,1.2488735614030892,1.060170157024141,0.9204859249014109,0.7990751938421805,0.7018266449340537,5203.987482543311,5898.070365143099,5125.730790380228,6463.551706100126,6122.725133880286,6192.576630862441,2.869e-4,2.117e-4,2.068e-4,1.424e-4,1.305e-4,1.133e-4
KEN,KEN.45_1,POTA,0.18327715334688413,0.1583912505540161,0.1336997784559175,0.10909984820448783,0.08459661256347047,0.06015907543381716,1.468186835749889,1.6640065517985358,1.4461084880158515,1.8235442646466744,1.7273877907340256,1.7470948036103329,0.1248,0.09519,0.09245,0.05983,0.04897,0.03443
KEN,KEN.47_1,POTA,115.81506302003275,102.92016634590445,91.44818457898933,80.64369796625506,71.67366765758321,64.0562184640369,51017.808135294734,57822.31860985918,50250.61088136749,63366.07109846726,60024.74394746038,60709.540035643324,0.00227,0.00178,0.00182,0.001273,0.001194,0.001055
KEN,KEN.4_1,POTA,0.00123876964869776,0.0010639222758092684,8.90304070029176e-4,7.175144014150014e-4,5.457382114899593e-4,3.855674609888716e-4,0.019701964219965038,0.022329717681045236,0.019405689381844875,0.02447059391950004,0.023180246286341084,0.023444699592362644,0.06288,0.04765,0.04588,0.02932,0.02354,0.01645
KEN,KEN.5_1,POTA,66.26529361250375,58.85549682629764,51.3838255815888,44.051322122629216,37.6562564782302,32.12654641582567,68037.20217150476,77111.67776654278,67014.07012058547,84504.81013820325,80048.82586127543,80962.06795459316,9.74e-4,7.633e-4,7.668e-4,5.213e-4,4.704e-4,3.968e-4
KEN,KEN.6_1,POTA,1.9025782703747034,1.6577784567618463,1.4138377367166792,1.1716563189088887,0.9314620117680185,0.6918897139610936,28.07636708464738,31.821058220898525,27.65415937885037,34.8719229206093,33.033107591797325,33.409967889263804,0.06776,0.0521,0.05113,0.0336,0.0282,0.02071
KEN,KEN.8_1,POTA,8.604108711288017e-4,5.687932201763577e-4,3.699071496471687e-4,2.0645075127001072e-4,8.353041024942698e-5,2.8716653237343626e-5,0.8252950167242338,0.935368906433754,0.8128843684887869,1.0250480100649353,0.9709966748986244,0.9820743518844894,0.001043,6.081e-4,4.551e-4,2.014e-4,8.603e-5,2.924e-5
KGZ,KGZ.1_1,POTA,0.020764058246854983,0.016381604373920854,0.0127987777854767,0.009215951197032543,0.005633124608588376,0.002050298020144219,118.12796720590849,118.4185052772785,121.39058030094918,126.10846127188749,131.99891981562854,128.70163080262745,1.758e-4,1.383e-4,1.054e-4,7.308e-5,4.268e-5,1.593e-5
KGZ,KGZ.3_1,POTA,0.19908453996479702,0.12210681211589451,0.08517003934938702,0.06205686844345128,0.045034068535895616,0.03090637796340999,2974.9023881794933,2890.5391714149096,2819.5743491229005,2883.8359784571176,2676.546685574488,2742.829106705932,6.692e-5,4.224e-5,3.021e-5,2.152e-5,1.683e-5,1.127e-5
KGZ,KGZ.4_1,POTA,0.011566606437005713,0.009504194305509948,0.007441782174014182,0.005379370042518415,0.0036279501207099984,0.002581355861777991,242.29012282020352,235.34270895775947,229.48318470788416,234.9262840196374,217.28837847523306,222.9370499771067,4.774e-5,4.038e-5,3.243e-5,2.29e-5,1.67e-5,1.158e-5
KGZ,KGZ.5_1,POTA,0,0,0.00425009625472194,0.00532214209898952,0.00503803462447271,0.0047539271499559,670.0171445013835,650.8051091794223,634.6014700861712,649.6535482132051,600.8785549518558,616.4991122649586,0,0,6.697e-6,8.192e-6,8.384e-6,7.711e-6
KGZ,KGZ.7_1,POTA,0.2209887078523796,0.19121111855748818,0.16145402856689722,0.13173345993108224,0.10207329896834286,0.0726018843531599,328.1133133861797,321.5389801498249,316.4578479005478,324.56455538813975,305.2195044051218,310.56799962316126,6.735e-4,5.947e-4,5.102e-4,4.059e-4,3.344e-4,2.338e-4
KGZ,KGZ.8_1,POTA,0.0046985039479553155,0.0015166128670156594,0,0,0,0,2.7301188102491003,2.651835531311977,2.585810564270434,2.647143265926204,2.448399804411231,2.5120488881653684,0.001721,5.719e-4,0,0,0,0
KGZ,KGZ.9_1,POTA,0.02241906728536155,0.012444308728096076,0.007549049905271761,0.0031011665130065385,5.573715457919818e-4,2.1376644723903132e-4,2244.616651581897,2180.254635253873,2125.971012180315,2176.3968042397037,2012.9962659793077,2065.3265135553947,9.988e-6,5.708e-6,3.551e-6,1.425e-6,2.769e-7,1.035e-7
KNA,KNA.10_1,POTA,2.464363879860086e-4,1.253653539745561e-4,7.042266180141383e-5,3.221348678613202e-5,1.0737828928710671e-5,0,0.013202958962683944,0.013202958962683944,0.013202958962683944,0.013202958962683944,0.013202958962683944,0.013202958962683944,0.01867,0.009495,0.005334,0.00244,8.133e-4,0
KNA,KNA.11_1,POTA,0.00127815052087449,6.068329516788187e-4,3.194926080576164e-4,1.2990822542956117e-4,3.89413342659067e-5,0,0.16499166426030928,0.16499166426030928,0.16499166426030928,0.16499166426030928,0.16499166426030928,0.16499166426030928,0.007747,0.003678,0.001936,7.874e-4,2.36e-4,0
KNA,KNA.12_1,POTA,0.00411504472738532,0.00281915893902355,0.00178010097795861,9.356798396408394e-4,2.624142814284591e-4,0,0.04840361224014994,0.04840361224014994,0.04840361224014994,0.04840361224014994,0.04840361224014994,0.04840361224014994,0.08502,0.05824,0.03678,0.01933,0.005421,0
KNA,KNA.13_1,POTA,6.595340050965695e-4,5.82943421617818e-4,5.063528381390663e-4,4.2976225466031474e-4,3.5317167118156323e-4,2.765810877028117e-4,0.017574187222670793,0.017574187222670793,0.017574187222670793,0.017574187222670793,0.017574187222670793,0.017574187222670793,0.03753,0.03317,0.02881,0.02445,0.0201,0.01574
KNA,KNA.14_1,POTA,0,0,0,0,0,0,0.001474708896084607,0.001474708896084607,0.001474708896084607,0.001474708896084607,0.001474708896084607,0.001474708896084607,0,0,0,0,0,0
KNA,KNA.1_1,POTA,0.00415832411780872,0.0036433340157539,0.00312834391369908,0.00261335381164426,0.00209836370958944,0.00158337360753462,0.024662204211906746,0.024662204211906746,0.024662204211906746,0.024662204211906746,0.024662204211906746,0.024662204211906746,0.1686,0.1477,0.1268,0.106,0.08508,0.0642
KNA,KNA.2_1,POTA,0,0,0,0,0,0,0.002736218722263831,0.002736218722263831,0.002736218722263831,0.002736218722263831,0.002736218722263831,0.002736218722263831,0,0,0,0,0,0
KNA,KNA.3_1,POTA,3.811487982664282e-4,1.2458190423872333e-4,4.152730141290778e-5,0,0,0,0.03677766549894215,0.03677766549894215,0.03677766549894215,0.03677766549894215,0.03677766549894215,0.03677766549894215,0.01036,0.003387,0.001129,0,0,0
KNA,KNA.5_1,POTA,0,0,0,0,0,0,2.469473931311077e-4,2.469473931311077e-4,2.469473931311077e-4,2.469473931311077e-4,2.469473931311077e-4,2.469473931311077e-4,0,0,0,0,0,0
KNA,KNA.6_1,POTA,6.797223044542843e-4,5.964958085375863e-4,5.132693126208884e-4,4.300428167041903e-4,3.4681632078749233e-4,2.6358982487079434e-4,0.02507725224298989,0.02507725224298989,0.02507725224298989,0.02507725224298989,0.02507725224298989,0.02507725224298989,0.02711,0.02379,0.02047,0.01715,0.01383,0.01051
KNA,KNA.7_1,POTA,3.2662213480023276e-4,1.9342224543238796e-4,7.167754928760994e-5,5.402600607610466e-6,0,0,0.032409463819364465,0.032409463819364465,0.032409463819364465,0.032409463819364465,0.032409463819364465,0.032409463819364465,0.01008,0.005968,0.002212,1.667e-4,0,0
KNA,KNA.8_1,POTA,2.838431674479856e-4,2.3824565529440513e-4,1.9264814314082468e-4,1.4705063098724425e-4,1.0145311883366378e-4,5.585560668008334e-5,0.005595617195370139,0.005595617195370139,0.005595617195370139,0.005595617195370139,0.005595617195370139,0.005595617195370139,0.05073,0.04258,0.03443,0.02628,0.01813,0.009982
KNA,KNA.9_1,POTA,2.7873925235919383e-4,2.3616842198414704e-4,1.9359759160910025e-4,1.5102676123405343e-4,1.0845593085900663e-4,6.588510048395984e-5,0.01399598425584048,0.01399598425584048,0.01399598425584048,0.01399598425584048,0.01399598425584048,0.01399598425584048,0.01992,0.01687,0.01383,0.01079,0.007749,0.004707
KOR,KOR.10_1,POTA,0.04978671807359876,0.03816745332424741,0.03211641978225909,0.022903259299383024,0.016784309202205763,0.013736968731973985,605.4654079977066,605.4654079977066,605.4654079977066,605.4654079977066,605.4654079977066,605.4654079977066,8.223e-5,6.304e-5,5.304e-5,3.783e-5,2.772e-5,2.269e-5
KOR,KOR.11_1,POTA,0.03850000285502732,0.05754556569582207,0.05332776197099812,0.04910995824617415,0.04494232948038926,0.04091412389032058,13.398459075056062,13.398459075056062,13.398459075056062,13.398459075056062,13.398459075056062,13.398459075056062,0.002873,0.004295,0.00398,0.003665,0.003354,0.003054
KOR,KOR.12_1,POTA,1.2557458914741708,1.0834691579163274,0.9178923627143115,0.7363627774549164,0.5945669873838991,0.5340423284124401,6130.3289014919465,6130.3289014919465,6130.3289014919465,6130.3289014919465,6130.3289014919465,6130.3289014919465,2.048e-4,1.767e-4,1.497e-4,1.201e-4,9.699e-5,8.711e-5
KOR,KOR.13_1,POTA,0.13388219683372926,0.12249018282816189,0.09775097804377851,0.07515997880768686,0.04924023781420702,0.034860902434181835,1606.4670357644275,1606.4670357644275,1606.4670357644275,1606.4670357644275,1606.4670357644275,1606.4670357644275,8.334e-5,7.625e-5,6.085e-5,4.679e-5,3.065e-5,2.17e-5
KOR,KOR.14_1,POTA,0.0823848284594416,0.07607708345208647,0.06936995402937175,0.07342527094435364,0.06589938322763059,0.05789298029918429,2124.1927200847854,2124.1927200847854,2124.1927200847854,2124.1927200847854,2124.1927200847854,2124.1927200847854,3.878e-5,3.581e-5,3.266e-5,3.457e-5,3.102e-5,2.725e-5
KOR,KOR.15_1,POTA,0.01952107443904574,0.02498072707016816,0.04606507548882301,0.0429015134486439,0.03973795140846481,0.03657438936828571,3.548459006517913,3.548459006517913,3.548459006517913,3.548459006517913,3.548459006517913,3.548459006517913,0.005501,0.00704,0.01298,0.01209,0.0112,0.01031
KOR,KOR.17_1,POTA,0.05489832063497364,0.03200363570175948,0.01078520739075017,5.070607731739692e-4,0,0,12.9602589654211,12.9602589654211,12.9602589654211,12.9602589654211,12.9602589654211,12.9602589654211,0.004236,0.002469,8.322e-4,3.912e-5,0,0
KOR,KOR.1_1,POTA,0.00418789466546145,0.00231970380371571,9.910888694873552e-4,3.316231090612441e-4,3.9268419987476794e-5,4.845692250806263e-6,5.76234516913974,5.76234516913974,5.76234516913974,5.76234516913974,5.76234516913974,5.76234516913974,7.268e-4,4.026e-4,1.72e-4,5.755e-5,6.815e-6,8.409e-7
KOR,KOR.2_1,POTA,0.2097572413188253,0.15294881407738276,0.16891644812636125,0.14711954874462924,0.11940905560988734,0.10448173854365639,430.2489242143393,430.2489242143393,430.2489242143393,430.2489242143393,430.2489242143393,430.2489242143393,4.875e-4,3.555e-4,3.926e-4,3.419e-4,2.775e-4,2.428e-4
KOR,KOR.3_1,POTA,0.4758307715222408,0.40750854757940025,0.3392409268344399,0.2715821716859136,0.20392294213341744,0.13721055205230973,730.0629202107847,730.0629202107847,730.0629202107847,730.0629202107847,730.0629202107847,730.0629202107847,6.518e-4,5.582e-4,4.647e-4,3.72e-4,2.793e-4,1.879e-4
KOR,KOR.4_1,POTA,3.4493050246248126e-4,3.1249161363996656e-4,2.8005272481745175e-4,2.47613835994937e-4,2.9632477149571214e-4,2.7601767324078667e-4,5.661210054878221,5.661210054878221,5.661210054878221,5.661210054878221,5.661210054878221,5.661210054878221,6.093e-5,5.52e-5,4.947e-5,4.374e-5,5.234e-5,4.876e-5
KOR,KOR.5_1,POTA,0,0,0,0,0,0,10.220651260031193,10.220651260031193,10.220651260031193,10.220651260031193,10.220651260031193,10.220651260031193,0,0,0,0,0,0
KOR,KOR.6_1,POTA,3.2933598724295376,3.0908139479082117,3.5516832557371085,3.660618204769061,3.3709656976103233,2.945547534732136,1723.3563504084168,1723.3563504084168,1723.3563504084168,1723.3563504084168,1723.3563504084168,1723.3563504084168,0.001911,0.001793,0.002061,0.002124,0.001956,0.001709
KOR,KOR.7_1,POTA,0.02084017243988541,0.01885539411227727,0.01687061578466914,0.01488583745706101,0.01290105912945287,0.01091628080184473,5.322520801080838,5.322520801080838,5.322520801080838,5.322520801080838,5.322520801080838,5.322520801080838,0.003915,0.003543,0.00317,0.002797,0.002424,0.002051
KOR,KOR.8_1,POTA,1.0293339561999784,0.9411935092634103,0.8493222410284444,0.7492205812514732,0.6516134150224482,0.5524123846110562,1166.893678140103,1166.893678140103,1166.893678140103,1166.893678140103,1166.893678140103,1166.893678140103,8.821e-4,8.066e-4,7.278e-4,6.421e-4,5.584e-4,4.734e-4
KOR,KOR.9_1,POTA,1.083952201235487,0.9971947139102,1.063900241906351,0.994095951047058,0.8977969189346953,0.7938155942151824,843.3442775580536,843.3442775580536,843.3442775580536,843.3442775580536,843.3442775580536,843.3442775580536,0.001285,0.001182,0.001262,0.001179,0.001065,9.413e-4
LAO,LAO.10_1,POTA,12.196887001243423,11.373253404845526,10.562528241550167,9.79480773202186,8.889114152264192,7.9050151349258,358.41044123892925,375.6959325551773,375.8967997237737,382.01929898526504,391.3965317287615,384.144786512062,0.03403,0.03027,0.0281,0.02564,0.02271,0.02058
LAO,LAO.11_1,POTA,2.3358721047285664,1.6170107753810095,1.0158526269314165,0.5708474700162276,0.31133798892138315,0.22247226300366704,38.899271232645795,42.252667091294086,43.29134806639542,44.1993137707996,45.762196306374314,44.34129621648263,0.06005,0.03827,0.02347,0.01292,0.006803,0.005017
LAO,LAO.12_1,POTA,1.1006089031833088,0.764849576924231,0.499688419299914,0.30922631126661154,0.19382169486845297,0.14914874858923083,24.891646568195746,24.924148896189003,24.934216168636432,24.94301650130669,24.958164525258347,24.944392646627254,0.04422,0.03069,0.02004,0.0124,0.007766,0.005979
LAO,LAO.13_1,POTA,0.3393128417730665,0.3694808350062314,0.8251366196749471,1.7529498168196285,2.1594952122407234,2.04715445610447,44.76081136707556,44.76081136707556,44.76081136707556,44.76081136707556,44.76081136707556,44.76081136707556,0.007581,0.008255,0.01843,0.03916,0.04825,0.04574
LAO,LAO.14_1,POTA,3.3300696685066864,3.396820035121618,3.342902613782519,3.3367472270040235,3.2249078407384735,2.95592921699142,81.01967508798076,81.01967508798076,81.01967508798076,81.01967508798076,81.01967508798076,81.01967508798076,0.0411,0.04193,0.04126,0.04118,0.0398,0.03648
LAO,LAO.15_1,POTA,5.875827406177302,4.554242939801284,3.3716496658017494,2.5346447513689503,2.041320514495524,1.7191007530428188,920.3050065526256,901.3326169303149,876.723246323623,902.9038913399709,900.2542379593898,896.2322343263689,0.006385,0.005053,0.003846,0.002807,0.002267,0.001918
LAO,LAO.16_1,POTA,0.6168583784881951,0.4817831866040172,0.3582534570448767,0.25777044893768336,0.18467450250445722,0.12787873634474164,9.729717574314456,9.729717574314456,9.729717574314456,9.729717574314456,9.729717574314456,9.729717574314456,0.0634,0.04952,0.03682,0.02649,0.01898,0.01314
LAO,LAO.17_1,POTA,1.7508512516324566,1.4042052530947513,1.111583139030525,0.8686437012602218,0.674375245095458,0.5317827538953683,51.03582414962044,51.03582414962044,51.03582414962044,51.03582414962044,51.03582414962044,51.03582414962044,0.03431,0.02751,0.02178,0.01702,0.01321,0.01042
LAO,LAO.18_1,POTA,4.287990851495817,3.4260556520200227,2.619934982293789,1.9404327606605112,1.405401221833877,0.9613619155639731,33.519663826844045,33.519663826844045,33.519663826844045,33.519663826844045,33.519663826844045,33.519663826844045,0.1279,0.1022,0.07816,0.05789,0.04193,0.02868
LAO,LAO.1_1,POTA,1.1760072244328768,0.7031153642476216,0.3767582369973981,0.1593334630013031,0.03819763522070344,0.0106953910276666,7.11039745134942,7.11039745134942,7.11039745134942,7.11039745134942,7.11039745134942,7.11039745134942,0.1654,0.09889,0.05299,0.02241,0.005372,0.001504
LAO,LAO.2_1,POTA,3.808307507601403,2.4865605261878336,1.3802669519280848,0.6831877189502126,0.34082117428693054,0.19803229746805523,20.478737020307722,20.383895544390885,20.374202529831205,20.349447862085757,20.31284296999027,20.343220625248403,0.186,0.122,0.06775,0.03357,0.01678,0.009735
LAO,LAO.3_1,POTA,2.6458483461366002,2.1595386107467083,1.7624079274147044,1.5246019976161798,1.3285459497805632,1.1441480737055654,136.2426940958817,136.2426940958817,136.2426940958817,136.2426940958817,136.2426940958817,136.2426940958817,0.01942,0.01585,0.01294,0.01119,0.009751,0.008398
LAO,LAO.4_1,POTA,1.1131112416572533,0.9590065925652945,0.8229486688562045,0.7155032784176096,0.6336952792329219,0.5714251514174097,325.67863993372345,325.67863993372345,325.67863993372345,325.67863993372345,325.67863993372345,325.67863993372345,0.003418,0.002945,0.002527,0.002197,0.001946,0.001755
LAO,LAO.5_1,POTA,23.971342148333168,20.422798641850882,16.94400006580006,13.662093191838819,10.452234419026233,7.457273887538948,1192.5535694309767,1310.8490259829505,1347.4898656990792,1379.5195520419622,1434.6522923672992,1384.5281698557892,0.0201,0.01558,0.01257,0.009904,0.007286,0.005386
LAO,LAO.6_1,POTA,0.38329067649799836,0.29563721106336616,0.2152352662416092,0.14337985604351625,0.09014329387759884,0.05507207528018105,6.462507930211706,6.462507930211706,6.462507930211706,6.462507930211706,6.462507930211706,6.462507930211706,0.05931,0.04575,0.03331,0.02219,0.01395,0.008522
LAO,LAO.7_1,POTA,12.900980260277134,10.624918921074917,8.519042062400539,6.775364121911907,5.365756830618261,4.161361053423353,164.82194261193752,167.27968745413392,164.04607235420934,165.82963098451435,167.99929335726665,167.0140708096247,0.07827,0.06352,0.05193,0.04086,0.03194,0.02492
LAO,LAO.8_1,POTA,20.42704021685535,13.340019647088749,7.243806490870906,3.0771989764521885,0.9036407843424031,0.14310125592906286,118.79891440005098,129.3999773151703,132.68355099090843,135.55389554994278,140.49462333364298,136.00274349482422,0.1719,0.1031,0.05459,0.0227,0.006432,0.001052
LAO,LAO.9_1,POTA,10.396639881232804,7.532182109386802,5.064836866900786,3.4105772157743823,2.5667461176478015,2.1074460198196303,40.322233213777885,40.6528768761758,40.21785436241934,40.45779886255648,40.749686409537425,40.617143117883835,0.2578,0.1853,0.1259,0.0843,0.06299,0.05189
LBN,LBN.1_1,POTA,0.11790585982452775,0.11144454090740513,0.1217601188476739,0.12453470111192386,0.11895045342773687,0.10808193898249795,14951.720650052606,12555.808805795057,19610.442057583106,15487.503932151032,14409.778939424315,15990.445498607844,7.886e-6,8.876e-6,6.209e-6,8.041e-6,8.255e-6,6.759e-6
LBN,LBN.4_1,POTA,7.928043982361121e-4,5.770013621745969e-4,4.121438301247121e-4,2.4728629807482e-4,1.1399300986557584e-4,2.994556466931889e-5,2371.374852684155,1991.378113198491,3110.258025400486,2456.3512264002006,2285.421739040339,2536.118833820091,3.343e-7,2.897e-7,1.325e-7,1.007e-7,4.988e-8,1.181e-8
LBN,LBN.5_1,POTA,0.13400936908459582,0.11152136610065125,0.09382379106917585,0.0767708543255559,0.060566270439242245,0.04706149722343833,109.52620956979321,91.97537720027735,143.6528568735383,113.45099611527334,105.5563105352846,117.13520642781117,0.001224,0.001213,6.531e-4,6.767e-4,5.738e-4,4.018e-4
LBN,LBN.6_1,POTA,0.030570527995850173,0.028533431653007115,0.052353476541300493,0.04919930641719486,0.05408549668686922,0.05087505559990788,1811.865564564165,1522.1166031206121,2374.309170478793,1875.9854364833818,1745.860281820613,1936.8553757077793,1.687e-5,1.875e-5,2.205e-5,2.623e-5,3.098e-5,2.627e-5
LBN,LBN.7_1,POTA,0.10284830164720124,0.09533638767715259,0.08848731299443098,0.09477682478476107,0.09906698748725817,0.09161626320802596,3632.176973041891,3050.145243461659,4763.906291445793,3762.3332102621107,3500.52468711799,3884.5113073003013,2.832e-5,3.126e-5,1.857e-5,2.519e-5,2.83e-5,2.359e-5
LBN,LBN.8_1,POTA,0.2414444299639041,0.2571170863053223,0.27488061410714193,0.2684701865614783,0.2618968731581727,0.2533500326282451,28902.930275706105,24271.43169423209,37908.62956392278,29938.644305403766,27855.311487046398,30910.872543764046,8.354e-6,1.059e-5,7.251e-6,8.967e-6,9.402e-6,8.196e-6
LBR,LBR.12_1,POTA,7.6632563889949346,7.646457938650045,7.8622641294936955,7.54485211615495,7.178629287724367,6.627990948361851,5.538972110287532,7.259219528365296,9.498449658379528,11.635921158350566,12.599677730873992,11.509830077730479,1.384,1.053,0.8277,0.6484,0.5697,0.5759
LBR,LBR.2_1,POTA,1.474999115704341,1.4419176343398847,1.3680839315527829,1.2712782971961547,1.1797431847884698,1.073888869109749,0.03819759463924861,0.050060682635829516,0.0655027543970169,0.0802430831589543,0.08688929515554267,0.07937353987741196,38.61,28.8,20.89,15.84,13.58,13.53
LBR,LBR.8_1,POTA,23.11387552215753,22.49276881906525,21.49298088661129,20.522823273300226,19.130943677292013,17.465863638331932,4.654298691421921,6.099791672332716,7.981376496448532,9.777455373031,10.58728269568784,9.671503304696866,4.966,3.687,2.693,2.099,1.807,1.806
LBY,LBY.10_1,POTA,0,0,0,0,0,0,0.7693642745636987,0.6899419666291884,0.6931176212508033,0.779866437802276,0.7743920464978414,0.7671582097569463,0,0,0,0,0,0
LBY,LBY.11_1,POTA,1.5883189854806612e-4,9.497343031260632e-5,4.113340871575978e-5,1.4416965927482333e-5,4.805655309160777e-6,0,1042.9676798901082,935.3009958801846,939.6059853920985,1057.204650839894,1049.7834416853168,1039.9770883468623,1.523e-7,1.015e-7,4.378e-8,1.364e-8,4.578e-9,0
LBY,LBY.12_1,POTA,0,0,0,0,0,0,59.53539127210419,53.38948830397367,53.63522864660932,60.34807574197613,59.9244532278284,59.36468028930465,0,0,0,0,0,0
LBY,LBY.13_1,POTA,2.302353318133666e-4,1.787109162152495e-4,1.3938237171346655e-4,1.084085113326962e-4,7.743465095192587e-5,4.646079057115552e-5,1.1071304439551208,0.9928401682683018,0.9974099982270304,1.122243265063703,1.1143655074453112,1.1039558729623637,2.08e-4,1.8e-4,1.397e-4,9.66e-5,6.949e-5,4.209e-5
LBY,LBY.15_1,POTA,0,0,0,0,0,0,0.2394095152524772,0.2146950115102583,0.21568320651580525,0.24267756121350922,0.240974049090802,0.23872303561797675,0,0,0,0,0,0
LBY,LBY.20_1,POTA,0.008857485626548376,0.0076725957804547815,0.0065150542020644235,0.005384860891377302,0.004254667580690171,0.003127238919863499,993.2837014692906,890.7459484014587,894.8458606035615,1006.8424640995993,999.7747799895673,990.4355730997028,8.917e-6,8.614e-6,7.281e-6,5.348e-6,4.256e-6,3.157e-6
LBY,LBY.2_1,POTA,0.006777367247661822,0.005765552273882698,0.004783783010112758,0.0038072199278048656,0.0028345711140392174,0.0018644572845499736,144.00453688421769,129.13879246312297,129.73319057622643,145.97026261837843,144.945602115439,143.59162020568706,4.706e-5,4.465e-5,3.687e-5,2.608e-5,1.956e-5,1.298e-5
LBY,LBY.4_1,POTA,0,0,0,0,0,0,233.83713927390787,209.69787794354616,210.66307221704102,237.02911983381782,235.36525780614448,233.1666377955849,0,0,0,0,0,0
LBY,LBY.7_1,POTA,0.0016677806975829508,0.0011755881380901348,7.645717638209641e-4,4.95153188424397e-4,2.8877023342574996e-4,2.16825619580589e-4,45.93384754925193,41.19204668159092,41.381644821355145,46.560864920719744,46.23402383397257,45.8021374505804,3.631e-5,2.854e-5,1.848e-5,1.063e-5,6.246e-6,4.734e-6
LBY,LBY.8_1,POTA,0.0013244067234629369,0.0011524995541279974,9.938924181856004e-4,8.633273750729831e-4,7.661849403276652e-4,6.171925226110387e-4,334.92767591002297,300.3527289162848,301.7351879894119,339.49958708632386,337.1164179982399,333.9673087821738,3.954e-6,3.837e-6,3.294e-6,2.543e-6,2.273e-6,1.848e-6
LKA,LKA.10_1,POTA,106.92288810570949,110.08017913944668,106.70945613015479,104.30066166091282,98.47785106704126,92.17307995961518,580.8743882584554,677.4899940879117,424.946233981223,363.6773656592779,376.6897487639241,388.6809668085582,0.1841,0.1625,0.2511,0.2868,0.2614,0.2371
LKA,LKA.11_1,POTA,0.27177505473757374,0.26788577624773813,0.27405800596868596,0.262142986094295,0.24076129027743634,0.21852823039091238,555.0206814907643,647.3360950707627,406.0326176341086,347.4907198717246,359.92394448025425,371.381454306072,4.897e-4,4.138e-4,6.75e-4,7.544e-4,6.689e-4,5.884e-4
LKA,LKA.12_1,POTA,52.15815934423061,52.57004211380169,50.36802796943305,48.604834869253395,45.74938874623533,42.01910780294655,923.9750642095821,1077.6578782643815,675.9460078892629,578.4879211047082,599.186229995004,618.260209992573,0.05645,0.04878,0.07451,0.08402,0.07635,0.06796
LKA,LKA.13_1,POTA,0.014199766724793157,0.015051267412288181,0.014486830756926578,0.01399022057665153,0.013013893906547858,0.011905120210876767,55.56956614971051,64.81233430709305,40.65264080602403,34.791331545441956,36.03616605409872,37.1833104244069,2.555e-4,2.322e-4,3.564e-4,4.021e-4,3.611e-4,3.202e-4
LKA,LKA.14_1,POTA,3.977827391237302,4.156793020004838,4.017048700562457,3.8562060447373594,3.588212359886145,3.277961661200856,2479.0454861129874,2891.3798674543364,1813.5780548877208,1552.0958574919086,1607.6298769825266,1658.8057862108055,0.001605,0.001438,0.002215,0.002485,0.002232,0.001976
LKA,LKA.15_1,POTA,0.03476012964622318,0.034138622163118325,0.03337244278719353,0.033269103953354466,0.03081097845334685,0.02804720617747005,34.64196087868201,40.40388480762099,25.342778250658217,21.68884930768412,22.46487675107177,23.1800043497173,0.001003,8.449e-4,0.001317,0.001534,0.001372,0.00121
LKA,LKA.16_1,POTA,8.01114657521428,7.955107304751588,7.504704705511044,7.168385298726908,6.870753400054109,6.270559733601949,2567.012209565964,2993.9779095728218,1877.9312586140618,1607.17059808595,1664.6751928492401,1717.6670336849688,0.003121,0.002657,0.003996,0.00446,0.004127,0.003651
LKA,LKA.17_1,POTA,6.928731937462184,6.791450111909415,6.592825432270086,6.352892381827529,5.974719747069871,5.460818100965179,764.9229174681367,892.1509250681831,559.5893357229337,478.9075868730589,496.042909498422,511.8335135878846,0.009058,0.007612,0.01178,0.01327,0.01204,0.01067
LKA,LKA.18_1,POTA,0.44826781444514086,0.42845390046134446,0.4027376933496888,0.39473474883876725,0.3745076389755202,0.3441526500499559,1321.435898154197,1541.2275302964513,966.7136642946093,827.3326144902977,856.9345912732091,884.2135113066457,3.392e-4,2.78e-4,4.166e-4,4.771e-4,4.37e-4,3.892e-4
LKA,LKA.19_1,POTA,0.18963796830512253,0.19190493353328383,0.18382957605307745,0.1751322319863267,0.16639642810505945,0.15466592664144782,76.8635217799968,89.64806844459473,56.230511744322726,48.12318064160555,49.84502896611562,51.431752822379586,0.002467,0.002141,0.003269,0.003639,0.003338,0.003007
LKA,LKA.1_1,POTA,0.2265580742979683,0.2148236854888391,0.20306555204882396,0.19462687965203165,0.18417531008566343,0.17484681854120906,676.9573783918423,789.554264321244,495.2369984428001,423.83358780076577,438.99836168511916,452.9730586166847,3.347e-4,2.721e-4,4.1e-4,4.592e-4,4.195e-4,3.86e-4
LKA,LKA.20_1,POTA,3.089248030256396,2.676957603643573,2.30199800537447,2.016767575576571,1.7765823573752013,1.5538785927024532,11931.017129610746,13915.477920858555,8728.291174954804,7469.843682283223,7737.114832219882,7983.411502872487,2.589e-4,1.924e-4,2.637e-4,2.7e-4,2.296e-4,1.946e-4
LKA,LKA.21_1,POTA,0.2126688973873851,0.2059690973068592,0.1912649457702841,0.1816756882168489,0.1667973484800407,0.15012991504060924,332.8143669045524,388.1706751481224,243.47469038006057,208.3704405909415,215.82593894382362,222.69635658076655,6.39e-4,5.306e-4,7.856e-4,8.719e-4,7.728e-4,6.741e-4
LKA,LKA.22_1,POTA,0.573016197519233,0.5812775042666777,0.5655671685163757,0.5443814634010933,0.504580920908204,0.4608761357469482,419.8468996282672,489.6791445733747,307.14447469551976,262.8602973782446,272.265443849998,280.93250822840895,0.001365,0.001187,0.001841,0.002071,0.001853,0.001641
LKA,LKA.23_1,POTA,41.04191230051263,41.8912296890434,40.22305361965951,38.95686693225862,36.61045421854636,33.80394842374708,1273.2398760706753,1485.0151660117695,931.4552358094552,797.1577562061473,825.6800759820574,851.9640666101535,0.03223,0.02821,0.04318,0.04887,0.04434,0.03968
LKA,LKA.24_1,POTA,0.0825268276649968,0.0799173003957527,0.07645434861434476,0.07371556552215489,0.06867374815437456,0.06288345681684682,150.8971242044315,175.99552304526148,110.39075907877508,94.47458818206843,97.85489075561517,100.96991933187677,5.469e-4,4.541e-4,6.926e-4,7.803e-4,7.018e-4,6.228e-4
LKA,LKA.25_1,POTA,0.15540886139868493,0.16053304076754435,0.15731117287324817,0.1551781672347501,0.14845815007610047,0.13702249027229663,81.41753339335514,94.9595391573259,59.56205832947243,50.97438389691419,52.79824832847572,54.478982434351984,0.001909,0.001691,0.002641,0.003044,0.002812,0.002515
LKA,LKA.2_1,POTA,0.46235279880104185,0.46479118833043037,0.44679505868514297,0.4285944490062912,0.40599390353847253,0.3701751194394315,691.0091401954965,805.9432258828382,505.51674804093034,432.63120019153763,448.11075281563296,462.37552578274904,6.691e-4,5.767e-4,8.838e-4,9.907e-4,9.06e-4,8.006e-4
LKA,LKA.3_1,POTA,1.4102236356762052,1.1004583671827604,0.848614853608471,0.6629036540292629,0.5144831895442874,0.571001049501967,15610.459220549626,18206.913816165837,11420.035020615253,9773.491138216721,10123.18683822212,10445.43967648496,9.034e-5,6.044e-5,7.431e-5,6.783e-5,5.082e-5,5.467e-5
LKA,LKA.4_1,POTA,0.07642698236469157,0.0727238657514626,0.06829227623373142,0.06824698521030882,0.06386266658447293,0.0591537351925927,219.39808592418757,255.8901045393325,160.50353095390614,137.36208642081576,142.2769045022791,146.80602532438996,3.483e-4,2.842e-4,4.255e-4,4.968e-4,4.489e-4,4.029e-4
LKA,LKA.5_1,POTA,0.339286644536552,0.34803826601040916,0.34181739512737785,0.34406228387817456,0.32566492731084956,0.29920948258729446,54.6818302220087,63.77694314410255,40.00320601104585,34.23553244306522,35.46048044920007,36.58929893823288,0.006205,0.005457,0.008545,0.01005,0.009184,0.008178
LKA,LKA.6_1,POTA,33.229280372403714,33.58880849298418,32.32666928023849,30.31029851028956,28.173442321495145,25.752949432241255,660.7395424797561,770.6389501357796,483.37262908262085,413.6798265738589,428.48129868715466,442.1212044649614,0.05029,0.04359,0.06688,0.07327,0.06575,0.05825
LKA,LKA.7_1,POTA,0.8586943276856295,0.8654058425931302,0.8262051978452954,0.7754611260898799,0.7225394768391059,0.6588619114964831,341.4172092966341,398.2044100814612,249.76821192266047,213.75656041577042,221.4047742390837,228.45278372895092,0.002515,0.002173,0.003308,0.003628,0.003263,0.002884
LKA,LKA.8_1,POTA,0.17312122354183798,0.17349236191164524,0.16976119901468345,0.16288054151634312,0.151853060529267,0.13871491038387362,331.623503240929,386.781737655377,242.60349853674472,207.62485743423807,215.05367880750168,221.8995129783105,5.22e-4,4.486e-4,6.997e-4,7.845e-4,7.061e-4,6.251e-4
LKA,LKA.9_1,POTA,0.028495096876058845,0.026834267762417135,0.02499706400834383,0.023373821515772518,0.021661946617680075,0.019730067947629815,48.78755336099365,56.902283705778665,35.691170905417216,30.545207779746427,31.63811589878911,32.6452565165221,5.841e-4,4.716e-4,7.004e-4,7.652e-4,6.847e-4,6.044e-4
LSO,LSO.1_1,POTA,0.17329136983726806,0.1603807757469565,0.14748307298709445,0.13463097929258605,0.12188031862013614,0.10919837323484057,919.7502479682046,926.6737911065611,929.708678020721,925.377595648298,927.2533316420574,927.0868263237057,1.884e-4,1.731e-4,1.586e-4,1.455e-4,1.314e-4,1.178e-4
LSO,LSO.3_1,POTA,0.025827949881748313,0.02353920696235311,0.02125046404295792,0.018962225639683042,0.01667792710644671,0.014397063927128594,54.80932688266283,55.17081181876373,55.312578837140194,54.99791734377676,55.2197797051683,55.1626651991407,4.712e-4,4.267e-4,3.842e-4,3.448e-4,3.02e-4,2.61e-4
LSO,LSO.4_1,POTA,0.021905153115360572,0.019406686838880517,0.017094817945016487,0.015095465384778708,0.013229466141649718,0.01136346689852073,79.31393241391167,79.91097865962185,80.17268972316903,79.79920227337024,79.9609548775843,79.94659642365022,2.762e-4,2.429e-4,2.132e-4,1.892e-4,1.654e-4,1.421e-4
LSO,LSO.5_1,POTA,0.016899115087022375,0.01450855092455078,0.012170924165571528,0.009964876336900078,0.007925885428963206,0.0059993771332301216,158.17950032877167,159.37021769639318,159.89216036147712,159.1472967998026,159.469887614969,159.44125187595492,1.068e-4,9.104e-5,7.612e-5,6.261e-5,4.97e-5,3.763e-5
LSO,LSO.6_1,POTA,0.004358054124856514,0.003916786334223949,0.003475518543591383,0.003034250752958825,0.002592982962326255,0.0021517151716936842,8.24511908603904,8.307185323910879,8.334391627008038,8.295565554374779,8.312380626375772,8.31088798619296,5.286e-4,4.715e-4,4.17e-4,3.658e-4,3.119e-4,2.589e-4
LSO,LSO.9_1,POTA,1.9045457058288037e-4,5.152307213607312e-4,5.748571711444764e-4,5.599650563060831e-4,5.245440451906461e-4,4.891230340752089e-4,1.4892094513288425,1.5004196748662653,1.5053335982778275,1.4983209458564293,1.5013580353013898,1.5010884389687618,1.279e-4,3.434e-4,3.819e-4,3.737e-4,3.494e-4,3.258e-4
LTU,LTU.10_1,POTA,1.1981481321736391,1.0239782569573386,0.8594021624849516,0.685706136408573,0.5117631031283744,0.35755817669277934,223.64173463196644,166.94213981448803,188.96898832368538,213.5871829892113,196.32903232196884,191.56079737077025,0.005357,0.006134,0.004548,0.00321,0.002607,0.001867
LTU,LTU.1_1,POTA,0.01185646039091051,0.009700096981375677,0.00758544427397726,0.005470791566578854,0.0033847615654692357,0.00140090041444145,202.80593447505956,136.98066627687885,154.95326331892218,182.84276766579458,181.29769986454087,168.66194996340988,5.846e-5,7.081e-5,4.895e-5,2.992e-5,1.867e-5,8.306e-6
LTU,LTU.2_1,POTA,0.21136317967795354,0.19918067262903255,0.18159107624621845,0.16457402677087474,0.15024372902805389,0.13354975280909714,258.81135862678207,174.57599765025506,197.47950333718404,233.16047887611256,231.41611439119794,215.15698024553302,8.167e-4,0.001141,9.195e-4,7.058e-4,6.492e-4,6.207e-4
LTU,LTU.3_1,POTA,0.3450249994342755,0.3557296102531266,0.37228348928746086,0.3289735714246044,0.2859066616449974,0.24006543619643292,232.0418641227752,156.4037128388438,176.92636789021992,208.78806085277787,206.96923655147455,192.61099413138984,0.001487,0.002274,0.002104,0.001576,0.001381,0.001246
LTU,LTU.4_1,POTA,0.0360226195479523,0.058952564897686556,0.062944082041284,0.06176222010102761,0.05908766215889317,0.054025932169147375,148.44341906519904,104.35595616781367,113.34658083880689,130.19201921112912,130.10119392448536,121.78300330978185,2.427e-4,5.649e-4,5.553e-4,4.744e-4,4.542e-4,4.436e-4
LTU,LTU.5_1,POTA,0,0,0,0,0,0,99.22489255614695,66.93015600875638,75.711060768898,89.39068048471646,88.72191393786638,82.48837439300408,0,0,0,0,0,0
LTU,LTU.6_1,POTA,0.02508917435510005,0.024209487785828727,0.02156718403369651,0.018924880281564298,0.017251903018444172,0.014559890215593403,119.8982441088863,80.87494958830855,91.48534215519996,108.01508929577602,107.20698628230372,99.674698498879,2.093e-4,2.993e-4,2.357e-4,1.752e-4,1.609e-4,1.461e-4
LTU,LTU.7_1,POTA,0,0,0,0,0,0,35.13318147264953,23.698381086356843,26.807491234876682,31.651120182932534,31.414325807569256,29.207177274526906,0,0,0,0,0,0
LTU,LTU.8_1,POTA,0.003412590276111835,0.0029330787018893934,0.002453567127666952,0.0019740555534445104,0.001494543979222069,0.001015032404999631,89.59801642616766,60.43654029743789,68.36551485884236,80.71792724677294,80.11404494963627,74.48528825214022,3.809e-5,4.853e-5,3.589e-5,2.446e-5,1.866e-5,1.363e-5
LTU,LTU.9_1,POTA,0.23089140508248843,0.19930920332094804,0.1683662331015868,0.13772199027426935,0.10707774744695188,0.07672914724629556,75.87807609304839,51.14943560796228,57.86090923427984,68.28548919563067,67.70212368121905,62.99715782057665,0.003043,0.003897,0.00291,0.002017,0.001582,0.001218
LUX,LUX.1_1,POTA,0.016733674197453523,0.015131342133946497,0.013529010070439482,0.011926678006932458,0.010324345943425442,0.008722013879918415,67.89663661255321,67.16625063682557,60.956453203001175,58.00265909676542,72.13651002952177,68.02327142850629,2.465e-4,2.253e-4,2.219e-4,2.056e-4,1.431e-4,1.282e-4
LUX,LUX.2_1,POTA,0.003285684743036121,0.003062431322157887,0.002839177901279653,0.002615924480401409,0.002392671059523175,0.002169417638644941,110.49416716881974,107.94907070028805,99.81557152392993,99.39703340432754,119.7353325406863,112.90918607117467,2.974e-5,2.837e-5,2.844e-5,2.632e-5,1.998e-5,1.921e-5
LUX,LUX.3_1,POTA,1.7217590483673955e-4,1.4719455913122048e-4,1.3704321022561905e-4,1.2689186132001763e-4,1.1674051241441622e-4,1.0658916350881482e-4,19.854745993741737,19.67826178796024,17.724379011184162,15.610666317136015,21.49721756700754,19.850273572759022,8.672e-6,7.48e-6,7.732e-6,8.129e-6,5.43e-6,5.37e-6
LVA,LVA.1_1,POTA,1.2107535145886659,1.0437288907253262,0.8803138256849375,0.7144847302943504,0.5502813749304742,0.3894079081930574,253.2208598398146,161.1809340910632,182.59906378577793,206.7806729529875,183.82840344649998,186.18914176495625,0.004781,0.006476,0.004821,0.003455,0.002993,0.002091
LVA,LVA.2_1,POTA,6.3588969259429735,3.9743969329547495,2.741745913984557,1.6668419640724341,0.7148116117174813,0.26884656123993483,209.78113374673327,133.3339700393207,151.0576119511292,170.87176209014075,151.42298212086544,153.75187866892216,0.03031,0.02981,0.01815,0.009755,0.004721,0.001749
LVA,LVA.3_1,POTA,1.3530284049695382,1.1855573140597002,1.0778331194636042,0.9514012026493412,0.8094316703833847,0.6895349951252703,236.32746151491224,150.2003910566891,170.16621193564083,192.48095291799865,170.55769861954184,173.19279548887957,0.005725,0.007893,0.006334,0.004943,0.004746,0.003981
LVA,LVA.4_1,POTA,3.6816682996045644,3.2339574172316414,2.795701416098393,2.3636196168626316,1.932200746724668,1.5097576454694692,73.50348988235582,46.715912122910844,52.92575969441854,59.866177568456564,53.047521411506935,53.86709952922885,0.05009,0.06923,0.05282,0.03948,0.03642,0.02803
LVA,LVA.5_1,POTA,1.1092239513686228,0.8991886614959762,0.7099063401043656,0.5303344519961801,0.350804511799002,0.23038200101150516,334.6248865291838,212.6924402676478,240.9646546547381,272.5810990801342,241.57908301931215,245.27587225388984,0.003315,0.004228,0.002946,0.001946,0.001452,9.393e-4
MAR,MAR.10_1,POTA,0.0449394382145228,0.048928566915217304,0.04862260297437685,0.08745246188711316,0.19436397277231768,0.3092543865355633,21506.152014496438,20684.551744282486,22278.349093652276,22697.277740789163,27642.250921712857,25867.520739626663,2.09e-6,2.365e-6,2.183e-6,3.853e-6,7.031e-6,1.196e-5
MAR,MAR.11_1,POTA,0.13736171320339702,0.12047325028765518,0.10560232619078566,0.0952875208555645,0.09331055772776516,0.08740606465167577,3612.1763497276256,3474.180220994891,3741.874750028759,3812.2380651688472,4642.796583487474,4344.7126137315745,3.803e-5,3.468e-5,2.822e-5,2.5e-5,2.01e-5,2.012e-5
MAR,MAR.12_1,POTA,0,0,0,0,4.401745737338096e-7,3.7750499580857977e-4,16618.988279557732,15984.092354222697,17215.707815314745,17539.437056748964,21360.690767815675,19989.25883313982,0,0,0,0,2.061e-11,1.889e-8
MAR,MAR.13_1,POTA,0.027664198771702245,0.025703142820414346,0.02379842506964293,0.0282929461554563,0.03131411329767509,0.028725991447468867,31875.864354819965,30658.10933538228,33020.39557776201,33641.32082387576,40970.633710457594,38340.17404671449,8.679e-7,8.384e-7,7.207e-7,8.41e-7,7.643e-7,7.492e-7
MAR,MAR.14_1,POTA,7.886109572933726,7.534431498916397,7.510870076509467,7.242831487233161,6.7928598481750795,6.323074537013183,30825.71338409405,29648.07732744068,31932.538003650545,32533.006855462445,39620.855386539384,37077.056267545326,2.558e-4,2.541e-4,2.352e-4,2.226e-4,1.714e-4,1.705e-4
MAR,MAR.15_1,POTA,2.9044441728262926,2.6870614394773416,2.459316554102057,2.254913859862125,2.02536919788221,1.8042743850924297,2073.150954041358,1993.9502788146751,2147.589280493002,2187.973181994153,2664.658985213388,2493.5784491452982,0.001401,0.001348,0.001145,0.001031,7.601e-4,7.236e-4
MAR,MAR.1_1,POTA,0.08713920212072271,0.11705140812341966,0.10696824667878607,0.09837022684227432,0.09269794856736192,0.0932463092676974,1046.7593918613015,1006.7699977104919,1084.3442175951934,1104.7345457060947,1345.4190653326034,1259.0384004105224,8.325e-5,1.163e-4,9.865e-5,8.904e-5,6.89e-5,7.406e-5
MAR,MAR.2_1,POTA,0.11399309564120559,0.1073604238363365,0.09995362893622502,0.09263078854166658,0.08651266782044709,0.07802739734168773,10100.53105103767,9714.660028075827,10463.199590077935,10659.952677584306,12982.398010192086,12148.882118155678,1.129e-5,1.105e-5,9.553e-6,8.69e-6,6.664e-6,6.423e-6
MAR,MAR.3_1,POTA,0.033529920748024716,0.031411437456223705,0.029316032892706265,0.02750777411177503,0.025423378442597032,0.02760445772861662,621.3926297755177,597.6535403651845,643.7042840907552,655.8086890813697,798.6873560986612,747.4088015855319,5.396e-5,5.256e-5,4.554e-5,4.194e-5,3.183e-5,3.693e-5
MAR,MAR.4_1,POTA,0.7544313395984859,0.9351884193862011,0.9075358274801645,0.8925556055261893,0.8334310808387166,0.7965294315214918,51715.629352485514,49739.93493597174,53572.52496005724,54579.91850164646,66471.04792896651,62203.37143610203,1.459e-5,1.88e-5,1.694e-5,1.635e-5,1.254e-5,1.281e-5
MAR,MAR.5_1,POTA,0.003424093462892841,0.0032130681289417977,0.003082455947451104,0.002951479452652482,0.003941922108405524,0.006720604806037953,656.5373819615314,631.4556560690933,680.110939820833,692.8999462910434,843.8595513568031,789.6807820608368,5.215e-6,5.088e-6,4.532e-6,4.26e-6,4.671e-6,8.511e-6
MAR,MAR.6_1,POTA,0,0,0,0,0,0,0.1291587718714876,0.12422451374439378,0.13379633229897175,0.1363122779473578,0.1660101408995709,0.15535170240690074,0,0,0,0,0,0
MAR,MAR.8_1,POTA,0.006627543941362747,0.004113494515767155,0.0030734878572808008,0.0052126307424065835,0.00496546119013334,0.004810631827199654,11754.66243517023,11305.598559665952,12176.724030816402,12405.698736703507,15108.483448813917,14138.465348208087,5.638e-7,3.638e-7,2.524e-7,4.202e-7,3.287e-7,3.403e-7
MAR,MAR.9_1,POTA,0.05053943375805311,0.05412951357314645,0.05258495563075167,0.05118266194479129,0.0502446559070429,0.05312352919352487,3186.096652102195,3064.3780644170783,3300.496282400869,3362.5597868074437,4095.1485251146078,3832.225498624991,1.586e-5,1.766e-5,1.593e-5,1.522e-5,1.227e-5,1.386e-5
MDA,MDA.10_1,POTA,3.120742116012407e-5,2.2291015114374345e-5,1.3374609068624604e-5,4.458203022874868e-6,0,0,1.8508747530879894,2.3503877319026305,1.8497980308539521,1.8563768037039208,1.45758042266114,1.669948369552166,1.686e-5,9.484e-6,7.23e-6,2.402e-6,0,0
MDA,MDA.11_1,POTA,0.007552156167562189,0.007022034189000081,0.007850639508402443,0.007250839206867793,0.006651038905333148,0.006051238603798502,8.523326879585879,10.823597274397645,8.518368545401511,8.548663967267995,6.7121961520619635,7.690156128596744,8.861e-4,6.488e-4,9.216e-4,8.482e-4,9.909e-4,7.869e-4
MDA,MDA.12_1,POTA,0,0,0,0,0,0,458.35538434050653,582.0560631712432,458.0887420771191,459.71792630641676,360.95896479294845,413.5503093755245,0,0,0,0,0,0
MDA,MDA.13_1,POTA,0.013114358292146869,0.01232528809419426,0.011536217896241633,0.010747147698289005,0.009958077500336386,0.009169007302383759,15.261084306641585,19.37973667316912,15.252206370000513,15.30645056287748,12.018240389756105,13.769285475937718,8.593e-4,6.36e-4,7.564e-4,7.021e-4,8.286e-4,6.659e-4
MDA,MDA.14_1,POTA,1.3015298682987617e-4,1.1883533580119128e-4,1.075176847725064e-4,9.620003374382152e-5,8.488238271513663e-5,7.356473168645175e-5,1.1100067402381963,1.4095746998722278,1.1093610083024443,1.1133064304298887,0.8741402360660918,1.0015015564721839,1.173e-4,8.431e-5,9.692e-5,8.641e-5,9.71e-5,7.345e-5
MDA,MDA.15_1,POTA,0.03671452081991255,0.03733436604810267,0.03439187905111961,0.03706137426474103,0.03474704114830464,0.03243270803186826,141.6366079043126,179.86141150350088,141.55421265599566,142.05764762321206,111.54009555158903,127.79137110389982,2.592e-4,2.076e-4,2.43e-4,2.609e-4,3.115e-4,2.538e-4
MDA,MDA.16_1,POTA,0.23005260252089946,0.3396018863024127,0.5746316200672459,0.48848078024935865,0.4324581182490892,0.40656363406643736,167.8530469059568,213.15312748851485,167.75540058637034,168.35201959904367,132.18577575060462,151.44510536831567,0.001371,0.001593,0.003425,0.002902,0.003272,0.002685
MDA,MDA.17_1,POTA,0.06079109385153427,0.042316064885296566,0.02436048874830554,0.00783442649107515,2.5600078725781145e-5,2.3948460743472687e-5,0.13054381611674132,0.1657749036581922,0.13046787395528794,0.13093188056176808,0.10280442280266613,0.11778291994936856,0.4657,0.2553,0.1867,0.05984,2.49e-4,2.033e-4
MDA,MDA.18_1,POTA,6.28623476173695e-4,4.2664136385239294e-4,2.527364316837707e-4,9.493442661673723e-5,8.016712041610243e-6,0,2.383657248847088,3.0269572511072185,2.3822705873488554,2.3907430891030574,1.877151403387617,2.150650404432936,2.637e-4,1.409e-4,1.061e-4,3.971e-5,4.271e-6,0
MDA,MDA.19_1,POTA,0.009924556234287538,0.008903670835965454,0.007882785437643359,0.006861900039321263,0.005841014640999168,0.004820129242677083,40.42226490260713,42.898865797200834,40.51988803118421,41.30004748809305,39.626860197648746,40.44201323941795,2.455e-4,2.076e-4,1.945e-4,1.661e-4,1.474e-4,1.192e-4
MDA,MDA.1_1,POTA,0,0,0,0,6.935645454241607e-4,6.579971328383063e-4,13.26830184923339,16.849143270007424,13.260583187781473,13.307744209252695,10.448906380691119,11.971301139034956,0,0,0,0,6.638e-5,5.496e-5
MDA,MDA.20_1,POTA,0.02533791215331509,0.015203842389644619,0.00867753632991042,0.004975129876145887,0.002820957443260861,0.0016470938474415797,10.61958691809402,12.751340838634231,10.319347305448266,10.162998284159514,8.123070370080528,9.23886873538221,0.002386,0.001192,8.409e-4,4.895e-4,3.473e-4,1.783e-4
MDA,MDA.21_1,POTA,2.2495048291183088e-4,2.0808750704083155e-4,1.9122453116983222e-4,1.8443037256881499e-4,1.6705104709422683e-4,1.4967172161963867e-4,0.8867240292141491,1.1260325834425204,0.8862081890817376,0.8893599722907722,0.6983031040481782,0.800045137769784,2.537e-4,1.848e-4,2.158e-4,2.074e-4,2.392e-4,1.871e-4
MDA,MDA.22_1,POTA,0.00180900923282591,0.00171122494997045,0.001613440667115,0.00151565638425954,0.00141787210140409,0.00132008781854863,4.626395123644871,5.874963891212645,4.623703778655287,4.640147896541645,3.643327539299551,4.174156560699255,3.91e-4,2.913e-4,3.489e-4,3.266e-4,3.892e-4,3.163e-4
MDA,MDA.23_1,POTA,0.01728713502057502,0.01731245558818676,0.01636275474180952,0.01532193109211339,0.01450363212573321,0.01345139695381575,27.24639456317085,34.59963534161995,27.23054432869411,27.32738926134699,21.456779415852125,24.583009790927285,6.345e-4,5.004e-4,6.009e-4,5.607e-4,6.759e-4,5.472e-4
MDA,MDA.24_1,POTA,1.6346466951974595e-4,1.3019974768547135e-4,1.0634678707131238e-4,7.80400817204824e-5,6.150129399545318e-5,5.673042389622471e-5,0.14319855262396314,0.18184489293618655,0.14311524873468864,0.1436242354981558,0.11277014098866857,0.12920063287785793,0.001142,7.16e-4,7.431e-4,5.434e-4,5.454e-4,4.391e-4
MDA,MDA.25_1,POTA,0.7128120844558102,0.6759832703129655,0.6181377062486965,0.5613848712386568,0.5046320362286172,0.4495358410182101,245.0233010554261,301.87243185085475,245.01404020921748,246.58522197332277,201.53308724067472,225.4408930226639,0.002909,0.002239,0.002523,0.002277,0.002504,0.001994
MDA,MDA.26_1,POTA,0,0,0,0,0,0,4.597069789829928,5.837724253729021,4.594395504470601,4.61073538801609,3.6202335766284683,4.147697831760879,0,0,0,0,0,0
MDA,MDA.27_1,POTA,0,0,0,0,0,0,0.0058102740084528155,0.007378347306145897,0.0058068939573713944,0.0058275460694788795,0.004575642749941969,0.005242309124849702,0,0,0,0,0,0
MDA,MDA.28_1,POTA,0.007871890878139342,0.006931098674685498,0.006133778547157613,0.00547993049555567,0.005232648351384768,0.00456322677631125,25.906610255537963,32.89827084096846,25.89153942309825,25.983622209304883,20.401687290284904,23.374191843440396,3.039e-4,2.107e-4,2.369e-4,2.109e-4,2.565e-4,1.952e-4
MDA,MDA.29_1,POTA,2.828912468609546e-4,2.587518955014983e-4,2.3461254414204195e-4,2.104731927825856e-4,1.8846937500803605e-4,1.6422050910576394e-4,1.796923121277116,2.281875665749672,1.7958777847008256,1.802264791181959,1.4150930300555893,1.621270608170997,1.574e-4,1.134e-4,1.306e-4,1.168e-4,1.332e-4,1.013e-4
MDA,MDA.2_1,POTA,0,0,0,0,0,0,0.07929730548490807,0.10069801518104275,0.07925117531225732,0.07953303066715338,0.06244733732076961,0.07154584921722522,0,0,0,0,0,0
MDA,MDA.30_1,POTA,0,0,0,0,0,0,0.004323926247071165,0.005490864893916844,0.004321410859403366,0.004336779878053622,0.003405130593653935,0.0039012545685834627,0,0,0,0,0,0
MDA,MDA.31_1,POTA,0.3329591118826784,0.31254298883475223,0.3318066623616535,0.3193302066583636,0.3004894229932401,0.2769256293468822,149.19537308226253,166.212706451561,149.44254332451246,151.72754501518574,138.9796575514131,145.55906481749395,0.002232,0.00188,0.00222,0.002105,0.002162,0.001902
MDA,MDA.32_1,POTA,0.08264367218913544,0.07534832644720521,0.06895910097042861,0.08761374252800364,0.0808007933872229,0.07400625838350854,522.7926828667203,659.1452430280863,522.5566251670637,524.7724987397985,416.08350587737937,473.92018780365817,1.581e-4,1.143e-4,1.32e-4,1.67e-4,1.942e-4,1.562e-4
MDA,MDA.33_1,POTA,0,0,0,0,0,0,1.8124349900944885,2.3015738685083456,1.811380629690941,1.8178227717566176,1.4273087654906145,1.6352661635142534,0,0,0,0,0,0
MDA,MDA.34_1,POTA,0.00298772969888668,0.00267323183584598,0.00235873397280527,0.00204423610976457,0.00172973824672387,0.00141524038368316,5.182876324396454,5.317659343699283,5.198018892854515,5.311844456893722,5.249813441009026,5.271476076483818,5.765e-4,5.027e-4,4.538e-4,3.848e-4,3.295e-4,2.685e-4
MDA,MDA.35_1,POTA,0.0010917500980172088,0.0010191405339548788,9.465309698925488e-4,8.739214058302188e-4,8.05132625218079e-4,7.323271235429187e-4,1.3414788175107952,1.7035163238485915,1.3406984297147577,1.3454665991485477,1.0564265672521154,1.210346815933051,8.138e-4,5.983e-4,7.06e-4,6.495e-4,7.621e-4,6.051e-4
MDA,MDA.36_1,POTA,0.451537417629854,0.40948283591911055,0.38158012021991927,0.3534732223412447,0.31084112537139336,0.39189705510441947,1570.8437793523515,1956.999256640278,1570.4727348086105,1578.9079900835106,1271.9752474247814,1435.0838796563992,2.874e-4,2.092e-4,2.43e-4,2.239e-4,2.444e-4,2.731e-4
MDA,MDA.37_1,POTA,0.00596653726796281,0.00483604566317076,0.0037082671899095,0.00258320184817902,0.001461481025028521,7.895062636503698e-4,9.631157611189158,8.409949065638628,8.095496500421085,7.119815032193415,6.336121833543059,6.906904928984486,6.195e-4,5.75e-4,4.581e-4,3.628e-4,2.307e-4,1.143e-4
MDA,MDA.3_1,POTA,4.1427939216835805e-4,0.0010792263769003117,0.00100725483681617,9.352832967320282e-4,8.633117566478863e-4,0.0023685139530293755,20.978177262736136,24.407546103490553,20.998040457134447,21.24109117929962,18.58367283281221,19.978726988366763,1.975e-5,4.422e-5,4.797e-5,4.403e-5,4.646e-5,1.186e-4
MDA,MDA.4_1,POTA,0.00186625631045534,0.00175314986739744,0.00164004342433954,0.00152693698128164,0.00141383053822374,0.00130072409516584,1.9703029066495856,2.5020470845987743,1.969156708645729,1.9761599784492934,1.5516311617808578,1.7777022032386811,9.472e-4,7.007e-4,8.329e-4,7.727e-4,9.112e-4,7.317e-4
MDA,MDA.5_1,POTA,0,0,0,0,0,0,97.8856460763156,105.6535524940669,98.09661198661267,99.85218295264391,94.32297068723155,97.09963503737251,0,0,0,0,0,0
MDA,MDA.6_1,POTA,0.00291474841859085,0.00256691431210353,0.00221908020561621,0.00187124609912888,0.00152341199264156,0.00117557788615424,14.367759345581407,12.56079866610408,12.082802843775353,10.631203729336812,9.457074482179998,10.310643698000622,2.029e-4,2.044e-4,1.837e-4,1.76e-4,1.611e-4,1.14e-4
MDA,MDA.7_1,POTA,0.010523256852523165,0.010083974306562504,0.009350961814438669,0.008996113182954497,0.008302909564465456,0.007547468059379125,13.301195325821025,16.89091401851551,13.293457529018356,13.340735467482666,10.474810287709898,12.000979218280877,7.912e-4,5.97e-4,7.034e-4,6.743e-4,7.927e-4,6.289e-4
MDA,MDA.8_1,POTA,2.588101308548566e-4,2.3780987305364542e-4,2.2537106547901222e-4,2.0393175894823284e-4,1.965560173702173e-4,1.7439550238032182e-4,5.369617321104848,5.851313357109921,4.979037710448817,4.742383379984508,3.9124643974963225,4.393272544213347,4.82e-5,4.064e-5,4.526e-5,4.3e-5,5.024e-5,3.97e-5
MDA,MDA.9_1,POTA,0.10901645643486865,0.09950981464649507,0.09000317285812144,0.08058070160509728,0.07474184435795729,0.06504257326115838,143.31343192933343,178.8619392249592,143.27500875670702,144.02056629223833,115.75250854342175,130.77773229061324,7.607e-4,5.563e-4,6.282e-4,5.595e-4,6.457e-4,4.974e-4
MDG,MDG.1_1,POTA,88.11126582013185,80.60355996968467,74.91815579036036,68.94415907618976,61.131961211477936,55.57050213168691,16809.490121164,16841.65432819947,17000.471908867028,16818.41939815344,16794.082940264812,16829.114232116266,0.005242,0.004786,0.004407,0.004099,0.00364,0.003302
MDG,MDG.2_1,POTA,0.3686787181281113,0.22533674485313995,0.12285416100282041,0.05434872144811285,0.01345824736882298,0.00219812636465669,0.09661024293233547,0.09679510230837986,0.0977078846081178,0.09666156272924434,0.09652169226965361,0.09672302982311941,3.816,2.328,1.257,0.5623,0.1394,0.02273
MDG,MDG.3_1,POTA,215.29913106089143,207.66578499835273,200.65630394326715,194.4034974336731,179.0024662675425,168.95253985134605,5731.410655341534,5742.3774531203435,5796.528338574481,5734.455206539274,5726.157379951389,5738.101746969103,0.03756,0.03616,0.03462,0.0339,0.03126,0.02944
MDG,MDG.4_1,POTA,2.4126827210889377,1.7092368811903815,1.1807036708345011,0.8142275418853853,0.5533216303147034,0.41562201811529903,61.12379347564663,61.240751118857276,61.818254239478605,61.156262710504755,61.067768852857014,61.195151981844226,0.03947,0.02791,0.0191,0.01331,0.009061,0.006792
MDG,MDG.5_1,POTA,125.54043540565084,118.78433834057998,111.64998107272955,104.3124981156064,95.69645847784061,86.5172107137158,678.4359276104693,679.7340843944453,686.1440083055451,678.7963158360227,677.814089292361,679.227962456349,0.185,0.1748,0.1627,0.1537,0.1412,0.1274
MDG,MDG.6_1,POTA,0.6606711497935068,0.4339509211379179,0.2564271906089007,0.13886161095110258,0.0512953367461081,0.01486970157299378,6.301733814042704,6.313791899660784,6.373331249822103,6.305081323475394,6.29595779394027,6.309090725089203,0.1048,0.06873,0.04023,0.02202,0.008147,0.002357
MEX,MEX.10_1,POTA,1.2626910871217139,0.8737291595003268,0.5484132399449789,0.2939015930722989,0.08737598804637295,0,8.539963651376747,8.556879708734089,8.25469437610273,8.725744313247713,9.329892815005095,9.093516161525658,0.1479,0.1021,0.06644,0.03368,0.009365,0
MEX,MEX.11_1,POTA,0.06696648812013697,0.04816795781973597,0.03499958671548126,0.02603507196813105,0.018478409749314535,0.012421236974138479,2680.6988184993006,2686.008777279299,2591.152651747417,2739.0154602448697,2928.657974074311,2854.4592255116054,2.498e-5,1.793e-5,1.351e-5,9.505e-6,6.31e-6,4.352e-6
MEX,MEX.12_1,POTA,0.0035843637926996283,0.003611350236802613,0.003445186669050008,0.003218376140727253,0.0036539963701237806,0.0034585890406583254,0.8870244817146167,0.8887815099201913,0.8573942817068866,0.9063210504163027,0.9690724312800388,0.9445205845624907,0.004041,0.004063,0.004018,0.003551,0.003771,0.003662
MEX,MEX.13_1,POTA,0.3084747544271713,0.1965828904869033,0.11014847333498068,0.046356469548052184,0.009405980841818476,1.5041715518693715e-6,4.047282843668408,4.055299747664698,3.912087251418304,4.135328521164297,4.421648225323277,4.309623957618477,0.07622,0.04848,0.02816,0.01121,0.002127,3.49e-7
MEX,MEX.14_1,POTA,5.135283097626227,4.968056657354264,4.735201276749577,5.28852420322445,9.432789257029315,9.320603043320137,16759.587496624852,16792.785078599645,16199.749589319139,17124.18006222733,18309.815047280852,17845.928388289114,3.064e-4,2.958e-4,2.923e-4,3.088e-4,5.152e-4,5.223e-4
MEX,MEX.15_1,POTA,5.644861994818644,5.1800018075170025,4.834000224243874,4.6060219194115435,4.432195984046571,4.074612245074745,6922.826474039452,6936.539287640351,6691.576111424778,7073.427499625499,7563.173757683989,7371.557654694077,8.154e-4,7.468e-4,7.224e-4,6.512e-4,5.86e-4,5.527e-4
MEX,MEX.16_1,POTA,8.096798609878613,5.5902084484065035,3.4015249458246664,1.4969603967542302,0.3429314567192069,0.05093581684924966,123.95083713658514,124.19636036784095,119.81037859097285,126.64729692291958,135.41603594859083,131.98521524789646,0.06532,0.04501,0.02839,0.01182,0.002532,3.859e-4
MEX,MEX.17_1,POTA,0.788951551442085,0.7028972971552571,0.7694095167102722,0.7541262234989521,1.0278083969436922,1.0075655412285511,462.0046694840504,462.91981360027773,446.5718476809179,472.055243091631,504.7391560762847,491.9513829518748,0.001708,0.001518,0.001723,0.001598,0.002036,0.002048
MEX,MEX.19_1,POTA,5.953643168515974,5.139303141791061,4.3594108584913025,3.613668901597156,2.88838504445765,2.178099055896839,9772.647171712002,9792.004942639178,9446.201288568986,9985.243961804827,10676.59703870481,10406.101082470595,6.092e-4,5.248e-4,4.615e-4,3.619e-4,2.705e-4,2.093e-4
MEX,MEX.1_1,POTA,2.0578068501716183e-4,1.7741543570092057e-4,1.4905018638467933e-4,1.2068493706843808e-4,9.231968775219684e-5,6.395443843595558e-5,0.048780422425307016,0.04887704724215023,0.04715095931271118,0.04984160483011244,0.05329251168714461,0.05194232408929125,0.004219,0.00363,0.003161,0.002421,0.001732,0.001231
MEX,MEX.20_1,POTA,3.1341941232577537,2.867209648417981,2.596892859461779,2.332971448153643,2.2577700840644788,2.019387254743189,75.43085145780069,75.58026574828982,72.911156385656,77.07179445022919,82.40805087412713,80.32020917308837,0.04155,0.03794,0.03562,0.03027,0.0274,0.02514
MEX,MEX.21_1,POTA,1.5567107594358018,1.0374529770273835,0.6277618326779272,0.30181157634550987,0.11784778991215054,0.08919810476802219,3989.0187976842462,3996.9202915940327,3855.7694598739668,4075.7969834825008,4357.9948743030855,4247.583290301652,3.902e-4,2.596e-4,1.628e-4,7.405e-5,2.704e-5,2.1e-5
MEX,MEX.23_1,POTA,0.08251986418534776,0.05950422897557555,0.04208432799491582,0.029819264651393666,0.02136962327269343,0.017032914196185394,4.059859442830964,4.889661795166346,2.029929721415482,5.078253238878934,4.783364799619252,4.5559892397625585,0.02033,0.01217,0.02073,0.005872,0.004467,0.003739
MEX,MEX.24_1,POTA,0.2742688570974082,0.24782906666467697,0.22529469811962574,0.22636588736657684,0.2085118436962101,0.19046793989367106,2197.1753060922747,2201.5274959866665,2123.7807774026987,2244.9732475444684,2400.409526135651,2339.594168229763,1.248e-4,1.126e-4,1.061e-4,1.008e-4,8.687e-5,8.141e-5
MEX,MEX.25_1,POTA,2.0542404159081293,1.836366734651994,1.7786043749329437,1.671604311704565,1.484279673876097,1.3991275510792613,51267.081279283106,51368.6316983325,49554.55371839619,52382.359128354794,56009.18139701394,54590.165860044806,4.007e-5,3.575e-5,3.589e-5,3.191e-5,2.65e-5,2.563e-5
MEX,MEX.26_1,POTA,0.6630410954470376,0.4972962898031337,0.375065037542732,0.2747298252703012,0.2204858715755117,0.17734018257352158,6965.485837734151,6979.283151488979,6732.810480088863,7117.014886570147,7609.779025232603,7416.982158712384,9.519e-5,7.125e-5,5.571e-5,3.86e-5,2.897e-5,2.391e-5
MEX,MEX.28_1,POTA,0.028627390092006433,0.02672522654461732,0.025339060805668667,0.02358418964285172,0.02482575617674718,0.024264977062838203,914.9890461599912,915.7683052235399,883.9296039113417,936.352323811631,994.7641955324285,971.8901138942056,3.129e-5,2.918e-5,2.867e-5,2.519e-5,2.496e-5,2.497e-5
MEX,MEX.29_1,POTA,0.26222992708361154,0.17896079019513392,0.26513474740315,0.20220870659444695,0.15338727293789794,0.1313951191994053,268.9469467051511,269.47967988321483,259.96303252170264,274.79769078402126,293.82398896714585,286.37983793549273,9.75e-4,6.641e-4,0.00102,7.358e-4,5.22e-4,4.588e-4
MEX,MEX.2_1,POTA,0.0065654401440546906,0.005530516766831796,0.004582000378654609,0.0036551218435273585,0.002809453360041843,0.0020399099979293415,4145.506106568228,4153.717572323427,4007.0294606548605,4235.688559293799,4528.9569390609095,4414.21396116882,1.584e-6,1.331e-6,1.143e-6,8.629e-7,6.203e-7,4.621e-7
MEX,MEX.30_1,POTA,26.444723569323102,20.922354048136885,17.06824022709668,14.20375729854823,11.366114413463954,9.565119713767993,73926.08450629759,74072.51813725464,71456.65472745335,75534.29239450036,80764.09605860252,78717.90462573622,3.577e-4,2.825e-4,2.389e-4,1.88e-4,1.407e-4,1.215e-4
MEX,MEX.32_1,POTA,6.995663661456791e-4,5.65387248956408e-4,4.586746223761039e-4,3.598976847368118e-4,2.6802937284401047e-4,1.8183082625353812e-4,605.4204244844849,606.6196481631754,585.1969372684787,618.5909029270714,661.420574962813,644.6632139564026,1.156e-6,9.32e-7,7.838e-7,5.818e-7,4.052e-7,2.821e-7
MEX,MEX.3_1,POTA,0.05352154631097227,0.04610381465256437,0.03871898399611336,0.031527884742612394,0.02457569883855972,0.01772921111990779,3133.70082610451,3139.8920916036195,3029.014892966204,3201.8947867553493,3423.4864619555738,3336.787104888558,1.708e-5,1.468e-5,1.278e-5,9.847e-6,7.179e-6,5.313e-6
MEX,MEX.4_1,POTA,0.00555449154944236,0.0050058690192342,0.0045475874682478915,0.004111320888213443,0.003617328167876004,0.00323703429922849,0.370412345415938,0.4461216254756145,0.185206172707969,0.46332828003463183,0.43642332926962285,0.4156781001298547,0.015,0.01122,0.02455,0.008873,0.008289,0.007787
MEX,MEX.5_1,POTA,81.75291040277372,86.15541246617475,88.53954107197835,86.66828174963892,122.46258191662749,119.45158205991429,11889.18640052516,11866.485774530896,11698.092271299349,11815.371430097937,12659.77357243447,12331.527230853917,0.006876,0.00726,0.007569,0.007335,0.009673,0.009687
MEX,MEX.6_1,POTA,1.241127428517104,0.9190614251218593,0.6361576211012844,0.4065480287442061,0.2335211615208091,0.13988558572172302,406.68061982248935,407.4144201034896,393.0614570848781,415.62894832270626,443.9602351808076,432.874057051822,0.003052,0.002256,0.001618,9.782e-4,5.26e-4,3.232e-4
MEX,MEX.7_1,POTA,0.2553224415849975,0.20080062927965311,0.16004812654053677,0.12700531735300452,0.0993622047692799,0.633914502825277,1181.3435668586376,1183.622783589924,1141.852783140926,1207.128657172859,1290.329447655424,1257.775466683883,2.161e-4,1.696e-4,1.402e-4,1.052e-4,7.701e-5,5.04e-4
MEX,MEX.9_1,POTA,1.6956200572403692,1.13243416473045,0.7028569330552992,0.4006047856659702,0.21250021589020965,0.19299731775985224,682.9358348309682,684.2886019181587,660.1230198572795,697.7926043196586,746.1060021574868,727.2031011887566,0.002483,0.001655,0.001065,5.741e-4,2.848e-4,2.654e-4
MKD,MKD.11_1,POTA,0.13653340641818396,0.12588286339184465,0.15292320848627095,0.1585433019075583,0.1629488758221411,0.14527189479027092,41.37111770439244,38.45991505803423,42.11116334074535,39.39374143038012,42.98745437315514,41.893608103969456,0.0033,0.003273,0.003631,0.004025,0.003791,0.003468
MKD,MKD.14_1,POTA,0.01487066135121247,0.010905360221936267,0.009113849830126437,0.0073993671609239925,0.0057913305460082385,0.00462742495105335,669.6286193322081,622.5081953058069,681.606921230037,637.6230120936452,695.7904769743736,678.0855947367171,2.221e-5,1.752e-5,1.337e-5,1.16e-5,8.323e-6,6.824e-6
MKD,MKD.15_1,POTA,0,0,0,0,0,0,1.1481078747865763,1.0673178244121688,1.1686452029987169,1.0932328460810148,1.1929635364337288,1.1626077330340865,0,0,0,0,0,0
MKD,MKD.16_1,POTA,4.358306334658929e-4,3.267554787795801e-4,2.951654328332239e-4,2.6357538688686775e-4,2.3198534094051156e-4,2.0039529499415537e-4,4.239769546789459,3.9414254601550285,4.315610450452314,4.037125282522666,4.405413971350209,4.29331508791902,1.028e-4,8.29e-5,6.839e-5,6.5290000000000007e-05,5.266e-5,4.668e-5
MKD,MKD.18_1,POTA,0,0,0,0,0,0,11.146445211519254,10.362092199132146,11.345832576360879,10.613689087831146,11.581927961839536,11.287217589341951,0,0,0,0,0,0
MKD,MKD.19_1,POTA,0.011892677287945092,0.010553721492663232,0.009214765697381394,0.007875809902099552,0.006544684765589859,0.005221390287852334,9.370161514703561,8.710802026441227,9.537774756154421,8.922304746722864,9.736246273560255,9.488500580834202,0.001269,0.001212,9.661e-4,8.827e-4,6.722e-4,5.503e-4
MKD,MKD.1_1,POTA,0,0,0,0,0,0,22.67999543759519,21.084049608693658,23.085694693197222,21.595981097120962,23.566084823313275,22.966429078650425,0,0,0,0,0,0
MKD,MKD.20_1,POTA,0.00907110670349231,0.00851032707672858,0.00794954744996485,0.00738876782320112,0.00682798819643739,0.00626720856967366,33.49451007384555,31.137568521959498,34.09365912751726,31.893604582170685,34.803113946272475,33.917524024717416,2.708e-4,2.733e-4,2.332e-4,2.317e-4,1.962e-4,1.848e-4
MKD,MKD.21_1,POTA,0.21916051192657887,0.2001519260465493,0.18165256726708295,0.16371769238361122,0.14591278834485066,0.12818259835536996,60.699410582341216,56.42811469949069,61.785200293212036,57.798218132340985,63.07088828322296,61.46600479224068,0.003611,0.003547,0.00294,0.002833,0.002313,0.002085
MKD,MKD.23_1,POTA,0.00164459715373436,9.75188331555808e-4,5.12261834335005e-4,1.4039929286230175e-4,0,0,23.134774831153322,21.5068270876916,23.548609170465465,22.029023829147324,24.03863208611918,23.42695204115822,7.109e-5,4.534e-5,2.175e-5,6.373e-6,0,0
MKD,MKD.24_1,POTA,0,0,0,0,9.016915641575994e-4,8.554509711238763e-4,6.142529586622703,5.529065733199694,5.927075859106282,5.264361737950775,5.723010924044166,5.613633515212278,0,0,0,0,1.576e-4,1.524e-4
MKD,MKD.25_1,POTA,0,0,0,0,0,0,3.4388330384937924,3.196849248894985,3.5003468076519644,3.274470380728678,3.573185510611799,3.4822632706958707,0,0,0,0,0,0
MKD,MKD.26_1,POTA,1.2277840246844087,1.0640849385205267,0.9003858523566448,0.7366867661927627,0.5730272889362812,0.4094074205872,13.599371672105955,12.642411140279656,13.842636931096404,12.949375337028874,14.130688308577291,13.771122921122863,0.09028,0.08417,0.06504,0.05689,0.04055,0.02973
MKD,MKD.27_1,POTA,0.03081583223114734,0.02709517221932884,0.02338836591026712,0.0196815596012054,0.01597475329214368,0.012267946983081961,53.25944225469779,49.5116820335864,54.21214597705804,50.713850950298784,55.34024630957536,53.93207448725532,5.786e-4,5.472e-4,4.314e-4,3.881e-4,2.887e-4,2.275e-4
MKD,MKD.29_1,POTA,0.007351143921123888,0.0054539393767429195,0.00455166834691627,0.00364939731708961,0.0027471262872629703,0.0018448552574363284,22.130695508588317,20.57340281491014,22.526568899237535,21.07293553848658,22.995324182905122,22.41019184760001,3.322e-4,2.651e-4,2.021e-4,1.732e-4,1.195e-4,8.232e-5
MKD,MKD.2_1,POTA,0,0,0,0,0,0,19.72368651104173,18.335770216945853,20.076503378103055,18.780972078676996,20.494275257973072,19.972783886653406,0,0,0,0,0,0
MKD,MKD.30_1,POTA,5.915289179819496e-5,3.09130695161798e-5,1.4874927770519036e-5,6.054665383524298e-6,8.661685996947927e-7,0,5.826502262393574,5.416502974327653,5.930726605697378,5.548018431802916,6.05413907232041,5.900087209190677,1.015e-5,5.707e-6,2.508e-6,1.091e-6,1.431e-7,0
MKD,MKD.32_1,POTA,6.370088976745448e-4,5.998829257175852e-4,6.322862872972911e-4,5.915947084922976e-4,5.509031296873039e-4,5.102115508823103e-4,58.20375151318442,54.10807015780328,59.24489892995165,55.421841724741356,60.47772579888094,58.938827166743,1.094e-5,1.109e-5,1.067e-5,1.067e-5,9.109e-6,8.657e-6
MKD,MKD.33_1,POTA,0.07906208921917336,0.06827111546371291,0.057516410666329586,0.04679797482702337,0.03629238970199157,0.02620798625971349,7.484620847200804,6.957943077142746,7.618505578991332,7.1268854872576135,7.777039031634626,7.579146756920695,0.01056,0.009812,0.00755,0.006566,0.004667,0.003458
MKD,MKD.35_1,POTA,0.0520092148991924,0.04004032628862794,0.034615782258648066,0.029334002663941552,0.02465001563393293,0.02085970991361293,459.26212084132266,426.94476574546565,467.47739147769505,437.3112026236165,477.2051266792031,465.06230373083383,1.132e-4,9.378e-5,7.405e-5,6.708e-5,5.165e-5,4.485e-5
MKD,MKD.36_1,POTA,0.03272096319449243,0.03018937495999149,0.02765778672549056,0.02512619849098962,0.02259461025648869,0.02006302202198776,10.394801231771915,9.663339899967257,10.580743205766778,9.897970726112224,10.80091784954047,10.526080833350953,0.003148,0.003124,0.002614,0.002539,0.002092,0.001906
MKD,MKD.3_1,POTA,0.008153445856095082,0.007068615734924056,0.0060820784812735135,0.005108535706457132,0.004134992931640741,0.0032833993898093,0.8289779151200649,0.770644400480362,0.8438066536883826,0.7893560399570311,0.8613654230278041,0.8394473688391174,0.009836,0.009172,0.007208,0.006472,0.004801,0.003911
MKD,MKD.40_1,POTA,9.78386996789905e-4,8.4867480158696e-4,7.18962606384015e-4,5.892504111810698e-4,4.595382159781249e-4,3.2982602077517983e-4,11.50648387654498,10.696795664806881,11.712311605045004,10.956519324526852,11.956033051190843,11.651803309327532,8.503e-5,7.934e-5,6.139e-5,5.378e-5,3.844e-5,2.8309999999999998e-05
MKD,MKD.41_1,POTA,5.36108164041106e-7,0,0,0,0,0,37.87069005214278,35.20580548491957,38.548120116252115,36.06062041552691,39.350267796210495,38.34897231947201,1.416e-8,0,0,0,0,0
MKD,MKD.43_1,POTA,0.02847747826067703,0.026056438611710104,0.023672028231536826,0.02156339869329665,0.01976905768982392,0.01797471668635119,53.56470061664838,49.79545997633528,54.52286479382003,51.004519166373264,55.657430872973855,54.24118806444688,5.316e-4,5.233e-4,4.342e-4,4.228e-4,3.552e-4,3.314e-4
MKD,MKD.44_1,POTA,0.018412706468117986,0.017142639590637793,0.01587395486966208,0.01460665230519085,0.01333934974071962,0.01207204717624839,18.21650126593344,16.934642577181055,18.542357636742583,17.345824344508426,18.92820548391168,18.446563868866747,0.001011,0.001012,8.561e-4,8.421e-4,7.047e-4,6.544e-4
MKD,MKD.45_1,POTA,0.01418433810749695,0.01332015198278756,0.0123645089220676,0.01153477353680459,0.01068599174969558,0.0097180807016455,8.733801873665536,8.119221738097094,8.890031927964765,8.31636058696138,9.075024567405212,8.844104130022355,0.001624,0.001641,0.001391,0.001387,0.001178,0.001099
MKD,MKD.46_1,POTA,0.00190526591356723,0.00152415789318922,0.00129327035181023,0.00106238281043125,8.314952690522618e-4,6.006077276732732e-4,5.90606903740266,5.490470794828821,6.011716669413936,5.623782228748252,6.136814457954457,5.980658860992423,3.226e-4,2.776e-4,2.151e-4,1.889e-4,1.355e-4,1.004e-4
MKD,MKD.48_1,POTA,0.1133000065465702,0.10276339029538009,0.09476934655547276,0.08678878256436193,0.0790517625012134,0.0715701343813117,119.40397015280348,111.00175205518575,121.53986572386785,113.69693126422247,124.06898831191722,120.91196489739788,9.489e-4,9.258e-4,7.797e-4,7.633e-4,6.372e-4,5.919e-4
MKD,MKD.49_1,POTA,8.761307951395835e-6,2.920435983798612e-6,0,0,0,0,8.688918924844222,8.077497112440229,8.844346113949932,8.273622866092115,9.028388077466142,8.798654338650849,1.008e-6,3.616e-7,0,0,0,0
MKD,MKD.4_1,POTA,0.0011381834110530539,0.001010113223239681,9.200341194021862e-4,8.299550155646913e-4,7.398759117271964e-4,6.497968078897014e-4,56.107079235480946,50.577042205520534,54.270960583057935,48.32268921522242,52.54245288500803,51.52188137383269,2.029e-5,1.997e-5,1.695e-5,1.718e-5,1.408e-5,1.261e-5
MKD,MKD.50_1,POTA,2.5696341534148147e-5,0,0,1.6049808744781165e-5,1.5226741629664184e-5,1.44036745145472e-5,76.65210586591951,71.06286416981115,77.67250587834194,72.35818179783385,78.93580955473078,76.96631286895787,3.352e-7,0,0,2.218e-7,1.929e-7,1.871e-7
MKD,MKD.51_1,POTA,0.0070088275983686745,0.007403809893874423,0.008403389165456415,0.008116889459087645,0.007554160613801157,0.006991431768514678,9.80501309542263,9.11505397285484,9.980404952309307,9.336372136776005,10.188087159726853,9.928844055144111,7.148e-4,8.123e-4,8.42e-4,8.694e-4,7.415e-4,7.042e-4
MKD,MKD.52_1,POTA,0,0,0,0,0,0,3.9968641269193146,4.059211732392472,4.1189719749624425,4.29954167982776,4.356546772930519,4.308415060766825,0,0,0,0,0,0
MKD,MKD.59_1,POTA,2.9598676287664736e-4,2.3786092390502687e-4,1.7973508493340638e-4,1.2160924596178587e-4,8.833967527252217e-5,7.992637286561528e-5,60.49328059127314,56.23648966281565,61.57538305343337,57.60194034194616,62.85670495732657,61.257271513000234,4.893e-6,4.23e-6,2.919e-6,2.111e-6,1.405e-6,1.305e-6
MKD,MKD.5_1,POTA,0,0,0,0,0,0,0.4894490804767585,0.41461541803035185,0.4256938412081943,0.3357631118821789,0.36158018236622946,0.36045869657205754,0,0,0,0,0,0
MKD,MKD.60_1,POTA,0,0,0,0,0,0,0.6579023381571305,0.6116070690378979,0.6696708805972558,0.6264572009146571,0.6836060593189879,0.6662112182314505,0,0,0,0,0,0
MKD,MKD.61_1,POTA,0.1132024535041634,0.09410314691317989,0.08044984459472204,0.06702722244218988,0.053447162017829564,0.040038053441120644,105.39218033687078,97.97594380938665,107.27743332233071,100.35484974421846,109.50976901060508,106.72321525862388,0.001074,9.605e-4,7.499e-4,6.679e-4,4.881e-4,3.752e-4
MKD,MKD.62_1,POTA,4.600271317374243e-4,4.3088808167860847e-4,4.258274702534243e-4,4.284848575719048e-4,3.9641710660356423e-4,3.643493556352238e-4,84.79619346820743,78.82925526292081,86.31302589714666,80.74326982498688,88.10911331372584,85.8671144262629,5.425e-6,5.466e-6,4.934e-6,5.307e-6,4.499e-6,4.243e-6
MKD,MKD.63_1,POTA,0.005106687919340728,0.0028487335103287398,0.0019451373339986673,0.0012425373004863918,7.733136623317718e-4,5.374664195348066e-4,28.314110677992907,26.32170345022538,28.82059286211425,26.960807847876765,29.420320465682213,28.67169954246397,1.804e-4,1.082e-4,6.749e-5,4.609e-5,2.629e-5,1.875e-5
MKD,MKD.64_1,POTA,0,0,0,0,0,0,3.011266788066131,2.799369978679761,3.0651322616152337,2.86734011090964,3.1289145867975097,3.049297135676552,0,0,0,0,0,0
MKD,MKD.65_1,POTA,0.0010978370766365894,0.001028279258430521,9.587214402244528e-4,8.891636220183844e-4,8.237772607585542e-4,7.625623564449624e-4,19.902519188281957,18.36510272926066,20.012748115624863,18.50960913747908,20.18184233183423,19.69568681453524,5.516e-5,5.599e-5,4.791e-5,4.804e-5,4.082e-5,3.872e-5
MKD,MKD.67_1,POTA,0.002058971079637818,0.0019408741595017501,0.0018227772393656818,0.0017046803192296135,0.0015865833990935353,0.0014684864789574668,47.56527538857857,44.21820227889351,48.416121980269864,45.29184280470975,49.42361287222341,48.165993984613266,4.329e-5,4.389e-5,3.765e-5,3.764e-5,3.21e-5,3.049e-5
MKD,MKD.68_1,POTA,0,0,0,0,0,0,0.9063811659690351,0.8426009396809222,0.9225944921726108,0.8630597206649719,0.941792757333319,0.9178281725730157,0,0,0,0,0,0
MKD,MKD.69_1,POTA,0,0,0,0,0,0,9.247946363253147,8.59718691028282,9.413373422784211,8.805930997540806,9.609256273332992,9.364741931241632,0,0,0,0,0,0
MKD,MKD.6_1,POTA,0.00123990540909821,9.643708737430558e-4,6.888363383878971e-4,4.133018030327382e-4,1.377672676775794e-4,0,16.097220147787915,14.964491024342557,16.385166864937347,15.327836506155974,16.726125737816314,16.300517603930945,7.703e-5,6.444e-5,4.204e-5,2.696e-5,8.237e-6,0
MKD,MKD.72_1,POTA,0.04996050485458252,0.04588556260974028,0.04181062036489803,0.03773567812005578,0.03366073587521354,0.02958579363037129,37.72943737910431,35.074492479416634,38.404340718529724,35.92611906321182,39.20349649356612,38.20593571673398,0.001324,0.001308,0.001089,0.00105,8.586e-4,7.744e-4
MKD,MKD.73_1,POTA,0,0,0,0,0,0,29.71118998160208,27.620473082945303,30.24266308933497,28.29111227033311,30.87198254667072,30.08642305208177,0,0,0,0,0,0
MKD,MKD.75_1,POTA,5.969541071982561e-4,5.236226954394895e-4,4.5029128368072286e-4,3.769598719219563e-4,3.036284601631897e-4,2.302970484044231e-4,21.259843003829552,19.76383045574851,21.6401386041793,20.243706349137813,22.09044816332176,21.52834104019844,2.808e-5,2.649e-5,2.081e-5,1.862e-5,1.374e-5,1.07e-5
MKD,MKD.76_1,POTA,0.00220063984070974,0.00162309004383898,0.00120019067624084,9.643315938888992e-4,7.918655544835536e-4,6.552302108679606e-4,39.506488179354726,36.72649577601083,40.21317936410014,37.61823384323583,41.04997525540129,40.005429516695585,5.57e-5,4.419e-5,2.985e-5,2.563e-5,1.929e-5,1.638e-5
MKD,MKD.77_1,POTA,0.030155834305371422,0.025708620656992056,0.02031802340548504,0.015197699291578024,0.010303401824831707,0.00558084385686421,48.02083043247199,44.64170082726703,48.8798259826894,45.72562411404425,49.89696608940638,48.62730239341731,6.28e-4,5.759e-4,4.157e-4,3.324e-4,2.065e-4,1.148e-4
MKD,MKD.79_1,POTA,0.04509809246471435,0.03701465202874596,0.03178190964076019,0.02639345412972258,0.02137057839425819,0.017480011189695145,311.7096712478858,289.7752863391612,317.2855269369746,296.81117822891883,323.8879202196904,315.64636234349615,1.447e-4,1.277e-4,1.002e-4,8.892e-5,6.598e-5,5.538e-5
MKD,MKD.7_1,POTA,0,0,0,0,0,0,85.66244634424633,79.63455166001806,87.19477428542845,81.56811922972938,89.00921000075304,86.74430751461539,0,0,0,0,0,0
MKD,MKD.85_1,POTA,0.002126580077723839,0.0017563511101066807,0.0014671134736636525,0.0011842614334189852,9.134460640644493e-4,7.378937490313696e-4,56.58914266015681,52.60707809413469,57.60140798955483,53.88440480747335,58.8000354619663,57.30382685050167,3.758e-5,3.339e-5,2.547e-5,2.198e-5,1.553e-5,1.288e-5
MKD,MKD.8_1,POTA,4.931501918193876e-5,0,0,0,0,0,39.565708000932375,36.78154841741883,40.27345850853334,37.67462319088294,41.11150874831404,40.065397246233076,1.246e-6,0,0,0,0,0
MLI,MLI.1_1,POTA,0,0,0,1.5315460569228378e-7,1.4530052334908973e-7,1.374464410058957e-7,0.6292662968419899,0.6074874610094745,0.7948301285900945,0.6340978756051515,0.6525683504706187,0.6840126796743048,0,0,0,2.415e-7,2.227e-7,2.009e-7
MLI,MLI.3_1,POTA,0.5965863805999194,0.5504282705282173,0.5043630838270846,0.4497492799000057,0.3882770156806187,0.32412480002609695,594.7123410284853,580.6364572324571,759.6757529713911,619.8758605644708,640.0553372406363,665.1194516132664,0.001003,9.48e-4,6.639e-4,7.255e-4,6.066e-4,4.873e-4
MLI,MLI.5_1,POTA,0.46851083430191387,0.4019227608597051,0.33571489555238837,0.2702734736834174,0.20569168303519544,0.14228183859274884,716.8701254614219,704.0192589168843,921.134834158159,760.2468779616826,786.3003651284167,813.5734935978121,6.536e-4,5.709e-4,3.645e-4,3.555e-4,2.616e-4,1.749e-4
MLI,MLI.6_1,POTA,0.0011919216521539871,9.609605578122603e-4,7.509707932561692e-4,5.572041642229547e-4,3.9693852234876667e-4,2.7191454470892895e-4,6.9339763711846025,6.697548475427909,8.739746157833702,6.988082215427015,7.18959891161458,7.532168740193653,1.719e-4,1.435e-4,8.593e-5,7.974e-5,5.521e-5,3.61e-5
MLI,MLI.7_1,POTA,5.281739238319456e-4,4.51311176585821e-4,3.782246308596977e-4,3.160563484277949e-4,2.5687758013899953e-4,2.030276336733323e-4,134.47736362462047,129.830432903772,169.8209177116251,135.51167768435417,139.45477153293328,146.1665188136197,3.928e-6,3.476e-6,2.227e-6,2.332e-6,1.842e-6,1.389e-6
MLI,MLI.8_1,POTA,1.4936338430202918,1.3751652029284782,1.2491144089144548,1.138430465710501,1.0095510932715603,0.8785556421181558,4822.609130957537,4739.384457823597,5992.002396910364,5031.223270853596,5176.372975657608,5345.159640546933,3.097e-4,2.902e-4,2.085e-4,2.263e-4,1.95e-4,1.644e-4
MLT,MLT.3_1,POTA,1.5240729886282329e-5,1.289600221146966e-5,1.0551274536656994e-5,8.206546861844329e-6,5.861819187031664e-6,3.517091512218998e-6,2.9555503734719832,2.6337319973867985,2.6337319973867985,2.7040141714743675,2.5560516997110643,2.617759448559951,5.157e-6,4.896e-6,4.006e-6,3.035e-6,2.293e-6,1.344e-6
MMR,MMR.10_1,POTA,0.00100921073232064,9.571945065898728e-4,9.824389623038358e-4,9.65917254764487e-4,8.893174901405958e-4,7.98477527882964e-4,339.42825225359206,320.36406445531225,318.41566110002043,313.43969852435316,306.08170951692796,312.18795490286266,2.973e-6,2.988e-6,3.085e-6,3.082e-6,2.905e-6,2.558e-6
MMR,MMR.11_1,POTA,1.964131901792842,1.8993061761354189,1.8021188638257788,1.734353210046046,1.6319045619139936,1.4889585618089989,94.33055700496647,89.13158483472819,88.62788593527738,87.29668977258963,85.29745853547304,86.95303999845494,0.02082,0.02131,0.02033,0.01987,0.01913,0.01712
MMR,MMR.12_1,POTA,17.647696500818725,14.704748084867798,11.940572097586802,9.321360150725841,6.904347394352553,4.783534165052537,77.81343839570397,80.33867138999972,81.71931193118876,84.42079060542467,81.06175208772868,82.11185283230559,0.2268,0.183,0.1461,0.1104,0.08517,0.05826
MMR,MMR.13_1,POTA,284.95906816888123,273.8988484694331,258.9626175917341,243.62870284027585,225.21282975360364,206.31015132116883,36969.08437177875,35064.66958496368,34813.92416736505,34335.23964407035,33619.87510396927,34226.66956521231,0.007708,0.007811,0.007438,0.007096,0.006699,0.006028
MMR,MMR.15_1,POTA,3.1646352185958384,3.2536948170340736,3.2027419725986728,3.153028474093969,3.0183542943719837,2.7803783118297245,8558.81630970162,8078.105348325232,8028.975594674996,7903.504749610315,7717.97017520398,7871.9415439783525,3.698e-4,4.028e-4,3.989e-4,3.989e-4,3.911e-4,3.532e-4
MMR,MMR.1_1,POTA,0.006933903697875621,0.006598869909558755,0.0061758045020545976,0.00576593921655058,0.008858417046952009,0.00812963296420717,12.25363736938499,11.565404605992493,11.495065652159028,11.315429335614867,11.049799917714944,11.270240367650805,5.659e-4,5.706e-4,5.373e-4,5.096e-4,8.017e-4,7.213e-4
MMR,MMR.2_1,POTA,0.47321555393196957,0.3564537696111602,0.2640575854420102,0.18045220671855552,0.12977082582118885,0.1166482518925368,1481.7669025292905,1398.5425913072866,1390.036877403155,1368.314417343055,1336.1932709505875,1362.849956867352,3.194e-4,2.549e-4,1.9e-4,1.319e-4,9.712e-5,8.559e-5
MMR,MMR.3_1,POTA,73.6551859249501,69.87745475515273,66.43095984461915,63.909623389993484,60.86704350951709,57.29515103608241,403.074170209105,393.1043002768675,394.9308736856616,395.83753611231685,388.7698631573064,392.90260029805364,0.1827,0.1778,0.1682,0.1615,0.1566,0.1458
MMR,MMR.4_1,POTA,29.753280953998186,26.010177984565747,22.204032803804253,18.78299532415306,15.343439262112266,11.981816456529689,1573.4375680896374,1492.478432927723,1481.7844296071535,1461.446235263175,1431.0472494121907,1456.8409067755142,0.01891,0.01743,0.01498,0.01285,0.01072,0.008225
MMR,MMR.5_1,POTA,0.4602913764682792,0.40220143587131574,0.34845608193466543,0.31800173357040246,0.28916975007506335,0.2650951920869982,120.62282176440952,113.84796990217535,113.15556463216572,111.38725382454724,108.7724408539285,110.94242094234808,0.003816,0.003533,0.003079,0.002855,0.002658,0.002389
MMR,MMR.6_1,POTA,13.869450105327381,14.702981479244057,14.954757411285602,14.673787408811295,13.745318944880061,12.540736385038432,55802.56755247557,52669.671844418415,52281.7662324415,51557.03952261299,50361.82920135173,51335.128053948094,2.485e-4,2.792e-4,2.86e-4,2.846e-4,2.729e-4,2.443e-4
MMR,MMR.7_1,POTA,7.559905912394126,6.4381495429955775,5.399117584019917,4.374414296035097,3.424912691399618,2.5674989691505816,6751.933652488856,6372.707320272985,6333.949526554068,6234.967285255334,6088.601585688403,6210.067502087268,0.00112,0.00101,8.524e-4,7.016e-4,5.625e-4,4.134e-4
MMR,MMR.8_1,POTA,171.84887441023562,149.18818847249565,126.54175399206797,103.90736213407543,81.2906984513847,58.710114111101674,5369.471126246598,5067.8916164427765,5037.069504585377,4958.353937457609,4841.956703991337,4938.552400053365,0.032,0.02944,0.02512,0.02096,0.01679,0.01189
MMR,MMR.9_1,POTA,0.017750021225728257,0.017518770208817477,0.018312476054476567,0.018136489902439962,0.01740429779845237,0.01602541399807309,11.73739161874771,11.078154102141154,11.010778528480133,10.838710290073145,10.584271839728514,10.795425133359888,0.001512,0.001581,0.001663,0.001673,0.001644,0.001484
MNE,MNE.16_1,POTA,0.4636752492887495,0.39665684234692267,0.32963843540509585,0.262620028463269,0.19560162152144217,0.1285832145796153,10.851096412628536,10.146474978909648,12.28667510469302,12.041549352398238,12.22074345982335,12.168233570238673,0.04273,0.03909,0.02683,0.02181,0.01601,0.01057
MNE,MNE.20_1,POTA,0.051818367226521694,0.04769437872246782,0.04365185763945413,0.03954501211033128,0.03541575241589613,0.031286492721461,227.34905200131087,213.40064031048942,256.39770412357603,251.9473762735856,255.67902597259103,254.50599257563704,2.279e-4,2.235e-4,1.703e-4,1.57e-4,1.385e-4,1.229e-4
MNG,MNG.14_1,POTA,0.06878991090990742,0.06280817952643722,0.05682644814296699,0.05084471675949679,0.04486298537602658,0.03888125399255637,4.463947944740144,3.3377639032884323,3.911007016964001,3.2779971745002787,4.594501393222424,4.1246917079842635,0.01541,0.01882,0.01453,0.01551,0.009764,0.009426
MNG,MNG.18_1,POTA,5.264569402531034e-4,2.8909425808119947e-4,1.5152471622062295e-4,8.075647533609245e-5,2.7285595896999802e-5,3.6653124213391655e-6,8.213669074099359,7.664135466520425,7.912188837161648,8.060306542797257,7.728004614098468,7.8276835646981935,6.41e-5,3.772e-5,1.915e-5,1.002e-5,3.531e-6,4.682e-7
MNG,MNG.19_1,POTA,0,0,0,0,0,0,0.014406538817518761,0.01077199506618281,0.012622027654213617,0.010579109371962922,0.014827875120406668,0.013311654153895416,0,0,0,0,0,0
MNG,MNG.1_1,POTA,0,0,0,0,0,0,0.03311974388559049,0.024764152045665667,0.02901726282207694,0.024320719735332487,0.03408837005028592,0.030602671596209642,0,0,0,0,0,0
MNG,MNG.20_1,POTA,0.005190703637325825,0.0037400681672091914,0.002451935067841798,0.0015643089305851059,0.0010640668955160292,7.132043712730868e-4,458.4697854346113,342.80505048790803,401.67998598942535,336.6667084501341,471.87827770521363,423.62647274408295,1.132e-5,1.091e-5,6.104e-6,4.646e-6,2.255e-6,1.684e-6
MNG,MNG.22_1,POTA,2.343886273287324e-4,2.1400700756101656e-4,1.9362538779330068e-4,1.7324376802558482e-4,1.5286214825786898e-4,1.324805284901531e-4,0.38126893537497114,0.2850807638649264,0.3340418616124139,0.27997604549948185,0.3924195972842393,0.3522928214488122,6.148e-4,7.507e-4,5.796e-4,6.188e-4,3.895e-4,3.761e-4
MNG,MNG.2_1,POTA,0,0,0,0,0,0,0.014411870200864306,0.010775981425142557,0.012626698649021951,0.01058302435030927,0.014833362426377112,0.013316580356653531,0,0,0,0,0,0
MNG,MNG.4_1,POTA,0,0,0,0,0,0,0.5626029306683564,0.4206670366937797,0.492914352238608,0.4131344809406832,0.5790569201938249,0.5198455877492318,0,0,0,0,0,0
MNG,MNG.6_1,POTA,0.5904772662174359,0.3861316791364696,0.19592836565938576,0.05744815233730542,0.006094377150394855,0.00373604376339072,27.675742018400328,28.020479814674175,27.47609960020346,27.744690609537766,28.28000818087265,28.049721436451126,0.02134,0.01378,0.007131,0.002071,2.155e-4,1.332e-4
MNG,MNG.9_1,POTA,0,0,0,0,0,0,0.037468286069456055,0.028015625251202443,0.03282715917508028,0.027513971352144607,0.03856409050437377,0.03462072828272286,0,0,0,0,0,0
MOZ,MOZ.10_1,POTA,203.62888055912066,192.43137543318207,177.8508319899848,163.6940842586379,144.96763534115888,124.25514731562745,156430.81997371896,159723.64326697157,164993.85254541633,175081.54994737174,183530.37577838814,177939.6293153467,0.001302,0.001205,0.001078,9.35e-4,7.899e-4,6.983e-4
MOZ,MOZ.11_1,POTA,14.477201697725226,12.404339663566356,10.399209151133407,8.843924857159434,7.383433285734585,6.39695196527716,4301.006885363862,4396.5729369336395,4540.092568020816,4816.660473114093,5040.337916511549,4890.4138522091935,0.003366,0.002821,0.002291,0.001836,0.001465,0.001308
MOZ,MOZ.1_1,POTA,6.125349428959741,5.982544811893455,5.9881296532179356,5.910558088748117,5.653978407593547,5.183604409790182,66.25602091042519,67.58119766519462,69.83466010289375,74.11764714854569,77.82346612734189,75.3997920662876,0.09245,0.08852,0.08575,0.07975,0.07265,0.06875
MOZ,MOZ.2_1,POTA,0.7304874692234274,0.5705418517495573,0.4312559151526995,0.31341918215435444,0.2119511987232047,0.14906260879430136,802.7575168203716,818.8133497301836,846.1162859143682,898.0089289994341,942.9086075543255,913.5433884527395,9.1e-4,6.968e-4,5.097e-4,3.49e-4,2.248e-4,1.632e-4
MOZ,MOZ.3_1,POTA,4.035021036795219,2.5196332954147254,1.3530359819342137,0.5752976799976255,0.14456146866037695,0.02840748774368071,26.98488447608254,27.524605110471207,28.44239979111938,30.18678330602632,31.69609665835224,30.70897784791765,0.1495,0.09154,0.04757,0.01906,0.004561,9.251e-4
MOZ,MOZ.4_1,POTA,5.191325668707369,3.951692303049099,2.8908015081084306,1.9133062575396187,1.155855243006356,0.7512117631053483,493.87950116771947,502.5232285861984,519.8444704282728,551.9804388679893,579.9250756648471,561.6565039238236,0.01051,0.007864,0.005561,0.003466,0.001993,0.001337
MOZ,MOZ.5_1,POTA,0.0018365724500545677,0.001152794425319897,6.521785572778304e-4,3.7348401216859e-4,1.7915262134447836e-4,7.62284004649212e-5,1.0850337111504698,1.106735307962354,1.1436388629618384,1.2137786821827339,1.274466578379386,1.234775573321292,0.001693,0.001042,5.703e-4,3.077e-4,1.406e-4,6.173e-5
MOZ,MOZ.6_1,POTA,0.9770900027272341,0.8289905274069126,0.6846004269121984,0.5460013939884756,0.413178214438203,0.2868449488814905,396.3916362565906,404.24935012812813,417.6456865356165,443.1088970520367,465.3100188598328,450.81677243010637,0.002465,0.002051,0.001639,0.001232,8.88e-4,6.363e-4
MOZ,MOZ.7_1,POTA,2.4869952431304823,2.1228008746696916,1.803252125463329,1.5250706979163604,1.2966296329981932,1.1008110756561975,1743.1228378359613,1777.9867767454664,1837.272888186861,1949.9535537451625,2047.449564010536,1983.685372481346,0.001427,0.001194,9.815e-4,7.821e-4,6.333e-4,5.549e-4
MOZ,MOZ.8_1,POTA,22.48447678229814,19.59745401739446,16.65466046629971,13.808312710830078,11.077560241314357,8.442970389195311,10368.8615592273,10843.031437963333,11118.420839081056,11747.819539323495,11855.67736496595,11683.511704719263,0.002168,0.001807,0.001498,0.001175,9.344e-4,7.226e-4
MOZ,MOZ.9_1,POTA,2.78935224709263,2.255339617413888,1.759673962951467,1.3117336194851732,0.9000373801124827,0.5882010160931685,92.43222565536584,94.28094876229213,97.42470152143983,103.39979660929495,108.56969802171332,105.1884870065016,0.03018,0.02392,0.01806,0.01269,0.00829,0.005592
MRT,MRT.6_1,POTA,7.69506955759486e-7,5.496478255424901e-7,3.297886953254941e-7,1.0992956510849801e-7,0,0,0.10278168751744862,0.1020759154582302,0.10229636242103693,0.10238479753983729,0.1022523584730348,0.10226850450416919,7.487e-6,5.385e-6,3.224e-6,1.074e-6,0,0
MRT,MRT.8_1,POTA,0,0,0,0,0,0,0.0071592814783120245,0.007110120767357412,0.007125476049955826,0.007131636017974958,0.0071224109450960665,0.007123535600513199,0,0,0,0,0,0
MTQ,MTQ.1_1,POTA,0,0,0,0,0,0,0.08942275227814891,0.09109561896597272,0.08177200230257067,0.08723649066946784,0.09363208382274102,0.09078324091224016,0,0,0,0,0,0
MTQ,MTQ.2_1,POTA,0,0,0,0,0,0,0.2071935929666807,0.21106964521036883,0.18946671321912958,0.20212799851417765,0.2169466648023498,0.21034586150132498,0,0,0,0,0,0
MTQ,MTQ.3_1,POTA,0,0,0,0,0,0,0.2246132961712197,0.22881522567164903,0.20539603740410808,0.21912181426412072,0.23518635290254733,0.22803059019004168,0,0,0,0,0,0
MTQ,MTQ.4_1,POTA,0,0,0,0,0,0,0.12104064235397081,0.12330499737893053,0.11068475788451121,0.11808136741860019,0.12673829961745411,0.12288216941493023,0,0,0,0,0,0
MUS,MUS.12_1,POTA,4.682288492919736,4.0057337917062545,3.333606275671665,2.6637565979867817,1.9979156389654833,1.3378356172265011,3880.676640373321,3530.125100565077,4516.9468260049925,3765.8860503487504,3737.3387954688887,3929.254830425709,0.001207,0.001135,7.38e-4,7.073e-4,5.346e-4,3.405e-4
MUS,MUS.2_1,POTA,0.5726854461492277,0.5216281557130467,0.47057503778122284,0.41952363781619173,0.3684758743497265,0.3968280698254339,608.7542686285893,553.763923900443,708.5647469031006,590.7472899102775,586.2691370322599,616.3746357184372,9.407e-4,9.42e-4,6.641e-4,7.102e-4,6.285e-4,6.438e-4
MUS,MUS.3_1,POTA,0.35976372545516966,0.3220875967627393,0.28452583688662486,0.24714480953639753,0.21009580203578412,0.17331530031060582,409.81795027404416,372.79803678395643,477.01111462668456,397.6955168238579,394.6807906394856,414.9480386890833,8.779e-4,8.64e-4,5.965e-4,6.214e-4,5.323e-4,4.177e-4
MUS,MUS.4_1,POTA,4.148968227008561,3.800675561304075,3.4528009823784687,3.105158783893259,2.7579090652016025,2.4110370116764477,2035.697552665322,1851.8077370990213,2369.4676087037196,1975.4815272560138,1960.5064127902401,2061.1803516117047,0.002038,0.002052,0.001457,0.001572,0.001407,0.00117
MUS,MUS.5_1,POTA,0.6791883232206491,0.6038031481663717,0.5290361253995323,0.4547771272971521,0.3810542415188622,0.3080789569735466,875.2878426999783,796.2208321065897,1018.7987841584466,849.3967888410825,842.9579464807471,886.2446688191301,7.76e-4,7.583e-4,5.193e-4,5.354e-4,4.52e-4,3.476e-4
MUS,MUS.6_1,POTA,0.10871159152204055,0.09813991516226929,0.08767217657650783,0.0774163201306631,0.0674603425724589,0.05926291735428119,383.48008527483137,348.8393391275418,446.35493099256007,372.1367270590497,369.3157489796604,388.2804771111361,2.835e-4,2.813e-4,1.964e-4,2.08e-4,1.827e-4,1.526e-4
MUS,MUS.7_1,POTA,0.3657309645028089,0.31969910488252934,0.2748498512617774,0.2308345276753029,0.18748368312572702,0.144894757676967,488.5574278895165,444.4247741018643,568.6606042533916,474.1058771406426,470.5119231192455,494.67317464785486,7.486e-4,7.194e-4,4.833e-4,4.869e-4,3.985e-4,2.929e-4
MUS,MUS.8_1,POTA,0.013099524019879887,0.011108045998343937,0.0091964915806254,0.007340313532032938,0.005567389603943499,0.003885528492670559,24.740811617328816,22.505910229686798,28.797279666396072,24.00897729398083,23.82697752419157,25.050516331267907,5.295e-4,4.936e-4,3.194e-4,3.057e-4,2.337e-4,1.551e-4
MUS,MUS.9_1,POTA,0.3851682239676102,0.33775942496831324,0.29038754775001446,0.2430658273870087,0.19582712699596452,0.14871062524746154,444.8071963116496,404.62661389398227,517.7371473472738,431.64977938580193,428.3776633137235,450.3752790254462,8.659e-4,8.347e-4,5.609e-4,5.631e-4,4.571e-4,3.302e-4
MWI,MWI.11_1,POTA,13.305591905477195,14.64389763550659,14.900145639746727,14.246268094632805,13.221572837977886,12.16327213923821,22752.431366365818,24417.218450921006,24840.68188379522,26126.1190164297,25258.026979947226,25364.96286643907,5.848e-4,5.997e-4,5.998e-4,5.453e-4,5.235e-4,4.795e-4
MWI,MWI.12_1,POTA,7.349468727104987,7.2289943823310585,7.110276993619682,6.789727797738792,6.305562688332051,5.876249751956104,61380.03104973132,66096.29408451922,67173.48643487303,70606.76503784598,67866.53843004507,68329.79814464043,1.197e-4,1.094e-4,1.058e-4,9.616e-5,9.291e-5,8.6e-5
MWI,MWI.13_1,POTA,3.0766276763081413,2.6542475275443453,2.1839455734519353,1.7470918285507073,1.334489532394109,0.9711384132150336,15743.430449514723,16952.94989642021,17229.286453687902,18109.9162974046,17407.3556611455,17526.053458329905,1.954e-4,1.566e-4,1.268e-4,9.647e-5,7.666e-5,5.541e-5
MWI,MWI.14_1,POTA,0.3165012579020799,0.2623103899963238,0.21114036560198404,0.16366770226575464,0.12112610928349048,0.08403967214548437,1172.9166720823466,1241.0394413224044,1265.9585890975986,1335.4485819541976,1314.277821974209,1309.1868112508982,2.698e-4,2.114e-4,1.668e-4,1.226e-4,9.216e-5,6.419e-5
MWI,MWI.15_1,POTA,0.586914128762798,0.45366615465114146,0.33018978349263856,0.265684265806991,0.21390601002318194,0.18706825134263877,945.4264980533675,1017.6341355991127,1034.3522869080916,1087.301341457072,1045.8659394319175,1052.6627975168012,6.208e-4,4.458e-4,3.192e-4,2.444e-4,2.045e-4,1.777e-4
MWI,MWI.16_1,POTA,0.22697223265456873,0.18582098051384924,0.14763749510469132,0.11197827313568873,0.0816612987597031,0.057881500198214905,594.1087662412053,626.1102963060201,640.4896251562182,675.8120660841403,673.4400302728607,667.3276112811818,3.82e-4,2.968e-4,2.305e-4,1.657e-4,1.213e-4,8.674e-5
MWI,MWI.17_1,POTA,20.097856745706196,17.094930205240605,14.066691958105272,11.142856502318075,8.407954691652163,5.924936935167417,12129.806201835412,13059.625447985823,13271.432889005826,13950.676084336517,13406.583025475647,13499.045849769605,0.001657,0.001309,0.00106,7.987e-4,6.272e-4,4.389e-4
MWI,MWI.18_1,POTA,1.4911517462381887,1.3983266858507732,1.3206612973779157,1.249055958204881,1.1652836918834264,1.062398025053645,8982.02680901268,9672.14499868691,9829.785617523572,10332.198625908195,9931.269725762913,9999.033804167999,1.66e-4,1.446e-4,1.344e-4,1.209e-4,1.173e-4,1.063e-4
MWI,MWI.19_1,POTA,12.37999139738278,12.565014530596741,12.36433111845368,12.169220770252446,11.57392834462921,10.628612331054772,2888.7147390600053,3110.675112320083,3161.365698870294,3322.9459612312444,3193.9778844192842,3215.782283406054,0.004286,0.004039,0.003911,0.003662,0.003624,0.003305
MWI,MWI.1_1,POTA,0.4107292799114689,0.3335781630437987,0.25863134320990494,0.18596636250307802,0.11915930328172479,0.08288507171084963,17806.802905689434,19175.047190567242,19487.54250887157,20483.55886121744,19688.560991620234,19822.97265078865,2.307e-5,1.74e-5,1.327e-5,9.079e-6,6.052e-6,4.181e-6
MWI,MWI.20_1,POTA,21.94124246320628,21.991635127899343,21.40681571123751,20.724189587053264,19.51887626383355,17.846559071294745,41883.04112957116,45101.262388173855,45836.27665989114,48178.98770532529,46309.088395122744,46625.2354923339,5.239e-4,4.876e-4,4.67e-4,4.301e-4,4.215e-4,3.828e-4
MWI,MWI.21_1,POTA,0.7180333156319572,0.5246276341456182,0.35788135437743107,0.21987808590631122,0.09995828772814105,0.03602150622903142,44.986110999119276,47.051041493919584,48.243607371260104,50.97312156978166,51.427431920252765,50.686462084358716,0.01596,0.01115,0.007418,0.004314,0.001944,7.107e-4
MWI,MWI.22_1,POTA,1.914868824719533,1.6378283403226848,1.3694146738519812,1.1070036009794775,0.8493406697526575,0.6053653491569128,2769.3080320560503,2896.0389808332206,2969.563714876104,3137.649274091069,3166.2966011344283,3120.384598516206,6.915e-4,5.655e-4,4.612e-4,3.528e-4,2.682e-4,1.94e-4
MWI,MWI.23_1,POTA,0.6793367409150437,0.6034544157959545,0.5343456493776183,0.4637067337769495,0.3969109931002834,0.3413756965555088,2288.333498007754,2464.165130846414,2504.3235752698033,2632.3205883051032,2530.1562488962118,2547.4293497345225,2.969e-4,2.449e-4,2.134e-4,1.762e-4,1.569e-4,1.34e-4
MWI,MWI.24_1,POTA,0.31446478854010207,0.24785989739550413,0.19393052903756364,0.15844079218414106,0.11414651387796704,0.09409822112946654,379.33944318293453,408.4357644337926,415.1077803208326,436.333865824412,419.48906076832856,422.3124771011392,8.29e-4,6.069e-4,4.672e-4,3.631e-4,2.721e-4,2.228e-4
MWI,MWI.25_1,POTA,1.9699888049341603,1.8551012049914075,1.6806925070239536,1.5410309242860971,1.3925101434481908,1.2401725992591748,12268.623584232806,13211.323640573646,13426.628288601498,14112.868810012995,13565.127047271364,13657.73469056384,1.606e-4,1.404e-4,1.252e-4,1.092e-4,1.027e-4,9.08e-5
MWI,MWI.26_1,POTA,1.0549784336470944,0.9044923425062263,0.7577971236944063,0.6114739345961343,0.46650206298342434,0.327404960099288,4680.288590089155,5039.913961857731,5122.049327788507,5383.839386010422,5174.884444580023,5210.212816445132,2.254e-4,1.795e-4,1.479e-4,1.136e-4,9.015e-5,6.284e-5
MWI,MWI.27_1,POTA,0.8637674943793964,0.7322320392213657,0.6681550009298656,0.5822207054408467,0.507181121263024,0.44946235941753265,3920.003425941207,4221.209785816836,4290.00274796908,4509.266561589536,4334.255112934634,4363.844600009728,2.203e-4,1.735e-4,1.557e-4,1.291e-4,1.17e-4,1.03e-4
MWI,MWI.28_1,POTA,1.0020602026514729,0.787998979664119,0.5853778169372577,0.39913628772178245,0.23174990221993796,0.11634058710798738,1218.175626532672,1311.7697650433165,1333.1502156347576,1401.2896649404975,1346.9181670719502,1356.1068443258741,8.226e-4,6.007e-4,4.391e-4,2.848e-4,1.721e-4,8.579e-5
MWI,MWI.2_1,POTA,0.5387048059825141,0.3871670884604574,0.2542048804977639,0.15222406778965764,0.07786871498709999,0.04070141682371153,791.241707168766,852.0393668904178,865.9250335340554,910.1828199077313,874.8572494014927,880.829804454024,6.808e-4,4.544e-4,2.936e-4,1.672e-4,8.901e-5,4.621e-5
MWI,MWI.3_1,POTA,0.5186416893102487,0.43629004184177284,0.357125176905961,0.2817057594300574,0.2124816128801949,0.15205084143441655,174.82447861429543,184.7634833615712,188.84356714654507,199.15767173521095,197.53573421752924,196.14245237982377,0.002967,0.002361,0.001891,0.001414,0.001076,7.752e-4
MWI,MWI.4_1,POTA,0.5247267322049641,0.3914325620185786,0.26809678326710645,0.1586618974002863,0.05867206486944171,0.00928976396965547,158.48196338474241,170.65944644028323,173.4406796496195,182.30530447413804,175.22976014831207,176.42603461485345,0.003311,0.002294,0.001546,8.703e-4,3.348e-4,5.266e-5
MWI,MWI.5_1,POTA,4.977418800203264,4.680853664054836,4.2938602601211295,3.8289761596165337,3.3418948055056292,2.828647654234925,7506.617468285562,8071.778745721835,8190.076405014381,8613.802728505885,8281.06075383277,8335.814342191614,6.631e-4,5.799e-4,5.243e-4,4.445e-4,4.036e-4,3.393e-4
MWI,MWI.6_1,POTA,3.2331209018840297,4.042573010629007,4.157346165046024,3.8381239001681258,3.5189996293944263,3.199873539298756,80704.595310861,86843.68055725282,88277.9740528941,92801.67053414788,89308.47583350803,89869.43241495242,4.006e-5,4.655e-5,4.709e-5,4.136e-5,3.94e-5,3.561e-5
MWI,MWI.7_1,POTA,0.6087460679536704,0.49110148023466754,0.38940339464711266,0.29312155331708684,0.20397239575289616,0.13696078575799242,1600.0822585923418,1723.0298431334077,1751.110022229014,1840.609979245289,1769.173124830802,1781.251076854106,3.804e-4,2.85e-4,2.224e-4,1.593e-4,1.153e-4,7.689e-5
MWI,MWI.8_1,POTA,9.525047441734825,9.850077830600144,9.504805573667014,9.42333557309066,8.848328632924673,8.079298842468349,29429.932486988768,31691.27817284439,32207.75022955806,33853.901656106966,32539.98058035505,32762.127479814855,3.237e-4,3.108e-4,2.951e-4,2.784e-4,2.719e-4,2.466e-4
MWI,MWI.9_1,POTA,0.9692723899787851,0.7645283119023787,0.5928961185296372,0.43957881949306443,0.33203856399611636,0.25584265325589567,7282.796361927039,7840.835370268228,7967.895826252415,8375.796242428309,8048.856304909665,8104.464885363807,1.331e-4,9.751e-5,7.441e-5,5.248e-5,4.125e-5,3.157e-5
MYS,MYS.13_1,POTA,0.002315277179233079,0.0022670328090361276,0.002114162607228492,0.0019492416922935402,0.0017966798399765586,0.0021578901469485137,3.474643077654096,3.6867247161280354,4.0738918655960035,3.3818581328034805,3.441275155966322,3.480487335777199,6.663e-4,6.149e-4,5.19e-4,5.764e-4,5.221e-4,6.2e-4
MYS,MYS.14_1,POTA,0.0802962545432403,0.07880271370220318,0.07483295460666636,0.07030659524390541,0.06575865275257367,0.060146620953685226,11.178517196839591,11.860819865007585,13.106402372808951,10.880012263112501,11.071166922847874,11.197319168285814,0.007183,0.006644,0.00571,0.006462,0.00594,0.005372
NAM,NAM.10_1,POTA,6.893438885924696e-4,6.481040110072619e-4,6.068641334220543e-4,5.656242558368465e-4,5.243843782516387e-4,4.831445006664311e-4,1.5323741340361006,1.497441886128845,1.4975770105744795,1.5091306664183692,1.5013831877072312,1.5024907806111838,4.499e-4,4.328e-4,4.052e-4,3.748e-4,3.493e-4,3.216e-4
NAM,NAM.11_1,POTA,0.05047890530901602,0.04497189712359846,0.03915259166113372,0.033314424740147744,0.027990789852449204,0.022150743399191326,10.116694900313385,9.886073091702583,9.886965179841956,9.963242120674934,9.912093464073157,9.919405764140198,0.00499,0.004549,0.00396,0.003344,0.002824,0.002233
NAM,NAM.12_1,POTA,0.9596908978651902,0.8485382106191253,0.7374690965605853,0.625119581737292,0.5210002298190342,0.4083638973832431,42.55287015688083,41.58282806567806,41.586580369284846,41.907416649434914,41.692275028132606,41.723032044961414,0.02255,0.02041,0.01773,0.01492,0.0125,0.009787
NAM,NAM.13_1,POTA,2.9030100524308233,2.5279169011184015,2.1528637866841107,1.7778792193528308,1.4029674670355265,1.0281376719938038,11.390020867321617,11.130372114599512,11.131376484368795,11.21725393311504,11.15966751069445,11.167900164853974,0.2549,0.2271,0.1934,0.1585,0.1257,0.09206
NAM,NAM.4_1,POTA,2.7448523915440908,2.3549967946790247,1.9766617276558496,1.5878126716144867,1.198655902589413,0.8095750558101418,341.2140455709176,333.60403038533866,333.81341599487365,336.3838786849647,334.92668537055886,335.05598522483467,0.008044,0.007059,0.005921,0.00472,0.003579,0.002416
NAM,NAM.6_1,POTA,3.3249595622375814e-4,2.8786525022969384e-4,2.4323454423562949e-4,1.9860383824156519e-4,1.5397313224750086e-4,1.0934242625343656e-4,0.4307976208710297,0.420977088824795,0.42101507647311653,0.42426316539563097,0.42208511023118084,0.4223964887498587,7.718e-4,6.838e-4,5.777e-4,4.681e-4,3.648e-4,2.589e-4
NAM,NAM.7_1,POTA,0.0030627893652542633,0.0024673160702417445,0.001963055484013264,0.0014975160666376836,0.0010725106821432118,6.845178970546897e-4,0.14990922870700252,0.14649187375140452,0.14650509271730494,0.14763536475585845,0.14687744374152265,0.1469857974354835,0.02043,0.01684,0.0134,0.01014,0.007302,0.004657
NAM,NAM.8_1,POTA,0,0,0,0,0,0,0.010443742112564344,0.010205664882955514,0.010206585810052862,0.01028532859186496,0.010232526428291111,0.010240075116563553,0,0,0,0,0,0
NAM,NAM.9_1,POTA,1.2016160936392881e-5,7.42190862390288e-6,5.301363302787772e-6,3.180817981672663e-6,1.0602726605575543e-6,0,1.4266026503192892,1.3940815862141134,1.394207383751401,1.4049635533327536,1.3977508410994226,1.398781982866409,8.423e-6,5.324e-6,3.802e-6,2.264e-6,7.586e-7,0
NCL,NCL.2_1,POTA,0.03393892703731703,0.030843395414660402,0.027747863792003783,0.024652332169347143,0.021556800546690513,0.018461268924033884,2.9123625998888265,2.520039748130102,0.39834574230360137,3.2541421557626298,2.3433942688776708,2.2960066614839487,0.01165,0.01224,0.06966,0.007576,0.009199,0.008041
NCL,NCL.3_1,POTA,1.293432929898464,1.1933737399817865,1.07834502274858,0.9568427851614567,0.8760111286967898,0.825184671712105,480.7136804638351,415.95699048086277,65.75082645518533,537.127709478513,386.7999416738304,378.9781576832376,0.002691,0.002869,0.0164,0.001781,0.002265,0.002177
NER,NER.2_1,POTA,0,0,0,0,0,0,32.57944224526696,46.94334372912319,49.65541805546845,66.54571609147553,45.47439270571666,53.138254924082155,0,0,0,0,0,0
NER,NER.3_1,POTA,0.0017857131451666573,0.0016265795624353723,0.0014721496746386493,0.0013893900663697015,0.0012243728392374884,0.0010554156331961469,319.9133010186808,460.9593970387915,487.59056659097047,653.4445722921686,446.5350564563181,521.7902263383573,5.582e-6,3.529e-6,3.019e-6,2.126e-6,2.742e-6,2.023e-6
NER,NER.4_1,POTA,0,0,0,0,0,0,2.5553665184534355,3.6819982345486433,3.894719615010786,5.219509086941741,3.5667811527397526,4.16789570735422,0,0,0,0,0,0
NER,NER.7_1,POTA,0,0,1.659195267581308e-5,4.453754318035896e-5,4.6444375718806244e-5,4.389961387333383e-5,12.376448617652114,17.830197829006572,18.860185294457978,25.27292381368809,17.27257685486287,20.18243034096187,0,0,8.797e-7,1.762e-6,2.689e-6,2.175e-6
NGA,NGA.10_1,POTA,17.077750008598358,16.15551648458175,15.674011308623074,14.70725503706258,13.33552617450405,11.563343107659241,6592.729155864913,6480.714429019457,6492.8796042132935,6522.107729699222,6498.567254310657,6502.124340485894,0.00259,0.002493,0.002414,0.002255,0.002052,0.001778
NGA,NGA.11_1,POTA,1.7667117208994916,1.6845452568353583,1.577658573556764,1.4391383597082323,1.3050185953929845,1.1570299981344745,1630.6723993832363,1602.966222006172,1605.975205835669,1613.2046090750257,1607.382012305622,1608.2618364438588,0.001083,0.001051,9.824e-4,8.921e-4,8.119e-4,7.194e-4
NGA,NGA.12_1,POTA,0.3729801337114069,0.3403730599730274,0.3071588323847927,0.26889757539786935,0.22941908308187048,0.1882329578328459,206.7132339123353,203.20104254445056,203.5824783119416,204.49891825624252,203.7608130375449,203.87234450944433,0.001804,0.001675,0.001509,0.001315,0.001126,9.233e-4
NGA,NGA.13_1,POTA,0.10493560693986519,0.10162187914927648,0.0961602388356249,0.09131539629912654,0.09022978048110607,0.08273856153647915,31.241670348355736,30.710854188988165,30.768502605015954,30.907009047453286,30.795455280485797,30.81231162496168,0.003359,0.003309,0.003125,0.002955,0.00293,0.002685
NGA,NGA.14_1,POTA,3.1245725905701445,2.783818607664871,2.430691496279851,2.074171425891874,1.728506000057567,1.3515644905456021,5614.215230098152,5518.826086909767,5529.185667932337,5554.0756616467515,5534.029138829617,5537.058270909467,5.565e-4,5.044e-4,4.396e-4,3.735e-4,3.123e-4,2.441e-4
NGA,NGA.15_1,POTA,0.6715459418794534,0.670005512647016,0.6803157986008366,0.6449303291142512,0.6129876181783939,0.5389225690843249,111.82531214999592,109.92532786446732,110.13167253315433,110.62743751587253,110.22814597116471,110.2884809648352,0.006005,0.006095,0.006177,0.00583,0.005561,0.004886
NGA,NGA.16_1,POTA,2.7583707985380395,2.372675002829282,1.9891031666397114,1.6043531522919685,1.2207713574523595,0.8308207056670511,2446.0069593833337,2404.4477211771555,2408.961193895774,2419.805291485421,2411.0714021861168,2412.3911375087814,0.001128,9.868e-4,8.257e-4,6.63e-4,5.063e-4,3.444e-4
NGA,NGA.17_1,POTA,8.573171028204209,7.684832944684535,6.792036529747108,5.878865462400318,4.975500360277086,4.0443578677679,1350.1814537055682,1327.2409986750313,1329.7324090666116,1335.7182871490704,1330.8972316302375,1331.6257177654165,0.00635,0.00579,0.005108,0.004401,0.003738,0.003037
NGA,NGA.18_1,POTA,0.005021937562180551,0.0042207967868660625,0.0034310772560367324,0.0027224406769908054,0.0021341712366643884,0.00185544089138619,35.66280457038172,35.056870484808,35.12267695967528,35.280784004955,35.153443816479424,35.1726855699488,1.408e-4,1.204e-4,9.769e-5,7.716e-5,6.071e-5,5.275e-5
NGA,NGA.19_1,POTA,20.66451698666687,20.067644716017252,19.63307221503252,18.620325242393594,18.258587090734576,16.73129884219394,17694.860412174934,17394.213304008055,17426.864588757573,17505.31276831352,17442.130220359715,17451.67742635845,0.001168,0.001154,0.001127,0.001064,0.001047,9.587e-4
NGA,NGA.1_1,POTA,0.3790920297117542,0.36505783994984403,0.34761109831578896,0.3238881380141935,0.2986310086446053,0.27062098279612223,195.52186716606988,192.1998243481214,192.5606093450578,193.4274336197497,192.7292891043096,192.83478230965906,0.001939,0.001899,0.001805,0.001674,0.001549,0.001403
NGA,NGA.20_1,POTA,0.005605590536034653,0.0056140500959816104,0.0057147629114935195,0.005830460706413845,0.005365897958312449,0.004869222080003904,118.20105462461726,116.19274235611725,116.41085180724274,116.93488292932575,116.51282569756191,116.57660070292968,4.7420000000000003e-05,4.832e-5,4.909e-5,4.986e-5,4.605e-5,4.177e-5
NGA,NGA.21_1,POTA,0.0013062429507663393,0.0011181524089226894,9.361424052137735e-4,7.541816147509752e-4,5.829978032675386e-4,4.242199225846895e-4,7.122406015267349,7.001391736442795,7.014534293178996,7.046110681629714,7.020678903750501,7.024521775400824,1.834e-4,1.597e-4,1.335e-4,1.07e-4,8.304e-5,6.039e-5
NGA,NGA.22_1,POTA,0.9964068067912986,0.8972282370895611,0.781592656426204,0.6612472758332165,0.530607445400361,0.39838428591170616,412.7390963277356,407.1944798868046,408.2291101636636,411.6919689121823,408.18916172953953,409.14956185024215,0.002414,0.002203,0.001915,0.001606,0.0013,9.737e-4
NGA,NGA.23_1,POTA,4.14129985518972,4.041106166424302,3.818517263952485,3.691450026866035,3.4974893812324175,3.091397580567819,542.9775758712618,533.7520361279342,534.7539606997819,537.1611908996593,535.2223959091251,535.515357743736,0.007627,0.007571,0.007141,0.006872,0.006535,0.005773
NGA,NGA.24_1,POTA,167.95786181759908,149.24395810163483,130.73867479025773,110.35273896473436,89.54321707834308,67.40521010383333,18700.55861884101,18382.824048525254,18417.331089000047,18500.23791878877,18433.46435210469,18443.554179391635,0.008981,0.008119,0.007099,0.005965,0.004858,0.003655
NGA,NGA.26_1,POTA,62.06438283781839,58.71879985001671,58.590645924871474,57.84592754107915,57.19123740355775,49.61798600779798,16632.792661751744,16350.190770693354,16380.88228431529,16454.6219055868,16395.231653531813,16404.20582423319,0.003731,0.003591,0.003577,0.003515,0.003488,0.003025
NGA,NGA.27_1,POTA,255.32251322515245,233.0392356729339,204.8339014316324,175.22503829428183,145.64221989524833,114.44833238421229,23947.20600888811,23540.327510412084,23584.515880601968,23690.68313330072,23605.175508104923,23618.096147405566,0.01066,0.0099,0.008685,0.007396,0.00617,0.004846
NGA,NGA.28_1,POTA,0.009801816437765584,0.009671192223879325,0.008705416332346306,0.007738262587286491,0.006773714646402492,0.005791430888840669,6.789126850492123,6.6737751999544255,6.686302776258079,6.716401608901543,6.692159861704681,6.695822913635206,0.001444,0.001449,0.001302,0.001152,0.001012,8.649e-4
NGA,NGA.29_1,POTA,0.016735757069586236,0.016452792398438443,0.01602321148450806,0.015054969114157483,0.014186465671547957,0.012969811745769284,15.944154856701187,15.673253366767204,15.702674177567063,15.773360800345152,15.71642944822647,15.725032066577047,0.00105,0.00105,0.00102,9.545e-4,9.027e-4,8.248e-4
NGA,NGA.2_1,POTA,4.28796660941884,4.015746802623222,3.7652833118252644,3.528581834909621,3.287581776794093,2.9065987619068903,29150.745548362433,28655.470460713743,28709.522247623474,28838.703297833556,28734.65904201014,28750.373542237492,1.471e-4,1.401e-4,1.312e-4,1.224e-4,1.144e-4,1.011e-4
NGA,NGA.30_1,POTA,0.9029631192756777,0.8629428245667728,0.7990606732706368,0.7246822575079145,0.644847672716027,0.5571639019841329,2124.4490224842766,2088.3532613321636,2092.273382110355,2101.691888642265,2094.1061773615943,2095.252417115908,4.25e-4,4.132e-4,3.819e-4,3.448e-4,3.079e-4,2.659e-4
NGA,NGA.31_1,POTA,1.317123403853942,1.137426927578598,0.9584289429221416,0.7764131916149241,0.5934561037957222,0.4082564700106383,232.53112750146258,228.58027344476733,229.00934945216844,230.04025013279946,229.20995767657837,229.3354191113488,0.005664,0.004976,0.004185,0.003375,0.002589,0.00178
NGA,NGA.32_1,POTA,7.309679260654196,7.595739732281855,7.792969033886354,7.321000834194434,6.966058543357514,6.269521087533738,88418.63912661842,86916.3493349918,87079.50304720202,87471.49716960409,87155.78318393262,87203.48918116606,8.267e-5,8.739e-5,8.949e-5,8.37e-5,7.993e-5,7.19e-5
NGA,NGA.33_1,POTA,0.3297405929094066,0.29763481418057053,0.2793480905469949,0.24654001888357213,0.21686633470533456,0.1813808985916968,89.51583298848158,87.99490116442387,88.16007946390827,88.55693787227123,88.23730616686777,88.28560415158096,0.003684,0.003382,0.003169,0.002784,0.002458,0.002054
NGA,NGA.34_1,POTA,0.0934289234049999,0.08158608952827642,0.06937912636800836,0.0571622098339677,0.044956332529088865,0.032728755045272895,635.2265946934793,624.4336845333131,625.605830791643,628.4220366728118,626.1538506659226,626.4965851670232,1.471e-4,1.307e-4,1.109e-4,9.096e-5,7.18e-5,5.224e-5
NGA,NGA.35_1,POTA,64.32529117149944,64.27913855011182,61.82004215757176,58.98564733365645,55.244300974858824,49.95027823237691,77101.1400948547,75791.67835631904,75943.36234755097,76283.18423748719,76009.44665094951,76050.55365990083,8.343e-4,8.481e-4,8.14e-4,7.732e-4,7.268e-4,6.568e-4
NGA,NGA.36_1,POTA,0.002433415895543405,0.003384181445917202,0.00469563128189963,0.005569517408187573,0.005339217773034803,0.004993556041895966,240.9429321248429,236.84915607410105,237.29375388962148,238.36194736285518,237.50161910885922,237.63161910622298,1.01e-5,1.429e-5,1.979e-5,2.337e-5,2.248e-5,2.101e-5
NGA,NGA.37_1,POTA,0.536707076274935,0.47974467741439536,0.417626623061052,0.347904793317175,0.27908090673801067,0.20763614457515206,690.9863327831957,679.2460286556104,680.5210650777234,683.5844755055099,681.1171897462812,681.4900092378015,7.767e-4,7.063e-4,6.137e-4,5.089e-4,4.097e-4,3.047e-4
NGA,NGA.4_1,POTA,4.016012956003317,3.73595328041708,3.3896429775679344,3.006660046554578,2.6298188864041694,2.2221621054567207,1855.0871883935315,1823.5680587933798,1826.991142028427,1835.2154630717794,1828.591554631195,1829.5924610594266,0.002165,0.002049,0.001855,0.001638,0.001438,0.001215
NGA,NGA.5_1,POTA,0.19147931329431878,0.14954859374034551,0.11073531830869812,0.07395010544984296,0.047804129390851054,0.032940011119361644,256.11016881968095,251.7586916204153,252.2312766453655,253.3667123618206,252.45222687586707,252.59041030784317,7.476e-4,5.94e-4,4.39e-4,2.919e-4,1.894e-4,1.304e-4
NGA,NGA.6_1,POTA,0.4779776887746487,0.4495098962568899,0.444211444022504,0.409144436357857,0.3978934034088823,0.35484653338599104,259.9961903176605,255.57868710301932,256.0584427747855,257.21110673182176,256.28274553654217,256.42302565913303,0.001838,0.001759,0.001735,0.001591,0.001553,0.001384
NGA,NGA.7_1,POTA,9.054749387378536,8.186509159508937,7.235419956434334,6.191613540962658,5.16568331641623,4.118301054390643,7952.01290264171,7816.90306692693,7831.57644843817,7866.830806002269,7838.436773789122,7842.727257212991,0.001139,0.001047,9.239e-4,7.871e-4,6.59e-4,5.251e-4
NGA,NGA.8_1,POTA,2.8761797486542823e-4,2.8089951287766453e-4,2.5652474173370945e-4,2.3258787448842742e-4,2.0923737061424307e-4,1.8603532621248352e-4,26.120847479531957,25.67719383266736,25.728138158522512,25.843359573877404,25.750547034357417,25.764496793180182,1.101e-5,1.094e-5,9.971e-6,9e-6,8.126e-6,7.221e-6
NGA,NGA.9_1,POTA,0.4538701830634467,0.42304171113565747,0.3869785133526,0.3457589216637009,0.3029813422093598,0.2580226403232308,194.5357893726423,191.23225424725945,191.62199322197262,192.47791646512746,191.7884099103516,191.89176055919643,0.002333,0.002212,0.002019,0.001796,0.00158,0.001345
NIC,NIC.10_1,POTA,0.0065844728815242955,0.006107042516471347,0.005614112800360608,0.0051335718381791485,0.004657692784780084,0.004187785877326397,67.50542407990122,76.22923742578996,55.340949995902776,60.64085707776941,67.50542407990122,59.36444933037443,9.754e-5,8.011e-5,1.014e-4,8.466e-5,6.9e-5,7.054e-5
NIC,NIC.11_1,POTA,1.1598879934944755,1.0958897268510681,1.0297268722193804,0.9596336549754527,0.8801736695177512,0.7938441115889389,6370.902398407509,7194.222363078759,5222.866100977807,5723.050955742006,6370.902398407509,5602.588499723665,1.821e-4,1.523e-4,1.972e-4,1.677e-4,1.382e-4,1.417e-4
NIC,NIC.12_1,POTA,0.0162682193509376,0.01594934616124193,0.01508210201383966,0.01390804599879487,0.0127339899837501,0.01155993396870532,215.23374385638652,243.0486792150252,176.4486338473894,193.34681438427407,215.23374385638652,189.27712632729742,7.558e-5,6.562e-5,8.548e-5,7.193e-5,5.916e-5,6.107e-5
NIC,NIC.13_1,POTA,0.405991918383156,0.3767712545003179,0.35032605699088404,0.31947776670524897,0.2888130371992127,0.25687208383802107,2939.6474483335414,3319.5418937284167,2409.923123381225,2640.7172935085528,2939.6474483335414,2585.1337781273055,1.381e-4,1.135e-4,1.454e-4,1.21e-4,9.825e-5,9.937e-5
NIC,NIC.14_1,POTA,0.0324768841803973,0.03045592404968685,0.028836853320620456,0.026855665025775688,0.025946514855239303,0.023798375811046695,230.83390873812684,260.6648736002956,189.23764978818807,207.3606122661085,230.83390873812684,202.99595278147106,1.407e-4,1.168e-4,1.524e-4,1.295e-4,1.124e-4,1.172e-4
NIC,NIC.15_1,POTA,1.510468812651917,1.4232315218674174,1.343938060479383,1.2675377208965999,1.1723823943653298,1.0677702170269334,2130.5758955569836,2405.912976768252,1746.646224441693,1913.919512939984,2130.5758955569836,1873.6341045217944,7.089e-4,5.916e-4,7.694e-4,6.623e-4,5.503e-4,5.699e-4
NIC,NIC.16_1,POTA,0.03900813609153081,0.01949165609681379,0.011111336633263644,0.006247457528226346,0.0029047847359052878,0.00131293188229411,1.3011197504509073,1.4692651402220762,1.0666580357032922,1.16881003124678,1.3011197504509073,1.1442081662499992,0.02998,0.01327,0.01042,0.005345,0.002233,0.001147
NIC,NIC.17_1,POTA,1.7848623692379522,1.6287882420087765,1.4528155678675447,1.2952745289486025,1.1384066096327092,0.9943725522769975,4839.559202011816,5464.981702946812,3967.470872914468,4347.428697599728,4839.559202011816,4255.921223294953,3.688e-4,2.98e-4,3.662e-4,2.979e-4,2.352e-4,2.336e-4
NIC,NIC.18_1,POTA,0.2919934521204115,0.2752514106707754,0.2570710279529009,0.23904904620999382,0.22809251578872425,0.20507511023759512,1857.5846964886375,2097.642771631834,1522.8480259579517,1668.688547994142,1857.5846964886375,1633.564918591651,1.572e-4,1.312e-4,1.688e-4,1.433e-4,1.228e-4,1.255e-4
NIC,NIC.1_1,POTA,6.511427902126212,6.177177339614327,5.760840664667044,5.468441472864387,5.083659184819806,4.654464403153727,2736.8022194985324,3090.4827133690656,2243.630594760433,2458.4992169858165,2736.8022194985324,2406.751144832074,0.002379,0.001999,0.002568,0.002224,0.001858,0.001934
NIC,NIC.2_1,POTA,21.444667577328755,20.485692143619488,19.812391006248912,19.478824370136895,18.66521067118703,17.166878756008597,20373.598807432427,23006.5053568334,16702.27730891921,18301.825524108775,20373.598807432427,17916.596933746267,0.001053,8.904e-4,0.001186,0.001064,9.161e-4,9.582e-4
NIC,NIC.3_1,POTA,0.39458601949475286,0.3662898404932884,0.3378804952923414,0.3118460777240375,0.28575734922333845,0.25509127917539165,4323.700697348061,4882.4581358986,3544.5700453044124,3884.027389037616,4323.700697348061,3802.2738834084985,9.126e-5,7.502e-5,9.532e-5,8.029e-5,6.609e-5,6.709e-5
NIC,NIC.4_1,POTA,0.2144820445650084,0.20536409256570953,0.19141613285192188,0.17497731965906638,0.1589668587117441,0.14178064821381015,868.7701139046208,981.0424004281409,712.2177823018089,780.4256476986294,868.7701139046208,763.9987469094343,2.469e-4,2.093e-4,2.688e-4,2.242e-4,1.83e-4,1.856e-4
NIC,NIC.5_1,POTA,1.5656656383490746,1.511057782326061,1.567787536145523,1.4953706966772577,1.4388414946804564,1.3605126157926122,5365.531011235496,5991.429499280781,4479.171478886218,4864.182410166272,5360.6354236597335,4770.5705499973565,2.918e-4,2.522e-4,3.5e-4,3.074e-4,2.684e-4,2.852e-4
NIC,NIC.6_1,POTA,0.7887106837184192,0.6850521637371104,0.5979832941553878,0.5156673858322165,0.4369871885974698,0.37499899222299377,5885.851558567694,6646.487775263069,4825.221398512514,5287.324507755203,5885.851558567694,5176.033502154226,1.34e-4,1.031e-4,1.239e-4,9.753e-5,7.424e-5,7.245e-5
NIC,NIC.7_1,POTA,0.0028697105073747834,0.002667897566472974,0.002466084625571174,0.002264271684669365,0.0020624587437675654,0.0018606458028657563,207.78854398323313,234.64132652376125,170.34505862353774,186.6587103159412,207.78854398323313,182.72979777335505,1.381e-5,1.137e-5,1.448e-5,1.213e-5,9.926e-6,1.018e-5
NIC,NIC.8_1,POTA,0.21062705255021733,0.19785851224555176,0.185804274013542,0.17240707141300954,0.1623640722944457,0.14778599099711673,912.3038915270745,1030.2021044912642,747.9067753475437,819.5325138925805,912.3038915270745,802.2824666408893,2.309e-4,1.921e-4,2.484e-4,2.104e-4,1.78e-4,1.842e-4
NLD,NLD.10_1,POTA,0.3333194244815507,0.3082910147943746,0.3383085743420871,0.30927247643456884,0.2802836038044643,0.25129473117435985,1090.7207970480945,1087.421453518726,1082.274313873778,1089.83824312138,1098.8111476081986,1094.5212082497173,3.056e-4,2.835e-4,3.126e-4,2.838e-4,2.551e-4,2.296e-4
NLD,NLD.11_1,POTA,0.10859675436894328,0.5217259836854337,0.47985732743195764,0.44324388999623776,0.40795423319069046,0.37654746987642645,1938.0461849618255,1938.0461849618255,1938.0461849618255,1938.0461849618255,1938.0461849618255,1938.0461849618255,5.603e-5,2.692e-4,2.476e-4,2.287e-4,2.105e-4,1.943e-4
NLD,NLD.12_1,POTA,0.5298728480262684,0.5189098245608396,0.5016436436356129,0.46801912231896986,0.4361263087110054,0.40268052749697425,25072.977283929937,25027.30594144592,24793.7491841121,25146.93877901808,25111.890158253886,25095.786886037506,2.113e-5,2.073e-5,2.023e-5,1.861e-5,1.737e-5,1.605e-5
NLD,NLD.13_1,POTA,0,0,0,0,0,0,155.1802972481863,155.1802972481863,155.1802972481863,155.1802972481863,155.1802972481863,155.1802972481863,0,0,0,0,0,0
NLD,NLD.14_1,POTA,0.12483384063506278,0.11453873088988185,0.10556396138339709,0.09790953211560845,0.09025510284781983,0.08305992642798826,3531.599040076393,3531.599040076393,3531.599040076393,3531.599040076393,3531.599040076393,3531.599040076393,3.535e-5,3.243e-5,2.989e-5,2.772e-5,2.556e-5,2.352e-5
NLD,NLD.1_1,POTA,12.614693056747338,12.422516250818408,11.5308607321156,10.601590387064208,9.674126960423843,8.74666353378348,17354.260294983837,17345.289158544787,17331.29374048218,17351.860571638605,17376.258501011307,17364.593868044896,7.269e-4,7.162e-4,6.653e-4,6.11e-4,5.567e-4,5.037e-4
NLD,NLD.2_1,POTA,0.4191714505297681,0.3242897156496156,0.2403026249347174,0.1692888967789353,0.10035388701701509,0.05223308685495113,17519.770178742114,17519.770178742114,17519.770178742114,17519.770178742114,17519.770178742114,17519.770178742114,2.393e-5,1.851e-5,1.372e-5,9.663e-6,5.728e-6,2.981e-6
NLD,NLD.3_1,POTA,0.11581564697494585,0.09483362281618936,0.07478347519615325,0.05805621751037358,0.038815330357491906,0.02066310871626487,1513.9476993722726,1513.9476993722726,1513.9476993722726,1513.9476993722726,1513.9476993722726,1513.9476993722726,7.65e-5,6.264e-5,4.94e-5,3.835e-5,2.564e-5,1.365e-5
NLD,NLD.4_1,POTA,0.7196153833984565,0.670241765020207,0.6105328178586287,0.5537061797946052,0.4973106974123769,0.43955565944193437,8128.512199780978,8128.512199780978,8128.512199780978,8128.512199780978,8128.512199780978,8128.512199780978,8.853e-5,8.246e-5,7.511e-5,6.812e-5,6.118e-5,5.408e-5
NLD,NLD.5_1,POTA,39.440416868706635,36.72841697655039,34.02618196122791,31.323946945905433,28.621711930582954,25.919476915260475,27077.93085446712,27068.573015127065,27053.97432134768,27075.427690494766,27100.87729822851,27088.709858573347,0.001457,0.001357,0.001258,0.001157,0.001056,9.568e-4
NLD,NLD.6_1,POTA,0,0,0,0,0,0,67.55397316583029,67.55397316583029,67.55397316583029,67.55397316583029,67.55397316583029,67.55397316583029,0,0,0,0,0,0
NLD,NLD.7_1,POTA,0.32648783469436227,0.3139665739360103,0.2831269218076188,0.25175793214300995,0.2528932512558653,0.21957051296622482,11322.1371574251,11283.231042674617,11219.419501226723,11313.384516069491,11416.136198332357,11366.379824915888,2.884e-5,2.783e-5,2.524e-5,2.225e-5,2.215e-5,1.932e-5
NLD,NLD.8_1,POTA,0.7262818794177405,0.71432188146336,0.6538650938954986,0.5950731212438068,0.5364225013657579,0.5025055914159534,22229.484491726766,22190.002864079855,21988.099429104182,22293.42218329563,22263.12360831868,22249.202769495812,3.267e-5,3.219e-5,2.974e-5,2.669e-5,2.409e-5,2.259e-5
NLD,NLD.9_1,POTA,0.02347347573081563,0.022108267748352887,0.03627684325355063,0.0341150309896694,0.03195321872578819,0.02979140646190696,5106.234398515465,5106.234398515465,5106.234398515465,5106.234398515465,5106.234398515465,5106.234398515465,4.597e-6,4.33e-6,7.104e-6,6.681e-6,6.258e-6,5.834e-6
NOR,NOR.10_1,POTA,1.1890242956794008,0.7266244987665325,0.4029868080114395,0.1957998725089685,0.07120097396096961,0.026261968431951454,2.32294464265317,2.3724647803841488,2.420698680771465,2.016177036189836,2.282428166327824,2.1662310924980988,0.5119,0.3063,0.1665,0.09711,0.0312,0.01212
NOR,NOR.11_1,POTA,2.199147563164238,1.9250988725877338,1.6489966348749276,1.3712107115119885,1.0933350618482702,0.8154604244494466,1234.7258979042974,1261.0475740224124,1286.6855702413554,1071.6682419518197,1213.1899810803855,1151.4271935890777,0.001781,0.001527,0.001282,0.00128,9.012e-4,7.082e-4
NOR,NOR.12_1,POTA,0,0,0,0,0,0,1.3210115599578196,1.349172659104207,1.3766023011299093,1.1465590366743534,1.2979706606562296,1.231891738694912,0,0,0,0,0,0
NOR,NOR.13_1,POTA,8.447010722909829,7.662460445330219,6.843797131257432,5.986433761634926,5.11467745463169,4.236566552853583,3458.4273460555264,3532.1535104094232,3603.9647094554266,3001.708120122945,3398.1059388568833,3225.1103666484264,0.002442,0.002169,0.001899,0.001994,0.001505,0.001314
NOR,NOR.14_1,POTA,0.6667913636102258,0.5992803804244785,0.5300536365187509,0.4730573717162497,0.4032034237539465,0.33334947579164337,34.36264938621332,35.095186485531826,35.808696647205686,29.824724757967545,33.763300850407276,32.04443108726288,0.0194,0.01708,0.0148,0.01586,0.01194,0.0104
NOR,NOR.15_1,POTA,2.9413227077245434,2.5879652843158842,2.3296910539941345,1.9920642867423988,1.6769967797836578,1.4041038465218079,176.28320746584245,180.04118281879647,183.70154842232307,153.00328222741308,173.2085003588801,164.39055760779766,0.01669,0.01437,0.01268,0.01302,0.009682,0.008541
NOR,NOR.16_1,POTA,0.00447795768113854,0.00348025506199242,0.0024825524428463,0.00148484982370019,9.15570048832338e-4,7.747131182427474e-4,13.786429281020759,14.080326029259576,14.366589095725951,11.965796178294596,13.545968305189003,12.856351035969283,3.248e-4,2.472e-4,1.728e-4,1.241e-4,6.759e-5,6.026e-5
NOR,NOR.18_1,POTA,0.10038538583553842,0.08548760419391299,0.09787411533114218,0.08865881746618863,0.10055256788710767,0.0934557383831804,8.875551414470394,9.064758905864142,9.24905191696195,7.70344786388834,8.720745285148235,8.276777278313247,0.01131,0.009431,0.01058,0.01151,0.01153,0.01129
NOR,NOR.19_1,POTA,0.3809188457814981,0.335173762226295,0.293047573048095,0.2584620978119787,0.22339347058269285,0.1923543728106925,571.7395806222398,583.9278274959698,595.7994965288236,496.2357655732896,561.7673786346426,533.1681322121967,6.662e-4,5.74e-4,4.919e-4,5.208e-4,3.977e-4,3.608e-4
NOR,NOR.1_1,POTA,1.1028968568666297,1.0417595430011115,0.9674774621172284,0.8862566886340423,0.7790725694706763,0.6718884503073103,974.2620025004038,995.0311537164977,1015.2608464594463,845.6011566552509,957.269060596327,908.5350564554724,0.001132,0.001047,9.529e-4,0.001048,8.138e-4,7.395e-4
NOR,NOR.2_1,POTA,1.726893981771238,1.6254740297302237,1.5108560973019576,1.3704520971225251,1.2461491113686038,1.1051867245527465,589.5557947392301,602.123844627082,614.3654516607038,511.699174005395,579.2728448309878,549.7824054334249,0.002929,0.0027,0.002459,0.002678,0.002151,0.00201
NOR,NOR.3_1,POTA,0.00427028276503319,0.004022879189222499,0.004239219141558878,0.003968033846356028,0.0036968485511531773,0.0034256632559503267,9.807650072174074,10.016727883790189,10.220375102896792,8.512453758656068,9.636586408124527,9.145993469056078,4.354e-4,4.016e-4,4.148e-4,4.661e-4,3.836e-4,3.746e-4
NOR,NOR.4_1,POTA,1.8145646943316385,1.65053698721543,1.4617167064985752,1.289457823995166,1.0970293439860543,0.9044667761956586,524.8077314105885,535.9954931267057,546.8926636294173,455.50172701334304,515.6541081883108,489.4024612082619,0.003458,0.003079,0.002673,0.002831,0.002127,0.001848
NOR,NOR.6_1,POTA,11.796025552267231,10.952214307208015,9.723784170705624,8.505621588223033,7.243370485253407,5.957371834092114,2134.1978055075333,2179.6942703536242,2224.009008840076,1852.3560687336978,2096.973425178913,1990.2177430071006,0.005527,0.005025,0.004372,0.004592,0.003454,0.002993
NOR,NOR.7_1,POTA,0.5942067671009119,0.5608735766254174,0.5377994966435209,0.495449778902204,0.43386355149531436,0.3906074126254543,121.81233416836207,124.4091087339667,126.9384346095556,105.7258215996166,119.68770043286739,113.59447008771119,0.004878,0.004508,0.004237,0.004686,0.003625,0.0034390000000000002
NOR,NOR.8_1,POTA,4.302808914744909,3.8983554005772008,3.433989764019004,2.925322663098445,2.465514788275498,1.9352306911512642,256.3775945660362,261.8430084036843,267.16646344035445,222.52042053281383,251.90589233523323,239.08151170339352,0.01678,0.01489,0.01285,0.01315,0.009787,0.008094
NOR,NOR.9_1,POTA,4.442707290653503,4.012520550491783,3.523722789293242,3.0347014983031015,2.5532858463536368,2.068354888899681,238.49710380590238,243.5813443909119,248.53352677890823,207.00122381824585,234.33727059998546,222.4072981545561,0.01863,0.01647,0.01418,0.01466,0.0109,0.0093
NPL,NPL.1_1,POTA,15.242909242104156,15.329693953856253,14.094616002987948,12.5257675692269,11.649438107567613,10.429767792511248,195352.56717630514,207416.24299666082,212755.54591066236,217557.70988654418,219677.1532829395,216088.91280841368,7.803e-5,7.391e-5,6.625e-5,5.757e-5,5.303e-5,4.827e-5
NPL,NPL.2_1,POTA,13.241104487668895,13.32108666328877,13.06990913561529,12.138888511069483,11.563159584251979,10.696354042681495,123935.22507511672,131721.08563158746,135139.13817097424,138323.28000191622,139488.4878397082,137278.52440517416,1.068e-4,1.011e-4,9.671e-5,8.776e-5,8.29e-5,7.792e-5
NPL,NPL.3_1,POTA,10.369531394432324,9.239794741478702,8.03133262352754,7.100657938569055,6.116069733146367,5.072145977369733,30717.79088609792,32615.463889935447,33455.204033374226,34211.085187619115,34543.34134667868,33979.49094063734,3.376e-4,2.833e-4,2.401e-4,2.076e-4,1.771e-4,1.493e-4
NPL,NPL.4_1,POTA,7.912489373793976,6.875362898267754,5.897690272459754,4.984531991969604,4.173529686425435,3.3997918590435496,22486.333366814146,23879.678818358356,24495.36535538309,25053.0472980922,25290.589539254994,24879.93881766311,3.519e-4,2.879e-4,2.408e-4,1.99e-4,1.65e-4,1.366e-4
NPL,NPL.5_1,POTA,14.183975126419279,12.344444745472575,10.444872129906857,8.611400198554419,6.778517218445253,4.928180852667489,32224.00122197409,34213.94130822749,35094.67559348517,35886.8071741635,36236.41582063554,35644.52462049839,4.402e-4,3.608e-4,2.976e-4,2.4e-4,1.871e-4,1.383e-4
NZL,NZL.11_1,POTA,6.4753093328779165,6.066032986659703,5.516359054088965,4.925127675589105,4.31474625725424,3.650861506086458,1913.6774194382133,1931.5591752176952,1484.3973686112643,1490.9784795372138,1841.4031806710684,1627.8125264356402,0.003384,0.00314,0.003716,0.003303,0.002343,0.002243
NZL,NZL.12_1,POTA,7.201402600549829,6.86905095808811,6.519496383685628,6.032194067899626,5.52736631755254,5.069958532488344,2563.8952792308683,2587.8527909628256,1988.7570220703135,1997.5742234772729,2467.064132192782,2180.9009238487083,0.002809,0.002654,0.003278,0.00302,0.00224,0.002325
NZL,NZL.14_1,POTA,9.187649428895751,7.9647613264107715,6.731460741420858,5.501837969109894,4.2662303407818305,3.0285195794762076,1420.001249594529,1433.270003927881,1101.463651560258,1106.3470167730388,1366.3717777094673,1207.8816409522187,0.00647,0.005557,0.006111,0.004973,0.003122,0.002507
NZL,NZL.15_1,POTA,0.2907761953066347,0.19854396282663705,0.12064971283396368,0.06815587952323901,0.03918021022763963,0.02599056067791204,445.0117388664383,449.17001086807386,345.18579122304993,346.7161806121296,428.20489130565284,378.53594110461455,6.534e-4,4.42e-4,3.495e-4,1.966e-4,9.15e-5,6.866e-5
NZL,NZL.16_1,POTA,7.281679202044056,7.841116399263256,7.549511246109123,7.774366889388274,7.119514059125097,6.454483832517645,76.3210057480346,77.03416334281428,59.20052091924969,59.462987832275864,73.43857502258797,64.92018347757299,0.09541,0.1018,0.1275,0.1307,0.09695,0.09942
NZL,NZL.17_1,POTA,7.224285775572396,6.314103171135588,5.383330300893866,4.5703127689243805,3.904685280347392,3.509348913977759,23646.58950824093,23867.547614507424,18342.13796229457,18423.45826580728,22753.52402145216,20114.264932015605,3.055e-4,2.645e-4,2.935e-4,2.481e-4,1.716e-4,1.745e-4
NZL,NZL.18_1,POTA,0.09073041138194088,0.08710684919709068,0.08989506931289315,0.08325630100272424,0.07910696911521886,0.07242018241967974,106.28240849225385,107.27553097622587,82.4409202371648,82.8064240115522,102.26841946249806,90.40595563604934,8.537e-4,8.12e-4,0.00109,0.001005,7.735e-4,8.011e-4
NZL,NZL.19_1,POTA,0.47285451550454527,0.4790527809747356,0.4460407585292909,0.4130287360838463,0.3800167136384016,0.3470046911929569,0.1488964378275518,0.1502877536839351,0.1154956829514624,0.11600773580000857,0.14327303620833587,0.12665430661165822,3.176,3.188,3.862,3.56,2.652,2.74
NZL,NZL.1_1,POTA,11.322587140805842,10.833913769875837,10.256424858382987,9.501080089506075,8.837299162385808,8.030138159628113,43044.93968030908,43447.159558689506,33389.01036530958,33537.041334353504,41419.25281345704,36614.891987304436,2.63e-4,2.494e-4,3.072e-4,2.833e-4,2.134e-4,2.193e-4
NZL,NZL.2_1,POTA,1.4614628276612376,1.2179978389478743,1.026395663666461,0.8777595843313002,0.7637334630446254,0.6814644112777911,147.15515246012308,148.53019742394818,114.14500629553399,114.65107088710418,141.5975143144837,125.17313423411527,0.009931,0.0082,0.008992,0.007656,0.005394,0.005444
NZL,NZL.3_1,POTA,18.500474088673716,17.052537141153394,15.496458914939554,13.93106559550049,12.419242342999167,10.989139219403757,88694.13963358755,89522.91408004815,68798.08798809323,69103.105942259,85344.41028003421,75445.0201744919,2.086e-4,1.905e-4,2.252e-4,2.016e-4,1.455e-4,1.457e-4
NZL,NZL.5_1,POTA,0.08646333782950576,0.07147103236826584,0.05647872690702592,0.04148642144578602,0.026494115984546117,0.011501810523306214,0.016381854094879758,0.016534929169688208,0.012707042923959373,0.012763379900022334,0.01576315732693156,0.013934734783940026,5.278,4.322,4.445,3.25,1.681,0.8254
NZL,NZL.6_1,POTA,1.9274261503213237,1.6823116553331112,1.4310720279138496,1.1988389981283565,0.9545241246550072,0.7215393774509319,2235.375469110612,2256.2632309706096,1733.9314507771442,1741.61887697235,2150.95159560525,1901.4553617784818,8.622e-4,7.456e-4,8.253e-4,6.883e-4,4.438e-4,3.795e-4
NZL,NZL.7_1,POTA,44.21832932043713,40.50985528584236,38.12321018885093,34.0244677067351,30.324928951874224,28.065432982963618,12881.513545963571,13001.880791226165,9991.905959245734,10036.205311204956,12395.01484129866,10957.274667391715,0.003433,0.003116,0.003815,0.00339,0.002447,0.002561
NZL,NZL.8_1,POTA,0.16794100486114327,0.13075619187278892,0.09919932437298278,0.07506382299053263,0.057542853859392715,0.04349447007279999,8.108273913884018,8.184039125119973,6.289409249173301,6.317293494189327,7.802047107375792,6.897060973142703,0.02071,0.01598,0.01577,0.01188,0.007375,0.006306
OMN,OMN.2_1,POTA,0,0,0,0,0,0,35.8977052331115,27.70699879939524,28.59410299783519,30.0614934012697,31.31766851936137,29.78134189342854,0,0,0,0,0,0
PAK,PAK.2_1,POTA,0,0,0,0,0,0,13.241953660382432,17.082218416959158,23.08539238102566,24.199054151945365,24.532390915219544,23.94191638211125,0,0,0,0,0,0
PAK,PAK.3_1,POTA,2.9987402316821377e-5,2.3094335242529842e-5,1.6201268168238303e-5,0.02135776432264493,0.021357392118425543,0.02020297354587982,42.44504591766533,54.7544239829699,73.9966748691716,77.56634640071131,78.63480612999949,76.74213082590316,7.065e-7,4.218e-7,2.189e-7,2.753e-4,2.716e-4,2.633e-4
PAK,PAK.4_1,POTA,0,0,0,0,0,0,0.33099512579604007,0.4269861667552109,0.5770411641047727,0.6048781908316251,0.6132102577397339,0.5984507896598635,0,0,0,0,0,0
PAK,PAK.5_1,POTA,0.028314893324459526,0.015197761384473936,0.007394351181557747,0.01885686655619055,0.022784082784084003,0.025762115161806615,1385.3063054787312,1787.0554067393557,2415.0771442106,2531.5828134640233,2566.4548219194785,2504.682358813312,2.044e-5,8.504e-6,3.062e-6,7.449e-6,8.878e-6,1.029e-5
PAK,PAK.7_1,POTA,0.17790631588190645,0.16083891805462228,0.1445126489583618,0.12835889114002194,0.11254180085932065,0.0969391945847138,79052.7909213551,101965.77174206555,137773.1623297745,144421.4011837809,146404.76345621928,142883.71552543034,2.25e-6,1.577e-6,1.049e-6,8.888e-7,7.687e-7,6.784e-7
PAK,PAK.8_1,POTA,0,0,0,0,4.016101306560689e-5,2.716891670474467e-4,213.6382544252435,275.5949324326894,372.4467746598127,390.4139691434505,395.7918375507926,386.2654525647742,0,0,0,0,1.015e-7,7.034e-7
PAN,PAN.10_1,POTA,46.70315445184679,41.497700267245996,36.038149893182094,30.50716980230452,25.00624664695384,19.12229966547704,255.5286213352142,215.5582823618879,213.34172381340076,214.38495440579715,212.8725824386683,213.80774530308773,0.1828,0.1925,0.1689,0.1423,0.1175,0.08944
PAN,PAN.13_1,POTA,2.7356829715989104,2.274381321069181,1.8419227426579672,1.490623905509613,1.1676070738283333,0.8772648874097029,875.1828130221443,738.284826732639,730.6931372555199,734.2661909499101,729.0863330317974,732.2892559061111,0.003126,0.003081,0.002521,0.00203,0.001601,0.001198
PAN,PAN.1_1,POTA,2.0365664554445817,1.9403076090208886,2.1016739876631636,2.2240067130813035,2.328699524575045,2.2116975319863186,8.644631414222923,7.292419493223769,7.217432466097051,7.252725357766817,7.201561233181801,7.2331981521027915,0.2356,0.2661,0.2912,0.3066,0.3234,0.3058
PAN,PAN.2_1,POTA,82.95118987773387,72.94353176240071,63.003062135657096,53.05914405613132,42.76557456274431,32.26997324802295,9902.095419033743,8479.600630777331,8378.465696357127,8428.521255845251,8353.109557685064,8398.524355708483,0.008377,0.008602,0.00752,0.006295,0.00512,0.003842
PAN,PAN.3_1,POTA,0.15779648445712557,0.1277291039290239,0.10451188718641603,0.08439199973656666,0.06856535445262307,0.0591874277610892,3902.9507267789995,3292.4427424663704,3258.586970253608,3274.521301122361,3251.421292843749,3265.704994459132,4.043e-5,3.879e-5,3.207e-5,2.577e-5,2.109e-5,1.812e-5
PAN,PAN.7_1,POTA,0.031075022643401073,0.027647648689756023,0.024321612069873915,0.021149018178288556,0.018185017973738744,0.015364964731610739,290.6731084400129,245.2053928703495,242.6839768349895,243.87068960918697,242.15031144369692,243.2140932434737,1.069e-4,1.128e-4,1.002e-4,8.672e-5,7.51e-5,6.317e-5
PAN,PAN.9_1,POTA,0.0070472859046945575,0.006623706940310692,0.006588201240372468,0.006057253880100222,0.0055263065198279575,0.004995359159555702,722.8170160765909,609.7524169044742,603.4824099377214,606.4334093988992,602.1553438469239,604.8006507705603,9.75e-6,1.086e-5,1.092e-5,9.988e-6,9.178e-6,8.26e-6
PER,PER.10_1,POTA,65.7601907314298,51.97980014646874,39.64015395700184,29.12171540521319,21.38921037155892,15.61912426263179,63434.296591265906,65584.72575317405,69551.09880573887,62755.404408586306,75676.05950332704,72068.00673654965,0.001037,7.926e-4,5.699e-4,4.641e-4,2.826e-4,2.167e-4
PER,PER.11_1,POTA,0,0,0,0,0,0,175.0993966248411,181.0352841331519,191.98377045070575,173.22543225622084,208.89066435715165,198.93125917096256,0,0,0,0,0,0
PER,PER.12_1,POTA,55.05354634302217,42.73095660399854,32.091872439478024,22.37147326281567,14.310653392463372,9.769451647727488,17661.200254016054,18259.91675441727,19364.223297214583,17472.184982569954,21069.517802568596,20064.973796166138,0.003117,0.00234,0.001657,0.00128,6.792e-4,4.869e-4
PER,PER.13_1,POTA,6.516251641649236,6.328341554132486,5.536934121575111,4.807948617127518,4.160184456300254,3.796529718041452,40109.109010251974,41468.811920328444,43976.72479537327,39679.84972900295,47849.49913834436,45568.14993903219,1.625e-4,1.526e-4,1.259e-4,1.212e-4,8.694e-5,8.332e-5
PER,PER.14_1,POTA,15.089350534521055,12.408710934275124,9.911544808554975,9.499469853874391,7.211272921440784,5.5789529648070735,54035.50230499353,55867.311376413294,59246.00353099518,53457.198736209626,64463.454431807884,61389.991745652995,2.792e-4,2.221e-4,1.673e-4,1.777e-4,1.119e-4,9.088e-5
PER,PER.16_1,POTA,0,0,4.855096375180134e-4,6.385881624815745e-4,6.839556096007909e-4,6.458592779312468e-4,1009.5176889074872,1043.7404421237288,1106.862821854215,998.7135387221057,1204.337792025631,1146.917858546383,0,0,4.386e-7,6.394e-7,5.679e-7,5.631e-7
PER,PER.18_1,POTA,0.00656727036780972,0,0,0,0,0,9.006984974806733e-4,9.312322689442314e-4,9.875504822904303e-4,8.910589617444941e-4,0.0010745183087486087,0.001023287856446016,7.291,0,0,0,0,0
PER,PER.1_1,POTA,123.21075385446711,111.49431811536232,99.688407756341,91.33994351786099,88.92971904628577,85.94434728038256,11935.407342996245,12340.018876328288,13086.307250292266,11807.671162764484,14238.742207624524,13559.873176192054,0.01032,0.009035,0.007618,0.007736,0.006246,0.006338
PER,PER.20_1,POTA,29.42685000755198,22.74651113980267,16.94917503090577,12.084424616644805,8.197557280606985,5.713181467875221,412.25338495402394,426.22881699534867,452.0058935103803,407.8413300347135,491.8114232628573,468.36303577964986,0.07138,0.05337,0.0375,0.02963,0.01667,0.0122
PER,PER.21_1,POTA,37.75674027284223,34.367402356010906,30.873135698232144,26.517452554744626,22.257162720156845,19.136002909860775,198957.26633305586,205701.93770525386,218142.1913177282,196827.96785154555,237352.70507980493,226036.29821098468,1.898e-4,1.671e-4,1.415e-4,1.347e-4,9.377e-5,8.466e-5
PER,PER.22_1,POTA,18.734130355759746,13.12869733415874,8.661537654351886,5.057048219525629,1.9640548745094184,0.4258168350812304,0.03818819449680922,0.03948277820782125,0.04187058155266205,0.03777949339807107,0.045557880111546274,0.04338578980367619,490.6,332.5,206.9,133.9,43.11,9.815
PER,PER.23_1,POTA,6.234388624479599e-4,3.740633174687759e-4,1.2468777248959197e-4,0,0,0,1.044281174391251,1.0796824133316356,1.1449784587200622,1.0331049753331645,1.2458100513140644,1.1864128201154027,5.97e-4,3.465e-4,1.089e-4,0,0,0
PER,PER.25_1,POTA,4.079919988182412,3.7403823204323667,3.397564376456476,4.494685996081136,4.097214436812563,3.7872121372587397,121033.32940743183,125136.37169065644,132704.25471326,119737.9957221253,144390.7464938094,137506.54248261696,3.371e-5,2.989e-5,2.56e-5,3.754e-5,2.838e-5,2.754e-5
PER,PER.26_1,POTA,1.0234132978469683,1.0810856189795817,1.094294290922328,1.0488634627836426,0.9867637365392066,0.9169150275312876,8.061390356001327,8.334672316054734,8.838729004509478,7.975115025646807,9.61710445362296,9.158584010565855,0.127,0.1297,0.1238,0.1315,0.1026,0.1001
PER,PER.2_1,POTA,0.8317432920440604,0.7375013741434188,0.6635505273616709,0.5911280160576389,0.6706907454854789,0.5917203558360505,3172.309696527493,3279.8513206740113,3478.2071687063703,3138.3587209552697,3784.512641548707,3604.0761680211253,2.622e-4,2.249e-4,1.908e-4,1.884e-4,1.772e-4,1.642e-4
PER,PER.3_1,POTA,7.476836686767821,5.995803835883129,4.697267665598818,3.671972772443828,2.915025304777343,2.3618514259277554,6572.316324616573,6795.118522248042,7206.067484618665,6501.9774950772535,7840.663930761591,7466.839905377284,0.001138,8.824e-4,6.518e-4,5.647e-4,3.718e-4,3.163e-4
PER,PER.5_1,POTA,13.466448444757086,12.681542133756524,11.796379732225388,11.018265784620707,10.67471010553846,9.643460313264034,5113.285665790092,5286.626574411373,5606.346340605616,5058.561804206506,6100.064651069509,5809.2282189632015,0.002634,0.002399,0.002104,0.002178,0.00175,0.00166
PER,PER.6_1,POTA,78.79606256716616,63.67392586387575,51.869693288919144,43.92780588441285,37.32164531245415,33.04174714652866,79809.9768504627,82515.54325307146,87505.84279946989,78955.82740299993,95211.97335900401,90672.4951387726,9.873e-4,7.717e-4,5.928e-4,5.564e-4,3.92e-4,3.644e-4
PER,PER.8_1,POTA,55.25668788694617,52.94186430577791,49.453950898028964,45.126550859226555,41.30570147934959,36.800963736514156,11847.9784101847,12249.626093725456,12990.447775667095,11721.17791966994,14134.440946677461,13460.544748867782,0.004664,0.004322,0.003807,0.00385,0.002922,0.002734
PER,PER.9_1,POTA,7.103635969348156,5.458751604060724,3.9566222087338128,2.6583893199178084,1.612736532698671,1.0101100579397562,2400.260480567352,2481.62955709146,2631.711279453767,2374.5721989245103,2863.470783341343,2726.9473735572124,0.00296,0.0022,0.001503,0.00112,5.632e-4,3.704e-4
PHL,PHL.10_1,POTA,0.0037849022889197646,0.0036328085830729766,0.00345671177815662,0.0031242076889783765,0.002826708660903846,0.0026137499327113316,70.28719067787986,63.78556259495988,66.48313955804876,61.92682811804017,63.620370085822806,63.53848251887825,5.385e-5,5.695e-5,5.199e-5,5.045e-5,4.443e-5,4.114e-5
PHL,PHL.12_1,POTA,0.003733653420469072,0.003502398674408117,0.0035263817826227035,0.003264428311408175,0.003066732240725197,0.002774882379594559,30.127427881555786,27.340613822098508,28.496885037758055,26.54389839835938,27.269806817897578,27.234707082885766,1.239e-4,1.281e-4,1.237e-4,1.23e-4,1.125e-4,1.019e-4
PHL,PHL.13_1,POTA,8.82346667072484,6.569306322360668,4.75905952465548,3.377022559122299,2.292542986847056,1.5868737272408926,23.0953999731252,20.959054792682572,21.845441320867334,20.348300318442245,20.904774815999918,20.877867692622658,0.382,0.3134,0.2179,0.166,0.1097,0.07601
PHL,PHL.14_1,POTA,0,0,0,0,0,0,159.15407255241436,144.43217831196762,150.540408781254,140.2233721419914,144.05812636408416,143.87270509962698,0,0,0,0,0,0
PHL,PHL.15_1,POTA,0.05119303840628763,0.050044251404316634,0.06872341631346573,0.06478551722450113,0.060175917817956816,0.05550900528901561,1346.6160082637589,1222.0528215465433,1273.7350738457842,1186.4417581708155,1218.8879365212092,1217.3190715906037,3.802e-5,4.095e-5,5.395e-5,5.46e-5,4.937e-5,4.56e-5
PHL,PHL.16_1,POTA,5.067814412647046,4.400847809309743,3.7327835743221325,3.0642893275030185,2.3963874225646418,1.7264631012850582,162.55824696961008,147.52146354698743,153.76034403084404,143.2226344824601,147.13941093627918,146.95002366382266,0.03118,0.02983,0.02428,0.0214,0.01629,0.01175
PHL,PHL.17_1,POTA,0.5982865766365635,0.5522655263903755,0.49017946366986265,0.4246239767526395,0.3588349303352721,0.2920608449272481,39.82752877913317,36.14344669979052,37.67200152030863,35.09021352660034,36.0498420280388,36.00344126286831,0.01502,0.01528,0.01301,0.0121,0.009954,0.008112
PHL,PHL.18_1,POTA,0.5847306994614517,0.510936030391368,0.43779881738169285,0.36389025577605477,0.29024902788290785,0.21703417973301511,0.32077293385959027,0.29110115021155636,0.30341220814994674,0.28261835689349674,0.29034725344464246,0.2899735393319841,1.823,1.755,1.443,1.288,0.9997,0.7485
PHL,PHL.19_1,POTA,2.2881601123358717,2.2267355075506297,2.12101594024237,2.0863749349059852,1.9562347295239748,1.8788619400920512,267.04812927752,242.34593816621143,252.59507281830574,235.28388944726535,241.7183081512648,241.40718572123555,0.008568,0.009188,0.008397,0.008867,0.008093,0.007783
PHL,PHL.1_1,POTA,0.7508238459287769,0.5063208944295987,0.30611981680313655,0.13576083083891474,0.02771874997497207,0,0.003341290909598399,0.003032218508190172,0.003160455094370129,0.002943858558799799,0.0030243656373642063,0.0030204728913261,224.7,167,96.86,46.12,9.165,0
PHL,PHL.20_1,POTA,29.914016564139185,29.31207219906272,27.761802152849985,26.166249175051874,24.314649869367422,22.510031556855466,7284.611048749652,6610.778003056373,6890.356668253388,6418.137529355914,6593.657341871529,6585.17046013438,0.004106,0.004434,0.004029,0.004077,0.003688,0.003418
PHL,PHL.21_1,POTA,0.005012797564360289,0.0046625664571187005,0.004312335349877111,0.003962104242635524,0.003666170987909874,0.0033131553754110624,67.87960711599204,61.60068266864177,64.20585813025332,59.805616386870945,61.44114858411535,61.362065954431735,7.385e-5,7.569e-5,6.716e-5,6.625e-5,5.967e-5,5.399e-5
PHL,PHL.22_1,POTA,3.6989520778443,3.5862742286510003,3.490728933958061,3.270903971282326,3.0196786368382558,2.7537298114116684,502.3503933820593,455.8825321177368,475.1624156287526,442.5979494410348,454.7018828251924,454.11662324843354,0.007363,0.007867,0.007346,0.00739,0.006641,0.006064
PHL,PHL.23_1,POTA,0.12165567097472942,0.11406495321791188,0.10601227620162038,0.09817007991150373,0.09239456141689156,0.08433899172794954,511.5365508563798,464.21896179908174,483.85140409844917,450.69145253158473,463.01672273480403,462.42076089383625,2.378e-4,2.457e-4,2.191e-4,2.178e-4,1.995e-4,1.824e-4
PHL,PHL.24_1,POTA,0.003068904650876197,0.002912862123803849,0.0029018816376669347,0.0027237154499894422,0.0027405985741535944,0.0024933625678658015,92.10786606327282,83.58780596584637,87.1228463510891,81.1520269199613,83.37132940220074,83.26401982024656,3.332e-5,3.485e-5,3.331e-5,3.356e-5,3.287e-5,2.995e-5
PHL,PHL.25_1,POTA,0.11455528261321753,0.1102847997146803,0.11019682971642249,0.10305234516418842,0.09497499063882833,0.08618547590185442,1911.8198799658549,1734.974828951708,1808.349240647953,1684.4170318583695,1730.481573211312,1728.2542217281077,5.992e-5,6.357e-5,6.094e-5,6.118e-5,5.488e-5,4.987e-5
PHL,PHL.26_1,POTA,1.3185508257412377,0.91424717464914,0.6140775603202119,0.3631133238192264,0.17264413330641123,0.09805433192462137,149.6915093531133,135.84491068273607,141.58997409054194,131.88634061252347,135.49309812929542,135.31870115347428,0.008808,0.00673,0.004337,0.002753,0.001274,7.246e-4
PHL,PHL.27_1,POTA,9.245179234232246,8.918404644609414,9.52215701083179,9.076927068339504,8.503734539916813,7.839334713360177,1196.6242966203406,1085.9354775541995,1131.861144875704,1054.2909230543423,1083.1231106329064,1081.72899242656,0.007726,0.008213,0.008413,0.00861,0.007851,0.007247
PHL,PHL.28_1,POTA,3.805324747744689,3.0251966048671854,2.4093780188739595,1.8939661678742954,1.429922458518643,1.03276083303819,0.7036891024348867,0.6385972302756645,0.6656043633478139,0.6199882748868694,0.6369433845697469,0.6361235568326008,5.408,4.737,3.62,3.055,2.245,1.624
PHL,PHL.29_1,POTA,1.3317852567790505,1.2482308839812375,1.1333971620171606,1.026530000552915,0.9281970443832784,0.8379002480600124,362.6040443198922,329.0628454927137,342.9793544219578,319.4738345769592,328.210635135083,327.78818599936926,0.003673,0.003793,0.003305,0.003213,0.002828,0.002556
PHL,PHL.2_1,POTA,8.145762073008417,7.969211140964395,7.647469594450642,7.5177998782470254,7.062107680125711,6.5062855884970086,530.2823177875437,481.2307285014687,501.5826212233276,467.20749016932695,479.9844321879939,479.366630731163,0.01536,0.01656,0.01525,0.01609,0.01471,0.01357
PHL,PHL.30_1,POTA,0.003617288182832734,0.003546202940335944,0.004565308599970227,0.004296355589306027,0.004311034191851052,0.00425938067900785,13.463465168026454,12.218082582869245,12.734801676780156,11.862043215734685,12.186440066340472,12.170754556724571,2.687e-4,2.902e-4,3.585e-4,3.622e-4,3.538e-4,3.5e-4
PHL,PHL.31_1,POTA,2.4104794575298296,2.343237215110303,2.199203397298906,2.053681481220059,1.9654186433128127,1.7998364617517806,1207.5228197556778,1095.82587753942,1142.1698231369237,1063.8931131893214,1092.9878963580427,1091.5810809086531,0.001996,0.002138,0.001925,0.00193,0.001798,0.001649
PHL,PHL.32_1,POTA,2.2683942157088905,3.1126239814706684,3.1390919396451324,3.0190241243870037,2.934895653681554,2.712539976746399,132.96832272636703,120.66863379530002,125.77187210583472,117.15230594941461,120.35612492056661,120.20121116851949,0.01706,0.02579,0.02496,0.02577,0.02439,0.02257
PHL,PHL.34_1,POTA,0.4777918743073156,0.46770502789683477,0.4497900079874643,0.4383364367812884,0.4112450165631124,0.37720666212496207,7.2867039948750865,6.612677349790881,6.892336340907862,6.419981528436261,6.595551769658238,6.587062449549824,0.06557,0.07073,0.06526,0.06828,0.06235,0.05726
PHL,PHL.35_1,POTA,0.335777442523615,0.28104070403720494,0.22906555507181625,0.18008120304472164,0.13530917277427887,0.09420806014664344,0.04628545887584696,0.042004012479202865,0.0437804184841277,0.04078000028917431,0.041895230053635414,0.041841305525201405,7.254,6.691,5.232,4.416,3.23,2.252
PHL,PHL.36_1,POTA,41.870048704229994,40.07748201706003,38.22706595624077,35.82979048965628,33.17117256181201,30.12779025550898,1723.9446459072885,1564.4782222939486,1630.6421039000954,1518.8887582857155,1560.426520427303,1558.4180515834219,0.02429,0.02562,0.02344,0.02359,0.02126,0.01933
PHL,PHL.38_1,POTA,0.788751554420513,0.5191947938838088,0.28915481414067923,0.12198112864060454,0.030450483229428147,0,0.0020143167296674076,0.0018279906282655095,0.0019052988028263318,0.0017747223169735165,0.0018232564792468712,0.001820909714573858,391.6,284,151.8,68.73,16.7,0
PHL,PHL.39_1,POTA,0.2956994868943746,0.2785828652899355,0.26090956656260655,0.24681177460569603,0.22939576306598344,0.21103995965486969,264.82881191080713,240.3319096434141,250.4958683289562,233.3285504476223,239.7094955803478,239.4009587494538,0.001117,0.001159,0.001042,0.001058,9.57e-4,8.815e-4
PHL,PHL.3_1,POTA,59.21438576556411,58.85336218834619,56.77218088162507,53.435138610143014,50.15202464989686,45.92455179788685,2764.601290818016,2508.873195597445,2614.9768068288936,2435.7637188262047,2502.375689870025,2499.1548117684315,0.02142,0.02346,0.02171,0.02194,0.02004,0.01838
PHL,PHL.40_1,POTA,1.9745271097587103,1.8642318886038731,1.7607004336627496,1.7391306667246467,1.6210912138524616,1.6075788013593728,262.1230093765553,237.87639626674357,247.93650799933923,230.9445916232058,237.26034151759427,236.95495706174935,0.007533,0.007837,0.007101,0.007531,0.006833,0.006784
PHL,PHL.41_1,POTA,0.23236147066701351,0.23714063511343608,0.22990963674061474,0.22195019010385136,0.2121839843201296,0.1997287582780913,1022.4256669835713,927.8503771612308,967.0904136333907,900.8124799429532,925.4474206665091,924.256251273573,2.273e-4,2.556e-4,2.377e-4,2.464e-4,2.293e-4,2.161e-4
PHL,PHL.42_1,POTA,0.09464069690026886,0.09678309440173621,0.09646887959099407,0.09417308945540352,0.08992987514693118,0.08412709076980689,58.230671450135546,52.844282192915784,55.079137738202476,51.304380603526845,52.70742552482575,52.63958431562943,0.001625,0.001831,0.001751,0.001836,0.001706,0.001598
PHL,PHL.43_1,POTA,4.01213858765981,3.887938816427896,3.687236843857372,3.4240398578861297,3.1360476905827404,2.860284374118792,3189.5768914068294,2894.538172547781,3016.9520727375284,2810.1902781780313,2887.041867677783,2883.325874924325,0.001258,0.001343,0.001222,0.001218,0.001086,9.92e-4
PHL,PHL.44_1,POTA,0.5554902623381202,0.5445319594721735,0.5356482160992688,0.5083410046461083,0.4783438906587685,0.44115531726345136,11.221528212093663,10.183526803111642,10.614201805251433,9.88677513085979,10.157153400165386,10.144079842468374,0.0495,0.05347,0.05047,0.05142,0.04709,0.04349
PHL,PHL.45_1,POTA,0.037500287589030186,0.036083770488355545,0.033962936484236796,0.032519863298432636,0.029967958431901986,0.027379894700685074,176.55068064146153,160.21958457336368,166.9954856205221,155.55072764698775,159.8046462376052,159.5989571847251,2.124e-4,2.252e-4,2.034e-4,2.091e-4,1.875e-4,1.716e-4
PHL,PHL.46_1,POTA,0.047741249597293874,0.04449584088475498,0.04001196637932622,0.03615409783937853,0.03372771518127275,0.032569641383254605,1112.8072573916581,1009.8715895159503,1052.5804130291167,980.4435643589953,1007.2562136379055,1005.959745847584,4.29e-5,4.406e-5,3.801e-5,3.688e-5,3.348e-5,3.238e-5
PHL,PHL.47_1,POTA,0,0,0,0,0,0,0.35506380743559324,0.32222008727282025,0.33584720678246827,0.3128304768185982,0.3213855983611372,0.3209719339221326,0,0,0,0,0,0
PHL,PHL.48_1,POTA,0.06444822308605559,0.06698374994850673,0.06433884255240474,0.061880173879982805,0.05828713742295852,0.05418715886069903,400.6132140522109,363.55613298593914,378.931409290393,352.96197513602516,362.61459155592183,362.1478601206747,1.609e-4,1.842e-4,1.698e-4,1.753e-4,1.607e-4,1.496e-4
PHL,PHL.49_1,POTA,0.02692022118433411,0.02576894636233761,0.02411287357357422,0.02214907687398689,0.02035084457888406,0.01836795416104752,136.31472824371085,123.70549380543879,128.937164997494,120.10067075510929,123.38512003926972,123.22630758244891,1.975e-4,2.083e-4,1.87e-4,1.844e-4,1.649e-4,1.491e-4
PHL,PHL.4_1,POTA,0.215286988566248,0.2034691511183059,0.2178430117423255,0.2052238134279856,0.19195643617065986,0.17650367695689187,419.0038234800917,380.2455945721556,396.3266905836053,369.1650997458241,379.2608306020617,378.77267332455006,5.138e-4,5.351e-4,5.497e-4,5.559e-4,5.061e-4,4.66e-4
PHL,PHL.51_1,POTA,31.96415848554951,31.22916118484726,34.69745504716775,32.49102284881834,30.227544166391933,27.653121826010437,1633.3697325009966,1482.281569491487,1544.9692444448692,1439.0873458203425,1478.4427413656492,1476.5397961486697,0.01957,0.02107,0.02246,0.02258,0.02045,0.01873
PHL,PHL.52_1,POTA,9.06305469929809,9.288927373498698,11.117350359414042,10.455388674954195,9.679120863452884,8.959795600853948,1616.7664227157643,1467.21408073037,1529.2645313822015,1424.4589291580126,1463.4142745426257,1461.5306728878006,0.005606,0.006331,0.00727,0.00734,0.006614,0.00613
PHL,PHL.53_1,POTA,1.655333838156368,1.3860833436237663,1.1347903519001423,0.9001473870265316,0.6855047973084488,0.5133995836484643,0.9750185369350228,0.8848284490973064,0.922249030549686,0.8590442264991582,0.8825369112364522,0.8814009731665786,1.698,1.566,1.23,1.048,0.7767,0.5825
PHL,PHL.54_1,POTA,2.2776306833086712,2.181300857204148,2.06143895882742,1.9350290266608703,1.8320429832603646,1.6788942387672499,5124.207638058929,4650.213842589139,4846.8776207996125,4514.7049210929645,4638.1706707265785,4632.200750859922,4.445e-4,4.691e-4,4.253e-4,4.286e-4,3.95e-4,3.624e-4
PHL,PHL.55_1,POTA,9.320484006962667,8.102446427793932,6.870835471936125,5.641277126202861,4.411793487464528,3.179962778309198,122.90723621300799,111.53820679456435,116.25530710555282,108.28794290993979,111.2493439940268,111.10615183573599,0.07583,0.07264,0.0591,0.0521,0.03966,0.02862
PHL,PHL.56_1,POTA,3.9659837797626936,3.3509839910175065,2.7703113587962265,2.218952656449439,1.6881842764328814,1.1798596417712923,8.987920227494598,8.156529557380448,8.501480128287252,7.9188453215826184,8.13540569284718,8.124934383463163,0.4413,0.4108,0.3259,0.2802,0.2075,0.1452
PHL,PHL.57_1,POTA,0.3648655096344524,0.37591351012340657,0.3700946600473463,0.34672582538113117,0.32720187400579925,0.3014740397681931,1155.3175040454028,1048.449600284461,1092.7899395967709,1017.8973978725095,1045.7343146754818,1044.3883206395512,3.158e-4,3.585e-4,3.387e-4,3.406e-4,3.129e-4,2.887e-4
PHL,PHL.58_1,POTA,0.30609084942806,0.31413448273764155,0.30953050984225206,0.29527481207308987,0.2773484993279646,0.26048569268860533,516.5289401524254,468.7495506143428,488.5735975891269,455.0900183421238,467.53557818433444,466.93379999747566,5.926e-4,6.702e-4,6.335e-4,6.488e-4,5.932e-4,5.579e-4
PHL,PHL.59_1,POTA,0.45485594780193217,0.4476056331026138,0.49889405178355306,0.4739205957180831,0.44757968297306067,0.41531657702052877,465.293573289665,422.25350106987247,440.1111677695108,409.9488805803976,421.1599445894417,420.61785778437576,9.776e-4,0.00106,0.001134,0.001156,0.001063,9.874e-4
PHL,PHL.5_1,POTA,13.645262839863246,13.381933744412446,12.84996029381676,12.033911876945812,11.062696367056962,10.133372645975161,5286.28726131726,4797.30095554677,5000.185244972317,4657.505862120107,4784.876855959146,4778.718106437015,0.002581,0.002789,0.00257,0.002584,0.002312,0.002121
PHL,PHL.60_1,POTA,1.8246191760459474,1.8731901860581746,1.7884687726026798,1.6936144451160944,1.5853122084324012,1.4437515344766245,230.7637211526968,209.4178702871896,218.2744328001382,203.31535743396506,208.8755177226985,208.60666817156383,0.007907,0.008945,0.008194,0.00833,0.00759,0.006921
PHL,PHL.61_1,POTA,0.7575799867833919,0.7214846631477952,0.6832153821980419,0.6346593759706063,0.602343008402312,0.556957884355311,546.2588841887432,495.72944820285176,516.694511220144,481.28371190904295,494.4456029552716,493.8091881189885,0.001387,0.001455,0.001322,0.001319,0.001218,0.001128
PHL,PHL.62_1,POTA,29.123727672405312,27.938295463805606,26.30131416543145,26.013489048222098,24.933834410418857,22.8576047967501,2812.924549819564,2552.726509865784,2660.6847365542844,2478.33913157825,2546.1154323719134,2542.8382556180577,0.01035,0.01094,0.009885,0.0105,0.009793,0.008989
PHL,PHL.63_1,POTA,0.01117444437536998,0.01086652306318967,0.01053148342726756,0.00997264987186946,0.00926343896145219,0.00912664061769976,5.482827247840257,4.9756608173063395,5.186088184422957,4.830668252683,4.962774799505648,4.956387072539,0.002038,0.002184,0.002031,0.002064,0.001867,0.001841
PHL,PHL.64_1,POTA,0.28975318576664877,0.2921833685407197,0.3010552313534461,0.2888109210603203,0.2711741814397535,0.26209336995338517,41.953271184351834,38.07255602883229,39.68269546934267,36.96310790865784,37.97395532980575,37.92507798431052,0.006907,0.007674,0.007587,0.007813,0.007141,0.006911
PHL,PHL.65_1,POTA,0.06013664222736632,0.05764038341013855,0.05622386651254271,0.05582152499128987,0.05210476105608933,0.04881341764544973,104.05227411198727,94.42734557332126,98.42080462175413,91.67569840363693,94.18279665798971,94.06157133257973,5.779e-4,6.104e-4,5.713e-4,6.089e-4,5.532e-4,5.19e-4
PHL,PHL.66_1,POTA,3.8104752386444773,4.337133396209492,4.157275913870119,3.955610599908405,3.770813297103105,3.472350759396813,2402.5925786858115,2180.3506135319126,2272.5605642988144,2116.8144042037998,2174.7039189823167,2171.904796429115,0.001586,0.001989,0.001829,0.001869,0.001734,0.001599
PHL,PHL.67_1,POTA,0,0,0,0,0,0,0.012940262040654854,0.011743276213330519,0.012239915109273615,0.011401072876372991,0.011712863355243994,0.011697787399526963,0,0,0,0,0,0
PHL,PHL.68_1,POTA,1.8469471139018233e-4,1.731933485641036e-4,1.6169198573802497e-4,1.5349413838384486e-4,1.4182336450792521e-4,1.3015259063200557e-4,45.599409783598304,41.38142354237381,43.13149942641958,40.175553820244794,41.27425350406849,41.22112825200941,4.05e-6,4.185e-6,3.749e-6,3.821e-6,3.436e-6,3.157e-6
PHL,PHL.69_1,POTA,0.05515108380432071,0.05177435825413379,0.04794623753190726,0.04415445870972922,0.040413543927964354,0.03712908081327511,769.7269552257247,698.5265225435996,728.0681457363861,678.171205796778,696.7174713372866,695.8207066925884,7.165e-5,7.412e-5,6.585e-5,6.511e-5,5.801e-5,5.336e-5
PHL,PHL.6_1,POTA,0.04617089480036042,0.04433206459544345,0.044889844364321654,0.043450823267190165,0.04010181040817809,0.03654541264658477,387.8545265253678,351.977635481285,366.8632416023139,341.72087925686884,351.0660801637518,350.61421314218944,1.19e-4,1.26e-4,1.224e-4,1.272e-4,1.142e-4,1.042e-4
PHL,PHL.70_1,POTA,0.13457747598997064,0.10636769956963936,0.07999513524781074,0.05601587910693731,0.03906164364319994,0.027741724185246338,10.396411134909735,9.434733794495221,9.833741336351057,9.159802222663739,9.41029962342034,9.398187362216236,0.01294,0.01127,0.008135,0.006115,0.004151,0.002952
PHL,PHL.71_1,POTA,2.9213715414864616,2.7673959223663034,3.441134345688636,3.1873317872350686,2.9746054526879147,2.7957602895687734,3382.7794426774617,3069.8693148046477,3199.698204076917,2980.41220722532,3061.9189355306466,3057.977853586706,8.636e-4,9.015e-4,0.001075,0.001069,9.715e-4,9.143e-4
PHL,PHL.72_1,POTA,1.7136652755545656,1.5037942524048622,1.2939696778634637,1.0836220308383875,0.8732731110519721,0.6626446287506641,63.66281956651496,57.77395174380676,60.21728962389025,56.09039779201338,57.624328166573044,57.55015827375397,0.02692,0.02603,0.02149,0.01932,0.01515,0.01151
PHL,PHL.73_1,POTA,0.5079109717851771,0.4968019910167318,0.46744632848935813,0.4331291001554704,0.46658899805308257,0.4290613553611271,71.22438401376934,64.63606470798244,67.36961054574782,62.75254629037373,64.4686695596844,64.38569012263815,0.007131,0.007686,0.006939,0.006902,0.007237,0.006664
PHL,PHL.74_1,POTA,0.02357958172090533,0.026369703991703807,0.05841499404078319,0.056855051762143276,0.05459416989061588,0.05091591346716374,127.83503168974987,116.01017677665385,120.91640269401053,112.62959806141092,115.70973242204555,115.56079917241078,1.845e-4,2.273e-4,4.831e-4,5.048e-4,4.718e-4,4.406e-4
PHL,PHL.75_1,POTA,12.367867550948167,12.123800449875882,11.508747255164671,10.713703416948444,9.9087990022169965,9.056534881669032,1054.151662874186,956.6416900199636,997.0993497150773,928.7648034807619,954.1641694856851,952.9360379580083,0.01173,0.01267,0.01154,0.01154,0.01038,0.009504
PHL,PHL.76_1,POTA,23.9611793181527,22.929889088628485,21.806982926433648,20.465196818275366,19.110775820516015,17.479196449035783,2027.0066498076656,1839.506719428422,1917.301924924805,1785.902825054411,1834.7427459178882,1832.3811969481208,0.01182,0.01247,0.01137,0.01146,0.01042,0.009539
PHL,PHL.77_1,POTA,1.7142919311890479,1.7290062628913014,1.6918036599287547,1.6232927305069484,1.6191088457172194,1.5560962183824345,91.3069135877705,82.86094231161556,86.36524265837322,80.44634433679381,82.6463481869727,82.53997174872258,0.01878,0.02087,0.01959,0.02018,0.01959,0.01885
PHL,PHL.78_1,POTA,0.3036530345488112,0.28804075737786455,0.26377673732836515,0.2394141969119889,0.2176773084387832,0.1939995565852816,58.99893976629196,53.54148500181026,55.80582618866474,51.981266669171326,53.402822710681185,53.33408643621674,0.005147,0.00538,0.004727,0.004606,0.004076,0.003637
PHL,PHL.79_1,POTA,0.1556447059976828,0.1510500703434963,0.1487554685993413,0.1409464053122966,0.13163284580658988,0.12227655901222821,301.35465676594646,273.4790811389808,285.04487814937704,265.509801318448,272.77082218864876,272.4197311947994,5.165e-4,5.523e-4,5.219e-4,5.309e-4,4.826e-4,4.489e-4
PHL,PHL.7_1,POTA,14.910559123974412,14.700863009830957,14.127794442928597,13.366378753856342,12.40543654325986,11.334352531292122,6.420365795141056,5.826476209375537,6.072885700159567,5.656690574997916,5.8113867410805575,5.803906741826245,2.322,2.523,2.326,2.363,2.135,1.953
PHL,PHL.80_1,POTA,0.41664796985409086,0.40554691178719504,0.40745299964394965,0.3877396658034962,0.36482644840354883,0.3356020127472742,1382.0032286524552,1254.1666923585003,1307.20708331128,1217.6198191155056,1250.9186384986886,1249.3085459510644,3.015e-4,3.234e-4,3.117e-4,3.184e-4,2.916e-4,2.686e-4
PHL,PHL.81_1,POTA,0.1876173187576948,0.18662636782159783,0.18564004305228457,0.1750683843289391,0.16444571116059603,0.15183910868773792,448.4280495613127,406.948053390198,424.1584321865747,395.08943920888333,405.894135116327,405.37169736381304,4.184e-4,4.586e-4,4.377e-4,4.431e-4,4.051e-4,3.746e-4
PHL,PHL.8_1,POTA,0.060075551016232825,0.05926597743440207,0.05600123917925882,0.052784952891474245,0.049107731162199804,0.045135799514658514,177.20255134644245,160.8111566543555,167.61207607797354,156.12506110253221,160.39468625910865,160.18823774912863,3.39e-4,3.685e-4,3.341e-4,3.381e-4,3.062e-4,2.818e-4
PHL,PHL.9_1,POTA,19.489536892995435,20.569841593004526,20.829555504342643,19.751558436110084,18.848019691627496,17.995719390337907,643.1784187700282,583.6838390397372,608.3686111709982,566.6750798298633,582.1722086018902,581.4228783851556,0.0303,0.03524,0.03424,0.03486,0.03238,0.03095
PNG,PNG.10_1,POTA,0.2027191147142835,0.1984399466412186,0.19213417853303286,0.17994000464352392,0.16578928361573528,0.14972193005128648,39.06971996862611,39.01057690813815,39.24312370618243,39.10780686098223,39.1205024917676,39.151717228858004,0.005189,0.005087,0.004896,0.004601,0.004238,0.003824
PNG,PNG.11_1,POTA,2.5146535178551166,2.51203372571993,2.514819191736192,2.3920183968553164,2.232787873011092,2.030255553262555,85.30746320304394,85.17832625349979,85.68608462579112,85.39062469411162,85.41834519113418,85.48650155462668,0.02948,0.02949,0.02935,0.02801,0.02614,0.02375
PNG,PNG.14_1,POTA,0.4410165799000547,0.3266703624508404,0.2294615616405393,0.1537505453009241,0.10785408224273803,0.08422340877344499,0.9491882008968687,0.9477513363576506,0.9534009974516443,0.9501135115687213,0.9504219484593386,0.9511803019915396,0.4646,0.3447,0.2407,0.1618,0.1135,0.08855
PNG,PNG.17_1,POTA,0.17727879428220936,0.09797111029778964,0.04446415098733974,0.014943829694895352,0.0015767390400938566,0.001279812288867788,0.09210475929708492,0.09196533271929755,0.09251354926337248,0.09219454709325164,0.09222447635864056,0.09229806341911967,1.925,1.065,0.4806,0.1621,0.0171,0.01387
PNG,PNG.18_1,POTA,0.3918549196419155,0.3946792899714771,0.38948517024511076,0.38413849055763805,0.3596378291884853,0.33663534947772517,0.10233980393341448,0.10218488372361466,0.10279402025534065,0.10243956930412326,0.10247282442769284,0.10255458877297687,3.829,3.862,3.789,3.75,3.51,3.282
PNG,PNG.19_1,POTA,0.5681564159559014,0.47697905822550485,0.3961034463720298,0.32098452270718175,0.2537154687187422,0.1936052296973357,4.828626503186007,4.821317012624492,4.85005747027736,4.833333662029287,4.834902714977046,4.838760544184057,0.1177,0.09893,0.08167,0.06641,0.05248,0.04001
PNG,PNG.21_1,POTA,0.10111453582723606,0.09488956850941535,0.09053088524753572,0.08327258161304726,0.07445076587150841,0.06516975155816768,17.83233919038506,17.805344906417176,17.911484735002933,17.849722943935056,17.85551752845172,17.86976466869183,0.00567,0.005329,0.005054,0.004665,0.00417,0.003647
PNG,PNG.22_1,POTA,0.08549682571289437,0.08705404313333824,0.08372257324658136,0.07719879345768962,0.07075653889619683,0.06481381694254405,0.34413732401036534,0.36364475851823497,0.3994653734721969,0.3356103763220301,0.3410935350771625,0.3447261326603733,0.2484,0.2394,0.2096,0.23,0.2074,0.188
PNG,PNG.2_1,POTA,1.003180798903812,0.8152816699153779,0.6425420236325247,0.49161707599738264,0.3661192885118011,0.26007112629939616,0.4302918046954877,0.4296404364683028,0.4322015754139359,0.4307112721925755,0.4308510946916047,0.43119487615629165,2.331,1.898,1.487,1.141,0.8498,0.6031
PNG,PNG.3_1,POTA,0.21597467637565712,0.20336440382769977,0.19404730103436754,0.17874942849578518,0.16144291051269197,0.14415228088278095,19.03087029746549,19.002061698016984,19.11533530108415,19.049422432188873,19.05560647709667,19.070811183283812,0.01135,0.0107,0.01015,0.009383,0.008472,0.007559
PNG,PNG.6_1,POTA,0.24272876949481137,0.22526048528956458,0.21793197452473828,0.19211525526574916,0.16856629528401776,0.1475702264946787,2.9484404421814654,2.943977144477844,2.961526550631872,2.951314712430394,2.9522728025133698,2.954628457821453,0.08232,0.07652,0.07359,0.06509,0.0571,0.04995
PNG,PNG.7_1,POTA,0.4710592755849526,0.42371675353072313,0.37489879346745275,0.3253374508204823,0.2731282225167752,0.21764959718401267,22.44831098389668,22.414329122356865,22.54794366694534,22.470194591066296,22.4774891267895,22.49542419584166,0.02098,0.0189,0.01663,0.01448,0.01215,0.009675
PNG,PNG.9_1,POTA,0.04636226940855799,0.04021011194570723,0.03409749741721521,0.027849237551185294,0.02160097768515539,0.015626593597720263,0.5460060446863882,0.5451795102614266,0.5484293916915112,0.546538315546442,0.54671573916646,0.5471519704767519,0.08491,0.07376,0.06217,0.05096,0.03951,0.02856
POL,POL.10_1,POTA,0.14269402942439005,0.13321014907224993,0.11062316074095918,0.09152860339986643,0.07657013330479531,0.0656017020023689,3921.5558726774348,3535.009937541227,3035.570179841585,2825.22188293132,2962.19192256804,2935.8852885961414,3.639e-5,3.768e-5,3.644e-5,3.24e-5,2.585e-5,2.234e-5
POL,POL.11_1,POTA,0.08958362055501434,0.06512579034072404,0.0480396521305494,0.034775059922510065,0.025184655106603646,0.020829907512730526,5930.957903940695,5343.824380710741,4551.071498301174,4218.358728694995,4467.489583214804,4415.048954512038,1.51e-5,1.219e-5,1.056e-5,8.244e-6,5.637e-6,4.718e-6
POL,POL.12_1,POTA,0.06523041989898586,0.055255758686372336,0.045317454650063996,0.03545572981778908,0.025639262015477327,0.019810331853223718,1296.7739474527762,1168.8029458800847,996.1626129549525,923.0331126573086,977.9787903264381,966.2587488099609,5.03e-5,4.728e-5,4.549e-5,3.841e-5,2.622e-5,2.05e-5
POL,POL.13_1,POTA,0.009046308165246354,0.007207505849957928,0.005397865238577097,0.0038121192629640625,0.0024502679231188577,0.0016868303741063271,2176.56730874978,1961.0986351845363,1670.1709240599364,1548.0706243685079,1639.4976893268388,1620.2528118663383,4.156e-6,3.675e-6,3.232e-6,2.462e-6,1.495e-6,1.041e-6
POL,POL.14_1,POTA,0.3372399272098003,0.44405216845037176,0.40858690937465353,0.3748125452353948,0.3413578005826415,0.3084408593653698,3152.795906783946,2840.685755480207,2419.271865307189,2242.4074405146707,2374.8411470263554,2346.964604619369,1.07e-4,1.563e-4,1.689e-4,1.671e-4,1.437e-4,1.314e-4
POL,POL.15_1,POTA,0.33400287086476205,0.2811678964383112,0.2259678646049205,0.1731676459231374,0.12279716109249036,0.09238123536897194,11072.333261883869,9976.230719306946,8496.263359814197,7875.131541779155,8340.22670713658,8242.326818642356,3.017e-5,2.818e-5,2.66e-5,2.199e-5,1.472e-5,1.121e-5
POL,POL.16_1,POTA,0.066208529395628,0.058112884124938716,0.05098417884285296,0.04531748615409292,0.03837474644996669,0.032264709274162445,3682.6072734756744,3319.22603965359,2828.453898832255,2624.32841534136,2779.956586926434,2746.7413862502103,1.798e-5,1.751e-5,1.803e-5,1.727e-5,1.38e-5,1.175e-5
POL,POL.1_1,POTA,0.13740247223358928,0.1156039534090603,0.09657404004435176,0.07972621837067957,0.0641694294993869,0.05362813274295475,5971.909634201116,5382.6350540529675,4587.5387669817,4251.674844034626,4504.658483492685,4450.672644354486,2.301e-5,2.148e-5,2.105e-5,1.875e-5,1.425e-5,1.205e-5
POL,POL.2_1,POTA,0.5771704819331456,0.5413771796234348,0.5137391198249933,0.47873151275508413,0.4419205717159193,0.40565502546302135,8008.839751833629,7216.006894707147,6145.5169501057935,5696.239902734717,6032.652523326886,5961.839579015343,7.207e-5,7.502e-5,8.36e-5,8.404e-5,7.325e-5,6.804e-5
POL,POL.3_1,POTA,0.05867496444237192,0.046961782000465246,0.03572178075172217,0.024600739444066544,0.01374537913971898,0.007770466444791305,7396.4723476364525,6664.26063086549,5675.621886800973,5260.697208535672,5571.387236393477,5505.988751633543,7.933e-6,7.047e-6,6.294e-6,4.676e-6,2.467e-6,1.411e-6
POL,POL.4_1,POTA,0.07362752636892392,0.06287819043031606,0.05335677043419178,0.04379920607954512,0.03606511406038825,0.030399349268210238,1932.1660294039498,1754.344446781104,1508.2182827399563,1408.3151562271019,1483.7168700176944,1467.991444001753,3.811e-5,3.584e-5,3.538e-5,3.11e-5,2.431e-5,2.071e-5
POL,POL.5_1,POTA,0.025716163181202022,0.021269927896004192,0.020324366055466406,0.033047991620612616,0.030186661924751116,0.027572530728161928,1308.3394700428537,1181.201699968414,1009.2730850626338,940.8529492783573,997.7100467084472,984.8191482793186,1.966e-5,1.801e-5,2.014e-5,3.513e-5,3.026e-5,2.8e-5
POL,POL.6_1,POTA,0.01883864866155275,0.01626916814811098,0.013493642847641422,0.011584144555682331,0.01068580842136861,0.009634894309759251,1004.9228293029986,905.4497087593899,771.1396800123377,714.8615237586454,757.257448535854,748.2951978276775,1.875e-5,1.797e-5,1.75e-5,1.62e-5,1.411e-5,1.288e-5
POL,POL.7_1,POTA,1.8261327299107692,1.491905969659517,1.1215509452068884,0.8066397558602707,0.5445689408576879,0.3877641399562795,14913.42461331036,13437.0743038908,11443.693042333663,10607.085046159787,11233.52588049148,11101.663645840705,1.224e-4,1.11e-4,9.801e-5,7.605e-5,4.848e-5,3.493e-5
POL,POL.8_1,POTA,0.009190638266574151,0.007268618049801776,0.005397284974853585,0.003576639041729587,0.001755993108605584,7.545792843162017e-4,1025.1582368326483,923.8451499997898,787.1142640235583,729.4413577328445,772.7061131829822,763.5331769053007,8.965e-6,7.868e-6,6.857e-6,4.903e-6,2.273e-6,9.883e-7
POL,POL.9_1,POTA,0.6379712195581801,0.5516928671459236,0.46586421038491593,0.38020742581291933,0.30534602715053294,0.24293883297369176,2929.5407961699148,2656.8441950686456,2280.887555814102,2127.487345891355,2243.169614479031,2218.9995512395044,2.178e-4,2.076e-4,2.042e-4,1.787e-4,1.361e-4,1.095e-4
PRK,PRK.10_1,POTA,10.17263391690663,7.153003025951216,5.264285780991825,3.6178722643204306,2.3994084895654577,1.8112848745172807,1721.0241172313338,1721.0241172313338,1721.0241172313338,1721.0241172313338,1721.0241172313338,1721.0241172313338,0.005911,0.004156,0.003059,0.002102,0.001394,0.001052
PRK,PRK.11_1,POTA,0.19718262283449206,0.13282448985059875,0.08731274969628497,0.05391541963695123,0.03356638928716195,0.024733083673617307,219.87384362886385,219.87384362886385,219.87384362886385,219.87384362886385,219.87384362886385,219.87384362886385,8.968e-4,6.041e-4,3.971e-4,2.452e-4,1.527e-4,1.125e-4
PRK,PRK.12_1,POTA,0.00276119941431904,0.00243584836604005,0.00211049731776106,0.00178514626948207,0.00145979522120307,0.00113444417292408,93.34886170130171,93.34886170130171,93.34886170130171,93.34886170130171,93.34886170130171,93.34886170130171,2.958e-5,2.609e-5,2.261e-5,1.912e-5,1.564e-5,1.215e-5
PRK,PRK.13_1,POTA,80.32603437892567,68.43708151150342,57.21932356761763,46.14505639242255,36.397800964772465,29.821457726597732,9120.34410236546,9128.076202283177,9117.903203598044,9123.514304189877,9130.340092597939,9127.24056857544,0.008807,0.007497,0.006275,0.005058,0.003986,0.003267
PRK,PRK.1_1,POTA,66.16919740699568,53.46301101983184,41.958113988111386,31.74277024386283,23.009987078011257,16.939470790116662,5750.95391433773,5757.67706931563,5748.831523153791,5753.710443405332,5759.645549495798,5756.950475637114,0.01151,0.009286,0.007299,0.005517,0.003995,0.002942
PRK,PRK.2_1,POTA,35.992879704187914,31.770370656850346,27.317239716184655,23.266315143670393,19.38495880237004,16.68588880034912,4969.424042238141,4971.407671365266,4968.7978426361,4970.237340662205,4971.988460389822,4971.193293980091,0.007243,0.006391,0.005498,0.004681,0.003899,0.003357
PRK,PRK.3_1,POTA,42.738551087257314,36.64917994457239,31.230484133425133,26.26143345571518,21.8719547362706,18.547084029962313,2625.542758318969,2625.542758318969,2625.542758318969,2625.542758318969,2625.542758318969,2625.542758318969,0.01628,0.01396,0.01189,0.01,0.00833,0.007064
PRK,PRK.4_1,POTA,2.5767226773849585,1.9232036523122242,1.4160703627540936,0.9589008269479634,0.5547276306763115,0.3693095324537692,811.3751176231331,811.3751176231331,811.3751176231331,811.3751176231331,811.3751176231331,811.3751176231331,0.003176,0.00237,0.001745,0.001182,6.837e-4,4.552e-4
PRK,PRK.5_1,POTA,0.03155828025378302,0.0219962443388359,0.012753118896650269,0.005610715643388316,0.0020908643975914233,0.0010834270479009546,419.9486965230082,419.9486965230082,419.9486965230082,419.9486965230082,419.9486965230082,419.9486965230082,7.515e-5,5.238e-5,3.037e-5,1.336e-5,4.979e-6,2.58e-6
PRK,PRK.6_1,POTA,0.009851029694437394,0.008779918663232498,0.007886489411132968,0.007000995476547728,0.00612343685947676,0.0335391792058435,81.60073984867338,81.60073984867338,81.60073984867338,81.60073984867338,81.60073984867338,81.60073984867338,1.207e-4,1.076e-4,9.665e-5,8.58e-5,7.504e-5,4.11e-4
PRK,PRK.7_1,POTA,3.8283733178598256,3.209237901115882,2.7205827568310146,2.2482939370203456,1.807331033023937,1.5803160718709728,1752.9219193731988,1752.9219193731988,1752.9219193731988,1752.9219193731988,1752.9219193731988,1752.9219193731988,0.002184,0.001831,0.001552,0.001283,0.001031,9.015e-4
PRK,PRK.8_1,POTA,0.5906581450258922,0.4729508569340451,0.3722213494264528,0.2721447898103328,0.18015536871292334,0.12972766473256325,240.9096573418293,240.9096573418293,240.9096573418293,240.9096573418293,240.9096573418293,240.9096573418293,0.002452,0.001963,0.001545,0.00113,7.478e-4,5.385e-4
PRK,PRK.9_1,POTA,1.4329585614191431,1.0211068031389012,0.6840658873622265,0.42573484401209344,0.25557856578232785,0.19833137986550398,1253.5201303798565,1253.6315910712271,1253.4849440440514,1253.5658298523017,1253.664225773618,1253.6195451442748,0.001143,8.145e-4,5.457e-4,3.396e-4,2.039e-4,1.582e-4
PRT,PRT.10_1,POTA,0.07165924804517759,0.059942003372565895,0.05086424919815836,0.040391240341619866,0.03306325270192193,0.029967608792836144,1228.347879613824,1240.0817691257555,977.0829804849565,993.7042187471912,1083.7664312898169,1025.7774533806821,5.834e-5,4.834e-5,5.206e-5,4.065e-5,3.051e-5,2.921e-5
PRT,PRT.11_1,POTA,0.013162894428362664,0.012123519698035172,0.011016672703376825,0.01003452770651583,0.008990107852958673,0.007911049453618405,604.2667151498919,609.6951437988314,471.78650401911415,479.5308655427371,527.4278976707446,496.9583956437408,2.178e-5,1.988e-5,2.335e-5,2.093e-5,1.705e-5,1.592e-5
PRT,PRT.12_1,POTA,0.025307156920344447,0.02195863547568765,0.020719021742655466,0.01833039726551286,0.0159362109423584,0.013862149867208165,2444.4433858207935,2466.4030373680557,1908.520476728504,1939.8487839630495,2133.6069050879423,2010.3484650120442,1.035e-5,8.903e-6,1.086e-5,9.449e-6,7.469e-6,6.895e-6
PRT,PRT.14_1,POTA,0.008361313182790967,0.007113542430103861,0.006126999759031814,0.005007341356256087,0.004168465479192088,0.003630382474075019,1222.3026490938603,1233.9327741092295,971.086785092257,987.5683869218551,1077.668082564318,1019.7045217601657,6.841e-6,5.765e-6,6.309e-6,5.07e-6,3.868e-6,3.56e-6
PRT,PRT.15_1,POTA,0.2607193580385619,0.246900580075988,0.237884430653252,0.22069286973397167,0.20222090915089694,0.18333665862255472,216.0545429158048,217.99546840630904,168.68646729021054,171.45545066660927,188.5809535678791,177.68663460529396,0.001207,0.001133,0.00141,0.001287,0.001072,0.001032
PRT,PRT.16_1,POTA,0.04720357121269638,0.03406358821070149,0.026024158424413718,0.019351953843553177,0.014082541096334868,0.010758811706619936,3978.329416490705,4014.068729674686,3106.115362943615,3157.1021548501085,3472.443323079415,3271.8403224825947,1.187e-5,8.486e-6,8.378e-6,6.13e-6,4.056e-6,3.288e-6
PRT,PRT.17_1,POTA,0.060890889831598426,0.051354563984277,0.0436714307783132,0.037675107252688876,0.03219261844373845,0.026934584951537943,3771.7943179288272,3805.678223528813,2944.8612847943973,2993.2010957726375,3292.171317194249,3101.9826277724496,1.614e-5,1.349e-5,1.483e-5,1.259e-5,9.779e-6,8.683e-6
PRT,PRT.18_1,POTA,0.3532330182220743,0.3317628122058378,0.30797556060150066,0.28480117295894647,0.2618801127206457,0.23861618719912805,48.427671858672525,48.86272173768804,37.81032684932925,38.43098224738127,42.269588109238256,39.827674614971286,0.007294,0.00679,0.008145,0.007411,0.006195,0.005991
PRT,PRT.19_1,POTA,0.8378589097873652,0.7522867549319816,0.7125759825197652,0.627074245716346,0.5454021850551616,0.47710047251114296,4042.2992787303465,4078.6757640667306,3157.6732873355145,3209.5584769403863,3529.3172994429615,3325.841773891146,2.073e-4,1.844e-4,2.257e-4,1.954e-4,1.545e-4,1.435e-4
PRT,PRT.1_1,POTA,8.650526404096462e-4,8.126252076575464e-4,7.601977749054467e-4,7.077703421533469e-4,6.553429094012471e-4,6.029154766491473e-4,40.31394499275403,40.67610522508812,31.475463887883315,31.992132697599065,35.18760626930769,33.154818763597504,2.146e-5,1.998e-5,2.415e-5,2.212e-5,1.862e-5,1.818e-5
PRT,PRT.20_1,POTA,0.3750728696662706,0.3537154961676925,0.3315708006571814,0.3091342482023682,0.2863750381749176,0.31874065030215093,210.64838932036682,212.54074864245194,164.46556575611004,167.16526315854128,183.86224880748256,173.24052935071933,0.001781,0.001664,0.002016,0.001849,0.001558,0.00184
PRT,PRT.3_1,POTA,0.060603846253788014,0.05105945959367226,0.043397646001935325,0.03637992475651422,0.030343380969900927,0.02521707805871635,4641.780007576253,4683.616007763792,3627.634883015776,3687.2962047043416,4053.798808041129,3820.5136280995093,1.306e-5,1.09e-5,1.196e-5,9.866e-6,7.485e-6,6.6e-6
PRT,PRT.4_1,POTA,0.7958653216862757,0.7427453696422305,0.6873128354861903,0.7536743672278348,0.6912093324443371,0.6246912068845233,146.22043500250436,147.53400594481764,114.16287893479877,116.03685921934897,127.62698109350997,120.25397223997244,0.005443,0.005034,0.00602,0.006495,0.005416,0.005195
PRT,PRT.5_1,POTA,1.7941965669951658,1.5898387295585996,1.4540539560175987,1.294739801451373,1.1564258002175347,1.034806597775443,13382.744787509917,13504.111733436173,10478.19402736955,10651.14572528192,11699.983919628732,11031.63119787081,1.341e-4,1.177e-4,1.388e-4,1.216e-4,9.884e-5,9.38e-5
PRT,PRT.6_1,POTA,0.10611777688535215,0.08527491392236783,0.07018591966632888,0.05890391727618459,0.04758476626707876,0.04158040508707803,8005.886483663773,8077.8112445619045,6250.766238989968,6353.375630067031,6987.919261406856,6584.2530305456685,1.325e-5,1.056e-5,1.123e-5,9.271e-6,6.81e-6,6.315e-6
PRT,PRT.7_1,POTA,0.009122871217695684,0.007769118789052494,0.007079774757023204,0.005620765790956985,0.0043613576796294705,0.0033172947563508337,810.1768401736603,817.4550619582493,632.5526286318274,642.93596134082,707.1544019238654,666.3021023432415,1.126e-5,9.504e-6,1.119e-5,8.742e-6,6.167e-6,4.979e-6
PRT,PRT.8_1,POTA,0.027681147713002174,0.024838422233860603,0.02195416659084438,0.01924021389081964,0.01653657504103646,0.013939645457241587,1262.2350671578295,1273.5863786469456,985.8113721808954,1002.0034568326561,1101.9285397325607,1038.3496268247998,2.193e-5,1.95e-5,2.227e-5,1.92e-5,1.501e-5,1.342e-5
PRT,PRT.9_1,POTA,0.13435286591021245,0.10239202233182143,0.07489975495105256,0.05076010177069354,0.038183704800985575,0.03248651316610015,3024.011156241009,3051.230713133554,2362.400102340713,2401.223290889629,2640.3632657127396,2488.1821952907208,4.443e-5,3.356e-5,3.17e-5,2.114e-5,1.446e-5,1.306e-5
PRY,PRY.10_1,POTA,0.09101360380716703,0.09707617134395324,0.09648900800212987,0.09931077667924006,0.09641379647760011,0.09315478284737369,23.073569900643832,23.687629255268046,7.293403089357415,7.716293022258998,6.777824951984254,7.312070107537138,0.003944,0.004098,0.01323,0.01287,0.01422,0.01274
PRY,PRY.11_1,POTA,0.022950622812278748,0.020370974634613244,0.01896972513461736,0.016287710091932733,0.014274563484186457,0.013305242429451252,5.925423142812285,6.0831170552245615,1.872987129500544,1.981587654086358,1.7405837502109898,1.8777809252593154,0.003873,0.003349,0.01013,0.00822,0.008201,0.007086
PRY,PRY.12_1,POTA,0.1045173221235623,0.10950835094433144,0.10878462968593158,0.10690327190430042,0.10172793141552533,0.09895918103837235,25.261437862811373,25.93372317876869,7.984973705568546,8.447962649576889,7.420507732736455,8.005410756352694,0.004137,0.004223,0.01362,0.01265,0.01371,0.01236
PRY,PRY.13_1,POTA,2.324184784245251,2.35164682295261,2.6484834572736973,2.4833295873216925,2.3555852558125765,2.2133814374105345,258.0358108294286,265.0387526846951,86.25679074739264,90.40999568248263,80.20146044019641,86.15999666937485,0.009007,0.008873,0.0307,0.02747,0.02937,0.02569
PRY,PRY.14_1,POTA,0.18941171774565152,0.2232602606635655,0.2577692480999422,0.2659680422312383,0.2559695243988717,0.24356408929149884,20.120460975936034,20.655928930605683,6.359944857821609,6.728710524716745,5.910353839278222,6.3762227468712656,0.009414,0.01081,0.04053,0.03953,0.04331,0.0382
PRY,PRY.15_1,POTA,0.0018800913635760464,0.0017707979001673124,0.0017996094070081628,0.0016961360015218794,0.0016411284072983703,0.0016395555005166167,1.7802003753506321,1.828334428082068,0.5888843028773145,0.618299034990318,0.547491097693139,0.5886204827469272,0.001056,9.685e-4,0.003056,0.002743,0.002998,0.002785
PRY,PRY.16_1,POTA,0.03301961555675973,0.0349109120079118,0.03446947838741655,0.03192819038146991,0.02957010882717973,0.027169497829640774,15.587557966672463,16.00239129443226,4.927124147637618,5.212811250717479,4.578820693197786,4.939734819900051,0.002118,0.002182,0.006996,0.006125,0.006458,0.0055
PRY,PRY.17_1,POTA,0.22392214148463174,0.18438061219050952,0.14893972057096524,0.11611162275150647,0.08769940721647465,0.06788291386517382,204.10453577328715,209.53639135751217,64.51609604282413,68.2569022470546,59.95538710889931,64.68122103632318,0.001097,8.799e-4,0.002309,0.001701,0.001463,0.001049
PRY,PRY.18_1,POTA,3.184910694192603,3.42946416453919,3.4646178853055836,3.39121384671332,3.226458265037638,3.0132608313581377,167.46730106108242,171.92412604538438,52.93530806826582,56.0046309348134,49.19325690220096,53.07079274475401,0.01902,0.01995,0.06545,0.06055,0.06559,0.05678
PRY,PRY.1_1,POTA,0.1361076887896481,0.10798966985148625,0.08843061985683086,0.07407458332663458,0.06338246212022294,0.05403324210204915,119.17910674506268,122.35083291000785,37.67172869496207,39.85603067648092,35.00867559420621,37.76814717558006,0.001142,8.826e-4,0.002347,0.001859,0.00181,0.001431
PRY,PRY.2_1,POTA,1.8258120621509126,1.8863005977200926,1.808230557202284,1.6876659538224947,1.5723034654627104,1.4493000051693414,285.59047844132147,293.20646924359176,90.81035343607095,95.97870495455241,84.39571147772291,91.00643646444269,0.006393,0.006433,0.01991,0.01758,0.01863,0.01593
PRY,PRY.3_1,POTA,1.0322497069460732,1.115882551262173,1.0876895479357052,1.0450381149734307,1.0376025885240565,0.995779002208958,81.41973903806657,83.58657115908967,25.736241890265077,27.228494200026276,23.91692058110416,25.802112223956676,0.01268,0.01335,0.04226,0.03838,0.04338,0.03859
PRY,PRY.5_1,POTA,1.555843104893043,1.3081800059017725,1.0905977534415479,0.9071040642885767,0.7496892673220815,0.6345398316252155,831.6461687359661,853.8700740065528,266.08224738742933,280.93340212946754,247.30355915899793,266.5478706708647,0.001871,0.001532,0.004099,0.003229,0.003031,0.002381
PRY,PRY.6_1,POTA,23.962680504357824,25.601221970878054,26.277630545075,25.844780089105704,24.84989273860263,23.351224581831207,159.33757898347193,163.57804681481713,50.36555660060034,53.28587878633809,46.80516379881048,50.49446415571233,0.1504,0.1565,0.5217,0.485,0.5309,0.4625
PRY,PRY.7_1,POTA,1.4873875144057709,1.4794923250704903,1.4469498527780378,1.3791000528024437,1.3126387674963855,1.2493559174737867,80.15995750710837,82.29326292909016,25.33803326674603,26.807196434714626,23.546861733195275,25.402884409872748,0.01856,0.01798,0.05711,0.05145,0.05575,0.04918
PRY,PRY.8_1,POTA,7.492835920730176,7.588343420458342,7.3949608976053645,6.914371905637274,6.52323682250804,6.03860401315578,280.4685167129613,287.9326549935472,88.6542461816767,93.79464329943872,82.38718668193941,88.8811512909799,0.02672,0.02635,0.08341,0.07372,0.07918,0.06794
PRY,PRY.9_1,POTA,0.002881046528037748,0.00234154532356167,0.001953080675182381,0.0015887736855429338,0.0013489384494173842,0.0011861861823221234,2.761070045835899,2.8345506948086845,0.8727560099692185,0.923360607846703,0.8110599933788607,0.8749897754837463,0.001043,8.261e-4,0.002238,0.001721,0.001663,0.001356
PSE,PSE.1_1,POTA,0,0,0,7.579764860142128e-5,1.8307047129686972e-4,1.7348290564561295e-4,1454.7193025449506,1380.843318455408,1345.2113541765045,1288.2751563834904,1308.8106520354131,1315.9446560389408,0,0,0,5.884e-8,1.399e-7,1.318e-7
PSE,PSE.2_1,POTA,7.666026574731271e-4,6.542549509233393e-4,5.419072443735515e-4,4.295595378237637e-4,3.4227021083646394e-4,2.800392634116523e-4,147.3222476463888,139.84068333077133,136.23216514005205,130.46612586592408,132.54579537376748,133.26826980761828,5.204e-6,4.679e-6,3.978e-6,3.292e-6,2.582e-6,2.101e-6
ROU,ROU.10_1,POTA,0.00230450528317403,0.00214557388433444,0.00198664248549485,0.00182771108665527,0.00166877968781568,0.00150984828897609,1.8273517604956928,1.595229562646011,1.5358181485847802,1.3505882865740537,1.2020369272127311,1.3102750268596464,0.001261,0.001345,0.001294,0.001353,0.001388,0.001152
ROU,ROU.11_1,POTA,0.027038528958734924,0.024661856791485064,0.04467456827890028,0.04540910490906598,0.04290552177797699,0.03946636130642196,292.70863954357384,255.52686961329297,246.0102376439202,216.33977020348811,192.54453425548095,209.88231649278603,9.237e-5,9.651e-5,1.816e-4,2.099e-4,2.228e-4,1.88e-4
ROU,ROU.12_1,POTA,0.01062852472258688,0.00984822412806685,0.00906792353354683,0.008602742547127116,0.007806281972704514,0.007009821398281905,81.74730659840883,71.36504899644162,68.70612820140913,60.41759931004247,53.772773723777206,58.614470619037576,1.3e-4,1.38e-4,1.32e-4,1.424e-4,1.452e-4,1.196e-4
ROU,ROU.13_1,POTA,3.8223703944488454e-4,2.651917394501425e-4,1.987274194727829e-4,1.0451319115625544e-4,4.8469174009794813e-5,3.059536803340105e-5,83.58886234904159,72.97085717692806,70.25319075971946,61.78018968063517,54.984979585974315,59.936133385642094,4.573e-6,3.634e-6,2.829e-6,1.692e-6,8.815e-7,5.105e-7
ROU,ROU.14_1,POTA,0.029362430160504195,0.020775422814937015,0.012423605862186785,0.004386569418854544,4.6921834238022474e-4,3.645912088380358e-4,433.7272029149148,378.63233077026837,364.530860544849,320.56601935607046,285.30692640096413,310.99755106534064,6.77e-5,5.487e-5,3.408e-5,1.368e-5,1.645e-6,1.172e-6
ROU,ROU.15_1,POTA,0.04392117404712834,0.04931936393905353,0.09152603152969989,0.10690492172246392,0.09991869372803065,0.09293246573359733,328.39500109775724,286.6803714309534,276.00333526755736,242.7152042555324,216.01900338156355,235.47051497734745,1.337e-4,1.72e-4,3.316e-4,4.405e-4,4.625e-4,3.947e-4
ROU,ROU.16_1,POTA,0.022204469272891374,0.02009908821215265,0.017993707151413935,0.01588832609067521,0.01378294502993649,0.011677563969197767,144.66425903401316,126.2880566611532,121.58468844320292,106.92076805412279,95.16054060635886,103.72932567728753,1.535e-4,1.592e-4,1.48e-4,1.486e-4,1.448e-4,1.126e-4
ROU,ROU.17_1,POTA,2.0534027740968833e-4,1.8094622520135152e-4,1.5655217299301473e-4,1.3215812078467795e-4,1.0776406857634115e-4,8.337001636800436e-5,46.301771178866886,40.42021672245715,38.91483951006437,34.221451585679596,30.457430230758966,33.19998688078644,4.435e-6,4.477e-6,4.023e-6,3.862e-6,3.538e-6,2.511e-6
ROU,ROU.18_1,POTA,0.15386641338432824,0.13389734672551165,0.11433537108984773,0.09536439331963051,0.07737972272471268,0.06014662229246599,564.6378558231331,493.0074136560415,474.5918059039876,417.2442856227971,371.37789671552997,404.8032571200568,2.725e-4,2.716e-4,2.409e-4,2.286e-4,2.084e-4,1.486e-4
ROU,ROU.19_1,POTA,0.6171259433566185,0.5761635550702705,0.5408796327258144,0.5080831560527075,0.47960762994204453,0.43832616222594245,683.7845700503298,596.9257721510536,574.6943610466469,505.38240683311926,449.79533838401017,490.2974157782685,9.025e-4,9.652e-4,9.412e-4,0.001005,0.001066,8.94e-4
ROU,ROU.1_1,POTA,0.026889737162739794,0.01928596748173368,0.011714831891821193,0.004224048899455442,4.585284071040556e-4,3.379178172203003e-4,270.1612606565599,235.84360657750594,227.06004182157898,199.67509377058963,177.71280748017443,193.7150584336246,9.953e-5,8.177e-5,5.159e-5,2.115e-5,2.58e-6,1.744e-6
ROU,ROU.20_1,POTA,8.998154279838313e-4,7.81393573936421e-4,6.629717198890104e-4,6.792494626038065e-4,5.601514632274464e-4,4.4728499015096745e-4,107.47491589540518,93.8268602745433,90.330056754879,79.43087865632904,70.6954258861723,77.06055118361354,8.372e-6,8.328e-6,7.339e-6,8.551e-6,7.923e-6,5.804e-6
ROU,ROU.21_1,POTA,0.026150029384144378,0.02279860851333564,0.0194471876425269,0.01609576677171817,0.012744345900909433,0.0093929250301007,45.85212009475487,40.02768326625125,38.536925246133755,33.88911629021231,30.16164853226581,32.87757135081069,5.703e-4,5.696e-4,5.046e-4,4.75e-4,4.225e-4,2.857e-4
ROU,ROU.22_1,POTA,0.6776800483482567,0.5934384419063835,0.5137191791848236,0.4377087743055107,0.36308628293337275,0.29284600917622766,611.4219037337293,533.7550860053185,513.8763518315669,451.89945318113257,402.1949808915198,438.41085698791306,0.001108,0.001112,9.997e-4,9.686e-4,9.028e-4,6.68e-4
ROU,ROU.23_1,POTA,0.0017246887999274598,0.0015084659794715287,0.0012922431590155976,0.0010760203385596664,8.597975181037352e-4,6.435746976478042e-4,64.6891102417166,56.47187545919483,54.368683508466795,47.81145943004444,42.55267156553677,46.3843511095529,2.666e-5,2.671e-5,2.377e-5,2.251e-5,2.021e-5,1.387e-5
ROU,ROU.24_1,POTA,0.2860635436409228,0.20742244885775046,0.13414660718016488,0.07104974789858208,0.021112718437833997,0,327.0126999536527,285.4734034268529,274.8414674524911,241.69376234302754,215.10983791385578,234.4795257695694,8.748e-4,7.266e-4,4.881e-4,2.94e-4,9.815e-5,0
ROU,ROU.25_1,POTA,0.0061331859390527585,0.0043295135332254995,0.0028459649499960227,0.0017811923481937176,0.0010016735245014716,4.6814776678955945e-4,112.9986358297175,98.6448084660715,94.9709625833212,83.51683416939109,74.33080807339402,81.02396801627482,5.428e-5,4.389e-5,2.997e-5,2.133e-5,1.348e-5,5.778e-6
ROU,ROU.26_1,POTA,2.041322990092148e-4,1.5876956589605596e-4,1.1340683278289714e-4,6.804409966973827e-5,2.2681366556579427e-5,0,37.00550485128882,32.30482307544501,31.101688890339656,27.35061878691188,24.34232111355107,26.534239280686933,5.516e-6,4.915e-6,3.646e-6,2.488e-6,9.318e-7,0
ROU,ROU.27_1,POTA,0.0908109002033134,0.0792140633228758,0.06761722644243817,0.05602038956200057,0.04442355268156296,0.032826715801125346,100.3336420217845,91.43444186175482,88.44012618410376,81.39435227056774,75.016972140545093,79.55314806639473,9.051e-4,8.663e-4,7.646e-4,6.883e-4,5.922e-4,4.126e-4
ROU,ROU.28_1,POTA,0.008044983685644297,0.005415788126529717,0.0032908785332368,0.0013227990870923031,2.6198297542910886e-4,1.0843019824721139e-4,38.342989727721324,33.72566051006255,31.95963730484657,29.160374010560236,26.524622883593366,28.32376641267446,2.098e-4,1.606e-4,1.03e-4,4.536e-5,9.877e-6,3.828e-6
ROU,ROU.29_1,POTA,0.08162436437480323,0.060345464439069366,0.04201027744357581,0.02775253208321536,0.018227135915242675,0.013056327911053807,500.08139993794765,436.557782774138,420.29898479209317,369.60813768364704,328.9548965518225,358.57582754508115,1.632e-4,1.382e-4,9.995e-5,7.509e-5,5.541e-5,3.641e-5
ROU,ROU.2_1,POTA,0.0018631961308065439,0.0016152271536626329,0.0013715866732225818,0.0011279461927825463,8.843057123425029e-4,6.406652319024596e-4,454.1919981936559,396.55798813527934,381.3169172028236,335.84524918166744,299.6127768108424,326.0322353543967,4.102e-6,4.073e-6,3.597e-6,3.359e-6,2.951e-6,1.965e-6
ROU,ROU.30_1,POTA,0.03566173604380403,0.030981772129155545,0.02662774222067057,0.022273712312185612,0.018568302002010796,0.015511511290146121,110.14684299985561,96.15526905330753,92.57414152303569,81.40908563678096,72.45489104178506,78.97913296725731,3.238e-4,3.222e-4,2.876e-4,2.736e-4,2.563e-4,1.964e-4
ROU,ROU.31_1,POTA,0.006057986937707092,0.005155079356287297,0.004363389592893646,0.0035716998294999945,0.0028369809484130554,0.0021773726031209997,202.0003094530965,176.34090615143037,169.77341089142675,149.2976107444581,132.87634954594347,144.84127611123765,2.999e-5,2.923e-5,2.57e-5,2.392e-5,2.135e-5,1.503e-5
ROU,ROU.32_1,POTA,2.3695659490724074e-4,2.0733095051508928e-4,1.8183108574382515e-4,1.604570005934483e-4,1.7404530720363366e-4,1.508782788860485e-4,72.41910397533428,63.219954723140354,60.86544287422583,53.52466649702035,47.637482336951116,51.927026562577524,3.272e-6,3.28e-6,2.987e-6,2.998e-6,3.654e-6,2.906e-6
ROU,ROU.33_1,POTA,0.006194824306518477,0.004736502516380998,0.0033442222409747428,0.00195701796387105,9.510312083649496e-4,5.43291006041182e-4,85.70851673866429,74.82125917287507,72.03467790996955,63.346817656757906,56.3792939726931,61.455999605347195,7.228e-5,6.33e-5,4.643e-5,3.089e-5,1.687e-5,8.84e-6
ROU,ROU.34_1,POTA,0.0042044777164292535,0.0034896385861192133,0.0027747994558091657,0.0020599603254991185,0.0015066114193836337,0.0011147527374626913,242.80378836201336,211.96412091339909,204.04755821344685,179.46257739433548,159.7569487507941,174.11587279773005,1.732e-5,1.646e-5,1.36e-5,1.148e-5,9.431e-6,6.402e-6
ROU,ROU.35_1,POTA,0.0535568568472287,0.046615415440571864,0.03978246167226234,0.03323564712099859,0.027959976740212982,0.023948268262834388,214.41429550346547,187.177986327199,180.20688379172,158.4727375655656,141.04230312370424,153.7425376292555,2.498e-4,2.49e-4,2.208e-4,2.097e-4,1.982e-4,1.558e-4
ROU,ROU.36_1,POTA,0.03140130089673754,0.02881753684599256,0.026400439055069433,0.024047943679504056,0.021627532944203616,0.019207122208903176,1188.4065477335998,1037.447358724448,998.8095249987034,878.3464671418923,781.7370392494571,852.1289961323198,2.642e-5,2.778e-5,2.643e-5,2.738e-5,2.767e-5,2.254e-5
ROU,ROU.37_1,POTA,0.004098760549558429,0.003674179316400758,0.0032557817172077434,0.0029390634574795933,0.002724024537216308,0.002508985616953023,197.20358685699625,172.15349469922285,165.7419519375037,145.7523724973454,129.72105245714206,141.40185849919638,2.078e-5,2.134e-5,1.9639999999999998e-05,2.016e-5,2.1e-5,1.774e-5
ROU,ROU.38_1,POTA,0.03021569335184808,0.02154183936522768,0.013876218006383449,0.007042061440633328,0.0019284379841409075,7.76074848513766e-5,543.5082646522411,474.4986233639483,456.76568991639954,401.8031458161398,357.6772537562159,389.8139059568473,5.559e-5,4.54e-5,3.038e-5,1.753e-5,5.392e-6,1.991e-7
ROU,ROU.39_1,POTA,0.2607337096503379,0.24176139635760402,0.22640652140460066,0.20409991873556443,0.18565580061710735,0.16293284699006189,525.3560198881432,464.0959060287298,447.39649665433603,398.5910970294683,358.4154724656842,387.53106554460595,4.963e-4,5.209e-4,5.061e-4,5.121e-4,5.18e-4,4.204e-4
ROU,ROU.3_1,POTA,0.0068368390146506045,0.005855717880084789,0.004978644569467372,0.004146948701122251,0.0034246419351170714,0.0028248920374103624,45.60526599348167,39.81218619090731,38.32945396611862,33.70666742356284,29.999267237225048,32.700568339585075,1.499e-4,1.471e-4,1.299e-4,1.23e-4,1.142e-4,8.639e-5
ROU,ROU.40_1,POTA,0.040892731961398684,0.0371994449935875,0.03353488636191823,0.02987032773024898,0.026355589407255804,0.022809483192646657,47.141141154340545,41.15296442206252,39.62029735872726,34.84182653563951,31.009570069363058,33.80184446559026,8.675e-4,9.039e-4,8.464e-4,8.573e-4,8.499e-4,6.748e-4
ROU,ROU.41_1,POTA,0.004017855191000304,0.0015034563343544632,2.9812270864301114e-4,1.3069384488578972e-4,2.3489706503589523e-5,0,169.30733677813552,147.80080914912753,142.29623772156532,125.13436702606734,111.37082375434673,121.39927300276875,2.373e-5,1.017e-5,2.095e-6,1.044e-6,2.109e-7,0
ROU,ROU.42_1,POTA,0.009512640871457565,0.00884757866177946,0.008095782127775866,0.007343985593772272,0.0065921890597686675,0.0058403925257650745,75.10632102307325,65.5658238483255,63.123944384621616,55.51077773549031,49.40514097424687,53.8538550285149,1.267e-4,1.349e-4,1.283e-4,1.323e-4,1.334e-4,1.084e-4
ROU,ROU.4_1,POTA,0.14995587042409314,0.10532287403639737,0.06623694582369727,0.0333466603211965,0.013456700823842595,0.00727100976027658,472.99793738192216,412.9146391483763,397.53638690629964,349.5908601792258,311.13932167843586,339.156039086606,3.17e-4,2.551e-4,1.666e-4,9.539e-5,4.325e-5,2.144e-5
ROU,ROU.5_1,POTA,0.016638140407306545,0.012455378230572453,0.008673736188242341,0.005105510031171753,0.002128669344633615,7.207292655296773e-4,308.1350108730268,269.0131314851402,258.8423293694284,227.7908298431802,202.96368030591546,221.05964940795826,5.4e-5,4.63e-5,3.351e-5,2.241e-5,1.049e-5,3.26e-6
ROU,ROU.6_1,POTA,0.020875342029569394,0.01825700835454465,0.015638674679519914,0.013020341004495155,0.010423872785510062,0.007849270022564588,136.46289562374784,119.12848418644282,114.6917611804148,100.85917356788295,89.76566158757814,97.84866170498474,1.53e-4,1.533e-4,1.364e-4,1.291e-4,1.161e-4,8.022e-5
ROU,ROU.7_1,POTA,0.03694140792626684,0.025217025184368993,0.014694578165059395,0.006253528160143032,0.00125318404833639,0,470.04471290536867,410.33655260150914,395.05431648833843,347.40814392727924,309.196682635473,337.03847400472534,7.859e-5,6.145e-5,3.72e-5,1.8e-5,4.053e-6,0
ROU,ROU.8_1,POTA,0.01679025607389857,0.014952284462593118,0.013114312851287653,0.011276341239982179,0.009515534451047525,0.0078318924844837,236.35256990659795,206.32951732297397,198.6451509635666,174.68722734091173,155.47335932316182,169.4730465023918,7.104e-5,7.247e-5,6.602e-5,6.455e-5,6.12e-5,4.621e-5
ROU,ROU.9_1,POTA,0.004271306023204886,0.0031396366599634987,0.0022370097420427513,0.001673887356937841,0.0012846288092074243,0.0010695386984798617,195.7702414089551,170.90222218474042,164.53728078448174,144.6929926808324,128.77819394722363,140.37409975781327,2.182e-5,1.837e-5,1.36e-5,1.157e-5,9.976e-6,7.619e-6
RUS,RUS.10_1,POTA,0.0956213410320251,0.08495917795836763,0.08227284115222418,0.07106749603603611,0.061839317511658554,0.0569154632003787,708.0181387566447,660.648350844301,682.0305473035576,694.7982910871149,666.1538703124249,674.7461942105692,1.351e-4,1.286e-4,1.206e-4,1.023e-4,9.283e-5,8.435e-5
RUS,RUS.11_1,POTA,0.5108846907321086,0.3802660357481179,0.2862884346292442,0.21422577692270067,0.1545602419593844,0.11781466434528781,3494.840772977497,3261.096813617888,3366.622151431498,3429.5483367774773,3288.4878980519243,3330.791170135165,1.462e-4,1.166e-4,8.504e-5,6.246e-5,4.7e-5,3.537e-5
RUS,RUS.13_1,POTA,0.2589547392821813,0.20527960551532715,0.15632978719612814,0.11181010229489159,0.07983155834627569,0.060990186323196215,3559.095638910782,3320.9751779420567,3428.460110887582,3492.6415473951115,3348.6505569420187,3391.842815501521,7.276e-5,6.181e-5,4.56e-5,3.201e-5,2.384e-5,1.798e-5
RUS,RUS.14_1,POTA,0.016192543255048233,0.02396953082467056,0.02235585922399413,0.020742187623317677,0.01912851602264124,0.017514844421964798,204.8494901347412,191.14408292769545,197.33055161101413,201.0246177105434,192.73698400499356,195.22298411326534,7.905e-5,1.254e-4,1.133e-4,1.032e-4,9.925e-5,8.972e-5
RUS,RUS.15_1,POTA,0.926195935875173,0.657426644184458,0.5103955597451688,0.4039193192063257,0.31809854611944366,0.24449374802031965,5424.655781393895,5064.006490250624,5227.367326568821,5323.17978402088,5103.359095171513,5169.652790252264,1.707e-4,1.298e-4,9.764e-5,7.588e-5,6.233e-5,4.729e-5
RUS,RUS.16_1,POTA,2.1141671137513876,1.7497421281053243,1.4632896638495099,1.2023566569410609,0.9952261390090047,0.8418981100533423,1031.4063693049918,962.4003674937713,993.5489107451301,1012.148338555187,970.4205403324609,982.9374196475028,0.00205,0.001818,0.001473,0.001188,0.001026,8.565e-4
RUS,RUS.17_1,POTA,0.05654589468958106,0.1765061933098432,0.21980025829274255,0.20282096518023898,0.18681521444638338,0.18968936150378402,543.4901643571098,507.1280820759241,523.5415223987455,533.3423209765629,511.3542388885963,517.9498941013466,1.04e-4,3.481e-4,4.198e-4,3.803e-4,3.653e-4,3.662e-4
RUS,RUS.18_1,POTA,2.6370429538677618,2.2022195174134565,1.9536570094557595,1.704731489462264,1.4023642731707375,1.1299010245560073,8729.035562230998,8145.0214803484,8408.63895435723,8566.050302224452,8212.89809620771,8318.83140040359,3.021e-4,2.704e-4,2.323e-4,1.99e-4,1.708e-4,1.358e-4
RUS,RUS.19_1,POTA,0.18320674544509946,0.11063221919096367,0.06978274953031487,0.05639109004850454,0.043344172071772734,0.03095697044998672,1315.9062562738934,1227.8658560919348,1267.6063154861315,1291.3361509290337,1238.0982881661532,1254.0677840795709,1.392e-4,9.01e-5,5.505e-5,4.367e-5,3.501e-5,2.469e-5
RUS,RUS.1_1,POTA,0.02751814197193172,0.020307726956137275,0.019734697370241378,0.018747626046271944,0.018772161787408665,0.023275350239021466,529.5677335712365,494.1371282642273,510.13011022029457,519.6798445677089,498.25502483674546,504.68172105224204,5.196e-5,4.11e-5,3.869e-5,3.608e-5,3.768e-5,4.612e-5
RUS,RUS.20_1,POTA,0.08238441748763685,0.11876823108921851,0.11589962032057885,0.16451293658463534,0.190615450844593,0.19122536296815457,2499.9533272134527,2332.6945347920873,2408.1932971194506,2453.2751415037847,2352.1340674240405,2382.4728504888126,3.295e-5,5.091e-5,4.813e-5,6.706e-5,8.104e-5,8.026e-5
RUS,RUS.21_1,POTA,0.06933673434365915,0.05847442277591156,0.04775067512799674,0.03697294573865469,0.02619521634931265,0.01829024111824517,851.1871928144492,794.2387128388784,819.9446245720485,835.2941465613935,800.8575088901874,811.1872951742756,8.146e-5,7.362e-5,5.824e-5,4.426e-5,3.271e-5,2.255e-5
RUS,RUS.22_1,POTA,0.006625680709143492,0.0037485192533533405,0.0020662660705595285,0.0013122784277796427,7.712391119445636e-4,4.4216917706035576e-4,26.18976221862907,24.43754230523843,25.228474924511932,25.70075685551861,24.641192802121754,24.959024941553974,2.53e-4,1.534e-4,8.19e-5,5.106e-5,3.13e-5,1.772e-5
RUS,RUS.23_1,POTA,0.764815556420031,0.36962077521004816,0.1845383650598519,0.14239933725549334,0.10144244718995436,0.07150266110378993,7817.177533041017,7294.171099246011,7530.250398092648,7671.2181422633275,7354.957145164999,7449.824377593731,9.784e-5,5.067e-5,2.451e-5,1.856e-5,1.379e-5,9.598e-6
RUS,RUS.24_1,POTA,8.409786308639859,7.315366179164455,6.220946049689052,5.1265259202136475,4.136242214060084,3.0631613801328395,894.5209867818486,834.6732694600742,861.6878647498025,877.8188282704575,841.6290272829194,852.4847012146845,0.009401,0.008764,0.007219,0.00584,0.004915,0.003593
RUS,RUS.25_1,POTA,0.6085435078623901,0.3987692464277293,0.25881475969554374,0.19985173526671487,0.1500169458148935,0.11235985041294112,1531.9323319906362,1429.438757758351,1475.7032194887156,1503.328669230656,1441.3509995724294,1459.9421317284762,3.972e-4,2.79e-4,1.754e-4,1.329e-4,1.041e-4,7.696e-5
RUS,RUS.26_1,POTA,0.42325830797610853,0.39360504009148944,0.43140427943746285,0.4023569221722461,0.36551838918633245,0.3320763376448467,106.38320719089204,99.26566360519081,102.47844377508318,104.39686006689126,100.09289497993984,101.3839339003731,0.003979,0.003965,0.00421,0.003854,0.003652,0.003275
RUS,RUS.27_1,POTA,0.8380505405073355,0.731711412921676,0.6291824139879798,0.5362465975661729,0.6466695480583318,0.5821097129627809,9913.737107199104,9250.460845645352,9549.856387748,9728.631546735513,9327.549651225101,9447.860185098845,8.453e-5,7.91e-5,6.588e-5,5.512e-5,6.933e-5,6.161e-5
RUS,RUS.28_1,POTA,9.684575209882922,8.521626843341513,7.386918020115335,6.261209607278402,5.159579921536646,4.08711135005503,774.8607179373876,723.429717486309,746.5738436056693,760.5182710402853,729.4409696397952,738.7518551910836,0.0125,0.01178,0.009894,0.008233,0.007073,0.005532
RUS,RUS.29_1,POTA,0.6230942367281882,0.5055734035983674,0.4063467040489591,0.31322180836162555,0.2313696420392151,0.1697939353687353,2307.3024908996254,2152.9329576056425,2222.613651433608,2264.221408950531,2170.8744453827862,2198.8752680278385,2.701e-4,2.348e-4,1.828e-4,1.383e-4,1.066e-4,7.722e-5
RUS,RUS.2_1,POTA,6.362441873457712,5.72716449525044,5.108278567513175,4.494007088548276,3.8784414160514133,3.2638850182633274,2243.5872201741504,2093.9286803039818,2161.574824108297,2201.475695971085,2112.6192384021565,2139.215717611794,0.002836,0.002735,0.002363,0.002041,0.001836,0.001526
RUS,RUS.31_1,POTA,0.012885635827433479,0.008591214669819084,0.00674951775333793,0.005166836987192855,0.003955908152612866,0.0031237710814607366,794.7510002704917,741.5783705522069,765.5799053911543,779.9117093206398,747.7583211280269,757.4032124646956,1.621e-5,1.159e-5,8.816e-6,6.625e-6,5.29e-6,4.124e-6
RUS,RUS.32_1,POTA,0.38581501443579125,0.3532395455517908,0.3319417184213037,0.3073081833569173,0.276886928080164,0.24764126579979504,583.2502780179345,544.2280546352914,561.8422531237596,572.3600487899822,548.7633844307334,555.8415580368694,6.615e-4,6.491e-4,5.908e-4,5.369e-4,5.046e-4,4.455e-4
RUS,RUS.33_1,POTA,0.03992373909489016,0.017976590902822342,0.0061775948534640735,0.0042849481018817515,0.0030923606238967343,0.002378794861562916,1308.2018984567082,1220.6769565318525,1260.1847437903766,1283.7756459754398,1230.8494798415493,1246.725477673253,3.052e-5,1.473e-5,4.902e-6,3.338e-6,2.512e-6,1.908e-6
RUS,RUS.34_1,POTA,0.2940846101087009,0.23563435035939892,0.19016172206742588,0.13495690495858434,0.09595849947268179,0.07755807621835613,8222.64522849332,7672.525631133046,7920.834781890121,8069.112406576182,7736.459190109407,7836.241925250963,3.577e-5,3.071e-5,2.401e-5,1.673e-5,1.24e-5,9.897e-6
RUS,RUS.35_1,POTA,5.089844514040183,3.613588463374243,2.9189199866579125,2.160687754585294,1.5467423291308546,1.1704313668670108,20591.90125911514,19214.204923440502,19836.081756942574,20207.417044700025,19374.32668736428,19624.224642814454,2.472e-4,1.881e-4,1.472e-4,1.069e-4,7.983e-5,5.964e-5
RUS,RUS.36_1,POTA,0.8928256827589709,0.7479595864920909,0.6444344565369997,0.5272475282628437,0.43440707630688924,0.35227821467608317,3184.0327105305432,2971.077786227714,3067.2180548368574,3124.5462694333314,2996.0367505273425,3034.57589041342,2.804e-4,2.517e-4,2.101e-4,1.687e-4,1.45e-4,1.161e-4
RUS,RUS.37_1,POTA,0.3430722208823747,0.2442529514474289,0.18463435146813179,0.1370960566438684,0.09509927313722864,0.07662799612799844,8415.619299785198,7860.881314664052,8110.31465043069,8262.437466760393,7924.629188728925,8025.992422581178,4.077e-5,3.107e-5,2.277e-5,1.659e-5,1.2e-5,9.547e-6
RUS,RUS.38_1,POTA,1.4211598419225488,1.011559092828568,0.7727163488079145,0.5746047463240839,0.42980810255136176,0.3537777568413736,5444.294849490821,5080.045576434715,5244.463655127391,5342.641029286912,5122.38018573825,5188.450731368583,2.61e-4,1.991e-4,1.473e-4,1.076e-4,8.391e-5,6.819e-5
RUS,RUS.39_1,POTA,0.7849852626479885,0.7099766148063555,0.661743585669851,0.5823689279396264,0.5043824092054227,0.4309296007322408,8470.329617049798,7903.624195897864,8159.428732578907,8312.174816885004,7969.489125135394,8072.282841298578,9.267e-5,8.983e-5,8.11e-5,7.006e-5,6.329e-5,5.338e-5
RUS,RUS.3_1,POTA,0.23613752346000783,0.18907389920742101,0.15329783627158494,0.11972795934392562,0.09465064141520489,0.07773269703158137,987.4592407868231,924.4432884072163,952.359077225754,969.9530210717246,932.0175725227186,943.3136168169525,2.391e-4,2.045e-4,1.61e-4,1.234e-4,1.016e-4,8.24e-5
RUS,RUS.40_1,POTA,0.17823857159219128,0.16743623391993726,0.15663389624768326,0.14583155857542923,0.1350292209031752,0.1242268832309212,34.21655505469684,31.92730444470771,32.9606467593881,33.57767644292352,32.193370947349266,32.60861415598363,0.005209,0.005244,0.004752,0.004343,0.004194,0.00381
RUS,RUS.41_1,POTA,0.009536499142572577,0.008480500142432002,0.01420323492790013,0.012812836018616979,0.011492360261456178,0.010249021377033969,1698.007852858294,1584.4030347604942,1635.6829886370085,1666.3032906053097,1597.6066728867083,1618.2132543493985,5.616e-6,5.352e-6,8.683e-6,7.689e-6,7.193e-6,6.334e-6
RUS,RUS.42_1,POTA,0.28701980941855687,0.18528777354333206,0.12413933070614444,0.08759902684219661,0.057821542685862086,0.04169548878805921,5935.691505161973,5538.5654538345425,5717.823745306841,5824.862511925495,5584.721143003516,5656.755150580468,4.835e-5,3.345e-5,2.171e-5,1.504e-5,1.035e-5,7.371e-6
RUS,RUS.43_1,POTA,0.10825553478939842,0.1009392396499745,0.09362294451055059,0.08630664937112668,0.07899035423170277,0.07167405909227886,69.84339448761253,65.17053852128605,67.27981383581127,68.53930496602122,65.7136378389768,66.56123910048869,0.00155,0.001549,0.001392,0.001259,0.001202,0.001077
RUS,RUS.44_1,POTA,8.205792951683597,5.4627828216398315,4.556446273108156,3.91931297878345,3.389723574659057,2.964099695884022,16715.65753193417,15597.300375868073,16102.11438235826,16403.549078531745,15727.280630506983,15930.137500723693,4.909e-4,3.502e-4,2.83e-4,2.389e-4,2.155e-4,1.861e-4
RUS,RUS.45_1,POTA,0.08274837226798898,0.10441808330973382,0.09815931098541543,0.09190053866109707,0.0856417663367787,0.07938299401246032,48.752816787706244,45.49102098764586,46.963359405878364,47.84252257896493,45.87012085424243,46.46177235277959,0.001697,0.002295,0.00209,0.001921,0.001867,0.001709
RUS,RUS.47_1,POTA,1.1165146376166712,0.7989092987601569,0.6177293530464789,0.4458367843634368,0.326392084819423,0.24920899087994686,21057.564881601193,19648.7134302195,20284.653337130127,20664.38597164435,19812.456175017716,20068.00530301978,5.302e-5,4.066e-5,3.045e-5,2.158e-5,1.647e-5,1.242e-5
RUS,RUS.48_1,POTA,0.1283336480034704,0.2037698572049771,0.2335620081694866,0.23242382417640747,0.2210924189745009,0.27002442202780746,2571.809518314044,2399.7432042399123,2477.4120284778714,2523.7896609035197,2419.74148761193,2450.9522987141586,4.99e-5,8.491e-5,9.428e-5,9.209e-5,9.137e-5,1.102e-4
RUS,RUS.49_1,POTA,1.660876073412269,1.5766711151392905,1.551658967793934,1.4397262969008449,1.338382230250927,1.2433114298645358,1198.6506730962888,1118.4552302715178,1154.654562993662,1176.2699197795168,1127.7758878295294,1142.3224004966462,0.001386,0.00141,0.001344,0.001224,0.001187,0.001088
RUS,RUS.4_1,POTA,6.81002358520726,6.293894976433626,5.836942980262239,5.410718622369751,4.9624613918795255,4.506976871218445,1314.3579669647545,1226.4211547167572,1266.1148556673893,1289.8167706939635,1236.6415473579905,1252.5922536352336,0.005181,0.005132,0.00461,0.004195,0.004013,0.003598
RUS,RUS.50_1,POTA,1.2775284173005879,1.0775055213660423,0.9003195791136182,0.7272832793492269,0.571767081048982,0.429101708063218,2664.0530139922216,2485.8151704227553,2566.269754570966,2614.310820818504,2506.530735363514,2538.8609895265595,4.795e-4,4.335e-4,3.508e-4,2.782e-4,2.281e-4,1.69e-4
RUS,RUS.51_1,POTA,6.715179103203187,5.539825967744177,4.505439323003699,3.587711999739018,2.76689572508578,2.076195054862333,2487.6430234313666,2321.4106388276423,2396.4876964620707,2441.0950878129374,2341.3176115773445,2371.221411750472,0.002699,0.002386,0.00188,0.00147,0.001182,8.756e-4
RUS,RUS.52_1,POTA,0.6633263418999487,0.39926674720332744,0.23077987669395245,0.12060415547545988,0.0477648616180549,0.022088832820041843,6228.503087804262,5811.786546051825,5999.88776744764,6112.206827125733,5860.219125854646,5935.806618605875,1.065e-4,6.87e-5,3.846e-5,1.973e-5,8.151e-6,3.721e-6
RUS,RUS.53_1,POTA,0.11462385780715754,0.07129045697870537,0.0478333212561971,0.030220544235544593,0.019203632469150134,0.01367798610159077,530.2161551131775,494.7425288239738,510.7550041412058,520.3159814664285,498.86647143742164,505.3005276155809,2.162e-4,1.441e-4,9.365e-5,5.808e-5,3.849e-5,2.707e-5
RUS,RUS.54_1,POTA,0.40513097310649276,0.24724346280167056,0.16692313198034325,0.10397778319252075,0.05905254740010934,0.03640358276107928,8572.847952441152,7999.283566046968,8258.184163503887,8412.778968581028,8065.945673577597,8169.983525582735,4.726e-5,3.091e-5,2.021e-5,1.236e-5,7.321e-6,4.456e-6
RUS,RUS.55_1,POTA,1.4209631227360946,1.0745526582268028,0.8145977568432277,0.6219995084922604,0.4638454083880895,0.35043058796249854,3952.698331070059,3688.243974077067,3807.6157353818503,3878.895038527138,3718.979991167734,3766.948909579699,3.595e-4,2.913e-4,2.139e-4,1.604e-4,1.247e-4,9.303e-5
RUS,RUS.56_1,POTA,9.96293617455543,8.044442497455941,6.817173739395782,5.728914198297915,4.695545162702779,4.478240637158135,5537.534822998047,5172.917716578761,5336.483753415281,5435.93257218379,5215.776868032987,5281.655607030525,0.001799,0.001555,0.001277,0.001054,9.003e-4,8.479e-4
RUS,RUS.57_1,POTA,2.4853027327186465,2.247255672156104,2.032126879159273,1.796514996588518,1.5629754503181974,1.3352047271589274,1456.090775165427,1358.6702173253111,1402.6514052533912,1428.9111888818643,1369.9859644185217,1387.6617957497267,0.001707,0.001654,0.001449,0.001257,0.001141,9.622e-4
RUS,RUS.58_1,POTA,0.8938439614700614,0.7342074994379083,0.5968238550699911,0.4821679371321366,0.3780819318202342,0.28244557171481294,2711.4592058077646,2551.8463011450617,2621.350652116457,2671.199921495648,2568.491876033008,2599.3861581239344,3.297e-4,2.877e-4,2.277e-4,1.805e-4,1.472e-4,1.087e-4
RUS,RUS.59_1,POTA,0.5261383318432622,0.4336368290478927,0.3552840242105258,0.28243322439325147,0.20994206776607066,0.14071202448773962,7624.196469684014,7114.101388779448,7344.352646247283,7481.840348541709,7173.386822011934,7265.91208647148,6.901e-5,6.095e-5,4.838e-5,3.775e-5,2.927e-5,1.937e-5
RUS,RUS.5_1,POTA,0.1771570800981048,0.14908006290146433,0.12116261813650873,0.09324517337155316,0.06712268226911042,0.043072891337357005,1125.8492205486582,1050.5245418725967,1084.5252657234676,1104.8277884979916,1059.2790983770215,1072.942111559728,1.574e-4,1.419e-4,1.117e-4,8.44e-5,6.337e-5,4.014e-5
RUS,RUS.60_1,POTA,0.06986410530929962,0.05911144357713287,0.051617736619406926,0.044124029661680976,0.03663032270395504,0.02913661574622909,232.31740317590945,216.77426167375117,223.79026321904348,227.9796602384762,218.5807520953314,221.4000956488294,3.007e-4,2.727e-4,2.307e-4,1.935e-4,1.676e-4,1.316e-4
RUS,RUS.61_1,POTA,1.3569824560193258,1.269188185828562,1.2457339552992395,1.1283459499092918,1.0293301258875163,0.916010815230069,4607.30893426348,4299.058008028776,4438.1990545476,4521.282999413297,4334.884249822232,4390.797352177951,2.945e-4,2.952e-4,2.807e-4,2.496e-4,2.375e-4,2.086e-4
RUS,RUS.62_1,POTA,0.39588457276857186,0.3309675750662218,0.2704147953536843,0.21210294669579005,0.1661624572327033,0.13108736154243966,1608.1261472475005,1500.5348436331853,1549.1003638218313,1578.0998223042818,1513.0395653715548,1532.5553658431227,2.462e-4,2.206e-4,1.746e-4,1.344e-4,1.098e-4,8.554e-5
RUS,RUS.63_1,POTA,0.3289843818639702,0.26167102913534146,0.20660336858582434,0.15841188645026302,0.11462816345248751,0.07464726469035692,776.3334783257338,724.4242250231007,747.8618778290188,761.8227694579234,730.5474857343828,739.9249893333649,4.238e-4,3.612e-4,2.763e-4,2.079e-4,1.569e-4,1.009e-4
RUS,RUS.64_1,POTA,2.7274762915596646,2.404224288062644,2.1278310229037327,1.8706252229086415,1.610169269898083,1.3638176178761836,4089.4558651933426,3815.44148349387,3941.5036524175594,4015.962179632307,3844.8212142770667,3896.274281817915,6.67e-4,6.301e-4,5.399e-4,4.658e-4,4.188e-4,3.5e-4
RUS,RUS.65_1,POTA,0.21838446003152331,0.17977508300887834,0.14808296827224524,0.12246022552036058,0.09877290630633247,0.08471548956192303,2613.262833959356,2438.423095501168,2517.343812721095,2564.4689758725353,2458.74371812385,2490.457595878159,8.357e-5,7.373e-5,5.883e-5,4.775e-5,4.017e-5,3.402e-5
RUS,RUS.66_1,POTA,3.561659704264173,3.065137178246951,2.707730304601211,2.3389821299212676,2.0151142244908926,1.77409097612724,15745.643617359823,14692.18501528572,15167.704534877501,15451.646897945622,14814.622482249135,15005.707516006449,2.262e-4,2.086e-4,1.785e-4,1.514e-4,1.36e-4,1.182e-4
RUS,RUS.67_1,POTA,0.08143051418071544,0.056991718193720044,0.039911656224505807,0.025187121232669845,0.014475799991528248,0.009369618616514926,8618.38868837159,8041.777409695543,8302.053340508008,8457.469385065107,8108.793640086212,8213.384162612421,9.448e-6,7.087e-6,4.807e-6,2.978e-6,1.785e-6,1.141e-6
RUS,RUS.68_1,POTA,1.650782312510675,1.4146588984074029,1.1938575159946456,0.9784277583511435,0.7906576549430122,0.6292882963691215,7841.416109822872,7316.787999719586,7553.599305251182,7695.00414548069,7377.762523799016,7472.923909288439,2.105e-4,1.933e-4,1.581e-4,1.272e-4,1.072e-4,8.421e-5
RUS,RUS.69_1,POTA,0.26791791229822176,0.22657583626827438,0.18531758271993845,0.15130515205809292,0.12294640246506096,0.1017646251368289,1119.040774993951,1044.1716137746957,1077.9667221018053,1098.146467670989,1052.8732280909232,1066.4536157500074,2.394e-4,2.17e-4,1.719e-4,1.378e-4,1.168e-4,9.542e-5
RUS,RUS.6_1,POTA,2.2382576201536444,1.8096138789409062,1.4808755235400048,1.1736869753101946,0.9127023965741636,0.7277992768052336,8544.038440977745,7972.401548207208,8230.432096437582,8384.507377450635,8038.839634180271,8142.527861450829,2.62e-4,2.27e-4,1.799e-4,1.4e-4,1.135e-4,8.938e-5
RUS,RUS.70_1,POTA,0.7119326545621986,0.5153161927227321,0.39271165332568575,0.30392390023377347,0.2295690267815362,0.17071664901685346,26934.413847385975,25132.37319100598,25945.79434065491,26431.50462989641,25341.814067845233,25668.68310567782,2.643e-5,2.05e-5,1.514e-5,1.15e-5,9.059e-6,6.651e-6
RUS,RUS.71_1,POTA,0,0,0,0,0,0,25.13905628938546,23.457133109622877,24.216334602897884,24.669668643958545,23.652614100528893,23.95769482915282,0,0,0,0,0,0
RUS,RUS.72_1,POTA,0.31798660574895893,0.5136506752640014,0.4982691235022644,0.4788011855202493,0.4431705355078437,0.40492502219345455,2345.5286975995664,2188.6016488904424,2259.436776788396,2301.733870335353,2206.84038205391,2235.30510799661,1.356e-4,2.347e-4,2.205e-4,2.08e-4,2.008e-4,1.811e-4
RUS,RUS.73_1,POTA,5.127859629788255,4.599134140629402,4.1289025124670875,3.640362314782604,3.2323679618259424,2.8454283763722454,12200.974215582797,11385.20826094624,11753.546204914242,11972.898288862978,11481.574850115272,11628.885921262992,4.203e-4,4.04e-4,3.513e-4,3.041e-4,2.815e-4,2.447e-4
RUS,RUS.74_1,POTA,0.6071872077038472,0.4961039094556151,0.43017775852761747,0.36504002801278607,0.3065235545933721,0.25872785103102747,4784.695041763716,4464.576139511281,4609.0742586700435,4695.357020412526,4501.781728266006,4559.847542264608,1.269e-4,1.111e-4,9.333e-5,7.774e-5,6.809e-5,5.674e-5
RUS,RUS.75_1,POTA,0.26489577477887766,0.22361729021008023,0.18765550254748592,0.15372997842512034,0.12270516057112621,0.09401139549019283,2270.633604299397,2118.717394283664,2187.290685215702,2228.2371899718387,2136.373746330519,2163.9295649094233,1.167e-4,1.055e-4,8.579e-5,6.899e-5,5.744e-5,4.344e-5
RUS,RUS.76_1,POTA,0.24126961410978104,0.12117123073085805,0.07394025896753076,0.06023516704486351,0.05246087372813152,0.04450517062715657,5058.208727266448,4719.790455881831,4872.548707143967,4963.763761530714,4759.122875628454,4820.507980543163,4.77e-5,2.567e-5,1.517e-5,1.213e-5,1.102e-5,9.232e-6
RUS,RUS.77_1,POTA,0.4691661640245861,0.33227949818186286,0.21253697366590737,0.13891449108242543,0.10037479616318498,0.0695647090727872,1341.775528189321,1252.0043504227197,1292.5260636070027,1316.7224015554245,1262.4379408746127,1278.7213795405378,3.497e-4,2.654e-4,1.644e-4,1.055e-4,7.951e-5,5.44e-5
RUS,RUS.78_1,POTA,0.32061559131929024,0.26376607395381674,0.3515156322980172,0.30740738490836905,0.2827860789883938,0.2449318640546186,1221.5828895068446,1139.8531721087759,1176.7450593428675,1198.773954493761,1149.3521496235576,1164.1769617018276,2.625e-4,2.314e-4,2.987e-4,2.564e-4,2.46e-4,2.104e-4
RUS,RUS.79_1,POTA,1.5639218918042,1.1891897641387688,0.8227991363606709,0.46552124841418335,0.2344644094495915,0.13135253735869049,12681.050859696565,11833.408339705828,12215.933731451974,12444.646189928926,11931.856779028096,12085.678717783003,1.233e-4,1.005e-4,6.735e-5,3.741e-5,1.965e-5,1.087e-5
RUS,RUS.7_1,POTA,0.342961859409889,0.25762649545295385,0.21116946829436473,0.15888276281722594,0.11271309744596962,0.09356963384789321,5215.697284817176,4869.729230312988,5025.546864561565,5119.732562712501,4909.678018313285,4972.698742880842,6.576e-5,5.29e-5,4.202e-5,3.103e-5,2.296e-5,1.882e-5
RUS,RUS.81_1,POTA,1.4356976291998849,0.7096874881656894,0.4862675866582846,0.42028440602183287,0.355808780936674,0.3069264136560728,10301.938800078444,9612.689995093531,9923.809255005921,10109.584884009259,9692.797440819222,9817.819089423565,1.394e-4,7.383e-5,4.9e-5,4.157e-5,3.671e-5,3.126e-5
RUS,RUS.82_1,POTA,0.33898895826392417,0.24441824144201083,0.1885245965820286,0.14268887742725264,0.09711358052942777,0.05640871549948397,181.32640447102128,169.21048051592084,174.67675534342138,177.9455331008451,170.61993166209425,172.81692775979624,0.001869,0.001444,0.001079,8.019e-4,5.692e-4,3.264e-4
RUS,RUS.83_1,POTA,0.0214549474144251,0.0195667439600674,0.0176785405057097,0.015790337051352,0.0139021335969943,0.0120139301426366,932.8464050957954,870.4345346290582,898.6065601863373,915.4286488274441,877.688309303593,889.0090905393371,2.3e-5,2.248e-5,1.967e-5,1.725e-5,1.584e-5,1.351e-5
RUS,RUS.8_1,POTA,5.9166174708721755,5.693235409720282,5.364308059527627,4.971479582067765,4.558968961838652,4.1573895928593485,42663.1497970111,39827.40972799066,41117.20412874257,41891.11904902101,40142.51348692068,40667.7146513577,1.387e-4,1.429e-4,1.305e-4,1.187e-4,1.136e-4,1.022e-4
RUS,RUS.9_1,POTA,0.2938184565296117,0.26890030551891675,0.24398215450822186,0.219064003497527,0.1941458524868321,0.1752056849528154,1607.0146336500206,1499.4976955928744,1548.0296479944714,1577.009062469505,1511.9937742479456,1531.4960856797218,1.828e-4,1.793e-4,1.576e-4,1.389e-4,1.284e-4,1.144e-4
RWA,RWA.1_1,POTA,5.177773259101376,4.875406281087977,4.551856487713653,4.205666152927286,4.410048288224632,3.997737501867634,92675.46399586576,102411.5683430876,99593.6862911722,95431.6741224783,91360.32711777484,93976.08491278286,5.587e-5,4.761e-5,4.57e-5,4.407e-5,4.827e-5,4.254e-5
RWA,RWA.2_1,POTA,9.964924581624127,8.587369053775943,7.262152443354862,5.983646393029916,4.754981132699487,3.5384060031470783,64004.2491288549,69950.46197077853,67693.52112305409,64488.31665009992,61680.805325610294,63623.34340762998,1.557e-4,1.228e-4,1.073e-4,9.279e-5,7.709e-5,5.561e-5
RWA,RWA.3_1,POTA,3.1339438020661063,2.9053851725246,2.5514213585582852,2.6834782078639203,2.4957343867126536,2.23878113299207,15419.294273594096,16855.41835546499,16313.137471854974,15542.506988975234,14866.12537342804,15333.472729819725,2.032e-4,1.724e-4,1.564e-4,1.727e-4,1.679e-4,1.46e-4
RWA,RWA.4_1,POTA,89.15890251529669,84.27625426857288,79.3089313626219,75.21481288256201,70.29429721149599,63.86107952636112,134929.04837441441,147463.7941141705,142706.14262274103,135949.64989848586,130031.41749576015,134126.29003336988,6.608e-4,5.715e-4,5.557e-4,5.533e-4,5.406e-4,4.761e-4
RWA,RWA.5_1,POTA,0.31052131899484986,0.3000189998988959,0.27447421038940495,0.31348674572259133,0.2879313010671481,0.26323086508347776,3010.366303409049,3290.0394889708946,3183.8856161085196,3033.1320984999898,2901.083516141296,2992.449025499905,1.032e-4,9.119e-5,8.621e-5,1.034e-4,9.925e-5,8.797e-5
SAU,SAU.10_1,POTA,0,0,0,0,0,0,0.6067408016819786,0.6237872990631947,0.6528041748829507,0.6708790600377166,0.6744609371994651,0.6660311810726537,0,0,0,0,0,0
SAU,SAU.11_1,POTA,0,0,0,0,0,0,3.1977940519136863,3.287636679573639,3.440568528963536,3.535831217869084,3.5547093046085494,3.510280738198193,0,0,0,0,0,0
SAU,SAU.13_1,POTA,0,0,0,0,0,0,0.32860862784901,0.33784094929260605,0.3535563844852981,0.3633456770345558,0.36528560877473704,0.36072008328798194,0,0,0,0,0,0
SAU,SAU.4_1,POTA,0.00569283844343916,0.00481701714444852,0.00394119584545788,0.00306537454646724,0.0021895532474766,0.00131373194848596,536.6380500176369,551.7149973548319,577.3792671951838,593.3657825191199,596.5338100691955,589.0780268459876,1.061e-5,8.731e-6,6.826e-6,5.166e-6,3.67e-6,2.23e-6
SAU,SAU.5_1,POTA,0,0,0,0,0,0,0.6265544610946282,0.6441576269780347,0.6741220746326138,0.6927872112050961,0.69648605774478,0.6877810204495269,0,0,0,0,0,0
SAU,SAU.6_1,POTA,0,0,0,0,0,0,0.6567741531767964,0.6752263470149931,0.7066360263896554,0.7262014114080696,0.7300786590452306,0.720953764318643,0,0,0,0,0,0
SAU,SAU.7_1,POTA,0,0,0,0,0,0,1.0007277735572184,1.0288434093014498,1.0767023854147966,1.1065141922490962,1.1124219603558319,1.0985183444179738,0,0,0,0,0,0
SDN,SDN.11_1,POTA,6.667644186964552e-5,6.094290952863489e-5,5.520937718762423e-5,1.7523612633229407e-4,1.6305334878688953e-4,1.5087057124148502e-4,171.44556279748872,175.05458796251912,180.53459231405145,183.170567502735,188.42515054215113,184.6317305604048,3.889e-7,3.481e-7,3.058e-7,9.567e-7,8.653e-7,8.171e-7
SDN,SDN.12_1,POTA,0,0,0,0,0,0,0.0017189016405374609,0.0017550854832434942,0.0018100276369878154,0.001836455746309001,0.0018891378411933198,0.0018511052685009988,0,0,0,0,0,0
SDN,SDN.13_1,POTA,0,0,0,0,0,0,24.316860987784263,24.82874453733475,25.605997105755353,25.979868795314207,26.725148890251276,26.18711183137815,0,0,0,0,0,0
SDN,SDN.14_1,POTA,0.002757421299356343,0.002324774784910738,0.0018924545834467863,0.0014683927553663923,0.0010577690991386414,6.608096200481335e-4,0.03220527255437957,0.03268850661571786,0.032723258141994845,0.032949847485625294,0.03278712581190934,0.03281091135318506,0.08562,0.07112,0.05783,0.04456,0.03226,0.02014
SDN,SDN.16_1,POTA,2.9341752604227453e-7,2.654729997525341e-7,2.375284734627937e-7,2.0958394717305325e-7,1.816394208833128e-7,1.5369489459357238e-7,0.2477576863453354,0.25103462827307355,0.23939810357513056,0.23564905186972432,0.23190000016431803,0.23562638515607745,1.184e-6,1.058e-6,9.922e-7,8.894e-7,7.833e-7,6.523e-7
SDN,SDN.18_1,POTA,0,0,0,0,0,0,100.45605272180869,102.57070892134456,105.7816383678157,107.32614997958926,110.40499706215978,108.18229738148975,0,0,0,0,0,0
SDN,SDN.4_1,POTA,1.5900711154695535e-6,1.345444790012699e-6,1.1008184645558446e-6,8.561921390989902e-7,6.11565813642136e-7,3.6693948818528155e-7,0.0034781830282173917,0.003524186863519704,0.0033608257855695183,0.003308194167128112,0.003255562548686704,0.0033078759571065586,4.572e-4,3.818e-4,3.275e-4,2.588e-4,1.879e-4,1.109e-4
SDN,SDN.6_1,POTA,0,0,0,0,0,0,100.19745176045278,102.30666426484714,105.50932791329808,107.04986353580263,110.12078483596534,107.90380698348439,0,0,0,0,0,0
SEN,SEN.11_1,POTA,0.29229189255267884,0.2016697772559576,0.14524283725919926,0.10879367990147236,0.07893293472338529,0.058495295341331056,491.91198830940306,477.46891915236444,467.03135018732394,473.6794832860758,487.8898677846582,478.99284577209255,5.942e-4,4.224e-4,3.11e-4,2.297e-4,1.618e-4,1.221e-4
SEN,SEN.12_1,POTA,0.20329416252622995,0.1525790626001141,0.11020085538089604,0.08081095626317848,0.05666635949257119,0.03284398854967674,22.63553342320128,24.072018638459955,26.221471015102917,28.827896405855608,30.377465955881917,28.864627958903966,0.008981,0.006338,0.004203,0.002803,0.001865,0.001138
SEN,SEN.6_1,POTA,0.021028610289277227,0.020768418299918535,0.019455678417915002,0.018667590295263187,0.017181262555476383,0.015577291920433509,12.711162304241554,16.658888290084054,21.797606639341325,26.702803238248215,28.91448908378118,26.41344193456836,0.001654,0.001247,8.926e-4,6.991e-4,5.942e-4,5.897e-4
SEN,SEN.7_1,POTA,3.436988407655629,3.072919941491618,2.7087471176569653,2.5189675496405095,2.263276619980868,1.8944288911439913,81221.93381472839,78837.27574859794,77114.01158181783,78211.83259593122,80558.2221608405,79089.1367485559,4.232e-5,3.898e-5,3.513e-5,3.221e-5,2.809e-5,2.395e-5
SLE,SLE.1_1,POTA,13.804333019691297,13.123138150198868,12.40766017102487,11.722080339484442,10.823122099391174,9.816322465120633,4.5714811451807655,5.9912533484353085,7.839357674519259,9.603477526708154,10.398894963754278,9.499410745696634,3.02,2.19,1.583,1.221,1.041,1.033
SLE,SLE.2_1,POTA,0.7875828809803723,0.7125006350978971,0.6271886605763815,0.5453899772489724,0.4617173779115164,0.37334601160663683,231.14664797748614,302.9342317499488,396.37946460130394,485.5782116843737,525.7967029079189,480.3163092871653,0.003407,0.002352,0.001582,0.001123,8.781e-4,7.773e-4
SLV,SLV.10_1,POTA,0.0024044309510730714,0.0022291133887828328,0.002036008274139041,0.001873769524875113,0.001686899490645169,0.0014918105638820958,236.58735834411692,209.80171653987713,176.8060123877612,152.78377968356926,138.39126230400387,154.7478109783507,1.016e-5,1.062e-5,1.152e-5,1.226e-5,1.219e-5,9.64e-6
SLV,SLV.11_1,POTA,0.035046006800483975,0.03300528844597901,0.03109686694622435,0.02889361079497672,0.02629809732361388,0.02367494824300928,115.87454058563324,102.75560658983127,86.595140169792,74.82965448229929,67.78056128095346,75.79158763701835,3.024e-4,3.212e-4,3.591e-4,3.861e-4,3.88e-4,3.124e-4
SLV,SLV.12_1,POTA,0.7155381500524385,0.6573012296806822,0.6714396355133175,0.6087360744344794,0.5545963581343658,0.5189579171581474,378.4877164540405,335.6365832776989,282.8507167600004,244.42043010405547,221.39556911763896,247.56244802508436,0.001891,0.001958,0.002374,0.002491,0.002505,0.002096
SLV,SLV.13_1,POTA,1.4333808635981784,1.3961892371955666,1.3397634160719434,1.2761847175619512,1.3409531181108565,1.286279970138571,1587.0832149650814,1407.3988784599012,1186.0559944093977,1024.9092510768355,928.3608855425389,1038.0844313714647,9.032e-4,9.92e-4,0.00113,0.001245,0.001444,0.001239
SLV,SLV.14_1,POTA,0.03973965416049381,0.03725454445230121,0.03481182339047568,0.03282694720410746,0.0304377120888934,0.02770357994692503,484.0984371787735,429.29040590010084,361.77551869121004,312.621897842502,283.1723312245686,316.640643759564,8.209e-5,8.678e-5,9.622e-5,1.05e-4,1.075e-4,8.749e-5
SLV,SLV.1_1,POTA,0.9104448637106032,0.8881816140345379,0.9688526596682194,0.9328592482634841,0.8863570614508673,0.9031246932881596,318.9270504270561,282.8191797689945,238.3399536782579,205.95724365248861,186.55568666224346,208.60481836727962,0.002855,0.00314,0.004065,0.004529,0.004751,0.004329
SLV,SLV.3_1,POTA,0.7324677452351996,0.6055740242273884,0.5127650288135798,0.42093559580288525,0.34128423464618557,0.265715945085865,1114.674494487706,988.4747180218717,833.0164124579292,719.8363580229664,652.0264287572699,729.089834649914,6.571e-4,6.126e-4,6.156e-4,5.848e-4,5.234e-4,3.644e-4
SLV,SLV.5_1,POTA,0.043500482522811065,0.04193988165815979,0.041063228025560505,0.038461832459392956,0.03585413396027194,0.03278492686094981,868.456386791003,770.1326138641618,649.0131668737093,560.833216926464,508.001680500482,568.0427125383533,5.009e-5,5.446e-5,6.327e-5,6.858e-5,7.058e-5,5.772e-5
SMR,SMR.4_1,POTA,0,0,0,0,0,0,3.1619126157233852,3.0020813656677903,2.937835903186811,2.78900241840669,3.113535672277159,2.988889928239762,0,0,0,0,0,0
SMR,SMR.6_1,POTA,0,0,0,0,0,0,0.006835943500714604,0.00649039397806321,0.006351497555210367,0.006029724813006166,0.00673135425606212,0.0064618745558303525,0,0,0,0,0,0
SMR,SMR.9_1,POTA,0,0,0,0,0,0,0.8669077036931185,0.823086460412998,0.805472157577704,0.7646661928961467,0.8536441034449298,0.8194697384731581,0,0,0,0,0,0
SRB,SRB.10_1,POTA,6.797753000911777e-4,6.409309972288246e-4,6.020866943664716e-4,5.632423915041187e-4,5.243980886417656e-4,4.8555378577941257e-4,38.84712642828482,35.86120339160786,30.60149011591243,35.03090685226894,35.576205024694424,34.24529302549828,1.75e-5,1.787e-5,1.968e-5,1.608e-5,1.474e-5,1.418e-5
SRB,SRB.11_1,POTA,0.31019452080874044,0.2741685579761775,0.23684573304879986,0.19954494376993276,0.16176866586717065,0.1236745274277116,83.69952411527466,77.29769908065123,67.05347406261242,75.7225908786521,77.25186549749394,74.4223534568218,0.003706,0.003547,0.003532,0.002635,0.002094,0.001662
SRB,SRB.12_1,POTA,0.06865059634483538,0.059149346237916366,0.04978469009768971,0.04042003395746307,0.03105537781723643,0.021690721677009778,28.66851878672075,26.46495835527663,22.583379388672576,25.85221362676936,26.25463440631928,25.27244398039769,0.002395,0.002235,0.002204,0.001564,0.001183,8.583e-4
SRB,SRB.13_1,POTA,0.017510852355786914,0.016389056964554876,0.01526726157332285,0.014145466182090812,0.013023670790858786,0.011901875399626748,28.536456219554992,26.34304656882076,22.479348235911107,25.733124471034873,26.133691484730214,25.156025554477825,6.136e-4,6.221e-4,6.792e-4,5.497e-4,4.983e-4,4.731e-4
SRB,SRB.14_1,POTA,0.09560768718235894,0.1327480139879029,0.1293775712233298,0.12122985013118832,0.11308212903904684,0.10493440794690533,65.27647652961362,60.259103227042644,51.420983608922185,58.8639206859908,59.78020836610237,57.54382040472016,0.001465,0.002203,0.002516,0.002059,0.001892,0.001824
SRB,SRB.15_1,POTA,0.0015434035769283975,0.0013515335768038371,0.0016674609199441035,0.0014495500304213468,0.0012316391408985904,0.001013728251375834,125.55286677932511,115.90244391138657,98.90319220560237,113.21894784937021,114.98133686220845,110.67986511143275,1.229e-5,1.166e-5,1.686e-5,1.28e-5,1.071e-5,9.159e-6
SRB,SRB.16_1,POTA,0.18635428158386447,0.17250881816686875,0.15563617385842482,0.13851585540606334,0.1213955369537019,0.10427521850134042,44.01269476072309,40.629728470156294,34.670622193416264,39.68902599080377,40.3068333866957,38.79894776014512,0.004234,0.004246,0.004489,0.00349,0.003012,0.002688
SRB,SRB.17_1,POTA,3.8944251653525683e-4,3.569176168149047e-4,3.243927170945525e-4,2.918678173742003e-4,2.5934291765384806e-4,2.3203135562123236e-4,71.71967089077995,66.18039528713054,56.458491001026466,64.57975662113027,65.6443754731745,63.16699447454411,5.43e-6,5.393e-6,5.746e-6,4.519e-6,3.951e-6,3.673e-6
SRB,SRB.18_1,POTA,0,0,0,0,0,0,58.89998728184493,54.37273275738188,46.39795898314858,53.11383769605723,53.94061842281104,51.92269053384289,0,0,0,0,0,0
SRB,SRB.19_1,POTA,6.991278334456959e-4,6.068462133759612e-4,5.218756331584939e-4,4.3690505294102653e-4,3.5193447272355917e-4,2.6696389250609187e-4,114.7878555698361,105.79856658106132,90.59792450184015,102.97218033179561,104.26741996835406,100.64470799063022,6.091e-6,5.736e-6,5.76e-6,4.243e-6,3.375e-6,2.653e-6
SRB,SRB.1_1,POTA,0.18497540950655178,0.15922077779993582,0.1372933229543654,0.11197355530249961,0.08613534525613024,0.06029713520976091,37.91130757620934,34.99731477802061,29.864306854624388,34.187019902273484,34.719181959967294,33.420331342237816,0.004879,0.00455,0.004597,0.003275,0.002481,0.001804
SRB,SRB.20_1,POTA,0.021069289741144488,0.020101003674684082,0.018602330812084508,0.016895865748325065,0.015199852407477794,0.013492851357927943,200.78423766733252,185.25004359995754,158.06227554087278,180.9652556637054,183.799391529386,176.90990566231343,1.049e-4,1.085e-4,1.177e-4,9.337e-5,8.27e-5,7.627e-5
SRB,SRB.21_1,POTA,0.29243245359112785,0.3575485813697695,0.334359282104348,0.3175159600066749,0.29400122601470224,0.2705691862669187,212.72405361427735,196.37335510599084,167.57154576443537,191.82671133103506,194.81272466926612,187.52474685717377,0.001375,0.001821,0.001995,0.001655,0.001509,0.001443
SRB,SRB.22_1,POTA,0.027538995182924856,0.02379143273811673,0.020043870293308588,0.016296307848500467,0.01254874540369234,0.008801182958884208,97.10404116284764,89.64029235769887,76.49287422444841,87.56484542645215,88.92789749875877,85.60108943246195,2.836e-4,2.654e-4,2.62e-4,1.861e-4,1.411e-4,1.028e-4
SRB,SRB.23_1,POTA,0.12637223941512932,0.08155302055382237,0.036862823736402026,0.00966476618944867,0.004302038152338692,0.0038246319780136187,127.2921016951828,117.50799528153748,100.27325956914656,114.78732579475313,116.57412849550691,112.21307013352563,9.928e-4,6.94e-4,3.676e-4,8.42e-5,3.69e-5,3.408e-5
SRB,SRB.24_1,POTA,0.0011371930663873016,0.0010588090688113982,9.804250712354945e-4,9.02041073659591e-4,8.236570760836877e-4,7.452730785077842e-4,163.8120372570055,151.13786253855443,128.92297601969702,147.42565135532098,149.90537707036665,144.23007562454217,6.942e-6,7.006e-6,7.605e-6,6.119e-6,5.495e-6,5.167e-6
SRB,SRB.25_1,POTA,0.16469125809596316,0.14666301029238143,0.12863476248879968,0.11112520510140804,0.09307035778930373,0.0750155104771994,246.2686397978958,227.33958963658884,193.99600535568487,222.0759828225977,225.5328624313228,217.0956389384137,6.687e-4,6.451e-4,6.631e-4,5.004e-4,4.127e-4,3.455e-4
SRB,SRB.2_1,POTA,0.06095355222623582,0.057322719821968064,0.057875520845512125,0.05331617153153296,0.048756822217553786,0.0498926627385187,65.17871235070324,60.168853537383065,51.34397071685823,58.775760552673844,59.69067591434155,57.45763737750543,9.352e-4,9.527e-4,0.001127,9.071e-4,8.168e-4,8.683e-4
SRB,SRB.3_1,POTA,0.10192271618476281,0.10108367208999282,0.09415128905424719,0.08704934381362614,0.07978587572585194,0.07230731486927454,177.18732036522303,163.56809674871477,139.57778943652963,159.7809950390021,162.26817828408704,156.19769759577068,5.752e-4,6.18e-4,6.745e-4,5.448e-4,4.917e-4,4.629e-4
SRB,SRB.4_1,POTA,0.03729481572349985,0.03311870596697832,0.028942596210456775,0.024766486453935223,0.020590376697413686,0.01641426694089214,250.78632462833312,231.5100297555659,197.55477277032625,226.14986449760698,229.6701589714233,221.07815849750602,1.487e-4,1.431e-4,1.465e-4,1.095e-4,8.965e-5,7.425e-5
SRB,SRB.5_1,POTA,0.010152127992837804,0.0088389999668138,0.007515932170339942,0.006192864373866084,0.004870742082075525,0.003547625798182011,133.4772790634351,123.21775875723606,105.14557990535361,120.36489078278396,122.23851498682863,117.6655509439533,7.606e-5,7.173e-5,7.148e-5,5.145e-5,3.985e-5,3.015e-5
SRB,SRB.6_1,POTA,0.048536192234033666,0.0479410447861195,0.044668128376686426,0.041477866624087124,0.038371212133109255,0.03520549812500699,310.48353310174383,286.0068790393219,245.22374564380723,277.99859475494117,281.1941404304566,271.6972038613571,1.563e-4,1.676e-4,1.822e-4,1.492e-4,1.365e-4,1.296e-4
SRB,SRB.7_1,POTA,0.11232257913305409,0.10131082209446449,0.09165395599203231,0.08231818732956842,0.07387524047962522,0.06661654294190578,217.9692351759056,201.2153740685699,171.7033924792921,196.55662274540552,199.61626284017098,192.14858383212993,5.153e-4,5.035e-4,5.338e-4,4.188e-4,3.701e-4,3.467e-4
SRB,SRB.8_1,POTA,0.0686705234489364,0.06354190768096424,0.05980533039779521,0.0546053280408588,0.049405325683922384,0.04420532332698597,163.13794301378678,150.59860260465203,128.51051312335386,147.1117843513309,149.40175610362763,143.8126105002314,4.209e-4,4.219e-4,4.654e-4,3.712e-4,3.307e-4,3.074e-4
SRB,SRB.9_1,POTA,0.0781121541302686,0.0680481749782943,0.05798419582632001,0.047920216674345685,0.03785623752237136,0.027792258370397067,170.9223523422176,157.78467560095817,134.64261469750653,154.131477779302,156.53071949750063,150.67487813731555,4.57e-4,4.313e-4,4.307e-4,3.109e-4,2.418e-4,1.845e-4
SSD,SSD.1_1,POTA,24.098773340964264,17.799658649651743,12.338008335718769,7.425000548011148,3.4342532205184626,1.5108694917762786,0.20185827680061055,0.20191641737977492,0.2043777018977312,0.20939523387961226,0.21195535738214788,0.21014873255554967,119.4,88.15,60.37,35.46,16.2,7.19
SSD,SSD.7_1,POTA,2.7740917610967197,2.398154908232084,2.023799455013518,1.6503227354591945,1.2773897209617384,0.9048161489409937,4.6802903373718765,4.77881307153663,4.928411643799057,5.0003710984728444,5.143815897072541,5.040259371044905,0.5927,0.5018,0.4106,0.33,0.2483,0.1795
SUR,SUR.4_1,POTA,0,0,0,0,0,0,0.027409718067243145,0.027922482471258676,0.025064622501617062,0.026739588678597295,0.028699955595718505,0.02782673285312379,0,0,0,0,0,0
SUR,SUR.9_1,POTA,0,0,0,0,0,0,0.08634738482776501,0.08796271940402328,0.07895975432510048,0.08423631166517928,0.09041195185896074,0.08766108444725641,0,0,0,0,0,0
SVK,SVK.1_1,POTA,0.024645957770088205,0.021995015395595948,0.019378269218955916,0.017171818723250718,0.015423984623532437,0.013750631874069035,124.74433925805013,113.40657271327535,98.03704353192376,101.91170212035838,128.03781068095864,118.20111969499072,1.976e-4,1.939e-4,1.977e-4,1.685e-4,1.205e-4,1.163e-4
SVK,SVK.2_1,POTA,0.052411323575726886,0.044461659396339975,0.04001675360884162,0.03310840296794364,0.026495171650729208,0.021477980627844576,164.96029503970016,149.97292768049758,129.65561577037323,134.77712673550474,169.3572511589894,156.34463321860773,3.177e-4,2.965e-4,3.086e-4,2.457e-4,1.564e-4,1.374e-4
SVK,SVK.3_1,POTA,0.015713918985305435,0.013996142977208888,0.012608785648329351,0.011485713473934758,0.010471109048906687,0.009496030506662772,158.84835052923916,144.3864691180118,124.78349321891343,129.72753728590803,162.85826076739193,150.3530574399942,9.892e-5,9.694e-5,1.01e-4,8.854e-5,6.43e-5,6.316e-5
SVK,SVK.4_1,POTA,0.01042567959189358,0.00910069187962504,0.00999930040828575,0.009329648280047852,0.008449160611307176,0.007674754046598719,408.266087845225,370.9461587629643,320.3692017739341,333.1382631343606,417.4403561623561,385.4276320737476,2.554e-5,2.453e-5,3.121e-5,2.801e-5,2.024e-5,1.991e-5
SVK,SVK.5_1,POTA,0.05418365180524206,0.0487734452975928,0.04436842287589316,0.040133975714113104,0.03534907743817742,0.031164872236912305,170.06259102763977,154.61165766712617,133.66592217774118,138.94584377643324,174.5955469738037,161.18044291824003,3.186e-4,3.155e-4,3.319e-4,2.888e-4,2.025e-4,1.934e-4
SVK,SVK.6_1,POTA,0.05261869427950185,0.047824325219458105,0.043719021608407224,0.039310969412041034,0.03497623041892801,0.030819714263267604,107.47800241259387,97.71315381794786,84.47564052441118,87.81250269317762,110.34278911949995,101.8645660291865,4.896e-4,4.894e-4,5.175e-4,4.477e-4,3.17e-4,3.026e-4
SVK,SVK.7_1,POTA,0.004728860056422747,0.0036393055709639005,0.0025845665873137987,0.0015437752413231271,6.789738125304671e-4,3.1402699026053895e-4,113.61000361407396,103.61577280531367,90.20568809562815,92.86413469116539,116.1388323232215,107.35084977587633,4.162e-5,3.512e-5,2.865e-5,1.662e-5,5.846e-6,2.925e-6
SVK,SVK.8_1,POTA,0.024175018963072475,0.018803250723696464,0.01548958528649972,0.012751639061714882,0.010809557322994318,0.00934857174944507,71.82115947755992,65.29589167905718,56.45004851115314,58.679875123091826,73.73552612308092,68.07003365962606,3.366e-4,2.88e-4,2.744e-4,2.173e-4,1.466e-4,1.373e-4
SVN,SVN.10_1,POTA,0.0711524071722896,0.04684579306905672,0.03288502848711547,0.022089419570779128,0.013942343200564342,0.009739010984384226,62.52611158415328,44.55020233477054,40.50840540215004,47.7085083716203,51.92422083490432,47.32253183723438,0.001138,0.001052,8.118e-4,4.63e-4,2.685e-4,2.058e-4
SVN,SVN.11_1,POTA,0.0010115350021701434,5.052465827430659e-4,1.818982291609289e-4,1.260752709844637e-4,8.206475067665252e-5,7.762881820764428e-5,89.58452090590376,63.90877201202401,57.83221124456738,68.20918476330225,74.15876322336946,67.63955152411283,1.129e-5,7.906e-6,3.145e-6,1.848e-6,1.107e-6,1.148e-6
SVN,SVN.12_1,POTA,9.159373468439622e-5,8.586611850081656e-5,8.01385023172369e-5,7.441088613365724e-5,6.868326995007758e-5,6.295565376649792e-5,0.19820486432416323,0.1412220684392458,0.12840976023137546,0.1512337516171686,0.1645973639647924,0.15001022396300914,4.621e-4,6.08e-4,6.241e-4,4.92e-4,4.173e-4,4.197e-4
SVN,SVN.1_1,POTA,0.08256506858090404,0.07058935497155701,0.05982812338788359,0.05064396329265501,0.041552791679089936,0.03477776728495644,38.15419016073991,27.18507274025126,24.718719326433963,29.11230931490368,31.68478809076131,28.87678176141551,0.002164,0.002597,0.00242,0.00174,0.001311,0.001204
SVN,SVN.2_1,POTA,0.44631479315446587,0.4060864204154319,0.37424673027961164,0.3390692270222549,0.3010983025978968,0.26789346856967106,270.51551090254156,195.74719325078664,178.82241440613228,207.91697010567157,226.60236576485514,207.1266178691197,0.00165,0.002075,0.002093,0.001631,0.001329,0.001293
SVN,SVN.3_1,POTA,0.10333885851639024,0.07147384952298076,0.04606184526708542,0.026388576201803883,0.012406225421773838,0.006506895490012318,62.26841757572086,44.369284615947606,40.33445313259675,47.50695139114382,51.70221869152584,47.122001572340935,0.00166,0.001611,0.001142,5.555e-4,2.4e-4,1.381e-4
SVN,SVN.4_1,POTA,0.05386023309741525,0.04847872138867768,0.04190486399756722,0.035631221641249655,0.03073521523816704,0.027674619759218252,20.148760214013944,14.356103739491022,13.05365272877205,15.373853754751627,16.73234826851358,15.249474540331567,0.002673,0.003377,0.00321,0.002318,0.001837,0.001815
SVN,SVN.5_1,POTA,0.08236702598398937,0.06393823549333325,0.04603832519338251,0.032831043042535514,0.024281504033177147,0.018869019085257302,23.069149990828823,16.45001739385973,14.91152794296271,17.57811376735378,19.118538308564183,17.432956617978807,0.00357,0.003887,0.003087,0.001868,0.00127,0.001082
SVN,SVN.6_1,POTA,0.0710634715988722,0.06655135714805355,0.11995014297162356,0.11346217537669905,0.09699955506646332,0.08757985285844085,118.24731845542186,84.32696120054108,76.4442034005794,90.10649625462685,98.00412285803607,89.36497849223814,6.01e-4,7.892e-4,0.001569,0.001259,9.897e-4,9.8e-4
SVN,SVN.7_1,POTA,0.3056907013201258,0.24479000444889729,0.21926070645599124,0.1876704464357819,0.158128045583601,0.13787429160728926,122.55001161779037,87.31756502006337,79.39571847467661,93.50778590062377,101.77050363987398,92.7512790977095,0.002494,0.002803,0.002762,0.002007,0.001554,0.001486
SVN,SVN.8_1,POTA,0.1284402610101878,0.10487873260915756,0.08512433455602403,0.06919482173228793,0.05823661043201649,0.05110873282834867,165.44664232928554,118.0258107548676,107.30377391084099,126.15339711162447,137.34984689308865,125.21412050008048,7.763e-4,8.886e-4,7.933e-4,5.485e-4,4.24e-4,4.082e-4
SVN,SVN.9_1,POTA,0,0,0,0,0,0,8.34784700270382,5.947887428272725,5.408268034795765,6.369552152263329,6.932390968867524,6.318020512536285,0,0,0,0,0,0
SWE,SWE.10_1,POTA,0.305589045836279,0.25103874751226085,0.1982237783167711,0.15059504979515947,0.10707793865287976,0.07329826635150613,9.277650116539801,8.711480932103889,8.951260731543172,8.500580070653728,9.243309051149268,9.005215783791801,0.03294,0.02882,0.02214,0.01772,0.01158,0.00814
SWE,SWE.11_1,POTA,10.263671315221513,7.344104465408365,4.439811189254814,1.537471610841153,0.056559191655721465,0.024278948534001706,221.8318919503802,208.8841116632627,215.5097336070611,204.83793032353847,222.48939641808536,216.842815485789,0.04627,0.03516,0.0206,0.007506,2.542e-4,1.12e-4
SWE,SWE.12_1,POTA,2.92847465208763,2.8208578888650018,2.5620817809324112,2.3063513419557804,2.063306237635361,1.8090283359430117,1305.6962744275886,1229.4860039639627,1268.4842283027713,1205.6702944440797,1309.5663272245695,1276.3307107325893,0.002243,0.002294,0.00202,0.001913,0.001576,0.001417
SWE,SWE.13_1,POTA,2.4534412470557987,2.3793206191156897,2.1811967936646206,2.0022845555859203,1.8317012553638885,1.6608402167827458,11961.113885821067,11262.973175659143,11620.224867187315,11044.804203733544,11996.566343758977,11692.104271137741,2.051e-4,2.113e-4,1.877e-4,1.813e-4,1.527e-4,1.42e-4
SWE,SWE.14_1,POTA,0.004029861873790885,0.0023117892815805886,0.0014244813041390848,8.64285875258613e-4,6.004155477786219e-4,5.234135371974503e-4,59.307862903429694,55.8462092547115,57.617602332766516,54.76444248948707,59.48365000277867,57.97400842301582,6.795e-5,4.14e-5,2.472e-5,1.578e-5,1.009e-5,9.028e-6
SWE,SWE.15_1,POTA,0.0063729181777611,0.004119066450253658,0.0025713476832140082,0.001729761876642166,9.161767728049406e-4,4.6660193930080454e-4,1.0231388835616457,0.9634207909506604,0.993979658653938,0.9447588870097275,1.0261714429520472,1.0001281339390111,0.006229,0.004275,0.002587,0.001831,8.928e-4,4.665e-4
SWE,SWE.16_1,POTA,0.029057180410139497,0.027295723091240422,0.09278313835575705,0.09484691111485156,0.08928727932747899,0.08375115321490938,58.67333635528042,55.248718455838606,57.001159646568595,54.178525362263045,58.847242732986444,57.35375259779865,4.952e-4,4.941e-4,0.001628,0.001751,0.001517,0.00146
SWE,SWE.17_1,POTA,1.6421466354635348,1.2248408842677387,0.90201109619286,0.6496481416233656,0.44681432023116896,0.3067548916671671,95.9164937082697,90.31808459077835,93.18289550636963,88.56858174156231,96.2007879212673,93.75929837842472,0.01712,0.01356,0.00968,0.007335,0.004645,0.003272
SWE,SWE.18_1,POTA,0.2980459089538837,0.25542884028150803,0.2135881082453325,0.17203889438827202,0.1319038563129111,0.09347917577343598,27.14602184691878,25.561575519328446,26.372366413525064,25.066436041956468,27.226482011991727,26.5354983666699,0.01098,0.009993,0.008099,0.006863,0.004845,0.003523
SWE,SWE.19_1,POTA,0.002127684553306954,0.0017448764987473293,0.0013620684441876944,9.792603896280646e-4,6.990417971479152e-4,5.257438956960936e-4,0.23110549598971686,0.21761643831225047,0.2245190420456415,0.21340110778804225,0.23179048719990067,0.22590785294235072,0.009207,0.008018,0.006067,0.004589,0.003016,0.002327
SWE,SWE.1_1,POTA,0.01532646305504407,0.010357263486437505,0.0070893774020306215,0.003821491317623736,0.0012463843802105368,2.746984365006965e-4,368.2911246951169,346.7948802988674,357.7949116110107,340.0773039250394,369.3827308558639,360.00812910697465,4.162e-5,2.987e-5,1.981e-5,1.124e-5,3.374e-6,7.63e-7
SWE,SWE.20_1,POTA,0.15898408590371177,0.1464623600162515,0.13537252493053378,0.12415366409438869,0.11276394471550129,0.10144657382774039,149.06376394505,140.36327977497868,144.81548065888236,137.6443784718314,149.50558540681143,145.71126800822603,0.001067,0.001043,9.348e-4,9.02e-4,7.542e-4,6.962e-4
SWE,SWE.21_1,POTA,3.357561703012218,2.8951150010399473,2.5210324917238456,2.2253170594348015,1.9217035606462893,1.6482905619300223,1621.8043269082477,1527.1436092410086,1575.583273359791,1497.5621349699961,1626.6113164772871,1585.329383082948,0.00207,0.001896,0.0016,0.001486,0.001181,0.00104
SWE,SWE.2_1,POTA,0.26785552486655295,0.2218222847159201,0.17664482317763774,0.13162006013553904,0.08733217950796612,0.04514442443976887,46.319898035048425,43.61631985516416,44.99979150190181,42.771451673950324,46.45718911449568,45.278147405339084,0.005783,0.005086,0.003925,0.003077,0.00188,9.97e-4
SWE,SWE.3_1,POTA,0.05565031271072235,0.04807255390123893,0.04058319414655411,0.033105204137564084,0.025642024310142675,0.01868103865557847,15.030376751371994,14.15309073943601,14.602014440856378,13.878938860706015,15.074926431665618,14.69233834650196,0.003703,0.003397,0.002779,0.002385,0.001701,0.001271
SWE,SWE.4_1,POTA,18.27348204209074,18.40826374516434,17.30653781605276,16.13540700963809,14.718744338744566,13.178445885818984,2010.4863189560872,1893.139192268272,1953.1879172530523,1856.4682151783295,2016.4453527332028,1965.2697818382862,0.009089,0.009724,0.008861,0.008691,0.007299,0.006706
SWE,SWE.5_1,POTA,0.2896059401816042,0.23237203851983343,0.18012540747830386,0.13297976107019152,0.09547789292566752,0.09745760615211367,1920.048374737039,1807.9798877482833,1865.3274338245606,1772.9584855642972,1925.7393525919367,1876.8658184641122,1.508e-4,1.285e-4,9.657e-5,7.5e-5,4.958e-5,5.193e-5
SWE,SWE.6_1,POTA,4.4146908514059217e-4,2.745798837313768e-4,1.6724337264842297e-4,1.194595518917307e-4,7.167573113503842e-5,2.3891910378346143e-5,0.06504952457158762,0.06125274429563541,0.06319562795247033,0.060066250459400346,0.06524232981997583,0.06358653812171527,0.006787,0.004483,0.002646,0.001989,0.001099,3.757e-4
SWE,SWE.7_1,POTA,0.8522883041744781,0.6751534480135305,0.5236845328018619,0.3801907956110259,0.2582786876847625,0.18215467636072305,122.10061648309066,114.97390471389977,118.62077675204043,112.74680728602763,122.46251981511988,119.35453111794342,0.00698,0.005872,0.004415,0.003372,0.002109,0.001526
SWE,SWE.8_1,POTA,0.45938796365624585,0.3446552867203393,0.2581521613802917,0.19686557910810532,0.1545515425527167,0.1224198259312573,553.0988330856848,520.8158186602549,537.3356424482678,510.72737665230807,554.738204911976,540.6594478084862,8.306e-4,6.618e-4,4.804e-4,3.855e-4,2.786e-4,2.264e-4
SWE,SWE.9_1,POTA,0.16545569755443623,0.10831504663010288,0.07694126781351246,0.046804145863267005,0.01944269669168751,0.005819742319579171,27.174221026781915,25.58812878262866,26.399761923191463,25.092474956330772,27.254764773555323,26.56306333716242,0.006089,0.004233,0.002914,0.001865,7.134e-4,2.191e-4
SWZ,SWZ.1_1,POTA,4.378556395321464,3.7623327349952262,3.142609782185126,2.534462068545923,1.9218276201316156,1.3109443200647923,159.56070631829846,159.55912315117575,159.55777154263254,159.555272943258,159.55972795972403,159.55785779164145,0.02744,0.02358,0.0197,0.01588,0.01204,0.008216
SWZ,SWZ.2_1,POTA,0.3852063732135993,0.4954643708306201,0.6091528061634035,0.584240502307666,0.8917798670660869,0.8394187991567523,307.60920392576287,307.60905549483226,307.60916996703656,307.60940677553356,307.6114225517974,307.6103897749262,0.001252,0.001611,0.00198,0.001899,0.002899,0.002729
SWZ,SWZ.3_1,POTA,0.8061897696869014,0.8331410473461168,0.8186303400311434,0.8637175269595564,0.8476356964347294,0.7870406950227659,165.54184330203336,165.5416847005739,165.54154929662033,165.54129898728672,165.54174529020912,165.5415579370339,0.00487,0.005033,0.004945,0.005218,0.00512,0.004754
SWZ,SWZ.4_1,POTA,0.14209245847732024,0.13597846958727888,0.13517612135842585,0.15879806195412352,0.18463392360622255,0.17434534551772138,42.18929425310011,42.18521478521166,42.18173199203678,42.17529365980497,42.18677324168538,42.18195423645886,0.003368,0.003223,0.003205,0.003765,0.004377,0.004133
SYR,SYR.10_1,POTA,0.021018231488498886,0.018935838849109092,0.017058962480403363,0.015432251810397988,0.01388803896086038,0.01238615932259759,137.52143350314782,133.12545302602857,129.79805936963692,135.20631500349822,139.56467094660636,137.3196278078537,1.528e-4,1.422e-4,1.314e-4,1.141e-4,9.951e-5,9.02e-5
SYR,SYR.11_1,POTA,0.15521332734316864,0.13398700126344928,0.11317066181273015,0.09262943785529829,0.07219571459795295,0.05363685462919261,624.5788182114428,573.7359474679087,535.2520992194201,597.8027050675589,648.2104193472578,622.2447812577865,2.485e-4,2.335e-4,2.114e-4,1.549e-4,1.114e-4,8.62e-5
SYR,SYR.13_1,POTA,3.0273947142285204e-4,1.9262295622809317e-4,1.320868501012015e-4,7.155074397430979e-5,1.7224963995525008e-4,1.4383351016649412e-4,21.7886656350112,20.014993076394383,18.67246963918271,20.854570915039755,22.613062877688606,21.707241883068075,1.389e-5,9.624e-6,7.074e-6,3.431e-6,7.617e-6,6.626e-6
SYR,SYR.14_1,POTA,0.027423268306691968,0.020218806136735667,0.015521376148259061,0.011697829757828121,0.008217465568192249,0.005765668968813527,1791.1997972839538,1523.2615595694426,2239.2369209958124,1836.329322823929,1744.2132037450233,1897.9119104885724,1.531e-5,1.327e-5,6.932e-6,6.37e-6,4.711e-6,3.038e-6
SYR,SYR.1_1,POTA,0.003969251806434739,0.0034145947437226065,0.0028631529581134426,0.002311711172504269,0.0017602693868951052,0.001208848879339237,117.50704514938566,107.94156624779042,100.70128982181923,112.46943925501117,121.95304866511553,117.0679239725276,3.378e-5,3.163e-5,2.843e-5,2.055e-5,1.443e-5,1.033e-5
SYR,SYR.2_1,POTA,0.014468924197204183,0.012332568264825,0.01089328634417963,0.009540914974332428,0.008432353389388381,0.007332372770085887,537.6087106615553,495.8849893592701,464.30358304846345,515.6351465013148,557.0017607647088,535.6933052971567,2.691e-5,2.487e-5,2.346e-5,1.85e-5,1.514e-5,1.369e-5
SYR,SYR.3_1,POTA,0.0012633322347578762,0.001105197464417354,9.47062694076832e-4,7.889279237363099e-4,6.307931533957879e-4,4.726583830552658e-4,66.17929471390487,60.79207179034709,56.714389581630684,63.34214393105195,68.68325842597413,65.9319841825111,1.909e-5,1.818e-5,1.67e-5,1.246e-5,9.184e-6,7.169e-6
SYR,SYR.5_1,POTA,0,0,0,0,0,0,0.41052814014985334,0.37710973312479096,0.3518147628398512,0.39292852324180866,0.4260609071604774,0.4089940057513007,0,0,0,0,0,0
SYR,SYR.6_1,POTA,0,0,0,0,0,0,2.9307149319073234,2.692144624806922,2.5115666330298794,2.8050732157281906,3.041601635545366,2.919762916321376,0,0,0,0,0,0
SYR,SYR.7_1,POTA,0,0,0,0,0,0,13.368272007350852,12.280048542327663,11.456353379644057,12.795165213828657,13.874074738313542,13.318315076436933,0,0,0,0,0,0
SYR,SYR.8_1,POTA,0.008416926977849706,0.0068890073721502776,0.005799531140341129,0.004750856248878451,0.0037084829510769996,0.0027547260154936978,132.66058545570462,121.86155608996239,113.68758398208239,126.9733371175881,137.67993921943028,132.16483584057363,6.345e-5,5.653e-5,5.101e-5,3.742e-5,2.694e-5,2.084e-5
SYR,SYR.9_1,POTA,1.8638329154897608e-4,8.765618450833403e-5,5.2261102126421076e-5,2.821006817117647e-5,8.092275596777087e-6,0,82.24129309528502,74.54335988770958,76.2638829411863,79.71704562151906,84.41031010291675,82.86551668203646,2.266e-6,1.176e-6,6.853e-7,3.539e-7,9.587e-8,0
TCD,TCD.11_1,POTA,0.609852951455116,0.5686202479328322,0.5258338515326385,0.4782642268743469,0.4276396349203526,0.3726241137301513,1395.7345203929942,1414.195061566648,1348.641094471207,1327.520938882249,1306.400783293291,1327.3932467199295,4.369e-4,4.021e-4,3.899e-4,3.603e-4,3.273e-4,2.807e-4
TCD,TCD.12_1,POTA,1.2154311360145191,1.1760298836372045,1.1291310720386836,1.0769712191832441,1.0056925301233057,0.9126454673433478,1641.707959979992,1663.4106802089068,1586.4292809092365,1561.5829302283278,1536.7638353380894,1561.440541548682,7.403e-4,7.07e-4,7.117e-4,6.897e-4,6.544e-4,5.845e-4
TCD,TCD.13_1,POTA,1.9317705692043439,1.8489744284888279,1.7713596236361393,1.6774401996178465,1.5256781644749637,1.349761253358888,1305.9523192597605,1323.2256125828658,1261.8951606050834,1242.136665882678,1222.3764899605278,1242.0166004052521,0.001479,0.001397,0.001404,0.00135,0.001248,0.001087
TCD,TCD.14_1,POTA,0.08168569375467201,0.07295925762016493,0.06383720994079978,0.054796352996477345,0.04622646274604783,0.03700371080703898,594.5633601442826,602.4103433717194,574.6568786295978,565.6478132048785,556.6822475194429,565.6060858947465,1.374e-4,1.211e-4,1.111e-4,9.687e-5,8.304e-5,6.542e-5
TCD,TCD.15_1,POTA,0.6670873696354284,0.623290810227521,0.5835195856525511,0.5301657777314698,0.47409300017845185,0.41148416525505893,996.7774398434328,1009.9130640242034,963.5845950746428,948.4668407205634,933.4726693165615,948.4116372854738,6.692e-4,6.172e-4,6.056e-4,5.59e-4,5.079e-4,4.339e-4
TCD,TCD.16_1,POTA,0.8379526790087856,0.7416280819156783,0.6511995418724126,0.5706802654208292,0.4804017082850076,0.37944883835300713,686.243690130521,695.3209091214986,663.1083974192597,652.7327622514242,642.3524615770214,652.6683498784139,0.001221,0.001067,9.82e-4,8.743e-4,7.479e-4,5.814e-4
TCD,TCD.17_1,POTA,0,0,0,0,0,0,0.7520117422465062,0.7619581493375223,0.726638142354581,0.7152587541049463,0.7038793658553115,0.7151899544843493,0,0,0,0,0,0
TCD,TCD.18_1,POTA,0.029182419660656683,0.02415677718828382,0.020830114065488608,0.018617851567979387,0.01782781053088035,0.015603901065688685,205.82037182038522,208.54264232916975,198.87602472963525,195.76166796387164,192.64725531617677,195.74281846724531,1.418e-4,1.158e-4,1.047e-4,9.51e-5,9.254e-5,7.972e-5
TCD,TCD.19_1,POTA,0.0010786056295677162,8.07043648508483e-4,5.574949739450805e-4,3.2447939595654015e-4,1.4084972548227486e-4,6.226267802981119e-5,43.345602189894954,43.918908404101124,41.88307985778962,41.22717728536497,40.57127471294031,41.22321170767823,2.488e-5,1.838e-5,1.331e-5,7.871e-6,3.472e-6,1.51e-6
TCD,TCD.20_1,POTA,0.31398600233688023,0.2984254567473773,0.2856470061978303,0.267772555164571,0.2423163012679714,0.21206133014775702,880.8986052121398,892.5497213332444,851.1762385277628,837.8465434257616,824.5168483237604,837.7659522774879,3.564e-4,3.344e-4,3.356e-4,3.196e-4,2.939e-4,2.531e-4
TCD,TCD.2_1,POTA,1.93901789602062e-6,1.5081250302382595e-6,1.0772321644558998e-6,6.4633929867354e-7,2.1544643289117997e-7,0,0.1904412399127159,0.1929600916708428,0.18401556920439407,0.18113382589379795,0.17825208258320177,0.1811164029144534,1.018e-5,7.816e-6,5.854e-6,3.568e-6,1.209e-6,0
TCD,TCD.4_1,POTA,0.06202851929903121,0.056507280944529045,0.05148753253801482,0.048247431443503484,0.045508642774523746,0.04059920894410649,1413.0956269251806,1431.7817685397997,1365.4531440582505,1344.0673905193314,1322.6919659512478,1343.9411179819986,4.39e-5,3.947e-5,3.771e-5,3.59e-5,3.441e-5,3.021e-5
TCD,TCD.7_1,POTA,0.022767605161553964,0.02111057091505062,0.019763207143403332,0.01817747355725873,0.01676273010003947,0.015069936409454077,79.07769472502109,80.12360783962818,76.40953720352486,75.21293914579515,74.01634108806543,75.20570453084285,2.879e-4,2.635e-4,2.586e-4,2.417e-4,2.265e-4,2.004e-4
TCD,TCD.8_1,POTA,2.048763226979042e-4,1.646196074479209e-4,1.2587896778184672e-4,8.847500490430981e-5,5.6318920330785375e-5,2.9890155436199502e-5,17.973941617458255,18.207414860610413,17.406331326649862,17.131292772185724,16.867180676088378,17.132830327609103,1.14e-5,9.041e-6,7.232e-6,5.165e-6,3.339e-6,1.745e-6
TGO,TGO.1_1,POTA,0,0,0,0,0,0,0.2717882149710692,0.6725336473499397,1.1893535012779637,1.0918923499994981,1.7474069192084152,1.4093168280482098,0,0,0,0,0,0
TGO,TGO.2_1,POTA,0,0,0,0,0,0,0.2425610262044821,0.6002116452165127,1.0614544336316623,0.9744739261372838,1.5594966675252024,1.2577636454730294,0,0,0,0,0,0
THA,THA.10_1,POTA,27.287689249397346,19.87118922100549,13.311130767032779,8.21627201586232,5.543177808666231,4.682193542003513,2739.191067154336,2588.762701622237,2393.6398166913364,2601.2210290102116,2580.2124457372483,2548.322765801095,0.009962,0.007676,0.005561,0.003159,0.002148,0.001837
THA,THA.11_1,POTA,15.864241489831294,13.706570335447894,11.577053175772333,9.488217970698349,7.434292633766597,5.402540246913004,0.36178403781593044,0.3613240980175323,0.3612770911239834,0.36115704178078,0.36097952401729066,0.3611268423977794,43.85,37.93,32.04,26.27,20.59,14.96
THA,THA.15_1,POTA,0,0,0,0,0,0,625.3175819501162,590.9769684313364,546.4332445373776,593.8210238354324,589.0250690552153,581.7451177637726,0,0,0,0,0,0
THA,THA.19_1,POTA,1.8166071092004912,1.4776739056409187,1.1847281594214836,0.9362768640721747,0.7156337076097875,0.5263409242844231,22.798650444490427,21.546615212692874,19.922581569840215,21.65030752340727,21.47545029927364,21.210028264874865,0.07968,0.06858,0.05947,0.04325,0.03332,0.02482
THA,THA.21_1,POTA,2.512252825095037,2.482474181246565,2.402176878261627,2.3459165290426847,2.2243318933023457,2.0376915656158676,27321.463210880902,25821.048324150175,23874.837712497294,25945.311190469052,25735.765663730286,25417.689014156684,9.195e-5,9.614e-5,1.006e-4,9.042e-5,8.643e-5,8.017e-5
THA,THA.32_1,POTA,2.185709065004802,1.8877355311521864,1.5939582951634113,1.3069187738476757,1.0285678707539727,0.7559904695231169,751.8185127279198,712.4755520356096,661.4432087348475,715.7338968496562,710.23932231921,701.8989111222891,0.002907,0.00265,0.00241,0.001826,0.001448,0.001077
THA,THA.35_1,POTA,0.00590699660558706,0.00557032225680593,0.00520521749442,0.00481193002707711,0.00436454617603543,0.00391716232499375,132.04596716387354,124.79438867643259,115.38825766006921,125.39495718328683,124.38221341003005,122.84493341514077,4.473e-5,4.464e-5,4.511e-5,3.837e-5,3.509e-5,3.189e-5
THA,THA.41_1,POTA,3.2153587994637824,2.7863341885858848,2.3575667561154052,1.9294601917110774,1.501945869962662,1.0746267058215233,1.6035632531687412,1.6035632531687412,1.6035632531687412,1.6035632531687412,1.6035632531687412,1.6035632531687412,2.005,1.738,1.47,1.203,0.9366,0.6701
THA,THA.45_1,POTA,0.916833670394805,0.9690955631229013,0.9479676047480847,1.1133942662050675,1.05137215557811,0.9775742557426601,6711.784056133453,6343.19270476119,5865.087344871546,6373.719073318933,6322.242198783952,6244.103609822234,1.366e-4,1.528e-4,1.616e-4,1.747e-4,1.663e-4,1.566e-4
THA,THA.47_1,POTA,0.15387204831510726,0.1438816660942074,0.13219585445429946,0.12014468671816207,0.10745123689415226,0.09450457026604507,1091.7003648059133,1031.7473722973782,953.9814481837523,1036.7126194162852,1028.3396810337956,1015.6300983992371,1.409e-4,1.395e-4,1.386e-4,1.159e-4,1.045e-4,9.305e-5
THA,THA.69_1,POTA,15.32552860309922,13.577965634661496,11.791846572440468,10.197173265870791,8.84358549452449,7.875877782385089,18836.770635971607,17802.310260917893,16460.496221968504,17887.98323872843,17743.512168694375,17524.214364384607,8.136e-4,7.627e-4,7.164e-4,5.701e-4,4.984e-4,4.494e-4
THA,THA.73_1,POTA,0.014000974531771893,0.013709418148150705,0.012941258924110135,0.0134822554682237,0.012642045620498314,0.01156339448137796,471.0036256834238,445.1374835143576,411.5861232758258,447.2796916428995,443.6672678836773,438.18384065878627,2.973e-5,3.08e-5,3.144e-5,3.014e-5,2.849e-5,2.639e-5
THA,THA.75_1,POTA,0.5198485742030294,0.49593695701926743,0.4656758119307808,0.44972670815363014,0.4115850211358186,0.37088595985353395,2298.635607510849,2172.5887016503116,2009.0913730638795,2183.0277808352594,2165.4242729549233,2138.703278742051,2.262e-4,2.283e-4,2.318e-4,2.06e-4,1.901e-4,0.00017340000000000001
TJK,TJK.3_1,POTA,0.4640234605425237,0.40898110721398373,0.3591724626860819,0.3122417308431696,0.2672827464680464,0.2239802962559872,8958.277506848686,9132.072468162542,9597.018040790459,10039.006808369179,11081.346065643134,10582.581864209176,5.18e-5,4.479e-5,3.743e-5,3.11e-5,2.412e-5,2.116e-5
TJK,TJK.4_1,POTA,0.03952863311768049,0.03210218338591853,0.026271522792971496,0.021301492771866607,0.016460313245124016,0.01185047186190138,1483.6535435130595,1513.6439866181913,1590.6787722970082,1663.6517459774568,1833.1537664948019,1751.3446286233402,2.664e-5,2.121e-5,1.652e-5,1.28e-5,8.979e-6,6.766e-6
TJK,TJK.5_1,POTA,1.0672213451856144e-5,0,0,0,0,0,131.2736173597971,133.89293333126977,140.71144271103702,147.17849469830645,162.27066250075893,155.00669574025946,8.13e-8,0,0,0,0,0
TKM,TKM.1_1,POTA,0.01875216887337896,0.01503288008682194,0.01193982580521949,0.00929688789730956,0.00675408593817253,0.00421513836202464,71.60916979634057,74.04812960170285,82.81520123263569,87.63457886506504,89.57568500704596,86.71904290840706,2.619e-4,2.03e-4,1.442e-4,1.061e-4,7.54e-5,4.861e-5
TKM,TKM.2_1,POTA,0,0,0,0,0,0,8.952362673523332,9.779008368135258,12.75046447910977,14.383914018457535,15.041820324057735,14.073608020314483,0,0,0,0,0,0
TKM,TKM.3_1,POTA,0.05230397804096433,0.04471661458334708,0.037296226098983636,0.03010001394221481,0.023037270238124182,0.01611939040465044,135.93057272300942,144.69049260402423,176.17885289156973,193.48842963966416,200.4602273080447,190.20013369855053,3.848e-4,3.091e-4,2.117e-4,1.556e-4,1.149e-4,8.475e-5
TKM,TKM.4_1,POTA,0.022942260449110106,0.015708689382582915,0.009753411876509915,0.005923877386481926,0.004236383007274221,0.0033872926259306208,5.591883388533249,6.094993021070926,7.8850491986712115,8.867793715186256,9.268238665949202,8.682777786356834,0.004103,0.002577,0.001237,6.68e-4,4.571e-4,3.901e-4
TKM,TKM.5_1,POTA,0.034566260685781204,0.02961100899546021,0.02610848016723479,0.022704300599656523,0.019853707761610464,0.017458352392449503,51.796925654368366,55.88179129164452,69.5938834213205,77.06444461438807,80.31721391064818,75.73363905195704,6.673e-4,5.299e-4,3.752e-4,2.946e-4,2.472e-4,2.305e-4
TLS,TLS.11_1,POTA,0.20983033828174266,0.1806865417988097,0.14683776134928342,0.11312002778611158,0.07984210032782577,0.047494082694915306,12.033161463003102,10.510662069362303,10.876337432671466,13.324609128799587,12.699600638257758,12.823131755777615,0.01744,0.01719,0.0135,0.00849,0.006287,0.003704
TLS,TLS.13_1,POTA,0.5290222010191062,0.4539227728151005,0.38027146106842385,0.3077936210979833,0.23643476588973186,0.16763183016348596,36.098881366192046,31.531459482913995,32.62846724760015,39.97315964472834,38.09816549441288,38.46875265640627,0.01465,0.0144,0.01165,0.0077,0.006206,0.004358
TLS,TLS.2_1,POTA,0.00228795905121205,0.00154778322045554,9.201195100877329e-4,3.562635715422277e-4,3.932190196201672e-5,0,55.3696185593514,48.36396082410681,50.046586412172964,61.312110469259686,58.43618448554731,59.00460292473427,4.132e-5,3.2e-5,1.839e-5,5.811e-6,6.729e-7,0
TLS,TLS.3_1,POTA,0.25510851454073824,0.2379566723505013,0.222055009572433,0.2434106919147795,0.22530601915984702,0.2051383405204123,77.3735989510761,68.55218961843619,71.32185747873935,84.98571703330927,81.32332253887756,82.1228939213137,0.003297,0.003471,0.003113,0.002864,0.00277,0.002498
TLS,TLS.4_1,POTA,0.32488236548301574,0.30682517287466493,0.2824047026807927,0.26996136544513283,0.24460457733350796,0.22313882560659548,140.86573089310497,123.04265168578951,127.32341592887906,155.9840121454546,148.66737485896397,150.11348702250288,0.002306,0.002494,0.002218,0.001731,0.001645,0.001486
TLS,TLS.5_1,POTA,1.0750741610352652,0.9122775965448324,0.7492250823091879,0.5889609447183747,0.42910968993784526,0.2735129680333181,68.43169352751782,60.917818424577995,63.49186074606766,74.95825253978795,71.82514758245057,72.53387970768817,0.01571,0.01498,0.0118,0.007857,0.005974,0.003771
TLS,TLS.6_1,POTA,0.5788102067110992,0.5796092872036971,0.5854876048950407,0.5645419420162208,0.5665560017074595,0.5632451495461047,63.58730736698806,57.083119783543495,59.681364644129424,69.31043909968379,66.57499564262656,67.23615205758546,0.009103,0.01015,0.00981,0.008145,0.00851,0.008377
TLS,TLS.7_1,POTA,1.6475477498905316e-4,1.496875217055741e-4,1.34620268422095e-4,1.2002627279255792e-4,1.0590553481696288e-4,9.178479684136783e-5,0.7781335409193659,0.6796799593012867,0.703326634878074,0.8616459867706054,0.821229337218842,0.8292175709166107,2.117e-4,2.202e-4,1.914e-4,1.393e-4,1.29e-4,1.107e-4
TLS,TLS.9_1,POTA,3.286998048960684,2.7874786126831586,2.289303971119035,1.7924538613980074,1.297151572045098,0.804103157024182,30.92501330785214,27.01221664553693,27.95199589735354,34.244011093591446,32.63775026621426,32.95522306544337,0.1063,0.1032,0.0819,0.05234,0.03974,0.0244
TUN,TUN.11_1,POTA,0.0037259608505408885,0.0034425125324183017,0.003159064214295705,0.0028976066043131152,0.002658139702470522,0.0024186728006279287,13.952022998337851,13.952022998337851,12.401798220744755,13.576338115241429,14.450894943160929,13.978780083093852,2.671e-4,2.467e-4,2.547e-4,2.134e-4,1.839e-4,1.73e-4
TUN,TUN.12_1,POTA,0.00247604397008077,0.00224023025864451,0.00200441654720824,0.00176860283577198,0.00153278912433571,0.00129697541289945,14.620650954530376,14.620650954530376,12.996134181804779,14.226961985891155,15.143430523997464,14.648690328951197,1.694e-4,1.532e-4,1.542e-4,1.243e-4,1.012e-4,8.854e-5
TUN,TUN.13_1,POTA,0.0011162932828557212,6.895951335830321e-4,4.1003459981125685e-4,2.844815292476521e-4,4.4807401758637953e-4,3.976929929173998e-4,3413.853144645627,3413.853144645627,3034.5361285738904,3321.928624473367,3535.919712183011,3420.400206526668,3.27e-7,2.02e-7,1.351e-7,8.564e-8,1.267e-7,1.163e-7
TUN,TUN.16_1,POTA,0.38430466944930397,0.3763231217741874,0.3767882676884369,0.40087694961874865,0.39729814776197614,0.36813339937695044,12131.385119001183,12131.385119001183,10783.453439112163,11804.724390247182,12565.157890765884,12154.650598127435,3.168e-5,3.102e-5,3.494e-5,3.396e-5,3.162e-5,3.029e-5
TUN,TUN.17_1,POTA,0,0,0,0,6.544960080592753e-6,6.209321102100817e-6,46.11086031784782,46.11086031784782,40.98743139364251,44.86923728081227,47.75961151091642,46.19929137890927,0,0,0,0,1.37e-7,1.344e-7
TUN,TUN.18_1,POTA,0,0,0,0,0,0,10.824563250248238,10.824563250248238,9.621834000220655,10.533091197792205,11.211608979828464,10.8453225162248,0,0,0,0,0,0
TUN,TUN.19_1,POTA,0.010128757061063013,0.009263459224126348,0.00844468258528209,0.010989518444465702,0.009961838185912876,0.008918384201677303,142.69247415396597,142.69247415396597,126.8377548035253,138.8502065861976,147.79462114019773,142.966128707534,7.098e-5,6.492e-5,6.658e-5,7.915e-5,6.74e-5,6.238e-5
TUN,TUN.1_1,POTA,0.003985273228701462,0.003692195781537518,0.0034363025756084763,0.005825132186295791,0.005395942231570608,0.004969712400452557,1715.782981425295,1715.782981425295,1525.1404279335954,1669.582245598499,1777.1329371227555,1719.0734971205725,2.323e-6,2.152e-6,2.253e-6,3.489e-6,3.036e-6,2.891e-6
TUN,TUN.20_1,POTA,2.2215951915936552e-4,2.0764264718117615e-4,1.931257752029869e-4,1.7860890322479752e-4,1.640920312466082e-4,1.495751592684189e-4,59.69978581141238,59.69978581141238,53.06647627681101,58.092254985516114,61.83442594616622,59.81427761156648,3.721e-6,3.478e-6,3.639e-6,3.075e-6,2.654e-6,2.501e-6
TUN,TUN.23_1,POTA,0,0,0,0,0,0,18.911121218071248,18.911121218071248,16.80988552717444,18.401903138020792,19.58731189106312,18.947388824089614,0,0,0,0,0,0
TUN,TUN.24_1,POTA,0.002557107885155464,0.0023363277524494725,0.002115547619743482,0.0019133562948512345,0.0017803046826362365,0.0015540234934943345,97.59766888494326,97.59766888494326,86.7534834532829,94.96966513022673,101.08739499080123,97.7848409601795,2.62e-5,2.394e-5,2.439e-5,2.015e-5,1.761e-5,1.589e-5
TUN,TUN.2_1,POTA,0.08039714468133259,0.07502063082778823,0.06822665261884184,0.0637461072841454,0.05736160589134554,0.05160182322529907,1473.4840938876605,1473.4840938876605,1309.7636390112536,1433.8077186679113,1526.1703513337081,1476.309930599044,5.456e-5,5.091e-5,5.209e-5,4.446e-5,3.759e-5,3.495e-5
TUN,TUN.3_1,POTA,0.009242214056105244,0.00756973774716504,0.005939746543810588,0.004856784250492302,0.004452678465297902,0.0040342484267523624,2529.6600721520826,2529.6600721520826,2248.586730801851,2461.5441402479164,2620.111216053303,2534.5114352097917,3.654e-6,2.992e-6,2.642e-6,1.973e-6,1.699e-6,1.592e-6
TUN,TUN.4_1,POTA,0.2459179112181911,0.23218254280937614,0.21368140851900402,0.1958706564560062,0.1793236574834454,0.1628243175563877,3467.6559718562694,3467.6559718562694,3082.3608638722394,3374.282707738182,3591.6463264351996,3474.3062163946183,7.092e-5,6.696e-5,6.932e-5,5.805e-5,4.993e-5,4.687e-5
TUN,TUN.5_1,POTA,0,0,0,0,0,0,13.02212374440062,13.02212374440062,11.575221106133885,12.671478175857256,13.487745984191212,13.04709747536233,0,0,0,0,0,0
TUN,TUN.6_1,POTA,0,0,0,0,0,0,4.2169487572665885,4.2169487572665885,3.7483988953480787,4.103399352919561,4.367731007841109,4.225035989872451,0,0,0,0,0,0
TUN,TUN.7_1,POTA,0.3068098546103188,0.2782781614315337,0.250427762348955,0.24820443661049413,0.47657417846262584,0.44326387924217153,3003.000196164956,2990.1803880728767,2677.0643558501224,2927.4143285745004,3100.519084445532,3003.398900170964,1.022e-4,9.306e-5,9.355e-5,8.479e-5,1.537e-4,1.476e-4
TUN,TUN.8_1,POTA,0.017777078154809858,0.016241572479313533,0.014706066803817197,0.013172885223712716,0.011666177398475044,0.010134081469686763,361.46904107910905,361.46904107910905,321.30581429254136,351.7357963405533,374.3938164710326,362.16226368704025,4.918e-5,4.493e-5,4.577e-5,3.745e-5,3.116e-5,2.798e-5
TUN,TUN.9_1,POTA,2.268216588532811e-6,1.9657877100617694e-6,1.663358831590728e-6,1.6278355794235841e-6,1.3117192329369582e-6,9.956028864503322e-7,1.3978748293732974,1.3978748293732974,1.2425554038873756,1.360234378098303,1.447857583475105,1.4005556632059453,1.623e-6,1.406e-6,1.339e-6,1.197e-6,9.06e-7,7.109e-7
TUR,TUR.10_1,POTA,0.0785829616512779,0.07191911491302821,0.06294137516337764,0.05353118576006316,0.044380583477920364,0.036316346758721876,319.68048501015045,319.68048501015045,319.68048501015045,319.68048501015045,319.68048501015045,319.68048501015045,2.458e-4,2.25e-4,1.969e-4,1.675e-4,1.388e-4,1.136e-4
TUR,TUR.11_1,POTA,0.08021504412322208,0.06688914617126188,0.055570536575588726,0.043850989328804324,0.03538358079757901,0.029691947654579706,2238.8339205882553,2238.8339205882553,2238.8339205882553,2238.8339205882553,2238.8339205882553,2238.8339205882553,3.583e-5,2.988e-5,2.482e-5,1.959e-5,1.58e-5,1.326e-5
TUR,TUR.12_1,POTA,0.1370420077916127,0.115269099624935,0.09370768101765466,0.07337646012527202,0.05212104516397484,0.03147899754339911,420.3362341858675,420.3362341858675,420.3362341858675,420.3362341858675,420.3362341858675,420.3362341858675,3.26e-4,2.742e-4,2.229e-4,1.746e-4,1.24e-4,7.489e-5
TUR,TUR.15_1,POTA,0.0026496484521415374,0.0020303368798630923,0.001491004514936322,9.99435714733057e-4,6.326325825538022e-4,4.8319085878305887e-4,38.205955457773555,38.205955457773555,38.205955457773555,38.205955457773555,38.205955457773555,38.205955457773555,6.935e-5,5.314e-5,3.903e-5,2.616e-5,1.656e-5,1.265e-5
TUR,TUR.16_1,POTA,0.017431850262212164,0.014834616684184856,0.012709359510498439,0.010709430886872831,0.008894338851100053,0.007365963027677026,401.3005022158924,401.3005022158924,401.3005022158924,401.3005022158924,401.3005022158924,401.3005022158924,4.344e-5,3.697e-5,3.167e-5,2.669e-5,2.216e-5,1.836e-5
TUR,TUR.18_1,POTA,0.007529978617390963,0.004434366488389675,0.0027168759035846725,0.001881167279977835,0.0014596007627854899,0.001102707740172844,205.61828606190502,205.61828606190502,205.61828606190502,205.61828606190502,205.61828606190502,205.61828606190502,3.662e-5,2.157e-5,1.321e-5,9.149e-6,7.099e-6,5.363e-6
TUR,TUR.19_1,POTA,0.05606061285509989,0.04910189388532444,0.04163039680581803,0.03439819614494379,0.02787394964553658,0.021575363642220128,966.9354527287359,966.9354527287359,966.9354527287359,966.9354527287359,966.9354527287359,966.9354527287359,5.798e-5,5.078e-5,4.305e-5,3.557e-5,2.883e-5,2.231e-5
TUR,TUR.1_1,POTA,0.05240443417720062,0.04744814827728462,0.043984911343541655,0.04403807311309748,0.03929478200639725,0.034347126227302655,43721.725786149036,43721.725786149036,43721.725786149036,43721.725786149036,43721.725786149036,43721.725786149036,1.199e-6,1.085e-6,1.006e-6,1.007e-6,8.987e-7,7.856e-7
TUR,TUR.20_1,POTA,0.0016633032474970243,0.0014335943457800193,0.0012000106178421664,9.830219267664094e-4,7.714541823953142e-4,5.67799092367472e-4,73.65572557491163,73.65572557491163,73.65572557491163,73.65572557491163,73.65572557491163,73.65572557491163,2.258e-5,1.946e-5,1.629e-5,1.335e-5,1.047e-5,7.709e-6
TUR,TUR.21_1,POTA,0.1573307517361851,0.16883673681725317,0.17610737700706552,0.170927416795646,0.15827527004584782,0.14567534570258323,4447.01612428372,4447.01612428372,4447.01612428372,4447.01612428372,4447.01612428372,4447.01612428372,3.538e-5,3.797e-5,3.96e-5,3.844e-5,3.559e-5,3.276e-5
TUR,TUR.23_1,POTA,0.0013167690825912621,9.726157029733523e-4,6.71258629915402e-4,4.506167697062255e-4,3.0755863161164096e-4,2.564321956610482e-4,75.93449294069052,75.93449294069052,75.93449294069052,75.93449294069052,75.93449294069052,75.93449294069052,1.734e-5,1.281e-5,8.84e-6,5.934e-6,4.05e-6,3.377e-6
TUR,TUR.24_1,POTA,0.009492793915561156,0.006228242981618659,0.004206575058626204,0.0029012572496102474,0.0018313339138159546,0.001230775573016697,323.13180029337235,323.13180029337235,323.13180029337235,323.13180029337235,323.13180029337235,323.13180029337235,2.938e-5,1.927e-5,1.302e-5,8.979e-6,5.667e-6,3.809e-6
TUR,TUR.25_1,POTA,0.005412429650326602,0.005107886428194315,0.006685542194279772,0.006156220840880709,0.005604905907236492,0.005028268457628709,643.9399134728036,643.9399134728036,643.9399134728036,643.9399134728036,643.9399134728036,643.9399134728036,8.405e-6,7.932e-6,1.038e-5,9.56e-6,8.704e-6,7.809e-6
TUR,TUR.26_1,POTA,2.2633724564239484e-4,0,0,0,0,0,0.2950985836729608,0.2950985836729608,0.2950985836729608,0.2950985836729608,0.2950985836729608,0.2950985836729608,7.67e-4,0,0,0,0,0
TUR,TUR.27_1,POTA,0.21025130891258118,0.1989343483888168,0.1795674671444085,0.17718530742524896,0.1599224841744815,0.13492877499841677,2308.8690068383175,2308.8690068383175,2308.8690068383175,2308.8690068383175,2308.8690068383175,2308.8690068383175,9.106e-5,8.616e-5,7.777e-5,7.674e-5,6.926e-5,5.844e-5
TUR,TUR.28_1,POTA,0.018630059971664035,0.012315978504197463,0.0075046220102271835,0.004043397690627702,0.0021559229288610625,0.0015081731502050253,158.26640627977164,134.8979617069731,137.77581833239896,108.24912539792108,116.20564494216259,115.99722771696464,1.177e-4,9.13e-5,5.447e-5,3.735e-5,1.855e-5,1.3e-5
TUR,TUR.2_1,POTA,0.0011077740318633,0.0013257735276104978,0.001270238594794621,0.0011984432375616713,0.0011248451702542432,0.0010490891131419195,73.21292118837265,73.21292118837265,73.21292118837265,73.21292118837265,73.21292118837265,73.21292118837265,1.513e-5,1.811e-5,1.735e-5,1.637e-5,1.536e-5,1.433e-5
TUR,TUR.30_1,POTA,0.004368259922063237,0.0037917837015525872,0.0032156813306815236,0.0028818961179268437,0.0023059587153403645,0.0017244928268498542,167.41710392232102,167.41710392232102,167.41710392232102,167.41710392232102,167.41710392232102,167.41710392232102,2.609e-5,2.265e-5,1.921e-5,1.721e-5,1.377e-5,1.03e-5
TUR,TUR.31_1,POTA,0.013580186175392597,0.011857325370207622,0.010254476020166298,0.008800751564121991,0.007380955307894499,0.005974700080430381,113.05812157775641,113.05812157775641,113.05812157775641,113.05812157775641,113.05812157775641,113.05812157775641,1.201e-4,1.049e-4,9.07e-5,7.784e-5,6.528e-5,5.285e-5
TUR,TUR.32_1,POTA,0.011217501164262504,0.009481417493808385,0.0080427179900702285,0.007038945618753038,0.00594003395504405,0.005151204613193165,359.27872952056936,359.27872952056936,359.27872952056936,359.27872952056936,359.27872952056936,359.27872952056936,3.122e-5,2.639e-5,2.239e-5,1.959e-5,1.653e-5,1.434e-5
TUR,TUR.33_1,POTA,1.876298601024669e-6,8.122688199337147e-5,7.706140086550626e-5,9.378752178157231e-5,8.855067644632601e-5,8.331383111107972e-5,11.411671101359506,11.402911874528824,11.396281864240335,11.407058103603058,11.415742361532144,11.411268992690005,1.644e-7,7.123e-6,6.762e-6,8.222e-6,7.757e-6,7.301e-6
TUR,TUR.34_1,POTA,0.17915147175879995,0.12895466986769205,0.09584915057647456,0.07971620816754436,0.06550824951952018,0.05480846414119134,1011.2760316362712,1011.2760316362712,1011.2760316362712,1011.2760316362712,1011.2760316362712,1011.2760316362712,1.772e-4,1.275e-4,9.478e-5,7.883e-5,6.478e-5,5.42e-5
TUR,TUR.35_1,POTA,0.0030822630366958742,0.007497991122495161,0.008074859413909091,0.007190024957915015,0.0066548837117473185,0.006167435299646653,160.16871879673184,160.16871879673184,160.16871879673184,160.16871879673184,160.16871879673184,160.16871879673184,1.924e-5,4.681e-5,5.041e-5,4.489e-5,4.155e-5,3.851e-5
TUR,TUR.36_1,POTA,0.00420804732672247,0.00344096909320958,0.00267630929471856,0.00191164949622754,0.00114698969773652,3.823298992455093e-4,36.968871576694546,36.968871576694546,36.968871576694546,36.968871576694546,36.968871576694546,36.968871576694546,1.138e-4,9.308e-5,7.239e-5,5.171e-5,3.103e-5,1.034e-5
TUR,TUR.37_1,POTA,0.13478141255479117,0.1235432416482492,0.1119666455455462,0.10189573075136166,0.08895064546496648,0.07565741678383363,3493.313446093032,3492.949465045153,3492.6739614945654,3493.1217575125543,3493.482623301531,3493.296736863129,3.858e-5,3.537e-5,3.206e-5,2.917e-5,2.546e-5,2.166e-5
TUR,TUR.38_1,POTA,3.702252563799466e-4,3.441993223156146e-4,3.107380054273971e-4,3.7821049434064733e-4,4.7184165833317023e-4,4.3412603498176635e-4,809.0776203501978,674.6044068993126,650.2452538045657,674.5590701588201,624.875368968716,650.2787598763646,4.576e-7,5.102e-7,4.779e-7,5.607e-7,7.551e-7,6.676e-7
TUR,TUR.39_1,POTA,0.013105877381787279,0.011098060167077931,0.009251669717372202,0.007453185683674377,0.005799404597992904,0.0042370606080200405,214.53793653283896,214.53793653283896,214.53793653283896,214.53793653283896,214.53793653283896,214.53793653283896,6.109e-5,5.173e-5,4.312e-5,3.474e-5,2.703e-5,1.975e-5
TUR,TUR.3_1,POTA,0.0785873522300758,0.06237196717824373,0.04925879755489316,0.038928841951429455,0.036410366853115286,0.03243937810391106,2035.7141976232997,2035.7141976232997,2035.7141976232997,2035.7141976232997,2035.7141976232997,2035.7141976232997,3.86e-5,3.064e-5,2.42e-5,1.912e-5,1.789e-5,1.594e-5
TUR,TUR.40_1,POTA,9.347580139884039e-4,8.050820613832018e-4,8.669489426347583e-4,8.713451745091528e-4,8.324035491124749e-4,7.745485124918117e-4,5.162831630880657,5.162831630880657,5.162831630880657,5.162831630880657,5.162831630880657,5.162831630880657,1.811e-4,1.559e-4,1.679e-4,1.688e-4,1.612e-4,1.5e-4
TUR,TUR.41_1,POTA,1.0135124196441294,0.9410796016165724,0.839245274454135,0.7389967741993471,0.688184884533319,0.6580393683968093,35012.27739777976,35012.27739777976,35012.27739777976,35012.27739777976,35012.27739777976,35012.27739777976,2.895e-5,2.688e-5,2.397e-5,2.111e-5,1.966e-5,1.879e-5
TUR,TUR.42_1,POTA,0.1661373610887311,0.16068131022097648,0.1539928764765964,0.17312630865347065,0.1688464088113097,0.15820223879299095,629.1797666735774,629.1797666735774,629.1797666735774,629.1797666735774,629.1797666735774,629.1797666735774,2.641e-4,2.554e-4,2.448e-4,2.752e-4,2.684e-4,2.514e-4
TUR,TUR.43_1,POTA,0.016623499859522963,0.014038278136255305,0.011453056412987639,0.008950306349799852,0.006530027946691947,0.004109749543584029,0.266287521686777,0.266287521686777,0.266287521686777,0.266287521686777,0.266287521686777,0.266287521686777,0.06243,0.05272,0.04301,0.03361,0.02452,0.01543
TUR,TUR.44_1,POTA,0.01154998623452661,0.009583918011001401,0.007994286419558159,0.006197414503177898,0.005274995340560197,0.004391625981215415,343.17975551015576,343.17975551015576,343.17975551015576,343.17975551015576,343.17975551015576,343.17975551015576,3.366e-5,2.793e-5,2.329e-5,1.806e-5,1.537e-5,1.28e-5
TUR,TUR.46_1,POTA,0.014648030955354595,0.013505709213851292,0.012758956994299757,0.012990745799068181,0.0114992452492905,0.00960314945711599,218.95724967273867,218.95724967273867,218.95724967273867,218.95724967273867,218.95724967273867,218.95724967273867,6.69e-5,6.168e-5,5.827e-5,5.933e-5,5.252e-5,4.386e-5
TUR,TUR.47_1,POTA,0.016973761331773665,0.013501590283775585,0.011077969403655309,0.009452278486721226,0.007793460670339809,0.00646425952914707,973.7592429841236,973.7592429841236,973.7592429841236,973.7592429841236,973.7592429841236,973.7592429841236,1.743e-5,1.387e-5,1.138e-5,9.707e-6,8.003e-6,6.638e-6
TUR,TUR.49_1,POTA,0.008220862113102514,0.005716032057270718,0.00394667574164921,0.0022848286202026267,0.0010816631456985071,6.810284437727464e-4,790.4481850890314,790.4481850890314,790.4481850890314,790.4481850890314,790.4481850890314,790.4481850890314,1.04e-5,7.231e-6,4.993e-6,2.891e-6,1.368e-6,8.616e-7
TUR,TUR.4_1,POTA,0,0,0,0,0,0,4.808780810716655,4.808780810716655,4.808780810716655,4.808780810716655,4.808780810716655,4.808780810716655,0,0,0,0,0,0
TUR,TUR.50_1,POTA,0.004755144704180069,0.007696767735226455,0.006929930267683366,0.006466295233265374,0.0057927184694839375,0.005160137271926261,0.0411832767694935,0.04189204111258623,0.03687501737885132,0.02553264660736445,0.024397767145614778,0.02560588701700537,0.1155,0.1837,0.1879,0.2533,0.2374,0.2015
TUR,TUR.51_1,POTA,0.12439328927339316,0.08852477592101136,0.0541360307801651,0.022918106840763564,0.006745776010108266,0.004406286573013291,2939.3934468976468,2939.3934468976468,2939.3934468976468,2939.3934468976468,2939.3934468976468,2939.3934468976468,4.232e-5,3.012e-5,1.842e-5,7.797e-6,2.295e-6,1.499e-6
TUR,TUR.52_1,POTA,0.2241746181277688,0.16926527933829294,0.1280581342424239,0.101218414369976,0.0738296602935196,0.061346697702859686,3015.7848019791027,3015.7848019791027,3015.7848019791027,3015.7848019791027,3015.7848019791027,3015.7848019791027,7.433e-5,5.613e-5,4.246e-5,3.356e-5,2.448e-5,2.034e-5
TUR,TUR.53_1,POTA,0.04634264275851554,0.04320450852937878,0.03628285417229197,0.035187774274642855,0.036486858487201276,0.04732996439346365,3139.2214392982237,3139.2214392982237,3139.2214392982237,3139.2214392982237,3139.2214392982237,3139.2214392982237,1.476e-5,1.376e-5,1.156e-5,1.121e-5,1.162e-5,1.508e-5
TUR,TUR.54_1,POTA,0.05671990092328334,0.04800439781075292,0.04198698062653112,0.037354934255498205,0.03250153086091798,0.028520239390670693,2579.820573898913,2579.820573898913,2579.820573898913,2579.820573898913,2579.820573898913,2579.820573898913,2.199e-5,1.861e-5,1.628e-5,1.448e-5,1.26e-5,1.106e-5
TUR,TUR.55_1,POTA,1.6592120107108017e-4,1.5178995219160008e-4,1.3765870331211992e-4,1.2352745443263983e-4,1.123546738336846e-4,9.807170863212629e-5,13.96030023037211,13.96030023037211,13.96030023037211,13.96030023037211,13.96030023037211,13.96030023037211,1.189e-5,1.087e-5,9.861e-6,8.848e-6,8.048e-6,7.025e-6
TUR,TUR.56_1,POTA,0.1482362607415752,0.1351451458039486,0.12550778483497957,0.11337884525818291,0.10263451429155786,0.09611741321985037,12222.650116112376,12222.650116112376,12222.650116112376,12222.650116112376,12222.650116112376,12222.650116112376,1.213e-5,1.106e-5,1.027e-5,9.276e-6,8.397e-6,7.864e-6
TUR,TUR.58_1,POTA,0.09311712932469542,0.08719515621182612,0.08555406409673295,0.07937916833949481,0.07130467068330465,0.0631409126144151,11022.925960382203,11022.925960382203,11022.925960382203,11022.925960382203,11022.925960382203,11022.925960382203,8.448e-6,7.91e-6,7.761e-6,7.201e-6,6.469e-6,5.728e-6
TUR,TUR.59_1,POTA,0.013156331213080533,0.011649735318636108,0.010075508175909121,0.008450858975229762,0.006831962450580678,0.0052629285720769865,316.9661795455981,316.9661795455981,316.9661795455981,316.9661795455981,316.9661795455981,316.9661795455981,4.151e-5,3.675e-5,3.179e-5,2.666e-5,2.155e-5,1.66e-5
TUR,TUR.5_1,POTA,0.004594071112401808,0.0032713798525513668,0.002075271194220369,9.989161259630534e-4,4.2371594159366726e-4,3.5847972029718245e-4,1025.91673224606,1025.91673224606,1025.91673224606,1025.91673224606,1025.91673224606,1025.91673224606,4.478e-6,3.189e-6,2.023e-6,9.737e-7,4.13e-7,3.494e-7
TUR,TUR.60_1,POTA,0.0010124905915809778,5.319925976240351e-4,3.799947125885966e-4,3.8912892945265653e-4,2.350571443207745e-4,1.5047761787916546e-4,218.9656174971934,218.9656174971934,218.9656174971934,218.9656174971934,218.9656174971934,218.9656174971934,4.624e-6,2.43e-6,1.735e-6,1.777e-6,1.073e-6,6.872e-7
TUR,TUR.61_1,POTA,9.214162681059192e-4,7.49641233728049e-4,5.86735780590857e-4,4.167500736538496e-4,2.999678364396902e-4,2.3414489118748125e-4,702.0813694351386,702.0813694351386,702.0813694351386,702.0813694351386,702.0813694351386,702.0813694351386,1.312e-6,1.068e-6,8.357e-7,5.936e-7,4.273e-7,3.335e-7
TUR,TUR.62_1,POTA,0.019501238801229392,0.01780886932360784,0.016165031580585163,0.014674056459925542,0.013188126725542537,0.011858861031259774,586.6085506666282,586.6085506666282,586.6085506666282,586.6085506666282,586.6085506666282,586.6085506666282,3.324e-5,3.036e-5,2.756e-5,2.502e-5,2.248e-5,2.022e-5
TUR,TUR.63_1,POTA,0.04958156570371338,0.03617434034488071,0.024864227843074013,0.015749039676221023,0.008674038641455975,0.005779723354331329,412.5915018193073,412.5915018193073,412.5915018193073,412.5915018193073,412.5915018193073,412.5915018193073,1.202e-4,8.768e-5,6.026e-5,3.817e-5,2.102e-5,1.401e-5
TUR,TUR.64_1,POTA,0.017650141321795685,0.0171842151017717,0.016143078841526694,0.015688838402295763,0.014435138134373283,0.01306456436267746,1614.4554359222227,1614.4554359222227,1614.4554359222227,1614.4554359222227,1614.4554359222227,1614.4554359222227,1.093e-5,1.064e-5,9.999e-6,9.718e-6,8.941e-6,8.092e-6
TUR,TUR.65_1,POTA,0.1077520154213113,0.10365031910883697,0.09809294997609,0.09132930163654926,0.08356756865650865,0.07625459085970011,140.07426995322567,140.07426995322567,140.07426995322567,140.07426995322567,140.07426995322567,140.07426995322567,7.692e-4,7.4e-4,7.003e-4,6.52e-4,5.966e-4,5.444e-4
TUR,TUR.66_1,POTA,0.21252480923043068,0.17703542138706874,0.16354007759366399,0.13405923149237092,0.10569674249335037,0.08532277726529003,4778.698757789963,4778.698757789963,4778.698757789963,4778.698757789963,4778.698757789963,4778.698757789963,4.447e-5,3.705e-5,3.422e-5,2.805e-5,2.212e-5,1.785e-5
TUR,TUR.67_1,POTA,0.11012402393152992,0.11694937175841574,0.1143060491699137,0.11090866224623616,0.1045382756513114,0.09699773952546928,7062.185403581649,7062.185403581649,7062.185403581649,7062.185403581649,7062.185403581649,7062.185403581649,1.559e-5,1.656e-5,1.619e-5,1.57e-5,1.48e-5,1.373e-5
TUR,TUR.68_1,POTA,0,0,0,0,0,0,1.1961995254662958,1.0988247569288037,1.025120110420323,1.1449176489398611,1.2414590015170848,1.1917293548249352,0,0,0,0,0,0
TUR,TUR.69_1,POTA,0,0,0,0,0,0,0.14502724713834336,0.14502724713834336,0.14502724713834336,0.14502724713834336,0.14502724713834336,0.14502724713834336,0,0,0,0,0,0
TUR,TUR.6_1,POTA,0.006036815330210203,0.006293567439142941,0.005877780764401576,0.006465699354967707,0.005899636013912372,0.005287164468925004,700.6681185296785,700.6681185296785,700.6681185296785,700.6681185296785,700.6681185296785,700.6681185296785,8.616e-6,8.982e-6,8.389e-6,9.228e-6,8.42e-6,7.546e-6
TUR,TUR.70_1,POTA,0.003263368837912751,0.0029463053797552743,0.0026881661837595324,0.002627981118324416,0.002255380281419996,0.0018689084284141274,143.0025645350992,143.0025645350992,143.0025645350992,143.0025645350992,143.0025645350992,143.0025645350992,2.282e-5,2.06e-5,1.88e-5,1.838e-5,1.577e-5,1.307e-5
TUR,TUR.72_1,POTA,0.08214239891737869,0.08088336091420135,0.07588972754017764,0.06924694072172342,0.060411166903253086,0.05237091463858983,2268.85888068733,2268.85888068733,2268.85888068733,2268.85888068733,2268.85888068733,2268.85888068733,3.62e-5,3.565e-5,3.345e-5,3.052e-5,2.663e-5,2.308e-5
TUR,TUR.74_1,POTA,0.03379887360525542,0.0382762040664733,0.03663727844547959,0.034481608935416366,0.030931942420835377,0.027516875555183114,3933.767232525499,3933.767232525499,3933.767232525499,3933.767232525499,3933.767232525499,3933.767232525499,8.592e-6,9.73e-6,9.314e-6,8.766e-6,7.863e-6,6.995e-6
TUR,TUR.75_1,POTA,0.13163740422451334,0.12352620700169786,0.11268829337036732,0.09945084344687875,0.08864215507641093,0.07887634999953386,937.7570101455635,937.7570101455635,937.7570101455635,937.7570101455635,937.7570101455635,937.7570101455635,1.404e-4,1.317e-4,1.202e-4,1.061e-4,9.453e-5,8.411e-5
TUR,TUR.77_1,POTA,0.013651187730994137,0.010521525446162408,0.008310126355195223,0.0064967786517681515,0.005464420907166109,0.004765801417762657,1514.6694157856589,1514.6694157856589,1514.6694157856589,1514.6694157856589,1514.6694157856589,1514.6694157856589,9.013e-6,6.946e-6,5.486e-6,4.289e-6,3.608e-6,3.146e-6
TUR,TUR.78_1,POTA,0.0027279485140208485,0.0015327836111571906,8.70554180072273e-4,3.0577225970026466e-4,1.9014755492367042e-5,1.6046899327632345e-5,195.26396280930317,195.26396280930317,195.26396280930317,195.26396280930317,195.26396280930317,195.26396280930317,1.397e-5,7.85e-6,4.458e-6,1.566e-6,9.738e-8,8.218e-8
TUR,TUR.79_1,POTA,0.06500518697871449,0.0767208084428859,0.07279525314341119,0.06715145300389724,0.061588261236394735,0.05568149133851783,229.79998552661442,229.79998552661442,229.79998552661442,229.79998552661442,229.79998552661442,229.79998552661442,2.829e-4,3.339e-4,3.168e-4,2.922e-4,2.68e-4,2.423e-4
TUR,TUR.7_1,POTA,0.009822562899268467,0.010837589705640123,0.009704117182890689,0.00860716282506867,0.007640786104222386,0.006770022053429355,619.8524125501042,619.8524125501042,619.8524125501042,619.8524125501042,619.8524125501042,619.8524125501042,1.585e-5,1.748e-5,1.566e-5,1.389e-5,1.233e-5,1.092e-5
TUR,TUR.80_1,POTA,0.07797605532215911,0.07044664288028314,0.07103390151468579,0.11467160099983639,0.11052195431591434,0.1112019680638762,3407.362402062625,3407.362402062625,3407.362402062625,3407.362402062625,3407.362402062625,3407.362402062625,2.288e-5,2.067e-5,2.085e-5,3.365e-5,3.244e-5,3.264e-5
TUR,TUR.8_1,POTA,0.016711030836901338,0.015843883146457034,0.014031306679011953,0.013831686910911554,0.011866058037549069,0.00998097518958253,1043.1309132810147,1043.1309132810147,1043.1309132810147,1043.1309132810147,1043.1309132810147,1043.1309132810147,1.602e-5,1.519e-5,1.345e-5,1.326e-5,1.138e-5,9.568e-6
TWN,TWN.1_1,POTA,4.5509082335624586e-5,4.6961810141947166e-5,4.3758915992022924e-5,4.055602184209868e-5,3.7650532290865784e-5,3.443238662305994e-5,2.102794932137007,2.102794932137007,2.102794932137007,2.102794932137007,2.102794932137007,2.102794932137007,2.164e-5,2.233e-5,2.081e-5,1.929e-5,1.79e-5,1.637e-5
TWN,TWN.2_1,POTA,0.021662410649109645,0.01855565307357006,0.016103121070579835,0.013884062885173265,0.012281878491612365,0.010974918010949087,58.23648308354931,58.23648308354931,58.23648308354931,58.23648308354931,58.23648308354931,58.23648308354931,3.72e-4,3.186e-4,2.765e-4,2.384e-4,2.109e-4,1.885e-4
TWN,TWN.3_1,POTA,0.13508342018905514,0.1329814296086646,0.13014288902191307,0.1261346546069009,0.11894155296888968,0.1090710792688379,117.75337809725211,117.75337809725211,117.75337809725211,117.75337809725211,117.75337809725211,117.75337809725211,0.001147,0.001129,0.001105,0.001071,0.00101,9.263e-4
TWN,TWN.4_1,POTA,0.25355981390819593,0.25512459877803795,0.254863816846236,0.24254893407068723,0.22384008814246992,0.2045967076397274,749.9952523256626,749.9952523256626,749.9952523256626,749.9952523256626,749.9952523256626,749.9952523256626,3.381e-4,3.402e-4,3.398e-4,3.234e-4,2.985e-4,2.728e-4
TWN,TWN.5_1,POTA,0.07709851993724383,0.0728340786319918,0.0745066888886325,0.07055214709374413,0.0664734685661257,0.08682811154882192,1003.8790006432314,1003.8790006432314,1003.8790006432314,1003.8790006432314,1003.8790006432314,1003.8790006432314,7.68e-5,7.255e-5,7.422e-5,7.028e-5,6.622e-5,8.649e-5
TWN,TWN.6_1,POTA,0,0,0,0,0,0,4.431618048934407,4.431618048934407,4.431618048934407,4.431618048934407,4.431618048934407,4.431618048934407,0,0,0,0,0,0
TWN,TWN.7_1,POTA,1.1473508861596944,1.1031084955107546,1.0660866429109006,1.013924677342282,0.961281597569263,0.8628876169625783,4404.479048407175,4404.479048407175,4404.479048407175,4404.479048407175,4404.479048407175,4404.479048407175,2.605e-4,2.505e-4,2.42e-4,2.302e-4,2.183e-4,1.959e-4
TZA,TZA.10_1,POTA,42.52378970467534,42.452463249896496,41.486163392808216,40.43291685851081,38.55006210172988,35.26439351834224,3505.0838044670477,2832.955465045122,1807.1012663602985,2314.431320257273,2351.869552908134,2223.8628481048518,0.01213,0.01499,0.02296,0.01747,0.01639,0.01586
TZA,TZA.11_1,POTA,1.491728734855734,1.4500460857651933,1.4381216480876728,1.3878236922510203,1.2889397085241219,1.1591483100883215,2538.113037505124,2051.409210626768,1308.5642284488817,1675.9337682222335,1703.0436667847728,1610.3510224790307,5.877e-4,7.069e-4,0.001099,8.281e-4,7.568e-4,7.198e-4
TZA,TZA.12_1,POTA,2.0587477637333547,1.8303300303409997,1.6125219229165595,1.4028835325419062,1.1940315502779435,0.9848351452891704,729.0988717726328,590.0368988077634,376.97928411606887,482.76860142389387,490.3807933199558,463.8688865023582,0.002824,0.003102,0.004277,0.002906,0.002435,0.002123
TZA,TZA.13_1,POTA,80.88429793545177,77.08293880206189,71.70300250797155,65.51514652102395,58.283584723968055,50.36091255885301,65085.168350677595,52604.56601817895,33555.70344230754,42976.20640733781,43671.38741678076,41294.45903624207,0.001243,0.001465,0.002137,0.001524,0.001335,0.00122
TZA,TZA.14_1,POTA,12.996837065156285,12.159363958451927,11.359675199788132,10.678504624543018,9.936611965884515,9.083475191884146,18960.18221912408,15324.413004751563,9775.221138774132,12519.540762420696,12722.05680843296,12029.625305013058,6.855e-4,7.935e-4,0.001162,8.529e-4,7.811e-4,7.551e-4
TZA,TZA.15_1,POTA,12.140150325033066,12.286288559581626,12.254220151363036,12.20816689253563,11.7831188261803,10.862511982881882,2313.220021637825,1869.6412604454413,1192.617085258913,1527.4353388930856,1552.1431274008341,1467.663643036591,0.005248,0.006571,0.01028,0.007993,0.007592,0.007401
TZA,TZA.16_1,POTA,3.6728908116247947,3.854372401770128,3.886989887997331,3.8713477425430782,3.693732105946463,3.379706344903023,10716.302356172742,8661.36418373357,5524.958785253397,7076.049302691125,7190.511450573598,6799.148895834937,3.427e-4,4.45e-4,7.035e-4,5.471e-4,5.137e-4,4.971e-4
TZA,TZA.17_1,POTA,49.003994712846236,44.97936260507991,39.997843198853396,38.036304737221414,34.530186438282904,30.475005932511827,24357.524438186727,19686.770936600562,12557.906091019106,16083.443531885256,16343.609256183689,15454.065206901876,0.002012,0.002285,0.003185,0.002365,0.002113,0.001972
TZA,TZA.18_1,POTA,0.03755259203030962,0.0350365128215002,0.03248932860006781,0.030730059253685632,0.028088866425904493,0.025234768701460988,0.2817097112516495,0.22768958192370278,0.14523988707489857,0.18601489017481207,0.18902386636431287,0.17873574378006812,0.1333,0.1539,0.2237,0.1652,0.1486,0.1412
TZA,TZA.19_1,POTA,0.016234497714358368,0.01513314393546509,0.01396907719600528,0.012926132429874412,0.01161555265105686,0.010245445932955928,0.20521625300825777,0.165864366704985,0.10580247759449099,0.1355057253646381,0.13769766548717374,0.13020310678755426,0.07911,0.09124,0.132,0.09539,0.08436,0.07869
TZA,TZA.1_1,POTA,3.5293859353485373,2.5902034340319675,2.072909862879998,1.6194358538858156,1.2077462723113457,0.8412015045760813,812.5764065457348,657.5073495657325,420.0180400064046,537.8901388220239,546.3938679222521,516.8334000293756,0.004343,0.003939,0.004935,0.003011,0.00221,0.001628
TZA,TZA.20_1,POTA,8.885829884295319,8.593426832989152,8.197252996510642,7.80987738541179,7.225182548830517,6.554597305328982,4731.1678223403815,3823.9278961784444,2439.2282296412577,3124.023161860729,3174.557349208064,3001.7736907867493,0.001878,0.002247,0.003361,0.0025,0.002276,0.002184
TZA,TZA.21_1,POTA,237.72726642658355,207.18668227016934,176.64104099673426,146.09436633989688,115.56788289252505,85.06316478363505,13368.016392620533,10804.157409150625,6894.202356971029,8829.320031587396,8966.082350865312,8480.383107243333,0.01778,0.01918,0.02562,0.01655,0.01289,0.01003
TZA,TZA.22_1,POTA,7.681993462927271,7.479061127015923,7.146121360548539,6.930028324392946,6.4714196504796755,5.736907905973611,9423.08570794806,7616.136184737082,4858.230284826872,6222.137615761812,6322.787576405305,5978.65367785691,8.152e-4,9.82e-4,0.001471,0.001114,0.001024,9.596e-4
TZA,TZA.23_1,POTA,3.3271634320433163,3.240292014608261,3.0265824085478865,2.8295842773545576,2.5956460043428318,2.367557016343831,4430.656622730672,3581.0421642719457,2284.294938551879,2925.5935175884856,2972.9179077290205,2811.1090078482857,7.509e-4,9.048e-4,0.001325,9.672e-4,8.731e-4,8.422e-4
TZA,TZA.24_1,POTA,0.5072440991088013,0.46600203310061017,0.42561345394111766,0.3853997772346509,0.34542732699582873,0.30555472948598994,10112.75564187102,8173.552462794968,5213.79075259973,6677.5231912646195,6785.538782212591,6416.21793329396,5.016e-5,5.701e-5,8.163e-5,5.772e-5,5.091e-5,4.762e-5
TZA,TZA.25_1,POTA,17.10958816219108,15.971284106174304,14.627739071805971,13.380230342203989,11.963683520562245,10.468719145602376,26795.113753456433,21656.932666664794,13814.643728183819,17693.000784124055,17979.202700702972,17000.63716340033,6.385e-4,7.375e-4,0.001059,7.562e-4,6.654e-4,6.158e-4
TZA,TZA.26_1,POTA,121.51184097808513,119.3069515936586,113.74888534998878,107.59876837841607,98.744462527682,89.22418182523874,82743.33667847057,66876.62861030616,42659.63293202237,54636.003198320985,55519.7949881005,52497.98368100963,0.001469,0.001784,0.002666,0.001969,0.001779,0.0017
TZA,TZA.27_1,POTA,5.874209998700806,4.607452081411938,3.911204869690955,3.2982298510742596,2.901523509036697,2.5689886852495643,14662.944276791028,11851.205403319413,7559.712306276377,9682.044531472297,9838.661248733522,9303.166155237015,4.006e-4,3.888e-4,5.174e-4,3.407e-4,2.949e-4,2.761e-4
TZA,TZA.28_1,POTA,0.01652022609556523,0.01589360171304871,0.014745550266570063,0.01352092303560583,0.01258143746293752,0.011177826482780893,0.21835340589579205,0.17648236363288797,0.11257554407272367,0.14418027918362752,0.1465125388573096,0.13853820742030593,0.07566,0.09006,0.131,0.09378,0.08587,0.08068
TZA,TZA.29_1,POTA,0.4908280346034496,0.4405871211495273,0.3865460913271818,0.3326210592308692,0.2759093387607695,0.2183411045916503,0.1946403140467592,0.15731645009289796,0.10034988537232604,0.12852235899193498,0.13060133620532782,0.12349301394745524,2.522,2.801,3.852,2.588,2.113,1.768
TZA,TZA.2_1,POTA,0.2157706476197195,0.22231371083841436,0.21500694915877389,0.20842534804445667,0.19447196214482587,0.1779397998129997,3948.9886723590835,3191.73796258546,2035.963425915189,2607.544805348455,2649.724440672146,2505.5061978415615,5.464e-5,6.965e-5,1.056e-4,7.993e-5,7.339e-5,7.102e-5
TZA,TZA.30_1,POTA,0.003636307108858949,0.0034098825684630344,0.0031215048063346867,0.0028652092672555108,0.0025868063561921306,0.0022790244362075177,0.018508902877639448,0.014959670148934099,0.009542556952987818,0.01222155786090319,0.012419253736580156,0.011743303089160223,0.1965,0.2279,0.3271,0.2344,0.2083,0.1941
TZA,TZA.31_1,POTA,10.366261475477916,9.612419797982575,8.770824316682392,7.8121129784691,6.79296872505412,5.684558778238098,12428.48076320606,10050.009645998733,6418.024345728756,8215.353505753003,8347.116727431216,7894.010998992177,0.00083410000000000005,9.565e-4,0.001367,9.509e-4,8.138e-4,7.201e-4
TZA,TZA.3_1,POTA,5.01781312652416,4.349325567670238,3.7426246704491906,3.292129980602229,2.923290882624729,2.472317214528273,13889.929283181224,11226.422324547435,7161.172227979966,9171.617331426778,9319.977380149441,8812.713024522714,3.613e-4,3.874e-4,5.226e-4,3.589e-4,3.137e-4,2.805e-4
TZA,TZA.4_1,POTA,34.237488443522,33.000112423640054,31.51857784471404,30.01869965632378,28.442917493756013,25.822317386007185,22320.634772423477,18040.47143786566,11507.75548128307,14738.471057234929,14976.880511656504,14161.724279815726,0.001534,0.001829,0.002739,0.002037,0.001899,0.001823
TZA,TZA.5_1,POTA,7.043432704498621,6.149459261315152,5.236480836012565,4.365751868575931,3.4899005993701646,2.6110238614174146,19434.93247993809,15708.126040140498,10019.9861273968,12833.021675923512,13040.608588056797,12330.839063670364,3.624e-4,3.915e-4,5.226e-4,3.402e-4,2.676e-4,2.117e-4
TZA,TZA.6_1,POTA,5.87498028954594,5.0261130240421,4.199963084862283,3.372734848784029,2.5572303351532804,1.7640787738172563,15734.880874849838,12742.563804738384,8157.650264436904,10423.042787286488,10587.161817220585,10016.540018142025,3.734e-4,3.944e-4,5.148e-4,3.236e-4,2.415e-4,1.761e-4
TZA,TZA.7_1,POTA,15.804860356950154,15.6849607947003,15.246299763878692,14.733973598229092,13.876755269132724,12.659115463491089,18522.29033479398,14970.490452249147,9549.459067780757,12230.39769237814,12428.236561137013,11751.796999793292,8.533e-4,0.001048,0.001597,0.001205,0.001117,0.001077
TZA,TZA.8_1,POTA,0.13126144033237822,0.115336144153627,0.09764260317191906,0.08174706802416276,0.06478617442753247,0.04771417092708597,4754.32681700844,3842.64596518045,2451.168214796233,3139.3152078132725,3190.0967592405295,3016.467327434215,2.761e-5,3.001e-5,3.984e-5,2.604e-5,2.031e-5,1.582e-5
TZA,TZA.9_1,POTA,1.6553247665153883,1.4197550641652033,1.202934339456307,1.004437219026921,0.8875979782036856,0.715973296104961,1435.0210208545616,1160.3625552374588,740.5962806387734,948.4820935310635,963.6882543857671,911.3605034600733,0.001154,0.001224,0.001624,0.001059,9.21e-4,7.856e-4
UGA,UGA.12_1,POTA,3.0736758909766264,3.127461063189211,3.235721144237006,3.1778268151119837,2.9799276560208674,2.718295930243727,18173.89134227477,27240.563595196272,29547.71817617337,31774.611875047238,30936.47241038574,30198.165707460936,1.691e-4,1.148e-4,1.095e-4,1e-4,9.632e-5,9.002e-5
UGA,UGA.13_1,POTA,56.38200969160618,54.678773175723435,52.68345920119624,49.814646534488155,46.320461094459816,42.02284488849335,53820.763759491754,84907.63690697419,93432.84588647769,101828.8850329584,99323.27875161023,96396.18956705667,0.001048,6.44e-4,5.639e-4,4.892e-4,4.664e-4,4.359e-4
UGA,UGA.18_1,POTA,0.6410224890350578,0.37871728058128756,0.23515167985073737,0.11902072367165768,0.03357707547467696,0,7.126163309329087,11.242235236797567,12.371019504995294,13.482700981250632,13.150945013803609,12.763382406120977,0.08995,0.03369,0.01901,0.008828,0.002553,0
UGA,UGA.19_1,POTA,2.0503293810039747,2.242272017659726,2.3907980258193535,2.6297685348819932,2.5539387591883993,2.358456202439905,2267.6307758013318,3577.4143119041805,3936.607026791112,4290.3574278161195,4184.788693395768,4061.4616156145976,9.042e-4,6.268e-4,6.073e-4,6.129e-4,6.103e-4,5.807e-4
UGA,UGA.20_1,POTA,8.837548695978281,7.419775959101052,6.378994405500239,5.405059012170696,4.414073158002139,3.4185657237514255,7320.406878500032,11530.04512804081,12676.731237210743,13822.95338212018,13481.360272064278,13086.077140391317,0.001207,6.435e-4,5.032e-4,3.91e-4,3.274e-4,2.612e-4
UGA,UGA.21_1,POTA,3.5663330503744404,3.373391652850445,3.1344063514792695,2.9431781765692313,2.70945054637102,2.460705749223982,13363.596737859436,21082.410213647046,23199.20393692398,25283.92502803005,24661.787592793833,23934.99672722896,2.669e-4,1.6e-4,1.351e-4,1.164e-4,1.099e-4,1.028e-4
UGA,UGA.24_1,POTA,7.7038363544580015,6.547385640851251,5.737961224132623,4.980571267154917,4.3166097947006925,3.7864870685874457,3420.6149879604304,5396.362205006375,5938.187619099306,6471.803557221134,6312.558057878032,6126.524927978144,0.002252,0.001213,9.663e-4,7.696e-4,6.838e-4,6.18e-4
UGA,UGA.25_1,POTA,2.1816203925369293,1.7185377510354891,1.30228550232116,0.9175291667261883,0.6129671650995305,0.4261374324425179,85.15837842353532,134.34585780096936,147.8349449432573,161.11965197732883,157.15513432683738,152.5237216331874,0.02562,0.01279,0.008809,0.005695,0.0039,0.002794
UGA,UGA.26_1,POTA,0.7535201856928146,0.5638173417441569,0.4149499665893817,0.28540905105240216,0.17937424217611841,0.11524300801882151,6999.910883892564,10819.931098574472,11839.683203447752,12836.96192392653,12512.400328222204,12170.634414936563,1.076e-4,5.211e-5,3.505e-5,2.223e-5,1.434e-5,9.469e-6
UGA,UGA.2_1,POTA,0.12637292133031267,0.10936986619359466,0.09265749896057414,0.07565378138812733,0.05873834639295693,0.041876007260581986,60.8460594359811,95.99074336620379,105.62875918086317,115.12074445287622,112.28807806041553,108.97891204237752,0.002077,0.001139,8.772e-4,6.572e-4,5.231e-4,3.843e-4
UGA,UGA.30_1,POTA,7.3612934983935565,4.720576560846503,2.9997319446620097,1.5656765135954496,0.4949099182227044,0.06324341822266114,53.3600444409803,84.18080611009054,92.6330371495418,100.95720408233473,98.4730464230009,95.571013860467,0.138,0.05608,0.03238,0.01551,0.005026,6.617e-4
UGA,UGA.31_1,POTA,0,0,0,0,0,0,25.357778418534696,40.00443123308034,44.021103334576225,47.97691676786764,46.796394522392994,45.41728962367984,0,0,0,0,0,0
UGA,UGA.34_1,POTA,1.1546123692583627,0.9988952195057113,0.8424939695864709,0.682245420995448,0.521347679559379,0.36044993812330994,5.268985625436368,8.312351722688415,9.146959045757535,9.96892080332561,9.723625074368245,9.437066695027838,0.2191,0.1202,0.09211,0.06844,0.05362,0.0382
UGA,UGA.36_1,POTA,4.905419916477558,4.590654721632531,4.305002031162324,4.030786454807426,3.6958325929036198,3.3422090224358154,2872.19941940206,4531.18180404869,4986.138192081976,5434.201301508697,5300.487091530225,5144.280020705631,0.001708,0.001013,8.634e-4,7.417e-4,6.973e-4,6.497e-4
UGA,UGA.38_1,POTA,130.76899194892638,114.40647957204209,96.35958489251425,78.3366799189046,60.46466073832529,42.47262510406817,2336.490968796199,3686.0322003281062,4056.1213521761165,4420.617572936421,4311.842396934683,4184.772732486241,0.05597,0.03104,0.02376,0.01772,0.01402,0.01015
UGA,UGA.39_1,POTA,9.122971389050024,7.626842441596423,6.258257280551761,4.907609647005652,3.624390090492322,2.4301053196404268,4364.602886780457,6876.524963345402,7562.558807456566,8243.304089992062,8040.786518784468,7803.624460920631,0.00209,0.001109,8.275e-4,5.953e-4,4.508e-4,3.114e-4
UGA,UGA.3_1,POTA,0.8733381196073161,0.7487558153864747,0.6249880424905135,0.5012371466104213,0.3775701194690912,0.254021464742788,1.148472442665028,1.667689246250172,1.8131029515207657,1.9595213344310882,1.9208447679667706,1.8697283424572635,0.7604,0.449,0.3447,0.2558,0.1966,0.1359
UGA,UGA.43_1,POTA,2.590082558873492,1.7298845828464073,1.0932411158993323,0.5669088884900889,0.21165071599642218,0.08324356312832085,59.84845366856654,94.41692050753059,103.89691556863151,113.23327434092789,110.44705112583111,107.1921407676588,0.04328,0.01832,0.01052,0.005007,0.001916,7.766e-4
UGA,UGA.46_1,POTA,0.02241636446392677,0.02035120981594687,0.018654247112329728,0.016796313900108235,0.014538581798619398,0.012230806206081532,6.291677650724729,9.925750661783333,10.922352401658127,11.903854115171185,11.610947327145652,11.268768949922498,0.003563,0.00205,0.001708,0.001411,0.001252,0.001085
UGA,UGA.47_1,POTA,0.8790132838759463,0.746274675811115,0.6694495188408872,0.5853006311677836,0.5112741530967811,0.44363958411096666,2125.2274873636134,3352.758884064837,3689.3949180632335,4020.9304060919567,3921.9912054996394,3806.408854777594,4.136e-4,2.226e-4,1.815e-4,1.456e-4,1.304e-4,1.166e-4
UGA,UGA.48_1,POTA,0.6917593633099378,0.7156162413455561,0.7015790820952627,0.670028986962841,0.641391037119105,0.5887230595537208,2364.9920626606195,3721.414680834445,4092.194978899279,4457.053477009485,4347.005384182538,4220.060969764331,2.925e-4,1.923e-4,1.714e-4,1.503e-4,1.475e-4,1.395e-4
UGA,UGA.51_1,POTA,1.798585478904087,1.543334675171275,1.293820747825263,1.067742549467354,0.8734574436292376,0.7246479938403899,19329.915694724383,30494.874999997184,33556.733646041524,36572.20049441853,35672.30322802029,34621.02890160605,9.305e-5,5.061e-5,3.856e-5,2.92e-5,2.449e-5,2.093e-5
UGA,UGA.52_1,POTA,5.423004784620508,6.0291796986270905,6.477773465868307,6.75868114140826,6.699073444638319,6.221432879487152,3930.7813954669946,6201.20072948873,6823.836502530702,7437.038400223552,7254.04228743889,7040.263312451999,0.00138,9.723e-4,9.493e-4,9.088e-4,9.235e-4,8.837e-4
UGA,UGA.54_1,POTA,3.7606807489171654,3.5016313020221963,3.1391903392216975,2.778466653525387,2.4201140663573573,2.089398935482605,4503.213731164822,7104.269982285623,7817.579037302131,8520.080379363842,8310.434885266408,8065.523678373679,8.351e-4,4.929e-4,4.016e-4,3.261e-4,2.912e-4,2.591e-4
UGA,UGA.5_1,POTA,0.35253772264901384,0.32300007033606876,0.30858136885124426,0.34376878487765217,0.31401334914186857,0.2839497145863546,834.5017114537692,1316.5098999894662,1448.6949710837434,1578.8772380705313,1540.0273113144174,1494.6422078067217,4.225e-4,2.453e-4,2.13e-4,2.177e-4,2.039e-4,1.9e-4
UGA,UGA.6_1,POTA,12.585029686046857,12.254467643803304,12.00557013129842,11.525682111236673,10.866560888951012,9.95188950848819,3713.7713504458525,5858.845682463377,6447.107064374,7026.455395043552,6853.562106781233,6651.585412389233,0.003389,0.002092,0.001862,0.00164,0.001586,0.001496
UGA,UGA.8_1,POTA,0.023632672441484072,0.021185594984438057,0.01873851752739205,0.016291440070346042,0.014087924252099702,0.011628356454602421,10.071146015679737,15.888239954336353,17.483509483220022,19.05460826166606,18.585749684518657,18.038021623462356,0.002347,0.001333,0.001072,8.55e-4,7.58e-4,6.447e-4
UGA,UGA.9_1,POTA,0.9388808783454754,0.7888255132784778,0.67552541255767,0.5827948630639046,0.5088083424481911,0.44676193317845536,1844.8945186840392,2910.5055926759405,3202.7368844354914,3490.540429350202,3404.652029194893,3304.315831507067,5.089e-4,2.71e-4,2.109e-4,1.67e-4,1.494e-4,1.352e-4
UKR,UKR.10_1,POTA,0.7249995494868124,0.654944623802702,0.5812887758166708,0.4980072879515323,0.46654419444668893,0.367093610392883,12329.14939496369,12635.828110420005,12365.37124390208,12637.194861008826,12501.271219117021,12546.480279538391,5.88e-5,5.183e-5,4.701e-5,3.941e-5,3.732e-5,2.926e-5
UKR,UKR.12_1,POTA,2.795108132817646,2.522968317186396,2.512151712548879,2.2665308676979308,2.368012960841464,2.040773288776502,22471.744871571354,23030.71334786305,22537.764685432365,23033.204458121447,22785.46300372272,22867.86337370181,1.244e-4,1.095e-4,1.115e-4,9.84e-5,1.039e-4,8.924e-5
UKR,UKR.13_1,POTA,0.3371036197452738,0.3276503491353114,0.3205873859643739,0.29254565218406586,0.2992987642874396,0.307799173330057,6667.301748433785,6833.146079641627,6686.889636374951,6833.8851848546965,6760.381011435489,6784.828963028612,5.056e-5,4.795e-5,4.794e-5,4.281e-5,4.427e-5,4.537e-5
UKR,UKR.14_1,POTA,0.3866183770694924,0.34115143890895444,0.2937874073854946,0.24712970929922953,0.2012994254053355,0.15389892319833737,10601.81398088122,10865.277714692182,10632.487955432434,10866.071675484838,10749.297669380587,10788.147741035202,3.647e-5,3.14e-5,2.763e-5,2.274e-5,1.873e-5,1.427e-5
UKR,UKR.15_1,POTA,0.580265154211627,0.4674725755272374,0.3586856031292472,0.27731562145053984,0.22380203058503564,0.20586668932282923,1674.1907510451806,1708.5783350002866,1675.9749349736885,1712.5688189608034,1691.7844242243698,1698.5930309013795,3.466e-4,2.736e-4,2.14e-4,1.619e-4,1.323e-4,1.212e-4
UKR,UKR.16_1,POTA,0.468772804187784,0.40342057098051926,0.3383504399697436,0.2733912303134552,0.20846851579852765,0.14448357725680547,1953.470623696014,2002.0617991587317,1959.2097315265999,2002.2783515776903,1980.7421666394268,1987.9052375560725,2.4e-4,2.015e-4,1.727e-4,1.365e-4,1.052e-4,7.268e-5
UKR,UKR.17_1,POTA,1.624161848246624,1.4267480970464803,1.2345065339670238,1.03726108326398,0.8401067301700003,0.6471796605740466,4024.9822697655927,4125.378742003594,4031.831383332149,4116.477465784562,4065.9228055559574,4084.5649466069367,4.035e-4,3.458e-4,3.062e-4,2.52e-4,2.066e-4,1.584e-4
UKR,UKR.18_1,POTA,0.8228293455508835,0.7542761373045097,0.6613697744530413,0.5646192212812554,0.4677464468369749,0.372453724095854,12420.921399761011,12729.882877770078,12457.412865976965,12731.259801764832,12594.324412451031,12639.869986444988,6.625e-5,5.925e-5,5.309e-5,4.435e-5,3.714e-5,2.947e-5
UKR,UKR.19_1,POTA,0.8511150871391825,0.7556977551814252,0.6588568768949709,0.5580103210011236,0.4560413882413594,0.35454861614809646,8285.840941673834,8487.649161685998,8311.706371835004,8495.259413803144,8394.461101994373,8427.833762558972,1.027e-4,8.903e-5,7.927e-5,6.568e-5,5.433e-5,4.207e-5
UKR,UKR.1_1,POTA,0.3462855524342405,0.23735510752822708,0.17444659366864257,0.138194709575691,0.1166012939388948,0.1066355903495504,10266.688753834767,10522.065245606535,10296.851292808526,10523.20336166386,10410.017473417514,10447.663813593188,3.373e-5,2.256e-5,1.694e-5,1.313e-5,1.12e-5,1.021e-5
UKR,UKR.21_1,POTA,0.8196124930365785,0.7143190488556531,0.609350735412749,0.5004744609673967,0.3951043868081058,0.2900794262398252,4995.742724647368,5117.1735977381595,5009.195356982758,5119.213677074715,5063.2286954651545,5081.808866924696,1.641e-4,1.396e-4,1.216e-4,9.776e-5,7.803e-5,5.708e-5
UKR,UKR.22_1,POTA,0.8828326970561018,0.7692009892577439,0.669767617212283,0.5483213892480706,0.426535432728136,0.3049816765162732,9200.200927577063,9429.049302434283,9227.230228425478,9430.06919274725,9328.640880367204,9362.376576667022,9.596e-5,8.158e-5,7.259e-5,5.815e-5,4.572e-5,3.258e-5
UKR,UKR.23_1,POTA,0.5277892225392247,0.4662764536713351,0.40476368480344554,0.343250915935556,0.2817381470676665,0.22202803426667042,3142.3714353017126,3219.196268411926,3149.088745853769,3218.4764834361804,3186.319501592946,3196.9006275959814,1.68e-4,1.448e-4,1.285e-4,1.067e-4,8.842e-5,6.945e-5
UKR,UKR.24_1,POTA,2.4910471444278217,2.373821632134161,2.0995766511874536,1.8168593341644246,1.5206366274985246,1.2457094578582182,22379.45242501158,22940.067821656598,22445.14445444952,22938.251847254487,22688.238037995798,22772.08736562988,1.113e-4,1.035e-4,9.354e-5,7.921e-5,6.702e-5,5.47e-5
UKR,UKR.25_1,POTA,1.541646419006861,1.6664841809986626,1.5661338856015774,1.4447595668029416,1.3161621182397947,1.1979889228498017,6327.108599358899,6483.763807792149,6344.314174362411,6483.35072537632,6413.908301154998,6437.035396557577,2.437e-4,2.57e-4,2.469e-4,2.228e-4,2.052e-4,1.861e-4
UKR,UKR.26_1,POTA,0.3701560023391864,0.3336087675563377,0.29723401795359317,0.31098570832604155,0.2807763049643442,0.24163151666870866,1124.636792662465,1152.6113232549424,1127.9408668292535,1152.7359951158585,1140.3373515625049,1144.461218593619,3.291e-4,2.894e-4,2.635e-4,2.698e-4,2.462e-4,2.111e-4
UKR,UKR.27_1,POTA,1.2566183188938143,1.2915445973971023,1.2761636075425986,1.163127609767293,1.0435859726226628,0.9145961411920703,10262.625392410377,10517.900810991921,10292.775993621115,10519.038476604415,10405.897385194043,10443.528825659585,1.224e-4,1.228e-4,1.24e-4,1.106e-4,1.003e-4,8.758e-5
UKR,UKR.2_1,POTA,0.9943377515621644,0.8771319407643843,0.8260830158020223,0.6988326153083895,0.5683871062134997,0.4381052740040806,15267.556816638902,15627.932943817783,15305.194935663592,15641.318517651524,15464.008382101129,15522.672320736914,6.513e-5,5.613e-5,5.397e-5,4.468e-5,3.676e-5,2.822e-5
UKR,UKR.3_1,POTA,0.04389587222507158,0.038753716180205025,0.033611560135338434,0.028483742663989,0.02337026376615668,0.01825678486832437,3586.2505252781843,3675.6661594602665,3596.783562467769,3675.8345914920674,3636.1222755464214,3649.3678037560007,1.224e-5,1.054e-5,9.345e-6,7.749e-6,6.427e-6,5.003e-6
UKR,UKR.4_1,POTA,1.1456067528034357,0.9888488874715512,0.8324122633018204,0.676204778141643,0.5202507377688234,0.36438159711148405,21.188505727494846,21.715554553880327,21.250755508814315,21.71790341037899,21.48430912317675,21.56200405613491,0.05407,0.04554,0.03917,0.03114,0.02422,0.0169
UKR,UKR.5_1,POTA,1.0987417249023406,0.9979310395149728,0.8735084200512451,0.7460391033211802,0.6595920617230153,0.5746077589489319,5208.684966237731,5338.247255045337,5223.987579092094,5338.824664971727,5281.401122811769,5300.500555044353,2.109e-4,1.869e-4,1.672e-4,1.397e-4,1.249e-4,1.084e-4
UKR,UKR.6_1,POTA,3.439905467134049,2.9178433109510955,2.396548629113351,1.879383645608666,1.3644504425763158,0.9211220809358768,3624.1175812885754,3713.916098014244,3634.614229749013,3714.5007353757774,3674.4345201039455,3687.7557772165533,9.492e-4,7.857e-4,6.594e-4,5.06e-4,3.713e-4,2.498e-4
UKR,UKR.7_1,POTA,0.4261752968874898,0.36883259199094687,0.31101659132471193,0.2532223841202745,0.1954483899848865,0.13822640644547718,5543.19853101027,5681.081603925582,5559.483912377113,5681.696096427337,5620.584684120824,5640.91072521969,7.688e-5,6.492e-5,5.594e-5,4.457e-5,3.477e-5,2.45e-5
UKR,UKR.8_1,POTA,1.915715474426666,1.6742392300685198,1.4458741206627252,1.2053865270808755,0.9650255629149468,0.7327328780145045,10129.559260959053,10380.913593382873,10159.054944389358,10382.356956995243,10270.486869803328,10307.686772465988,1.891e-4,1.613e-4,1.423e-4,1.161e-4,9.396e-5,7.109e-5
UKR,UKR.9_1,POTA,2.4442297566443747,2.1028042637234265,1.7697393327316069,1.437801029050589,1.5104693208235058,1.1648990838963795,1350.3620288787376,1383.9513122227029,1354.3292619663798,1384.1010069047097,1369.213838377692,1374.1654045075693,0.00181,0.001519,0.001307,0.001039,0.001103,8.477e-4
URY,URY.10_2,POTA,1.353211521646916e-4,5.149890478720323e-5,1.1333806029891994e-5,0,0,0,33.40742623620004,42.20732285758532,41.24597437785531,30.8211676669688,30.16459067769389,31.30549044263091,4.051e-6,1.22e-6,2.748e-7,0,0,0
URY,URY.11_2,POTA,0.41226309828902613,0.3644731089857068,0.31869007183063913,0.28662751272564296,0.3057415235300274,0.28135728847145153,765.1320226190758,966.6765131510454,944.6586988621808,705.8988079409702,690.8611909675113,716.9912776907435,5.388e-4,3.77e-4,3.374e-4,4.06e-4,4.426e-4,3.924e-4
URY,URY.12_2,POTA,0.21584243283718368,0.20942205375906905,0.193305637572249,0.2615839866576415,0.2455292701471745,0.2257545408675919,508.07440655903434,641.9069928253308,627.2863945523042,468.74148164348,458.7559783656281,476.10726927069044,4.248e-4,3.262e-4,3.082e-4,5.581e-4,5.352e-4,4.742e-4
URY,URY.13_2,POTA,0.016094722662579847,0.012232197967180948,0.009566046471607187,0.008407997385105783,0.006288240210196368,0.005099695414302621,38.737887433598374,48.94188825474336,47.827147809641716,35.738967594017986,34.97762772538536,36.300568509708896,4.155e-4,2.499e-4,2e-4,2.353e-4,1.798e-4,1.405e-4
URY,URY.14_2,POTA,0.1730088199369059,0.14748025784540159,0.12628228360671914,0.10406861983086137,0.08280431409520071,0.06290154218560826,1401.7917424111477,1771.0396554563872,1730.701008865146,1293.2710835475814,1265.7207959164612,1313.593501167683,1.234e-4,8.327e-5,7.297e-5,8.047e-5,6.542e-5,4.789e-5
URY,URY.15_2,POTA,0.03105632902347615,0.02825620376033967,0.025182391809341634,0.023074292944757602,0.021013152646650247,0.018909460169082504,81.2026566872088,102.5923614545569,100.25563398551003,74.91629792323826,73.3203714525232,76.09353006916365,3.825e-4,2.754e-4,2.512e-4,3.08e-4,2.866e-4,2.485e-4
URY,URY.16_2,POTA,0.367167094123017,0.3166424590350452,0.26674621666248055,0.21835381846149976,0.16980326217769676,0.12287874974750176,3576.643180586029,4518.771736620513,4415.848498539178,3299.7549219853195,3229.460922243574,3351.6071580877615,1.027e-4,7.007e-5,6.041e-5,6.617e-5,5.258e-5,3.666e-5
URY,URY.17_2,POTA,0.437330007608605,0.4165647254321329,0.39739779384204155,0.38232308224349804,0.3882949482268091,0.378759386888583,916.3579622286103,1157.7370878990912,1131.3675218137403,845.4174888278499,827.407734119892,858.7023503621909,4.772e-4,3.598e-4,3.513e-4,4.522e-4,4.693e-4,4.411e-4
URY,URY.18_2,POTA,0.04461792016925082,0.03847730508852706,0.03229422424892205,0.02782445751200805,0.023360798146660318,0.02094594869239666,61.94911092973534,78.2672124235189,76.48453442875636,57.15327847423552,55.93575394975033,58.05138313944249,7.202e-4,4.916e-4,4.222e-4,4.868e-4,4.176e-4,3.608e-4
URY,URY.19_2,POTA,0.03737070763784854,0.02677979164403647,0.019289033726440682,0.014515282614352682,0.011358382536157027,0.009250586104339419,506.26175400864804,639.6168669448798,625.0484304505328,467.06915682017836,457.1192787337351,474.4086655922532,7.382e-5,4.187e-5,3.086e-5,3.108e-5,2.485e-5,1.95e-5
URY,URY.1_2,POTA,0.12810878480940074,0.106121161442283,0.08581183393671221,0.07896748927116756,0.06608803148151324,0.05599862459130517,407.0977969127055,513.6982448115253,501.49460525850657,375.2851221779186,367.3111771832328,381.1635165797071,3.147e-4,2.066e-4,1.711e-4,2.104e-4,1.799e-4,1.469e-4
URY,URY.2_2,POTA,0.034833192393311646,0.02903155545204034,0.02307995921840889,0.017624006557135353,0.01283038625766289,0.00880389220485583,2123.6522202526944,2683.0464060205563,2621.9351483324995,1959.2482427099994,1917.5107807701866,1990.0358026549577,1.64e-5,1.082e-5,8.803e-6,8.995e-6,6.691e-6,4.424e-6
URY,URY.3_2,POTA,0.029055555538775906,0.02478821982354462,0.021463879970991192,0.0266953029346309,0.025554550413918516,0.022813198641451603,458.5026232896952,579.1205691022689,565.9583739082696,423.1356082972612,414.13655572107564,429.7681845704245,6.337e-5,4.28e-5,3.792e-5,6.309e-5,6.171e-5,5.308e-5
URY,URY.4_2,POTA,0.815771209819726,0.6988218976508388,0.5825582804144178,0.4673936152844082,0.3535378358383916,0.24122301107970168,964.4866581896845,1218.5434306200525,1190.7888895783422,889.8202691354645,870.8646111403624,903.8028744424643,8.458e-4,5.735e-4,4.892e-4,5.253e-4,4.06e-4,2.669e-4
URY,URY.5_2,POTA,0.013440974500170651,0.012048692371453349,0.010760715332010985,0.02788636602485096,0.02615891775039128,0.024175670577868506,109.8530555712949,138.78960176721773,135.62841637027972,101.34870673823099,99.18969610449666,102.9412968531678,1.224e-4,8.681e-5,7.934e-5,2.752e-4,2.637e-4,2.348e-4
URY,URY.6_2,POTA,0.08752533896713527,0.0748150935672063,0.06229589006850783,0.06038522102235837,0.048376210990521626,0.03651585432687846,316.55086705768105,399.93397133582494,390.82474835493684,292.0448669025902,285.8234952298487,296.63404996289705,2.765e-4,1.871e-4,1.594e-4,2.068e-4,1.693e-4,1.231e-4
URY,URY.7_2,POTA,0.06915110254346424,0.05798899358369053,0.04708788576057005,0.04839721772704266,0.04015459845660907,0.031792560144491326,437.17053094607076,552.32622869548,539.7459951169843,403.3266776698344,394.73469249327934,409.66453930240897,1.582e-4,1.05e-4,8.724e-5,1.2e-4,1.017e-4,7.761e-5
URY,URY.8_2,POTA,0.013414890910563516,0.012858416652179351,0.011190720703348698,0.011550210029826717,0.010104604614779678,0.009963534612327221,354.3973659602195,447.74966916643956,437.55135677393935,326.96145341349313,319.9962608870189,332.0993145212489,3.785e-5,2.872e-5,2.558e-5,3.533e-5,3.158e-5,3e-5
URY,URY.9_2,POTA,0.009401578155594253,0.00917969483187194,0.008360166055161152,0.010489623808295701,0.010259339192662956,0.009411558637021476,39.63747998759746,50.0784437349071,48.93781617332875,36.56891758006984,35.7898974577564,37.14356030148494,2.372e-4,1.833e-4,1.708e-4,2.868e-4,2.867e-4,2.534e-4
USA,USA.10_1,POTA,86.60724876481036,74.79689453788497,63.07556226875357,51.54532308480435,40.31096958916699,29.313888203962406,73033.7479658003,71750.3531519025,69909.76894704303,76638.32439731891,73072.35062948785,74439.78526950286,0.001186,0.001042,9.022e-4,6.726e-4,5.517e-4,3.938e-4
USA,USA.11_1,POTA,2.3395509781773494,2.2151624386992705,2.08224791721652,1.9203487141320223,1.7525975674195988,1.5835265474019835,4295.00655920763,4219.532010834111,4111.289979542671,4506.986360980741,4297.276724690832,4377.693530780291,5.447e-4,5.25e-4,5.065e-4,4.261e-4,4.078e-4,3.617e-4
USA,USA.13_1,POTA,49.42700884713225,43.16934857175033,38.35058223203233,32.20185576444872,26.316941562477385,20.54236323303856,95322.37233131964,93648.52254265938,91246.54801833355,100028.1218073338,95374.30389806099,97158.77070546108,5.185e-4,4.61e-4,4.203e-4,3.219e-4,2.759e-4,2.114e-4
USA,USA.14_1,POTA,28.34008572548658,24.972816975083514,21.484817217178314,17.9621817288527,14.416618471008416,10.891203024405312,7210.921614185564,7084.206778088107,6902.478347119938,7566.816235836269,7214.7330135687635,7349.745446537255,0.00393,0.003525,0.003113,0.002374,0.001998,0.001482
USA,USA.15_1,POTA,88.35673526631552,86.44904464803189,85.82447193798123,81.40862203766999,76.14739415311783,69.62377679655214,7878.8156226644605,7740.364134257763,7541.803551075494,8267.674114700714,7882.980043609696,8030.497673538368,0.01121,0.01117,0.01138,0.009847,0.00966,0.00867
USA,USA.16_1,POTA,12.058469960512465,12.049784627961186,12.357905645140898,11.867354176779436,11.504404540252395,10.619330500074543,410.1142667611394,402.9074817100255,392.57185109249855,430.35543281616617,410.33103645397586,418.0097393872574,0.0294,0.02991,0.03148,0.02758,0.02804,0.0254
USA,USA.17_1,POTA,5.616437421679122,5.273681505649257,4.782921836179532,4.310404885393112,3.854567149606519,3.3330536552600263,1846.6768104224182,1814.2258475805372,1767.6862099004966,1937.8194382196066,1847.6528885484606,1882.228819673706,0.003041,0.002907,0.002706,0.002224,0.002086,0.001771
USA,USA.18_1,POTA,1.8178090650377063,1.7349333561630709,1.6401054953252217,1.5234865655331213,1.4031200427791561,1.2669004702557747,803.3702917743086,789.2529652667668,769.006562598434,843.0205863322153,803.7949205802196,818.8366840981699,0.002263,0.002198,0.002133,0.001807,0.001746,0.001547
USA,USA.19_1,POTA,0.048514012587395204,0.052015804567451265,0.05018633688185779,0.05010614232316668,0.046399717178900526,0.04240037687511724,189.8760928466311,186.539471084365,181.75424580005412,199.24741649147953,189.97645361351786,193.5315655159054,2.555e-4,2.788e-4,2.761e-4,2.515e-4,2.442e-4,2.191e-4
USA,USA.1_1,POTA,13.641590791840194,12.796865369175396,12.08263555013205,11.060128276042892,10.074432417168557,9.052223396596872,1744.1403864232254,1713.4912579176817,1669.5357259105976,1830.2223349096278,1745.0622679730052,1777.7183762499776,0.007821,0.007468,0.007237,0.006043,0.005773,0.005092
USA,USA.20_1,POTA,32.46662460154371,30.14746913416462,27.558637602313706,24.696118612424172,22.0745721015906,19.58262141154738,29819.694685722807,29545.54591394606,28860.64672825549,31521.674351321395,30153.883901186484,30653.58357313372,0.001089,0.00102,9.549e-4,7.835e-4,7.321e-4,6.388e-4
USA,USA.21_1,POTA,0.43902151113390475,0.3664764399709861,0.3046193181451972,0.2459616658413019,0.19212208602481176,0.1466318293991017,1251.550150263367,1229.557126258448,1198.0157703466177,1313.320335967316,1252.2116686830614,1275.644849600841,3.508e-4,2.981e-4,2.543e-4,1.873e-4,1.534e-4,1.149e-4
USA,USA.22_1,POTA,5.571181311827118,5.849758534451298,6.043506674489111,5.75564001815434,5.268796202547536,4.847555582345323,2306.625858857953,2266.0923829332733,2207.961186868649,2420.469245494281,2307.845047312093,2351.032754212111,0.002415,0.002581,0.002737,0.002378,0.002283,0.002062
USA,USA.23_1,POTA,50.50274067680548,44.48508041664324,40.86357093905102,35.40002008259183,30.20454276995926,25.554071901238178,67992.77719831269,66799.10776372599,65085.86978000594,71349.60934033453,68030.1711508322,69302.9540447201,7.428e-4,6.66e-4,6.278e-4,4.961e-4,4.44e-4,3.687e-4
USA,USA.24_1,POTA,81.31678172972015,70.32009909214476,59.86044264968401,49.22774293061595,38.582099640295745,27.817424613096925,31546.30475304033,30998.28298337638,30204.94578625313,33109.10317498579,31571.045490467208,32160.212113678568,0.002578,0.002269,0.001982,0.001487,0.001222,8.65e-4
USA,USA.25_1,POTA,0.4587837876832022,0.4344902075061905,0.40705086461192724,0.37567304437517074,0.34228731451990424,0.3073407784224283,417.1046230419473,409.774999067076,399.26319866893175,437.69079772927813,417.3250875523178,425.13467320202386,0.0011,0.00106,0.00102,8.583e-4,8.202e-4,7.229e-4
USA,USA.26_1,POTA,53.640180388897825,45.522495099315634,37.864144574862344,30.751921827715854,24.240200423058074,18.314118817364076,15354.66793697683,15084.846084089491,14697.8803310941,16112.49669013542,15362.78378887974,15650.274235526158,0.003493,0.003018,0.002576,0.001909,0.001578,0.00117
USA,USA.27_1,POTA,14.695621731511814,12.50917472724203,10.345672720090201,8.232398831950153,6.178055146283684,4.154899941698127,1647.274483305433,1618.3275431876893,1576.8132093421941,1728.5756207131042,1648.1451654852642,1678.9876219225196,0.008921,0.00773,0.006561,0.004763,0.003748,0.002475
USA,USA.28_1,POTA,2.2217855337992094,2.0341543939473135,1.8641023695725067,1.6712737915634899,1.4570856730056663,1.2304527223245836,9615.933121111468,9446.955914790335,9204.616789239903,10090.526947401862,9621.01571159402,9801.057957981715,2.311e-4,2.153e-4,2.025e-4,1.656e-4,1.514e-4,1.255e-4
USA,USA.29_1,POTA,0,0,0,0,0,0,2.6421184617075895,2.595689499400369,2.5291032753130636,2.7725200664672287,2.6435149778832034,2.692984222009274,0,0,0,0,0,0
USA,USA.2_1,POTA,2.946903939133541,2.8925361756615597,2.7581092264662215,2.5929487110644787,2.4589230935135404,2.262202975544688,467.52848358724026,459.31277991739233,447.5302058857881,490.6033250124859,467.77560009596317,476.52928810264,0.006303,0.006298,0.006163,0.005285,0.005257,0.004747
USA,USA.30_1,POTA,0.1805372254607117,0.13634862351996543,0.10123806389023456,0.07980771160007383,0.06301114447890414,0.04621457735773443,30.496228769205736,29.96032991510109,29.191769098440485,32.00136838662143,30.51234783327824,31.083338652869777,0.00592,0.004551,0.003468,0.002494,0.002065,0.001487
USA,USA.31_1,POTA,7.360259672583412,6.936350676891232,6.156690501001225,5.392905890401519,4.589987711727312,4.041798203939488,1820.949517182367,1788.9506504691874,1743.0593876965063,1910.8223759009743,1821.911996909365,1856.0062275475047,0.004042,0.003877,0.003532,0.002822,0.002519,0.002178
USA,USA.32_1,POTA,1.226677581544791,1.0994023422152435,1.1731046617333376,1.0375024336213747,0.910876527573899,0.7942640092694351,727.1971043413445,714.4183408465527,696.0916420073124,763.087875613344,727.5814711037704,741.1970192344867,0.001687,0.001539,0.001685,0.00136,0.001252,0.001072
USA,USA.33_1,POTA,24.06199482490751,21.77457425195466,19.441244747322038,16.96839244539411,14.401491681937554,11.937530337123277,20118.700555187195,19769.329996789995,19263.413026219077,21115.49826440974,20134.646073721913,20510.357162532804,0.001196,0.001101,0.001009,8.036e-4,7.153e-4,5.82e-4
USA,USA.34_1,POTA,54.184524237773665,47.0315525306247,39.959020282757784,32.87079339289753,25.82546099828509,18.863737350400097,11419.05926031505,11218.396390854445,10930.615184298647,11982.64627352873,11425.094909813148,11638.897673930513,0.004745,0.004192,0.003656,0.002743,0.00226,0.001621
USA,USA.35_1,POTA,4.4102366874011345,3.7481920668512876,3.1770758811474136,2.5992128616745096,2.062523022547129,1.5286652739069764,18904.959434517485,18572.99575586202,18096.62176995245,19838.239405497818,18915.265488532325,19269.17145181342,2.333e-4,2.018e-4,1.756e-4,1.31e-4,1.09e-4,7.933e-5
USA,USA.36_1,POTA,1.1615355285186055,1.051630159476283,0.913128128262565,0.7738521177443383,0.6362691392286559,0.5119925507854685,1217.0422037416924,1195.6555750107082,1164.9838825500765,1277.109251729221,1217.685482666753,1240.4725600674076,9.544e-4,8.795e-4,7.838e-4,6.059e-4,5.225e-4,4.127e-4
USA,USA.37_1,POTA,5.327809195195242,5.110394787552289,4.825165480597236,4.518862078664596,4.165550088945076,3.8413036484922265,4295.808109731451,4220.319476009528,4112.0572441769045,4507.827471984577,4298.078698881604,4378.510512662473,0.00124,0.001211,0.001173,0.001002,9.692e-4,8.773e-4
USA,USA.38_1,POTA,109.08991465244772,93.43886842574975,79.06879570783913,65.84062363412387,54.469709240036416,43.89527217048534,125444.29324468125,123239.90746594933,120078.4815338715,131635.5891249095,125510.59798733136,127859.33232936874,8.696e-4,7.582e-4,6.585e-4,5.002e-4,4.34e-4,3.433e-4
USA,USA.39_1,POTA,68.11496975992962,58.63225922878278,49.36458292942916,40.03380942024469,30.792968327573934,21.69073243497872,8682.809991728887,8530.230210137188,8311.407496395923,9111.349579621818,8687.399371341862,8849.970449590763,0.007845,0.006873,0.005939,0.004394,0.003545,0.002451
USA,USA.3_1,POTA,0.09014146415340356,0.07705650755992918,0.06466557197187069,0.05306721711711205,0.042243260133320575,0.03197296612443979,665.2240265249937,653.5342928128175,636.7694290338388,698.0561201047283,665.5756368433473,678.0308428621663,1.355e-4,1.179e-4,1.016e-4,7.602e-5,6.347e-5,4.716e-5
USA,USA.41_1,POTA,0.0639201023139014,0.05578380007251524,0.047629493156232876,0.03950663123909291,0.031362527860922154,0.02316610766213684,10.238368448433352,10.058453418252409,9.800427782507379,10.7436825345146,10.243780032871125,10.43547633853218,0.006243,0.005546,0.00486,0.003677,0.003062,0.00222
USA,USA.42_1,POTA,0.00668851719495485,0.006018697287706922,0.005387861884925981,0.004768079959431721,0.00415286791467801,0.0035422257506648384,120.88584005239639,118.76155827146442,115.71501370831537,126.85215373742379,120.9497353824062,123.21312032127538,5.533e-5,5.068e-5,4.656e-5,3.759e-5,3.434e-5,2.875e-5
USA,USA.43_1,POTA,1.1429258938638622,1.0878905845855917,1.0248307026533652,0.9436909779062616,0.8616478249550932,0.7735268956307306,1061.7128046945688,1043.0557215604542,1016.2986144305703,1114.1135791233392,1062.273982827609,1082.1527773208984,0.001076,0.001043,0.001008,8.47e-4,8.111e-4,7.148e-4
USA,USA.44_1,POTA,10.399363005708542,9.195889343740928,8.026302391069246,6.8791456367064,5.709703809549732,4.551207402038767,43551.702768320196,42786.80479159443,41689.00346953823,45700.60191080137,43576.69719694733,44391.1335552877,2.388e-4,2.149e-4,1.925e-4,1.505e-4,1.31e-4,1.025e-4
USA,USA.45_1,POTA,0.006865805853528417,0.006474343372413269,0.006035936173710922,0.005597528975008574,0.005184204686279069,0.004744511184501191,201.01015401127404,197.477877544788,192.412053527886,210.93099860471122,201.11639978927673,204.87997834365245,3.416e-5,3.279e-5,3.137e-5,2.654e-5,2.578e-5,2.316e-5
USA,USA.46_1,POTA,0.25707484953905607,0.22490581470435175,0.20217255125264252,0.17448528692761184,0.14328085459627338,0.1124263820456119,182.25106055091516,201.47702081708758,202.86329949099982,211.9124605663275,210.93075575598934,209.08075767929444,0.001411,0.001116,9.966e-4,8.234e-4,6.793e-4,5.377e-4
USA,USA.47_1,POTA,16.526808588297996,13.894836660289595,11.426502720003949,9.046517224718515,6.774176570585545,4.68067204780717,3272.606688935014,3215.098392161401,3132.6227100535643,3434.1260038973132,3274.336455500653,3335.610535966715,0.00505,0.004322,0.003648,0.002634,0.002069,0.001403
USA,USA.48_1,POTA,91.55147042076163,81.63608091669215,71.89945754978748,61.18344674415829,50.83596905056573,40.51528649763758,383775.29647283093,377056.2478639963,367391.04348403815,402739.440013538,384009.86664879293,391189.57624865876,2.386e-4,2.165e-4,1.957e-4,1.519e-4,1.324e-4,1.036e-4
USA,USA.49_1,POTA,3.6528301874919302,3.534448510923606,3.3994233010879973,3.1857086906328567,2.9448789701185554,2.6699176360276202,548.7543303900084,539.1112752087749,525.2816610783726,575.8380688138375,549.0443795721076,559.3188855523418,0.006657,0.006556,0.006472,0.005532,0.005364,0.004774
USA,USA.4_1,POTA,0.04069605081594541,0.03897338532385746,0.037508680675183766,0.03538653640718804,0.033188506487048,0.03021025532501219,143.5823938467505,141.05927399103334,137.44073470514058,150.66889463927967,143.6582856504097,146.3466255550558,2.834e-4,2.763e-4,2.729e-4,2.349e-4,2.31e-4,2.064e-4
USA,USA.50_1,POTA,107.44238950429241,96.29170032327937,84.35149798518574,71.93323546838211,59.82135964865835,47.90677549368925,64852.439856623394,63712.81211877834,62078.41186175477,68053.2282968268,64886.71821416125,66100.97155894323,0.001657,0.001511,0.001359,0.001057,9.219e-4,7.248e-4
USA,USA.51_1,POTA,0,0,0,0,0,0,0.008787611929782153,0.008633190502820605,0.008411726588303093,0.009221324011301745,0.008792256703429821,0.008956790022484189,0,0,0,0,0,0
USA,USA.5_1,POTA,7.278681551505683,6.791748728705153,6.287484786377596,6.358387798119594,5.832973281906935,5.217558637869853,141694.1434277052,139204.2222132898,135633.26137992827,148687.42556229388,141769.11770729107,144422.06265494705,5.137e-5,4.879e-5,4.636e-5,4.276e-5,4.114e-5,3.613e-5
USA,USA.6_1,POTA,7.838243097684239,6.946171473329949,6.066897361933086,5.173735223366101,4.287340200926904,3.583274143463058,8081.962555242714,7939.9412415567185,7736.260983624302,8480.847352455716,8086.234351380047,8237.555567463853,9.698e-4,8.748e-4,7.842e-4,6.1e-4,5.302e-4,4.35e-4
USA,USA.7_1,POTA,0.054389378777401756,0.03393278148400016,0.024802195771976232,0.021019888045678784,0.019416492827318308,0.016867275019268203,264.3671451110894,259.7215198700101,253.05898364356432,277.41497035732385,264.5068788133436,269.45671093856953,2.057e-4,1.307e-4,9.801e-5,7.577e-5,7.341e-5,6.26e-5
USA,USA.8_1,POTA,0.013261816792302435,0.008702939411062463,0.005628562355785269,0.002684424987989452,8.405436314460474e-4,2.956763005789525e-4,1043.2278474615994,1024.895593586679,998.6043412329522,1094.7162978889944,1043.7792551993468,1063.3119498204046,1.271e-5,8.492e-6,5.636e-6,2.452e-6,8.053e-7,2.781e-7
UZB,UZB.10_1,POTA,0.17237735641398055,0.14932267412402037,0.12626799183406018,0.10321330954410006,0.08022695320292071,0.05716876701815129,1178.5948117948833,1231.7651114010453,1290.839928016268,1339.8896043815175,1393.4247609319054,1350.2910639732133,1.463e-4,1.212e-4,9.782e-5,7.703e-5,5.758e-5,4.234e-5
UZB,UZB.11_1,POTA,0.01799245349852839,0.01610559643535447,0.01432603647299941,0.01255395481517714,0.01078187315735487,0.00900979149953259,632.8420336189799,659.6242462383167,690.6332623278994,714.9046599805575,750.9755874333832,725.979678094199,2.843e-5,2.442e-5,2.074e-5,1.756e-5,1.436e-5,1.241e-5
UZB,UZB.12_1,POTA,0,0,0,0,0,0,20.55869583057848,21.486166413245574,22.516631823313006,23.37222474370419,24.306059670472365,23.553661520618277,0,0,0,0,0,0
UZB,UZB.13_1,POTA,9.064929993150458e-4,8.201603327136129e-4,7.3382766611218e-4,6.47494999510747e-4,5.611623329093141e-4,4.748296663078811e-4,66.05167547667759,69.0314844317463,72.34219866267915,75.09107662573383,78.09133316145899,75.6740028583618,1.372e-5,1.188e-5,1.014e-5,8.623e-6,7.186e-6,6.275e-6
UZB,UZB.14_1,POTA,0.2525444697577969,0.2131185711938105,0.17695064018711001,0.14253526144951628,0.11006216155171958,0.07916231614946584,2682.7642139388304,2783.737753529591,2906.6170480528112,2983.898171568832,3199.126206360004,3077.936333793369,9.414e-5,7.656e-5,6.088e-5,4.777e-5,3.44e-5,2.572e-5
UZB,UZB.1_1,POTA,0.032663322981326376,0.02872584774045371,0.024806796905601086,0.025135103492868717,0.021217924642543934,0.017206857801619985,2542.0634084472053,2646.5893450866934,2763.778962905511,2866.936457721074,2966.13437448787,2881.346300759415,1.285e-5,1.085e-5,8.976e-6,8.767e-6,7.153e-6,5.972e-6
UZB,UZB.3_1,POTA,0.01075490228145217,0.009856664467137975,0.008997238652037779,0.013154730645923606,0.01222159438769856,0.01143122316455887,510.0105116621728,533.018768135042,558.5820721193822,579.8072211608991,602.9733613058717,584.3082198716565,2.109e-5,1.849e-5,1.611e-5,2.269e-5,2.027e-5,1.956e-5
UZB,UZB.4_1,POTA,0.016153614290552995,0.01445594315280389,0.01275827201505479,0.011060600877305682,0.009371887432789399,0.0076921316815059225,560.3489342840627,585.6281230448752,613.7145444359169,637.0346317154365,662.4872873860107,641.9798823977549,2.883e-5,2.468e-5,2.079e-5,1.736e-5,1.415e-5,1.198e-5
UZB,UZB.6_1,POTA,0.02716643504547,0.02428620983687482,0.021545698519373522,0.018956211041033733,0.016408268691238525,0.013890561521920263,612.3155215412265,640.1472109830415,672.0802079298517,698.1836766113051,726.1204918322544,703.3959037796318,4.437e-5,3.794e-5,3.206e-5,2.715e-5,2.26e-5,1.975e-5
UZB,UZB.8_1,POTA,0.007163818466007889,0.006092361877530088,0.005102547999459479,0.003952720090037358,0.0029525130289154915,0.0019906428041504888,459.9029327954608,480.50843770043235,503.41695957071624,522.5198599882575,543.1820884999553,526.4662480906022,1.558e-5,1.268e-5,1.014e-5,7.565e-6,5.436e-6,3.781e-6
UZB,UZB.9_1,POTA,0.02754409994847322,0.025580284610705287,0.023805881919042423,0.02184328048275089,0.019880679046459356,0.017918077610167824,414.25541463184516,432.94384282533645,453.70760523658515,470.947706598732,489.76437561188334,474.6036372992688,6.649e-5,5.908e-5,5.247e-5,4.638e-5,4.059e-5,3.775e-5
VEN,VEN.11_1,POTA,0.0755368455979126,0.04861344798366593,0.025981260329740064,0.012752321395495808,0.00905974450103416,0.007177727326370663,1.1989866165285348,1.1989866165285348,1.1989866165285348,1.1989866165285348,1.1989866165285348,1.1989866165285348,0.063,0.04055,0.02167,0.01064,0.007556,0.005986
VEN,VEN.12_1,POTA,4.0787261892726105,3.777508125753438,3.40596244611701,3.0423449257712765,2.665167405429163,2.282293414800981,1086.2385680288778,1086.2385680288778,1086.2385680288778,1086.2385680288778,1086.2385680288778,1086.2385680288778,0.003755,0.003478,0.003136,0.002801,0.002454,0.002101
VEN,VEN.13_1,POTA,8.874640328218652,8.341746550412706,8.135977876558508,7.5876772265307215,6.962758937531144,6.251232837965049,16630.228933049646,16630.228933049646,16630.228933049646,16630.228933049646,16630.228933049646,16630.228933049646,5.336e-4,5.016e-4,4.892e-4,4.563e-4,4.187e-4,3.759e-4
VEN,VEN.15_1,POTA,55.185875663303705,48.646235192059315,42.847658435716426,39.05003540344826,34.54916790549386,30.42233847356018,7225.979698816976,7225.979698816976,7225.979698816976,7225.979698816976,7225.979698816976,7225.979698816976,0.007637,0.006732,0.00593,0.005404,0.004781,0.00421
VEN,VEN.16_1,POTA,0.8022863426504999,0.6511845564049791,0.5031944996421739,0.40312588333542915,0.35933368143122696,0.3172270198977332,69.7581844894171,69.7581844894171,69.7581844894171,69.7581844894171,69.7581844894171,69.7581844894171,0.0115,0.009335,0.007213,0.005779,0.005151,0.004548
VEN,VEN.17_1,POTA,0.03300889896032355,0.03301801660323287,0.03020601615484518,0.02751947346315508,0.02473240372282908,0.0219123611105505,238.9111754008201,238.9111754008201,238.9111754008201,238.9111754008201,238.9111754008201,238.9111754008201,1.382e-4,1.382e-4,1.264e-4,1.152e-4,1.035e-4,9.172e-5
VEN,VEN.19_1,POTA,2.67058433511813,2.352321490250192,2.045189380511227,1.7394011587453506,1.4372874485587606,1.1360742004498934,204.6596186862032,204.6596186862032,204.6596186862032,204.6596186862032,204.6596186862032,204.6596186862032,0.01305,0.01149,0.009993,0.008499,0.007023,0.005551
VEN,VEN.1_1,POTA,0,0,0,0,0,0,0.24597099747307896,0.24597099747307896,0.24597099747307896,0.24597099747307896,0.24597099747307896,0.24597099747307896,0,0,0,0,0,0
VEN,VEN.21_1,POTA,91.71927121973589,88.45802843195376,84.42174609707548,79.38906399144975,73.46005953073895,67.5463193802769,10754.623531097744,10732.079613417323,10677.049916514063,10713.99384653324,10650.211734094746,10674.440219190696,0.008528,0.008242,0.007907,0.00741,0.006898,0.006328
VEN,VEN.22_1,POTA,33.068822802185856,27.81840208890415,22.80092442585175,17.993447091904272,13.37742444871375,9.098472985233757,934.020693377365,934.020693377365,934.020693377365,934.020693377365,934.020693377365,934.020693377365,0.0354,0.02978,0.02441,0.01926,0.01432,0.009741
VEN,VEN.23_1,POTA,0.5793350047634135,0.47142581495153385,0.38206086595253,0.29879419507364113,0.22109249578586268,0.14469598125213057,1.0196298853620596,1.0196298853620596,1.0196298853620596,1.0196298853620596,1.0196298853620596,1.0196298853620596,0.5682,0.4623,0.3747,0.293,0.2168,0.1419
VEN,VEN.25_1,POTA,368.35325856590157,350.25564616308236,331.2236504697374,310.73001302762043,289.09767534438294,265.2915665907284,235847.13938059442,235844.69429439795,235838.7258396599,235842.73273387473,235835.81500267488,235838.44279502708,0.001562,0.001485,0.001404,0.001318,0.001226,0.001125
VEN,VEN.2_1,POTA,35.81915193205695,34.46451655208028,33.09700219308864,31.482594158423574,29.26410738472395,26.470072238204352,24072.420481200406,24072.420481200406,24072.420481200406,24072.420481200406,24072.420481200406,24072.420481200406,0.001488,0.001432,0.001375,0.001308,0.001216,0.0011
VEN,VEN.3_1,POTA,0.5155154678968545,0.48108363095972884,0.4788498213500983,0.4486034631189502,0.41239743365079323,0.4061643470272968,316.7285751262805,316.5825179939439,316.22599257378494,316.4653442495822,316.0521138355434,316.2090849132478,0.001628,0.00152,0.001514,0.001418,0.001305,0.001284
VEN,VEN.4_1,POTA,6.629148032858552,5.700754186192926,4.77750868012991,3.8667977966517864,2.968379901195228,2.071802050001925,8.408513650381732,8.408513650381732,8.408513650381732,8.408513650381732,8.408513650381732,8.408513650381732,0.7884,0.678,0.5682,0.4599,0.353,0.2464
VEN,VEN.5_1,POTA,56.1425331760805,54.474820303693676,52.72396771920817,50.25985243460907,48.179058180492234,44.95197751657152,26611.989025309078,26611.989025309078,26611.989025309078,26611.989025309078,26611.989025309078,26611.989025309078,0.00211,0.002047,0.001981,0.001889,0.00181,0.001689
VEN,VEN.6_1,POTA,13.703652336514669,13.203371392197925,12.493701953023828,11.805854936643746,11.177620165002304,10.21984127404688,5145.6655898309655,5145.6655898309655,5145.6655898309655,5145.6655898309655,5145.6655898309655,5145.6655898309655,0.002663,0.002566,0.002428,0.002294,0.002172,0.001986
VEN,VEN.8_1,POTA,1.8700210455615893,1.1799971918193637,0.6854032876516216,0.3296604422181516,0.09550161520857575,0.017252363716256235,19.134464227084152,19.134464227084152,19.134464227084152,19.134464227084152,19.134464227084152,19.134464227084152,0.09773,0.06167,0.03582,0.01723,0.004991,9.016e-4
VNM,VNM.14_1,POTA,9.391910604689407,9.255610082719004,9.42355107089495,8.992587794038249,8.46270314497935,7.807803891519764,19042.031313002746,20957.786060164162,21551.02441416123,22069.775619048276,22962.669468520402,22150.928401446323,4.932e-4,4.416e-4,4.373e-4,4.075e-4,3.685e-4,3.525e-4
VNM,VNM.15_1,POTA,0.46678230780587443,0.274150683044359,0.16315365787839273,0.07613798139233924,0.02391454016813445,0.01006780719285305,2.9268698316094435,3.2214020381049715,3.3126304562031677,3.392378017664111,3.5296475978447512,3.4048484818661846,0.1595,0.0851,0.04925,0.02244,0.006775,0.002957
VNM,VNM.20_1,POTA,48.35863978066249,45.92619179170801,42.516257366999675,39.28903521765152,35.871765032967296,32.44747840086579,20697.076927843165,22779.554986753083,23424.555662175015,23988.414895116242,24958.980620957787,24076.593884644513,0.002336,0.002016,0.001815,0.001638,0.001437,0.001348
VNM,VNM.21_1,POTA,7.27114908903409,6.3638705731458085,5.528973793836767,4.809986113317093,4.24980620181759,3.8545952000806656,2486.185863656416,2736.3718474239467,2813.8644646185935,2881.604839617179,2998.2064342864896,2892.1976891787117,0.002925,0.002326,0.001965,0.001669,0.001417,0.001333
VNM,VNM.22_1,POTA,0.15960370451874484,0.1405256408281899,0.1210962176206223,0.10433441207240562,0.08458373364333498,0.07184306011099374,202.66993413575088,223.06469930317954,229.38177472880687,234.90386281561763,244.40904014656655,235.76737513556478,7.875e-4,6.3e-4,5.279e-4,4.442e-4,3.461e-4,3.047e-4
VNM,VNM.23_1,POTA,0.0379264857697527,0.032805120284289314,0.027693282076972255,0.02258669591537823,0.017543009330302985,0.012433291024964788,60.58033015317914,66.67655558744518,68.56480071131593,70.21541514932063,73.05661990585698,70.4735287252529,6.261e-4,4.92e-4,4.039e-4,3.217e-4,2.401e-4,1.764e-4
VNM,VNM.26_1,POTA,17.23365482346014,16.57127078714857,15.71104794761473,14.776998170213648,13.750224547030744,12.64352407084563,18825.31055108807,20700.68218071433,21275.363995932992,21784.873874956265,22660.497437989976,21865.952541351275,9.155e-4,8.005e-4,7.385e-4,6.783e-4,6.068e-4,5.782e-4
VNM,VNM.27_1,POTA,0.9314354387130291,0.8230581901259059,0.7158565562157788,0.6051410474988665,0.49589116148070367,0.38935661659686666,1002.8461460682794,1103.7629975753407,1135.020987429769,1162.345241418022,1209.3785149752773,1166.6180508302036,9.288e-4,7.457e-4,6.307e-4,5.206e-4,4.1e-4,3.337e-4
VNM,VNM.28_1,POTA,0.10784492202827288,0.09258262252438594,0.07754655388854081,0.0625945376054759,0.049109518343261445,0.03734962331671552,58.33277036371619,64.20282286166919,66.02101317067957,67.61038900814536,70.34618368275781,67.85892644454664,0.001849,0.001442,0.001175,9.258e-4,6.981e-4,5.504e-4
VNM,VNM.30_1,POTA,5.407964800020141,5.050381110420604,4.619750612231949,4.128763041999205,3.7029285233720857,3.3217537016573626,3984.9823295521815,4385.99286500305,4510.201885215745,4618.779526699716,4805.674360729317,4635.758272713592,0.001357,0.001151,0.001024,8.939e-4,7.705e-4,7.166e-4
VNM,VNM.31_1,POTA,0.012922530825077192,0.010702704208016289,0.00905582860721873,0.007631480631710144,0.006207132656201565,0.004782784680692976,90.30865893214448,99.3964592482625,102.21131490257723,104.67192837122829,108.90738550171342,105.05670492882847,1.431e-4,1.077e-4,8.86e-5,7.291e-5,5.699e-5,4.553e-5
VNM,VNM.34_1,POTA,10.176691161554556,8.190177913737529,6.351089787120881,4.835006071324158,3.724416207199674,3.128304583728393,389.66678886639204,428.86707475311846,441.00897296178636,451.6228451940774,469.89251712794686,453.2825813827882,0.02612,0.0191,0.0144,0.01071,0.007926,0.006901
VNM,VNM.35_1,POTA,13.188752136351464,13.177065479763423,13.479072389891597,12.752403922269325,11.897906165813692,11.191864762221925,6815.311503621141,7500.585359513698,7712.661731058486,7898.2570154665045,8217.681762356584,7927.3202246706605,0.001935,0.001757,0.001748,0.001615,0.001448,0.001412
VNM,VNM.36_1,POTA,7.180794639212124,6.4127146875141845,5.709053739104657,5.072615539225383,4.455945358233664,3.947897967298579,4989.8750306738675,5491.464314433033,5646.649445122729,5782.509378555781,6016.3253289533905,5803.794528803351,0.001439,0.001168,0.001011,8.772e-4,7.406e-4,6.802e-4
VNM,VNM.37_1,POTA,2.4368370307698637,1.7009029836644138,1.1155359767137665,0.6123169397310588,0.25202293653095725,0.12599829004241328,258.2057287532843,284.18908551147393,292.2371715328126,299.27242708156984,311.38222151226694,300.372559811223,0.009438,0.005985,0.003817,0.002046,8.094e-4,4.195e-4
VNM,VNM.38_1,POTA,5.261363155580649,4.751776025663107,4.2572373824809855,3.799335198036373,3.363720958398123,3.0006649658406594,10730.513214896337,11807.889265053836,12140.801167013406,12432.733979686252,12935.059215823554,12478.564866943287,4.903e-4,4.024e-4,3.507e-4,3.056e-4,2.6e-4,2.405e-4
VNM,VNM.3_1,POTA,0.3341687078536122,0.31520527015020017,0.3443320452025569,0.3317402280164459,0.3127557006674197,0.2868383420932406,548.9887323877205,604.2337114930689,621.3452936579392,636.3034281826241,662.0508843916092,638.6424950795,6.087e-4,5.217e-4,5.542e-4,5.214e-4,4.724e-4,4.491e-4
VNM,VNM.40_1,POTA,0.019234235084943974,0.016016290010560763,0.01340998381783032,0.010834789891697965,0.008683122028676084,0.006926466543120211,99.36049035046956,109.35918046826997,112.45617516828705,115.16342122529959,119.82340734755617,115.58676476611384,1.936e-4,1.465e-4,1.192e-4,9.408e-5,7.247e-5,5.992e-5
VNM,VNM.41_1,POTA,8.032620199206018,5.6259618646022185,3.6723631236337586,2.09246272939397,1.0424685805088902,0.6028417241926286,199.00735784273334,218.98577926477924,225.17389636110101,230.5832551854014,239.8943914917047,231.4291395527578,0.04036,0.02569,0.01631,0.009075,0.004346,0.002605
VNM,VNM.42_1,POTA,0.3045243896431918,0.26772646411994694,0.24283016970493299,0.20973114604222426,0.17256636466378739,0.1394329790650342,440.4756874203294,484.8009507861434,498.5302597359628,510.53177123990577,531.1899884380102,512.4084984631448,6.914e-4,5.522e-4,4.871e-4,4.108e-4,3.249e-4,2.721e-4
VNM,VNM.43_1,POTA,0.22158205165056868,0.17083800203818794,0.12043829090931137,0.07511590889450438,0.045321554774919615,0.0352784038101646,24.735132492604237,27.224239822327842,27.995216031921938,28.66916691193558,29.829239429101538,28.774555467638084,0.008958,0.006275,0.004302,0.00262,0.001519,0.001226
VNM,VNM.44_1,POTA,6.49592975143414,6.460183185692,6.170646184590291,5.79617944304739,5.35188279859387,4.901214114378121,3577.160063024732,3937.131263305615,4048.6287581068577,4146.094586242041,4313.8626416530815,4161.335730904258,0.001816,0.001641,0.001524,0.001398,0.001241,0.001178
VNM,VNM.45_1,POTA,0.18248230296243312,0.17708960822460498,0.16980598453281442,0.15952673962216102,0.14725532257909035,0.13369500997430656,42.53595436993346,46.81636628325744,48.14218125034541,49.30114588853395,51.29607321187613,49.48237810137192,0.00429,0.003783,0.003527,0.003236,0.002871,0.002702
VNM,VNM.46_1,POTA,0.4476821225460442,0.27197513687886865,0.14836090010133582,0.0667725422581127,0.019961408135995087,0.00308556733055022,2.220504903954662,2.443955295165355,2.513166828790572,2.5736682728213367,2.6778094862989783,2.583129140064643,0.2016,0.1113,0.05903,0.02594,0.007454,0.001195
VNM,VNM.47_1,POTA,5.3065179220999585,4.816879929346703,4.206903387747864,3.655308107658519,3.2134502931139117,2.88611452209971,361.58910886341397,397.94054027464426,409.2000341775698,419.04255036672686,435.9844861507874,420.5816663415183,0.01468,0.0121,0.01028,0.008723,0.007371,0.006862
VNM,VNM.48_1,POTA,5.298861539715753,4.031425802747893,2.8233223286999163,1.7798156990373069,1.131464433646047,0.9067336626539212,106.57489404449444,117.29957279889307,120.62143524991833,123.5252500425063,128.52359018229973,123.97933186967481,0.04972,0.03437,0.02341,0.01441,0.008804,0.007314
VNM,VNM.49_1,POTA,8.259033279216228,7.833799257100351,7.686951618963158,7.126419557383034,6.896163968835695,6.89834945887625,2082.383941632897,2291.8629524785447,2356.723477907003,2413.44861067005,2511.0843554287108,2422.324289744643,0.003966,0.003418,0.003262,0.002953,0.002746,0.002848
VNM,VNM.4_1,POTA,17.262573655291142,16.58640652348193,16.197098821036203,15.047486897638207,13.811439853620339,12.631242039057293,7911.30186175138,8707.419669393174,8954.009232806731,9169.566147788897,9540.604542977027,9203.273696239903,0.002182,0.001905,0.001809,0.001641,0.001448,0.001372
VNM,VNM.50_1,POTA,5.759725269938581,5.016928562534276,4.2412331460593435,3.5377037862609386,3.028745680321275,2.70898371508735,340.9595295847021,374.96853103644014,385.5024805846312,394.7107602691111,410.5609839413862,396.15069799340404,0.01689,0.01338,0.011,0.008963,0.007377,0.006838
VNM,VNM.52_1,POTA,55.89423610536259,48.751630179745625,41.965462751391485,35.97453456557796,30.20095646121595,25.97030171170977,32953.61756248445,36269.55035354841,37296.62751651155,38194.44971803622,39739.87222904938,38334.845981179926,0.001696,0.001344,0.001125,9.419e-4,7.6e-4,6.775e-4
VNM,VNM.54_1,POTA,0.40435713636226756,0.34740926922946325,0.30062241214799906,0.24537342843132087,0.21050094298277935,0.1927567797687273,20.803272725224236,22.89671526643874,23.545138247703996,24.111958901060945,25.087628021202377,24.2005950491411,0.01944,0.01517,0.01277,0.01018,0.008391,0.007965
VNM,VNM.55_1,POTA,0.055082805507341334,0.04689324954744283,0.039804923664892904,0.03274318081695295,0.025790915785084863,0.0189806611179042,201.74869401892607,222.05075438568673,228.33911542243388,233.83610275073352,243.29807411375162,234.69568995868067,2.73e-4,2.112e-4,1.743e-4,1.4e-4,1.06e-4,8.087e-5
VNM,VNM.56_1,POTA,2.132939575175313,1.9527262175725082,1.74591600547435,1.4519947933947515,1.2356831631329375,1.1104249078604345,1763.854410284528,1941.3518602180288,1996.3299278683073,2044.3891502065192,2127.1135514711927,2051.9043745064077,0.001209,0.001006,8.746e-4,7.102e-4,5.809e-4,5.412e-4
VNM,VNM.57_1,POTA,3.7494084136362913,3.1789317443225755,2.700260728459848,2.324161404527439,1.9965831696249818,1.7186416885894689,1497.8131460723914,1648.5356221764448,1695.220408300249,1736.0300367944292,1806.2757028448889,1742.4116113769426,0.002503,0.001928,0.001593,0.001339,0.001105,9.864e-4
VNM,VNM.5_1,POTA,0.004892390216603906,0.003830971757591149,0.003056866952494074,0.0024546173499272036,0.001852367747360324,0.0012501181447934439,84.78286525354335,93.314602506241,95.95722316377126,98.26727695728896,102.24357552519145,98.62850986032932,5.77e-5,4.105e-5,3.186e-5,2.498e-5,1.812e-5,1.268e-5
VNM,VNM.60_1,POTA,48.772543278288566,49.327719627587854,50.11620128583341,50.08280881601096,47.88857753688506,44.32994241702361,1140.1296107765836,1254.8613580945917,1290.3983743618521,1321.4631505356704,1374.934989745123,1326.3208812565115,0.04278,0.03931,0.03884,0.0379,0.03483,0.03342
VNM,VNM.62_1,POTA,0.6271029529092452,0.5425751174829679,0.4584438474090703,0.37432951229738404,0.2927065686689821,0.21492287749012037,619.225527790274,681.5384667015813,700.8392790357135,717.7111348669263,746.7526820238646,720.349458475965,0.001013,7.961e-4,6.541e-4,5.216e-4,3.92e-4,2.984e-4
VNM,VNM.63_1,POTA,14.117331477522542,13.674449201626357,12.84746059220947,11.793027886601488,10.689846521343833,9.852869945083368,7108.359337133194,7823.676683165513,8045.239108182415,8238.91848435501,8572.299043833067,8269.204949332665,0.001986,0.001748,0.001597,0.001431,0.001247,0.001192
VNM,VNM.8_1,POTA,0.8284810228259197,0.5238146266765532,0.2766096293906236,0.10937335207237642,0.033591919750962325,0.009595180675453015,88.00005210381974,96.85553629308657,99.59843434044377,101.99614587784299,106.12332983310733,102.37108619383847,0.009415,0.005408,0.002777,0.001072,3.165e-4,9.373e-5
XAD,XAD.2_1,POTA,0,0,0,0,0,0,150.24174450001044,161.85163115597555,139.253232059435,131.06090358811318,133.67721607396442,134.62510063693736,0,0,0,0,0,0
XCA,NA,POTA,7.386241181815241e-4,6.608742110045217e-4,5.831243038275191e-4,5.053743966505165e-4,4.27624489473514e-4,3.4987458229651143e-4,51.06870406607453,47.6783379146384,49.20872775715388,50.122505164098285,48.07230765215894,48.687305295972045,1.446e-5,1.386e-5,1.185e-5,1.008e-5,8.895e-6,7.186e-6
XKO,XKO.1_1,POTA,0.01489375942144686,0.01260241181814735,0.01031106421484783,0.00801971661154831,0.00572836900824879,0.00343702140494927,6.381881362423981,6.48143316321727,6.5768536644303515,6.8651733064059215,6.956194599520567,6.87934163003126,0.002334,0.001944,0.001568,0.001168,8.235e-4,4.996e-4
XKO,XKO.3_1,POTA,0,0,0,0,0,0,0.9970765983476877,0.9204378799129016,0.7854385246608195,0.8991269278507916,0.9131229192364334,0.8789628324843692,0,0,0,0,0,0
XKO,XKO.4_1,POTA,0.29377471221215584,0.2677898528275872,0.2418049934430185,0.21770555379841977,0.19162400622205783,0.16554245864569583,3.736311818461361,3.4491261098466524,2.9432475370781335,3.369268291315685,3.421715002142029,3.293708050556855,0.07863,0.07764,0.08216,0.06462,0.056,0.05026
XKO,XKO.5_1,POTA,0.0193280432583814,0.01675097082393054,0.01417389838947969,0.01159682595502883,0.00901975352057798,0.00644268108612713,0.2568423163855089,0.2371005372682106,0.20232532825121582,0.23161093466287072,0.23521623725803442,0.22641675703367692,0.07525,0.07065,0.07005,0.05007,0.03835,0.02845
XKO,XKO.7_1,POTA,0.01035818217363527,0.00936912336378921,0.00838006455394315,0.00739100574409709,0.00660528907474514,0.00560580246282246,3.8788947973594343,3.605944743660039,3.9482803815046044,3.6934989229599844,4.030440132441818,3.927882724325071,0.00267,0.002598,0.002122,0.002001,0.001639,0.001427
YEM,YEM.12_1,POTA,0,0,0,0,0,0,10.23078088451602,14.65088311376078,13.324455993002136,13.524790772766954,13.190660617867115,13.54279513131736,0,0,0,0,0,0
YEM,YEM.2_1,POTA,0,0,0,0,0,0,29.944037492868596,42.88104673672149,38.99878360510975,39.585134952491494,38.60718361145932,39.637831143872575,0,0,0,0,0,0
YEM,YEM.5_1,POTA,0,0,0,0,0,0,2.957778864570474,4.235656389314222,3.852178515292821,3.9100964771879454,3.8134974862278193,3.915301643029307,0,0,0,0,0,0
Z01,Z01.14_1,POTA,0.014234839549412872,0.012815272942329571,0.011407192615165318,0.010474213058516195,0.009166376148622894,0.008097587612076323,138.1034242525526,165.83957719019236,199.07894916352572,210.52074220388252,207.6884045600064,205.35437715701244,1.031e-4,7.728e-5,5.73e-5,4.975e-5,4.414e-5,3.943e-5
Z06,Z06.1_1,POTA,2.7567082198116592e-6,2.5169944615671673e-06,2.2772807033226753e-6,2.0375669450781833e-6,1.7978531868336913e-6,1.558139428589199e-6,125.81513637986866,162.26449628359873,219.2116286238771,229.79227673228633,232.93994538230208,227.34148678657849,2.191e-8,1.551e-8,1.039e-8,8.867e-9,7.718e-9,6.854e-9
Z07,Z07.3_1,POTA,88.42038329374323,84.01325282951176,79.56115443681905,73.28886557209248,66.72780937170967,59.48517923463128,6609.018023005626,7380.291863789244,7645.048927359089,8184.825279469274,7764.5025147305805,7825.42684294518,0.01338,0.01138,0.01041,0.008954,0.008594,0.007602
ZAF,ZAF.1_1,POTA,5.590075342379227,5.703400629001379,5.402985626815043,5.0898211354349705,4.715827886433544,4.452009974990435,5375.408282577905,5226.647167656478,5099.644281519368,4864.865259541691,5283.477550668754,5107.748605150968,0.00104,0.001091,0.001059,0.001046,8.926e-4,8.716e-4
ZAF,ZAF.2_1,POTA,0.11695757282051165,0.08494941483020683,0.06915907200411575,0.056522425889740324,0.046103991744092986,0.0386538667968334,4212.007480900932,4101.438603126535,4006.5092478244005,3829.180702957884,4144.275756319467,4012.1172204935137,2.777e-5,2.071e-5,1.726e-5,1.476e-5,1.112e-5,9.634e-6
ZAF,ZAF.3_1,POTA,3.4469617865698172,3.034596702733859,2.616359133482036,2.1833802334655465,1.7756125207175892,1.3392811751547278,98218.50921520477,95500.37243959836,93179.79817125028,88889.9574147092,96538.76714455236,93327.87893897043,3.509e-5,3.178e-5,2.808e-5,2.456e-5,1.839e-5,1.435e-5
ZAF,ZAF.4_1,POTA,18.884444447932086,16.706606152390176,14.466172647674345,12.223671767469563,10.029564295073355,7.946658998358976,43229.00155319184,42032.832919154636,41011.61935195563,39123.79199755618,42489.79858290023,41076.78515642898,4.368e-4,3.975e-4,3.527e-4,3.124e-4,2.36e-4,1.935e-4
ZAF,ZAF.5_1,POTA,0.056772674420907054,0.04596445262875988,0.0377656544823985,0.0327299770209329,0.025555487662676842,0.02097575499422914,68.6775623906928,52.565315066470376,62.14489316281717,69.21958999313145,77.62181773095911,72.28319148675166,8.267e-4,8.744e-4,6.077e-4,4.728e-4,3.292e-4,2.902e-4
ZAF,ZAF.6_1,POTA,0.6716786074510964,0.6010048038409719,0.5282150226322335,0.4533597029693664,0.38296794326384925,0.31735023846797233,5954.700741609536,5790.189823096455,5649.741969595649,5390.108551484565,5853.048746683691,5658.710475634109,1.128e-4,1.038e-4,9.349e-5,8.411e-5,6.543e-5,5.608e-5
ZAF,ZAF.7_1,POTA,0.8553026326236389,0.7333925858720977,0.6128663412795453,0.4925993975043217,0.3728347182727356,0.2625136000677247,1235.962428252728,1201.757927495902,1172.556295886201,1118.5737892625632,1214.8249042719808,1174.4197180478443,6.92e-4,6.103e-4,5.227e-4,4.404e-4,3.069e-4,2.235e-4
ZAF,ZAF.8_1,POTA,0.004345491012264658,0.003917196624720845,0.0035176146015312316,0.003100928554082248,0.0027096655886184994,0.0023444704338323828,467.77851211731604,454.833029776115,443.7809909376193,423.350062568322,459.77852053905855,444.4862449854642,9.29e-6,8.612e-6,7.926e-6,7.325e-6,5.893e-6,5.275e-6
ZAF,ZAF.9_1,POTA,1.298795932639136,1.140816012115767,0.975726634406578,0.8770595127417246,0.7686758526195007,0.7431675855699447,16576.321289451895,16117.581802758978,15725.93887358471,15001.943170237157,16292.831502557094,15750.93043986006,7.835e-5,7.078e-5,6.205e-5,5.846e-5,4.718e-5,4.718e-5
ZMB,ZMB.10_1,POTA,0.21213007433174894,0.14521975825445127,0.09018179163736131,0.05030626409998362,0.020733788940524547,0.007380372329192421,0.4666046406156919,0.4561954583371334,0.45647900939772945,0.45999410918346767,0.4579972661958821,0.4581759010300305,0.4546,0.3183,0.1976,0.1094,0.04527,0.01611
ZMB,ZMB.1_1,POTA,8.881029073546799,8.623812575697666,8.088681322837276,7.566006018357477,6.935363023910766,6.243248032292161,15833.250220614967,12346.406702634295,10370.686638657588,12885.833144537088,6765.952885648338,8803.204250076687,5.609e-4,6.985e-4,7.8e-4,5.872e-4,0.001025,7.092e-4
ZMB,ZMB.2_1,POTA,22.912812701799155,20.999585713510644,18.95444441393546,16.81213429272392,14.642254101513732,12.328027567599888,163.25857503061226,132.20773021556258,114.88110869909413,137.83608760068816,83.60839666088303,101.55517871952372,0.1403,0.1588,0.165,0.122,0.1751,0.1214
ZMB,ZMB.3_1,POTA,3.8541286799439365,3.6429371201776632,3.3217981944287294,2.9865268164636536,2.6319863539393973,2.2552051631873904,3936.6056834432643,3795.067535937283,3761.207309902042,4107.657230777866,3838.000529034391,3879.63017961896,9.79e-4,9.599e-4,8.832e-4,7.271e-4,6.858e-4,5.813e-4
ZMB,ZMB.4_1,POTA,0.20135830448107894,0.17780606240930816,0.1538857858430878,0.1328360122257032,0.11308609432022346,0.09327106332027944,12.88861985089633,12.209708983459253,11.94283238585023,12.678003323104143,11.605674790878014,11.916341940396961,0.01562,0.01456,0.01289,0.01048,0.009744,0.007827
ZMB,ZMB.5_1,POTA,6.861086755156267,6.615205867843813,6.062151526226516,5.486269024106988,4.8516009855619995,4.163237957216264,14920.578351550448,11633.104622941355,9770.263287038324,12141.41513218676,6371.36618148656,8292.196713590183,4.598e-4,5.687e-4,6.205e-4,4.519e-4,7.615e-4,5.021e-4
ZMB,ZMB.6_1,POTA,3.226404414838626,3.214103271540633,3.1327181690722785,3.010521470189797,2.79675225619095,2.5158021298615854,1196.2218336119345,1200.7478163404048,1164.0460967775093,1260.8684550002677,1138.6335592590965,1169.9153144811048,0.002697,0.002677,0.002691,0.002388,0.002456,0.00215
ZMB,ZMB.7_1,POTA,37.84862452385711,38.46518427446375,37.82309168536795,36.25330634554896,34.18861817554756,31.007775065687152,1459.0396798659328,1139.446791879973,958.4525190264212,1189.1783941907156,628.3448457784187,815.0042313422471,0.02594,0.03376,0.03946,0.03049,0.05441,0.03805
ZMB,ZMB.8_1,POTA,10.869649395035125,11.452024089474664,11.798879488427081,11.657672482922024,11.022676942339643,10.136419974893577,1028.3548129683297,805.0401037467659,657.476836070844,819.281552220699,466.99822173444727,580.5062673267616,0.01057,0.01423,0.01795,0.01423,0.0236,0.01746
ZMB,ZMB.9_1,POTA,1.8838927993166865,1.7340160816420396,1.5358001652369409,1.3746318695141293,1.2380060605464998,1.1198396472637149,2643.1529139704276,2061.2246070421534,1731.5050068344008,2151.2117684342943,1129.9114629257915,1469.896866722786,7.127e-4,8.413e-4,8.87e-4,6.39e-4,0.001096,7.618e-4
ZNC,ZNC.1_1,POTA,0.0010225127287114,7.585005267717777e-4,6.819415851721804e-4,6.0538264357258e-4,5.288237019729857e-4,4.522647603733883e-4,141.0782334913867,151.980012526964,130.75992995348815,123.06726615514415,125.52400509273902,126.41407649162355,7.248e-6,4.991e-6,5.215e-6,4.919e-6,4.213e-6,3.578e-6
ZNC,ZNC.3_1,POTA,0.02793575219119237,0.025872848249034318,0.023878324235840614,0.022013763171507928,0.020126967494746642,0.01829027260268024,5255.528041356543,5661.647426354708,4871.144623442787,4584.57305740887,4676.092918816907,4709.25037393866,5.315e-6,4.57e-6,4.902e-6,4.802e-6,4.304e-6,3.884e-6
ZWE,ZWE.10_1,POTA,0.8726498406745234,0.7658415627040137,0.639675836529838,0.5298633009528151,0.43643816522967954,0.3743656734567184,176.78805790374457,133.5700777678973,159.4199842370282,178.8074140888764,200.85719701481585,186.72930013861696,0.004936,0.005734,0.004013,0.002963,0.002173,0.002005
ZWE,ZWE.1_1,POTA,0.005311964332817481,0.003813482191168909,0.0025310814378051937,0.001451778858971682,8.095256566882565e-4,6.663232855864789e-4,0.06295891454390139,0.047567845993251257,0.05677368303708579,0.0636780608199617,0.07153057311862412,0.066499254472667,0.08437,0.08017,0.04458,0.0228,0.01132,0.01002
ZWE,ZWE.2_1,POTA,0.011472445664917768,0.010036077311431508,0.00858066494253535,0.007250623735838595,0.006092981536047137,0.0048232898094522445,64.31344396974771,48.59124430926028,57.99514031354156,65.04806231675252,73.06951747366485,67.92995253397586,1.784e-4,2.065e-4,1.48e-4,1.115e-4,8.339e-5,7.1e-5
ZWE,ZWE.3_1,POTA,3.5999988954429436,3.0433895038276533,2.492620284691516,1.9722648498326176,1.4974019209365974,1.053754410944344,2905.89606985353,2199.0160880882604,2622.4298655273305,2940.50833646639,3302.033644400808,3070.384683813525,0.001239,0.001384,9.505e-4,6.707e-4,4.535e-4,3.432e-4
ZWE,ZWE.4_1,POTA,1.3779856720599948,1.0831679155606644,0.8128818804710956,0.5898252315719962,0.405255174434845,0.2803785126387877,1034.2635980163902,781.5097771289524,932.7037234737485,1046.1116771702648,1175.0876124421227,1092.4489782040487,0.001332,0.001386,8.715e-4,5.638e-4,3.449e-4,2.567e-4
ZWE,ZWE.5_1,POTA,1.067803757485131,0.9155137697076494,0.7642471220609043,0.6196399177778471,0.48263503111141176,0.3531956113228343,51.925983462310484,39.23204842835966,46.82465299528801,52.519106420484285,58.99554310481768,54.845913609197815,0.02056,0.02334,0.01632,0.0118,0.008181,0.00644
ZWE,ZWE.6_1,POTA,2.6374888516424133,2.106846732553281,1.602861123426592,1.1797789609302798,0.8106241261178114,0.600383341168306,797.627694812247,602.6379524113989,719.2668783273749,806.738572764357,906.2222015505465,842.4803292118439,0.003307,0.003496,0.002228,0.001462,8.945e-4,7.126e-4
ZWE,ZWE.7_1,POTA,1.0936942238477199,1.0518567580039178,1.044853924947565,0.958893734193357,0.8842659232610176,0.8159855217882683,3637.6535425109664,2748.529413379838,3280.3649975422586,3679.2630387315016,4132.929627306893,3842.252673930608,3.007e-4,3.827e-4,3.185e-4,2.606e-4,2.14e-4,2.124e-4
ZWE,ZWE.8_1,POTA,0.35085202410702815,0.33331046731867214,0.29841094973677795,0.26417515327948227,0.23536723697943526,0.21265394334298365,7.6168379908032104,5.7548097696225105,6.868541952596027,7.7038410898261676,8.65384657249685,8.045152167836486,0.04606,0.05792,0.04345,0.03429,0.0272,0.02643
ZWE,ZWE.9_1,POTA,0.1694233604850933,0.15235270639505183,0.13067421065977336,0.10954982116200804,0.08841717779149222,0.06821793766905494,65.96790183773045,49.858360031124676,59.5320536624401,66.76765166042188,74.98124335651572,69.71456846389337,0.002568,0.003056,0.002195,0.001641,0.001179,9.785e-4
